frame,body_part,color_x,color_y,x_m,y_m,h_m,confidence,valid
0,left_shoulder,,,,,,0.0067,True
0,left_toe_tip,,,,,,0.0159,True
0,right_shoulder,,,,,,0.0043,True
0,right_toe_tip,,,,,,0.0224,True
1,left_shoulder,,,,,,0.0089,False
1,left_toe_tip,,,,,,0.012,False
1,right_shoulder,,,,,,0.0097,False
1,right_toe_tip,,,,,,0.0239,True
2,left_shoulder,,,,,,0.0071,True
2,left_toe_tip,,,,,,0.0245,True
2,right_shoulder,,,,,,0.0073,True
2,right_toe_tip,,,,,,0.0237,True
3,left_shoulder,,,,,,0.008,True
3,left_toe_tip,,,,,,0.0143,False
3,right_shoulder,,,,,,0.0081,False
3,right_toe_tip,,,,,,0.0482,True
4,left_shoulder,,,,,,0.0068,True
4,left_toe_tip,,,,,,0.0117,True
4,right_shoulder,,,,,,0.0086,False
4,right_toe_tip,,,,,,0.0119,True
5,left_shoulder,,,,,,0.0069,True
5,left_toe_tip,,,,,,0.0119,True
5,right_shoulder,,,,,,0.0056,False
5,right_toe_tip,,,,,,0.0106,True
6,left_shoulder,,,,,,0.0069,True
6,left_toe_tip,,,,,,0.0111,True
6,right_shoulder,,,,,,0.0052,False
6,right_toe_tip,,,,,,0.0165,True
7,left_shoulder,,,,,,0.007,True
7,left_toe_tip,,,,,,0.0144,True
7,right_shoulder,,,,,,0.0035,False
7,right_toe_tip,,,,,,0.0166,True
8,left_shoulder,,,,,,0.0078,True
8,left_toe_tip,,,,,,0.0202,True
8,right_shoulder,,,,,,0.0053,False
8,right_toe_tip,,,,,,0.0143,True
9,left_shoulder,,,,,,0.0072,True
9,left_toe_tip,,,,,,0.02,True
9,right_shoulder,,,,,,0.0073,False
9,right_toe_tip,,,,,,0.0118,True
10,left_shoulder,,,,,,0.0092,False
10,left_toe_tip,,,,,,0.0137,True
10,right_shoulder,,,,,,0.0062,False
10,right_toe_tip,,,,,,0.0104,True
11,left_shoulder,,,,,,0.0063,True
11,left_toe_tip,,,,,,0.027,True
11,right_shoulder,,,,,,0.0042,True
11,right_toe_tip,,,,,,0.0181,False
12,left_shoulder,,,,,,0.0053,False
12,left_toe_tip,,,,,,0.0141,True
12,right_shoulder,,,,,,0.0063,True
12,right_toe_tip,,,,,,0.0106,True
13,left_shoulder,,,,,,0.0053,True
13,left_toe_tip,,,,,,0.0296,True
13,right_shoulder,,,,,,0.0072,True
13,right_toe_tip,,,,,,0.0304,True
14,left_shoulder,,,,,,0.0068,True
14,left_toe_tip,,,,,,0.0185,True
14,right_shoulder,,,,,,0.0059,True
14,right_toe_tip,,,,,,0.0154,True
15,left_shoulder,,,,,,0.0049,True
15,left_toe_tip,,,,,,0.0237,True
15,right_shoulder,,,,,,0.0071,True
15,right_toe_tip,,,,,,0.0206,True
16,left_shoulder,,,,,,0.0051,True
16,left_toe_tip,,,,,,0.0245,True
16,right_shoulder,,,,,,0.0076,True
16,right_toe_tip,,,,,,0.0314,True
17,left_shoulder,,,,,,0.007,False
17,left_toe_tip,,,,,,0.0596,True
17,right_shoulder,,,,,,0.0079,True
17,right_toe_tip,,,,,,0.0266,True
18,left_shoulder,,,,,,0.0108,True
18,left_toe_tip,,,,,,0.0228,True
18,right_shoulder,,,,,,0.0074,True
18,right_toe_tip,,,,,,0.0163,True
19,left_shoulder,,,,,,0.0053,True
19,left_toe_tip,,,,,,0.015,True
19,right_shoulder,,,,,,0.0072,True
19,right_toe_tip,,,,,,0.0205,True
20,left_shoulder,,,,,,0.0059,False
20,left_toe_tip,,,,,,0.0188,True
20,right_shoulder,,,,,,0.0067,True
20,right_toe_tip,,,,,,0.0152,True
21,left_shoulder,,,,,,0.006,True
21,left_toe_tip,,,,,,0.0105,True
21,right_shoulder,,,,,,0.0068,True
21,right_toe_tip,,,,,,0.0153,True
22,left_shoulder,,,,,,0.0048,True
22,left_toe_tip,,,,,,0.0137,True
22,right_shoulder,,,,,,0.0077,True
22,right_toe_tip,,,,,,0.0121,True
23,left_shoulder,,,,,,0.0107,True
23,left_toe_tip,,,,,,0.0222,True
23,right_shoulder,,,,,,0.0073,True
23,right_toe_tip,,,,,,0.0472,False
24,left_shoulder,,,,,,0.0055,False
24,left_toe_tip,,,,,,0.0139,True
24,right_shoulder,,,,,,0.005,False
24,right_toe_tip,,,,,,0.0096,True
25,left_shoulder,,,,,,0.0058,False
25,left_toe_tip,,,,,,0.0203,True
25,right_shoulder,,,,,,0.0047,False
25,right_toe_tip,,,,,,0.0158,True
26,left_shoulder,,,,,,0.0081,True
26,left_toe_tip,,,,,,0.0211,True
26,right_shoulder,,,,,,0.005,False
26,right_toe_tip,,,,,,0.0264,False
27,left_shoulder,,,,,,0.0066,False
27,left_toe_tip,,,,,,0.0292,True
27,right_shoulder,,,,,,0.0036,False
27,right_toe_tip,,,,,,0.0129,True
28,left_shoulder,,,,,,0.0127,True
28,left_toe_tip,,,,,,0.0216,True
28,right_shoulder,,,,,,0.0096,True
28,right_toe_tip,,,,,,0.0693,True
29,left_shoulder,,,,,,0.0078,False
29,left_toe_tip,812.83,464.33,0.4792275326086958,0.2892889456521739,0.4705,0.0181,True
29,right_shoulder,,,,,,0.0046,False
29,right_toe_tip,1073.51,706.46,1.877286782608696,1.500322434782609,-0.012,0.0113,True
30,left_shoulder,,,,,,0.0059,False
30,left_toe_tip,821.3331818181819,475.0290909090909,0.5134219688959756,0.3256903217750627,0.3196363636363639,0.0594,True
30,right_shoulder,,,,,,0.0046,False
30,right_toe_tip,1072.725,706.3050000000001,1.8654210326086955,1.492875684782609,0.006,0.0859,True
31,left_shoulder,,,,,,0.0045,True
31,left_toe_tip,829.8363636363637,485.7281818181818,0.5486120840819261,0.3633445064678405,0.0112727272727274,0.374,True
31,right_shoulder,,,,,,0.0057,False
31,right_toe_tip,1072.36,706.1633333333333,1.8666673043478257,1.4945225652173912,-0.006,0.6121,True
32,left_shoulder,,,,,,0.008,True
32,left_toe_tip,838.3395454545455,496.4272727272727,0.5847978781665469,0.4022514997305065,0.129409090909091,0.0846,True
32,right_shoulder,,,,,,0.0046,False
32,right_toe_tip,1072.15,706.2675,1.8616505298913049,1.4916789884510873,0.00275,0.6133,True
33,left_shoulder,,,,,,0.0297,True
33,left_toe_tip,846.8427272727273,507.1263636363636,0.6219793511498385,0.4424113015630613,0.0665454545454545,0.1859,True
33,right_shoulder,,,,,,0.0054,False
33,right_toe_tip,1072.008,706.274,1.862987542608696,1.4932689865217392,-0.0014,0.5861,True
34,left_shoulder,,,,,,0.0204,True
34,left_toe_tip,863.8490909090909,528.5245454545454,0.6993293338124326,0.5264893309378367,-0.080181818181818,0.1243,True
34,right_shoulder,,,,,,0.0093,False
34,right_toe_tip,1071.514,706.238,1.8597315326086952,1.4922105108695654,0.001,0.5416,True
35,left_shoulder,,,,,,0.0293,True
35,left_toe_tip,872.3522727272727,539.2236363636364,0.7394978434917356,0.5704075584800575,-0.7630454545454545,0.1144,True
35,right_shoulder,,,,,,0.0038,True
35,right_toe_tip,1071.344,706.194,1.8612493600000004,1.4938271099999998,-0.0038000000000001,0.552,True
36,left_shoulder,,,,,,0.0081,True
36,left_toe_tip,880.8554545454546,549.9227272727272,0.7806620320697089,0.6155785945921665,-0.9339090909090906,0.2001,True
36,right_shoulder,,,,,,0.0061,False
36,right_toe_tip,1071.254,706.1360000000001,1.865454802608696,1.4972639408695656,-0.0135999999999999,0.5515,True
37,left_shoulder,,,,,,0.0069,False
37,left_toe_tip,889.3586363636364,560.6218181818183,0.8228218995463529,0.6620024392741649,-1.028772727272727,0.1163,True
37,right_shoulder,,,,,,0.0046,True
37,right_toe_tip,1071.048,705.942,1.8678434313043475,1.4990569317391302,-0.0205999999999999,0.6215,True
38,left_shoulder,,,,,,0.0064,True
38,left_toe_tip,897.8618181818182,571.3209090909091,0.8659774459216673,0.7096790925260511,-0.9431363636363636,0.1046,True
38,right_shoulder,,,,,,0.0045,True
38,right_toe_tip,1071.004,705.8100000000001,1.8654040513043484,1.4966807152173918,-0.0158000000000001,0.6276,True
39,left_shoulder,,,,,,0.0068,True
39,left_toe_tip,,,,,,0.0978,True
39,right_shoulder,,,,,,0.0063,True
39,right_toe_tip,1070.93,705.674,1.8606807956521745,1.4925602147826085,-0.0184,0.6281,True
40,left_shoulder,,,,,,0.0054,True
40,left_toe_tip,999.9,699.71,1.4615069565217391,1.3795180000000002,0.0,0.1058,True
40,right_shoulder,,,,,,0.0046,True
40,right_toe_tip,1070.794,705.556,1.863465002608696,1.4947550626086958,-0.0255999999999999,0.6394,True
41,left_shoulder,,,,,,0.0052,True
41,left_toe_tip,992.51,693.7650000000001,1.3876249619565215,1.3138368994565222,0.0315,0.0455,True
41,right_shoulder,,,,,,0.0071,False
41,right_toe_tip,1070.632,705.318,1.8570536921739131,1.4891463404347824,-0.0134,0.7931,True
42,left_shoulder,,,,,,0.0066,True
42,left_toe_tip,986.7666666666668,687.2166666666667,1.35779252415459,1.2812429408212562,0.0106666666666665,0.4954,True
42,right_shoulder,,,,,,0.0037,False
42,right_toe_tip,1070.494,705.2660000000001,1.8531830843478267,1.4862950721739134,-0.0064,0.8259,True
43,left_shoulder,,,,,,0.0081,True
43,left_toe_tip,982.59375,682.0525,1.336581105638587,1.2564423213315217,0.01375,0.4782,True
43,right_shoulder,,,,,,0.0108,False
43,right_toe_tip,1070.198,705.2186666666666,1.8512230457971008,1.485540963864734,-0.0049333333333333,0.8183,True
44,left_shoulder,,,,,,0.0109,True
44,left_toe_tip,979.049,677.442,1.318826903695652,1.2347803708695653,0.0244,0.3617,True
44,right_shoulder,,,,,,0.0051,True
44,right_toe_tip,1070.0,705.1899999999999,1.8544217391304347,1.4886693956521737,-0.0135999999999999,0.7994,True
45,left_shoulder,,,,,,0.0066,False
45,left_toe_tip,971.345,668.356,1.2704199489130437,1.182277124347826,0.0655999999999999,0.216,True
45,right_shoulder,,,,,,0.0047,True
45,right_toe_tip,1069.842,705.2239999999999,1.8514976930434777,1.4870148556521738,-0.0088000000000001,0.7737,True
46,left_shoulder,,,,,,0.0069,False
46,left_toe_tip,966.607,661.6899999999999,1.2577209560869564,1.1617688391304346,0.0311999999999998,0.4636,True
46,right_shoulder,,,,,,0.0073,False
46,right_toe_tip,1069.634,705.456,1.850601755652174,1.488014170434783,-0.0088000000000001,0.76,True
47,left_shoulder,,,,,,0.007,False
47,left_toe_tip,963.683,656.616,1.246461013478261,1.142229526956522,0.0211999999999998,0.4341,True
47,right_shoulder,,,,,,0.013,True
47,right_toe_tip,1069.6,705.562,1.8548446956521731,1.4920014960869568,-0.0181999999999998,0.7683,True
48,left_shoulder,,,,,,0.0097,True
48,left_toe_tip,961.6,652.428,1.235188695652174,1.1231460195652172,0.0215,0.4442,True
48,right_shoulder,,,,,,0.0128,True
48,right_toe_tip,1058.45,699.3703333333333,1.785356344202899,1.4479554968357489,-0.0002666666666673,0.7641,True
49,left_shoulder,,,,,,0.0156,True
49,left_toe_tip,960.358,649.126,1.2239416676086954,1.104618453695652,0.0400999999999999,0.4037,True
49,right_shoulder,,,,,,0.0186,True
49,right_toe_tip,1036.1839999999995,686.881,1.6458861391304338,1.3579773717391304,0.023,0.7358,True
50,left_shoulder,,,,,,0.0108,True
50,left_toe_tip,959.706,646.552,1.225968258043478,1.0988334791304348,0.0270999999999999,0.2516,True
50,right_shoulder,,,,,,0.0161,True
50,right_toe_tip,1013.824,674.1769999999999,1.5173191095652172,1.2752171232608691,-0.0911999999999998,0.7846,True
51,left_shoulder,,,,,,0.0077,True
51,left_toe_tip,958.932,643.902,1.2189789039130434,1.0850919593478263,0.0196999999999998,0.3378,True
51,right_shoulder,,,,,,0.0035,False
51,right_toe_tip,991.442,661.415,1.39171032,1.1936033999999998,-0.0301999999999998,0.694,True
52,left_shoulder,,,,,,0.0144,True
52,left_toe_tip,958.182,642.342,1.2064977250000002,1.0705978989130436,0.047,0.3221,True
52,right_shoulder,,,,,,0.0056,False
52,right_toe_tip,968.86,648.517,1.2623219608695655,1.1074662323913047,0.0330999999999999,0.5813,True
53,left_shoulder,,,,,,0.0126,True
53,left_toe_tip,957.464,641.324,1.2073293947826085,1.0698874034782606,0.0271999999999998,0.3752,True
53,right_shoulder,,,,,,0.0043,True
53,right_toe_tip,957.3300000000002,641.876,1.2061299391304354,1.0713739095652175,0.0291999999999998,0.5579,True
54,left_shoulder,,,,,,0.0062,True
54,left_toe_tip,956.942,640.928,1.2130610547826086,1.075221384347826,0.0048000000000001,0.5223,True
54,right_shoulder,,,,,,0.0067,True
54,right_toe_tip,956.928,641.528,1.2123184973913046,1.0769058017391304,0.0068000000000001,0.4501,True
55,left_shoulder,,,,,,0.0061,False
55,left_toe_tip,956.534,640.6020000000001,1.212187596521739,1.074583659130435,0.0028000000000001,0.5896,True
55,right_shoulder,,,,,,0.0068,False
55,right_toe_tip,970.038,642.704,1.2731574586956529,1.090561408695652,0.015,0.3337,True
56,left_shoulder,,,,,,0.0065,True
56,left_toe_tip,956.152,640.3040000000001,1.214710966956522,1.0769767165217397,-0.0088000000000001,0.5865,True
56,right_shoulder,,,,,,0.0061,False
56,right_toe_tip,980.346,640.396,1.3237239752173915,1.090557573043478,-0.0041999999999998,0.34,True
57,left_shoulder,,,,,,0.005,False
57,left_toe_tip,955.822,640.042,1.2116579686956523,1.0743872208695653,-0.0035999999999999,0.8339,True
57,right_shoulder,,,,,,0.0092,False
57,right_toe_tip,987.544,634.2080000000001,1.363732434782609,1.0759683478260873,-0.026,0.7333,True
58,left_shoulder,,,,,,0.0063,True
58,left_toe_tip,955.72,639.936,1.2048149739130436,1.0682601182608698,0.0151999999999998,0.8691,True
58,right_shoulder,,,,,,0.005,False
58,right_toe_tip,992.84,623.89,1.3859708608695651,1.036571393478261,-0.0298000000000001,0.903,True
59,left_shoulder,,,,,,0.006,False
59,left_toe_tip,955.712,639.688,1.1916755339130432,1.0557005965217392,0.0444,0.8886,True
59,right_shoulder,,,,,,0.0044,False
59,right_toe_tip,996.9324,610.702,1.3849132308000005,0.9727346600869564,-0.0101400000000003,0.6917,True
60,left_shoulder,,,,,,0.0068,True
60,left_toe_tip,955.434,639.656,1.1829460726086956,1.0487707947826084,0.0668000000000001,0.9533,True
60,right_shoulder,,,,,,0.0042,False
60,right_toe_tip,986.4152,593.33,1.301060183547826,0.8763367560869566,0.0756800000000002,0.7745,True
61,left_shoulder,,,,,,0.009,True
61,left_toe_tip,955.296,639.52,1.1784530713043475,1.0447363826086955,0.0784000000000001,0.9322,True
61,right_shoulder,,,,,,0.0036,True
61,right_toe_tip,977.5764,576.626,1.2119873394086962,0.7777438511304346,0.08696,0.0179,True
62,left_shoulder,,,,,,0.0065,False
62,left_toe_tip,955.23,639.434,1.1782063891304344,1.0444149482608691,0.0784000000000001,0.7635,True
62,right_shoulder,,,,,,0.0086,False
62,right_toe_tip,970.784,561.01,1.1226521321739131,0.6822104608695653,-1.0489000000000002,0.1026,True
63,left_shoulder,,,,,,0.0087,True
63,left_toe_tip,955.042,639.408,1.1813390126086958,1.047719259130435,0.0671999999999998,0.6788,True
63,right_shoulder,,,,,,0.0062,False
63,right_toe_tip,964.766,546.6899999999999,1.024283723478261,0.5888040260869563,-0.6396,0.1869,True
64,left_shoulder,,,,,,0.0116,False
64,left_toe_tip,954.71,639.45,1.1944612804347827,1.0606342500000003,0.0251999999999998,0.6147,True
64,right_shoulder,,,,,,0.0053,True
64,right_toe_tip,959.0956,535.1519999999999,0.9458271058434784,0.5191657586086954,-0.37396,0.1531,True
65,left_shoulder,,,,,,0.0159,True
65,left_toe_tip,954.644,639.46,1.1923639582608696,1.059031895652174,0.0305999999999999,0.373,True
65,right_shoulder,,,,,,0.0052,True
65,right_toe_tip,953.9168,525.984,0.8878658988521738,0.4694604855652175,-0.1820799999999999,0.9419,True
66,left_shoulder,,,,,,0.0056,False
66,left_toe_tip,954.524,639.578,1.1932083313043476,1.060633843043478,0.0268000000000001,0.46,True
66,right_shoulder,,,,,,0.0032,False
66,right_toe_tip,949.9456,519.6899999999999,0.8494396065391303,0.4376478026086954,-0.0353599999999996,1.0,True
67,left_shoulder,,,,,,0.0121,True
67,left_toe_tip,953.264,637.5211999999999,1.1904713008695649,1.054640890695652,0.0208000000000001,0.6426,True
67,right_shoulder,,,,,,0.0037,False
67,right_toe_tip,946.494,515.778,0.8287331243478262,0.4212101660869566,0.0104,0.858,True
68,left_shoulder,,,,,,0.0099,True
68,left_toe_tip,950.92,633.1856,1.1677749652173914,1.0260494806956522,0.0335999999999999,0.6837,True
68,right_shoulder,,,,,,0.0039,True
68,right_toe_tip,944.214,514.846,0.8256764760869564,0.4202722413043478,0.01,0.8607,True
69,left_shoulder,,,,,,0.0051,False
69,left_toe_tip,947.484,626.7812,1.1296694782608696,0.9801309304347826,0.1,0.1062,True
69,right_shoulder,,,,,,0.0059,False
69,right_toe_tip,942.756,514.0039999999999,0.8229039713043477,0.4185895678260866,0.0139,0.9041,True
70,left_shoulder,,,,,,0.0093,True
70,left_toe_tip,942.9,618.192,1.0907692391304349,0.9297718434782608,0.139,0.1137,True
70,right_shoulder,,,,,,0.0074,False
70,right_toe_tip,941.814,513.2119999999999,0.8172598226086955,0.4148714504347822,0.0398000000000001,0.9318,True
71,left_shoulder,,,,,,0.0167,True
71,left_toe_tip,937.17,607.458,1.0326657500000005,0.8599165499999999,0.2965,0.0905,True
71,right_shoulder,,,,,,0.0066,True
71,right_toe_tip,940.866,512.3599999999999,0.8084138608695651,0.4093846956521736,0.079,0.8861,True
72,left_shoulder,,,,,,0.0064,False
72,left_toe_tip,934.305,602.091,1.004155864130435,0.8260039663043478,0.322,0.071,True
72,right_shoulder,,,,,,0.004,False
72,right_toe_tip,940.624,511.93,0.7983527791304349,0.4034732347826087,0.1128000000000001,0.9166,True
73,left_shoulder,,,,,,0.0121,True
73,left_toe_tip,931.4400000000002,596.724,0.9760072173913048,0.7927680913043479,-0.235,0.2168,True
73,right_shoulder,,,,,,0.0053,True
73,right_toe_tip,940.356,511.546,0.7874550782608696,0.3973140782608695,0.144,0.8168,True
74,left_shoulder,,,,,,0.0111,True
74,left_toe_tip,928.5750000000004,591.357,0.9482198097826096,0.7602089249999999,-0.81,0.2641,True
74,right_shoulder,,,,,,0.0043,False
74,right_toe_tip,940.128,511.15600000000006,0.774134504347826,0.3898839000000002,0.183,0.8345,True
75,left_shoulder,,,,,,0.0054,True
75,left_toe_tip,925.71,585.99,0.920793641304348,0.7283264673913044,-1.0495,0.1804,True
75,right_shoulder,,,,,,0.0031,True
75,right_toe_tip,939.996,511.298,0.7622507060869562,0.3844284834782607,0.2184000000000001,0.8246,True
76,left_shoulder,,,,,,0.0055,True
76,left_toe_tip,897.06,532.32,0.666400108695652,0.4467208695652174,0.03,0.1919,True
76,right_shoulder,,,,,,0.0034,False
76,right_toe_tip,939.524,511.264,0.7511541008695651,0.3793438052173913,0.2788000000000001,0.8175,True
77,left_shoulder,,,,,,0.0055,True
77,left_toe_tip,896.4399999999999,528.5572222222222,0.6682151231884056,0.4392157425187868,-0.0042777777777778,0.1019,True
77,right_shoulder,,,,,,0.0068,True
77,right_toe_tip,939.934,511.4200000000001,0.7491829695652172,0.3782208260869567,0.258,0.8676,True
78,left_shoulder,,,,,,0.0048,True
78,left_toe_tip,895.82,524.7944444444445,0.6700135893719807,0.4316101838432636,0.0394444444444443,0.3663,True
78,right_shoulder,,,,,,0.0029,False
78,right_toe_tip,940.254,511.64400000000006,0.7480893682608692,0.3778243226086957,0.2638000000000002,0.8888,True
79,left_shoulder,,,,,,0.0038,False
79,left_toe_tip,895.1999999999999,521.0316666666668,0.6717955072463766,0.4239041935386476,0.2481666666666665,0.065,True
79,right_shoulder,,,,,,0.0155,True
79,right_toe_tip,939.9779999999998,512.358,0.7459018182608691,0.3788414791304346,0.2634000000000001,0.7795,True
80,left_shoulder,,,,,,0.0061,False
80,left_toe_tip,894.5799999999999,517.2688888888889,0.6735608768115938,0.4160977716049382,0.3163888888888891,0.1029,True
80,right_shoulder,,,,,,0.0038,False
80,right_toe_tip,934.38,507.483,0.7514369478260867,0.3764663882608696,0.2995999999999999,0.6936,True
81,left_shoulder,1118.9,715.72,1.0093338043478264,0.7497185652173914,2.221,0.0062,True
81,left_toe_tip,893.3399999999999,509.7433333333333,0.6770419710144926,0.4001836328502415,0.371333333333333,0.1115,True
81,right_shoulder,,,,,,0.0046,True
81,right_toe_tip,923.702,497.333,0.7634050773913044,0.3695451899999999,0.2154000000000001,0.4001,True
82,left_shoulder,1118.87,716.0350000000001,1.007969298913043,0.7494149755434785,2.2235,0.0284,True
82,left_toe_tip,892.72,505.9805555555556,0.6787576956521739,0.392075916029254,0.3710555555555556,0.0766,True
82,right_shoulder,,,,,,0.0074,True
82,right_toe_tip,912.004,486.531,0.7718409156521742,0.359045465869565,0.2224000000000001,0.9892,True
83,left_shoulder,1115.493333333333,712.8000000000001,1.007839130434783,0.7477826086956524,2.21,0.6221,True
83,left_toe_tip,892.1,502.2177777777778,0.6804568719806764,0.3838677675791734,0.3777777777777778,0.0749,True
83,right_shoulder,,,,,,0.0128,True
83,right_toe_tip,900.302,475.409,0.776831707826087,0.3444205982608695,0.1404,0.9272,True
84,left_shoulder,1111.185,708.8675000000001,1.0040849918478258,0.7434290584239132,2.2125,0.6107,True
84,left_toe_tip,891.48,498.455,0.6821395,0.3755591875,0.4415,0.1181,True
84,right_shoulder,,,,,,0.016,True
84,right_toe_tip,889.333,464.413,0.7743415734782607,0.3242704604347826,0.1818000000000001,0.8765,True
85,left_shoulder,1107.462,704.894,0.9993524582608696,0.7373233904347826,2.1867,0.7141,True
85,left_toe_tip,888.38,479.6411111111111,0.6903044154589372,0.33250981266774,0.4856111111111113,0.0988,True
85,right_shoulder,,,,,,0.0141,True
85,right_toe_tip,883.9290000000001,459.53600000000006,0.7618539006521743,0.3108768939130437,0.1725999999999999,0.8128,True
86,left_shoulder,1101.118,698.064,0.9889978669565216,0.725073787826087,2.0908,0.8334,True
86,left_toe_tip,887.165,460.195,0.7123456494565217,0.2887685244565217,0.3805,0.269,True
86,right_shoulder,,,,,,0.0148,True
86,right_toe_tip,883.973,460.2200000000001,0.7496335613043477,0.3079368434782611,0.2261999999999998,0.2615,True
87,left_shoulder,1093.19,689.7860000000001,0.9765259304347828,0.7106171373913045,1.9956,0.9203,True
87,left_toe_tip,888.43,455.8,0.7282779456521739,0.2808397826086957,0.26,0.3784,True
87,right_shoulder,,,,,,0.0157,True
87,right_toe_tip,885.2736666666667,462.3456666666667,0.7317775391908213,0.3053497797705315,0.311666666666667,0.396,True
88,left_shoulder,1086.066,681.8480000000001,0.9626298221739132,0.6945619773913045,1.9746,0.922,True
88,left_toe_tip,889.6949999999999,451.405,0.744335366847826,0.2724763179347825,0.1755,0.1804,True
88,right_shoulder,,,,,,0.0198,True
88,right_toe_tip,887.867,465.4810000000001,0.7138839020652172,0.303796745326087,0.4033000000000001,0.3148,True
89,left_shoulder,1080.132,674.576,0.949249906956522,0.6784583686956522,1.9758,0.9054,True
89,left_toe_tip,890.126,448.634,0.7540755147826087,0.2672122417391305,0.1124000000000001,0.1464,True
89,right_shoulder,,,,,,0.0201,True
89,right_toe_tip,891.458,468.918,0.703863740869565,0.304875688695652,0.4358000000000002,0.1269,True
90,left_shoulder,1074.026,667.0699999999999,0.9338163743478264,0.6606677804347825,1.9571,0.8806,True
90,left_toe_tip,891.2459999999999,443.32,0.7720352630434778,0.2560278695652173,0.052,0.3464,True
90,right_shoulder,,,,,,0.0149,True
90,right_toe_tip,896.0466666666667,472.6566666666666,0.7017162995169084,0.3087445748792269,0.4156666666666669,0.1068,True
91,left_shoulder,1068.01,659.7479999999999,0.920314545652174,0.6445233626086955,1.9348,0.9242,True
91,left_toe_tip,891.939,439.686,0.7839684447826085,0.247962044347826,0.0161999999999998,0.5047,True
91,right_shoulder,,,,,,0.0163,True
91,right_toe_tip,901.75,477.255,0.6986164402173913,0.3129561440217391,0.4235,0.1607,True
92,left_shoulder,1062.83,652.546,0.9077976260869564,0.6280835426086958,1.9038,0.904,True
92,left_toe_tip,892.2049999999999,437.7320000000001,0.7897854402173909,0.2434194478260871,-0.002,0.4961,True
92,right_shoulder,,,,,,0.0112,True
92,right_toe_tip,907.4533333333331,481.8533333333333,0.6947003429951689,0.3165096183574878,0.455333333333333,0.2071,True
93,left_shoulder,1058.878,647.016,0.894486650869565,0.6129039495652172,1.9084,0.9121,True
93,left_toe_tip,891.973,437.538,0.7897710247826085,0.2430310617391304,-0.0045999999999999,0.2265,True
93,right_shoulder,,,,,,0.013,True
93,right_toe_tip,912.034,485.538,0.6912620491304348,0.3190029743478261,0.4951999999999998,0.0709,True
94,left_shoulder,1054.62,641.358,0.8807069608695655,0.5976410908695651,1.8908,0.9576,True
94,left_toe_tip,891.9469999999999,437.204,0.7896895317391301,0.2419841895652174,0.0024,0.8454,True
94,right_shoulder,,,,,,0.0154,False
94,right_toe_tip,915.774,488.477,0.6934816836956522,0.3230777603260868,0.4835,0.3467,True
95,left_shoulder,1050.968,636.646,0.8693760017391307,0.5852265708695652,1.8433,0.9594,True
95,left_toe_tip,892.101,436.83,0.7915423354347826,0.241229497826087,-0.0025999999999999,0.8451,True
95,right_shoulder,,,,,,0.0156,False
95,right_toe_tip,918.2813333333334,491.1083333333333,0.6944228358937199,0.3271675449879226,0.4692333333333331,0.3377,True
96,left_shoulder,1047.448,632.408,0.8593609773913041,0.574544003478261,1.8276,0.869,True
96,left_toe_tip,892.268,436.57,0.7932731782608696,0.2407793586956521,-0.007,0.9519,True
96,right_shoulder,,,,,,0.0166,True
96,right_toe_tip,919.781,490.27199999999993,0.7031322283695651,0.3273933599999998,0.4239000000000001,0.3779,True
97,left_shoulder,1044.698,629.3779999999999,0.8497778221739127,0.5656352395652172,1.8092,0.9488,True
97,left_toe_tip,892.358,436.388,0.7945985373913043,0.2405225634782609,-0.0108000000000001,0.9472,True
97,right_shoulder,,,,,,0.0105,True
97,right_toe_tip,920.273,485.968,0.7197227853260867,0.323477608695652,0.3205,0.5964,True
98,left_shoulder,1041.396,625.476,0.8424080399999998,0.5571533269565216,1.8052,0.9116,True
98,left_toe_tip,892.128,436.16,0.794915735652174,0.2401192347826087,-0.0145999999999999,0.9379,True
98,right_shoulder,,,,,,0.0143,True
98,right_toe_tip,920.88,479.11,0.7428054782608692,0.3149941630434783,0.242,0.2447,True
99,left_shoulder,1038.634,622.212,0.8386046126086957,0.551614244347826,1.8006,0.908,True
99,left_toe_tip,891.924,436.362,0.7929034069565216,0.2403410947826086,-0.0095999999999999,0.9349,True
99,right_shoulder,,,,,,0.0142,True
99,right_toe_tip,921.32,469.53,0.7675143478260867,0.2988264130434783,0.16,0.2959,True
100,left_shoulder,1035.906,619.298,0.834070662173913,0.5462732430434784,1.7978,0.9975,True
100,left_toe_tip,891.726,436.518,0.7929916230434781,0.2410483343478261,-0.0121999999999998,0.9372,True
100,right_shoulder,,,,,,0.0147,True
100,right_toe_tip,921.16,458.174,0.7929934434782612,0.276893364347826,0.0751999999999998,0.1286,True
101,left_shoulder,1033.772,616.96,0.8313725356521738,0.5425207652173915,1.7615999999999998,0.9234,True
101,left_toe_tip,891.3359999999999,436.56000000000006,0.7914352086956519,0.2410807826086958,-0.011,0.6998,True
101,right_shoulder,,,,,,0.0179,True
101,right_toe_tip,920.671,448.352,0.8117798520652173,0.2555389530434784,0.0330999999999999,0.8666,True
102,left_shoulder,1031.6219999999998,614.594,0.8275994482608693,0.538023537826087,1.7392999999999998,0.9321,True
102,left_toe_tip,890.9540000000001,436.606,0.7902323239130435,0.2412256326086954,-0.002,0.7669,True
102,right_shoulder,,,,,,0.0167,True
102,right_toe_tip,920.047,441.082,0.8237338985869569,0.2384956523913043,-0.0090999999999999,0.8182,True
103,left_shoulder,1029.858,612.728,0.8250581804347825,0.5348493652173912,1.716,0.9413,True
103,left_toe_tip,890.9460000000001,436.7720000000001,0.7902071326086961,0.2417483521739132,-0.002,0.6806,True
103,right_shoulder,,,,,,0.0129,True
103,right_toe_tip,919.322,436.454,0.8293434513043482,0.2270018982608695,-0.0345999999999999,0.8738,True
104,left_shoulder,1028.7040000000002,611.27,0.8218554573913047,0.5312721782608696,1.7178,0.9397,True
104,left_toe_tip,891.012,436.834,0.7924885382608693,0.2425783004347826,-0.0095999999999999,0.6754,True
104,right_shoulder,,,,,,0.0127,True
104,right_toe_tip,918.41,434.2780000000001,0.8280276543478262,0.2209124604347828,-0.0281999999999998,0.8727,True
105,left_shoulder,1028.116,609.9939999999999,0.8213715782608695,0.5290633891304346,1.701,0.8998,True
105,left_toe_tip,890.82,436.7780000000001,0.7901375260869566,0.2418673908695654,-0.0031999999999998,0.6534,True
105,right_shoulder,,,,,,0.0118,True
105,right_toe_tip,918.144,433.206,0.8268737391304348,0.2176287065217391,-0.033,0.8823,True
106,left_shoulder,1027.62,608.4979999999999,0.8220071956521742,0.5269778239130434,1.692,0.9213,True
106,left_toe_tip,890.76,436.8,0.7892398434782608,0.241719652173913,-0.0005999999999999,0.6432,True
106,right_shoulder,,,,,,0.0139,False
106,right_toe_tip,918.09,433.114,0.8250204847826085,0.2169101647826088,-0.0274,0.9132,True
107,left_shoulder,1027.166,606.684,0.8232327491304346,0.5245252617391303,1.6767999999999998,0.9303,True
107,left_toe_tip,890.7280000000001,436.8059999999999,0.7888120904347828,0.2416383547826084,0.0005999999999999,0.7415,True
107,right_shoulder,,,,,,0.0136,True
107,right_toe_tip,918.038,433.012,0.8231738091304353,0.2161631365217391,-0.0218000000000001,0.8931,True
108,left_shoulder,1026.656,604.746,0.8266032834782606,0.5232243834782608,1.6612,0.9659,True
108,left_toe_tip,890.5319999999999,436.744,0.7881954573913041,0.2414432973913042,0.0005999999999999,0.7856,True
108,right_shoulder,,,,,,0.0124,True
108,right_toe_tip,917.94,432.81000000000006,0.819802156521739,0.214757843478261,-0.0115999999999999,0.8739,True
109,left_shoulder,1026.628,602.716,0.8292330104347825,0.5205730556521739,1.6548,0.9658,True
109,left_toe_tip,890.3539999999999,436.652,0.7880164273913043,0.2412705017391306,-0.0008000000000001,0.8031,True
109,right_shoulder,,,,,,0.0135,False
109,right_toe_tip,917.94,432.744,0.8194396260869564,0.2144682886956521,-0.0214,0.885,True
110,left_shoulder,1027.108,600.966,0.8339652782608694,0.5191245782608697,1.641,0.9092,True
110,left_toe_tip,890.292,436.72,0.7885286226086958,0.241701356521739,-0.0034,0.7926,True
110,right_shoulder,,,,,,0.0133,True
110,right_toe_tip,918.006,432.72800000000007,0.8210242413043481,0.2147847565217393,-0.026,0.8772,True
111,left_shoulder,1027.764,599.6879999999999,0.8379074260869568,0.5179345043478258,1.64,0.946,True
111,left_toe_tip,890.1899999999999,436.774,0.7889143369565215,0.24208845,-0.006,0.7619,True
111,right_shoulder,,,,,,0.0139,True
111,right_toe_tip,918.058,432.742,0.8232330221739131,0.2153637604347827,-0.0328000000000001,0.8791,True
112,left_shoulder,1028.584,598.572,0.8439030782608697,0.518116147826087,1.625,0.9221,True
112,left_toe_tip,889.882,436.946,0.7882690656521736,0.2427311752173913,-0.0071999999999998,0.752,True
112,right_shoulder,,,,,,0.0157,True
112,right_toe_tip,918.064,432.768,0.8253060417391307,0.215978587826087,-0.0285999999999999,0.8678,True
113,left_shoulder,1030.074,597.8820000000001,0.847393365652174,0.5167727882608697,1.6344,0.9215,True
113,left_toe_tip,889.7360000000001,437.162,0.7867769808695656,0.2430938486956521,0.0160999999999999,0.7543,True
113,right_shoulder,,,,,,0.0157,True
113,right_toe_tip,918.062,432.804,0.8308008973913047,0.2175256904347825,-0.0468000000000001,0.8692,True
114,left_shoulder,1031.154,597.558,0.8484640460869565,0.5152942878260869,1.6474000000000002,0.9019,True
114,left_toe_tip,889.5959999999999,437.3560000000001,0.7852507199999997,0.2433687026086958,0.0165999999999999,0.7652,True
114,right_shoulder,,,,,,0.0163,True
114,right_toe_tip,918.016,432.792,0.8334436173913042,0.2182177565217392,-0.056,0.903,True
115,left_shoulder,1032.114,597.05,0.8490120521739131,0.5132647826086956,1.651,0.9592,True
115,left_toe_tip,889.394,437.5940000000001,0.7849405069565217,0.2442186808695653,0.0154,0.715,True
115,right_shoulder,,,,,,0.0155,True
115,right_toe_tip,917.942,432.762,0.8342489552173913,0.2183967247826087,-0.0594,0.9052,True
116,left_shoulder,1033.106,596.06,0.8501344539130433,0.510505408695652,1.6534,0.9585,True
116,left_toe_tip,889.1959999999999,438.024,0.7839922852173911,0.2454702886956521,0.0165999999999999,0.7092,True
116,right_shoulder,,,,,,0.0155,True
116,right_toe_tip,917.914,432.786,0.8376690456521739,0.2193864978260868,-0.071,0.9032,True
117,left_shoulder,1034.402,594.976,0.8503650078260869,0.5066286886956521,1.6644,0.9411,True
117,left_toe_tip,889.1600000000001,438.304,0.7835540347826089,0.2462490573913042,0.0178000000000001,0.6951,True
117,right_shoulder,,,,,,0.016,True
117,right_toe_tip,917.862,432.796,0.84282793173913,0.2208092582608695,-0.0885999999999999,0.9023,True
118,left_shoulder,1035.154,593.9159999999999,0.8517286760869565,0.5041906826086956,1.67,0.8911,True
118,left_toe_tip,888.9680000000001,438.538,0.781921890434783,0.2466605404347826,0.0215999999999999,0.604,True
118,right_shoulder,,,,,,0.0161,True
118,right_toe_tip,917.642,432.844,0.8439713230434783,0.2214299243478258,-0.0945999999999999,0.9013,True
119,left_shoulder,1036.3719999999998,592.78,0.8569390304347823,0.5032602391304347,1.674,0.9533,True
119,left_toe_tip,888.6119999999999,438.6940000000001,0.78047954173913,0.2470478378260872,0.0228000000000001,0.5551,True
119,right_shoulder,,,,,,0.0162,True
119,right_toe_tip,917.384,432.90600000000006,0.8449960852173913,0.2220938647826088,-0.1005999999999999,0.9311,True
120,left_shoulder,1037.3239999999998,591.912,0.8582198399999996,0.5009299200000001,1.6758,0.9612,True
120,left_toe_tip,888.358,438.74799999999993,0.7796821473913041,0.2472173626086954,0.0228000000000001,0.4838,True
120,right_shoulder,,,,,,0.0209,True
120,right_toe_tip,917.14,433.0,0.8470844347826085,0.2231260869565217,-0.11,0.9284,True
121,left_shoulder,1038.62,591.08,0.8617991086956525,0.4995849130434783,1.674,0.9712,True
121,left_toe_tip,888.2239999999999,438.956,0.7785599721739128,0.2476472104347826,0.0324,0.5891,True
121,right_shoulder,,,,,,0.0152,True
121,right_toe_tip,916.828,433.064,0.8468529600000003,0.2235123060869566,-0.0894,0.9373,True
122,left_shoulder,1039.5079999999998,589.926,0.8663244130434778,0.4985895326086957,1.668,0.9673,True
122,left_toe_tip,888.1120000000001,438.852,0.7778850573913048,0.2472181617391304,0.0335999999999999,0.5932,True
122,right_shoulder,,,,,,0.015,True
122,right_toe_tip,916.632,433.13,0.8451708973913041,0.2234280478260869,-0.0858000000000001,0.9349,True
123,left_shoulder,1040.744,588.348,0.8700500713043477,0.495763364347826,1.6656,0.9731,True
123,left_toe_tip,888.4619999999999,438.55,0.7796845586956518,0.2464933152173913,0.024,0.5685,True
123,right_shoulder,,,,,,0.0141,False
123,right_toe_tip,916.724,433.138,0.8458129217391301,0.2235478869565218,-0.087,0.9468,True
124,left_shoulder,1042.104,586.668,0.8743139582608697,0.4928550730434782,1.6676,0.9583,True
124,left_toe_tip,888.54,438.678,0.7785785652173912,0.2464673869565217,0.029,0.5705,True
124,right_shoulder,,,,,,0.0131,True
124,right_toe_tip,916.942,433.168,0.8472017008695653,0.2238304556521739,-0.0894,0.9352,True
125,left_shoulder,1044.118,584.924,0.8818557573913043,0.4908232852173912,1.6759000000000002,0.9024,True
125,left_toe_tip,889.0139999999999,438.318,0.7807671569565213,0.2455609813043479,0.0264,0.4625,True
125,right_shoulder,,,,,,0.0138,True
125,right_toe_tip,917.15,433.084,0.8460305,0.2230968539130435,-0.1064,0.8826,True
126,left_shoulder,1045.726,583.618,0.8848354852173911,0.4876816904347827,1.6876,0.892,True
126,left_toe_tip,889.378,437.6259999999999,0.7829384947826089,0.2437118895652171,0.0225999999999999,0.4753,True
126,right_shoulder,,,,,,0.0163,True
126,right_toe_tip,917.384,432.98,0.8449357843478261,0.2223034260869565,-0.1004,0.9211,True
127,left_shoulder,1047.844,582.828,0.8878586556521741,0.4850868678260869,1.6962000000000002,0.9276,True
127,left_toe_tip,889.692,437.092,0.7856613060869565,0.2425716539130434,0.0196999999999998,0.4518,True
127,right_shoulder,,,,,,0.0164,True
127,right_toe_tip,917.59,432.58,0.8420028847826084,0.2201540739130436,-0.0995999999999999,0.8495,True
128,left_shoulder,1049.9240000000002,582.17,0.8883765991304352,0.4814810282608694,1.7207,0.929,True
128,left_toe_tip,889.116,436.398,0.7866108478260869,0.2412349891304346,0.0095,0.4566,True
128,right_shoulder,,,,,,0.0166,True
128,right_toe_tip,917.398,432.04,0.8378625678260868,0.2175921217391303,-0.0878000000000001,0.8497,True
129,left_shoulder,1051.82,581.376,0.8872035217391302,0.476920904347826,1.7485,0.973,True
129,left_toe_tip,888.738,433.91,0.7864446678260871,0.2336841391304347,0.0221999999999998,0.7249,True
129,right_shoulder,,,,,,0.016,True
129,right_toe_tip,917.044,432.308,0.8339024400000002,0.2176470799999999,-0.0781999999999998,0.9016,True
130,left_shoulder,1053.062,580.624,0.8866465626086955,0.473574212173913,1.7612,0.9625,True
130,left_toe_tip,887.9399999999999,431.858,0.7821967999999998,0.2266963686956522,0.0475999999999999,0.741,True
130,right_shoulder,,,,,,0.0157,True
130,right_toe_tip,916.5533333333332,432.9116666666667,0.833146976811594,0.2196543210144928,-0.0465999999999999,0.8753,True
131,left_shoulder,1054.636,579.616,0.8873210399999999,0.4699782399999999,1.7882,0.9248,True
131,left_toe_tip,887.15,427.888,0.7780389456521738,0.213714375652174,0.0538000000000001,0.8132,True
131,right_shoulder,,,,,,0.0162,True
131,right_toe_tip,915.916,433.741,0.8323066121739129,0.2224413295652173,-0.0501999999999998,0.3288,True
132,left_shoulder,1055.812,578.382,0.8871258626086953,0.4659132495652172,1.7942,0.9112,True
132,left_toe_tip,886.2940000000001,421.67800000000005,0.7719175213043481,0.1933068969565219,0.0665999999999999,0.817,True
132,right_shoulder,,,,,,0.0153,True
132,right_toe_tip,915.12,435.098,0.8334341739130432,0.2274979630434781,-0.022,0.0694,True
133,left_shoulder,1056.784,577.5,0.889471419130435,0.4641733695652174,1.8046,0.8588,True
133,left_toe_tip,885.958,415.818,0.7668007995652173,0.1740186821739131,0.0688000000000001,0.8899,True
133,right_shoulder,,,,,,0.0149,False
133,right_toe_tip,914.4833333333332,436.8366666666667,0.8353840579710142,0.2338507246376812,-0.024,0.0132,True
134,left_shoulder,1057.266,576.082,0.8912257500000003,0.4615229673913044,1.803,0.9015,True
134,left_toe_tip,885.458,408.98,0.7642281469565217,0.1524981652173913,0.0535999999999999,1.0,True
134,right_shoulder,,,,,,0.0165,True
134,right_toe_tip,913.78,437.965,0.8368145217391303,0.2383017173913042,-0.012,0.059,True
135,left_shoulder,1057.66,574.088,0.8897065956521736,0.4560539808695651,1.8192,0.905,True
135,left_toe_tip,884.768,399.776,0.7614413217391306,0.1237379478260869,0.0525,1.0,True
135,right_shoulder,,,,,,0.0176,True
135,right_toe_tip,913.0766666666666,439.09333333333336,0.8382266376811591,0.2427821449275363,-0.027,0.0571,True
136,left_shoulder,1058.084,571.7479999999999,0.8896100417391305,0.4505629182608694,1.8104,0.9534,True
136,left_toe_tip,884.234,390.342,0.7594084569565218,0.0943438317391303,0.0254,0.972,True
136,right_shoulder,,,,,,0.0214,True
136,right_toe_tip,912.68,439.8080000000001,0.8394987304347825,0.245704542608696,-0.0354,0.1636,True
137,left_shoulder,1058.222,569.058,0.8876307360869564,0.4437028813043478,1.7939,0.9211,True
137,left_toe_tip,883.766,381.202,0.7579532821739129,0.0659243926086956,0.0374,0.9726,True
137,right_shoulder,,,,,,0.0211,True
137,right_toe_tip,912.464,439.807,0.8402552834782605,0.2461178482608694,-0.0401999999999998,0.8489,True
138,left_shoulder,1058.3359999999998,566.3219999999999,0.8852353530434777,0.436595293043478,1.7837,0.9317,True
138,left_toe_tip,883.314,372.05,0.756177596521739,0.0374493043478261,0.0268000000000001,0.9887,True
138,right_shoulder,,,,,,0.0297,True
138,right_toe_tip,912.3806666666668,439.5883333333333,0.8403535698550726,0.2455473101449274,-0.0324,0.8765,True
139,left_shoulder,1058.276,563.682,0.8817439939130436,0.4293705117391304,1.7646,0.8818,True
139,left_toe_tip,884.04,363.596,0.7564709478260869,0.0111468182608695,-0.0038000000000001,0.9058,True
139,right_shoulder,,,,,,0.0148,True
139,right_toe_tip,912.594,438.968,0.8410117495652175,0.2436334469565218,-0.0414,0.8848,True
140,left_shoulder,1057.7199999999998,560.47,0.8795730260869561,0.4221200913043478,1.7358,0.8857,True
140,left_toe_tip,885.4200000000001,355.976,0.7581343913043481,-0.0124306608695652,-0.012,0.9106,True
140,right_shoulder,,,,,,0.0148,False
140,right_toe_tip,913.022,438.0820000000001,0.8416199913043476,0.2406962521739132,-0.036,0.8814,True
141,left_shoulder,1057.06,557.1600000000001,0.8762793260869565,0.4142503043478263,1.735,0.9331,True
141,left_toe_tip,887.124,349.61,0.7614642556521739,-0.032014752173913,-0.0168000000000001,0.8536,True
141,right_shoulder,,,,,,0.0186,True
141,right_toe_tip,913.39,437.264,0.8420412,0.23797312,-0.0335999999999999,0.8868,True
142,left_shoulder,1055.986,553.502,0.8744749173913045,0.406774856521739,1.7495,0.9392,True
142,left_toe_tip,888.7299999999999,344.38800000000003,0.7644662478260867,-0.0479831426086955,-0.0335999999999999,0.8772,True
142,right_shoulder,,,,,,0.0147,True
142,right_toe_tip,913.718,436.7720000000001,0.8416233460869568,0.2360572104347827,-0.0288000000000001,0.8999,True
143,left_shoulder,1054.914,549.874,0.8706880091304348,0.3984464613043478,1.7529,0.9252,True
143,left_toe_tip,890.324,339.17999999999995,0.7674063147826087,-0.0638268782608697,-0.0554,0.8969,True
143,right_shoulder,,,,,,0.0164,False
143,right_toe_tip,914.054,436.27,0.8290133500000002,0.2307167499999999,-0.007,0.8723,True
144,left_shoulder,1053.614,545.754,0.8672406586956523,0.3894776804347826,1.739,0.9134,True
144,left_toe_tip,891.1380000000001,335.69,0.768591470434783,-0.0743991695652174,-0.0595999999999999,0.9283,True
144,right_shoulder,,,,,,0.0158,True
144,right_toe_tip,914.296,435.724,0.8101272730434783,0.2236491878260869,0.0478000000000001,0.7682,True
145,left_shoulder,1052.284,542.004,0.8654378921739132,0.3820501356521739,1.7218,0.9128,True
145,left_toe_tip,891.5559999999999,333.624,0.7688863826086954,-0.0806188173913044,-0.07,0.9291,True
145,right_shoulder,,,,,,0.0158,True
145,right_toe_tip,914.654,435.096,0.7918394234782612,0.2165050330434782,0.1125999999999999,0.7716,True
146,left_shoulder,1050.098,537.838,0.8639695039130435,0.3746582734782608,1.6898,0.9608,True
146,left_toe_tip,891.618,332.194,0.7690758869565218,-0.0849896434782609,-0.07,0.8971,True
146,right_shoulder,,,,,,0.0163,True
146,right_toe_tip,914.908,434.662,0.7735672069565218,0.2100923756521738,0.1761999999999998,0.7411,True
147,left_shoulder,1048.4019999999998,534.684,0.8594198608695648,0.3675958956521738,1.677,0.904,True
147,left_toe_tip,891.808,331.766,0.7693281808695652,-0.086261007826087,-0.0688000000000001,0.8925,True
147,right_shoulder,,,,,,0.0162,True
147,right_toe_tip,915.184,434.368,0.7605248243478259,0.2055305182608693,0.2224000000000001,0.7537,True
148,left_shoulder,1046.086,529.98,0.8580773739130435,0.3591751304347826,1.669,0.9101,True
148,left_toe_tip,892.052,331.334,0.7697448904347827,-0.0875434713043478,-0.0675999999999999,0.8937,True
148,right_shoulder,,,,,,0.0125,True
148,right_toe_tip,915.628,434.0940000000001,0.7715786426086955,0.2074148778260871,0.1495999999999999,0.8323,True
149,left_shoulder,1044.0859999999998,525.382,0.8609667143478257,0.3523715178260868,1.6428,0.9004,True
149,left_toe_tip,892.1540000000001,330.906,0.7703852860869568,-0.0888884947826086,-0.0688000000000001,0.8927,True
149,right_shoulder,,,,,,0.013,True
149,right_toe_tip,916.09,433.674,0.7876367543478259,0.2101791091304347,0.1004,0.8356,True
150,left_shoulder,1042.15,520.3059999999999,0.8622620543478263,0.3437169734782607,1.6159,0.882,True
150,left_toe_tip,892.0020000000001,330.552,0.770249591304348,-0.0900084521739129,-0.07,0.9088,True
150,right_shoulder,,,,,,0.0118,True
150,right_toe_tip,916.21,433.5220000000001,0.7865379978260871,0.2093618865217392,0.1051999999999998,0.826,True
151,left_shoulder,1040.85,516.366,0.8554661847826085,0.3337054395652173,1.6205999999999998,0.8911,True
151,left_toe_tip,891.7119999999999,330.458,0.7710047999999997,-0.0904884304347825,-0.076,0.9052,True
151,right_shoulder,,,,,,0.0137,True
151,right_toe_tip,916.34,433.292,0.7813813869565215,0.2072410965217392,0.1235999999999999,0.8587,True
152,left_shoulder,1039.35,511.146,0.8517440978260868,0.3223681317391304,1.6118,0.9441,True
152,left_toe_tip,891.25,330.358,0.7715559782608694,-0.0910267156521738,-0.0721999999999998,0.8919,True
152,right_shoulder,,,,,,0.0137,False
152,right_toe_tip,916.062,433.142,0.7665521578260867,0.2030962534782608,0.1704,0.654,True
153,left_shoulder,1038.004,506.278,0.8454124095652172,0.3107135517391303,1.6098,0.9392,True
153,left_toe_tip,890.6600000000001,330.266,0.7710519565217394,-0.0914643695652175,-0.077,0.8899,True
153,right_shoulder,,,,,,0.0128,True
153,right_toe_tip,915.55,432.918,0.7476989347826085,0.1978614078260869,0.2285999999999999,0.6563,True
154,left_shoulder,1036.358,501.154,0.8354537321739129,0.2975280834782609,1.6158,0.9094,True
154,left_toe_tip,890.0200000000001,330.082,0.7681049217391308,-0.0919132991304348,-0.0734,0.8974,True
154,right_shoulder,,,,,,0.0157,True
154,right_toe_tip,915.506,432.886,0.7397336099999998,0.1956989099999998,0.2548000000000002,0.8746,True
155,left_shoulder,1034.79,496.316,0.8324061326086956,0.2874193226086955,1.6052,0.8866,True
155,left_toe_tip,889.7459999999999,329.98400000000004,0.7666116347826083,-0.0921360695652172,-0.068,0.8958,True
155,right_shoulder,,,,,,0.0142,True
155,right_toe_tip,915.766,432.688,0.7500235708695651,0.1976955582608695,0.2168000000000002,0.8399,True
156,left_shoulder,1032.424,490.046,0.8406404556521738,0.2785811486956521,1.5602,0.9092,True
156,left_toe_tip,889.418,329.864,0.7636528504347827,-0.0922685704347826,-0.0608000000000001,0.8893,True
156,right_shoulder,,,,,,0.0486,False
156,right_toe_tip,916.174,432.196,0.7667430769565216,0.2004380686956522,0.1648000000000001,0.8768,True
157,left_shoulder,1030.252,485.054,0.8401446860869564,0.2692195134782608,1.5314,0.8719,True
157,left_toe_tip,889.266,329.74799999999993,0.7622120773913041,-0.0925053547826088,-0.0571999999999998,0.8967,True
157,right_shoulder,,,,,,0.015,False
157,right_toe_tip,916.976,431.654,0.79769088,0.20636352,0.0694,0.7703,True
158,left_shoulder,1028.17,479.666,0.8349874239130436,0.2574119717391304,1.4775,0.9441,True
158,left_toe_tip,889.3799999999999,329.348,0.762560669565217,-0.0937284852173912,-0.0571999999999998,0.8955,True
158,right_shoulder,,,,,,0.0119,True
158,right_toe_tip,917.898,431.102,0.8218531286956519,0.2102764365217392,-0.0378000000000001,0.8648,True
159,left_shoulder,1026.0459999999998,474.596,0.8335236678260867,0.2474277113043478,1.4386,0.944,True
159,left_toe_tip,889.628,328.91400000000004,0.7646214173913045,-0.0952177695652172,-0.059,0.8968,True
159,right_shoulder,,,,,,0.0119,True
159,right_toe_tip,918.376,430.696,0.8365803965217391,0.2124568486956522,-0.0818000000000001,0.8619,True
160,left_shoulder,1023.852,469.198,0.8233625399999998,0.2342297099999999,1.4426,0.8721,True
160,left_toe_tip,889.78,328.464,0.7654127999999999,-0.0966372730434782,-0.0601999999999998,0.9268,True
160,right_shoulder,,,,,,0.0213,False
160,right_toe_tip,918.572,430.2,0.8481911808695655,0.2137437391304347,-0.1311999999999998,0.8247,True
161,left_shoulder,1021.972,464.202,0.8062100321739131,0.2199341778260868,1.4742,0.8844,True
161,left_toe_tip,889.71,327.98400000000004,0.7610726521739132,-0.0975791999999998,-0.045,0.8934,True
161,right_shoulder,,,,,,0.0154,True
161,right_toe_tip,918.378,429.85,0.8559518330434784,0.2147735652173913,-0.1458000000000001,0.304,True
162,left_shoulder,1019.45,458.24,0.8038565760869566,0.208119304347826,1.454,0.9765,True
162,left_toe_tip,890.132,327.56000000000006,0.7566492999999999,-0.0981309999999998,-0.03,0.9081,True
162,right_shoulder,,,,,,0.0431,False
162,right_toe_tip,918.39,429.602,0.8556256130434782,0.2139202339130435,-0.1525999999999999,0.6359,True
163,left_shoulder,1017.262,453.864,0.7980731569565217,0.1985631704347827,1.4698,0.9327,True
163,left_toe_tip,890.368,327.418,0.7352110747826088,-0.0956777513043478,0.0514,0.9081,True
163,right_shoulder,,,,,,0.017,True
163,right_toe_tip,918.354,429.41,0.8562411086956524,0.213511195652174,-0.155,0.8003,True
164,left_shoulder,1015.026,449.174,0.7912233326086958,0.188137754347826,1.5155,0.8915,True
164,left_toe_tip,890.8380000000001,327.63,0.7109076100000002,-0.091740802173913,0.1455999999999999,0.8957,True
164,right_shoulder,,,,,,0.0139,True
164,right_toe_tip,918.318,429.258,0.854315252173913,0.2125919478260868,-0.149,0.771,True
165,left_shoulder,1012.778,444.972,0.7844545739130433,0.1788106434782609,1.5205,0.888,True
165,left_toe_tip,890.8209999999999,327.88100000000003,0.6844959616304345,-0.0876534492391303,0.2423000000000001,0.8929,True
165,right_shoulder,,,,,,0.0151,False
165,right_toe_tip,918.5,429.038,0.8519678260869564,0.2111962469565217,-0.1504000000000001,0.7796,True
166,left_shoulder,1010.562,441.4719999999999,0.7789052126086955,0.1712506017391303,1.4912,0.9059,True
166,left_toe_tip,890.667,328.197,0.6595539205434783,-0.0836799153260869,0.3323000000000002,0.8774,True
166,right_shoulder,,,,,,0.0127,True
166,right_toe_tip,918.99,428.946,0.84612815,0.2091012273913044,-0.1261999999999998,0.852,True
167,left_shoulder,1008.21,438.45200000000006,0.7671575304347826,0.1634530365217392,1.4862,0.9292,True
167,left_toe_tip,889.811,328.487,0.6334609585869566,-0.0799094322826087,0.4260999999999999,0.855,False
167,right_shoulder,,,,,,0.0146,True
167,right_toe_tip,919.048,428.47,0.8385999026086957,0.2057672347826086,-0.1008000000000001,0.8935,True
168,left_shoulder,1005.866,435.45,0.764500867826087,0.1576576956521738,1.4546,0.9412,True
168,left_toe_tip,888.951,328.779,0.6241363929347827,-0.0782730831521739,0.4525,0.5783,True
168,right_shoulder,,,,,,0.022,True
168,right_toe_tip,919.1,427.99799999999993,0.8286236304347828,0.2018801491304346,-0.0724,0.9019,True
169,left_shoulder,1004.134,433.072,0.7601693047826087,0.1525457426086956,1.4479000000000002,0.8948,True
169,left_toe_tip,887.3190000000001,325.39,0.6259590125000002,-0.0875971576086956,0.4365,0.4242,True
169,right_shoulder,,,,,,0.0388,False
169,right_toe_tip,918.866,427.334,0.8193204326086956,0.1978302195652174,-0.044,0.9488,True
170,left_shoulder,1002.7279999999998,430.754,0.7558936104347823,0.1474451834782609,1.4513,0.9005,True
170,left_toe_tip,885.5020000000001,318.533,0.6373979100000001,-0.1076609523913043,0.3934000000000001,0.4114,True
170,right_shoulder,,,,,,0.0373,False
170,right_toe_tip,918.0800000000002,427.08,0.8121749565217395,0.195917347826087,-0.017,0.9518,True
171,left_shoulder,1001.584,428.274,0.7524091408695653,0.1420692886956522,1.4501,0.9619,True
171,left_toe_tip,884.4619999999999,310.569,0.6487808904347822,-0.1311855756521738,0.3614000000000001,0.1766,True
171,right_shoulder,,,,,,0.0123,True
171,right_toe_tip,916.818,426.346,0.8108360286956522,0.194336087826087,-0.0198000000000001,0.9758,True
172,left_shoulder,1000.804,426.02,0.7475702008695649,0.1367905695652173,1.4578,0.9328,True
172,left_toe_tip,885.0869999999999,306.855,0.6546753288043474,-0.1419606929347825,0.3455,0.5097,True
172,right_shoulder,,,,,,0.0146,True
172,right_toe_tip,915.248,425.186,0.8089299373913043,0.191575985652174,-0.0178000000000001,0.9486,True
173,left_shoulder,999.65,423.504,0.7417390326086957,0.1309700973913044,1.4586,0.918,True
173,left_toe_tip,887.165,307.41700000000003,0.6539394853260869,-0.1391220438043477,0.3419000000000001,0.7729,True
173,right_shoulder,,,,,,0.0215,True
173,right_toe_tip,913.604,421.582,0.8050500304347827,0.1811983413043477,-0.016,0.8515,True
174,left_shoulder,998.36,421.552,0.7358844695652175,0.1263956939130434,1.4578,0.9413,True
174,left_toe_tip,889.461,311.674,0.6477580248913043,-0.1254847623913044,0.3730999999999999,0.1313,True
174,right_shoulder,,,,,,0.0273,True
174,right_toe_tip,913.552,416.058,0.8020425704347827,0.1643596186956521,-0.0224,0.8604,True
175,left_shoulder,997.054,420.312,0.732814524782609,0.1237838243478261,1.4548,0.947,True
175,left_toe_tip,891.789,319.246,0.6326745992391303,-0.1024032845652174,0.4413000000000002,0.8175,True
175,right_shoulder,,,,,,0.0213,True
175,right_toe_tip,913.822,407.36825,0.7944632815760874,0.1374335712160325,-0.002275,0.7021,True
176,left_shoulder,995.922,419.532,0.7324255765217389,0.1225065026086956,1.4498,0.902,True
176,left_toe_tip,893.757,327.90600000000006,0.6199669661956521,-0.078410525869565,0.4913000000000002,0.8892,True
176,right_shoulder,,,,,,0.0211,True
176,right_toe_tip,914.348,396.24875,0.7819588959782606,0.1033178026834238,0.017775,0.3243,True
177,left_shoulder,995.142,418.794,0.7314381104347827,0.1210900773913043,1.4482000000000002,0.8858,True
177,left_toe_tip,893.816,332.124,0.6356987252173912,-0.06981726,0.4318000000000002,0.9409,True
177,right_shoulder,,,,,,0.0214,True
177,right_toe_tip,915.258,382.8975,0.7668478444565219,0.0637906927989129,0.0589499999999998,0.0358,True
178,left_shoulder,994.844,418.2780000000001,0.73352426,0.1204707613043479,1.4412,0.8925,True
178,left_toe_tip,892.376,331.836,0.6694547721739129,-0.0747080713043479,0.3015999999999999,0.9392,True
178,right_shoulder,,,,,,0.0213,True
178,right_toe_tip,916.1,369.0625,0.7504968206521739,0.0246337466032608,0.09025,0.0495,True
179,left_shoulder,994.488,417.65,0.7326342208695654,0.1191475108695651,1.4376,0.8781,True
179,left_toe_tip,890.992,330.928,0.696830180869565,-0.08071272,0.1988000000000001,0.8944,True
179,right_shoulder,,,,,,0.0233,True
179,right_toe_tip,915.39,354.39375,0.7304195910326087,-0.0148695117187499,0.176875,0.023,True
180,left_shoulder,994.392,416.718,0.7336684817391305,0.1174185899999999,1.4344,0.8561,True
180,left_toe_tip,890.424,330.00000000000006,0.72062228,-0.086328260869565,0.1055999999999999,0.8434,True
180,right_shoulder,,,,,,0.0193,True
180,right_toe_tip,915.035,347.059375,0.720416066236413,-0.0338961737856657,0.1861875,0.0436,True
181,left_shoulder,994.376,415.394,0.7309390191304347,0.1142561460869564,1.4414,0.8401,True
181,left_toe_tip,889.97,328.90200000000004,0.7489318565217392,-0.0931723121739129,-0.0034,0.8669,True
181,right_shoulder,,,,,,0.0203,False
181,right_toe_tip,914.68,339.725,0.7104359347826087,-0.0524395244565218,0.1965,0.1547,True
182,left_shoulder,994.718,413.792,0.7322613321739132,0.1110453982608696,1.4398,0.8701,True
182,left_toe_tip,891.152,327.494,0.7610997565217392,-0.0985073130434781,-0.035,0.8653,True
182,right_shoulder,,,,,,0.0155,True
182,right_toe_tip,913.4966666666668,315.27708333333334,0.6773377818538651,-0.1107601110544987,0.3855416666666665,0.0388,False
183,left_shoulder,995.262,411.85,0.726819713478261,0.1060783369565217,1.4568,0.9225,True
183,left_toe_tip,890.412,327.362,0.7561898026086957,-0.0985596647826086,-0.0251999999999998,0.8557,True
183,right_shoulder,,,,,,0.0129,True
183,right_toe_tip,911.1066666666668,290.46541666666667,0.6518224462560387,-0.1671821750641606,0.3090416666666665,0.1453,True
184,left_shoulder,995.793,409.898,0.7269005682608696,0.1019437834782608,1.4674,0.9358,True
184,left_toe_tip,889.458,327.66,0.7542850699999999,-0.0977863173913044,-0.0228000000000001,0.6839,True
184,right_shoulder,,,,,,0.0181,True
184,right_toe_tip,907.8166666666666,270.2333333333333,0.6332505676328501,-0.2122526328502415,0.3436666666666665,0.7964,True
185,left_shoulder,996.145,407.996,0.7263809543478263,0.097890972173913,1.4751,0.8891,True
185,left_toe_tip,888.372,328.342,0.7581825269565217,-0.0966394860869565,-0.0494,0.5522,True
185,right_shoulder,,,,,,0.0372,True
185,right_toe_tip,905.3325,263.2125,0.651650851902174,-0.2377079959239131,0.2385,0.7729,True
186,left_shoulder,996.601,406.158,0.7245977276086958,0.0937910491304348,1.4866,0.9356,False
186,left_toe_tip,887.064,328.808,0.7570900313043477,-0.0955831373913043,-0.0541999999999998,0.887,True
186,right_shoulder,,,,,,0.0389,True
186,right_toe_tip,903.132,257.756,0.6657811626086956,-0.2586995469565218,0.1581999999999998,0.8209,True
187,left_shoulder,996.923,404.41,0.7268038567391305,0.0904322760869564,1.4866,0.9399,True
187,left_toe_tip,884.708,329.69,0.7511471652173911,-0.0930385217391304,-0.018,0.9298,True
187,right_shoulder,,,,,,0.0287,False
187,right_toe_tip,898.814,247.438,0.6730289278260869,-0.29271014,-0.0294,0.9028,True
188,left_shoulder,996.991,402.392,0.7299689882608694,0.086682424347826,1.4788,0.907,True
188,left_toe_tip,884.466,329.588,0.7513609365217392,-0.0934706208695653,-0.0215999999999999,0.849,True
188,right_shoulder,,,,,,0.0199,True
188,right_toe_tip,895.158,236.47600000000003,0.6609701582608696,-0.3199808660869564,0.1098000000000001,0.9218,True
189,left_shoulder,997.4093333333334,399.9686666666667,0.7323006449275363,0.0818923224637682,1.479,0.8924,True
189,left_toe_tip,884.8,329.47,0.7527067826086956,-0.0938731130434783,-0.0228000000000001,0.8908,True
189,right_shoulder,,,,,,0.0174,True
189,right_toe_tip,892.152,224.594,0.645563935652174,-0.3466687960869565,0.0205999999999999,0.8991,True
190,left_shoulder,998.178,397.14,0.7337977113043477,0.0760885565217391,1.4797,0.9113,True
190,left_toe_tip,885.6940000000001,329.882,0.7544942269565219,-0.0924884495652173,-0.0431999999999998,0.8269,True
190,right_shoulder,,,,,,0.0277,False
190,right_toe_tip,890.198,216.488,0.614779998695652,-0.3526339426086956,0.0654000000000001,0.9498,True
191,left_shoulder,998.97,393.932,0.7394001630434782,0.0698925434782607,1.4735,0.928,False
191,left_toe_tip,887.2760000000001,330.612,0.7587072747826088,-0.0901700504347827,-0.0578000000000001,0.8966,True
191,right_shoulder,,,,,,0.0194,False
191,right_toe_tip,888.5800000000002,209.338,0.5798939086956525,-0.3514682439130434,0.0698000000000001,0.9828,True
192,left_shoulder,999.97,390.36,0.7295652847826087,0.0615318,1.4999,0.9395,False
192,left_toe_tip,888.168,331.034,0.7604730713043478,-0.0887618991304348,-0.0541999999999998,0.5889,True
192,right_shoulder,,,,,,0.0167,True
192,right_toe_tip,887.61,203.272,0.5544310869565218,-0.3509344347826087,0.017,0.945,True
193,left_shoulder,1001.296,386.236,0.7208640626086955,0.0523465234782608,1.5204000000000002,0.9193,True
193,left_toe_tip,888.576,331.058,0.7604264069565217,-0.0885373530434782,-0.0554,0.6158,True
193,right_shoulder,,,,,,0.0261,False
193,right_toe_tip,886.24,201.082,0.5465992695652174,-0.3527634126086957,-0.0087,0.9398,True
194,left_shoulder,1002.4346666666668,381.9233333333333,0.7124204904347826,0.0430936478260868,1.5391,0.9388,True
194,left_toe_tip,888.872,330.89400000000006,0.7613319095652173,-0.0890390504347824,-0.0554,0.6499,True
194,right_shoulder,,,,,,0.0181,True
194,right_toe_tip,884.508,200.23200000000003,0.5420636052173914,-0.3541987095652174,-0.0135999999999999,0.9574,True
195,left_shoulder,1003.752,377.31,0.6991155286956523,0.0332690673913043,1.5788,0.9457,True
195,left_toe_tip,888.5840000000001,330.054,0.7610993600000003,-0.09168684,-0.0608000000000001,0.7792,True
195,right_shoulder,,,,,,0.0247,False
195,right_toe_tip,882.628,199.832,0.537579255652174,-0.3548765773913043,-0.0094,0.9078,True
196,left_shoulder,1005.266,371.932,0.6881293817391303,0.0224788504347825,1.6182999999999998,0.959,True
196,left_toe_tip,887.7819999999999,329.22799999999995,0.7589670391304345,-0.0942559739130436,-0.053,0.7963,True
196,right_shoulder,,,,,,0.0442,True
196,right_toe_tip,880.732,199.872,0.5343727069565217,-0.3554493495652174,-0.0072,0.9174,True
197,left_shoulder,1006.516,366.318,0.6907233052173912,0.0119066830434782,1.6307,0.8944,True
197,left_toe_tip,887.372,328.814,0.7583565095652174,-0.0956054286956521,-0.0554,0.8239,True
197,right_shoulder,,,,,,0.0449,True
197,right_toe_tip,878.756,200.068,0.5324777834782608,-0.356683127826087,-0.0088000000000001,0.8948,True
198,left_shoulder,1007.602,360.178,0.6897332308695653,0.000333982173913,1.6553,0.8524,True
198,left_toe_tip,887.2220000000001,328.63800000000003,0.7591865156521741,-0.0963086113043477,-0.0601999999999998,0.8225,True
198,right_shoulder,,,,,,0.028,True
198,right_toe_tip,877.126,199.986,0.5301312573913043,-0.3577356469565217,-0.0088000000000001,0.9536,True
199,left_shoulder,1008.572,354.956,0.6928352356521741,-0.0094816234782608,1.6606,0.8689,True
199,left_toe_tip,887.1540000000001,328.616,0.7593000713043482,-0.0964171060869565,-0.0614,0.8419,True
199,right_shoulder,,,,,,0.0168,False
199,right_toe_tip,875.89,199.672,0.5278807956521739,-0.3587861808695653,-0.0033000000000001,0.9482,True
200,left_shoulder,1009.716,349.42600000000004,0.6996473434782609,-0.0200101456521738,1.649,0.9121,True
200,left_toe_tip,886.906,328.498,0.7591822747826086,-0.0968618017391304,-0.0638000000000001,0.8562,True
200,right_shoulder,,,,,,0.0319,False
200,right_toe_tip,874.7940000000001,199.442,0.5249687586956524,-0.3589867456521738,-0.0015,0.9277,True
201,left_shoulder,1010.626,343.756,0.7051562504347827,-0.0309059756521739,1.6181,0.9109,True
201,left_toe_tip,886.674,328.34399999999994,0.7594341713043479,-0.0974591895652176,-0.0504,0.8543,True
201,right_shoulder,,,,,,0.0347,True
201,right_toe_tip,874.024,199.028,0.5213138973913043,-0.3585826269565217,0.0160999999999999,0.9203,True
202,left_shoulder,1011.74,337.412,0.7068716913043481,-0.0429515730434783,1.6105999999999998,0.9482,True
202,left_toe_tip,886.7479999999999,328.032,0.7603056852173912,-0.0985031373913044,-0.0528000000000001,0.8982,True
202,right_shoulder,,,,,,0.0497,True
202,right_toe_tip,873.508,198.626,0.5170679321739131,-0.3573381660869565,0.0077999999999999,0.9312,True
203,left_shoulder,1013.392,331.27000000000004,0.7116364486956523,-0.0547556326086955,1.6065999999999998,0.9692,True
203,left_toe_tip,887.314,327.71,0.7620497034782608,-0.0994953173913044,-0.0698000000000001,0.9049,True
203,right_shoulder,,,,,,0.0199,True
203,right_toe_tip,873.1879999999999,198.416,0.5136219165217389,-0.3559063234782609,0.0215999999999999,0.9087,True
204,left_shoulder,1015.122,325.14,0.7137919273913044,-0.0663325173913043,1.6054000000000002,0.9326,True
204,left_toe_tip,887.86,327.39,0.7634088000000001,-0.1004388,-0.0685999999999999,0.8751,True
204,right_shoulder,,,,,,0.0226,True
204,right_toe_tip,872.8520000000001,198.2,0.5098446400000003,-0.3542716521739131,0.0335999999999999,0.9052,True
205,left_shoulder,1016.502,318.95,0.7164178273913044,-0.0781110108695652,1.6054000000000002,0.9685,True
205,left_toe_tip,888.5939999999998,327.148,0.7656695199999995,-0.1011841600000001,-0.0745999999999999,0.8579,True
205,right_shoulder,,,,,,0.0191,True
205,right_toe_tip,872.594,198.14,0.508622401304348,-0.3539455956521738,0.0362,0.9102,True
206,left_shoulder,1018.4060000000002,313.054,0.7173261565217395,-0.0889932869565217,1.612,0.9717,True
206,left_toe_tip,888.952,327.586,0.76547328,-0.099666003478261,-0.0698000000000001,0.858,True
206,right_shoulder,,,,,,0.017,False
206,right_toe_tip,872.35,198.228,0.5098567173913044,-0.3549840365217391,0.0292,0.9101,True
207,left_shoulder,1020.362,307.44,0.7187188052173911,-0.0993155478260869,1.6176,0.947,True
207,left_toe_tip,888.918,328.19,0.7647193860869566,-0.097725852173913,-0.0674,0.7884,True
207,right_shoulder,,,,,,0.0144,True
207,right_toe_tip,872.028,198.294,0.5091501373913044,-0.3548392095652175,0.0292,0.9283,True
208,left_shoulder,1022.458,302.212,0.7231781921739129,-0.1092695704347826,1.6244,0.9184,True
208,left_toe_tip,888.2959999999999,328.328,0.7611891721739129,-0.097095335652174,-0.0554,0.701,True
208,right_shoulder,,,,,,0.0101,True
208,right_toe_tip,871.79,198.358,0.5086278826086956,-0.3546987713043478,0.0292,0.9196,True
209,left_shoulder,1024.606,295.66200000000003,0.7253167500000001,-0.1213330760869564,1.629,0.8863,True
209,left_toe_tip,887.7459999999999,328.614,0.7578873286956518,-0.096013867826087,-0.0494,0.7576,True
209,right_shoulder,,,,,,0.0142,True
209,right_toe_tip,871.676,198.38,0.5088310060869566,-0.3549667086956521,0.0414,0.9136,True
210,left_shoulder,1026.944,289.416,0.7285482573913042,-0.1328973965217391,1.6148,0.9332,True
210,left_toe_tip,887.7119999999999,328.482,0.7508904626086953,-0.0955406504347825,-0.0238000000000001,0.8417,True
210,right_shoulder,,,,,,0.0156,True
210,right_toe_tip,871.6720000000001,198.332,0.5089733113043481,-0.3551775669565217,0.0407999999999999,0.9108,True
211,left_shoulder,1029.374,283.436,0.7314305943478261,-0.1438238095652174,1.5938,0.9617,True
211,left_toe_tip,888.1720000000001,327.676,0.7439764956521744,-0.0969017304347826,0.007,0.8184,True
211,right_shoulder,,,,,,0.0108,True
211,right_toe_tip,871.5560000000002,198.17,0.5072586547826091,-0.3545132413043478,0.0465999999999999,0.8755,True
212,left_shoulder,1031.612,277.882,0.7346981652173915,-0.1540605086956521,1.587,0.9217,True
212,left_toe_tip,889.0260000000001,326.358,0.735330469130435,-0.0993389752173913,0.0424,0.861,True
212,right_shoulder,,,,,,0.0139,True
212,right_toe_tip,871.378,198.06,0.5073717143478262,-0.3551062565217391,0.0445999999999999,0.8809,True
213,left_shoulder,1033.3539999999998,272.312,0.7382228439130432,-0.1645675008695651,1.5909,0.8779,True
213,left_toe_tip,889.874,325.66,0.7219185782608697,-0.0992127391304347,0.095,0.8637,True
213,right_shoulder,,,,,,0.0126,True
213,right_toe_tip,870.9639999999999,198.034,0.507116608695652,-0.3556209999999999,0.042,0.9258,True
214,left_shoulder,1034.8560000000002,267.314,0.7399258086956526,-0.1736855043478261,1.598,0.9766,True
214,left_toe_tip,889.5362857142857,323.2557142857143,0.7064279253682342,-0.1040217035048801,0.1545142857142855,0.8126,True
214,right_shoulder,,,,,,0.0113,True
214,right_toe_tip,870.4280000000001,198.094,0.5064406695652176,-0.3558412304347825,0.04,0.8699,True
215,left_shoulder,1035.994,262.352,0.7401644373913046,-0.1825168486956522,1.6024,0.8943,True
215,left_toe_tip,887.4548571428571,319.6531428571428,0.6918130791836734,-0.1127982848979592,0.192942857142857,0.7649,True
215,right_shoulder,,,,,,0.0176,True
215,right_toe_tip,869.742,198.246,0.507629932173913,-0.357406012173913,0.0407,0.9194,True
216,left_shoulder,1036.686,257.37,0.7397331539130437,-0.1913826391304347,1.6189,0.9032,True
216,left_toe_tip,884.0437142857143,314.5842857142857,0.6770394112067435,-0.1259947569210292,0.2506857142857143,0.6748,False
216,right_shoulder,,,,,,0.017,True
216,right_toe_tip,869.122,198.498,0.5083021760869564,-0.3582886760869565,0.0325,0.858,True
217,left_shoulder,1037.004,252.676,0.7387726608695651,-0.1997159652173913,1.6225,0.9306,True
217,left_toe_tip,879.3628571428571,308.41714285714284,0.6623735212954748,-0.1427419405501331,0.2841428571428573,0.2799,True
217,right_shoulder,,,,,,0.0138,True
217,right_toe_tip,868.512,198.888,0.5094824069565216,-0.3592097113043478,0.0558000000000001,0.8728,True
218,left_shoulder,1037.192,248.458,0.7373955826086958,-0.2070801478260869,1.618,0.868,True
218,left_toe_tip,873.7342857142858,300.6457142857143,0.6517339392191661,-0.1655007622005324,0.2647142857142853,0.2447,True
218,right_shoulder,,,,,,0.0162,True
218,right_toe_tip,868.0880000000001,199.228,0.5109171200000001,-0.3601292799999999,0.0461999999999998,0.8962,True
219,left_shoulder,1037.628,244.98,0.7380321443478259,-0.2134871217391304,1.6099,0.9099,True
219,left_toe_tip,870.9200000000001,296.76,0.6463250000000003,-0.1770032608695652,0.261,0.1066,True
219,right_shoulder,,,,,,0.0155,True
219,right_toe_tip,867.6779999999999,199.536,0.5105926626086953,-0.3598579617391303,0.0438000000000001,0.9604,True
220,left_shoulder,1038.308,241.74,0.7379088643478262,-0.2190895043478261,1.6085999999999998,0.8716,True
220,left_toe_tip,863.8842857142857,287.04571428571427,0.632542636424135,-0.2061185137533275,0.2427142857142853,0.1192,True
220,right_shoulder,,,,,,0.0128,True
220,right_toe_tip,867.358,199.942,0.5116543513043478,-0.3602000904347826,0.0365999999999999,0.9479,True
221,left_shoulder,1038.594,239.07,0.738178757826087,-0.223957102173913,1.6012,0.8748,True
221,left_toe_tip,859.1857142857143,277.7112857142857,0.6216093243123337,-0.2333702826042592,0.2483857142857141,0.1135,True
221,right_shoulder,,,,,,0.0133,True
221,right_toe_tip,867.048,200.26,0.5125855391304348,-0.3606304130434782,0.05,0.9454,True
222,left_shoulder,1039.298,236.62000000000003,0.738874907826087,-0.2283066434782608,1.6025999999999998,0.9174,True
222,left_toe_tip,856.8242857142857,268.7567142857143,0.6138214724489796,-0.2583063414862466,0.2495142857142859,0.679,True
222,right_shoulder,,,,,,0.0103,True
222,right_toe_tip,866.892,200.46,0.5138610556521741,-0.3613234173913044,0.0434,0.9737,True
223,left_shoulder,1039.644,234.39,0.7398626747826087,-0.2325423391304347,1.5938,0.9324,True
223,left_toe_tip,856.8,260.182,0.6092551304347825,-0.2805102795652173,0.2085999999999999,0.1074,True
223,right_shoulder,,,,,,0.0143,True
223,right_toe_tip,866.632,200.588,0.5152429252173912,-0.3624197165217391,0.0354,0.9461,True
224,left_shoulder,1040.2099999999998,231.894,0.7396924826086954,-0.2367733069565217,1.5966,0.8847,True
224,left_toe_tip,858.6600000000001,257.056,0.6099187956521741,-0.2871466226086956,0.1758000000000001,0.1205,True
224,right_shoulder,,,,,,0.0149,True
224,right_toe_tip,866.296,200.584,0.5178734765217392,-0.3648200504347826,0.0215999999999999,0.9182,True
225,left_shoulder,1040.39,229.986,0.7408085413043479,-0.2405541639130434,1.5948,0.8889,True
225,left_toe_tip,862.3800000000001,250.804,0.6110132217391308,-0.3000278791304347,0.1631999999999998,0.0778,True
225,right_shoulder,,,,,,0.0119,True
225,right_toe_tip,865.586,200.222,0.5165919400000001,-0.36589162,0.0151999999999998,0.9095,True
226,left_shoulder,1040.592,228.582,0.7419660521739132,-0.2434089913043477,1.593,0.8777,True
226,left_toe_tip,865.1020000000001,245.81440000000003,0.6153799327826088,-0.3121586074434781,0.15992,0.1677,True
226,right_shoulder,,,,,,0.0109,True
226,right_toe_tip,864.9900000000001,199.878,0.5155694760869567,-0.3669230439130434,0.0138000000000001,0.89,True
227,left_shoulder,1040.568,227.474,0.74270532,-0.24572049,1.5912,0.8798,True
227,left_toe_tip,864.238,242.6732,0.6096933725217393,-0.3190064680347826,0.1685599999999999,0.4545,True
227,right_shoulder,,,,,,0.0128,True
227,right_toe_tip,864.05,200.29,0.5160943043478259,-0.3678885130434782,0.0338000000000001,0.7827,True
228,left_shoulder,1040.276,226.754,0.7421639139130436,-0.2470554639130435,1.5912,0.8947,True
228,left_toe_tip,859.2180000000001,239.9244,0.6005334141739131,-0.3289392751826085,0.1497200000000002,0.3219,True
228,right_shoulder,,,,,,0.0132,True
228,right_toe_tip,864.2220000000001,203.07266666666663,0.5221935404347828,-0.3654701134782608,0.0264,0.7973,True
229,left_shoulder,1039.6240000000005,226.114,0.7407812713043482,-0.2481838960869565,1.5916,0.8903,True
229,left_toe_tip,851.284,236.612,0.586588687826087,-0.3425626408695652,0.0938000000000001,0.6411,True
229,right_shoulder,,,,,,0.014,True
229,right_toe_tip,865.45,208.304,0.5346595760869566,-0.3597503617391304,0.0591999999999998,0.3146,True
230,left_shoulder,1039.032,225.382,0.7395103913043477,-0.2494822717391304,1.592,0.8972,True
230,left_toe_tip,840.858,232.182,0.565109616521739,-0.3596131643478261,0.0335999999999999,0.8849,True
230,right_shoulder,,,,,,0.0133,True
230,right_toe_tip,868.104,216.074,0.5539456052173913,-0.349521162173913,0.1128000000000001,0.0731,True
231,left_shoulder,1038.266,224.38,0.7385236913043479,-0.251486652173913,1.591,0.8882,True
231,left_toe_tip,828.716,225.744,0.5305381113043479,-0.3774344765217391,0.0020999999999999,0.9653,True
231,right_shoulder,,,,,,0.0131,True
231,right_toe_tip,871.432,223.812,0.5756619443478262,-0.3387528469565218,0.1715999999999999,0.0333,True
232,left_shoulder,1037.498,223.544,0.735630537826087,-0.2525325930434782,1.5904,0.8184,True
232,left_toe_tip,819.4119999999999,218.718,0.5060588478260868,-0.3985073804347825,-0.014,0.9354,True
232,right_shoulder,,,,,,0.0211,True
232,right_toe_tip,875.086,230.762,0.5953297421739131,-0.3272811873913043,0.1871999999999998,0.4035,True
233,left_shoulder,1037.102,222.56,0.7337754347826088,-0.2539652173913043,1.593,0.8584,True
233,left_toe_tip,811.476,210.814,0.479387252173913,-0.4170721652173914,-0.0385,0.9269,True
233,right_shoulder,,,,,,0.0141,False
233,right_toe_tip,877.2220000000001,234.84533333333331,0.6119296200000002,-0.3228446249275362,0.2078000000000001,0.7289,True
234,left_shoulder,1036.1820000000002,221.432,0.7313864226086961,-0.2558085773913043,1.5906,0.8682,True
234,left_toe_tip,804.498,203.334,0.4506887595652175,-0.429230782173913,-0.0205999999999999,0.924,True
234,right_shoulder,,,,,,0.0133,False
234,right_toe_tip,879.086,236.566,0.6220913769565218,-0.3211699013043479,0.1871999999999998,0.7292,True
235,left_shoulder,1034.188,220.66800000000003,0.7283051765217389,-0.2574310147826086,1.5892,0.8875,True
235,left_toe_tip,798.2940000000001,196.102,0.4226449800000002,-0.4376076599999999,0.0175999999999999,0.961,True
235,right_shoulder,,,,,,0.0104,True
235,right_toe_tip,879.76,235.88,0.6270245217391305,-0.3246007826086955,0.15,0.7788,True
236,left_shoulder,1032.322,219.786,0.7234929404347823,-0.2585729047826087,1.5924,0.9149,True
236,left_toe_tip,793.136,190.33,0.4021817426086955,-0.4456050586956522,-0.0011999999999998,0.9048,True
236,right_shoulder,,,,,,0.0107,True
236,right_toe_tip,878.952,234.142,0.6316644173913043,-0.3327028869565217,0.119,0.7368,True
237,left_shoulder,1030.216,218.51800000000003,0.7194395426086956,-0.2608497482608695,1.5883,0.9475,True
237,left_toe_tip,787.146,183.576,0.3805003630434782,-0.456209452173913,-0.022,1.0,True
237,right_shoulder,,,,,,0.0108,True
237,right_toe_tip,877.1600000000001,230.918,0.6300722521739133,-0.3429372004347826,0.0703000000000001,0.5479,True
238,left_shoulder,1027.972,217.144,0.7149649226086956,-0.2632587634782609,1.5891,0.9219,True
238,left_toe_tip,782.384,178.3,0.3633577773913044,-0.4636905,0.0071999999999998,0.9511,True
238,right_shoulder,,,,,,0.0101,True
238,right_toe_tip,875.3299999999999,227.254,0.620708454347826,-0.3501320039130435,0.0689,0.5802,True
239,left_shoulder,1025.534,216.032,0.7106397360869566,-0.2653705808695652,1.5887,0.9034,True
239,left_toe_tip,778.4359999999999,174.126,0.3526205678260867,-0.4734534039130434,0.0035999999999999,0.9541,True
239,right_shoulder,,,,,,0.0131,True
239,right_toe_tip,872.25,223.006,0.6093533152173913,-0.359430562173913,0.0351999999999998,0.4741,True
240,left_shoulder,1023.658,214.62,0.7051800847826089,-0.2672147608695653,1.5975,0.8941,True
240,left_toe_tip,774.7099999999999,171.648,0.3445940369565216,-0.4818126052173913,-0.0089,0.9176,True
240,right_shoulder,,,,,,0.0126,True
240,right_toe_tip,869.0279999999999,218.644,0.5957715321739128,-0.3677099773913043,-0.0231999999999998,0.6694,True
241,left_shoulder,1021.222,213.302,0.7000396160869566,-0.2693821752173913,1.5991,0.9105,True
241,left_toe_tip,771.4,169.62399999999997,0.3366125217391304,-0.4876936486956523,-0.0168000000000001,0.8889,True
241,right_shoulder,,,,,,0.0148,True
241,right_toe_tip,866.234,215.20600000000005,0.5766999747826087,-0.3690987921739129,-0.0151999999999998,0.8714,True
242,left_shoulder,1017.982,212.012,0.69441867,-0.2718796930434782,1.6023,0.9257,True
242,left_toe_tip,768.28,168.502,0.3288429913043477,-0.4909009599999999,-0.0184,0.8615,True
242,right_shoulder,,,,,,0.0195,True
242,right_toe_tip,864.3220000000001,213.002,0.5621704382608699,-0.3683897704347826,0.0084,0.888,True
243,left_shoulder,1014.218,210.45,0.6872594921739132,-0.2746518260869565,1.6034000000000002,0.8692,True
243,left_toe_tip,765.5779999999999,167.38799999999998,0.3227081604347822,-0.494970967826087,-0.0011999999999998,0.8923,True
243,right_shoulder,,,,,,0.0095,True
243,right_toe_tip,863.1119999999999,211.876,0.5529297391304343,-0.3670899130434783,0.015,0.9058,True
244,left_shoulder,1009.82,208.52,0.6793432608695652,-0.2782621739130435,1.619,0.855,True
244,left_toe_tip,762.818,166.222,0.3156155604347825,-0.4979673343478261,0.0058000000000001,0.9149,True
244,right_shoulder,,,,,,0.0304,True
244,right_toe_tip,862.5699999999999,211.426,0.5464093499999999,-0.36474917,0.0424,0.9226,True
245,left_shoulder,1004.86,206.406,0.6710251304347826,-0.2824793999999999,1.63,0.9003,True
245,left_toe_tip,760.5559999999999,165.314,0.3107986095652172,-0.5019089726086957,-0.0018000000000001,0.9255,True
245,right_shoulder,,,,,,0.0189,True
245,right_toe_tip,862.3,211.084,0.5411555217391303,-0.3625133408695651,0.0614,0.9229,True
246,left_shoulder,998.788,204.164,0.664147786956522,-0.2884659869565217,1.619,0.8803,True
246,left_toe_tip,758.574,164.50799999999998,0.3067715595652172,-0.5057718026086957,0.0048000000000001,0.9293,True
246,right_shoulder,,,,,,0.0293,True
246,right_toe_tip,862.5139999999999,210.83,0.5402252939130432,-0.3621588173913043,0.0674,0.9187,True
247,left_shoulder,993.896,202.27,0.6557846747826088,-0.2922805478260869,1.6002,0.9248,True
247,left_toe_tip,757.242,163.792,0.3036567799999999,-0.50817872,-0.0003000000000001,0.9457,True
247,right_shoulder,,,,,,0.0153,True
247,right_toe_tip,862.8520000000001,210.89,0.541045899130435,-0.3620131478260869,0.0614,0.8674,True
248,left_shoulder,988.564,200.086,0.6465862199999999,-0.2966404699999999,1.5904,0.8972,True
248,left_toe_tip,756.176,163.338,0.3006937947826087,-0.5090125591304347,0.0228000000000001,0.9681,True
248,right_shoulder,,,,,,0.0146,True
248,right_toe_tip,863.1046666666667,211.0053333333333,0.5417239978743963,-0.361776325410628,0.0611333333333332,0.4472,True
249,left_shoulder,983.082,197.986,0.6364171099999999,-0.30053597,1.5824,0.8992,True
249,left_toe_tip,755.282,163.10399999999998,0.2985051960869566,-0.5098322295652173,0.0468000000000001,0.9712,True
249,right_shoulder,,,,,,0.0142,True
249,right_toe_tip,863.2719999999999,211.218,0.5422597356521738,-0.3613461965217391,0.0605999999999999,0.4613,True
250,left_shoulder,976.788,195.468,0.6244488808695654,-0.3050637886956521,1.5787,0.947,True
250,left_toe_tip,754.5040000000001,162.906,0.2962666539130438,-0.5099593017391305,0.0485999999999999,0.956,True
250,right_shoulder,,,,,,0.016,True
250,right_toe_tip,863.5600000000001,211.67,0.5431536000000001,-0.3603774086956521,0.0598000000000001,0.0915,True
251,left_shoulder,970.782,192.714,0.6091422439130434,-0.3080608056521739,1.5858,0.8944,True
251,left_toe_tip,753.6560000000001,162.612,0.2962962504347828,-0.5145819339130435,0.0305999999999999,0.957,True
251,right_shoulder,,,,,,0.0175,True
251,right_toe_tip,864.7880000000001,212.95,0.5462837069565221,-0.3573634673913043,0.0781999999999998,0.1909,True
252,left_shoulder,963.234,189.406,0.5938370726086957,-0.3134108465217392,1.5738,0.8895,True
252,left_toe_tip,752.554,162.206,0.2941574321739129,-0.5169303191304349,0.0245999999999999,0.9356,True
252,right_shoulder,,,,,,0.0254,True
252,right_toe_tip,866.7,215.54,0.5562035217391305,-0.3544294695652172,0.0898000000000001,0.5185,True
253,left_shoulder,954.604,186.716,0.577366732173913,-0.3180138104347826,1.5676,0.9022,True
253,left_toe_tip,751.404,161.948,0.2935253217391304,-0.5218239652173913,0.025,0.9128,True
253,right_shoulder,,,,,,0.0225,True
253,right_toe_tip,868.1353333333334,217.41266666666667,0.562932200772947,-0.3518394112077295,0.0868666666666667,0.3738,True
254,left_shoulder,946.286,183.904,0.5616353065217392,-0.3229064695652174,1.565,0.9161,True
254,left_toe_tip,750.4300000000001,161.714,0.2934317152173915,-0.5268803865217391,0.0274,0.9405,True
254,right_shoulder,,,,,,0.0221,True
254,right_toe_tip,869.9619999999999,219.2452,0.5714455716521736,-0.3497695582260869,0.0838400000000001,0.3985,True
255,left_shoulder,938.232,181.626,0.5461535582608694,-0.3266570817391304,1.5552,0.9226,True
255,left_toe_tip,749.48,161.526,0.2922878,-0.5298824334782608,0.0158000000000001,0.9496,True
255,right_shoulder,,,,,,0.0211,True
255,right_toe_tip,872.18,221.03760000000003,0.5817825113043477,-0.3482035233391303,0.0772200000000002,0.5437,True
256,left_shoulder,930.218,179.44400000000002,0.5312251217391305,-0.3304959826086956,1.4975,0.9218,True
256,left_toe_tip,748.804,161.32999999999998,0.2902701495652173,-0.5300170086956523,0.0295999999999999,0.9736,True
256,right_shoulder,,,,,,0.0301,True
256,right_toe_tip,873.758,222.15320000000003,0.5918549292173914,-0.349016110921739,0.0766400000000003,0.2018,True
257,left_shoulder,922.192,177.458,0.51641136,-0.33405186,1.4269,0.9114,True
257,left_toe_tip,748.394,161.192,0.290448792173913,-0.5327190017391303,0.0048000000000001,0.9769,True
257,right_shoulder,,,,,,0.0173,True
257,right_toe_tip,875.05,222.032,0.5964649239130434,-0.3501087965217391,0.0674,0.126,True
258,left_shoulder,914.834,175.31400000000002,0.502468247826087,-0.3376541869565217,1.392,0.8781,True
258,left_toe_tip,748.1,160.834,0.289661,-0.5336782860869564,0.0048000000000001,0.9807,True
258,right_shoulder,,,,,,0.0148,True
258,right_toe_tip,877.2099999999998,222.588,0.6062778195652169,-0.3512071486956522,0.0460999999999999,0.1791,True
259,left_shoulder,907.414,173.226,0.4882049504347825,-0.3409843591304348,1.3944,0.8778,True
259,left_toe_tip,747.9300000000001,160.62,0.2887831391304349,-0.5334715304347826,0.0084,0.9817,True
259,right_shoulder,,,,,,0.0191,True
259,right_toe_tip,879.5899999999999,222.8608,0.6160692256521738,-0.3526325837913043,0.0518599999999996,0.1848,True
260,left_shoulder,900.108,171.14600000000002,0.474527464347826,-0.344535384347826,1.3885999999999998,0.9102,True
260,left_toe_tip,747.874,160.466,0.2893837304347826,-0.5352716434782608,0.011,0.9714,True
260,right_shoulder,,,,,,0.0121,True
260,right_toe_tip,881.6479999999999,222.6604,0.6235358914782606,-0.3543839382956522,0.0110799999999999,0.5323,True
261,left_shoulder,893.1560000000002,169.07999999999998,0.4617345304347829,-0.3482214782608696,1.375,0.8306,True
261,left_toe_tip,747.814,160.324,0.2896446547826086,-0.5364339147826087,0.0074,0.9759,True
261,right_shoulder,,,,,,0.0182,True
261,right_toe_tip,882.6700000000001,221.6248,0.6259408878260873,-0.3569237876173913,0.00746,0.6362,True
262,left_shoulder,885.778,167.776,0.4518575100000001,-0.3533996452173912,1.3196,0.8785,True
262,left_toe_tip,747.6719999999999,160.19,0.2899185634782606,-0.5380101434782608,0.0018000000000001,0.9631,True
262,right_shoulder,,,,,,0.0337,True
262,right_toe_tip,882.142,219.81,0.6200414386956523,-0.3589778282608696,0.0121999999999998,0.7579,True
263,left_shoulder,879.9280000000001,166.884,0.4417804695652176,-0.3555853304347826,1.24,0.8615,True
263,left_toe_tip,747.62,160.02800000000002,0.2896615695652174,-0.5382289852173913,0.0028000000000001,0.9601,True
263,right_shoulder,,,,,,0.0276,True
263,right_toe_tip,881.18,217.886,0.6093465130434781,-0.3590541104347827,0.0245999999999999,0.7988,True
264,left_shoulder,874.6,165.932,0.433041,-0.3582242147826087,1.1878,0.909,True
264,left_toe_tip,747.5379999999999,159.936,0.2894408647826084,-0.5384766052173913,0.0028000000000001,0.948,True
264,right_shoulder,,,,,,0.0195,True
264,right_toe_tip,878.93,215.562,0.5956628782608695,-0.3600902139130435,0.0404,0.6616,True
265,left_shoulder,869.768,165.26799999999997,0.4249709008695653,-0.3601695339130435,1.1559,0.9076,True
265,left_toe_tip,747.462,159.872,0.289329754347826,-0.5388228869565217,0.002,0.9469,True
265,right_shoulder,,,,,,0.0194,True
265,right_toe_tip,875.774,213.32,0.5790301908695653,-0.3602269478260869,0.0225999999999999,0.6603,True
266,left_shoulder,865.0459999999999,165.31199999999998,0.417313560869565,-0.3610192695652174,1.136,0.9143,True
266,left_toe_tip,747.4460000000001,159.83,0.2894034652173917,-0.5391535434782608,0.001,0.9562,True
266,right_shoulder,,,,,,0.0377,True
266,right_toe_tip,872.642,211.334,0.5632465117391307,-0.3599333134782609,0.0265999999999999,0.6847,True
267,left_shoulder,861.316,165.11999999999998,0.408231795652174,-0.3594688695652174,1.133,0.9157,True
267,left_toe_tip,747.4780000000001,159.842,0.2897233043478263,-0.5395563478260869,-0.001,0.9171,True
267,right_shoulder,,,,,,0.022,True
267,right_toe_tip,869.7299999999999,209.52400000000003,0.5527503565217389,-0.3620583408695651,0.0274,0.7742,True
268,left_shoulder,857.244,164.462,0.4004845913043478,-0.360470052173913,1.107,0.9021,True
268,left_toe_tip,747.468,159.876,0.2899066113043477,-0.5398562426086957,-0.0028000000000001,0.8986,True
268,right_shoulder,,,,,,0.0163,True
268,right_toe_tip,866.122,207.228,0.5387602434782608,-0.363995895652174,0.036,0.8853,True
269,left_shoulder,853.3119999999999,164.296,0.3928186852173911,-0.3603931704347827,1.0878,0.9487,True
269,left_toe_tip,747.43,159.848,0.2904580239130434,-0.541150092173913,-0.0084,0.9005,True
269,right_shoulder,,,,,,0.0239,True
269,right_toe_tip,862.7,204.814,0.5244100869565218,-0.3654292939130434,0.0555999999999999,0.9129,True
270,left_shoulder,849.702,164.26,0.3855781556521739,-0.3599062869565217,1.0904,0.935,True
270,left_toe_tip,747.414,159.824,0.2898776947826086,-0.5402141008695652,-0.0038000000000001,0.9093,True
270,right_shoulder,,,,,,0.0253,True
270,right_toe_tip,859.3299999999999,202.09,0.5109912195652173,-0.3678959717391304,0.0620999999999999,0.8709,True
271,left_shoulder,846.336,164.16199999999998,0.380151652173913,-0.3608102282608696,1.084,0.859,True
271,left_toe_tip,747.37,159.79,0.2887786173913043,-0.5384778521739131,0.0045999999999999,0.9235,True
271,right_shoulder,933.15,29.96,0.4180573913043478,-0.4706657391304348,1.7835,0.0322,True
271,right_toe_tip,856.0780000000001,199.072,0.4976370286956524,-0.3706241808695652,0.0571999999999998,0.821,True
272,left_shoulder,843.332,163.79,0.3767830365217391,-0.3635856608695652,1.0657,0.8859,True
272,left_toe_tip,747.264,159.784,0.2876074295652174,-0.5368400313043479,0.0121999999999998,0.9301,True
272,right_shoulder,931.73,29.218333333333334,0.4176706865942028,-0.4735810709541062,1.7788333333333337,0.085,True
272,right_toe_tip,853.3219999999999,196.53,0.4840554426086954,-0.370934752173913,0.0584,0.7062,True
273,left_shoulder,840.684,163.866,0.3723560739130434,-0.3639138456521739,1.052,0.8415,True
273,left_toe_tip,747.1740000000001,159.84199999999998,0.286527359130435,-0.5351180617391305,0.0194,0.9318,True
273,right_shoulder,930.31,28.47666666666667,0.4172680326086956,-0.4765047330917873,1.7731666666666668,0.3711,True
273,right_toe_tip,851.226,194.474,0.4759931991304348,-0.3730092426086956,0.0638000000000001,0.6879,True
274,left_shoulder,838.528,163.924,0.3693052382608696,-0.3647439852173913,1.0331,0.9442,True
274,left_toe_tip,747.216,159.72199999999998,0.285753947826087,-0.5337844086956522,0.008,0.9197,True
274,right_shoulder,928.89,27.735,0.416849429347826,-0.4794367255434782,1.768,0.2716,True
274,right_toe_tip,847.1477777777778,191.54177777777775,0.4639860043746647,-0.3773260725818572,0.0633111111111111,0.3597,True
275,left_shoulder,836.844,164.132,0.3685262017391306,-0.3666989600000001,0.2135999999999999,0.9441,True
275,left_toe_tip,747.212,159.63600000000002,0.2852305339130434,-0.5330553547826087,0.0124,0.9182,True
275,right_shoulder,927.36,27.186,0.4136734608695652,-0.4791074582608696,1.7711,0.2785,True
275,right_toe_tip,841.3813333333334,187.63333333333333,0.4489198519806764,-0.38424027294686,0.0461333333333332,0.346,True
276,left_shoulder,835.624,164.158,0.3677305930434783,-0.3681403856521739,0.2065999999999999,0.9679,True
276,left_toe_tip,747.21,159.55599999999998,0.2837802086956523,-0.5305665530434783,0.0248000000000001,0.9047,True
276,right_shoulder,924.22,25.7,0.4094621608695653,-0.4816100217391305,1.7706,0.502,True
276,right_toe_tip,833.6446666666667,182.92066666666665,0.4305506744444444,-0.3937192162801932,0.0244666666666666,0.118,True
277,left_shoulder,834.698,164.128,0.3659899143478261,-0.3681967791304348,0.1985999999999999,0.9634,True
277,left_toe_tip,747.336,159.45999999999998,0.281850335652174,-0.5265918826086958,0.0441999999999998,0.9016,True
277,right_shoulder,921.048,24.21666666666667,0.4049698022028985,-0.4838394512077293,1.7703466666666667,0.4933,True
277,right_toe_tip,823.8777777777777,176.65777777777777,0.4079066451959204,-0.4067185915190553,0.0276111111111108,0.0442,True
278,left_shoulder,833.4799999999999,164.152,0.366476356521739,-0.3709616573913043,0.1854000000000001,0.9057,True
278,left_toe_tip,747.458,159.608,0.2805354613043477,-0.5231538104347827,0.0581999999999998,0.8911,True
278,right_shoulder,917.844,22.736,0.4002040815652175,-0.4857921328695652,1.77084,0.3733,True
278,right_toe_tip,811.7166666666667,168.82666666666665,0.3802653140096618,-0.423351961352657,-0.0083333333333332,0.0445,True
279,left_shoulder,832.2720000000002,164.142,0.366403554782609,-0.3732372234782609,0.1717999999999999,0.8704,True
279,left_toe_tip,747.478,159.918,0.2779474539130434,-0.5174294504347826,0.0998000000000001,0.9006,True
279,right_shoulder,914.608,21.258000000000003,0.3951728514782607,-0.4874644659130435,1.77208,0.2064,True
279,right_toe_tip,805.6361111111112,164.9111111111111,0.3664798980139561,-0.431645947396672,-0.0175555555555554,0.1193,True
280,left_shoulder,831.3880000000001,163.61999999999998,0.365218231304348,-0.3747442695652174,0.1694,0.8581,True
280,left_toe_tip,747.6479999999999,160.56599999999997,0.2771467965217388,-0.5134558395652175,0.1104000000000001,0.9007,True
280,right_shoulder,911.45,19.59,0.3924812934782609,-0.4921884586956522,1.7548,0.1354,True
280,right_toe_tip,799.5555555555557,160.9955555555555,0.3527179817498659,-0.4399248008588298,-0.0267777777777776,0.0421,True
281,left_shoulder,830.7239999999999,162.91799999999998,0.3631633730434781,-0.3752698343478262,0.1732,0.8558,True
281,left_toe_tip,747.808,161.18200000000002,0.2776524730434783,-0.5120427926086957,0.1095999999999999,0.9159,True
281,right_shoulder,908.45,18.12,0.3900695217391305,-0.496766504347826,1.7407,0.2712,True
281,right_toe_tip,793.475,157.07999999999998,0.3389795652173913,-0.4481885217391304,-0.0579999999999997,0.0245,True
282,left_shoulder,830.158,162.344,0.3614242160869566,-0.3756753060869565,0.1764,0.8042,True
282,left_toe_tip,747.7719999999999,161.954,0.2810506330434781,-0.5164695252173912,0.0938000000000001,0.9472,True
282,right_shoulder,905.566,16.573999999999998,0.3870566718260869,-0.5005359292173912,1.7191200000000002,0.2981,True
282,right_toe_tip,763.0722222222223,137.5022222222222,0.2706399785292541,-0.4892801374127751,-0.007111111111111,0.0244,True
283,left_shoulder,829.79,161.56,0.360147154347826,-0.3765614695652174,0.1792,0.794,True
283,left_toe_tip,747.54,162.31400000000002,0.2831574956521738,-0.5205158330434783,0.0705999999999999,0.9189,True
283,right_shoulder,902.9,15.12,0.3819022565217391,-0.5009906817391304,1.71306,0.4764,True
283,right_toe_tip,731.165,120.095,0.198878429347826,-0.523357972826087,0.1,0.0485,True
284,left_shoulder,829.4979999999999,160.214,0.3578628534782607,-0.3772915178260869,0.1875999999999999,0.7984,True
284,left_toe_tip,747.2639999999999,162.46200000000002,0.2857186504347823,-0.5261811117391304,0.0424,0.8979,True
284,right_shoulder,900.418,13.456,0.3763832676521739,-0.5008615499130433,1.71632,0.5394,True
284,right_toe_tip,724.2066666666666,117.73666666666666,0.1861394468599032,-0.5355248538647344,0.0813333333333332,0.5927,True
285,left_shoulder,829.14,159.15,0.3563233130434782,-0.3783839347826087,0.5902999999999999,0.7929,True
285,left_toe_tip,746.8639999999999,162.238,0.2874873913043476,-0.5320227717391305,0.018,0.951,True
285,right_shoulder,898.528,12.05,0.3721117147826087,-0.5008210760869565,1.7183,0.468,True
285,right_toe_tip,720.7574999999999,116.58,0.179465987771739,-0.5409480326086957,0.0925,0.7662,True
286,left_shoulder,828.884,157.598,0.3538290060869565,-0.3791517465217391,0.9461,0.8269,True
286,left_toe_tip,746.4100000000001,161.88600000000002,0.2886949565217394,-0.5374918956521738,0.002,0.9278,True
286,right_shoulder,896.644,10.032,0.3696789443478261,-0.5041060800000001,1.7138,0.5194,True
286,right_toe_tip,716.118,114.908,0.1688992230434783,-0.5438378356521739,0.1825999999999999,0.9286,True
287,left_shoulder,828.6060000000001,155.718,0.3510531678260871,-0.3802309747826087,0.9601,0.8164,True
287,left_toe_tip,746.1479999999999,161.064,0.2864842217391302,-0.5369109652173913,0.0075,0.9309,True
287,right_shoulder,894.1939749999999,8.37755,0.3668302264493884,-0.5074303706773098,1.6953375000000002,0.5382,True
287,right_toe_tip,705.852,110.992,0.146663856521739,-0.5545841217391304,0.205,0.9274,True
288,left_shoulder,828.202,153.702,0.3477236517391304,-0.3811579786956521,0.9752,0.8577,True
288,left_toe_tip,746.068,160.514,0.2846772886956521,-0.5354030773913042,0.0213000000000001,0.884,True
288,right_shoulder,891.0759249999999,6.91865,0.3650391509031928,-0.513344782872962,1.6594125,0.5166,True
288,right_toe_tip,696.3439999999999,107.328,0.1257083634782607,-0.563733203478261,0.2014,0.9568,True
289,left_shoulder,827.576,152.174,0.3452213947826087,-0.3824901991304347,0.9793,0.8615,True
289,left_toe_tip,746.016,160.218,0.2846529599999998,-0.53641467,0.0203000000000001,0.9082,True
289,right_shoulder,887.32385,5.9573,0.3625915497649457,-0.5190477637961957,1.601225,0.1269,True
289,right_toe_tip,687.868,104.10133333333332,0.1089239808695653,-0.5822992703381642,0.0795333333333333,0.9066,True
290,left_shoulder,826.802,149.71599999999998,0.3417664417391305,-0.3847282921739131,0.9868,0.9094,True
290,left_toe_tip,745.9259999999999,159.902,0.2845034195652172,-0.5374371282608696,0.0195,0.8907,True
290,right_shoulder,882.52975,5.025499999999999,0.357896143308424,-0.5238285386548913,1.475375,0.028,True
290,right_toe_tip,677.742,100.228,0.0898998030434781,-0.6187656095652174,-0.1274000000000001,0.9376,True
291,left_shoulder,825.508,147.476,0.3393989843478261,-0.3888265182608695,0.9868,0.9439,True
291,left_toe_tip,745.818,159.89,0.2837762713043477,-0.5366428173913043,0.0233000000000001,0.8998,True
291,right_shoulder,877.2796249999999,4.99325,0.3504871526069971,-0.524382592747962,1.3800625,0.0335,True
291,right_toe_tip,668.56,96.704,0.0730763478260868,-0.6736943304347826,-0.3755,0.8528,False
292,left_shoulder,824.0719999999999,144.60399999999998,0.3355712591304346,-0.3926762730434783,0.9898,0.9082,True
292,left_toe_tip,745.5960000000001,160.226,0.2843516634782612,-0.5379566386956522,0.0130999999999999,0.8975,True
292,right_shoulder,874.6545625,4.977125,0.3467770397652003,-0.5246596543011209,1.37390625,0.0261,True
292,right_toe_tip,660.36,94.186,0.0557200086956522,-0.7274635752173915,-0.6858000000000002,0.9301,False
293,left_shoulder,822.2940000000001,141.43800000000002,0.3310221265217392,-0.3968800839130434,0.9964,0.9114,True
293,left_toe_tip,745.502,160.652,0.2860939017391303,-0.5405797721739131,-0.0043000000000001,0.8452,True
293,right_shoulder,872.0295,4.960999999999999,0.3430631819293478,-0.5249367388586956,1.37025,0.0293,True
293,right_toe_tip,653.234,91.988,0.0386835573913044,-0.7834107286956522,-0.9351999999999998,0.9383,True
294,left_shoulder,820.566,137.772,0.3263141647826087,-0.4016046443478261,1.0044000000000002,0.8785,True
294,left_toe_tip,745.4680000000001,161.42000000000002,0.2865519704347828,-0.5395332260869565,-0.0015999999999999,0.855,True
294,right_shoulder,869.4044375,4.944875,0.3393455790994394,-0.5252138464206861,1.35259375,0.0135,True
294,right_toe_tip,646.806,90.50866666666666,0.0207267359420291,-0.8206987517874395,-1.050733333333333,0.8864,True
295,left_shoulder,818.2760000000001,133.868,0.3207030217391305,-0.4067918043478261,1.015,0.8698,True
295,left_toe_tip,745.6020000000001,162.32999999999998,0.2871456121739132,-0.5374905130434783,-0.0035999999999999,0.8636,True
295,right_shoulder,866.779375,4.92875,0.3356242312754754,-0.5254909769870925,1.3434375,0.0295,True
295,right_toe_tip,641.506,89.998,0.0046826778260868,-0.8395301317391305,-0.0665999999999999,0.8962,True
296,left_shoulder,815.756,129.26600000000002,0.3134187973913043,-0.4114589134782608,1.0294,0.8643,True
296,left_toe_tip,745.9799999999999,163.348,0.2889337347826084,-0.5361332026086957,0.0038000000000001,0.8516,True
296,right_shoulder,,,,,,0.0154,True
296,right_toe_tip,637.334,90.514,-0.0082964760869566,-0.8386287152173912,0.0025,0.9053,True
297,left_shoulder,812.566,124.88,0.3064547073913043,-0.417542452173913,1.0332,0.9569,True
297,left_toe_tip,746.472,164.404,0.290714852173913,-0.5340621217391305,0.0,0.8668,True
297,right_shoulder,,,,,,0.0368,True
297,right_toe_tip,633.9739999999999,91.456,-0.0187696800000002,-0.8364561808695651,0.0454,0.9103,True
298,left_shoulder,809.024,119.788,0.2981068939130434,-0.4236608599999999,1.0334,0.9232,True
298,left_toe_tip,746.61,165.616,0.2922272804347827,-0.5328234469565218,-0.0098000000000001,0.8791,True
298,right_shoulder,,,,,,0.0286,True
298,right_toe_tip,631.406,93.256,-0.0267796513043479,-0.831197499130435,0.0511999999999998,0.8949,True
299,left_shoulder,804.624,114.162,0.2887719686956522,-0.4312319178260869,1.0367,0.9334,True
299,left_toe_tip,746.596,166.94400000000002,0.2945062095652174,-0.5333801530434783,-0.0153000000000001,0.8144,True
299,right_shoulder,,,,,,0.0241,True
299,right_toe_tip,629.508,95.204,-0.0328399599999998,-0.8288114799999999,0.0314,0.9188,True
300,left_shoulder,799.6800000000001,108.654,0.2786068869565218,-0.4385441295652174,1.0428,0.9115,True
300,left_toe_tip,746.312,167.752,0.2957784730434783,-0.5348673704347826,0.0089,0.8189,True
300,right_shoulder,,,,,,0.0371,True
300,right_toe_tip,627.806,97.048,-0.0382334917391303,-0.8244688469565217,0.0014,0.9356,True
301,left_shoulder,794.07,102.614,0.2667085673913044,-0.4455575473913044,1.0554,0.9057,True
301,left_toe_tip,745.9440000000001,168.526,0.2954225408695654,-0.5339210865217391,0.0030999999999999,0.8738,True
301,right_shoulder,,,,,,0.0248,True
301,right_toe_tip,626.4145000000001,98.6085,-0.0427935866576084,-0.8233690189402173,-0.0579499999999998,0.9425,True
302,left_shoulder,787.912,96.398,0.2539584730434783,-0.4525931730434782,1.0684,0.9209,True
302,left_toe_tip,745.74,169.07599999999996,0.2948536913043478,-0.532387423478261,0.0330999999999999,0.8467,True
302,right_shoulder,,,,,,0.0173,True
302,right_toe_tip,625.0695000000001,100.0435,-0.0472558439402171,-0.8227764505706521,-0.1270999999999999,0.894,True
303,left_shoulder,781.504,90.13,0.2403107060869565,-0.4583096608695652,1.0831,0.908,True
303,left_toe_tip,745.404,169.316,0.29460418,-0.53296178,0.0270999999999999,0.9071,True
303,right_shoulder,,,,,,0.0289,True
303,right_toe_tip,623.947,100.861,-0.0511968557608695,-0.8264562390217391,-0.0420999999999999,0.9056,False
304,left_shoulder,776.236,84.95599999999999,0.22955766,-0.46344914,1.0898,0.901,True
304,left_toe_tip,745.182,169.00799999999998,0.2932748547826087,-0.53253552,0.0333000000000001,0.8783,True
304,right_shoulder,,,,,,0.0269,True
304,right_toe_tip,622.895,101.555,-0.0549498125,-0.8302545625,-0.3315,0.9062,False
305,left_shoulder,770.712,79.44399999999999,0.2180048834782608,-0.4679186156521739,1.0976,0.9166,True
305,left_toe_tip,744.7719999999999,168.564,0.2906511939130433,-0.5310684339130435,0.0363000000000001,0.8661,True
305,right_shoulder,,,,,,0.0143,False
305,right_toe_tip,622.1209999999999,102.156,-0.0576811520652178,-0.8318551917391303,-0.0900999999999999,0.9239,False
306,left_shoulder,765.454,75.226,0.2082263673913042,-0.4726629326086956,1.11,0.9172,True
306,left_toe_tip,744.2879999999999,168.332,0.2898752973913041,-0.5327537060869565,0.0313000000000001,0.8657,True
306,right_shoulder,,,,,,0.0146,True
306,right_toe_tip,621.5105,102.7855,-0.0594588154619565,-0.8271543032336957,-0.6928000000000002,0.923,True
307,left_shoulder,760.374,70.58200000000001,0.198433922173913,-0.4770992813043478,1.1264,0.9135,True
307,left_toe_tip,743.6119999999999,168.44199999999998,0.2898883565217387,-0.5359459695652175,0.0145,0.9252,True
307,right_shoulder,,,,,,0.0241,True
307,right_toe_tip,622.0336052631578,103.75060526315788,-0.0574071022263792,-0.8187805853413677,-0.673878947368421,0.9135,False
308,left_shoulder,756.452,67.27799999999999,0.1918673278260869,-0.4822913126086956,1.1322,0.9509,True
308,left_toe_tip,743.328,168.538,0.2881952695652173,-0.5340124913043478,0.0455,0.8772,True
308,right_shoulder,,,,,,0.0261,True
308,right_toe_tip,623.6903157894736,105.05131578947366,-0.0516119397013129,-0.8067842360743105,-1.1433368421052632,0.9086,True
309,left_shoulder,751.278,62.924,0.1823265839130435,-0.486752567826087,1.1405999999999998,0.9539,True
309,left_toe_tip,743.168,168.642,0.2866276173913043,-0.531642443478261,0.0555,0.8885,True
309,right_shoulder,,,,,,0.0318,True
309,right_toe_tip,626.4806315789473,106.68763157894736,-0.0422285361507891,-0.7912359641485006,-1.1196736842105266,0.9313,False
310,left_shoulder,746.6479999999999,59.148,0.174160820869565,-0.4913043965217391,1.1376,0.9593,True
310,left_toe_tip,743.56,169.468,0.2887297826086955,-0.5312115000000001,0.052,0.8905,True
310,right_shoulder,,,,,,0.0315,True
310,right_toe_tip,630.2410526315789,108.63105263157895,-0.0302186810189089,-0.7783665339937373,-1.0977894736842109,0.9251,False
311,left_shoulder,741.7439999999999,55.088,0.1659975478260868,-0.497470556521739,1.1445,0.9214,True
311,left_toe_tip,744.074,169.78199999999998,0.2891447217391303,-0.5284752260869565,0.061,0.871,True
311,right_shoulder,,,,,,0.0262,True
311,right_toe_tip,634.9715789473684,110.8815789473684,-0.0155043941346503,-0.7681198821209202,-1.0716842105263158,0.9326,False
312,left_shoulder,737.134,51.696000000000005,0.1585395808695652,-0.5032057460869565,1.1439,0.9357,True
312,left_toe_tip,744.384,169.774,0.2892117565217392,-0.5270500804347826,0.068,0.8666,True
312,right_shoulder,,,,,,0.0141,True
312,right_toe_tip,637.3368421052631,112.00684210526316,-0.0081939335180055,-0.7630187653257859,-1.033631578947369,0.9382,False
313,left_shoulder,731.598,47.238,0.1491653517391303,-0.5093261178260869,1.1548,0.9165,True
313,left_toe_tip,744.156,169.546,0.2888064739130433,-0.5280958195652175,0.066,0.8483,True
313,right_shoulder,,,,,,0.0337,True
313,right_toe_tip,639.7021052631579,113.13210526315788,-0.0009145947850173,-0.7579324546248345,-0.9965789473684212,0.9259,False
314,left_shoulder,726.246,43.364,0.1404497360869565,-0.5156348426086957,1.1767999999999998,0.9248,True
314,left_toe_tip,743.626,169.036,0.2877874239130434,-0.5303402391304348,0.062,0.7856,True
314,right_shoulder,,,,,,0.0221,True
314,right_toe_tip,642.0673684210526,114.25736842105262,0.006333622064314,-0.752860950018066,-0.9665263157894742,0.9215,False
315,left_shoulder,720.866,39.766000000000005,0.1317940004347826,-0.5219118039130435,1.1866,0.9056,True
315,left_toe_tip,742.606,168.11200000000002,0.2851777630434782,-0.5333234956521739,0.0545,0.7411,True
315,right_shoulder,,,,,,0.0226,True
315,right_toe_tip,644.4326315789474,115.38263157894735,0.0135507170299892,-0.7478042515054799,-0.9044736842105262,0.9106,False
316,left_shoulder,716.202,36.586,0.1241098660869565,-0.526742975652174,1.1986,0.8822,True
316,left_toe_tip,741.3779999999999,167.326,0.2827564652173911,-0.5373929173913043,0.0635,0.7282,True
316,right_shoulder,,,,,,0.0207,True
316,right_toe_tip,,,,,,0.923,False
317,left_shoulder,711.658,33.67999999999999,0.116786962173913,-0.5318306608695652,1.2226,0.887,True
317,left_toe_tip,740.586,166.614,0.2795634804347826,-0.5374869586956522,0.0545,0.752,True
317,right_shoulder,,,,,,0.0145,True
317,right_toe_tip,,,,,,0.9042,False
318,left_shoulder,707.12,31.352000000000004,0.1096098782608695,-0.5366964730434783,1.2395999999999998,0.8802,True
318,left_toe_tip,740.312,166.116,0.277951467826087,-0.5372272747826087,0.0803000000000001,0.7011,True
318,right_shoulder,,,,,,0.0133,True
318,right_toe_tip,,,,,,0.9006,False
319,left_shoulder,702.88,28.972,0.1028498086956521,-0.541446667826087,1.2372,0.8377,True
319,left_toe_tip,740.0139999999999,166.03799999999998,0.2765821943478258,-0.5363892613043478,0.0853000000000001,0.7704,True
319,right_shoulder,,,,,,0.0305,True
319,right_toe_tip,,,,,,0.8915,False
320,left_shoulder,699.046,26.482,0.0965530460869566,-0.5453744339130436,1.2546,0.9379,True
320,left_toe_tip,739.3886666666666,165.94,0.2739166057487921,-0.5348321724637681,0.0939666666666667,0.6623,True
320,right_shoulder,,,,,,0.0223,True
320,right_toe_tip,,,,,,0.9139,False
321,left_shoulder,695.2360000000001,24.196,0.0902868443478262,-0.5488935382608695,1.2612,0.86,True
321,left_toe_tip,738.254,165.602,0.2707538486956522,-0.5356932713043477,0.0918000000000001,0.6637,True
321,right_shoulder,,,,,,0.0133,True
321,right_toe_tip,,,,,,0.922,False
322,left_shoulder,691.788,22.274,0.0846283469565217,-0.5518883352173913,1.2996,0.9185,True
322,left_toe_tip,736.286,165.044,0.2665866295652172,-0.5397738295652172,0.0958000000000001,0.0979,True
322,right_shoulder,,,,,,0.0131,True
322,right_toe_tip,,,,,,0.9105,False
323,left_shoulder,688.644,20.828,0.0797550104347826,-0.5560946139130436,1.2735999999999998,0.8865,True
323,left_toe_tip,734.014,163.94400000000002,0.2617063630434783,-0.5457602347826086,0.092,0.0548,True
323,right_shoulder,,,,,,0.0141,True
323,right_toe_tip,,,,,,0.8914,False
324,left_shoulder,685.7139999999999,19.802,0.0752790326086955,-0.5602173586956521,1.267,0.8628,True
324,left_toe_tip,730.328,161.714,0.2536449513043478,-0.5567957091304349,0.0755999999999999,0.5331,True
324,right_shoulder,,,,,,0.0157,True
324,right_toe_tip,,,,,,0.8541,False
325,left_shoulder,683.2239999999999,19.642000000000003,0.0715545130434781,-0.5634404717391304,1.271,0.8927,True
325,left_toe_tip,725.8123333333333,158.786,0.2431909090096617,-0.5702375598550724,0.0627333333333331,0.595,True
325,right_shoulder,,,,,,0.016,True
325,right_toe_tip,710.66,146.89,0.2029938913043477,-0.6122279673913044,0.043,0.8568,False
326,left_shoulder,681.212,19.29,0.0686000617391304,-0.5671340152173913,1.2686,0.8763,True
326,left_toe_tip,720.467,155.16,0.2302580697826086,-0.5861541130434783,0.0534,0.6232,True
326,right_shoulder,,,,,,0.0137,True
326,right_toe_tip,691.8,144.055,0.1410705434782607,-0.5880980407608696,0.3245,0.731,False
327,left_shoulder,679.702,19.31,0.0664576956521739,-0.5702854347826087,1.26,0.8942,True
327,left_toe_tip,713.073,150.782,0.2069713297826086,-0.5925872439130435,0.1501999999999998,0.2325,True
327,right_shoulder,,,,,,0.0153,True
327,right_toe_tip,672.94,141.22,0.084784695652174,-0.5631206956521738,0.296,0.4157,True
328,left_shoulder,678.7520000000001,19.44,0.0648506295652174,-0.5699197565217391,1.2604000000000002,0.93,True
328,left_toe_tip,701.789,146.17000000000002,0.1699197499999999,-0.5880325,0.246,0.3256,True
328,right_shoulder,,,,,,0.0117,True
328,right_toe_tip,663.903125,139.88375,0.0597610602072012,-0.5503205320991849,0.114875,0.4583,True
329,left_shoulder,678.284,19.69,0.0640507965217391,-0.5693534260869565,1.2668,0.9325,True
329,left_toe_tip,690.5930000000001,142.34,0.1333785458695654,-0.5738180043478261,0.3805999999999999,0.4574,True
329,right_shoulder,,,,,,0.0113,True
329,right_toe_tip,658.7955,139.147,0.0461735973369563,-0.5425542014130436,0.0619,0.4173,True
330,left_shoulder,677.9240000000001,19.572,0.0635227000000001,-0.5702169,1.265,0.919,True
330,left_toe_tip,680.2760000000001,138.866,0.1014517417391306,-0.5570173169565219,0.3845999999999999,0.5657,True
330,right_shoulder,,,,,,0.012,True
330,right_toe_tip,644.6510000000001,137.074,0.0108803067391305,-0.5215014534782607,0.0008000000000001,0.0429,True
331,left_shoulder,677.528,19.796,0.0628838747826087,-0.570063572173913,1.2644000000000002,0.9136,True
331,left_toe_tip,671.1039999999999,135.07000000000002,0.0750147339130433,-0.5424724826086957,0.2811999999999998,0.7536,True
331,right_shoulder,,,,,,0.013,True
331,right_toe_tip,638.365,136.2,-0.0037320652173912,-0.5108478260869566,0.017,0.2842,True
332,left_shoulder,676.952,19.708,0.0618624678260869,-0.5696931939130435,1.2658,0.9279,True
332,left_toe_tip,658.833,134.421,0.0441531496739129,-0.5288601577173914,0.0745999999999999,0.4088,True
332,right_shoulder,,,,,,0.013,True
332,right_toe_tip,636.057,137.842,-0.0090174695652173,-0.5080656869565218,0.009,0.2788,True
333,left_shoulder,676.13,19.338,0.0606826913043478,-0.5721640460869566,1.2608,0.922,True
333,left_toe_tip,645.0269999999999,136.68699999999998,0.0116489796739128,-0.5174793311956521,0.0210999999999999,0.3151,True
333,right_shoulder,,,,,,0.0135,True
333,right_toe_tip,640.7805,134.961,0.0017991373369564,-0.5187393557608695,0.0013000000000001,0.4668,True
334,left_shoulder,675.0300000000001,19.342,0.0588504000000001,-0.57230544,1.2604000000000002,0.8996,True
334,left_toe_tip,630.5469999999999,139.833,-0.0217121025000002,-0.5056900953260869,-0.0410999999999999,0.2451,True
334,right_shoulder,,,,,,0.0137,True
334,right_toe_tip,646.2635,130.945,0.0145810195108696,-0.5332251016304347,-0.0431999999999998,0.4003,True
335,left_shoulder,673.4739999999999,19.802,0.0562727047826085,-0.5719024204347826,1.2624000000000002,0.8869,True
335,left_toe_tip,614.2549999999999,144.22899999999998,-0.0578954679347828,-0.4852267629347827,-0.1269000000000001,0.9069,True
335,right_shoulder,,,,,,0.014,True
335,right_toe_tip,651.036,127.356,0.0260921428985505,-0.5500344773913043,-0.0766333333333332,0.3213,True
336,left_shoulder,672.0980000000001,20.3,0.0539874404347827,-0.5713606304347827,1.2706,0.8614,True
336,left_toe_tip,598.231,149.881,-0.0914786501086956,-0.4601834490217391,-0.0624,0.8794,True
336,right_shoulder,,,,,,0.0157,True
336,right_toe_tip,655.098,124.194,0.0364485413043477,-0.5692664413043478,-0.118,0.5444,True
337,left_shoulder,670.476,21.126,0.0512791826086956,-0.5701923391304348,1.27,0.8799,True
337,left_toe_tip,585.722,154.06199999999998,-0.1162021182608696,-0.4408863965217391,-0.0525999999999999,1.0,True
337,right_shoulder,,,,,,0.0161,True
337,right_toe_tip,662.33,120.142,0.0553104391304348,-0.5941178373913045,-0.1673000000000001,0.2667,True
338,left_shoulder,668.49,22.502,0.0479746826086956,-0.5683172843478261,1.2778,0.8781,True
338,left_toe_tip,576.3520000000001,156.988,-0.1328721182608693,-0.4238096165217391,-0.0315999999999999,1.0,True
338,right_shoulder,,,,,,0.0164,True
338,right_toe_tip,662.232,120.278,0.0560343060869564,-0.6042036669565218,-0.2073000000000001,0.2734,True
339,left_shoulder,666.376,24.044,0.044541036521739,-0.5673274365217391,1.2824,0.8982,True
339,left_toe_tip,567.476,159.87,-0.1480908547826087,-0.4086567586956521,-0.0315999999999999,0.9444,True
339,right_shoulder,,,,,,0.0209,True
339,right_toe_tip,661.52,121.312,0.0550023130434782,-0.6100553947826087,-0.2384,0.6392,True
340,left_shoulder,663.908,25.014,0.0403941252173913,-0.5659806939130434,1.2876,0.8877,True
340,left_toe_tip,559.534,162.56,-0.16213899,-0.3978415999999999,-0.0347999999999999,0.9647,True
340,right_shoulder,,,,,,0.0158,True
340,right_toe_tip,660.7696666666667,121.71016666666668,0.0533204752355073,-0.611744394411232,-0.2488499999999999,0.6828,True
341,left_shoulder,660.696,26.822000000000003,0.0350662226086957,-0.56451942,1.2892,0.8677,True
341,left_toe_tip,550.888,166.01000000000002,-0.1766935982608695,-0.3846484326086956,-0.0227,0.922,True
341,right_shoulder,,,,,,0.0129,True
341,right_toe_tip,659.981,121.4725,0.0510416816847826,-0.6093210914402174,-0.2416500000000001,0.4987,True
342,left_shoulder,656.9399999999999,28.392000000000003,0.0288053652173912,-0.5638777773913044,1.2966,0.9173,True
342,left_toe_tip,543.4440000000001,169.726,-0.1887459895652172,-0.3719443060869565,-0.0164,0.9616,True
342,right_shoulder,,,,,,0.0132,True
342,right_toe_tip,659.154,120.599,0.0482243589130434,-0.6027440611956522,-0.2248000000000002,0.1234,True
343,left_shoulder,653.192,30.22000000000001,0.0225411130434782,-0.563493652173913,1.295,0.9397,True
343,left_toe_tip,537.9799999999999,172.878,-0.1979409782608697,-0.3630573586956521,-0.012,0.9493,True
343,right_shoulder,,,,,,0.0327,True
343,right_toe_tip,657.8766666666668,119.85166666666667,0.0442609426328505,-0.594584650664251,-0.195833333333333,0.0589,True
344,left_shoulder,649.056,31.808,0.0155723826086957,-0.564347547826087,1.31,0.906,True
344,left_toe_tip,533.8900000000001,175.61399999999998,-0.2057611304347824,-0.3575485043478261,-0.009,0.9284,True
344,right_shoulder,,,,,,0.0144,True
344,right_toe_tip,655.705,119.1325,0.0381144986413044,-0.584561859375,-0.20975,0.0648,True
345,left_shoulder,644.5200000000001,34.39,0.0078323739130436,-0.5642255021739131,1.3398,0.9583,True
345,left_toe_tip,530.942,178.06799999999998,-0.2122363513043478,-0.3540554921739131,-0.0104,0.9238,True
345,right_shoulder,,,,,,0.0125,True
345,right_toe_tip,654.6191666666666,118.77291666666667,0.0351210912967993,-0.5795240324011172,-0.1872083333333334,0.0433,True
346,left_shoulder,639.874,37.014,-0.000219486521739,-0.5626275691304348,1.3544,0.923,True
346,left_toe_tip,528.6600000000001,180.15,-0.2178149260869563,-0.3518413369565217,-0.0222999999999999,0.8801,True
346,right_shoulder,,,,,,0.0171,True
346,right_toe_tip,653.5333333333333,118.41333333333334,0.0321808937198066,-0.5744685845410626,-0.1731666666666665,0.0284,True
347,left_shoulder,635.1460000000001,40.228,-0.008501886521739,-0.5600876095652174,1.3585999999999998,0.915,True
347,left_toe_tip,527.5219999999999,181.504,-0.2201634591304349,-0.3493865182608695,-0.0197999999999999,0.8631,True
347,right_shoulder,,,,,,0.0212,True
347,right_toe_tip,652.4475,118.05375,0.029293905910326,-0.569395515794837,-0.158125,0.0469,True
348,left_shoulder,629.6460000000001,43.96,-0.0181870260869563,-0.5551311304347827,1.3845,0.9052,True
348,left_toe_tip,526.97,182.78000000000003,-0.2244382652173912,-0.3518972782608695,-0.0277999999999999,0.8486,True
348,right_shoulder,,,,,,0.0173,True
348,right_toe_tip,651.3616666666667,117.69416666666667,0.0264601278683575,-0.5643048261624396,-0.1520833333333335,0.1053,True
349,left_shoulder,623.5780000000001,47.964,-0.0289098599999998,-0.549319027826087,1.4019,0.8301,True
349,left_toe_tip,526.542,184.152,-0.2262993804347825,-0.3507403043478261,-0.0185,0.8305,True
349,right_shoulder,,,,,,0.0139,True
349,right_toe_tip,,,,,,0.0993,False
350,left_shoulder,617.536,52.538,-0.0397124452173914,-0.5435393443478261,1.3985999999999998,0.8999,True
350,left_toe_tip,525.9559999999999,185.622,-0.2284846747826088,-0.349362532173913,-0.0192,0.9344,True
350,right_shoulder,,,,,,0.0133,True
350,right_toe_tip,,,,,,0.1127,True
351,left_shoulder,610.8040000000001,57.106,-0.0518863695652172,-0.5382953152173913,1.3935,0.5857,True
351,left_toe_tip,525.164,186.766,-0.2303210730434783,-0.3474471486956521,-0.0107,0.9658,True
351,right_shoulder,,,,,,0.0383,True
351,right_toe_tip,636.16,112.66,-0.0076257391304348,-0.4911849782608695,-0.045,0.0189,True
352,left_shoulder,603.8080000000001,61.89399999999999,-0.0646735304347824,-0.5327024608695652,1.388,0.7374,True
352,left_toe_tip,524.4359999999999,187.964,-0.2338914869565219,-0.3481859043478261,-0.0325,0.9978,True
352,right_shoulder,,,,,,0.0167,True
352,right_toe_tip,634.325,112.585,-0.0112297146739129,-0.4895858777173912,-0.0505,0.1589,True
353,left_shoulder,597.65,67.428,-0.0757880869565217,-0.5235766747826087,1.3785999999999998,0.743,True
353,left_toe_tip,523.778,188.974,-0.2350210965217391,-0.3458443156521739,-0.0209,0.9956,True
353,right_shoulder,,,,,,0.0179,True
353,right_toe_tip,635.1466666666666,112.80333333333331,-0.0096187439613526,-0.4899151328502415,-0.0413333333333332,0.3866,True
354,left_shoulder,591.4300000000001,72.914,-0.0870458869565216,-0.51450804,1.3622,0.6967,True
354,left_toe_tip,523.2199999999999,189.686,-0.236885691304348,-0.3454782465217392,-0.0267,0.9783,True
354,right_shoulder,,,,,,0.0411,False
354,right_toe_tip,636.26,113.17625,-0.0074871141304348,-0.4941170016983696,-0.04475,0.7277,True
355,left_shoulder,584.862,77.738,-0.0985771547826087,-0.5046353669565218,1.3627,0.7095,True
355,left_toe_tip,523.002,190.09,-0.2371244247826087,-0.3443632456521738,-0.0225999999999999,0.9964,True
355,right_shoulder,,,,,,0.0141,True
355,right_toe_tip,637.49,113.611,-0.0050920260869565,-0.4998482930434783,-0.0439,0.4993,True
356,left_shoulder,578.7139999999999,83.26400000000001,-0.1091556952173914,-0.49289088,1.3689,0.6505,True
356,left_toe_tip,522.942,190.48200000000003,-0.2374241608695652,-0.3438267260869565,-0.024,0.9689,True
356,right_shoulder,,,,,,0.014,True
356,right_toe_tip,638.5053333333333,114.04433333333334,-0.0030621171014493,-0.5038883049275362,-0.0557999999999999,0.1912,True
357,left_shoulder,572.718,88.548,-0.1191476460869565,-0.4807060852173913,1.3548,0.7299,True
357,left_toe_tip,522.778,190.64,-0.2373490669565217,-0.3429171826086956,-0.0207999999999999,0.9884,True
357,right_shoulder,,,,,,0.0116,True
357,right_toe_tip,640.0199999999999,114.403,4.1230434782336825e-05,-0.5063035545652174,-0.0595999999999999,0.3939,True
358,left_shoulder,566.338,93.194,-0.1301255243478261,-0.4713185991304348,1.3218,0.691,True
358,left_toe_tip,522.478,190.816,-0.2375477295652174,-0.3419723547826087,-0.0175999999999999,0.9661,True
358,right_shoulder,,,,,,0.0195,True
358,right_toe_tip,640.4399999999999,114.511,0.0009068782608694,-0.5059741758695653,-0.0592,0.2547,True
359,left_shoulder,560.134,98.046,-0.1404599869565217,-0.4606973608695652,1.3,0.366,True
359,left_toe_tip,522.316,191.136,-0.2382333495652173,-0.3418394713043478,-0.0204,0.9627,True
359,right_shoulder,,,,,,0.0107,True
359,right_toe_tip,639.588,114.59,-0.0008393156521739,-0.49994285,-0.0372,0.2253,True
360,left_shoulder,554.5980000000001,103.166,-0.1493978030434781,-0.4492919995652175,1.2766,0.6169,True
360,left_toe_tip,522.402,191.364,-0.2388773286956521,-0.3425510400000001,-0.0057999999999999,0.921,True
360,right_shoulder,,,,,,0.013,True
360,right_toe_tip,638.578,114.164,-0.0028542013043478,-0.4934356060869565,-0.0175999999999999,0.524,True
361,left_shoulder,549.212,107.81199999999998,-0.158582952173913,-0.4405066478260869,1.266,0.7023,True
361,left_toe_tip,522.576,191.606,-0.2400299721739129,-0.3442193004347826,-0.0175999999999999,0.9281,True
361,right_shoulder,,,,,,0.0196,True
361,right_toe_tip,636.9286666666667,113.91666666666666,-0.006071892463768,-0.4864960507246377,0.0037,0.6916,True
362,left_shoulder,544.1200000000001,112.27,-0.166956260869565,-0.4313733260869565,1.252,0.5087,True
362,left_toe_tip,522.664,191.776,-0.2409214173913043,-0.3454077565217391,-0.026,0.9472,True
362,right_shoulder,,,,,,0.014,True
362,right_toe_tip,634.304,113.844,-0.0112037843478261,-0.4841781495652173,-0.0205999999999999,0.4475,True
363,left_shoulder,539.432,116.356,-0.1742012660869564,-0.4220337808695651,1.2454,0.7366,True
363,left_toe_tip,522.8860000000001,191.866,-0.2416367334782607,-0.3469043030434782,-0.0352,0.9637,True
363,right_shoulder,,,,,,0.0161,True
363,right_toe_tip,630.64,114.154,-0.0184310608695652,-0.4841028408695652,-0.0365999999999999,0.5371,True
364,left_shoulder,535.356,120.212,-0.1803061617391304,-0.4131651495652174,1.2478,0.7315,True
364,left_toe_tip,522.99,191.808,-0.2419054565217391,-0.3477186782608695,-0.039,0.9748,True
364,right_shoulder,,,,,,0.0316,True
364,right_toe_tip,626.2439999999999,114.292,-0.0272368800000001,-0.4865018399999999,-0.0565999999999999,0.6893,True
365,left_shoulder,531.886,124.008,-0.1868256926086957,-0.4078044365217391,1.2162,0.6723,True
365,left_toe_tip,522.9060000000001,191.962,-0.2427664082608694,-0.3483866099999999,-0.0444,0.9864,True
365,right_shoulder,,,,,,0.0629,False
365,right_toe_tip,620.1393043478262,115.46539130434785,-0.0394985685657925,-0.4863257147398701,-0.0566782608695652,0.4137,True
366,left_shoulder,528.888,127.23600000000002,-0.1915957356521738,-0.4013660973913043,1.1870999999999998,0.6275,True
366,left_toe_tip,522.818,192.08,-0.2432290730434782,-0.3485435130434782,-0.0465999999999999,0.9733,True
366,right_shoulder,473.02,2.51,-0.26499,-0.5673210869565217,1.121,0.2976,False
366,right_toe_tip,613.6039130434783,117.30617391304348,-0.0531718983397714,-0.4888789565529712,-0.0662347826086957,0.5507,True
367,left_shoulder,526.298,130.26999999999998,-0.195542722173913,-0.3950856586956522,1.1653,0.6114,True
367,left_toe_tip,522.704,192.228,-0.244103175652174,-0.3491481208695651,-0.0515999999999999,0.9435,True
367,right_shoulder,470.34875,2.72875,-0.2686528965692935,-0.565760382982337,1.104125,0.0715,False
367,right_toe_tip,606.9738260869565,119.81834782608696,-0.0672538387844169,-0.4891011037733212,-0.0779695652173911,0.4997,False
368,left_shoulder,523.9440000000001,132.96200000000002,-0.1996415495652173,-0.3905547160869564,1.1309,0.6648,True
368,left_toe_tip,522.488,192.394,-0.2444760521739129,-0.348693352173913,-0.051,0.9401,True
368,right_shoulder,467.6775,2.9475,-0.2722976460597826,-0.5642011650815218,1.08225,0.389,True
368,right_toe_tip,600.3130434782609,122.79391304347826,-0.0818665389989315,-0.4893104201117777,-0.084282608695652,0.2089,False
369,left_shoulder,521.98,135.40800000000002,-0.2035588434782608,-0.3873723756521738,1.1152,0.607,True
369,left_toe_tip,522.434,192.552,-0.2432849465217391,-0.3465081547826087,-0.0407999999999999,0.9346,True
369,right_shoulder,465.00625,3.16625,-0.2759242484714674,-0.5626434332540761,1.075375,0.5015,False
369,right_toe_tip,593.7895652173913,126.5008695652174,-0.0968497335415467,-0.4893771000246569,-0.0706739130434784,0.1841,False
370,left_shoulder,520.04,137.478,-0.2057574782608696,-0.3816736043478261,1.1105,0.7564,True
370,left_toe_tip,522.49,192.65,-0.2434500652173913,-0.3467055434782608,-0.043,0.9102,True
370,right_shoulder,462.3349999999999,3.385,-0.2795327038043479,-0.5610871875,1.0695,0.4171,False
370,right_toe_tip,590.5278260869566,128.35434782608695,-0.1045029533779895,-0.4893185982062135,-0.1093695652173914,0.1253,False
371,left_shoulder,518.4739999999999,139.53400000000002,-0.2078358786956523,-0.3770447873913043,1.1041,0.7592,True
371,left_toe_tip,522.5600000000001,192.71,-0.2426157217391303,-0.3455993195652174,-0.0375999999999999,0.9383,True
371,right_shoulder,457.167,3.913,-0.2882600722826086,-0.5614176016304347,1.0615,0.4997,False
371,right_toe_tip,587.2660869565218,130.20782608695652,-0.1122639215911891,-0.4891988685378484,-0.1245652173913047,0.0119,True
372,left_shoulder,517.112,141.90200000000002,-0.2101117652173913,-0.3729001673913043,1.102,0.8111,True
372,left_toe_tip,522.65,192.756,-0.2413328260869565,-0.3439409217391304,-0.004,0.9508,True
372,right_shoulder,452.19749999999993,4.7235,-0.2987590748641305,-0.5651792625815217,1.04345,0.37,True
372,right_toe_tip,584.004347826087,132.06130434782608,-0.1201326381811455,-0.4890179110195612,-0.1285108695652177,0.0151,True
373,left_shoulder,515.5699999999999,143.884,-0.2127482500000001,-0.3695113782608695,1.097,0.7511,True
373,left_toe_tip,522.762,192.848,-0.2410260360869566,-0.3436427095652174,-0.0034,0.9271,True
373,right_shoulder,447.5565,6.214499999999999,-0.3064139793206522,-0.5633072713858697,1.0396500000000002,0.4406,True
373,right_toe_tip,580.7426086956522,133.91478260869565,-0.1281091031478589,-0.4887757256513521,-0.1449565217391304,0.0268,True
374,left_shoulder,513.9780000000001,145.86,-0.2151140747826085,-0.3655276695652174,1.0996,0.7584,True
374,left_toe_tip,522.8380000000001,192.994,-0.2407933799999998,-0.3432336356521739,-0.0027999999999999,0.9063,True
374,right_shoulder,443.792,8.386,-0.3110749878260869,-0.5574610656521738,1.0434,0.4186,True
374,right_toe_tip,,,,,,0.139,False
375,left_shoulder,512.408,147.574,-0.2180991078260869,-0.3631099213043477,1.0864,0.7836,True
375,left_toe_tip,522.8140000000001,193.106,-0.2404860521739128,-0.3424955130434782,0.0,0.8834,True
375,right_shoulder,440.76107692307687,10.654461538461538,-0.314774176179573,-0.5519250574787755,1.044507692307692,0.4234,True
375,right_toe_tip,,,,,,0.2588,False
376,left_shoulder,510.808,148.848,-0.2208340643478261,-0.360932212173913,1.0864,0.7631,True
376,left_toe_tip,522.856,193.23,-0.2412911739130435,-0.3435099456521738,-0.007,0.8791,True
376,right_shoulder,438.2892307692308,12.929384615384617,-0.3157819196295343,-0.5433454326267045,1.0577230769230768,0.4629,True
376,right_toe_tip,,,,,,0.2323,False
377,left_shoulder,509.302,149.67199999999997,-0.2236924682608695,-0.3599809443478261,1.0784,0.7725,True
377,left_toe_tip,522.824,193.358,-0.2421722243478262,-0.344405542173913,-0.0134,0.8951,True
377,right_shoulder,436.3524615384616,15.018769230769232,-0.3139168912271674,-0.531778760072035,1.079846153846154,0.2054,True
377,right_toe_tip,,,,,,0.1021,False
378,left_shoulder,508.1060000000001,150.362,-0.2257394482608694,-0.3587999943478261,1.0784,0.8256,True
378,left_toe_tip,522.8439999999999,193.42400000000004,-0.2421308895652175,-0.3442691373913043,-0.0134,0.9167,True
378,right_shoulder,434.8207692307693,16.524615384615384,-0.3142192968870593,-0.5260112997170053,1.089076923076923,0.233,True
378,right_toe_tip,,,,,,0.0138,True
379,left_shoulder,507.068,150.796,-0.2274004147826086,-0.3578752773913043,1.0742,0.8503,True
379,left_toe_tip,522.822,193.43,-0.2434755052173912,-0.3461034913043478,-0.0235999999999999,0.9279,True
379,right_shoulder,433.1461538461539,17.446923076923078,-0.3166627984306663,-0.5243983516207873,1.0896153846153844,0.2023,False
379,right_toe_tip,,,,,,0.0181,True
380,left_shoulder,506.29,151.002,-0.2285859652173913,-0.3572957113043478,1.0752000000000002,0.8361,True
380,left_toe_tip,522.822,193.43,-0.2433990847826087,-0.3459948586956521,-0.023,0.9411,True
380,right_shoulder,432.3088461538462,17.908076923076923,-0.3178838141079237,-0.523592282431824,1.0898846153846151,0.2194,False
380,right_toe_tip,,,,,,0.0244,True
381,left_shoulder,505.444,151.048,-0.2289499591304348,-0.3555363704347826,1.0826,0.8186,True
381,left_toe_tip,522.71,193.47600000000003,-0.2433512521739129,-0.3455010991304347,-0.0207999999999999,0.9472,True
381,right_shoulder,431.47153846153856,18.369230769230768,-0.3191043397221507,-0.5227864831489581,1.090153846153846,0.165,False
381,right_toe_tip,,,,,,0.036,True
382,left_shoulder,504.476,150.9,-0.2316576547826087,-0.3574246304347825,1.0754,0.8136,True
382,left_toe_tip,522.738,193.572,-0.2438029930434781,-0.34602552,-0.0247999999999999,0.9501,True
382,right_shoulder,430.6342307692309,18.830384615384613,-0.3203243752733469,-0.5219809537721893,1.090423076923077,0.1578,True
382,right_toe_tip,,,,,,0.0341,True
383,left_shoulder,503.71,150.804,-0.2338558630434782,-0.3589530495652174,1.0694,0.78,True
383,left_toe_tip,522.7819999999999,193.69,-0.243711511304348,-0.3457801826086956,-0.0247999999999999,0.9434,True
383,right_shoulder,429.7969230769231,19.29153846153846,-0.3215439207615128,-0.521175694301518,1.0906923076923076,0.1971,True
383,right_toe_tip,,,,,,0.0197,True
384,left_shoulder,503.0379999999999,150.76399999999998,-0.2359021578260871,-0.3603862669565217,1.0584,0.8167,True
384,left_toe_tip,522.95,193.818,-0.2435912282608694,-0.3458391926086956,-0.0265999999999999,0.9467,True
384,right_shoulder,,,,,,0.2064,False
384,right_toe_tip,,,,,,0.0188,True
385,left_shoulder,502.21,150.756,-0.2381670195652173,-0.3616737052173913,1.0528,0.8637,True
385,left_toe_tip,523.2139999999999,194.068,-0.2450728821739131,-0.3482046947826086,-0.0290999999999999,0.9421,True
385,right_shoulder,,,,,,0.4163,False
385,right_toe_tip,,,,,,0.0124,True
386,left_shoulder,501.4,150.69400000000002,-0.2403504782608696,-0.3629639047826087,1.0476,0.9064,True
386,left_toe_tip,523.424,194.23200000000003,-0.2460007026086957,-0.349806516521739,-0.0399,0.9247,True
386,right_shoulder,,,,,,0.3189,False
386,right_toe_tip,,,,,,0.0279,True
387,left_shoulder,500.784,150.732,-0.2398752208695652,-0.3605778626086957,1.0578,0.9093,True
387,left_toe_tip,523.536,194.244,-0.2458909495652175,-0.3499613634782609,-0.0409,0.9312,True
387,right_shoulder,416.4,26.67,-0.34099,-0.50832825,1.095,0.3675,False
387,right_toe_tip,463.32,200.64,-0.4870222608695652,-0.4392793043478261,0.0025,0.0189,True
388,left_shoulder,500.014,150.8,-0.2399846947826086,-0.3586415652173912,1.0573,0.9289,True
388,left_toe_tip,523.4100000000001,194.306,-0.2467399239130433,-0.3506589326086957,-0.0345,0.9455,True
388,right_shoulder,415.098,27.434,-0.3461290671739132,-0.5118263036956522,1.0820999999999998,0.5728,False
388,right_toe_tip,458.3025,204.9925,-0.5025812099184782,-0.4287557995923913,-0.00375,0.0207,True
389,left_shoulder,499.20200000000006,150.878,-0.2399993734782607,-0.3564620873913043,1.0663,0.9497,True
389,left_toe_tip,523.354,194.48,-0.247796676521739,-0.351622052173913,-0.0419,0.9306,True
389,right_shoulder,413.796,28.198000000000004,-0.3513046469565217,-0.515302932173913,1.0692000000000002,0.5548,True
389,right_toe_tip,453.285,209.345,-0.5182356005434782,-0.4181495027173913,0.0125,0.5917,True
390,left_shoulder,498.396,151.012,-0.239772512173913,-0.3538712026086956,1.0742,0.9106,True
390,left_toe_tip,523.048,194.376,-0.2470483878260869,-0.3498626973913043,-0.0309,0.8657,True
390,right_shoulder,412.494,28.962000000000003,-0.3565167393478261,-0.5187581354347826,1.0563,0.5511,False
390,right_toe_tip,449.035,213.9275,-0.5115578722826088,-0.3912996480978261,0.119,0.8974,False
391,left_shoulder,497.65600000000006,151.352,-0.2407160817391303,-0.3528419113043478,1.0762,0.878,True
391,left_toe_tip,523.092,194.366,-0.2469554426086957,-0.3498838213043478,-0.0309,0.8372,True
391,right_shoulder,411.192,29.726,-0.361765344347826,-0.5221919134782609,1.0434,0.5651,False
391,right_toe_tip,445.092,218.602,-0.4949815773913044,-0.3590894426086957,0.2445999999999999,0.9002,True
392,left_shoulder,496.718,151.78199999999998,-0.2421154317391304,-0.3518431552173913,1.0749000000000002,0.8895,True
392,left_toe_tip,523.798,194.558,-0.2460451043478261,-0.350305452173913,-0.0355,0.7785,True
392,right_shoulder,408.588,31.254,-0.3723720921739131,-0.5289951939130435,1.0151,0.2685,False
392,right_toe_tip,437.5100000000001,227.356,-0.4848314913043478,-0.3175958730434783,-0.3888000000000002,0.973,False
393,left_shoulder,495.638,152.14600000000002,-0.2431558208695651,-0.3500984330434782,1.0774,0.8867,True
393,left_toe_tip,525.162,194.74,-0.2449045173913042,-0.3524349130434782,-0.0435,0.6798,True
393,right_shoulder,405.6541333333333,32.82306666666667,-0.3817222462647343,-0.5329332908425121,0.9944266666666668,0.4746,False
393,right_toe_tip,430.583,235.539,-0.4724401994565217,-0.2807813103260869,-0.2485,0.8775,True
394,left_shoulder,494.152,152.44,-0.2455319373913042,-0.3494227478260869,1.0732000000000002,0.9183,True
394,left_toe_tip,526.116,194.956,-0.2438107895652174,-0.3533376765217391,-0.0460999999999999,0.7607,True
394,right_shoulder,402.3904,34.4332,-0.3897623908173913,-0.5340427926260869,0.97888,0.6757,True
394,right_toe_tip,425.141,242.613,-0.4548238070652174,-0.2484904157608695,-0.102,0.8862,True
395,left_shoulder,492.29,152.61,-0.2482491326086957,-0.3485504543478261,1.0758,0.9137,True
395,left_toe_tip,527.1960000000001,195.378,-0.2437302078260866,-0.3556908821739131,-0.0642999999999999,0.8526,True
395,right_shoulder,398.7968,36.0844,-0.3964227027478261,-0.5323623302434782,0.96246,0.8132,False
395,right_toe_tip,420.86800000000005,248.268,-0.4525075799999998,-0.23072658,0.0112,0.4214,True
396,left_shoulder,489.95,153.02399999999997,-0.2516599456521739,-0.3471347478260869,1.074,0.9065,True
396,left_toe_tip,528.088,195.68400000000003,-0.2434329286956522,-0.3574230208695652,-0.0692,0.7532,True
396,right_shoulder,394.954,37.916,-0.4036333786956522,-0.5305283626086957,0.9426,0.8243,False
396,right_toe_tip,417.9719999999999,252.26800000000003,-0.4652934608695653,-0.2257687999999999,0.0015,0.4235,True
397,left_shoulder,487.304,153.36399999999998,-0.254902735652174,-0.3449473573913044,1.0812,0.8547,True
397,left_toe_tip,528.3039999999999,195.86,-0.2445171130434785,-0.3593238695652174,-0.0645,0.7869,True
397,right_shoulder,390.76,40.184,-0.4092954260869565,-0.5251934921739131,0.9362,0.8206,True
397,right_toe_tip,415.52,255.002,-0.4736528000000001,-0.2215457799999999,0.0067999999999999,0.3566,True
398,left_shoulder,483.988,153.676,-0.2592512452173913,-0.3428566643478261,1.0722,0.9144,True
398,left_toe_tip,528.122,195.972,-0.2453046756521739,-0.3596492191304347,-0.0677,0.8912,True
398,right_shoulder,386.1386666666666,42.69733333333333,-0.4162957951690821,-0.5203303874396135,0.9338333333333336,0.8505,True
398,right_toe_tip,414.2720000000001,256.796,-0.4789359304347825,-0.2189719652173913,-0.001,0.5946,True
399,left_shoulder,480.186,154.216,-0.2640405217391304,-0.3399909565217391,1.071,0.9116,True
399,left_toe_tip,528.054,196.074,-0.2462081917391305,-0.3605302917391304,-0.0739,0.9236,True
399,right_shoulder,381.404,45.32,-0.4241536565217391,-0.5161436086956521,0.9465,0.9262,True
399,right_toe_tip,413.6,258.338,-0.4805093913043478,-0.2157665447826086,0.0064,0.8854,True
400,left_shoulder,476.308,155.32,-0.2695936069565218,-0.3370990608695652,1.0708,0.969,True
400,left_toe_tip,528.014,196.23200000000003,-0.2462961656521739,-0.3601827947826086,-0.0739,0.9204,True
400,right_shoulder,375.55,48.85,-0.4353651847826086,-0.5122475978260869,0.9594,0.8297,True
400,right_toe_tip,413.1,259.102,-0.4820145217391304,-0.2143424469565218,0.0075999999999999,0.9338,True
401,left_shoulder,471.72,156.404,-0.2760157826086957,-0.3339417,1.072,0.8852,True
401,left_toe_tip,527.932,196.476,-0.2460867104347825,-0.3590773747826087,-0.0707,0.9264,True
401,right_shoulder,369.26200000000006,52.79600000000001,-0.445717146521739,-0.5057512808695652,0.9644,0.8768,True
401,right_toe_tip,412.698,259.434,-0.4834614713043478,-0.2138995095652173,0.0002,0.9224,True
402,left_shoulder,466.634,158.122,-0.2836418513043478,-0.3302899626086957,1.0658,0.9406,True
402,left_toe_tip,527.85,196.8,-0.2463399130434782,-0.3584723478260869,-0.0712999999999999,0.8944,True
402,right_shoulder,361.8926666666667,56.952666666666666,-0.4637339019806762,-0.5053204483574879,0.9564333333333334,0.8743,True
402,right_toe_tip,412.842,259.78,-0.4858712091304348,-0.2143618652173913,-0.0057999999999999,0.9698,True
403,left_shoulder,460.806,160.56599999999997,-0.2929042795652173,-0.3259878795652174,1.0522,0.9303,True
403,left_toe_tip,527.646,197.154,-0.2463972069565218,-0.3571283582608695,-0.0680999999999999,0.8765,True
403,right_shoulder,353.848,61.470000000000006,-0.4883868156521739,-0.5095128326086956,0.9178,0.7647,True
403,right_toe_tip,413.372,260.262,-0.4847375852173912,-0.2133309091304348,0.0017,0.9692,True
404,left_shoulder,454.4,163.28199999999998,-0.3029718260869566,-0.3211207526086956,1.0517,0.939,True
404,left_toe_tip,527.596,197.404,-0.2465068591304347,-0.3565800973913043,-0.0390999999999999,0.8771,True
404,right_shoulder,344.814,66.48400000000001,-0.5207466065217392,-0.5178005086956521,0.865,0.1962,True
404,right_toe_tip,413.79,260.53200000000004,-0.4853679782608696,-0.2134237304347825,-0.0045,0.9409,True
405,left_shoulder,447.366,166.52,-0.3140771739130435,-0.3154565217391304,1.0835,0.9284,True
405,left_toe_tip,527.367,197.667,-0.2461888040217392,-0.3548211192391304,-0.0484,0.7792,True
405,right_shoulder,335.7966666666666,71.19666666666667,-0.5586980785024155,-0.5304145277777778,1.7355833333333333,0.0567,True
405,right_toe_tip,414.268,261.2,-0.4838025626086956,-0.2117541739130435,-0.0022999999999999,0.9136,True
406,left_shoulder,439.536,169.994,-0.3276714817391305,-0.3105771986956522,1.1132,0.8969,True
406,left_toe_tip,526.9309999999999,198.031,-0.2452491190217393,-0.3513142820652173,-0.033,0.7411,True
406,right_shoulder,326.03,75.96000000000001,-0.6050747934782609,-0.5473944782608695,2.988,0.3531,False
406,right_toe_tip,414.808,261.902,-0.4823514730434782,-0.2101216508695652,0.0124,0.8839,True
407,left_shoulder,431.328,173.642,-0.3429932591304348,-0.3063158343478261,1.1198,0.9113,True
407,left_toe_tip,526.751,198.367,-0.2433745629347826,-0.3473528307608695,-0.0145999999999999,0.6187,False
407,right_shoulder,316.2633333333333,80.72333333333333,-0.6532208321256038,-0.5635115060386472,2.7471666666666668,0.3269,False
407,right_toe_tip,415.116,262.574,-0.48125176,-0.2084916399999999,0.0142,0.8489,True
408,left_shoulder,422.88,176.954,-0.3594752000000001,-0.3030605078260869,1.1298,0.9633,True
408,left_toe_tip,527.1650000000001,198.499,-0.2425584559782607,-0.3471744866304347,-0.0152,0.6589,True
408,right_shoulder,307.076,85.34349999999999,-0.6934680264130435,-0.572099040611413,2.5091750000000004,0.5923,False
408,right_toe_tip,415.11,262.908,-0.4811179326086957,-0.2077135591304347,0.0147999999999999,0.8602,True
409,left_shoulder,414.396,180.38,-0.3771019904347826,-0.3002387347826086,1.1372,0.9504,True
409,left_toe_tip,527.681,198.495,-0.2422061566304346,-0.3482714885869565,-0.0054,0.4992,True
409,right_shoulder,298.468,89.82050000000001,-0.7250037583695651,-0.5735367489266303,2.6420250000000003,0.5401,True
409,right_toe_tip,415.356,263.012,-0.4797614469565219,-0.2071326330434782,0.0182,0.8509,True
410,left_shoulder,405.95,183.262,-0.3962059456521739,-0.2991866969565218,1.1730999999999998,0.9041,True
410,left_toe_tip,528.472,198.27,-0.2428643426086957,-0.3521846543478261,-0.0249,0.6381,True
410,right_shoulder,290.43933333333337,94.15433333333333,-0.7471036009299515,-0.5681825039190821,2.8467166666666666,0.344,False
410,right_toe_tip,415.558,263.062,-0.4788909195652174,-0.2068361891304347,0.02,0.87,True
411,left_shoulder,398.058,186.016,-0.4140363965217391,-0.2977395756521739,1.2346,0.9504,True
411,left_toe_tip,529.5559999999999,198.068,-0.2443693547826088,-0.3582921513043478,-0.0375999999999999,0.6102,True
411,right_shoulder,282.99,98.345,-0.7591313179347826,-0.5563723845108696,2.85675,0.3825,False
411,right_toe_tip,415.828,263.1,-0.4777300252173913,-0.2065023260869564,0.0224,0.8333,True
412,left_shoulder,390.388,188.278,-0.4310690713043477,-0.296556427826087,1.2532,0.9348,True
412,left_toe_tip,530.498,197.9,-0.2462366713043477,-0.3645135652173912,-0.0708000000000001,0.7624,True
412,right_shoulder,276.12,102.3925,-0.7605388641304347,-0.5384206756114129,2.855125,0.2457,True
412,right_toe_tip,416.038,263.002,-0.4762600617391305,-0.2062683556521738,0.0340999999999999,0.8261,True
413,left_shoulder,384.656,190.16,-0.4451867130434783,-0.296112347826087,1.269,0.926,True
413,left_toe_tip,530.898,197.9,-0.2481833321739129,-0.3687422608695652,-0.0858000000000001,0.7727,True
413,right_shoulder,272.685,104.41625,-0.7610557190896738,-0.5295549450577446,2.8038125,0.1036,True
413,right_toe_tip,416.324,262.86400000000003,-0.4742417452173914,-0.205949436521739,0.0399,0.8509,True
414,left_shoulder,379.524,192.072,-0.4605895182608695,-0.2969405113043478,1.2842,0.8664,True
414,left_toe_tip,530.976,197.9,-0.2494279513043478,-0.3708566086956522,-0.0978000000000001,0.7704,True
414,right_shoulder,269.25,106.44,-0.7614479619565216,-0.5207626304347825,2.6815,0.0797,True
414,right_toe_tip,416.508,263.146,-0.4746775739130435,-0.2057094739130434,0.0365,0.8615,True
415,left_shoulder,374.534,193.806,-0.47604979,-0.2980291969565217,1.3472,0.8672,True
415,left_toe_tip,530.934,198.118,-0.2504724400000001,-0.371765532173913,-0.1058000000000001,0.7656,True
415,right_shoulder,257.8,113.18583333333332,-0.7618554619565218,-0.4919851411911231,2.606125,0.0791,False
415,right_toe_tip,416.762,263.47200000000004,-0.47370133,-0.2048282191304347,0.0397999999999999,0.8632,True
416,left_shoulder,369.904,195.248,-0.4935710817391304,-0.3010663721739131,1.3508,0.9194,True
416,left_toe_tip,530.608,198.13,-0.251696723478261,-0.3724417565217391,-0.1098000000000001,0.841,True
416,right_shoulder,248.19418604651165,119.4162984496124,-0.7624577289464635,-0.4681781029605089,2.7036715116279075,0.1512,True
416,right_toe_tip,416.784,264.004,-0.4740913739130434,-0.203887156521739,0.038,0.8975,True
417,left_shoulder,365.446,196.566,-0.5170568047826086,-0.3077888569565217,1.3134,0.9159,True
417,left_toe_tip,529.832,198.27,-0.2537935426086957,-0.372576697826087,-0.1214,0.6273,True
417,right_shoulder,240.43255813953488,125.1313953488372,-0.763894974604369,-0.4490229382803866,2.7586395348837214,0.3993,True
417,right_toe_tip,416.916,264.832,-0.474392975652174,-0.2023768208695652,0.0400999999999999,0.8996,True
418,left_shoulder,360.406,198.288,-0.5414398591304347,-0.3131588034782608,1.2784,0.8639,True
418,left_toe_tip,528.7239999999999,198.616,-0.2534431852173914,-0.3675696017391305,-0.1169,0.7599,True
418,right_shoulder,239.76383720930232,126.3820930232558,-0.7657956459058363,-0.4469950309362288,2.786709302325581,0.0316,True
418,right_toe_tip,416.696,265.862,-0.4754433426086956,-0.2004320808695653,0.0377,0.8895,True
419,left_shoulder,355.208,199.478,-0.5664884347826088,-0.3192991956521739,1.251,0.864,True
419,left_toe_tip,527.726,199.126,-0.253251092173913,-0.3628757878260869,-0.0711999999999998,0.8262,True
419,right_shoulder,239.09511627906977,127.6327906976744,-0.7676983963952312,-0.4449632349213441,2.7852790697674417,0.034,True
419,right_toe_tip,416.55,266.6,-0.47706575,-0.1994089999999999,0.0322999999999999,0.8759,True
420,left_shoulder,350.73400000000004,200.712,-0.5900397560869564,-0.324912892173913,1.3244,0.8893,True
420,left_toe_tip,526.688,199.488,-0.2487444730434783,-0.3523587339130435,-0.0290999999999999,0.8519,True
420,right_shoulder,237.7576744186047,130.13418604651162,-0.7715101349378042,-0.4408879768793942,2.8464186046511637,0.0457,True
420,right_toe_tip,416.232,267.28599999999994,-0.4787175843478261,-0.1983474943478262,0.0282999999999999,0.8744,True
421,left_shoulder,346.822,202.014,-0.6132518947826087,-0.3304654982608696,1.3316,0.9372,True
421,left_toe_tip,525.757,199.8335,-0.2455665702717392,-0.3442796326902173,-0.0020499999999999,0.8712,True
421,right_shoulder,237.0889534883721,131.38488372093022,-0.7734191229909821,-0.4388445148523291,2.9024883720930235,0.0359,True
421,right_toe_tip,416.03,267.754,-0.4800261369565217,-0.197707242173913,0.0307,0.8263,True
422,left_shoulder,342.988,203.416,-0.6320544495652174,-0.33321756,1.3807,0.9303,True
422,left_toe_tip,525.1510000000001,199.9285,-0.2434861217934781,-0.3393602795380435,0.0250499999999999,0.8977,True
422,right_shoulder,236.4202325581396,132.6355813953488,-0.7753301902320878,-0.4367971641545372,2.901058139534884,0.0344,True
422,right_toe_tip,415.91,268.206,-0.4805756195652173,-0.1968582195652173,0.0295,0.7838,True
423,left_shoulder,338.942,204.716,-0.6548011499999999,-0.3377427,1.372,0.9594,True
423,left_toe_tip,524.836,199.739,-0.2451115526086956,-0.3410946348913044,0.0174,0.9369,False
423,right_shoulder,235.75151162790695,133.8862790697674,-0.7772433366611209,-0.4347459247860182,2.9251279069767446,0.0119,True
423,right_toe_tip,416.362,268.446,-0.4818912730434783,-0.1972789669565217,0.0200999999999999,0.8374,True
424,left_shoulder,335.38,206.332,-0.6746008565217392,-0.3403078078260869,1.6566,0.9311,True
424,left_toe_tip,524.53,199.415,-0.2481977445652174,-0.3451704755434783,-0.002,0.9533,False
424,right_shoulder,235.08279069767443,135.13697674418603,-0.779158562278082,-0.4326907967467727,2.9396976744186047,0.0307,True
424,right_toe_tip,416.63,268.78600000000006,-0.4816051434782609,-0.1966653156521738,0.0189,0.8511,True
425,left_shoulder,331.59000000000003,207.91,-0.696135006521739,-0.3432935804347826,1.8024,0.9582,True
425,left_toe_tip,524.228,199.095,-0.25672441,-0.3568068375,-0.0830999999999999,0.9269,False
425,right_shoulder,,,,,,0.0184,True
425,right_toe_tip,416.932,269.06000000000006,-0.4822633173913044,-0.1966083260869564,0.0135,0.8526,True
426,left_shoulder,328.054,209.548,-0.717543614347826,-0.3460723069565217,1.8208,0.8741,True
426,left_toe_tip,524.107,198.9715,-0.2627180936413044,-0.3650358567119565,-0.1285500000000002,0.894,True
426,right_shoulder,,,,,,0.0412,True
426,right_toe_tip,417.124,269.238,-0.4808307443478261,-0.1958091495652174,0.0177,0.8317,True
427,left_shoulder,324.934,211.354,-0.7324599573913044,-0.3455696356521739,1.8332,0.8829,True
427,left_toe_tip,524.351,199.0385,-0.2655715867934782,-0.3696253401902173,-0.1556500000000001,0.859,True
427,right_shoulder,,,,,,0.0257,True
427,right_toe_tip,417.182,269.046,-0.4811415639130436,-0.196401322173913,0.0159,0.7437,True
428,left_shoulder,322.036,213.042,-0.7476301356521738,-0.345542984347826,1.8758,0.8733,True
428,left_toe_tip,524.008,199.458,-0.2680675982608694,-0.371026522173913,-0.1691999999999998,0.8999,True
428,right_shoulder,,,,,,0.0289,True
428,right_toe_tip,417.12,269.028,-0.4806940173913043,-0.196202872173913,0.0182999999999999,0.851,True
429,left_shoulder,319.19,214.494,-0.764364695652174,-0.3466838608695652,1.929,0.8615,True
429,left_toe_tip,522.467,200.267,-0.270913565,-0.368184565,-0.1525999999999999,0.8316,True
429,right_shoulder,,,,,,0.0494,False
429,right_toe_tip,427.61,274.468,-0.4747378217391304,-0.1911826139130434,0.0550999999999999,0.8108,True
430,left_shoulder,316.66,215.76400000000004,-0.7795305652173914,-0.3477341826086955,1.942,0.9172,True
430,left_toe_tip,519.725,201.41299999999995,-0.2746714945652173,-0.3621644423913044,-0.1635,0.674,True
430,right_shoulder,,,,,,0.0458,True
430,right_toe_tip,438.1077142857144,279.9797142857143,-0.4676188994055013,-0.1853413953061224,0.0436142857142854,0.7992,True
431,left_shoulder,314.198,216.952,-0.7883700134782609,-0.3461450626086956,2.0138000000000003,0.9367,True
431,left_toe_tip,515.604,202.752,-0.2811620026086955,-0.3554146643478261,-0.1484000000000001,0.2145,True
431,right_shoulder,,,,,,0.0265,True
431,right_toe_tip,448.5231428571428,285.80914285714283,-0.4598477279414374,-0.1781755644010648,0.0445428571428574,0.3335,True
432,left_shoulder,311.88,217.706,-0.8010407826086957,-0.3473829608695652,2.015,0.9222,True
432,left_toe_tip,509.92,204.29,-0.2908419130434783,-0.34814725,-0.1415,0.7574,False
432,right_shoulder,,,,,,0.0165,False
432,right_toe_tip,458.8682857142858,291.7942857142857,-0.4496229168589172,-0.1693069174800354,0.0792857142857146,0.0657,True
433,left_shoulder,309.714,218.224,-0.8087698921739132,-0.3471662747826087,2.0852,0.9375,True
433,left_toe_tip,504.918,206.672,-0.3010566660869565,-0.3417214469565218,-0.1444,0.8582,False
433,right_shoulder,,,,,,0.0237,True
433,right_toe_tip,469.01714285714286,297.69714285714286,-0.4382099467613132,-0.1596752573203194,0.1351428571428573,0.0168,True
434,left_shoulder,308.032,218.432,-0.8151979408695652,-0.3476417669565218,2.1003000000000003,0.9611,True
434,left_toe_tip,499.969,210.381,-0.311538533478261,-0.3328697491304348,-0.1667999999999999,0.589,True
434,right_shoulder,,,,,,0.0296,True
434,right_toe_tip,468.53571428571433,298.04571428571427,-0.4393372948092279,-0.1587434267968057,0.1307142857142853,0.0186,True
435,left_shoulder,306.594,218.48,-0.8227880243478262,-0.3492467478260869,2.0966,0.9193,True
435,left_toe_tip,496.279,213.787,-0.3214976282608695,-0.3270721239130435,-0.1535,0.8806,True
435,right_shoulder,,,,,,0.0188,False
435,right_toe_tip,468.295,298.22,-0.4399007445652174,-0.1582776739130435,0.131,0.0431,True
436,left_shoulder,305.19,218.194,-0.833349368478261,-0.3529582167391304,2.1061,0.8889,True
436,left_toe_tip,492.928,218.474,-0.3338214678260869,-0.3212332534782607,-0.1631999999999998,0.9296,True
436,right_shoulder,,,,,,0.0192,False
436,right_toe_tip,467.6932142857143,298.6557142857143,-0.441308714840284,-0.1571137653061225,0.1317142857142853,0.2833,True
437,left_shoulder,303.986,217.704,-0.8437238493478261,-0.3573021626086956,2.1009,0.8896,True
437,left_toe_tip,489.328,225.746,-0.3522449321739131,-0.3138625034782609,-0.1633000000000002,0.9246,True
437,right_shoulder,,,,,,0.0191,True
437,right_toe_tip,466.03053571428575,297.2142857142857,-0.4433711298490184,-0.1600129838620231,0.1273273809523807,0.2743,False
438,left_shoulder,303.094,217.158,-0.8535806471739131,-0.3619026280434783,2.0801,0.9349,False
438,left_toe_tip,484.0,233.412,-0.3720599999999999,-0.30191238,-0.0741999999999998,0.8826,True
438,right_shoulder,,,,,,0.0289,True
438,right_toe_tip,463.3069642857144,293.8957142857143,-0.4459887239386922,-0.1668530166648181,0.0928392857142857,0.3154,True
439,left_shoulder,302.31,216.698,-0.8624676010869565,-0.3659964232608695,2.0828,0.9289,True
439,left_toe_tip,479.244,241.666,-0.3896935121739131,-0.2868570508695652,-0.0411999999999998,0.8804,True
439,right_shoulder,,,,,,0.0304,True
439,right_toe_tip,459.5225,288.7,-0.4489868240489129,-0.177378125,0.06625,0.0739,True
440,left_shoulder,301.374,216.148,-0.8714834567391302,-0.3702156308695651,2.0648,0.9115,True
440,left_toe_tip,472.91,251.296,-0.4132208347826086,-0.2688297182608696,-0.0211999999999998,0.9469,True
440,right_shoulder,,,,,,0.0189,True
440,right_toe_tip,457.16,285.12,-0.4504753623188406,-0.1844869565217391,0.073333333333333,0.2985,True
441,left_shoulder,300.56800000000004,215.714,-0.885179624347826,-0.3762727947826086,2.0878,0.9003,True
441,left_toe_tip,467.566,263.13,-0.4379636171739131,-0.2460392706521739,-0.0186999999999998,0.9274,True
441,right_shoulder,,,,,,0.0189,True
441,right_toe_tip,452.43500000000006,277.96,-0.4531121874999999,-0.1981890217391305,0.0315,0.0412,True
442,left_shoulder,300.19,215.724,-0.8998316543478261,-0.3820491208695653,2.0508,0.8952,True
442,left_toe_tip,463.8,275.864,-0.459901152173913,-0.2196041052173913,-0.0403000000000001,0.8991,True
442,right_shoulder,,,,,,0.0369,True
442,right_toe_tip,447.71,270.8,-0.4552953442028984,-0.2112036231884057,0.0236666666666669,0.0251,True
443,left_shoulder,300.094,215.942,-0.9155294217391304,-0.3880170913043478,2.009,0.8968,True
443,left_toe_tip,457.31000000000006,288.996,-0.4745372749999998,-0.18443289,-0.0386999999999998,0.1313,True
443,right_shoulder,,,,,,0.0285,True
443,right_toe_tip,441.612,265.09800000000007,-0.4569824452173913,-0.2186046939130433,0.0048000000000001,0.1315,True
444,left_shoulder,300.062,216.502,-0.9257398534782608,-0.3907824882608696,1.9816,0.9561,True
444,left_toe_tip,450.798,302.5,-0.4911231480434784,-0.14925625,-0.0560999999999999,0.3357,True
444,right_shoulder,,,,,,0.0204,True
444,right_toe_tip,436.299,261.10600000000005,-0.4595450277173913,-0.2231027141304346,-0.007,0.7091,True
445,left_shoulder,300.544,217.622,-0.9326184626086956,-0.3911680791304348,1.9809,0.9605,True
445,left_toe_tip,444.506,316.314,-0.5022708345652174,-0.1122397806521738,-0.1226999999999998,0.9044,True
445,right_shoulder,,,,,,0.0187,True
445,right_toe_tip,431.833,258.58,-0.4611879546739131,-0.2246930702898551,-0.0237333333333331,0.8775,True
446,left_shoulder,301.42999999999995,219.088,-0.9393109434782608,-0.3909389008695652,1.9346,1.0,True
446,left_toe_tip,437.514,328.448,-0.5077996730434784,-0.0791269286956522,-0.0871999999999998,0.9394,True
446,right_shoulder,,,,,,0.0208,True
446,right_toe_tip,428.35,257.372,-0.4629153586956521,-0.224465284347826,-0.0037,0.8754,True
447,left_shoulder,302.494,220.78,-0.9335709443478262,-0.3850946260869566,1.9637,0.9809,True
447,left_toe_tip,430.09,338.394,-0.5067044869565218,-0.0521550052173913,-0.0193000000000001,0.9197,True
447,right_shoulder,,,,,,0.0207,True
447,right_toe_tip,425.792,257.46000000000004,-0.4640862886956521,-0.2221551391304347,0.0107999999999999,0.8693,True
448,left_shoulder,303.468,222.936,-0.9272919782608696,-0.3776709130434783,1.935,0.9264,True
448,left_toe_tip,426.96,347.584,-0.512037008695652,-0.0298415860869565,-0.0021999999999998,0.8999,True
448,right_shoulder,,,,,,0.0183,True
448,right_toe_tip,425.196,257.87,-0.4657978043478261,-0.2214666847826087,0.009,0.8251,True
449,left_shoulder,304.706,225.412,-0.92672346,-0.3719895286956522,1.8532,0.8542,True
449,left_toe_tip,424.5559999999999,354.8,-0.517112435652174,-0.0124811304347825,-0.0011999999999998,0.9072,True
449,right_shoulder,,,,,,0.0149,False
449,right_toe_tip,424.564,258.166,-0.4667467773913043,-0.2206255747826087,0.0077999999999999,0.7357,True
450,left_shoulder,305.764,228.098,-0.92815884,-0.3662861191304348,1.8122,0.8908,True
450,left_toe_tip,423.766,361.478,-0.5191966369565219,0.003548806521739,0.0055,0.8763,True
450,right_shoulder,,,,,,0.0139,False
450,right_toe_tip,423.934,258.53200000000004,-0.4679707734782607,-0.2197664530434781,0.0084,0.8551,True
451,left_shoulder,306.76800000000003,231.12,-0.918416368695652,-0.3552044869565218,1.8024,0.8912,True
451,left_toe_tip,423.662,366.438,-0.5201518,0.0154791913043477,0.008,0.8283,True
451,right_shoulder,,,,,,0.0156,True
451,right_toe_tip,423.102,259.082,-0.4693484113043477,-0.2183777765217391,0.0117,0.9059,True
452,left_shoulder,307.62600000000003,234.382,-0.9227713813043475,-0.3487537995652174,1.7698000000000005,0.9406,True
452,left_toe_tip,423.86800000000005,370.354,-0.520737164347826,0.0249463873913043,0.0054,0.9084,True
452,right_shoulder,,,,,,0.0374,True
452,right_toe_tip,422.32,259.78600000000006,-0.4697629043478261,-0.2162661691304346,0.0170999999999999,0.8584,True
453,left_shoulder,308.752,237.9,-0.9286465669565216,-0.3423046956521738,1.7448,0.9522,True
453,left_toe_tip,423.926,373.494,-0.5217717373913042,0.0325850765217392,0.0024,0.8903,True
453,right_shoulder,,,,,,0.0371,True
453,right_toe_tip,422.07,259.946,-0.4707288,-0.2161166399999999,0.0152999999999999,0.8964,True
454,left_shoulder,309.846,242.01,-0.9325415047826088,-0.33327045,1.7534,0.9104,True
454,left_toe_tip,423.99,376.242,-0.5216171913043479,0.0392208991304348,0.0024,0.8789,True
454,right_shoulder,,,,,,0.0167,True
454,right_toe_tip,422.416,259.322,-0.46998144,-0.21746448,0.0152999999999999,0.8474,True
455,left_shoulder,311.432,246.436,-0.9352045269565218,-0.3232377069565217,1.7849000000000002,0.9082,True
455,left_toe_tip,423.89400000000006,377.97,-0.522741622173913,0.0434678673913042,-0.0014,0.8854,True
455,right_shoulder,,,,,,0.0151,True
455,right_toe_tip,423.076,258.86600000000004,-0.4701591913043478,-0.2191969521739129,0.0085,0.7516,True
456,left_shoulder,313.014,251.188,-0.9424305191304346,-0.3136151078260868,1.7884,0.9929,True
456,left_toe_tip,423.804,379.33,-0.5227713278260869,0.0467407804347827,-0.0005999999999999,0.8777,True
456,right_shoulder,,,,,,0.051,True
456,right_toe_tip,424.104,258.24,-0.4689167252173913,-0.2210182956521739,0.0027999999999999,0.4751,True
457,left_shoulder,314.756,256.54,-0.9530356252173916,-0.3031602913043477,1.6782,0.9328,True
457,left_toe_tip,423.91,380.206,-0.5223271108695652,0.0488414160869565,0.0001999999999998,0.8605,True
457,right_shoulder,,,,,,0.06,False
457,right_toe_tip,425.1,257.696,-0.4687155869565216,-0.2231339199999999,-0.0025999999999999,0.443,True
458,left_shoulder,316.546,262.26,-0.9621350178260868,-0.2907340043478261,1.6229,0.9469,True
458,left_toe_tip,424.52,380.852,-0.5212273826086957,0.0504391747826086,-0.0014,0.846,True
458,right_shoulder,184.26,230.19,-0.9307994130434782,-0.2651228152173913,1.729,0.433,False
458,right_toe_tip,425.9204,257.3068,-0.4680524680695653,-0.224523054573913,-0.00744,0.3434,True
459,left_shoulder,318.28200000000004,267.992,-0.9777429652173912,-0.2796243130434782,1.535,1.0,True
459,left_toe_tip,425.306,381.558,-0.5193261169565216,0.0521469273913043,0.0005999999999999,0.8528,True
459,right_shoulder,185.065,232.65,-0.9271773097826086,-0.2595448369565217,1.728,0.5988,False
459,right_toe_tip,426.3412,257.4964,-0.4681264307999999,-0.2245853876,-0.01172,0.3367,True
460,left_shoulder,319.954,274.144,-0.993951555652174,-0.2666388730434782,1.4668,0.9021,True
460,left_toe_tip,426.138,382.244,-0.5164302382608694,0.053714424347826,0.0044,0.8721,True
460,right_shoulder,186.27666666666664,236.44000000000003,-0.9311191884057972,-0.2535666086956521,1.715,0.5253,True
460,right_toe_tip,426.54440000000005,257.3728,-0.4675234480695652,-0.2247803403130435,-0.0095400000000001,0.2615,True
461,left_shoulder,321.668,280.592,-1.0212228965217391,-0.2547443165217392,1.3725999999999998,0.8847,True
461,left_toe_tip,427.082,382.988,-0.5145209756521739,0.0555510017391304,0.0048000000000001,0.883,True
461,right_shoulder,187.29,239.5425,-0.9318690896739132,-0.2479525985054347,1.70925,0.7974,True
461,right_toe_tip,426.544,257.308,-0.4678398678260868,-0.2250740747826087,-0.0109,0.1799,True
462,left_shoulder,323.314,287.12,-1.0493321765217394,-0.2414862956521739,1.2475999999999998,0.9428,True
462,left_toe_tip,427.898,383.7,-0.5121802208695652,0.0572303478260869,0.0064,0.8784,True
462,right_shoulder,188.0928,243.212,-0.9308109431652172,-0.2405528135652173,1.71304,0.6338,True
462,right_toe_tip,426.546,257.102,-0.4685779330434783,-0.2258834791304348,-0.0185999999999999,0.2313,True
463,left_shoulder,324.766,293.86400000000003,-1.1005093056521742,-0.2308865269565216,1.0492,0.9711,True
463,left_toe_tip,428.528,384.294,-0.5108427965217391,0.0586858539130434,0.0105999999999999,0.8955,True
463,right_shoulder,189.6964,250.56,-0.9284477095304348,-0.2256462469565217,1.70612,0.4459,True
463,right_toe_tip,426.7016,256.9352,-0.4686907755478261,-0.2264692142260869,-0.0205599999999999,0.1852,True
464,left_shoulder,326.78000000000003,300.78000000000003,-1.1606843739130432,-0.2194487217391303,0.8728000000000001,0.974,True
464,left_toe_tip,428.884,384.584,-0.509982824347826,0.0593863930434782,0.0105999999999999,0.9039,True
464,right_shoulder,191.1728,258.732,-0.9260280847304349,-0.2089378987826086,1.7748400000000002,0.1112,True
464,right_toe_tip,427.0188,256.7516,-0.4679752567130434,-0.2268636691652173,-0.02048,0.3827,True
465,left_shoulder,328.68999999999994,307.788,-1.2323138673913048,-0.2066800669565217,0.6471999999999998,0.9451,True
465,left_toe_tip,429.0759999999999,384.72,-0.5088312234782612,0.0596343130434783,0.0135999999999999,0.9067,True
465,right_shoulder,192.278,266.93,-0.9190954013043476,-0.1910565239130434,1.7644000000000002,0.2806,True
465,right_toe_tip,426.9236,256.9032,-0.4676007918956522,-0.2262481688347825,-0.0179599999999998,0.3289,True
466,left_shoulder,330.398,314.774,-1.2999918760869564,-0.1899000413043478,0.3175,1.0,True
466,left_toe_tip,429.166,384.84800000000007,-0.5082474404347826,0.0598998852173914,0.0171999999999998,0.9109,True
466,right_shoulder,193.252,275.97,-0.9116572773913044,-0.1714760021739131,1.7755999999999998,0.4718,False
466,right_toe_tip,427.096,257.07000000000005,-0.466630027826087,-0.225595708695652,-0.0154,0.4361,True
467,left_shoulder,332.158,321.6906666666667,-1.37297532,-0.1708596266666666,-0.0081999999999998,0.9663,True
467,left_toe_tip,429.276,384.92,-0.5085319834782608,0.0601384608695652,0.0148000000000001,0.9173,True
467,right_shoulder,193.8932,284.89,-0.9144413562086958,-0.1539624373913043,1.7976599999999998,0.6078,False
467,right_toe_tip,427.126,257.5,-0.4655461826086955,-0.2241630434782608,-0.0065,0.3366,True
468,left_shoulder,334.04200000000003,328.596,-1.436073734347826,-0.1474008182608695,-0.1711999999999998,0.9476,True
468,left_toe_tip,429.334,384.954,-0.5080256386956522,0.0601771134782608,0.0164,0.9246,True
468,right_shoulder,194.6956,293.408,-0.914480988052174,-0.1367539102608695,1.7891799999999998,0.8474,True
468,right_toe_tip,426.492,258.582,-0.4664685652173912,-0.2215762826086956,-0.0045,0.4979,True
469,left_shoulder,335.538,335.516,-1.4966292921739128,-0.1203548278260868,-0.5443999999999997,0.9221,True
469,left_toe_tip,429.4719999999999,385.026,-0.5075097808695653,0.0603289813043478,0.0171999999999998,0.9279,True
469,right_shoulder,195.4082,301.736,-0.9133172027086958,-0.1196907219130435,1.78856,0.8601,True
469,right_toe_tip,425.438,259.816,-0.4683515308695652,-0.2186842486956522,-0.0012,0.6323,True
470,left_shoulder,336.796,341.5058181818182,-1.5204661930434782,-0.092742108357887,-0.6534909090909087,0.9217,False
470,left_toe_tip,429.696,385.106,-0.5078384417391304,0.060625532173913,0.0134,0.9246,True
470,right_shoulder,196.031,309.874,-0.9109568275,-0.1028509241304348,1.7553,0.9193,True
470,right_toe_tip,424.304,261.958,-0.4755158991304348,-0.2161399830434783,-0.0152,0.5295,True
471,left_shoulder,338.29800000000006,346.80745454545456,-1.5132561421343869,-0.0661702621775062,-0.6544727272727269,0.9735,True
471,left_toe_tip,429.918,385.1039999999999,-0.5078504,0.0606861913043476,0.011,0.9195,True
471,right_shoulder,196.543,317.806,-0.9008443340217392,-0.0857134419565217,1.7591,0.8502,False
471,right_toe_tip,422.64,265.08399999999995,-0.4828935913043479,-0.2108682743478262,-0.0224,0.4762,True
472,left_shoulder,339.75600000000003,351.2982424242424,-1.4688933337549404,-0.0425718871816985,-0.5109454545454546,0.9178,False
472,left_toe_tip,430.214,385.118,-0.5071348521739132,0.0607200347826086,0.011,0.9072,True
472,right_shoulder,197.433,325.544,-0.893167553152174,-0.0695374513043478,1.7963,0.8734,True
472,right_toe_tip,420.856,268.946,-0.49000122,-0.2035947645652173,-0.0280999999999999,0.5045,True
473,left_shoulder,341.17,354.97818181818184,-1.3879058952569172,-0.0233236658282428,-0.245909090909091,0.9328,False
473,left_toe_tip,430.502,385.148,-0.506802987826087,0.0608362921739129,0.0094,0.9051,True
473,right_shoulder,198.153,333.306,-0.8847986175,-0.053454735,1.8107,0.8405,True
473,right_toe_tip,419.468,272.49,-0.4969400969565218,-0.1971923706521738,-0.0235999999999999,0.2525,True
474,left_shoulder,342.5400000000001,357.84727272727275,-1.2707890948616594,-0.009196740208408,0.1251363636363639,0.9382,False
474,left_toe_tip,430.8,385.162,-0.506582347826087,0.0609303299999999,0.0071999999999998,0.8863,True
474,right_shoulder,199.12,340.858,-0.8725590260869565,-0.0378845147826086,1.8522,0.8921,True
474,right_toe_tip,418.47,275.938,-0.5053051141304349,-0.1917435945652174,-0.0395,0.6323,True
475,left_shoulder,343.225,359.28181818181827,-1.2126132658102766,-0.002934468199784,0.298909090909091,0.9788,False
475,left_toe_tip,431.046,385.226,-0.5063046269565217,0.0611236947826086,0.0098000000000001,0.8868,True
475,right_shoulder,200.11,347.932,-0.8684002369565218,-0.0238238060869564,1.8623,0.8665,True
475,right_toe_tip,418.412,278.512,-0.5110734534782609,-0.1879449860869565,-0.0449,0.7401,True
476,left_shoulder,343.91,360.7163636363637,-1.154692484189723,0.0027936766079773,0.4701818181818185,0.9653,False
476,left_toe_tip,431.144,385.258,-0.5063849930434783,0.0612396682608695,0.0084,0.8821,True
476,right_shoulder,201.05,354.552,-0.8755144021739131,-0.0108663913043477,1.823,0.8954,True
476,right_toe_tip,418.774,280.19,-0.5165627099999999,-0.1863563499999999,-0.0581999999999998,0.7127,True
477,left_shoulder,344.595,362.1509090909092,-1.0970267499999995,0.0079876942148763,0.6114545454545459,1.0,False
477,left_toe_tip,431.122,385.246,-0.5069378243478261,0.061270944347826,0.0061999999999998,0.8941,True
477,right_shoulder,202.046,360.864,-0.8552479960869566,0.0016872417391303,1.8264,0.9036,True
477,right_toe_tip,419.132,281.032,-0.5176473713043479,-0.1850769582608695,-0.0491999999999998,0.5421,True
478,left_shoulder,345.28000000000003,363.5854545454546,-1.0396160632411064,0.0126475846209128,0.779227272727273,0.9878,False
478,left_toe_tip,431.104,385.15,-0.5069815095652175,0.061037956521739,0.0061999999999998,0.8952,True
478,right_shoulder,202.9773333333333,366.748,-0.8382918122705313,0.0129439353623188,1.848266666666667,0.8253,True
478,right_toe_tip,419.482,282.528,-0.5183131773913043,-0.1820928834782608,-0.0539,0.5271,True
479,left_shoulder,,,,,,0.9022,False
479,left_toe_tip,431.042,385.032,-0.5081767708695651,0.0608767356521738,0.0015999999999999,0.8799,True
479,right_shoulder,203.678,372.226,-0.8262610743478261,0.0231523230434782,1.8658,0.8504,True
479,right_toe_tip,419.4475000000001,284.84250000000003,-0.5168839622282607,-0.1761381366847825,-0.0445999999999999,0.3714,True
480,left_shoulder,353.5,380.8,-0.3705815217391304,0.0269043478260869,2.7465,0.9255,False
480,left_toe_tip,430.942,384.912,-0.5086017560869565,0.0606065634782608,-0.0031999999999998,0.873,True
480,right_shoulder,204.372,377.566,-0.8073323260869565,0.0325543804347825,1.8885,0.9317,False
480,right_toe_tip,418.7125,287.6455,-0.5117273437500001,-0.16731978125,-0.026,0.31,True
481,left_shoulder,353.115,381.96,-0.3785634673913043,0.028977652173913,2.7225,0.9582,False
481,left_toe_tip,430.90600000000006,384.826,-0.5086893378260868,0.0603973404347826,-0.0031999999999998,0.8651,True
481,right_shoulder,205.026,382.446,-0.7840879147826088,0.0404613547826087,1.9256,0.8142,False
481,right_toe_tip,417.567,291.20300000000003,-0.506615335,-0.1566926454347825,0.0095999999999999,0.2603,True
482,left_shoulder,353.01,382.8311111111111,-0.3844210253623188,0.0305821078904991,2.704166666666667,0.9641,True
482,left_toe_tip,430.84,384.846,-0.5086680260869566,0.0604243917391304,-0.0024,0.8697,True
482,right_shoulder,205.523,386.793,-0.7731801569565216,0.0476798908695652,1.9318,0.7709,True
482,right_toe_tip,416.435,295.45500000000004,-0.5056943097826089,-0.145997983695652,0.019,0.2093,True
483,left_shoulder,352.975,383.63,-0.3897456317934782,0.032086714673913,2.68725,0.9242,True
483,left_toe_tip,430.754,384.942,-0.5095594982608695,0.060739192173913,-0.0054,0.867,True
483,right_shoulder,206.0376666666667,390.791,-0.7599372280676328,0.0539199497101449,1.9529333333333332,0.6391,True
483,right_toe_tip,415.109,299.937,-0.5065425328260867,-0.1352853789130434,0.0178000000000001,0.1798,True
484,left_shoulder,352.968,384.4,-0.3948561947826086,0.0335659130434782,2.6709,0.9357,False
484,left_toe_tip,430.65,385.078,-0.5089480543478261,0.0609667986956521,-0.0015999999999999,0.8887,True
484,right_shoulder,206.351,394.289,-0.7550206176086955,0.0597001306521739,1.9622,0.7847,False
484,right_toe_tip,413.4435,304.6385,-0.5083977111413043,-0.1242324095108695,0.0225,0.3231,True
485,left_shoulder,352.9,385.902,-0.4046861739130435,0.0365105582608696,2.6397,0.9878,False
485,left_toe_tip,430.57,385.208,-0.5088238434782608,0.0612444799999999,-0.0001999999999998,0.8954,True
485,right_shoulder,206.643,397.077,-0.7582805419565218,0.0648766897826086,1.9542,0.6981,True
485,right_toe_tip,411.7845,310.3115,-0.5112771380978259,-0.111318442771739,0.0029,0.7333,True
486,left_shoulder,352.9,387.148,-0.4097416304347826,0.0387449173913043,2.6235,0.9478,True
486,left_toe_tip,430.574,385.386,-0.5100433647826087,0.0618259473913042,-0.0055999999999999,0.9164,True
486,right_shoulder,206.853,399.585,-0.7642219678260871,0.0698417086956521,1.9408,0.8067,True
486,right_toe_tip,410.4825714285715,317.9597142857143,-0.5155303583496006,-0.0944287485891747,-0.0009571428571425,0.8248,True
487,left_shoulder,352.742,388.44933333333336,-0.4136515199999999,0.04096704,2.6062,0.9401,True
487,left_toe_tip,430.646,385.434,-0.5100500604347826,0.0619649647826087,-0.0064,0.9209,True
487,right_shoulder,207.022,401.838,-0.7800192795652173,0.075372066521739,1.9116,0.7862,True
487,right_toe_tip,409.5377142857143,327.5831428571429,-0.5211883119787045,-0.0733104204081632,-0.0005714285714284,0.6132,True
488,left_shoulder,352.44,389.728,-0.4155242,0.04295696,2.5896,0.92,True
488,left_toe_tip,430.75200000000007,385.486,-0.5101102330434782,0.0621304356521738,-0.0078000000000001,0.9352,True
488,right_shoulder,206.742,403.834,-0.796441227826087,0.0805783269565216,1.8778,0.8333,True
488,right_toe_tip,409.01342857142856,338.7822857142857,-0.5249277438154393,-0.0482182441171251,0.0122571428571427,0.1436,True
489,left_shoulder,352.242,390.77,-0.4161230904347825,0.0444960956521739,2.5886,0.9117,True
489,left_toe_tip,430.936,385.496,-0.5108887878260869,0.062304464347826,-0.0131999999999998,0.9368,True
489,right_shoulder,206.866,405.682,-0.7948950495652174,0.0838364008695652,1.8806,0.6776,True
489,right_toe_tip,409.1857142857143,351.7371428571429,-0.5290091393078971,-0.0189378527062998,0.0044285714285715,0.0771,True
490,left_shoulder,351.98,391.762,-0.4163141260869564,0.0459098995652173,2.5892,0.897,True
490,left_toe_tip,431.134,385.526,-0.5124935960869564,0.0626330352173913,-0.0184,0.9075,True
490,right_shoulder,206.654,407.48,-0.7938710308695652,0.0869812956521739,1.8836,0.7836,True
490,right_toe_tip,409.7085714285714,365.6957142857143,-0.5333892777284827,0.0131921233362909,0.0061428571428573,0.0235,True
491,left_shoulder,351.552,392.816,-0.4190647791304348,0.0476759408695651,2.5824000000000003,0.9317,True
491,left_toe_tip,431.41,385.468,-0.5129046717391303,0.0626235973913044,-0.0231999999999998,0.8659,True
491,right_shoulder,206.54666666666668,409.328,-0.7903927304347825,0.0899485356521739,1.8864,0.7514,True
491,right_toe_tip,409.97,372.675,-0.535569847826087,0.029510706521739,0.009,0.025,True
492,left_shoulder,351.134,393.732,-0.4226235173913044,0.0493513826086956,2.573,0.9412,True
492,left_toe_tip,431.812,385.502,-0.5122782547826087,0.0627515517391304,-0.0248000000000001,0.8696,True
492,right_shoulder,206.358,411.2360000000001,-0.7789530099999998,0.0920354495652174,1.9069,0.7876,True
492,right_toe_tip,410.6235714285714,390.1232142857143,-0.5409935673247559,0.0710468170474712,0.0191428571428573,0.0245,True
493,left_shoulder,350.398,394.768,-0.4276036486956521,0.051335707826087,2.5546,0.983,True
493,left_toe_tip,432.472,385.43,-0.5103384208695652,0.0625356869565217,-0.0174,0.8535,True
493,right_shoulder,206.496,413.206,-0.7688099199999999,0.0943596843478261,1.9184,0.6716,False
493,right_toe_tip,411.8339285714285,407.2092857142857,-0.5450919332991351,0.1127836433285271,0.0301071428571426,0.0271,True
494,left_shoulder,349.196,395.954,-0.4334876147826087,0.0535949082608695,2.5306,1.0,True
494,left_toe_tip,433.024,385.388,-0.5079461008695653,0.0623054634782609,-0.0128000000000001,0.9063,True
494,right_shoulder,206.104,415.288,-0.7719575791304348,0.0983645634782608,1.8987,0.5403,False
494,right_toe_tip,413.7860714285714,424.0432142857143,-0.5483492368705636,0.1552426409022849,0.0398928571428568,0.8671,True
495,left_shoulder,347.912,397.238,-0.4409258852173913,0.0562131895652173,2.4902,1.0,True
495,left_toe_tip,433.61800000000005,385.302,-0.5049180495652174,0.0619018930434783,-0.0058000000000001,0.9557,True
495,right_shoulder,206.22,417.69,-0.7665647,0.1019482630434781,1.9007,0.7652,True
495,right_toe_tip,415.7325,440.0525,-0.552807199048913,0.197325061820652,0.06225,0.8778,True
496,left_shoulder,347.028,398.546,-0.4485019182608695,0.0590088982608695,2.4646,1.0,True
496,left_toe_tip,434.054,385.26,-0.5013889682608696,0.0614971173913043,0.0141999999999998,0.9281,True
496,right_shoulder,206.2613333333333,420.078,-0.7638515084057972,0.105802582173913,1.8968,0.7792,True
496,right_toe_tip,416.6,446.104,-0.5559260434782608,0.214267932173913,0.0550999999999999,0.9023,True
497,left_shoulder,346.256,400.13,-0.455111627826087,0.0621753282608695,2.4306,0.9822,True
497,left_toe_tip,434.446,385.15,-0.4995855913043478,0.0611254347826086,0.018,0.9516,True
497,right_shoulder,206.324,422.752,-0.762138431304348,0.1102798191304347,1.8997,0.7443,True
497,right_toe_tip,418.41,457.3425,-0.560803344021739,0.2463558802989131,0.02665,0.8577,True
498,left_shoulder,345.582,401.596,-0.4631963186956522,0.0654413591304347,2.3976,0.9556,True
498,left_toe_tip,434.492,385.18,-0.4991163860869564,0.061154556521739,0.0195999999999999,0.9477,True
498,right_shoulder,206.29399999999995,425.54,-0.7729395191304347,0.1168036782608695,1.8819,0.7454,True
498,right_toe_tip,419.826,467.5615,-0.5672950633695651,0.2771403887771738,0.0225500000000001,0.8951,True
499,left_shoulder,345.098,403.216,-0.4704327991304348,0.0689389147826087,2.3274,0.9589,True
499,left_toe_tip,434.616,385.1060000000001,-0.4986366330434783,0.0609530017391305,0.0204,0.9385,True
499,right_shoulder,206.352,428.624,-0.7741559513043479,0.1225087582608695,1.8836,0.8995,True
499,right_toe_tip,420.7,476.673,-0.5750665760869567,0.3059495788043477,0.0575,0.8915,False
500,left_shoulder,344.344,405.112,-0.4779343513043478,0.0729245286956521,2.2223,0.9189,True
500,left_toe_tip,434.692,385.076,-0.4984521182608695,0.0608801669565217,0.0204,0.9362,True
500,right_shoulder,206.076,431.868,-0.7871947347826087,0.1303779260869564,1.857,0.8582,True
500,right_toe_tip,421.63,485.1350000000001,-0.5823595597826087,0.3337160027173914,0.0255,0.8039,False
501,left_shoulder,343.254,407.3200000000001,-0.4862763799999999,0.0775430782608696,2.1454,0.892,True
501,left_toe_tip,434.662,384.94,-0.4988820626086956,0.0605933565217389,0.0188000000000001,0.9227,True
501,right_shoulder,206.098,435.3440000000001,-0.7913995173913043,0.1374209043478261,1.848,0.8968,True
501,right_toe_tip,422.422,491.937,-0.5925926028260868,0.3593418922826087,-0.0176999999999998,0.8478,False
502,left_shoulder,342.486,409.548,-0.4950374252173913,0.0824435634782608,2.1122,0.9236,True
502,left_toe_tip,434.724,384.888,-0.4992223069565217,0.0605265339130435,0.0165999999999999,0.9085,True
502,right_shoulder,206.12600000000003,439.04,-0.7886131552173914,0.1436637913043477,1.8168,0.8344,True
502,right_toe_tip,423.3860000000001,497.7165,-0.6019867874999999,0.3827246319293478,-0.06875,0.9032,True
503,left_shoulder,341.514,412.25,-0.5023649156521739,0.0879390217391304,2.0746,0.9801,True
503,left_toe_tip,434.89,384.792,-0.4996657956521739,0.060395467826087,0.0128000000000001,0.9014,True
503,right_shoulder,206.204,443.178,-0.7827188695652174,0.1500820434782608,1.829,0.8905,True
503,right_toe_tip,424.5220000000001,502.2375,-0.6115476433695651,0.4036839395380435,-0.0990500000000001,0.8447,True
504,left_shoulder,340.90000000000003,415.24000000000007,-0.5113309565217391,0.0944363826086957,2.0662,0.9178,True
504,left_toe_tip,435.164,384.688,-0.5010911973913043,0.0603943617391304,-0.0005999999999999,0.9142,True
504,right_shoulder,206.8862307692308,446.4540256410256,-0.7834207245465225,0.1563789475637023,1.815894358974359,0.4012,True
504,right_toe_tip,425.966,505.642,-0.6201402504347826,0.4219818643478261,-0.1415999999999999,0.854,True
505,left_shoulder,340.358,418.704,-0.5215724986956521,0.1021832452173913,2.0521,0.9156,True
505,left_toe_tip,435.47,384.54,-0.5010095739130436,0.0601123304347826,-0.0035999999999999,0.9004,True
505,right_shoulder,208.1166923076923,448.9080769230769,-0.7728443459220478,0.1590987735181373,1.837683076923077,0.3712,True
505,right_toe_tip,427.718,507.816,-0.6263703447826087,0.4361536017391303,-0.1685999999999999,0.8417,True
506,left_shoulder,338.956,422.912,-0.5299683286956521,0.1107524730434782,2.1374,0.9545,True
506,left_toe_tip,435.81000000000006,384.478,-0.5011976717391303,0.0600828473913043,0.0038000000000001,0.8863,True
506,right_shoulder,209.59338461538465,450.5861538461539,-0.7695080093403652,0.1619556215641883,1.844166153846154,0.0966,True
506,right_toe_tip,429.858,509.09,-0.6217919047826086,0.4411443456521738,-0.0741999999999998,0.8264,True
507,left_shoulder,337.414,427.648,-0.5403791282608695,0.120810504347826,2.114,0.9041,True
507,left_toe_tip,435.83600000000007,384.544,-0.5017996052173911,0.0603248834782608,0.0008000000000001,0.8861,True
507,right_shoulder,211.5123076923077,451.2002564102564,-0.7731671090558271,0.1645625763813852,1.82894358974359,0.1894,True
507,right_toe_tip,432.284,509.916,-0.6194000808695653,0.4470429939130435,-0.0904,0.8102,True
508,left_shoulder,336.06,432.956,-0.5489420695652174,0.1317648799999999,2.0744,0.9313,True
508,left_toe_tip,435.93,384.528,-0.5045852565217391,0.0606481460869564,-0.0128000000000001,0.891,True
508,right_shoulder,213.94346153846155,450.7003846153846,-0.7685618222986879,0.1636140901273475,1.8619153846153849,0.0263,False
508,right_toe_tip,435.07,510.4,-0.6136317000000001,0.4503499130434782,-0.0823000000000001,0.8419,True
509,left_shoulder,333.83,439.2,-0.5596255130434783,0.1447638260869565,1.9914,0.8878,True
509,left_toe_tip,436.034,384.554,-0.507210233478261,0.0610593926086955,-0.0258000000000001,0.9118,True
509,right_shoulder,215.15903846153844,450.4504487179487,-0.76626011397929,0.1631400392587113,1.867151282051282,0.0214,True
509,right_toe_tip,437.642,510.274,-0.6090535891304347,0.4522920717391305,-0.086,0.8648,True
510,left_shoulder,331.4,446.09,-0.5648050869565218,0.1575634152173913,1.9442,0.9413,True
510,left_toe_tip,436.28,384.524,-0.5116472086956521,0.0615925591304347,-0.0485999999999999,0.9064,True
510,right_shoulder,216.37461538461537,450.2005128205128,-0.7639590290326729,0.1626661165623302,1.86738717948718,0.0122,True
510,right_toe_tip,440.021,509.84,-0.603197527173913,0.451963043478261,-0.078,0.81,True
511,left_shoulder,329.62600000000003,453.234,-0.5734497013043477,0.1722599491304348,1.9132,0.8992,True
511,left_toe_tip,436.75,384.49,-0.5151503804347827,0.062071502173913,-0.0698000000000001,0.9055,True
511,right_shoulder,217.5901923076923,449.95057692307694,-0.761658567458837,0.1621923220382042,1.8721230769230772,0.0189,True
511,right_toe_tip,442.11500000000007,509.378,-0.6012262521739128,0.453849332173913,-0.0931999999999998,0.8642,True
512,left_shoulder,327.64,461.03,-0.5769832434782609,0.1866199804347826,1.9086,0.9084,True
512,left_toe_tip,437.41,384.144,-0.5177495739130434,0.0617036660869563,-0.0691999999999998,0.8868,True
512,right_shoulder,218.80576923076924,449.700641025641,-0.7593587292577824,0.1617186556863333,1.8773589743589745,0.0173,False
512,right_toe_tip,443.811,509.018,-0.5968410578260871,0.4533386721739132,-0.0798000000000001,0.9059,False
513,left_shoulder,325.748,469.1139999999999,-0.5813661999999999,0.2018608999999998,1.872,0.9458,True
513,left_toe_tip,438.108,383.664,-0.5172385260869565,0.0606261391304349,-0.075,0.8734,True
513,right_shoulder,,,,,,0.0169,True
513,right_toe_tip,444.939,508.702,-0.5944271952173913,0.4531531817391303,-0.0785999999999999,0.9261,True
514,left_shoulder,324.42600000000004,477.092,-0.5818224117391304,0.2158820113043478,1.7198,0.9534,True
514,left_toe_tip,438.658,383.302,-0.5150853599999998,0.0596125947826087,-0.0565999999999999,0.8751,True
514,right_shoulder,,,,,,0.0182,True
514,right_toe_tip,445.941,508.5679999999999,-0.5911205886956522,0.4525510469565215,-0.0774000000000001,0.9166,True
515,left_shoulder,322.99799999999993,485.078,-0.584937603478261,0.2307961008695651,1.7639,0.9283,True
515,left_toe_tip,439.08600000000007,383.138,-0.5110640682608694,0.05885603,-0.0526999999999998,0.8798,True
515,right_shoulder,,,,,,0.0335,True
515,right_toe_tip,446.77199999999993,508.512,-0.5885892904347828,0.4523804660869565,-0.0719,0.9224,True
516,left_shoulder,321.782,493.006,-0.5847601639130435,0.2444129821739129,1.8499,0.8985,True
516,left_toe_tip,439.688,382.874,-0.5070070904347826,0.0578960830434781,-0.0410999999999999,0.9054,True
516,right_shoulder,,,,,,0.0152,True
516,right_toe_tip,447.364,508.478,-0.5885448573913042,0.4536325678260868,-0.0803000000000001,0.9198,True
517,left_shoulder,320.37800000000004,500.678,-0.5862979208695651,0.2580523834782608,1.8864,0.8991,True
517,left_toe_tip,440.53600000000006,382.192,-0.5008280869565216,0.0557212173913043,-0.0025,0.8751,True
517,right_shoulder,,,,,,0.0222,True
517,right_toe_tip,447.8639999999999,508.22,-0.5885209217391307,0.4540043043478259,-0.079,0.8889,True
518,left_shoulder,318.642,508.442,-0.5894823486956522,0.27229426,1.8384,0.8931,True
518,left_toe_tip,441.436,381.452,-0.4937337026086956,0.053340864347826,0.0179,0.8656,True
518,right_shoulder,,,,,,0.0239,True
518,right_toe_tip,448.24,508.03,-0.5878694608695654,0.4538084913043479,-0.0814000000000001,0.8865,True
519,left_shoulder,316.946,515.782,-0.5913995073913044,0.2851826569565218,1.7363,0.9551,True
519,left_toe_tip,442.13,380.918,-0.4880936717391305,0.0515992491304348,0.0565999999999999,0.8671,True
519,right_shoulder,,,,,,0.0241,True
519,right_toe_tip,448.528,507.916,-0.5862373147826089,0.4528802052173913,-0.0778000000000001,0.8794,True
520,left_shoulder,316.21200000000005,522.304,-0.5923912626086956,0.2969457530434782,1.6598,0.9711,True
520,left_toe_tip,442.774,380.588,-0.4848329582608696,0.0506106747826087,0.0644000000000001,0.8634,True
520,right_shoulder,,,,,,0.0217,True
520,right_toe_tip,448.744,507.82,-0.5860749078260871,0.4529718956521739,-0.0801999999999998,0.8663,True
521,left_shoulder,315.90200000000004,528.052,-0.5929584278260869,0.3074620939130435,1.6218,0.9133,True
521,left_toe_tip,443.196,380.682,-0.4827687686956521,0.0507338452173913,0.0901999999999998,0.884,True
521,right_shoulder,,,,,,0.0237,True
521,right_toe_tip,448.918,507.77,-0.5860401860869567,0.4532041652173912,-0.0825999999999999,0.8638,True
522,left_shoulder,315.52599999999995,533.3700000000001,-0.5943517226086957,0.3175686130434785,1.6038,0.8736,True
522,left_toe_tip,443.4,381.5580000000001,-0.4871406086956522,0.0534169747826088,0.0674,0.9203,True
522,right_shoulder,,,,,,0.0244,True
522,right_toe_tip,448.956,507.868,-0.5851760782608697,0.4529261130434781,-0.079,0.8846,True
523,left_shoulder,315.958,537.618,-0.5933490795652173,0.3252340030434783,1.5959,0.8171,True
523,left_toe_tip,442.6940000000001,382.97,-0.4944231004347825,0.0575598239130434,0.0245999999999999,0.8754,True
523,right_shoulder,,,,,,0.0232,True
523,right_toe_tip,449.00999999999993,507.946,-0.585259791304348,0.4533580034782609,-0.0801999999999998,0.8738,True
524,left_shoulder,316.492,541.594,-0.5943404582608696,0.3336197595652175,1.5898,0.758,True
524,left_toe_tip,441.878,384.726,-0.50292839,0.0627664134782608,0.0005999999999999,0.8706,True
524,right_shoulder,,,,,,0.0252,True
524,right_toe_tip,448.892,508.084,-0.5863691982608695,0.4543603426086957,-0.0838000000000001,0.8637,True
525,left_shoulder,316.554,545.53,-0.5945781252173914,0.3410525391304347,1.5893,0.8283,True
525,left_toe_tip,441.278,386.228,-0.511277145652174,0.0674800826086956,-0.043,0.8688,True
525,right_shoulder,,,,,,0.0139,True
525,right_toe_tip,448.752,508.15199999999993,-0.5882954782608697,0.4557284347826085,-0.091,0.8736,True
526,left_shoulder,316.224,549.492,-0.5951847513043479,0.3483357286956521,1.5888,0.7777,True
526,left_toe_tip,439.71400000000006,387.738,-0.5190455230434781,0.07188363,-0.0786999999999998,0.8934,True
526,right_shoulder,,,,,,0.0435,True
526,right_toe_tip,448.632,508.15600000000006,-0.5889142191304348,0.4559339860869567,-0.0921999999999998,0.8654,True
527,left_shoulder,315.718,553.088,-0.5955509426086956,0.3546103095652173,1.5904,0.7805,True
527,left_toe_tip,438.384,389.296,-0.5223169286956522,0.0758957460869565,-0.0864,0.8944,True
527,right_shoulder,,,,,,0.0235,True
527,right_toe_tip,448.45,508.122,-0.5920144239130435,0.4577935813043478,-0.1044,0.8739,True
528,left_shoulder,314.806,556.484,-0.5968016843478261,0.3605908539130436,1.5836,0.8315,True
528,left_toe_tip,437.558,392.86800000000005,-0.5248088804347826,0.0852067173913044,-0.084,0.8839,True
528,right_shoulder,,,,,,0.0151,True
528,right_toe_tip,448.232,508.146,-0.5942306678260871,0.4590593660869566,-0.1118000000000001,0.876,True
529,left_shoulder,313.898,559.24,-0.59676666,0.3646092,1.5724,0.7649,True
529,left_toe_tip,437.196,397.48,-0.525174184347826,0.0970569043478261,-0.0769000000000001,0.8157,True
529,right_shoulder,,,,,,0.0136,True
529,right_toe_tip,448.198,508.18,-0.5911254247826087,0.4566843173913044,-0.0964000000000001,0.8918,True
530,left_shoulder,312.758,561.7059999999999,-0.5980703247826088,0.3686396395652172,1.5546,0.81,True
530,left_toe_tip,436.916,403.858,-0.5289013739130435,0.1142214869565217,-0.099,0.9344,True
530,right_shoulder,,,,,,0.0279,True
530,right_toe_tip,448.198,508.242,-0.5836618252173914,0.4511068513043478,-0.0605999999999999,0.9071,True
531,left_shoulder,311.908,563.408,-0.5999090895652174,0.3719271060869566,1.5537999999999998,0.7649,True
531,left_toe_tip,437.932,412.00200000000007,-0.5324052521739131,0.1370139652173914,-0.069,0.9183,True
531,right_shoulder,,,,,,0.0595,True
531,right_toe_tip,448.338,508.448,-0.5763193008695652,0.4463766817391305,-0.0274,0.9063,True
532,left_shoulder,311.092,565.21,-0.6016871347826087,0.3754004673913044,1.545,0.8207,True
532,left_toe_tip,439.67,421.798,-0.5400200000000002,0.1665859130434781,-0.074,0.9265,True
532,right_shoulder,,,,,,0.0234,True
532,right_toe_tip,448.5559999999999,508.482,-0.5652176008695654,0.4383769656521737,0.0228000000000001,0.9031,True
533,left_shoulder,310.206,567.004,-0.6037381030434783,0.3789523226086957,1.5517999999999998,0.8145,True
533,left_toe_tip,442.674,431.508,-0.5456921839130435,0.1977507104347825,-0.1061999999999998,0.9015,True
533,right_shoulder,,,,,,0.0424,True
533,right_toe_tip,448.646,508.66,-0.55588337,0.4318572999999999,0.0664000000000001,0.8672,True
534,left_shoulder,309.008,569.262,-0.6049958121739131,0.3824945426086955,1.5664,0.8502,True
534,left_toe_tip,446.164,441.14400000000006,-0.5451005426086954,0.2281910400000001,-0.0751999999999998,0.9582,True
534,right_shoulder,,,,,,0.044,True
534,right_toe_tip,448.768,508.692,-0.5465077982608695,0.4249358765217391,0.1098000000000001,0.7705,True
535,left_shoulder,307.91,571.5539999999999,-0.6056310891304348,0.3858101099999997,1.5822,0.815,True
535,left_toe_tip,451.174,450.99000000000007,-0.5452966486956522,0.2627632956521741,-0.0708000000000001,0.9445,True
535,right_shoulder,,,,,,0.1367,True
535,right_toe_tip,448.88,508.90600000000006,-0.5388337565217391,0.4198178073913046,0.1451999999999998,0.6913,True
536,left_shoulder,306.77200000000005,573.892,-0.6066198417391302,0.3893764365217392,1.5892,0.7883,True
536,left_toe_tip,456.624,461.86800000000005,-0.5434706539130435,0.3019057486956523,-0.0245999999999999,0.9376,True
536,right_shoulder,,,,,,0.1429,True
536,right_toe_tip,448.7408571428571,508.962,-0.5341891618899735,0.4160527164596272,0.1694285714285715,0.6111,True
537,left_shoulder,306.448,575.566,-0.606267015652174,0.3918146360869566,1.5958,0.7814,True
537,left_toe_tip,461.99,471.746,-0.5355392152173915,0.3361854117391304,0.0531999999999998,0.88,True
537,right_shoulder,,,,,,0.1674,False
537,right_toe_tip,448.4965714285714,509.124,-0.533943674338953,0.4157827203726706,0.1738857142857146,0.5809,True
538,left_shoulder,306.538,576.874,-0.6055234969565217,0.3938148960869565,1.6014000000000002,0.7811,True
538,left_toe_tip,467.726,482.87,-0.5214659078260869,0.3719221478260869,0.0911999999999998,0.9557,True
538,right_shoulder,,,,,,0.2942,True
538,right_toe_tip,448.30314285714286,509.044,-0.5347985115173025,0.4158049878260869,0.1723714285714286,0.0235,True
539,left_shoulder,307.296,577.596,-0.6050873182608696,0.3957408991304348,1.6028,0.8182,True
539,left_toe_tip,473.712,493.61,-0.5131069286956522,0.4122739869565218,0.0121999999999998,0.8699,True
539,right_shoulder,,,,,,0.124,True
539,right_toe_tip,447.9285714285714,508.96,-0.5427509094942323,0.420927652173913,0.1392857142857146,0.028,True
540,left_shoulder,308.552,577.826,-0.6044602765217391,0.3972483291304348,1.5982,0.8355,True
540,left_toe_tip,478.86800000000005,503.44000000000005,-0.5040629304347825,0.4487177391304349,-0.102,0.7791,True
540,right_shoulder,,,,,,0.0743,True
540,right_toe_tip,447.4228571428572,508.63,-0.5548255137533272,0.4282113385093167,0.0799285714285715,0.0268,True
541,left_shoulder,309.676,578.098,-0.6025540617391305,0.3978391995652173,1.6018,0.841,True
541,left_toe_tip,484.094,511.6940000000001,-0.4946965165217393,0.4813316573913045,-0.1011999999999998,0.9232,True
541,right_shoulder,,,,,,0.0568,True
541,right_toe_tip,447.17,508.465,-0.5608837826086956,0.4318395000000001,0.0545,0.0451,True
542,left_shoulder,310.778,578.33,-0.60176056,0.3990692695652175,1.5984,0.8366,True
542,left_toe_tip,489.432,520.626,-0.4927828782608697,0.5257009630434781,-0.007,0.9294,True
542,right_shoulder,,,,,,0.0196,False
542,right_toe_tip,446.5378571428572,508.0525,-0.5760906076974267,0.4408699988354037,-0.0090714285714284,0.1593,True
543,left_shoulder,312.112,578.6700000000001,-0.6010329600000001,0.4008316173913045,1.5936,0.8371,True
543,left_toe_tip,494.024,527.54,-0.4927959356521739,0.5655931869565217,-0.0388000000000001,0.867,True
543,right_shoulder,,,,,,0.0213,True
543,right_toe_tip,445.8971428571428,507.595,-0.5877790168589176,0.4469447038043479,-0.0554285714285715,0.6295,False
544,left_shoulder,313.492,579.1400000000001,-0.5986453199999999,0.4017884260869566,1.5977,0.855,True
544,left_toe_tip,498.458,533.832,-0.4835197800000001,0.5938252278260869,-0.0328000000000001,0.9438,True
544,right_shoulder,,,,,,0.0259,True
544,right_toe_tip,445.43035714285713,507.1375000000001,-0.5969420812999113,0.4514196777950312,-0.0920714285714284,0.9418,True
545,left_shoulder,314.914,579.764,-0.5983702526086956,0.404509084347826,1.5956,0.8697,True
545,left_toe_tip,502.3860000000001,539.68,-0.4713578660869562,0.615443060869565,0.0038000000000001,0.9914,True
545,right_shoulder,,,,,,0.0374,True
545,right_toe_tip,445.1375000000001,506.6825,-0.6042326052989129,0.454835328125,-0.12225,0.9568,True
546,left_shoulder,316.914,580.2879999999999,-0.5971472113043479,0.4071496904347824,1.5926,0.8974,True
546,left_toe_tip,506.372,544.9219999999999,-0.4595931713043479,0.6360110786956519,0.0058000000000001,0.9774,True
546,right_shoulder,,,,,,0.0336,True
546,right_toe_tip,445.2600000000001,506.542,-0.6026356304347824,0.4534837760869566,-0.1165,0.9722,True
547,left_shoulder,318.73,581.0799999999999,-0.5944193413043477,0.4090460608695651,1.5948,0.8943,True
547,left_toe_tip,509.894,549.122,-0.4415401665217393,0.6418225091304347,0.0398000000000001,0.9578,True
547,right_shoulder,,,,,,0.0378,True
547,right_toe_tip,445.388,506.3,-0.6074432817391303,0.4566468260869565,-0.1410999999999999,0.9813,True
548,left_shoulder,320.244,582.0780000000001,-0.5908534782608695,0.4103615217391305,1.613,0.841,True
548,left_toe_tip,513.136,552.106,-0.42880032,0.6493182799999999,0.0379,0.8662,True
548,right_shoulder,,,,,,0.0341,True
548,right_toe_tip,445.706,506.234,-0.6054369991304347,0.4556778600000001,-0.1308000000000002,0.977,True
549,left_shoulder,321.566,583.132,-0.5904181708695653,0.4137158321739129,1.6162,0.8365,True
549,left_toe_tip,516.358,554.914,-0.4233394565217392,0.6673685869565217,-0.062,0.956,True
549,right_shoulder,,,,,,0.0346,True
549,right_toe_tip,445.984,506.2780000000001,-0.6038115339130433,0.4552425756521741,-0.1326999999999998,0.9569,True
550,left_shoulder,322.942,584.284,-0.5884872182608696,0.4162906069565217,1.6269,0.7998,True
550,left_toe_tip,519.678,557.13,-0.4127306169565218,0.6761987543478261,-0.1063000000000001,0.9411,True
550,right_shoulder,,,,,,0.031,True
550,right_toe_tip,446.2720000000001,506.436,-0.5995881599999998,0.4532194200000001,-0.1084000000000001,0.9631,True
551,left_shoulder,324.742,585.338,-0.587133757826087,0.4196675317391303,1.6256,0.8508,True
551,left_toe_tip,522.276,558.424,-0.4010805495652176,0.6760219408695651,-0.1059,0.9495,True
551,right_shoulder,,,,,,0.0229,True
551,right_toe_tip,446.3860000000001,506.664,-0.5982251699999998,0.4531598765217393,-0.1035999999999999,0.9569,True
552,left_shoulder,327.132,586.032,-0.5864914704347826,0.4237117252173913,1.6484,0.8759,True
552,left_toe_tip,524.888,559.1360000000001,-0.3847493478260868,0.6655904347826089,-0.071,0.9425,True
552,right_shoulder,,,,,,0.0211,False
552,right_toe_tip,446.484,506.8860000000001,-0.5927479217391303,0.4499182043478263,-0.079,0.9477,True
553,left_shoulder,329.384,586.9359999999999,-0.5872668156521739,0.4290570417391303,1.6505999999999998,0.9026,True
553,left_toe_tip,527.39,559.578,-0.3710989108695653,0.6576962830434782,-0.0448000000000001,0.9151,True
553,right_shoulder,,,,,,0.0128,True
553,right_toe_tip,446.512,506.99,-0.5941764104347825,0.4513871173913041,-0.0861999999999998,0.9617,True
554,left_shoulder,332.336,587.668,-0.5893103269565217,0.4360832060869565,1.6538,0.9208,True
554,left_toe_tip,529.548,559.454,-0.3591370791304348,0.6485290169565215,-0.0379,0.9151,True
554,right_shoulder,,,,,,0.0412,True
554,right_toe_tip,446.572,507.082,-0.5950013478260869,0.4524370217391304,-0.091,0.9669,True
555,left_shoulder,335.412,588.624,-0.5883845582608697,0.4416419269565217,1.7298,0.8859,True
555,left_toe_tip,531.4,559.156,-0.3517695652173913,0.6450922608695651,-0.0555,0.905,True
555,right_shoulder,,,,,,0.0291,True
555,right_toe_tip,446.584,507.188,-0.5974872521739131,0.4546829304347826,-0.103,0.9492,True
556,left_shoulder,338.286,589.7360000000001,-0.58827671,0.4479352573913045,1.7562,0.9084,True
556,left_toe_tip,533.212,558.822,-0.3420930365217391,0.6369219547826086,-0.0551999999999998,0.8959,True
556,right_shoulder,,,,,,0.0151,True
556,right_toe_tip,446.70200000000006,507.302,-0.5981312460869564,0.4558036234782609,-0.1078000000000001,0.9537,True
557,left_shoulder,340.928,591.28,-0.5898870121739132,0.4561746608695652,1.7594,0.8738,True
557,left_toe_tip,534.542,558.4759999999999,-0.3371446408695651,0.6345191426086952,-0.0651999999999998,0.8709,True
557,right_shoulder,,,,,,0.0079,True
557,right_toe_tip,446.73,507.3,-0.5930868086956521,0.4520188695652174,-0.0841999999999998,0.9552,True
558,left_shoulder,344.712,592.674,-0.5876873130434782,0.4630718413043477,1.762,0.8645,True
558,left_toe_tip,535.806,558.0799999999999,-0.331767286521739,0.630712556521739,-0.0754,0.8839,True
558,right_shoulder,,,,,,0.0402,True
558,right_toe_tip,446.672,507.36,-0.5859939791304346,0.4466609739130434,-0.0495999999999999,0.9641,True
559,left_shoulder,348.21000000000004,594.486,-0.5864344673913042,0.4712658847826086,1.764,0.9033,True
559,left_toe_tip,536.9759999999999,557.808,-0.323607342608696,0.6213321286956522,-0.0508000000000001,0.9142,True
559,right_shoulder,,,,,,0.0553,True
559,right_toe_tip,446.6,507.396,-0.5777614782608695,0.4403295286956523,-0.0094,0.9543,True
560,left_shoulder,351.766,596.61,-0.583799169130435,0.4792381239130435,1.7495999999999998,0.832,True
560,left_toe_tip,538.126,557.428,-0.3132625500000001,0.6070911,-0.005,0.9679,True
560,right_shoulder,,,,,,0.0113,True
560,right_toe_tip,446.446,507.338,-0.5693432986956521,0.4333979300000001,0.0328000000000001,0.9676,True
561,left_shoulder,355.552,599.104,-0.5808304486956521,0.4882399721739131,1.7744000000000002,0.8144,True
561,left_toe_tip,539.3860000000001,556.9599999999999,-0.3088412347826084,0.604581565217391,0.0,0.9948,True
561,right_shoulder,,,,,,0.0231,True
561,right_toe_tip,446.28600000000006,507.158,-0.5617284882608694,0.4267262091304348,0.0711999999999998,0.9571,True
562,left_shoulder,359.994,601.72,-0.5753514591304348,0.4966820521739131,1.8036,0.7628,True
562,left_toe_tip,540.5899999999999,556.512,-0.306053134782609,0.6050006399999999,-0.0674,0.9958,True
562,right_shoulder,,,,,,0.0282,True
562,right_toe_tip,445.92,506.994,-0.5586128695652176,0.4230870782608696,0.0825,0.9477,True
563,left_shoulder,364.242,604.162,-0.5685410591304347,0.5033983495652175,1.8822,0.7644,True
563,left_toe_tip,541.72,556.27,-0.3003094956521738,0.5997328521739129,-0.0921999999999998,0.9779,True
563,right_shoulder,,,,,,0.0296,True
563,right_toe_tip,445.684,506.83,-0.560221476521739,0.4233172739130436,0.0780999999999999,0.9342,True
564,left_shoulder,368.682,606.624,-0.5617462243478262,0.510618907826087,1.9177,0.4917,True
564,left_toe_tip,542.6220000000001,556.0980000000001,-0.2975532973913041,0.5992072800000002,-0.0921999999999998,0.9625,True
564,right_shoulder,,,,,,0.0127,True
564,right_toe_tip,445.442,506.676,-0.5632454100000001,0.4246270200000001,0.0670999999999999,0.9025,True
565,left_shoulder,373.0,609.174,-0.5553019565217391,0.5182277517391304,1.8436,0.4856,True
565,left_toe_tip,543.43,556.194,-0.293908695652174,0.5971121739130433,-0.13,0.9276,True
565,right_shoulder,,,,,,0.016,True
565,right_toe_tip,445.334,506.48,-0.5663087852173914,0.4261294260869566,0.0540999999999999,0.9016,True
566,left_shoulder,376.982,611.164,-0.5481066408695652,0.5234039356521739,1.7883,0.3092,True
566,left_toe_tip,543.9680000000001,556.46,-0.2889101843478259,0.591045639130435,-0.0978000000000001,0.9101,True
566,right_shoulder,,,,,,0.0224,True
566,right_toe_tip,445.324,506.312,-0.5702737173913044,0.4285987391304348,0.0355,0.9019,True
567,left_shoulder,380.322,612.938,-0.5406947573913043,0.5266609052173913,1.8204,0.4963,True
567,left_toe_tip,544.408,556.7620000000001,-0.2849472834782608,0.5865218573913045,-0.1104000000000001,0.9096,True
567,right_shoulder,,,,,,0.0159,True
567,right_toe_tip,445.728,506.2,-0.5718354086956524,0.4303365217391304,0.028,0.9095,True
568,left_shoulder,383.494,615.0400000000001,-0.5388856486956521,0.5358057739130436,1.8082,0.717,True
568,left_toe_tip,544.7239999999999,557.002,-0.2807120930434784,0.5804278491304347,-0.0785999999999999,0.9037,True
568,right_shoulder,,,,,,0.0795,True
568,right_toe_tip,446.266,506.428,-0.571178371304348,0.4317079426086956,0.0265999999999999,0.9231,True
569,left_shoulder,386.53,617.0840000000001,-0.5329482260869567,0.5405470539130436,1.8016,0.7052,True
569,left_toe_tip,545.018,557.236,-0.2743327939130434,0.5696690208695652,-0.0251999999999998,0.9034,True
569,right_shoulder,,,,,,0.14,True
569,right_toe_tip,446.706,506.516,-0.5696290139130437,0.4317762817391303,0.0278000000000001,0.8872,True
570,left_shoulder,389.71,618.778,-0.5306148,0.54860936,1.7746,0.7798,True
570,left_toe_tip,545.134,557.3520000000001,-0.2728841113043478,0.5676873182608699,0.0015999999999999,0.9001,True
570,right_shoulder,,,,,,0.0178,True
570,right_toe_tip,447.05,507.21400000000006,-0.5674407826086957,0.4329371721739132,0.0334,0.9152,True
571,left_shoulder,392.776,621.1200000000001,-0.5295430591304349,0.559307686956522,1.7599,0.819,True
571,left_toe_tip,545.1719999999999,557.43,-0.2718883678260873,0.5660661456521738,0.0101999999999998,0.8846,True
571,right_shoulder,,,,,,0.023,True
571,right_toe_tip,447.42,507.922,-0.5642594000000001,0.43341146,0.0349,0.9169,True
572,left_shoulder,396.109,623.795,-0.5278649556521738,0.5709441347826086,1.7553,0.8626,False
572,left_toe_tip,545.2139999999999,557.436,-0.2689861834782611,0.560289031304348,0.0371999999999998,0.8946,True
572,right_shoulder,,,,,,0.023,True
572,right_toe_tip,447.982,509.412,-0.5605673308695653,0.4361855973913042,0.0391999999999998,0.9153,True
573,left_shoulder,399.52699999999993,626.4970000000001,-0.522035516956522,0.5785302265217394,1.7653,0.7858,True
573,left_toe_tip,545.254,557.42,-0.2657625299999999,0.5537631,0.0674,0.8846,True
573,right_shoulder,,,,,,0.0126,True
573,right_toe_tip,448.408,510.822,-0.5561582556521738,0.4378100360869563,0.0374,0.8572,True
574,left_shoulder,402.791,629.6209999999999,-0.5152592017391305,0.5856637026086954,1.7806,0.7513,False
574,left_toe_tip,545.328,557.356,-0.26413488,0.5506232400000001,0.0811999999999998,0.886,True
574,right_shoulder,,,,,,0.0129,False
574,right_toe_tip,448.898,512.5899999999999,-0.5501244965217392,0.4392601695652172,0.0375999999999999,0.6818,True
575,left_shoulder,406.317,632.1510000000001,-0.5039424695652174,0.5868995478260871,1.795,0.6727,True
575,left_toe_tip,545.4680000000001,557.28,-0.260209605217391,0.5430346434782608,0.1155999999999999,0.8969,True
575,right_shoulder,,,,,,0.0263,True
575,right_toe_tip,449.816,514.27,-0.5433887634782609,0.4407762195652174,0.0414,0.4847,True
576,left_shoulder,410.051,634.445,-0.4979395628260868,0.5942927489130436,1.7973,0.6773,True
576,left_toe_tip,545.628,557.1540000000001,-0.2589280460869564,0.5409305726086959,0.1078000000000001,0.9013,True
576,right_shoulder,,,,,,0.0239,True
576,right_toe_tip,450.654,516.2120000000001,-0.5375368291304348,0.4434722843478264,0.0441999999999998,0.5427,True
577,left_shoulder,413.7,636.28,-0.4864466086956521,0.5938818782608694,1.8224,0.7745,True
577,left_toe_tip,545.7819999999999,557.082,-0.2572151400000002,0.53803386,0.0744,0.9017,True
577,right_shoulder,,,,,,0.0148,True
577,right_toe_tip,451.07,517.392,-0.5356986934782609,0.4462747513043479,0.0394,0.5435,True
578,left_shoulder,417.38,637.848,-0.4766971739130434,0.5949571304347825,1.8195,0.7663,True
578,left_toe_tip,545.934,557.0060000000001,-0.2581089243478262,0.5405673330434785,0.0615999999999999,0.8984,True
578,right_shoulder,,,,,,0.0134,True
578,right_toe_tip,451.922,518.494,-0.5326287186956521,0.4488481169565218,0.0265999999999999,0.6871,True
579,left_shoulder,421.134,638.894,-0.4712755934782608,0.6005315369565217,1.776,0.7743,True
579,left_toe_tip,546.0260000000001,556.958,-0.257468330869565,0.5396221030434781,0.0654000000000001,0.8883,True
579,right_shoulder,,,,,,0.0118,True
579,right_toe_tip,453.392,519.726,-0.5284657426086956,0.4523370873913043,0.0215999999999999,0.6788,True
580,left_shoulder,424.41,640.7320000000001,-0.4682052391304347,0.6096766695652176,1.727,0.6941,True
580,left_toe_tip,546.106,556.9040000000001,-0.2579227356521739,0.540886726956522,0.0588000000000001,0.8926,True
580,right_shoulder,,,,,,0.0742,True
580,right_toe_tip,454.71,520.808,-0.5243304195652173,0.4550516817391304,0.0135999999999999,0.8001,True
581,left_shoulder,427.554,642.376,-0.4577749460869565,0.6084588939130435,1.7216,0.7911,True
581,left_toe_tip,546.198,556.9159999999999,-0.254998697826087,0.5353118652173912,0.085,0.8834,True
581,right_shoulder,,,,,,0.0129,True
581,right_toe_tip,456.034,521.7520000000001,-0.5197839352173914,0.4570197269565219,-0.0034,0.8702,True
582,left_shoulder,430.56000000000006,643.97,-0.4546669217391303,0.6164618304347826,1.6813,0.8041,True
582,left_toe_tip,546.2620000000001,556.896,-0.2548247152173911,0.5352574956521737,0.085,0.8821,True
582,right_shoulder,,,,,,0.0122,True
582,right_toe_tip,457.754,522.742,-0.5127055404347824,0.4578357004347824,0.0128000000000001,0.7055,True
583,left_shoulder,433.6700000000001,645.0,-0.4479155173913042,0.6186978260869566,1.6658,0.757,True
583,left_toe_tip,546.3320000000001,556.92,-0.2544307956521736,0.534894652173913,0.087,0.885,True
583,right_shoulder,,,,,,0.0114,True
583,right_toe_tip,459.296,523.8,-0.5053819478260869,0.4581058695652172,0.0205,0.8197,True
584,left_shoulder,436.728,646.47,-0.436460335652174,0.6151009108695653,1.6776,0.7427,True
584,left_toe_tip,546.362,556.99,-0.2517030152173913,0.5295176847826087,0.113,0.8972,True
584,right_shoulder,,,,,,0.0152,True
584,right_toe_tip,461.354,523.904,-0.5008301773913043,0.4595013008695651,0.0323000000000001,0.8345,True
585,left_shoulder,439.658,647.5699999999999,-0.4272075386956521,0.6132117673913042,1.6712,0.813,True
585,left_toe_tip,546.354,557.03,-0.2519077399999999,0.5300107,0.1111999999999998,0.9072,True
585,right_shoulder,,,,,,0.0088,True
585,right_toe_tip,463.448,522.6479999999999,-0.4979150208695651,0.4587027182608693,0.0349,0.9071,True
586,left_shoulder,442.23,648.366,-0.4200892760869565,0.6125269969565217,1.6688,0.7851,True
586,left_toe_tip,546.296,556.882,-0.251432276521739,0.528285766521739,0.1174,0.9153,True
586,right_shoulder,,,,,,0.0172,True
586,right_toe_tip,464.5400000000001,523.5939999999999,-0.4959796478260867,0.4624375613043476,0.0289,0.6132,True
587,left_shoulder,444.3,649.1600000000001,-0.4135226086956521,0.6110076521739133,1.669,0.858,True
587,left_toe_tip,546.2439999999999,556.7560000000001,-0.2494521052173915,0.523499279130435,0.1381999999999998,0.9125,True
587,right_shoulder,,,,,,0.0161,True
587,right_toe_tip,466.101,526.7520000000001,-0.5084088481521739,0.4875139721739132,-0.0651999999999998,0.3606,True
588,left_shoulder,445.75200000000007,650.17,-0.4104544695652172,0.6131418260869564,1.669,0.8865,True
588,left_toe_tip,546.2760000000001,556.484,-0.2458828765217389,0.5154715026086957,0.1724,0.9183,True
588,right_shoulder,,,,,,0.0137,True
588,right_toe_tip,468.145,531.894,-0.5360942005434783,0.5362158593478261,-0.2219000000000001,0.8541,True
589,left_shoulder,446.566,650.6200000000001,-0.4127713356521739,0.6201578086956525,1.6398,0.8716,True
589,left_toe_tip,546.312,556.344,-0.2447089826086956,0.5128419913043479,0.183,0.9262,True
589,right_shoulder,,,,,,0.0117,True
589,right_toe_tip,471.70380000000006,538.4928,-0.5462126343260868,0.5793061429565216,-0.0519,0.2695,False
590,left_shoulder,447.462,650.9200000000001,-0.4125754491304348,0.6233909652173916,1.6316,0.8178,True
590,left_toe_tip,546.3040000000001,556.3460000000001,-0.2389859060869563,0.5008103517391308,0.2394,0.945,True
590,right_shoulder,,,,,,0.0097,True
590,right_toe_tip,477.6193999999999,547.0204,-0.5377445369782611,0.6193424485652175,0.3693000000000002,0.4669,True
591,left_shoulder,448.2900000000001,651.36,-0.4145520369565215,0.6300343304347827,1.6136,0.8839,True
591,left_toe_tip,546.546,556.326,-0.2318268682608694,0.4870165186956522,0.3038000000000002,0.9137,True
591,right_shoulder,,,,,,0.0117,True
591,right_toe_tip,487.0838,554.1308,-0.5097594497608696,0.6471519027391305,0.3995999999999999,0.448,False
592,left_shoulder,449.326,651.6560000000001,-0.415876574347826,0.6361270973913044,1.6014000000000002,0.8923,True
592,left_toe_tip,542.96,553.601,-0.2417139826086955,0.4822348386956521,0.3724,0.8166,True
592,right_shoulder,,,,,,0.0113,True
592,right_toe_tip,498.378,559.858,-0.4544218956521737,0.6412834956521738,0.4685,0.2065,True
593,left_shoulder,450.298,651.894,-0.4168495252173914,0.6414053373913042,1.5814,0.9115,True
593,left_toe_tip,535.432,548.277,-0.2691034747826086,0.4845267665217392,0.5184000000000001,0.544,True
593,right_shoulder,,,,,,0.0117,True
593,right_toe_tip,511.50200000000007,564.202,-0.3773930391304346,0.5997323956521738,0.57,0.1269,False
594,left_shoulder,451.49799999999993,652.138,-0.4140897195652175,0.6417509760869566,1.582,0.8941,True
594,left_toe_tip,532.0319999999999,547.2436666666666,-0.2844174423188407,0.4932513778502414,0.5299666666666667,0.0715,True
594,right_shoulder,,,,,,0.0103,True
594,right_toe_tip,524.2572,568.6551999999999,-0.3124552370434782,0.5632783203478259,0.4834000000000001,0.0326,True
595,left_shoulder,452.55,652.278,-0.4132457499999999,0.6443459126086957,1.5748,0.8755,True
595,left_toe_tip,532.778,550.6070000000001,-0.2869820139130434,0.5101637791304351,0.4685999999999999,0.3527,True
595,right_shoulder,,,,,,0.0115,True
595,right_toe_tip,536.7636,574.7575999999999,-0.2694694466956522,0.5605640224347824,0.3065999999999999,0.3447,True
596,left_shoulder,453.56,652.7940000000001,-0.409762695652174,0.643510291304348,1.581,0.8969,True
596,left_toe_tip,537.406,558.619,-0.2775390730434784,0.5373075730434784,0.3501999999999998,0.2089,False
596,right_shoulder,,,,,,0.0112,True
596,right_toe_tip,548.5712,581.0712,-0.2294465363478261,0.5547925940869565,0.2221999999999998,0.4441,True
597,left_shoulder,454.38,653.5,-0.4029971608695653,0.6372140217391304,1.6056,0.8911,True
597,left_toe_tip,540.9220000000001,567.545,-0.2639890232608692,0.5529946288043478,0.2906999999999998,0.1533,True
597,right_shoulder,,,,,,0.0105,True
597,right_toe_tip,560.2459999999999,587.266,-0.1944610573913046,0.5541337947826086,0.0408000000000001,0.8224,True
598,left_shoulder,454.936,654.5379999999999,-0.3977266747826086,0.6330005799999998,1.6258,0.9023,True
598,left_toe_tip,543.326,577.385,-0.246928513695652,0.5552532733695652,0.3005999999999999,0.3724,True
598,right_shoulder,,,,,,0.0088,True
598,right_toe_tip,571.4799999999999,593.1619999999999,-0.1676207739130437,0.570385214347826,-0.0225999999999999,0.6719,True
599,left_shoulder,455.532,655.6,-0.3960848773913044,0.6347046086956523,1.6276,0.8839,True
599,left_toe_tip,540.425,577.8713333333333,-0.2559907291666668,0.560110886111111,0.307333333333333,0.2262,True
599,right_shoulder,,,,,,0.0113,True
599,right_toe_tip,582.502,598.732,-0.1416700721739131,0.5882148886956522,-0.0798000000000001,0.824,True
600,left_shoulder,456.17,656.8199999999999,-0.392916643478261,0.6344204869565216,1.6365999999999998,0.8807,True
600,left_toe_tip,532.2189999999999,569.004,-0.2925434077173915,0.5672868352173913,0.3509000000000001,0.4007,True
600,right_shoulder,,,,,,0.0101,False
600,right_toe_tip,593.114,602.518,-0.1158288052173912,0.5991249026086958,-0.1023000000000001,0.9554,True
601,left_shoulder,456.844,657.9879999999999,-0.3934668678260871,0.64015596,1.6265999999999998,0.8917,True
601,left_toe_tip,519.727,555.866,-0.3513932572826088,0.5722480667391304,0.3615999999999999,0.204,True
601,right_shoulder,,,,,,0.0105,False
601,right_toe_tip,603.292,605.88,-0.0904772399999999,0.6060407478260869,-0.0640999999999999,0.9566,True
602,left_shoulder,457.5100000000001,659.6,-0.3949321630434781,0.6483734782608697,1.612,0.9021,True
602,left_toe_tip,512.0869999999999,544.621,-0.3934158965217395,0.56782998,0.2584000000000001,0.4146,True
602,right_shoulder,,,,,,0.0103,True
602,right_toe_tip,612.414,609.0200000000001,-0.0687311186956522,0.6204387434782611,-0.0721999999999998,0.9428,True
603,left_shoulder,458.206,661.58,-0.3961923586956522,0.6572477173913044,1.598,0.877,True
603,left_toe_tip,509.4983333333333,535.1003333333334,-0.4191751359903384,0.5624273460386476,0.1259333333333334,0.4617,True
603,right_shoulder,,,,,,0.0125,True
603,right_toe_tip,620.5840000000001,611.95,-0.0488481234782607,0.6338733369565218,-0.0980999999999999,0.9964,True
604,left_shoulder,458.962,664.2439999999999,-0.3943086352173913,0.6626566599999998,1.6092,0.8563,True
604,left_toe_tip,508.198,530.396,-0.4275828795652174,0.5527868495652172,0.0999,0.5157,True
604,right_shoulder,,,,,,0.0178,True
604,right_toe_tip,627.204,614.424,-0.0328300852173914,0.6527634886956523,-0.1549000000000001,0.9831,True
605,left_shoulder,459.94,666.6220000000001,-0.3920610782608696,0.6676360765217394,1.6098,0.9287,True
605,left_toe_tip,508.186,530.508,-0.4181082769565218,0.5408439626086957,0.1663000000000001,0.2771,True
605,right_shoulder,,,,,,0.0201,True
605,right_toe_tip,632.352,616.518,-0.0192563339130435,0.6458677121739131,-0.1114000000000001,0.9158,True
606,left_shoulder,461.096,669.066,-0.3859659339130434,0.6667763008695652,1.6382,0.9177,True
606,left_toe_tip,508.112,530.4399999999999,-0.4081073460869566,0.5274006434782607,0.2376999999999998,0.2672,False
606,right_shoulder,,,,,,0.0204,True
606,right_toe_tip,636.436,618.0110000000001,-0.0090967226086955,0.6585450328260872,-0.1406999999999998,0.9754,True
607,left_shoulder,462.75200000000007,671.734,-0.382162100869565,0.6721256113043479,1.6394000000000002,0.8808,True
607,left_toe_tip,508.3016666666666,530.2066666666666,-0.4052252739734301,0.5237123461352655,0.2572333333333331,0.4939,True
607,right_shoulder,,,,,,0.0198,True
607,right_toe_tip,639.512,619.031,-0.001261055652174,0.6693698906521739,-0.1569000000000001,0.9464,True
608,left_shoulder,465.06000000000006,674.3140000000001,-0.3762731217391303,0.6760484165217392,1.6442,0.823,True
608,left_toe_tip,508.5556666666666,529.9766666666667,-0.4053676565338165,0.5241994179951691,0.2507666666666668,0.9179,True
608,right_shoulder,,,,,,0.0136,True
608,right_toe_tip,641.454,619.565,0.0037680726086955,0.6726683402173914,-0.1566999999999998,0.9786,False
609,left_shoulder,467.61800000000005,677.074,-0.3704339282608694,0.681364454347826,1.646,0.9024,True
609,left_toe_tip,508.874,529.75,-0.4085145013043479,0.528845054347826,0.2218000000000002,0.8082,False
609,right_shoulder,,,,,,0.0118,False
609,right_toe_tip,643.167,619.704,0.0082235285869566,0.6743553104347825,-0.1539000000000001,1.0,True
610,left_shoulder,470.604,680.5640000000001,-0.3649010791304348,0.6905366686956523,1.5972,0.8505,True
610,left_toe_tip,509.25666666666666,529.5266666666666,-0.4146363756038648,0.5376329396135265,0.170333333333333,0.0981,True
610,right_shoulder,,,,,,0.0105,True
610,right_toe_tip,644.6510000000001,619.29,0.0122296022826088,0.6817917815217389,-0.1800999999999999,0.9886,True
611,left_shoulder,474.1,684.6980000000001,-0.3584521956521738,0.7015594395652176,1.5717,0.8743,True
611,left_toe_tip,510.035,529.22,-0.4179363614130434,0.5441710543478262,0.1225,0.0677,True
611,right_shoulder,,,,,,0.0144,True
611,right_toe_tip,646.045,618.595,0.016130294021739,0.6900270277173914,-0.2104000000000001,0.9604,False
612,left_shoulder,477.992,688.392,-0.3506768817391304,0.7108259008695653,1.4835999999999998,0.892,True
612,left_toe_tip,510.8133333333333,528.9133333333332,-0.4211672560386473,0.5506819468599029,0.0816666666666669,0.1862,True
612,right_shoulder,,,,,,0.0179,True
612,right_toe_tip,647.3810000000001,617.671,0.0198701333695654,0.6936671366304348,-0.2221999999999998,0.9354,True
613,left_shoulder,482.21400000000006,692.6200000000001,-0.3430130434782607,0.7230869565217394,1.318,0.9278,True
613,left_toe_tip,511.072,528.9159999999999,-0.4291340452173912,0.5622332339130433,0.0118000000000001,0.1531,True
613,right_shoulder,,,,,,0.0246,True
613,right_toe_tip,648.739,616.6490000000001,0.0238413218478261,0.7001775272826091,-0.2439000000000001,0.8766,True
614,left_shoulder,486.852,696.318,-0.3329304347826086,0.7311260869565217,0.3785,0.848,True
614,left_toe_tip,514.415,532.2299999999999,-0.4163552266304349,0.5709986119565215,0.0169,0.519,True
614,right_shoulder,,,,,,0.0116,True
614,right_toe_tip,650.0160000000001,615.7700000000001,0.0274220660869567,0.7002537782608698,-0.2368000000000001,0.9049,True
615,left_shoulder,491.59800000000007,701.168,-0.3230001791304346,0.7425595686956522,0.3275999999999999,0.9295,True
615,left_toe_tip,517.8963333333334,535.0333333333332,-0.4009557033937198,0.574762537439613,0.0354666666666666,0.4951,True
615,right_shoulder,,,,,,0.0273,True
615,right_toe_tip,651.134,615.0600000000001,0.0304055017391304,0.6965355913043481,-0.2144000000000001,0.9262,True
616,left_shoulder,496.64400000000006,705.3960000000001,-0.3118304643478259,0.7513113860869567,0.3367999999999999,0.8376,True
616,left_toe_tip,522.174,538.8119999999999,-0.3810646526086957,0.5783013313043475,0.0495999999999999,0.4882,True
616,right_shoulder,,,,,,0.0367,True
616,right_toe_tip,652.054,614.5120000000001,0.0326794421739129,0.6900041634782609,-0.1806999999999998,0.9361,True
617,left_shoulder,501.544,709.7700000000001,-0.3013524939130434,0.7612820086956524,1.1936,0.6874,True
617,left_toe_tip,527.258,543.072,-0.3553333730434781,0.5769951860869565,0.1009,0.5989,True
617,right_shoulder,,,,,,0.0167,True
617,right_toe_tip,652.62,614.0319999999999,0.0340246173913043,0.6848923617391303,-0.1464,0.944,True
618,left_shoulder,506.0780000000001,713.354,-0.2920081869565215,0.7704653521739131,1.246,0.6755,True
618,left_toe_tip,533.2879999999999,547.6659999999999,-0.3236621356521742,0.5691991373913041,0.1465999999999999,0.7345,True
618,right_shoulder,,,,,,0.0255,True
618,right_toe_tip,653.082,613.67,0.034857842173913,0.6759202586956521,-0.1069,0.944,True
619,left_shoulder,511.186,716.2900000000001,-0.2828587421739131,0.7823663673913045,1.2278,0.5178,True
619,left_toe_tip,537.41,549.936,-0.3059412217391305,0.5664221843478262,0.1109000000000001,0.8915,True
619,right_shoulder,,,,,,0.0281,True
619,right_toe_tip,653.406,613.2900000000001,0.0356687030434781,0.673916589130435,-0.1033000000000001,0.9415,False
620,left_shoulder,516.0451999999999,717.3520333333333,-0.2735179431014495,0.788530925147343,1.1319333333333332,0.3507,True
620,left_toe_tip,541.438,552.068,-0.2896222943478261,0.5643876426086957,0.0385999999999999,0.686,True
620,right_shoulder,,,,,,0.0151,True
620,right_toe_tip,653.5260000000001,612.67,0.0356615930434784,0.6661699478260869,-0.0280999999999999,0.9546,True
621,left_shoulder,520.4136,718.0500999999999,-0.2654558109565218,0.7947933850217391,1.0458,0.4349,True
621,left_toe_tip,544.328,552.892,-0.2770744313043479,0.5586320052173914,-0.0324,0.9047,True
621,right_shoulder,,,,,,0.0156,True
621,right_toe_tip,653.726,612.0319999999999,0.0358994578260869,0.6591732591304345,-0.0086999999999998,0.9448,True
622,left_shoulder,524.6392,718.2241999999999,-0.2569034859130436,0.7977497184347825,1.0112,0.137,True
622,left_toe_tip,546.1279999999999,552.944,-0.2682698504347828,0.551400396521739,-0.0431999999999998,0.9322,True
622,right_shoulder,,,,,,0.0218,False
622,right_toe_tip,653.97,611.3399999999999,0.036403997826087,0.6549592565217389,9.999999999990904e-05,0.9723,True
623,left_shoulder,528.9219999999999,718.1003333333332,-0.2474705152173915,0.7978112136473429,1.010333333333333,0.0856,True
623,left_toe_tip,547.558,552.5820000000001,-0.2605859595652174,0.5428719117391307,-0.0224,0.9096,True
623,right_shoulder,,,,,,0.0081,True
623,right_toe_tip,654.2,610.722,0.0367563913043479,0.6489884465217391,0.0950999999999999,0.9436,True
624,left_shoulder,532.3779999999999,718.0604999999999,-0.2393419695652175,0.7962954163043476,1.0465,0.124,True
624,left_toe_tip,547.762,551.238,-0.2575445373913045,0.5339697547826088,0.0121999999999998,0.9077,True
624,right_shoulder,,,,,,0.0103,True
624,right_toe_tip,654.484,610.158,0.0375639391304348,0.6487793347826089,0.107,0.9503,True
625,left_shoulder,534.106,718.0405833333333,-0.235288027173913,0.795537636699879,1.1008333333333336,0.0102,True
625,left_toe_tip,547.8779999999999,550.6659999999999,-0.2534556591304349,0.5245801947826084,0.0498000000000001,0.9324,True
625,right_shoulder,,,,,,0.0052,True
625,right_toe_tip,654.8059999999999,609.9,0.0384955999999998,0.6497399999999999,0.101,0.9717,True
626,left_shoulder,535.834,718.0206666666667,-0.2312409717391305,0.7947799364734299,1.1176666666666668,0.0477,True
626,left_toe_tip,548.1800000000001,550.5820000000001,-0.2486924739130433,0.5161872039130438,0.0891999999999998,0.973,True
626,right_shoulder,,,,,,0.0061,False
626,right_toe_tip,654.942,609.9179999999999,0.0393169495652174,0.6576103199999999,0.0721999999999998,0.9482,True
627,left_shoulder,537.5619999999999,718.0007499999999,-0.2272008032608698,0.7940223156249999,1.1215,0.0082,True
627,left_toe_tip,548.668,550.854,-0.2468148026086956,0.5157621900000001,0.0948000000000001,0.9677,True
627,right_shoulder,,,,,,0.0061,True
627,right_toe_tip,655.1560000000001,609.9280000000001,0.0401304521739132,0.6617658782608699,0.057,0.9518,True
628,left_shoulder,539.29,717.9808333333333,-0.2231675217391305,0.7932647741545893,1.1213333333333333,0.0102,True
628,left_toe_tip,549.198,551.136,-0.2458562847826087,0.5175214956521739,0.045,0.9666,True
628,right_shoulder,,,,,,0.0086,True
628,right_toe_tip,655.068,609.832,0.0405067147826086,0.6716135895652173,0.0198000000000001,0.7714,True
629,left_shoulder,,,,,,0.0071,False
629,left_toe_tip,549.9040000000001,551.3660000000001,-0.2433767165217388,0.5169378078260872,0.0433000000000001,0.956,True
629,right_shoulder,,,,,,0.0043,True
629,right_toe_tip,655.0600000000001,609.978,0.040455743478261,0.6715169882608695,0.0215999999999999,0.8056,True
630,left_shoulder,,,,,,0.0077,True
630,left_toe_tip,550.858,551.8820000000001,-0.2419817726086958,0.5208762030434785,0.0120999999999999,0.8988,True
630,right_shoulder,,,,,,0.006,False
630,right_toe_tip,655.198,610.028,0.0408826199999999,0.6725753200000001,0.0181999999999998,0.8195,True
631,left_shoulder,,,,,,0.0071,True
631,left_toe_tip,551.904,552.3979999999999,-0.2404446260869565,0.525121063043478,-0.013,0.9105,True
631,right_shoulder,,,,,,0.0055,False
631,right_toe_tip,655.396,609.912,0.0418336095652172,0.6790543669565219,-0.0068000000000001,0.9567,True
632,left_shoulder,,,,,,0.0071,True
632,left_toe_tip,552.772,552.982,-0.2369377956521738,0.5241978456521739,-0.006,0.8932,True
632,right_shoulder,,,,,,0.0046,True
632,right_toe_tip,655.4100000000001,609.8620000000001,0.0424143500000002,0.6877179960869567,-0.0391999999999998,0.9157,True
633,left_shoulder,,,,,,0.0072,True
633,left_toe_tip,553.772,553.5640000000001,-0.2323094791304346,0.521486663478261,0.0094,0.8288,True
633,right_shoulder,,,,,,0.0039,False
633,right_toe_tip,655.6940000000001,609.948,0.0428821491304349,0.6829557417391304,-0.0208000000000001,0.9156,True
634,left_shoulder,,,,,,0.0056,True
634,left_toe_tip,556.428,555.012,-0.2224468626086956,0.5190710713043477,0.0071999999999998,0.8083,True
634,right_shoulder,,,,,,0.004,True
634,right_toe_tip,655.824,609.694,0.0427351199999998,0.6743366439130434,0.0344,0.9186,True
635,left_shoulder,,,,,,0.0131,True
635,left_toe_tip,559.802,556.486,-0.2101187599999999,0.51479332,-0.0169,0.6465,True
635,right_shoulder,,,,,,0.0052,False
635,right_toe_tip,655.878,609.364,0.0427774030434783,0.6718191417391305,0.0699,0.9284,True
636,left_shoulder,,,,,,0.0061,True
636,left_toe_tip,565.3880000000001,558.242,-0.1936019199999996,0.5143948939130434,-0.0191999999999998,0.8775,True
636,right_shoulder,,,,,,0.005,True
636,right_toe_tip,655.734,608.9680000000001,0.0413017500000001,0.6535410000000001,0.104,0.9143,True
637,left_shoulder,,,,,,0.0201,True
637,left_toe_tip,573.7360000000001,560.3299999999999,-0.1708602834782605,0.5165465499999998,-0.0171999999999998,0.8652,True
637,right_shoulder,,,,,,0.0053,True
637,right_toe_tip,655.6220000000001,608.6419999999999,0.040128163478261,0.6386856243478259,0.1558000000000002,0.8681,True
638,left_shoulder,,,,,,0.0118,True
638,left_toe_tip,584.452,562.5,-0.1434949747826086,0.5231103260869565,-0.0025999999999999,0.7954,True
638,right_shoulder,,,,,,0.0048,True
638,right_toe_tip,655.516,608.308,0.0393904017391303,0.63037844,0.1834000000000001,0.8791,True
639,left_shoulder,,,,,,0.0147,False
639,left_toe_tip,595.3100000000001,564.04,-0.1162620065217389,0.5308144956521739,0.0085999999999999,0.9117,True
639,right_shoulder,,,,,,0.0056,False
639,right_toe_tip,655.4399999999999,608.164,0.0388920173913042,0.6251035365217391,0.2285999999999999,0.8866,True
640,left_shoulder,,,,,,0.0219,True
640,left_toe_tip,607.754,565.9639999999999,-0.0850383099999999,0.5431628878260867,0.0408000000000001,0.9635,True
640,right_shoulder,,,,,,0.0041,True
640,right_toe_tip,655.548,607.922,0.03872804,0.6175413643478261,0.2544,0.8479,True
641,left_shoulder,,,,,,0.0203,True
641,left_toe_tip,620.926,567.774,-0.0510436826086955,0.5560212913043479,0.0335,0.9103,True
641,right_shoulder,,,,,,0.0071,False
641,right_toe_tip,655.774,607.6479999999999,0.0392326813043478,0.6159436452173911,0.2578000000000002,0.7565,True
642,left_shoulder,,,,,,0.023,False
642,left_toe_tip,633.54,569.6600000000001,-0.0175796260869566,0.5705486695652177,0.0824,0.8826,True
642,right_shoulder,,,,,,0.0069,True
642,right_toe_tip,655.8084,607.4924,0.0390556831826087,0.6114461150086955,0.2730799999999999,0.7192,True
643,left_shoulder,,,,,,0.0329,False
643,left_toe_tip,645.738,571.5980000000001,0.0158743017391305,0.585390466956522,0.1138000000000001,0.856,True
643,right_shoulder,,,,,,0.009,False
643,right_toe_tip,655.6612,607.4332,0.0387063153391304,0.6115257748173913,0.2722400000000002,0.5954,True
644,left_shoulder,,,,,,0.0091,True
644,left_toe_tip,657.102,574.018,0.0480789269565216,0.6016697339130437,0.0805999999999999,1.0,True
644,right_shoulder,,,,,,0.0232,True
644,right_toe_tip,655.2524,607.3884,0.0378080470086955,0.6132328195304348,0.2654800000000005,0.0862,True
645,left_shoulder,,,,,,0.0088,False
645,left_toe_tip,669.966,576.396,0.0850513252173913,0.6141882991304346,0.0828000000000001,0.9315,True
645,right_shoulder,,,,,,0.0083,True
645,right_toe_tip,654.444,607.664,0.0358933399999999,0.6154450399999999,0.2598000000000002,0.1041,True
646,left_shoulder,,,,,,0.0069,True
646,left_toe_tip,681.354,578.808,0.1179667800000001,0.6241736034782609,0.0585999999999999,0.8086,True
646,right_shoulder,,,,,,0.0048,True
646,right_toe_tip,653.4159999999999,608.096,0.0332600139130433,0.6150623443478261,0.2381999999999998,0.284,True
647,left_shoulder,,,,,,0.0062,True
647,left_toe_tip,692.582,581.87,0.1499958704347826,0.6329082913043478,0.0260999999999999,0.8859,True
647,right_shoulder,,,,,,0.0042,True
647,right_toe_tip,652.8686,608.4946,0.0318257263130435,0.6145595581391305,0.2227199999999998,0.0326,True
648,left_shoulder,,,,,,0.0064,False
648,left_toe_tip,703.17,585.3439999999999,0.1800482326086955,0.6422793878260867,-0.0386999999999998,0.8751,True
648,right_shoulder,,,,,,0.0067,True
648,right_toe_tip,652.8018,608.8598,0.0315820405999999,0.6139371266,0.2143599999999996,0.8369,True
649,left_shoulder,,,,,,0.0057,False
649,left_toe_tip,713.396,588.0339999999999,0.2092902895652172,0.6502439082608693,-0.1189,0.9512,True
649,right_shoulder,,,,,,0.0029,True
649,right_toe_tip,652.9086,609.1786,0.0318152090521738,0.6141385781826088,0.2305199999999995,0.9495,False
650,left_shoulder,,,,,,0.0299,False
650,left_toe_tip,720.502,589.7819999999999,0.2295532030434781,0.6552283682608694,-0.1354000000000001,0.9162,True
650,right_shoulder,,,,,,0.0057,False
650,right_toe_tip,653.3302000000001,609.4338,0.0329053089130437,0.615721912826087,0.227,0.9013,True
651,left_shoulder,,,,,,0.0587,True
651,left_toe_tip,726.6360000000001,591.11,0.2460839078260871,0.6564528826086956,-0.1361999999999998,0.843,True
651,right_shoulder,,,,,,0.0104,True
651,right_toe_tip,654.0666,609.6254000000001,0.0348637623043478,0.6186911272608698,0.2178000000000002,0.9183,True
652,left_shoulder,,,,,,0.0428,True
652,left_toe_tip,731.368,591.122,0.2607364643478262,0.659551846521739,-0.1514000000000001,0.8955,True
652,right_shoulder,,,,,,0.0079,True
652,right_toe_tip,654.6371999999999,609.7868000000001,0.0365166319999997,0.6231637645217393,0.1978000000000001,0.9372,False
653,left_shoulder,,,,,,0.0096,True
653,left_toe_tip,735.3439999999999,590.434,0.2718547617391302,0.6570374660869563,-0.2031999999999998,0.8747,True
653,right_shoulder,,,,,,0.0088,True
653,right_toe_tip,655.042,609.918,0.0378666,0.6291414,0.177,0.927,False
654,left_shoulder,,,,,,0.0077,True
654,left_toe_tip,738.882,589.824,0.2799435404347824,0.650651728695652,-0.1115999999999999,0.935,True
654,right_shoulder,,,,,,0.0054,True
654,right_toe_tip,655.588,610.0319999999999,0.0396307956521738,0.6356791826086955,0.154,0.9347,False
655,left_shoulder,,,,,,0.006,False
655,left_toe_tip,741.8199999999999,589.236,0.2873537478260868,0.6469438591304347,-0.1084000000000001,0.903,True
655,right_shoulder,,,,,,0.0077,False
655,right_toe_tip,656.0188,610.0772,0.0410464338260871,0.6407956426956521,0.1405999999999999,0.9675,False
656,left_shoulder,,,,,,0.0055,True
656,left_toe_tip,744.5539999999999,588.8059999999999,0.2941604060869561,0.6437407069565215,-0.3639000000000001,0.9257,True
656,right_shoulder,,,,,,0.005,False
656,right_toe_tip,656.3804,610.1356,0.0421403594782608,0.6435010196521739,0.1311999999999998,0.9644,True
657,left_shoulder,,,,,,0.0299,False
657,left_toe_tip,747.2139999999999,588.57,0.2980782273913042,0.635474289130435,-0.4938000000000002,0.9463,True
657,right_shoulder,,,,,,0.0076,True
657,right_toe_tip,656.6548,610.1411999999999,0.042980245826087,0.645527431565217,0.1238000000000001,0.9621,True
658,left_shoulder,,,,,,0.0067,False
658,left_toe_tip,749.432,588.288,0.3008190521739131,0.6275438608695653,-0.532,0.9521,True
658,right_shoulder,,,,,,0.0039,True
658,right_toe_tip,656.8146666666668,610.074,0.0435304914009664,0.6474017191304346,0.1162666666666668,0.9709,True
659,left_shoulder,,,,,,0.0075,True
659,left_toe_tip,751.3340000000001,587.846,0.3042806626086958,0.6227130243478262,-0.5664000000000001,0.9182,True
659,right_shoulder,,,,,,0.0055,False
659,right_toe_tip,656.86,609.934,0.043788352173913,0.6491220647826087,0.1085999999999999,0.9695,True
660,left_shoulder,,,,,,0.0056,True
660,left_toe_tip,752.5840000000001,587.162,0.3083088365217393,0.6220781986956523,-0.5604000000000001,0.9426,True
660,right_shoulder,,,,,,0.0076,True
660,right_toe_tip,656.9060000000001,609.79,0.044135685652174,0.652114806521739,0.0961999999999998,0.9474,False
661,left_shoulder,,,,,,0.0083,False
661,left_toe_tip,753.0580000000001,585.972,0.3124824808695655,0.6245669582608695,-0.5838000000000002,0.9359,True
661,right_shoulder,,,,,,0.0049,False
661,right_toe_tip,656.925,609.588,0.0445342128623187,0.6567329465217391,0.1277333333333331,0.9454,False
662,left_shoulder,,,,,,0.0074,True
662,left_toe_tip,753.014,584.4739999999999,0.31587413,0.6274048299999998,-0.5144000000000001,0.8788,True
662,right_shoulder,,,,,,0.0077,True
662,right_toe_tip,656.935,609.394,0.0449016798913042,0.6612465045652175,0.1091999999999998,0.948,True
663,left_shoulder,,,,,,0.0126,True
663,left_toe_tip,752.6380000000001,582.842,0.3182268365217395,0.6295770939130434,-0.2496999999999998,0.8746,True
663,right_shoulder,,,,,,0.0095,True
663,right_toe_tip,656.9633333333334,609.228,0.0452712031400967,0.6651317399999999,0.0932333333333335,0.9467,False
664,left_shoulder,,,,,,0.0084,False
664,left_toe_tip,752.398,581.3140000000001,0.32145828,0.6329580400000001,-0.2291999999999998,0.884,True
664,right_shoulder,,,,,,0.0057,False
664,right_toe_tip,657.01,609.0899999999999,0.0456434999999999,0.6683914999999998,0.079833333333333,0.9432,False
665,left_shoulder,,,,,,0.0092,True
665,left_toe_tip,752.4680000000001,579.8059999999999,0.3226853617391306,0.6306520843478257,-0.2700999999999999,0.8755,True
665,right_shoulder,,,,,,0.0056,False
665,right_toe_tip,657.075,608.9799999999999,0.0460189809782609,0.6710281630434779,0.069,0.9347,False
666,left_shoulder,,,,,,0.0102,True
666,left_toe_tip,753.112,578.552,0.3251969999999999,0.628337,-0.2755,0.9023,True
666,right_shoulder,,,,,,0.007,True
666,right_toe_tip,657.14,608.87,0.0463959927536231,0.6736622355072465,0.0581666666666665,0.9146,False
667,left_shoulder,,,,,,0.0256,True
667,left_toe_tip,753.9,577.388,0.3265711086956521,0.6232892026086959,-0.2748000000000001,0.8975,True
667,right_shoulder,,,,,,0.0057,True
667,right_toe_tip,657.208,608.9379999999999,0.046566344347826,0.6736478747826082,0.0589,0.9118,False
668,left_shoulder,,,,,,0.0458,True
668,left_toe_tip,754.542,576.3199999999999,0.3292086482608696,0.6217318956521737,-0.3101999999999998,0.8984,True
668,right_shoulder,,,,,,0.0069,True
668,right_toe_tip,657.343,608.984,0.0474500709782607,0.6812148113043479,0.0314,0.9121,True
669,left_shoulder,,,,,,0.0785,True
669,left_toe_tip,754.908,575.244,0.33053536,0.6191540452173915,-0.3324000000000001,0.9263,True
669,right_shoulder,,,,,,0.0109,True
669,right_toe_tip,657.437,609.018,0.0477173613405797,0.6814521928260872,0.0633666666666663,0.9426,True
670,left_shoulder,,,,,,0.0775,True
670,left_toe_tip,755.158,574.5740000000001,0.3324811734782609,0.6195124552173914,-0.3421999999999998,0.9301,True
670,right_shoulder,,,,,,0.0225,False
670,right_toe_tip,657.5364999999999,609.0364999999999,0.047749792744565,0.678096613396739,0.0759499999999998,0.9421,True
671,left_shoulder,,,,,,0.1488,True
671,left_toe_tip,755.184,574.094,0.3326814399999999,0.6183593226086959,-0.3431999999999998,0.938,True
671,right_shoulder,,,,,,0.0334,False
671,right_toe_tip,657.6415,609.0395000000001,0.0475428837228259,0.6711479177445654,0.10165,0.9223,True
672,left_shoulder,,,,,,0.0699,True
672,left_toe_tip,755.1780000000001,573.882,0.3344919352173916,0.6211412256521738,-0.3578000000000002,0.933,True
672,right_shoulder,,,,,,0.0265,False
672,right_toe_tip,657.749,608.8489999999999,0.0473068727173913,0.6632637314130433,0.1289000000000001,0.9165,False
673,left_shoulder,,,,,,0.0792,True
673,left_toe_tip,755.1299999999999,573.7479999999999,0.3339520847826083,0.6200086008695651,-0.3715999999999999,0.9357,True
673,right_shoulder,,,,,,0.0259,False
673,right_toe_tip,657.7950000000001,608.665,0.0461025896739132,0.6442315516304348,0.1975,0.9041,False
674,left_shoulder,,,,,,0.1122,False
674,left_toe_tip,755.07,573.772,0.3317017826086958,0.6162210260869567,-0.338,0.9422,True
674,right_shoulder,,,,,,0.0234,False
674,right_toe_tip,657.879,608.4329999999999,0.0469226581521739,0.652001607065217,0.1665,0.9078,False
675,left_shoulder,,,,,,0.1654,True
675,left_toe_tip,755.024,573.848,0.3274183165217392,0.6087229808695651,-0.3048000000000002,0.9322,True
675,right_shoulder,,,,,,0.0283,False
675,right_toe_tip,657.9605,608.3005,0.0476939125271739,0.659359278831522,0.1379499999999998,0.9049,True
676,left_shoulder,,,,,,0.1209,True
676,left_toe_tip,755.0640000000001,573.978,0.3272570243478263,0.6085813421739129,-0.3025999999999999,0.9156,True
676,right_shoulder,,,,,,0.0186,True
676,right_toe_tip,658.0935000000001,608.2275,0.0484974633967392,0.665344134375,0.1275500000000002,0.9031,True
677,left_shoulder,,,,,,0.0585,True
677,left_toe_tip,755.0699999999999,573.96,0.327549256521739,0.609041791304348,-0.3048000000000002,0.9188,True
677,right_shoulder,,,,,,0.018,True
677,right_toe_tip,658.26,608.086,0.0491670347826086,0.6679985208695652,0.1163000000000001,0.8819,True
678,left_shoulder,,,,,,0.1022,True
678,left_toe_tip,755.0719999999999,573.898,0.3255036660869562,0.6050523426086958,-0.2884000000000001,0.919,True
678,right_shoulder,,,,,,0.0121,True
678,right_toe_tip,658.528,607.9820000000001,0.0502833808695652,0.6730015843478264,0.0966999999999998,0.8986,True
679,left_shoulder,729.37,715.79,0.1784485760869565,0.7104198152173912,1.11,0.1356,True
679,left_toe_tip,755.18,573.92,0.3280376478260868,0.609253460869565,-0.3061999999999998,0.9285,True
679,right_shoulder,,,,,,0.0172,True
679,right_toe_tip,658.806,607.8700000000001,0.0498399882608696,0.656909384782609,0.1553000000000002,0.9073,True
680,left_shoulder,731.38,715.4549999999999,0.1813197717391304,0.7053077201086955,1.128,0.2045,True
680,left_toe_tip,755.2439999999999,573.892,0.3294725747826084,0.6114986286956523,-0.3161999999999998,0.9287,True
680,right_shoulder,,,,,,0.0147,True
680,right_toe_tip,659.22,607.596,0.0499594652173913,0.6435881243478261,0.2255999999999999,0.9137,True
681,left_shoulder,732.2466666666666,715.4366666666666,0.1831564251207727,0.705722077294686,1.1268333333333334,0.3334,True
681,left_toe_tip,755.314,573.808,0.326965326521739,0.6062386399999999,-0.2945999999999999,0.9275,True
681,right_shoulder,,,,,,0.0228,True
681,right_toe_tip,659.54,607.076,0.0501668260869564,0.6343407739130436,0.255,0.9397,True
682,left_shoulder,733.235,715.825,0.1852538913043478,0.7070088043478262,1.129,0.3639,True
682,left_toe_tip,755.4280000000001,573.788,0.3253062156521742,0.6025103547826087,-0.2788000000000001,0.9357,True
682,right_shoulder,,,,,,0.0332,True
682,right_toe_tip,660.1999999999999,606.868,0.0518964347826085,0.6342360921739131,0.2534,0.9464,True
683,left_shoulder,734.522,716.118,0.1879343939130435,0.7080554843478262,1.1278,0.4154,True
683,left_toe_tip,755.5440000000001,573.7879999999999,0.3270397565217394,0.6051129913043475,-0.29,0.9472,True
683,right_shoulder,,,,,,0.0243,True
683,right_toe_tip,660.914,606.464,0.0537126078260869,0.6329838469565219,0.2641999999999998,0.9249,True
684,left_shoulder,737.1020000000001,716.2520000000001,0.1937818173913045,0.7109550782608697,1.121,0.4552,True
684,left_toe_tip,755.5840000000001,573.6220000000001,0.3263237843478263,0.603110633478261,-0.3004000000000001,0.9387,True
684,right_shoulder,,,,,,0.0261,True
684,right_toe_tip,662.3599999999999,606.182,0.0580728086956519,0.6393774682608696,0.2425999999999999,0.8522,True
685,left_shoulder,739.048,716.3,0.1982682573913043,0.7132196521739128,1.1154000000000002,0.4369,True
685,left_toe_tip,755.72,573.476,0.3264561826086957,0.6022343591304348,-0.2984000000000001,0.9467,True
685,right_shoulder,,,,,,0.0234,True
685,right_toe_tip,664.5020000000001,606.008,0.0638383630434784,0.6409578,0.243,0.8136,True
686,left_shoulder,741.518,716.244,0.2037201430434783,0.7148887747826088,1.1308,0.4935,True
686,left_toe_tip,755.78,573.26,0.3255179869565217,0.5995851260869565,-0.2895999999999999,0.9456,True
686,right_shoulder,,,,,,0.0155,True
686,right_toe_tip,666.5319999999999,605.412,0.0698656773913041,0.6462338165217392,0.2254000000000001,0.8121,True
687,left_shoulder,743.97,715.7520000000001,0.2088666891304348,0.7146748330434783,1.1458,0.4204,True
687,left_toe_tip,755.708,572.926,0.3230768591304346,0.5945264226086958,-0.2718000000000002,0.9486,True
687,right_shoulder,,,,,,0.0158,True
687,right_toe_tip,669.5357142857143,604.9322857142857,0.078217359139308,0.6486369813575864,0.2116285714285718,0.7142,True
688,left_shoulder,746.116,715.378,0.2136622591304347,0.7155458773913045,1.1551,0.5092,True
688,left_toe_tip,755.778,572.6139999999999,0.31954728,0.5868146399999997,-0.2421999999999998,0.9401,True
688,right_shoulder,,,,,,0.0265,True
688,right_toe_tip,673.7311428571428,604.9708571428571,0.0898903530612243,0.6528245109139306,0.1827857142857146,0.6051,True
689,left_shoulder,748.082,715.288,0.2175502691304347,0.7151329547826087,1.1662,0.5729,True
689,left_toe_tip,755.858,572.46,0.3207251678260868,0.5881447043478262,-0.2498000000000002,0.9212,True
689,right_shoulder,,,,,,0.0391,True
689,right_toe_tip,678.5402857142857,605.2997142857142,0.102199980629991,0.6504784690594496,0.146371428571429,0.1613,True
690,left_shoulder,750.33,715.518,0.2221230717391305,0.715750477826087,1.1658,0.5542,True
690,left_toe_tip,755.962,572.512,0.3270884673913043,0.5994224347826086,-0.298,0.8873,True
690,right_shoulder,,,,,,0.0447,True
690,right_toe_tip,683.8671428571428,605.9428571428573,0.1165680769742677,0.6535434960070988,0.0647857142857146,0.0827,True
691,left_shoulder,752.452,715.6600000000001,0.226077412173913,0.7150312347826089,1.1719000000000002,0.5395,True
691,left_toe_tip,756.0640000000001,572.78,0.3353997286956524,0.6148879434782607,-0.3615999999999999,0.8555,True
691,right_shoulder,,,,,,0.0362,True
691,right_toe_tip,690.6957142857143,607.5542857142857,0.1337689864685004,0.6532127293700088,-0.0255714285714284,0.2159,True
692,left_shoulder,754.3720000000001,715.596,0.2297385391304349,0.7142841391304349,1.177,0.5207,True
692,left_toe_tip,756.2819999999999,573.15,0.3437144247826085,0.630043597826087,-0.4224000000000001,0.9276,True
692,right_shoulder,,,,,,0.0307,True
692,right_toe_tip,694.11,608.36,0.1422740108695652,0.6530248260869566,-0.051,0.1637,True
693,left_shoulder,756.108,715.246,0.2327712991304346,0.7121910026086956,1.1876,0.5913,True
693,left_toe_tip,756.366,573.534,0.3493256726086955,0.6410197839130434,-0.4648000000000001,0.9309,True
693,right_shoulder,,,,,,0.016,True
693,right_toe_tip,702.6457142857143,610.3742857142857,0.1632582333629105,0.652489384649512,-0.0555714285714284,0.0843,True
694,left_shoulder,757.84,714.778,0.2354494434782609,0.7088618691304348,1.2008,0.6392,True
694,left_toe_tip,756.6200000000001,573.816,0.3458290043478264,0.6340574034782609,-0.4141999999999998,0.9237,True
694,right_shoulder,,,,,,0.0184,True
694,right_toe_tip,709.4267857142856,610.4382142857143,0.1797118816548357,0.6482616509538598,-0.0844285714285715,0.1439,True
695,left_shoulder,759.292,714.204,0.2382209373913044,0.7073299878260868,1.2088,0.6018,True
695,left_toe_tip,756.708,573.896,0.3378696599999999,0.61922892,-0.3494000000000001,0.9119,True
695,right_shoulder,,,,,,0.026,True
695,right_toe_tip,717.9500892857143,609.2161607142857,0.2009976035771475,0.6426144156508222,-0.1962589285714284,0.4469,True
696,left_shoulder,760.604,714.0020000000001,0.2406574165217392,0.7063879039130435,1.2137,0.6489,True
696,left_toe_tip,756.87,573.7439999999999,0.3300053108695653,0.6035480034782608,-0.3008000000000002,0.9424,True
696,right_shoulder,,,,,,0.0361,True
696,right_toe_tip,728.215625,606.708125,0.2272571138332202,0.6355583429432744,-0.3410625,0.3072,True
697,left_shoulder,761.964,714.112,0.243371207826087,0.7066074017391303,1.2172,0.6034,True
697,left_toe_tip,757.12,573.614,0.3227419826086956,0.5886458834782609,-0.2391999999999998,0.8206,True
697,right_shoulder,,,,,,0.0349,True
697,right_toe_tip,734.415,604.809,0.2437446374999999,0.6320063651086955,-0.3725999999999999,0.193,True
698,left_shoulder,763.258,714.314,0.2460068908695653,0.7071645291304347,1.2238,0.5746,True
698,left_toe_tip,757.344,573.398,0.3183083547826088,0.5788652704347828,-0.1995999999999999,0.9165,True
698,right_shoulder,,,,,,0.0344,True
698,right_toe_tip,745.415,600.745,0.2732196385869564,0.6239744048913043,-0.4275,0.1506,True
699,left_shoulder,764.5260000000001,714.6679999999999,0.248673007826087,0.7082565756521737,1.2228,0.5843,True
699,left_toe_tip,757.326,573.302,0.3180299769565218,0.5781875300000001,-0.1978000000000001,0.9765,True
699,right_shoulder,,,,,,0.0403,True
699,right_toe_tip,759.251,597.079,0.3087693555434782,0.6138542238043476,-0.4610999999999999,0.0682,True
700,left_shoulder,765.5020000000001,714.8439999999999,0.2506220373913044,0.7086080399999999,1.2298,0.5455,True
700,left_toe_tip,757.23,573.1200000000001,0.3182539652173913,0.5785744695652177,-0.2015999999999999,0.837,True
700,right_shoulder,,,,,,0.041,True
700,right_toe_tip,772.4395,592.8675,0.3421473713315215,0.601595468070652,-0.40875,0.7485,True
701,left_shoulder,766.5559999999999,714.8619999999999,0.2531395121739129,0.7098011439130433,1.2268,0.5464,True
701,left_toe_tip,757.208,572.918,0.3183216399999999,0.5782575160869564,-0.2025999999999999,0.7188,True
701,right_shoulder,,,,,,0.0416,True
701,right_toe_tip,785.0664999999999,588.1344999999999,0.373585657744565,0.587508330570652,-0.34975,0.9777,True
702,left_shoulder,767.374,714.85,0.2555787,0.7120142391304348,1.221,0.6445,True
702,left_toe_tip,757.162,572.61,0.3185532900000001,0.5780681021739131,-0.2054,0.8394,True
702,right_shoulder,,,,,,0.0416,True
702,right_toe_tip,797.284,583.0040000000001,0.4038095739130434,0.572538530434783,-0.346,0.9819,True
703,left_shoulder,768.392,715.034,0.2576213391304349,0.7123834391304349,1.2245,0.5299,True
703,left_toe_tip,756.984,572.506,0.3185525182608696,0.5786630773913042,-0.2091999999999998,0.9415,True
703,right_shoulder,,,,,,0.0297,True
703,right_toe_tip,808.896,577.5519999999999,0.4314558469565215,0.5557507721739127,-0.3386999999999998,0.9247,True
704,left_shoulder,769.4639999999999,715.206,0.2603633617391303,0.7143501534782609,1.2238,0.5574,True
704,left_toe_tip,756.9100000000001,572.2479999999999,0.3184526739130437,0.5781450956521738,-0.2185,0.9805,True
704,right_shoulder,,,,,,0.0296,True
704,right_toe_tip,819.744,572.068,0.459636667826087,0.5422947573913043,-0.3345999999999999,1.0,True
705,left_shoulder,771.236,715.57,0.2647543652173913,0.7173238260869566,1.232,0.4893,True
705,left_toe_tip,757.106,572.0240000000001,0.3186301513043478,0.5768896486956524,-0.2171999999999998,0.9375,True
705,right_shoulder,,,,,,0.0238,True
705,right_toe_tip,830.2860000000001,567.216,0.4876285582608696,0.5310135234782608,-0.3255999999999999,0.9102,True
706,left_shoulder,772.784,715.8240000000001,0.2694937878260869,0.7221680139130436,1.2248,0.3813,True
706,left_toe_tip,757.254,571.9979999999999,0.31916029,0.577049338695652,-0.2181999999999998,0.9058,True
706,right_shoulder,,,,,,0.0183,True
706,right_toe_tip,840.034,563.048,0.5144352652173912,0.5221864869565218,-0.3195,0.8896,True
707,left_shoulder,774.874,716.082,0.272973247826087,0.7206790043478261,1.241,0.5155,True
707,left_toe_tip,757.2180000000001,572.0899999999999,0.3194190500000002,0.5779452499999999,-0.221,0.8631,True
707,right_shoulder,,,,,,0.0149,True
707,right_toe_tip,848.3380000000001,559.5240000000001,0.5389613478260872,0.5161599130434785,-0.28,0.9621,True
708,left_shoulder,776.672,715.836,0.2777115617391305,0.7230432808695654,1.2486,0.4799,True
708,left_toe_tip,757.214,571.974,0.3201471078260871,0.5789655078260871,-0.2268000000000001,0.7167,True
708,right_shoulder,,,,,,0.0149,True
708,right_toe_tip,855.5,556.644,0.5636730434782609,0.5143523060869565,-0.2824000000000001,0.9617,True
709,left_shoulder,778.7239999999999,715.726,0.2823636547826085,0.7240570734782608,1.2674,0.5058,True
709,left_toe_tip,757.124,571.92,0.3202832165217392,0.5795090608695651,-0.2298000000000001,0.6622,True
709,right_shoulder,,,,,,0.0202,True
709,right_toe_tip,860.9979999999999,554.3480000000001,0.5833866769565216,0.5130364704347827,-0.2910999999999999,0.9494,True
710,left_shoulder,780.652,715.6179999999999,0.2877862226086957,0.7276253513043477,1.2726,0.5919,True
710,left_toe_tip,756.98,571.9379999999999,0.320982947826087,0.5815394426086953,-0.2369,0.8271,True
710,right_shoulder,,,,,,0.0206,True
710,right_toe_tip,864.93,552.47,0.6003675086956521,0.5137275347826088,-0.3005999999999999,0.9097,True
711,left_shoulder,783.1959999999999,715.656,0.2935829295652172,0.7291721165217391,1.2953,0.4765,True
711,left_toe_tip,756.816,571.944,0.3210154469565218,0.5824313269565217,-0.2406999999999998,0.9355,True
711,right_shoulder,,,,,,0.0146,True
711,right_toe_tip,867.4979999999999,550.99,0.6152337217391303,0.5165033913043479,-0.333,0.943,True
712,left_shoulder,785.836,715.5840000000001,0.3000734217391305,0.7316527304347827,1.331,0.4955,True
712,left_toe_tip,756.774,571.966,0.3206715582608695,0.582077067826087,-0.2389,0.99,True
712,right_shoulder,,,,,,0.0133,True
712,right_toe_tip,869.2459999999999,549.742,0.6247950221739127,0.517129446521739,-0.3564000000000001,0.9507,True
713,left_shoulder,789.232,715.7520000000001,0.3090075652173912,0.7366386521739132,1.343,0.4795,True
713,left_toe_tip,756.836,572.034,0.3212228026086957,0.5829552169565216,-0.2419000000000001,0.9973,True
713,right_shoulder,,,,,,0.0145,True
713,right_toe_tip,870.03,548.616,0.6359329369565216,0.5214412330434782,-0.3924000000000001,0.9537,True
714,left_shoulder,792.8779999999999,715.742,0.3161915852173911,0.7357672582608695,1.3612,0.4895,True
714,left_toe_tip,756.8979999999999,572.092,0.3222572908695649,0.5846823156521739,-0.2486999999999998,0.9976,True
714,right_shoulder,,,,,,0.0147,True
714,right_toe_tip,870.2479999999999,547.5840000000001,0.6482482278260867,0.5281305182608697,-0.4561999999999998,0.9289,True
715,left_shoulder,797.094,715.684,0.3230672260869566,0.7314718782608695,1.388,0.6647,True
715,left_toe_tip,756.9100000000001,572.086,0.3226716000000001,0.5853573599999999,-0.2516999999999998,0.9888,True
715,right_shoulder,,,,,,0.0251,True
715,right_toe_tip,870.052,546.3100000000001,0.6602992513043479,0.5347502021739132,-0.5035999999999999,0.9299,True
716,left_shoulder,801.712,715.4780000000001,0.3302088730434782,0.7258706204347827,1.4104,0.4642,True
716,left_toe_tip,756.86,572.054,0.3227876434782609,0.5857300269565217,-0.2536999999999998,0.9971,True
716,right_shoulder,,,,,,0.0145,True
716,right_toe_tip,869.7139999999999,544.626,0.669416558695652,0.5380242456521739,-0.544,0.919,True
717,left_shoulder,806.908,715.412,0.3439393330434782,0.7323805104347827,1.3932,0.497,True
717,left_toe_tip,756.6940000000001,571.956,0.3224559639130436,0.5856897208695652,-0.2546999999999998,0.991,True
717,right_shoulder,,,,,,0.0159,True
717,right_toe_tip,869.0040000000001,542.392,0.6750141817391309,0.5376202452173915,-0.5748000000000002,0.9247,True
718,left_shoulder,812.224,715.268,0.3553430400000001,0.7330105626086957,1.3908,0.5119,True
718,left_toe_tip,756.592,571.778,0.3214137286956521,0.5838166995652174,-0.2486999999999998,1.0,True
718,right_shoulder,,,,,,0.014,False
718,right_toe_tip,868.25,539.866,0.6738336956521739,0.5309957130434783,-0.563,0.9935,True
719,left_shoulder,818.5020000000001,715.094,0.3690334826086958,0.734118247826087,1.387,0.4077,True
719,left_toe_tip,756.448,571.604,0.3205104626086956,0.5824170095652175,-0.2446999999999998,1.0,True
719,right_shoulder,,,,,,0.012,True
719,right_toe_tip,867.594,537.226,0.6710559613043481,0.5225470082608696,-0.4925999999999999,0.9511,True
720,left_shoulder,825.0220000000002,714.598,0.3862937582608699,0.7403389547826086,1.3762,0.4323,True
720,left_toe_tip,756.408,571.484,0.3205268973913043,0.5823165965217392,-0.2456999999999998,0.9938,True
720,right_shoulder,,,,,,0.0162,True
720,right_toe_tip,867.1540000000001,534.892,0.665363694782609,0.5122814800000002,-0.4093000000000001,0.9491,True
721,left_shoulder,831.7700000000001,714.284,0.4010494347826089,0.7409156695652173,1.389,0.5158,True
721,left_toe_tip,756.35,571.164,0.3202407282608696,0.5812059573913043,-0.2446999999999998,0.9723,True
721,right_shoulder,,,,,,0.0158,True
721,right_toe_tip,866.792,533.024,0.6607042591304348,0.5040640486956521,0.0703000000000001,0.9588,True
722,left_shoulder,838.5530000000001,713.6370000000001,0.4108320552173915,0.7317210795652175,1.4139000000000002,0.5555,True
722,left_toe_tip,756.394,570.738,0.3203618334782609,0.5800334386956523,-0.2461999999999998,0.9729,True
722,right_shoulder,,,,,,0.0157,True
722,right_toe_tip,866.5899999999999,531.766,0.6593276413043476,0.4998017195652173,0.0735,0.9522,True
723,left_shoulder,845.701,712.8109999999999,0.4207479802173913,0.7216518910869563,1.4312,0.537,True
723,left_toe_tip,756.4559999999999,570.316,0.3205324817391302,0.5788719295652175,-0.2461999999999998,0.9451,True
723,right_shoulder,,,,,,0.0135,True
723,right_toe_tip,866.2860000000001,530.782,0.657951141304348,0.4965672282608696,0.122,0.9538,True
724,left_shoulder,852.4559999999999,712.042,0.4327174486956519,0.7170177169565217,1.4232,0.5583,False
724,left_toe_tip,756.688,569.936,0.321171036521739,0.5778260208695654,-0.2461999999999998,0.9295,True
724,right_shoulder,,,,,,0.0165,False
724,right_toe_tip,866.11,529.992,0.6566529326086957,0.4936789408695651,0.1251999999999998,0.9542,True
725,left_shoulder,859.3799999999999,711.758,0.4419553173913041,0.7086394317391306,1.4516,0.7471,True
725,left_toe_tip,756.78,569.488,0.3212973217391303,0.5763652452173913,-0.2451999999999998,0.9095,True
725,right_shoulder,,,,,,0.0219,True
725,right_toe_tip,865.874,529.258,0.6559675578260871,0.4915473091304349,0.1251999999999998,0.9205,True
726,left_shoulder,866.1200000000001,711.4540000000001,0.4517484347826089,0.7021439695652175,1.505,0.6721,False
726,left_toe_tip,756.746,569.0719999999999,0.322092062173913,0.5768114678260866,-0.2521999999999998,0.9181,True
726,right_shoulder,,,,,,0.0173,False
726,right_toe_tip,865.6360000000001,528.5780000000001,0.6542462973913046,0.4888029052173915,0.1294000000000001,0.9164,True
727,left_shoulder,873.1630000000001,711.627,0.4614093019565219,0.6958392567391303,1.5394,0.6596,True
727,left_toe_tip,756.846,568.698,0.3223679534782608,0.575779634347826,-0.2521999999999998,0.9113,True
727,right_shoulder,,,,,,0.0205,False
727,right_toe_tip,865.5260000000001,528.066,0.6544666465217394,0.4877202247826088,0.1271999999999998,0.9216,True
728,left_shoulder,879.9309999999999,711.6450000000001,0.4704733956521738,0.6895299782608698,1.556,0.7063,True
728,left_toe_tip,756.502,568.162,0.3215455199999998,0.5745271200000001,-0.2531999999999998,0.8753,True
728,right_shoulder,,,,,,0.0183,False
728,right_toe_tip,865.5899999999999,527.76,0.6548975782608695,0.4870145739130435,0.1261999999999998,0.9198,True
729,left_shoulder,886.604,711.462,0.4807169713043479,0.6851216856521739,1.5496,0.6795,True
729,left_toe_tip,756.212,567.426,0.3207451199999999,0.57249576,-0.2531999999999998,0.9051,True
729,right_shoulder,,,,,,0.017,True
729,right_toe_tip,865.5720000000001,527.55,0.6540607252173916,0.4858221521739129,0.1294000000000001,0.9194,True
730,left_shoulder,892.622,710.664,0.4872858708695651,0.6764003634782608,1.5639,0.7488,True
730,left_toe_tip,756.266,566.704,0.3195545734782608,0.5681214504347825,-0.2425999999999999,0.9223,True
730,right_shoulder,,,,,,0.0247,True
730,right_toe_tip,865.608,527.366,0.6554893304347824,0.4862709978260869,0.124,0.9429,True
731,left_shoulder,898.558,709.75,0.4983424408695652,0.6741051086956521,1.5528,0.7719,True
731,left_toe_tip,756.6,566.132,0.3188503043478262,0.5636813973913042,-0.2058000000000001,0.9451,True
731,right_shoulder,,,,,,0.0186,True
731,right_toe_tip,865.6600000000001,527.252,0.6564253173913045,0.4865215243478258,0.1208000000000001,0.9313,True
732,left_shoulder,904.134,708.594,0.5094915178260869,0.672407513478261,1.5389000000000002,0.7284,True
732,left_toe_tip,756.8299999999999,565.6859999999999,0.3193522652173911,0.5622382095652172,-0.2048000000000001,0.9546,True
732,right_shoulder,,,,,,0.0177,True
732,right_toe_tip,865.6880000000001,527.124,0.6578314573913047,0.4871301286956522,0.1154,0.9245,True
733,left_shoulder,909.738,707.7360000000001,0.5211220882608697,0.6718108330434784,1.5356,0.8018,True
733,left_toe_tip,758.104,565.2819999999999,0.3219874486956523,0.5596612091304346,-0.2111999999999998,0.9527,True
733,right_shoulder,,,,,,0.0234,True
733,right_toe_tip,865.628,527.098,0.6587356608695653,0.487853508695652,0.111,0.9292,True
734,left_shoulder,915.054,706.832,0.5298377160869567,0.6681039895652173,1.5453,0.8339,True
734,left_toe_tip,759.2819999999999,564.502,0.3226578099999998,0.5531779099999998,-0.1785999999999999,0.9506,True
734,right_shoulder,,,,,,0.0151,True
734,right_toe_tip,865.6360000000001,527.0699999999999,0.660328659130435,0.4889339869565215,0.1045999999999999,0.9274,True
735,left_shoulder,920.574,706.284,0.540897876521739,0.6675753286956521,1.5654,0.5766,True
735,left_toe_tip,760.5939999999999,564.082,0.3260756895652172,0.5518199817391304,-0.1840999999999999,0.9582,True
735,right_shoulder,,,,,,0.0124,True
735,right_toe_tip,865.608,527.0919999999999,0.659952445217391,0.4887804243478256,0.1058000000000001,0.9149,True
736,left_shoulder,925.698,705.15,0.5513971399999998,0.6661394999999999,1.5759,0.7002,True
736,left_toe_tip,762.086,563.726,0.3296056595652174,0.5500159117391304,-0.1868000000000002,0.9025,True
736,right_shoulder,,,,,,0.0254,True
736,right_toe_tip,865.5619999999999,527.124,0.6603572726086954,0.489273675652174,0.1035999999999999,0.9202,True
737,left_shoulder,930.762,704.3860000000001,0.5648999986956521,0.6690821047826089,1.5856,0.6981,True
737,left_toe_tip,765.324,563.528,0.3376936913043477,0.5484194695652175,-0.186,0.8612,True
737,right_shoulder,,,,,,0.0127,True
737,right_toe_tip,865.5699999999999,527.154,0.6603806934782607,0.4893615039130435,0.1035999999999999,0.919,True
738,left_shoulder,935.572,703.85,0.5789998460869563,0.6735722500000001,1.5878,0.708,True
738,left_toe_tip,766.798,563.078,0.3403975004347827,0.5451761352173913,-0.1663000000000001,0.7834,True
738,right_shoulder,,,,,,0.0194,True
738,right_toe_tip,865.6020000000001,527.1780000000001,0.6599348939130436,0.4890319930434785,0.1058000000000001,0.9201,True
739,left_shoulder,940.264,703.324,0.5926950260869563,0.6776917217391304,1.587,0.8385,True
739,left_toe_tip,768.208,563.7280000000001,0.3446844208695651,0.547718299130435,-0.1859000000000001,0.8208,True
739,right_shoulder,,,,,,0.028,True
739,right_toe_tip,865.5459999999999,527.252,0.6606046213043476,0.4898665643478259,0.1024,0.9285,True
740,left_shoulder,944.786,702.914,0.6089756795652175,0.6851570813043478,1.5823,0.6739,True
740,left_toe_tip,770.254,563.288,0.3507230530434783,0.5473750365217391,-0.1896999999999998,0.5859,True
740,right_shoulder,,,,,,0.0107,True
740,right_toe_tip,865.518,527.26,0.66189533,0.4909080999999999,0.0968000000000001,0.9373,True
741,left_shoulder,949.104,703.0200000000001,0.6252636347826085,0.6938698043478262,1.5865,0.7829,True
741,left_toe_tip,774.256,561.6859999999999,0.3616448034782608,0.5432807013043476,-0.1441999999999998,0.6523,True
741,right_shoulder,,,,,,0.0132,True
741,right_toe_tip,865.4040000000001,527.114,0.6634717739130439,0.4918964260869566,0.089,0.9163,True
742,left_shoulder,953.114,703.0719999999999,0.6364382391304347,0.6973311304347825,1.591,0.7654,True
742,left_toe_tip,778.2280000000001,558.494,0.3733357982608697,0.536106403478261,-0.1298000000000002,0.8674,True
742,right_shoulder,,,,,,0.0211,True
742,right_toe_tip,865.068,526.9680000000001,0.6619445591304347,0.4910674069565219,0.0911999999999998,0.9249,True
743,left_shoulder,957.086,703.382,0.6470622352173914,0.7007232247826087,1.6396,0.862,True
743,left_toe_tip,785.216,553.888,0.3972288973913043,0.5303679791304349,-0.1235999999999999,0.8746,True
743,right_shoulder,,,,,,0.0272,True
743,right_toe_tip,864.868,526.842,0.6632628313043479,0.4921113599999999,0.0834,0.9439,True
744,left_shoulder,960.616,703.722,0.6553112243478261,0.7025378791304349,1.6696,0.8118,True
744,left_toe_tip,794.246,546.51,0.4303463399999999,0.5203629000000001,0.0016999999999998,0.9829,True
744,right_shoulder,,,,,,0.0187,True
744,right_toe_tip,864.692,526.7520000000001,0.6624506313043479,0.4916283965217393,0.0845999999999999,0.9551,True
745,left_shoulder,963.95,704.294,0.6615622391304349,0.7031082252173914,1.6952,0.8468,True
745,left_toe_tip,804.476,538.2280000000001,0.4700438034782608,0.5093446278260871,0.0898000000000001,0.955,True
745,right_shoulder,,,,,,0.0121,True
745,right_toe_tip,864.4119999999999,526.572,0.6586980052173911,0.4889250313043478,0.0965999999999999,0.9449,True
746,left_shoulder,967.058,704.9559999999999,0.663003445652174,0.6992858043478258,1.719,0.8062,True
746,left_toe_tip,814.7520000000001,529.066,0.5126691826086959,0.4959881891304348,0.119,0.9443,True
746,right_shoulder,,,,,,0.0175,True
746,right_toe_tip,864.4060000000002,526.3140000000001,0.6551679521739135,0.4855645695652176,0.111,0.9148,True
747,left_shoulder,969.85,705.318,0.671173043478261,0.7026470608695652,1.712,0.8115,True
747,left_toe_tip,825.318,519.764,0.5576057473913043,0.4807159834782608,0.0558000000000001,0.7894,True
747,right_shoulder,,,,,,0.0306,True
747,right_toe_tip,864.2795,526.4455,0.6529458834782608,0.484573507826087,0.1185999999999999,0.9435,True
748,left_shoulder,972.232,705.262,0.6771754852173912,0.703734024347826,1.7133,0.7953,True
748,left_toe_tip,836.448,510.52,0.6069389078260868,0.465041356521739,-0.0184,0.8086,True
748,right_shoulder,,,,,,0.03,True
748,right_toe_tip,863.6945,526.9085,0.6477414652173912,0.4833089608695652,0.13,0.9639,True
749,left_shoulder,974.642,705.0120000000001,0.6840518969565218,0.7052495295652175,1.7224000000000002,0.8083,True
749,left_toe_tip,847.4159999999999,502.32,0.6566520017391302,0.450566556521739,-0.0765999999999999,0.8625,True
749,right_shoulder,,,,,,0.0302,True
749,right_toe_tip,862.8470000000001,527.679,0.6429135950000002,0.4837539149999999,0.1398000000000001,0.2943,True
750,left_shoulder,976.644,704.116,0.6881442460869566,0.7034179886956521,1.7224000000000002,0.7852,True
750,left_toe_tip,856.434,495.338,0.6959764626086956,0.4351999339130435,-0.1164,0.9427,True
750,right_shoulder,,,,,,0.0269,True
750,right_toe_tip,861.765,528.985,0.6395027663043478,0.4873013097826087,0.138,0.0889,True
751,left_shoulder,978.654,703.0219999999999,0.6951241452173911,0.7040899399999999,1.7196,0.8598,True
751,left_toe_tip,866.624,487.75999999999993,0.739828827826087,0.4170808521739128,-0.1174,0.9187,True
751,right_shoulder,,,,,,0.0105,True
751,right_toe_tip,861.6049999999999,529.993,0.6398603499999997,0.4908363100000001,0.1345999999999999,0.2433,True
752,left_shoulder,980.298,701.414,0.6980547669565217,0.7003440226086957,1.7258,0.8697,True
752,left_toe_tip,876.858,481.184,0.7738562786956521,0.395929203478261,0.0191999999999998,0.9237,True
752,right_shoulder,,,,,,0.0115,True
752,right_toe_tip,862.0695,530.4635000000001,0.6435670661956521,0.4940106344565219,0.1248000000000001,0.785,True
753,left_shoulder,981.612,699.472,0.6994134382608697,0.6950320208695652,1.7294,0.8207,True
753,left_toe_tip,885.394,475.826,0.7948631739130435,0.3751755217391305,0.0695,0.9278,True
753,right_shoulder,,,,,,0.0136,True
753,right_toe_tip,862.8525,530.5325,0.647434958695652,0.4954339847826088,0.1211999999999998,0.8836,True
754,left_shoulder,982.63,697.434,0.7035087717391302,0.6928400282608695,1.724,0.822,True
754,left_toe_tip,892.856,471.076,0.8064457339130434,0.3542599991304348,0.0563000000000001,0.9375,True
754,right_shoulder,,,,,,0.0144,True
754,right_toe_tip,863.8520000000001,529.956,0.6521879356521741,0.4951631113043478,0.1135999999999999,0.9013,True
755,left_shoulder,983.582,695.214,0.7062103934782609,0.6890105152173914,1.722,0.8097,True
755,left_toe_tip,900.88,466.396,0.8176886608695655,0.3334820713043478,-0.0505999999999999,0.9532,True
755,right_shoulder,,,,,,0.016,True
755,right_toe_tip,865.22,529.01,0.6577892826086957,0.4936194239130434,0.11,0.9514,True
756,left_shoulder,984.184,692.6940000000001,0.705128264347826,0.6815887513043479,1.7282,0.8503,True
756,left_toe_tip,905.416,462.82,0.8141347304347823,0.3153891739130434,-0.046,0.8418,True
756,right_shoulder,,,,,,0.0171,True
756,right_toe_tip,865.53,528.5780000000001,0.6594791369565216,0.4929440604347829,0.1068000000000001,0.9232,True
757,left_shoulder,984.782,690.384,0.7068030999999998,0.6772872000000001,1.722,0.8388,True
757,left_toe_tip,909.78,460.302,0.8184890608695652,0.3043075460869565,-0.0691999999999998,0.79,True
757,right_shoulder,,,,,,0.0137,True
757,right_toe_tip,865.534,528.2560000000001,0.6587063673913043,0.4914172521739132,0.11,0.9162,True
758,left_shoulder,985.216,687.9399999999999,0.7088935513043478,0.6734176608695651,1.7238,0.8284,True
758,left_toe_tip,914.216,457.852,0.8232441217391304,0.2937687217391304,-0.057,0.657,True
758,right_shoulder,,,,,,0.0144,False
758,right_toe_tip,865.524,527.884,0.6597557539130436,0.4911336930434783,0.1055999999999999,0.9038,True
759,left_shoulder,985.696,685.546,0.7096537669565219,0.6682893213043479,1.7194,0.927,True
759,left_toe_tip,917.742,455.508,0.8274900239130434,0.284551552173913,-0.0525,0.8135,True
759,right_shoulder,,,,,,0.0135,True
759,right_toe_tip,865.5840000000001,527.8340000000001,0.6640996800000002,0.4940887017391306,0.0885999999999999,0.9188,True
760,left_shoulder,985.85,682.684,0.7124510000000001,0.6647290399999999,1.7078,0.9459,True
760,left_toe_tip,920.374,453.33,0.8307603521739131,0.276540847826087,-0.046,0.9022,True
760,right_shoulder,,,,,,0.0172,True
760,right_toe_tip,865.5539999999999,527.7760000000001,0.6659236682608691,0.495340403478261,0.0808000000000001,0.9352,True
761,left_shoulder,985.858,679.3520000000001,0.7170538578260868,0.6621000052173914,1.6956,0.923,True
761,left_toe_tip,923.022,452.426,0.8365145895652172,0.273179107826087,-0.0491999999999998,0.9192,True
761,right_shoulder,,,,,,0.0211,True
761,right_toe_tip,865.4879999999999,527.684,0.6673464417391304,0.4962717339130434,0.0741999999999998,0.9222,True
762,left_shoulder,985.958,675.9599999999999,0.7178628499999999,0.6556169999999999,1.694,0.8883,True
762,left_toe_tip,923.822,450.77,0.8399280186956518,0.2686200021739129,-0.0500999999999999,0.9346,True
762,right_shoulder,,,,,,0.0143,True
762,right_toe_tip,865.4559999999999,527.616,0.6699964173913041,0.4981110260869565,0.063,0.9277,True
763,left_shoulder,986.336,672.6220000000001,0.7206800417391305,0.6505256052173916,1.6886,0.8575,True
763,left_toe_tip,923.734,449.536,0.8400376839130436,0.2650849530434781,-0.0488000000000001,0.9234,True
763,right_shoulder,,,,,,0.013,True
763,right_toe_tip,865.482,527.596,0.6717402886956522,0.4992903443478261,0.0561999999999998,0.9282,True
764,left_shoulder,986.564,668.6940000000001,0.72281196,0.6438283121739132,1.6842,0.9548,True
764,left_toe_tip,923.748,448.646,0.842176400869565,0.2631051821739131,-0.0555999999999999,0.9082,True
764,right_shoulder,,,,,,0.0199,True
764,right_toe_tip,865.534,527.5379999999999,0.6710617082608695,0.4984983926086954,0.0595999999999999,0.9168,True
765,left_shoulder,987.196,665.092,0.725790594782609,0.6377749286956521,1.6798,0.9301,True
765,left_toe_tip,923.64,447.958,0.8418558521739129,0.2610631682608694,-0.0555999999999999,0.8907,True
765,right_shoulder,,,,,,0.0183,True
765,right_toe_tip,865.608,527.49,0.6709876191304346,0.4981371065217391,0.0608000000000001,0.9189,True
766,left_shoulder,988.242,661.826,0.7288099421739129,0.6316693265217391,1.6876,0.867,True
766,left_toe_tip,923.268,447.436,0.8438923200000001,0.2604832486956521,-0.0658000000000001,0.9019,True
766,right_shoulder,,,,,,0.0128,True
766,right_toe_tip,865.74,527.476,0.6722144608695652,0.4987144017391304,0.0574,0.9283,True
767,left_shoulder,989.124,657.924,0.7317183660869567,0.6244098443478261,1.6848,0.8552,True
767,left_toe_tip,922.696,446.828,0.8453839513043475,0.2596534713043477,-0.0651999999999998,0.9019,True
767,right_shoulder,,,,,,0.0129,True
767,right_toe_tip,865.7860000000001,527.4559999999999,0.6701426647826089,0.4970166886956519,0.0664000000000001,0.9259,True
768,left_shoulder,990.238,653.64,0.7353475226086957,0.6165163304347826,1.6764,0.8908,True
768,left_toe_tip,921.862,445.878,0.850365399130435,0.259090192173913,-0.0845999999999999,0.855,True
768,right_shoulder,,,,,,0.0171,True
768,right_toe_tip,865.874,527.494,0.668194215652174,0.4954909460869566,0.0754,0.9353,True
769,left_shoulder,991.198,649.174,0.7404170008695651,0.6096542286956521,1.6634,0.8203,True
769,left_toe_tip,920.838,444.722,0.8519770195652172,0.2570207630434784,-0.089,0.8803,True
769,right_shoulder,,,,,,0.0136,True
769,right_toe_tip,865.99,527.5459999999999,0.6654914217391303,0.4933865469565214,0.0878000000000001,0.9303,True
770,left_shoulder,992.392,644.408,0.7476838956521741,0.6034395826086957,1.651,0.8189,True
770,left_toe_tip,919.842,443.426,0.8557081678260868,0.2551021991304348,-0.0941999999999998,0.9123,True
770,right_shoulder,,,,,,0.0195,True
770,right_toe_tip,866.052,527.54,0.66459288,0.4925675999999999,0.0921999999999998,0.9423,True
771,left_shoulder,993.676,639.382,0.7571741843478262,0.5981204208695651,1.6334000000000002,0.7923,True
771,left_toe_tip,919.0560000000002,441.934,0.8573085634782613,0.2517154973913044,-0.1074,0.914,True
771,right_shoulder,,,,,,0.014,True
771,right_toe_tip,866.1020000000001,527.492,0.6622822495652178,0.4906059147826087,0.1021999999999998,0.9458,True
772,left_shoulder,995.142,634.6279999999999,0.7648677813043478,0.5914651295652172,1.6216,0.8832,True
772,left_toe_tip,918.332,440.676,0.8576256017391304,0.2485873095652175,-0.0988000000000001,0.9032,True
772,right_shoulder,,,,,,0.0238,False
772,right_toe_tip,866.1659999999999,527.4559999999999,0.6621747147826085,0.490282045217391,0.1034,0.9417,True
773,left_shoulder,996.502,629.6320000000001,0.7719043304347827,0.5838118956521741,1.611,0.8712,True
773,left_toe_tip,917.88,439.844,0.8565953043478264,0.2461278086956519,-0.1,0.8911,True
773,right_shoulder,,,,,,0.0146,True
773,right_toe_tip,866.1540000000001,527.3580000000001,0.6615987778260873,0.4895949143478263,0.1055999999999999,0.946,True
774,left_shoulder,998.268,624.9480000000001,0.7785319408695653,0.5757435234782611,1.6038,0.8351,True
774,left_toe_tip,917.646,439.35,0.8565982678260873,0.244812,-0.1024,0.8934,True
774,right_shoulder,,,,,,0.0166,True
774,right_toe_tip,866.2479999999999,527.164,0.6613327408695651,0.48862764,0.1078000000000001,0.9463,True
775,left_shoulder,1000.27,620.496,0.7835872500000002,0.5665787999999999,1.602,0.8941,True
775,left_toe_tip,917.528,439.018,0.8562342121739128,0.243787707826087,-0.1024,0.8831,True
775,right_shoulder,,,,,,0.0156,True
775,right_toe_tip,866.3960000000001,526.904,0.6609286704347829,0.4872508295652173,0.1111999999999998,0.9424,True
776,left_shoulder,1002.218,616.0260000000001,0.7861705460869567,0.555687735652174,1.5867,0.8815,True
776,left_toe_tip,917.432,438.878,0.8552142956521739,0.2431500086956521,-0.1,0.9027,True
776,right_shoulder,,,,,,0.0146,True
776,right_toe_tip,866.5559999999999,526.622,0.6611002582608694,0.4862102404347825,0.1124000000000001,0.9458,True
777,left_shoulder,1004.256,611.7360000000001,0.788455867826087,0.5448989895652177,1.5776,0.9026,True
777,left_toe_tip,917.388,438.822,0.8547168504347831,0.2428745713043478,-0.0988000000000001,0.8886,True
777,right_shoulder,,,,,,0.0134,True
777,right_toe_tip,866.6880000000001,526.38,0.6617811200000003,0.4857210913043478,0.1111999999999998,0.9375,True
778,left_shoulder,1005.954,607.866,0.7893468669565219,0.5346361852173913,1.5846,0.8741,True
778,left_toe_tip,917.424,438.818,0.8537422052173912,0.242553827826087,-0.0951999999999998,0.8899,True
778,right_shoulder,,,,,,0.0149,True
778,right_toe_tip,866.7779999999999,526.2059999999999,0.6615015660869561,0.4848156756521736,0.1134,0.9564,True
779,left_shoulder,1007.858,604.2879999999999,0.7864963978260868,0.5222983652173911,1.602,0.8217,True
779,left_toe_tip,917.388,438.78600000000006,0.8514605565217395,0.2418387652173914,-0.088,0.8821,True
779,right_shoulder,,,,,,0.0115,True
779,right_toe_tip,866.7060000000001,526.11,0.6605030026086961,0.4839578739130435,0.1165999999999999,0.9512,True
780,left_shoulder,1009.074,601.244,0.783640382173913,0.5122239452173913,1.6205999999999998,0.8218,True
780,left_toe_tip,917.296,438.72,0.849369704347826,0.2411227826086955,-0.093,0.8813,True
780,right_shoulder,,,,,,0.0159,True
780,right_toe_tip,866.6380000000001,526.046,0.6595165800000005,0.4831938600000001,0.1198000000000001,0.9341,True
781,left_shoulder,1009.95,598.702,0.7812378913043478,0.5040763539130434,1.6312,0.8734,True
781,left_toe_tip,917.204,438.678,0.848364763478261,0.2407888878260869,-0.0905999999999999,0.8973,True
781,right_shoulder,,,,,,0.0148,True
781,right_toe_tip,866.568,525.99,0.6574904852173913,0.4816957630434784,0.1271999999999998,0.8947,True
782,left_shoulder,1010.582,596.4200000000001,0.7787055678260869,0.4967903739130436,1.6408,0.8775,True
782,left_toe_tip,917.166,438.67,0.8468023834782606,0.2403539521739129,-0.0858000000000001,0.8886,True
782,right_shoulder,,,,,,0.0143,True
782,right_toe_tip,866.64,525.932,0.6547432521739132,0.4793631191304349,0.1391999999999998,0.7817,True
783,left_shoulder,1011.128,594.5260000000001,0.7791267600000001,0.4923516482608697,1.6425999999999998,0.7622,True
783,left_toe_tip,916.978,438.602,0.8447829000000002,0.2397361000000001,-0.047,0.8845,True
783,right_shoulder,,,,,,0.0133,True
783,right_toe_tip,866.766,525.808,0.6537762373913042,0.4780316730434782,0.1445999999999999,0.7652,True
784,left_shoulder,1011.116,592.756,0.7832161147826087,0.4912163582608695,1.6324,0.7255,True
784,left_toe_tip,916.8099999999998,438.546,0.8442704999999995,0.2395652999999999,-0.047,0.8356,True
784,right_shoulder,,,,,,0.0126,True
784,right_toe_tip,866.9200000000001,525.586,0.6531349565217394,0.4765997043478261,0.1315,0.7179,True
785,left_shoulder,1011.528,591.114,0.7861855547826087,0.4890573208695652,1.6272,0.8469,True
785,left_toe_tip,916.72,438.52,0.8408077043478261,0.2385813130434782,-0.0364,0.8735,True
785,right_shoulder,,,,,,0.015,True
785,right_toe_tip,867.182,525.448,0.6533457995652175,0.4758068678260869,0.1361999999999998,0.7844,True
786,left_shoulder,1011.734,589.466,0.7901771852173913,0.4877649017391305,1.6184,0.8847,True
786,left_toe_tip,916.758,438.532,0.8349668530434783,0.2369276295652173,-0.0165999999999999,0.9047,True
786,right_shoulder,,,,,,0.0203,True
786,right_toe_tip,867.5260000000001,525.3399999999999,0.6545824095652176,0.4756759913043476,0.1351999999999998,0.8168,True
787,left_shoulder,1012.21,588.126,0.7965294,0.4881896399999999,1.6102,0.8254,True
787,left_toe_tip,916.676,438.556,0.8294866773913045,0.2355143034782609,0.0008000000000001,0.9053,True
787,right_shoulder,,,,,,0.0105,True
787,right_toe_tip,867.884,525.1940000000001,0.6599718800000001,0.4784161886956524,0.1175999999999999,0.8292,True
788,left_shoulder,1012.868,587.0020000000001,0.8024767826086958,0.4885477826086957,1.599,0.8091,True
788,left_toe_tip,916.708,438.588,0.8274772278260868,0.2350122886956522,0.0078000000000001,0.8574,True
788,right_shoulder,,,,,,0.019,True
788,right_toe_tip,868.358,524.9780000000001,0.6637771343478259,0.4795480082608697,0.1078000000000001,0.7851,True
789,left_shoulder,1013.622,586.23,0.806779853478261,0.4885092586956521,1.5969,0.8096,True
789,left_toe_tip,916.784,438.582,0.8258993878260869,0.2344818547826086,0.0138000000000001,0.886,True
789,right_shoulder,,,,,,0.0151,True
789,right_toe_tip,869.2720000000002,524.95,0.6737107878260874,0.484701989130435,0.0785999999999999,0.882,True
790,left_shoulder,1014.208,585.614,0.8114619130434783,0.4892390543478261,1.589,0.8376,True
790,left_toe_tip,916.828,438.58,0.8284980600000003,0.2351762739130436,0.0055999999999999,0.8961,True
790,right_shoulder,,,,,,0.0145,True
790,right_toe_tip,870.926,524.47,0.6856494147826089,0.4883328826086957,0.0564,0.8364,True
791,left_shoulder,1015.056,585.366,0.8155021982608694,0.490024072173913,1.5836,0.8511,True
791,left_toe_tip,916.8060000000002,438.53,0.833306410434783,0.2364094434782609,-0.0105999999999999,0.9138,True
791,right_shoulder,,,,,,0.0114,True
791,right_toe_tip,873.5154545454545,522.6745454545455,0.7002002438914839,0.4877825179662237,0.0148636363636364,0.7993,True
792,left_shoulder,1015.538,585.216,0.8182646465217394,0.49072608,1.5839,0.9041,True
792,left_toe_tip,916.866,438.454,0.8380011560869564,0.2374597917391304,-0.0255999999999999,0.8785,True
792,right_shoulder,,,,,,0.0118,True
792,right_toe_tip,877.0683636363635,519.5896363636364,0.7132946658138697,0.4801755687315847,-0.0121090909090912,0.6232,True
793,left_shoulder,1016.114,585.292,0.8200102839130432,0.4911855365217391,1.5827,0.9216,True
793,left_toe_tip,916.936,438.424,0.839597707826087,0.2377611095652173,-0.0301999999999998,0.9043,True
793,right_shoulder,,,,,,0.013,True
793,right_toe_tip,881.5367272727271,515.2932727272727,0.7301282936112106,0.469427624965864,-0.0105181818181818,0.1266,True
794,left_shoulder,1016.696,585.5319999999999,0.822507526956522,0.4924442191304346,1.5842,0.9218,True
794,left_toe_tip,916.978,438.432,0.841531419130435,0.238296876521739,-0.0361999999999998,0.7399,True
794,right_shoulder,,,,,,0.0132,True
794,right_toe_tip,886.6245454545455,509.5854545454546,0.7431879583183614,0.4507666029464607,0.0576363636363635,0.2452,True
795,left_shoulder,1017.378,586.086,0.8242427752173915,0.493801313478261,1.5836,0.9302,True
795,left_toe_tip,917.004,438.414,0.8426943426086955,0.2385490252173914,-0.0738000000000001,0.8334,True
795,right_shoulder,,,,,,0.0128,True
795,right_toe_tip,891.931818181818,503.0181818181818,0.7562186601688821,0.4292947933884297,0.0994545454545454,0.0675,True
796,left_shoulder,1018.13,586.97,0.8248988152173916,0.4951399891304349,1.596,0.9374,True
796,left_toe_tip,916.986,438.432,0.8422782973913048,0.2385014817391303,-0.0725999999999999,0.8116,True
796,right_shoulder,,,,,,0.0128,True
796,right_toe_tip,894.5854545454545,499.7345454545455,0.7626872053539343,0.4186168065037728,0.1233636363636364,0.0892,True
797,left_shoulder,1019.078,588.156,0.8269668978260871,0.4977272739130434,1.596,0.9469,True
797,left_toe_tip,916.91,438.458,0.84240837826087,0.2386828808695651,-0.0398000000000001,0.8183,True
797,right_shoulder,,,,,,0.0119,True
797,right_toe_tip,897.2390909090908,496.45090909090914,0.7691245467121807,0.4079774315486885,0.1637727272727279,0.1664,True
798,left_shoulder,1020.312,589.4799999999999,0.8294108660869564,0.5004659478260868,1.5966,0.9766,True
798,left_toe_tip,916.782,438.468,0.8431020399999998,0.2390203513043479,-0.0434,0.8569,True
798,right_shoulder,,,,,,0.012,True
798,right_toe_tip,899.892727272727,493.1672727272727,0.775530684243621,0.3973766685231762,0.1656818181818189,0.071,True
799,left_shoulder,1021.596,590.878,0.8314645017391301,0.503063085652174,1.5984,0.9477,True
799,left_toe_tip,916.644,438.438,0.84196,0.2387243478260869,-0.041,0.9122,True
799,right_shoulder,,,,,,0.0157,False
799,right_toe_tip,902.5463636363636,489.8836363636364,0.7819056179482571,0.3868145174272367,0.146090909090909,0.0239,True
800,left_shoulder,1022.82,592.116,0.8333824956521738,0.50530644,1.6052,0.8754,True
800,left_toe_tip,916.472,438.416,0.8396334434782609,0.2381459826086956,-0.035,0.9164,True
800,right_shoulder,,,,,,0.0164,False
800,right_toe_tip,,,,,,0.0243,True
801,left_shoulder,1023.97,593.058,0.8353851652173913,0.507053144347826,1.6064,0.8316,True
801,left_toe_tip,916.202,438.44,0.8413353095652174,0.238935060869565,-0.0434,0.9106,True
801,right_shoulder,,,,,,0.0173,False
801,right_toe_tip,934.39,450.48,0.8559709239130433,0.2630804347826087,-0.058,0.0233,True
802,left_shoulder,1025.24,593.792,0.8381482434782608,0.5086500730434783,1.6064,0.8616,True
802,left_toe_tip,915.896,438.382,0.8422025286956525,0.2392695747826085,-0.0494,0.9153,True
802,right_shoulder,,,,,,0.0166,False
802,right_toe_tip,936.52,445.64,0.9219515869565216,0.2662752391304347,-0.2695,0.0232,True
803,left_shoulder,1026.3539999999998,594.5,0.8390600999999996,0.5092728260869566,1.615,0.8604,True
803,left_toe_tip,915.676,438.24,0.8433288417391305,0.2393463652173911,-0.0554,0.9023,True
803,right_shoulder,,,,,,0.0169,False
803,right_toe_tip,937.9966666666666,440.4016666666666,0.9167176443236712,0.2473370836352656,-0.2941666666666665,0.3757,True
804,left_shoulder,1027.536,595.1080000000001,0.8401106504347828,0.5096732556521741,1.6285999999999998,0.8843,True
804,left_toe_tip,915.492,438.2320000000001,0.8449219860869565,0.2399341426086959,-0.0625999999999999,0.8839,True
804,right_shoulder,,,,,,0.0205,True
804,right_toe_tip,939.31,435.06375,0.8933346154891303,0.2240387766644022,-0.241375,0.8068,True
805,left_shoulder,1028.688,595.664,0.8428614782608693,0.5110322608695652,1.633,0.8827,True
805,left_toe_tip,915.386,438.226,0.8474704817391306,0.240732012173913,-0.0551999999999998,0.8568,True
805,right_shoulder,,,,,,0.0156,True
805,right_toe_tip,939.66,429.443,0.8769940760869567,0.2032339972826088,-0.197,0.842,False
806,left_shoulder,1030.112,596.24,0.8439140243478263,0.511048747826087,1.6378,0.8807,True
806,left_toe_tip,915.386,438.02,0.8463928843478262,0.2397927739130434,-0.0515999999999999,0.8729,True
806,right_shoulder,,,,,,0.0162,True
806,right_toe_tip,940.684,418.503,0.8702513986956519,0.169321671847826,-0.1696999999999998,0.8764,True
807,left_shoulder,1031.62,596.764,0.8429194826086959,0.5096087747826087,1.6628,0.8722,True
807,left_toe_tip,915.198,437.932,0.8458150704347825,0.2395223078260868,-0.0515999999999999,0.8807,True
807,right_shoulder,,,,,,0.0163,True
807,right_toe_tip,940.818,407.205,0.8353912045652174,0.1310913635869566,-0.0899,0.8199,True
808,left_shoulder,1033.286,597.164,0.8439404578260871,0.5089230095652174,1.6738,0.9322,True
808,left_toe_tip,915.008,437.956,0.8452311095652174,0.2395960713043478,-0.0515999999999999,0.8876,True
808,right_shoulder,,,,,,0.0156,True
808,right_toe_tip,940.086,396.03,0.814994434347826,0.0978527804347825,-0.0740999999999999,0.9019,True
809,left_shoulder,1034.8919999999998,597.39,0.8458414947826083,0.5084790586956521,1.6824,0.9382,True
809,left_toe_tip,914.916,437.842,0.8453069356521739,0.2393472278260869,-0.0528000000000001,0.9526,True
809,right_shoulder,,,,,,0.0192,True
809,right_toe_tip,938.63,385.61,0.8148054630434786,0.0698763282608695,-0.1041999999999998,0.8979,True
810,left_shoulder,1036.092,597.46,0.8428148904347829,0.5052735826086957,1.6954,0.9275,True
810,left_toe_tip,914.874,437.708,0.8451777947826088,0.2389352069565216,-0.0528000000000001,0.9166,True
810,right_shoulder,,,,,,0.0193,True
810,right_toe_tip,937.4439999999998,375.81000000000006,0.8162251330434778,0.0433847021739132,-0.1095999999999999,0.9047,True
811,left_shoulder,1037.136,597.376,0.8484033634782607,0.5071073808695652,1.6976,0.9255,True
811,left_toe_tip,914.966,437.71400000000006,0.844743372173913,0.238750923478261,-0.0504,0.8429,True
811,right_shoulder,,,,,,0.017,True
811,right_toe_tip,936.414,367.316,0.8205512773913043,0.020252596521739,-0.1178000000000001,0.8701,True
812,left_shoulder,1037.808,597.11,0.8539035199999999,0.5089617695652173,1.6882,0.9375,True
812,left_toe_tip,915.282,437.676,0.8449960521739127,0.238431547826087,-0.048,0.7726,True
812,right_shoulder,,,,,,0.0256,True
812,right_toe_tip,935.274,359.67,0.8261253,-0.0009232826086957,-0.123,0.9242,True
813,left_shoulder,1038.346,596.576,0.85843563,0.50982128,1.6804,0.9201,True
813,left_toe_tip,915.54,437.576,0.8447098,0.2378210330434783,-0.0614,0.7235,True
813,right_shoulder,,,,,,0.0261,True
813,right_toe_tip,934.16,353.448,0.8335599130434785,-0.0185663739130435,-0.123,0.9451,True
814,left_shoulder,1038.8260000000002,595.936,0.8623311730434788,0.5101346643478262,1.6738,0.9203,True
814,left_toe_tip,915.736,437.512,0.8449510121739133,0.2375237286956521,-0.0601999999999998,0.6506,True
814,right_shoulder,,,,,,0.0228,True
814,right_toe_tip,933.11,347.838,0.8377848434782609,-0.0347621686956522,-0.1340999999999999,0.9478,True
815,left_shoulder,1039.596,595.1859999999999,0.8688606939130435,0.5113761678260867,1.6726,0.9021,True
815,left_toe_tip,915.76,437.478,0.8443051826086956,0.2372174243478259,-0.0578000000000001,0.6926,True
815,right_shoulder,,,,,,0.0186,False
815,right_toe_tip,932.058,343.95,0.8426508208695651,-0.0463077391304348,-0.1564000000000001,0.9368,True
816,left_shoulder,1040.152,594.2,0.8703306000000001,0.5093850000000001,1.672,0.8849,True
816,left_toe_tip,915.66,437.45200000000006,0.8450776782608699,0.2374408921739132,-0.0614,0.7357,True
816,right_shoulder,,,,,,0.0181,False
816,right_toe_tip,931.058,340.83399999999995,0.8421699956521739,-0.0554564043478262,-0.1715,0.9534,True
817,left_shoulder,1040.78,592.788,0.8722192565217392,0.5066175365217391,1.6708,0.8853,True
817,left_toe_tip,915.52,437.424,0.8446484869565221,0.2373550539130434,-0.0614,0.7789,True
817,right_shoulder,,,,,,0.0183,True
817,right_toe_tip,930.05,338.998,0.841964706521739,-0.0609651534782609,-0.1705999999999999,0.9373,True
818,left_shoulder,1041.16,591.102,0.876011347826087,0.5046564326086955,1.664,0.8845,True
818,left_toe_tip,915.352,437.398,0.8452109217391306,0.237578208695652,-0.048,0.7463,True
818,right_shoulder,,,,,,0.0211,True
818,right_toe_tip,929.342,337.674,0.8440609343478261,-0.0651288247826087,-0.1883000000000002,0.9177,True
819,left_shoulder,1041.916,589.1400000000001,0.8766137452173911,0.4997742652173914,1.6614,0.9654,True
819,left_toe_tip,915.22,437.392,0.8448057391304348,0.2375597913043478,-0.048,0.8211,True
819,right_shoulder,,,,,,0.0323,True
819,right_toe_tip,928.678,337.17,0.8448851986956525,-0.0668174543478262,-0.1830999999999999,0.8948,True
820,left_shoulder,1042.616,586.876,0.8755147495652172,0.4933566582608694,1.6724,0.9552,True
820,left_toe_tip,915.204,437.392,0.8454745495652175,0.2377616834782608,-0.0504,0.8165,True
820,right_shoulder,,,,,,0.0208,True
820,right_toe_tip,928.116,336.746,0.8459962634782608,-0.0682808213043478,-0.1969000000000001,0.8704,True
821,left_shoulder,1043.556,584.5840000000001,0.8778220295652175,0.4885190226086957,1.6718,0.9464,True
821,left_toe_tip,915.094,437.342,0.845854246956522,0.2378098365217391,-0.0528000000000001,0.7783,True
821,right_shoulder,,,,,,0.0122,True
821,right_toe_tip,927.566,336.518,0.8492574152173914,-0.0693484717391305,-0.2125,0.9007,True
822,left_shoulder,1044.802,582.0800000000002,0.881412354782609,0.4835550608695655,1.6698,0.9237,True
822,left_toe_tip,915.04,437.274,0.846046956521739,0.2377015434782609,-0.054,0.7396,True
822,right_shoulder,,,,,,0.0125,True
822,right_toe_tip,927.09,336.28799999999995,0.8524076565217388,-0.0704040208695653,-0.2145999999999999,0.9097,True
823,left_shoulder,1046.358,579.032,0.8815318439130434,0.4751565930434783,1.6777,0.8468,True
823,left_toe_tip,915.036,437.232,0.8460346521739133,0.2375723478260868,-0.054,0.759,True
823,right_shoulder,,,,,,0.0381,True
823,right_toe_tip,926.734,336.012,0.8527843160869566,-0.0713434408695652,-0.2191999999999998,0.9289,True
824,left_shoulder,1047.562,575.546,0.8825489308695654,0.466750805652174,1.6863,0.8544,True
824,left_toe_tip,914.9779999999998,437.154,0.8451389052173908,0.2371311417391304,-0.0515999999999999,0.7449,True
824,right_shoulder,,,,,,0.0191,False
824,right_toe_tip,926.5,335.628,0.8538322826086957,-0.0726338582608696,-0.2248000000000002,0.8934,True
825,left_shoulder,1049.2800000000002,571.7560000000001,0.8902729739130439,0.4606153339130436,1.6718,0.9924,True
825,left_toe_tip,914.802,437.05,0.8445979730434783,0.2368115,-0.0515999999999999,0.6527,True
825,right_shoulder,,,,,,0.0164,False
825,right_toe_tip,926.3060000000002,335.13800000000003,0.8590424808695658,-0.0745968095652172,-0.2484000000000001,0.8947,True
826,left_shoulder,1050.86,567.3219999999999,0.8926380086956519,0.4504295799999997,1.6642,0.9065,True
826,left_toe_tip,914.722,436.966,0.843635428695652,0.2363525469565217,-0.0491999999999998,0.5439,True
826,right_shoulder,,,,,,0.017,False
826,right_toe_tip,926.028,334.15,0.8607577399999999,-0.0777916413043478,-0.2450999999999999,0.903,True
827,left_shoulder,1052.5120000000002,562.4240000000001,0.8923710678260873,0.4378959182608697,1.6628,0.9252,True
827,left_toe_tip,914.682,436.93,0.8427960321739131,0.2360413086956521,-0.0468000000000001,0.6469,True
827,right_shoulder,,,,,,0.0227,False
827,right_toe_tip,925.688,333.168,0.8622809113043483,-0.0809859756521738,-0.2533000000000002,0.9097,True
828,left_shoulder,1053.912,557.566,0.8953996330434784,0.4273867969565217,1.6678,0.9963,True
828,left_toe_tip,914.566,436.89,0.8424401139130435,0.2359185782608697,-0.0468000000000001,0.6221,True
828,right_shoulder,,,,,,0.0236,True
828,right_toe_tip,925.108,332.4,0.8656126799999997,-0.083796,-0.2696999999999998,0.9489,True
829,left_shoulder,1055.78,552.492,0.8973617043478259,0.4154479513043477,1.6979000000000002,0.8878,True
829,left_toe_tip,914.372,436.85,0.8422027478260867,0.2358960869565217,-0.048,0.5758,True
829,right_shoulder,,,,,,0.022,False
829,right_toe_tip,924.424,331.692,0.86180472,-0.0857732399999999,-0.2515999999999999,0.9407,True
830,left_shoulder,1057.1619999999998,546.716,0.8962634882608691,0.4011552669565217,1.7069,0.8875,True
830,left_toe_tip,914.248,436.814,0.8411066921739129,0.2355851982608695,-0.0455999999999999,0.5879,True
830,right_shoulder,,,,,,0.0274,False
830,right_toe_tip,923.762,331.03000000000003,0.8579482382608694,-0.0875901652173912,-0.2455999999999999,0.9379,True
831,left_shoulder,1058.898,540.892,0.8991736634782611,0.3882886104347827,1.6932,0.9677,True
831,left_toe_tip,914.062,436.78,0.8405362382608699,0.2354809217391305,-0.0455999999999999,0.8121,True
831,right_shoulder,,,,,,0.0163,False
831,right_toe_tip,923.266,330.736,0.8553401608695651,-0.0883645565217391,-0.242,0.9546,True
832,left_shoulder,1061.084,535.076,0.9003874400000003,0.37435816,1.6858,0.8947,True
832,left_toe_tip,913.742,436.696,0.840625976521739,0.2355234121739131,-0.0251999999999998,0.7968,True
832,right_shoulder,,,,,,0.0246,False
832,right_toe_tip,922.974,330.584,0.8563039304347824,-0.0890153739130434,-0.2305,0.9483,True
833,left_shoulder,1063.726,529.104,0.8995887208695655,0.3590151443478262,1.7048,0.8729,True
833,left_toe_tip,913.526,436.64400000000006,0.8396058956521741,0.2352637565217393,-0.024,0.7149,True
833,right_shoulder,,,,,,0.016,False
833,right_toe_tip,922.8682666666666,330.37333333333333,0.8563775280231881,-0.0896940892753623,-0.2317799999999997,0.9532,True
834,left_shoulder,1066.0120000000002,523.094,0.9036084965217396,0.3459365560869566,1.7116,1.0,True
834,left_toe_tip,913.386,436.622,0.8395327469565219,0.2352961678260869,-0.0251999999999998,0.7383,True
834,right_shoulder,,,,,,0.02,False
834,right_toe_tip,922.8868,330.192,0.863985484904348,-0.091038816,-0.2563400000000001,0.9573,True
835,left_shoulder,1068.614,517.446,0.9054004865217392,0.3325875613043479,1.7246,0.9272,True
835,left_toe_tip,913.168,436.554,0.8395759095652174,0.2352870547826086,-0.0275999999999999,0.7921,True
835,right_shoulder,,,,,,0.0257,True
835,right_toe_tip,922.8976,330.06,0.8670442443130432,-0.0917621947826086,-0.2661799999999998,0.9619,False
836,left_shoulder,1071.5700000000002,511.69,0.9053588043478265,0.3182192391304346,1.718,0.9009,True
836,left_toe_tip,913.014,436.4620000000001,0.8383903834782604,0.2348048286956524,-0.0251999999999998,0.7676,True
836,right_shoulder,,,,,,0.0191,False
836,right_toe_tip,922.9026666666666,330.0133333333333,0.8704792052173911,-0.0922676695652174,-0.2773000000000001,0.9454,False
837,left_shoulder,1073.626,506.23,0.9096719347826084,0.3067651086956522,1.713,0.9297,True
837,left_toe_tip,912.998,436.388,0.8379851652173911,0.234477947826087,-0.024,0.7219,True
837,right_shoulder,,,,,,0.0157,False
837,right_toe_tip,922.834,329.98,0.8703908921739132,-0.0923832869565218,-0.2776999999999998,0.9425,False
838,left_shoulder,1075.628,500.744,0.9128300634782608,0.2949198730434781,1.7202,0.9282,True
838,left_toe_tip,912.828,436.254,0.837463339130435,0.2340666260869565,-0.024,0.7346,True
838,right_shoulder,,,,,,0.0208,True
838,right_toe_tip,922.7996666666668,329.9633333333333,0.8703467132608695,-0.0924411065217392,-0.2779000000000001,0.9423,False
839,left_shoulder,1077.622,495.53,0.9128224108695654,0.2826979021739131,1.734,0.916,True
839,left_toe_tip,912.556,436.15,0.8352063860869563,0.2333500869565216,-0.0191999999999998,0.8006,True
839,right_shoulder,,,,,,0.0351,False
839,right_toe_tip,922.7653333333332,329.94666666666666,0.8703025194202897,-0.0924989333333333,-0.2780999999999999,0.9493,False
840,left_shoulder,1079.052,490.358,0.914468959130435,0.2715130430434783,1.7218,0.9608,True
840,left_toe_tip,911.958,436.19,0.8319549947826086,0.2330751478260867,0.0035999999999999,0.852,True
840,right_shoulder,,,,,,0.0244,True
840,right_toe_tip,922.731,329.92999999999995,0.870258310652174,-0.0925567673913045,-0.2783000000000001,0.94,False
841,left_shoulder,1080.574,485.444,0.9168728047826088,0.2610598721739129,1.6984,0.9282,True
841,left_toe_tip,910.424,436.824,0.8254986539130434,0.2345136104347824,0.0215999999999999,0.8599,True
841,right_shoulder,,,,,,0.0241,False
841,right_toe_tip,922.6966666666666,329.9133333333333,0.8702140869565215,-0.0926146086956522,-0.2785,0.9428,False
842,left_shoulder,1081.716,480.562,0.9157924982608694,0.2499564769565217,1.6956,0.8492,True
842,left_toe_tip,908.684,437.7720000000001,0.8173834556521739,0.2365959495652175,0.0311999999999998,0.9148,True
842,right_shoulder,,,,,,0.035,True
842,right_toe_tip,,,,,,0.9434,False
843,left_shoulder,1082.84,476.23,0.9147534086956524,0.2400907521739131,1.6976,0.9884,True
843,left_toe_tip,906.852,439.08600000000007,0.8100698539130438,0.2400775878260871,0.0371999999999998,0.791,True
843,right_shoulder,,,,,,0.0241,True
843,right_toe_tip,,,,,,0.9525,False
844,left_shoulder,1083.302,471.946,0.9172496600000004,0.2316308756521739,1.6894,0.944,True
844,left_toe_tip,904.978,440.374,0.8040354182608698,0.2438826721739129,0.0384,0.7929,True
844,right_shoulder,,,,,,0.0248,False
844,right_toe_tip,,,,,,0.9563,False
845,left_shoulder,1084.444,467.966,0.9157478765217392,0.2224569017391304,1.6884,0.9428,True
845,left_toe_tip,903.444,441.46,0.7993807286956524,0.2471779739130435,0.0444,0.8209,True
845,right_shoulder,,,,,,0.0218,False
845,right_toe_tip,,,,,,0.9428,False
846,left_shoulder,1084.476,464.05,0.914461057391304,0.2140715652173913,1.6862,0.9105,True
846,left_toe_tip,902.842,441.504,0.7958970039130435,0.2467976556521739,0.0501999999999998,0.854,True
846,right_shoulder,,,,,,0.0275,False
846,right_toe_tip,,,,,,0.9441,False
847,left_shoulder,1084.8080000000002,460.42,0.9137903478260874,0.206297608695652,1.684,0.9755,True
847,left_toe_tip,902.476,441.06000000000006,0.79416108,0.2452593652173914,0.0524,0.8869,True
847,right_shoulder,,,,,,0.0182,False
847,right_toe_tip,922.01,329.58,0.8693264782608695,-0.0937729565217391,-0.2825,0.9206,False
848,left_shoulder,1085.1439999999998,456.822,0.9144806086956516,0.1989060652173913,1.684,0.9335,True
848,left_toe_tip,902.378,440.318,0.7938645660869562,0.2430143313043479,0.0524,0.8445,True
848,right_shoulder,,,,,,0.0341,True
848,right_toe_tip,921.9825,329.54999999999995,0.8692417065217389,-0.0938654347826088,-0.2825,0.941,False
849,left_shoulder,1085.316,453.37,0.9119297217391304,0.1912055217391304,1.695,0.9309,True
849,left_toe_tip,902.3,439.50200000000007,0.7912906739130434,0.2398367943478263,0.0665999999999999,0.8537,True
849,right_shoulder,,,,,,0.0327,False
849,right_toe_tip,921.955,329.52,0.8691569347826085,-0.0939579130434783,-0.2825,0.9471,True
850,left_shoulder,1085.7679999999998,449.898,0.913339869565217,0.1841931847826086,1.694,0.9026,True
850,left_toe_tip,902.198,438.5220000000001,0.7883039869565217,0.2360781000000001,0.076,0.8367,True
850,right_shoulder,,,,,,0.0194,False
850,right_toe_tip,921.9275,329.49,0.8690721630434782,-0.0940503913043478,-0.2825,0.9368,False
851,left_shoulder,1086.264,446.592,0.9107666156521737,0.1767229773913043,1.7014,0.9546,True
851,left_toe_tip,902.126,438.112,0.7914495682608695,0.2358472973913042,0.0641999999999998,0.8406,True
851,right_shoulder,,,,,,0.0171,False
851,right_toe_tip,921.9,329.46,0.8689873913043477,-0.0941428695652174,-0.2825,0.9235,False
852,left_shoulder,1086.958,443.3440000000001,0.9083935526086958,0.1693876208695653,1.7092,0.9177,True
852,left_toe_tip,901.694,436.848,0.7907710000000001,0.232214608695652,0.074,0.8328,True
852,right_shoulder,,,,,,0.0191,True
852,right_toe_tip,921.841,329.441,0.8689893267391303,-0.0942213689130435,-0.2830999999999999,0.9307,False
853,left_shoulder,1087.386,440.3,0.9069292282608696,0.1627820652173913,1.709,0.8725,True
853,left_toe_tip,901.522,435.338,0.7909334921739128,0.2278483165217391,0.0715999999999999,0.7776,True
853,right_shoulder,,,,,,0.0408,True
853,right_toe_tip,921.778,329.463,0.8691626178260866,-0.0941933680434781,-0.2843000000000001,0.9185,True
854,left_shoulder,1088.058,437.488,0.9057589873913044,0.1566436765217391,1.7042,0.9041,True
854,left_toe_tip,901.948,432.834,0.7948982895652174,0.2210195230434783,0.0621999999999998,0.6917,True
854,right_shoulder,,,,,,0.0426,False
854,right_toe_tip,921.672,329.457,0.8644881078260866,-0.0937404508695652,-0.2700999999999999,0.9173,False
855,left_shoulder,1087.696,435.28,0.9024967408695654,0.1517546608695652,1.7049,0.8928,True
855,left_toe_tip,903.082,427.90199999999993,0.7993117460869565,0.2063039895652171,0.0408000000000001,0.7058,True
855,right_shoulder,,,,,,0.0208,False
855,right_toe_tip,921.583,329.457,0.856379602173913,-0.0928905586956522,-0.2445,0.9247,True
856,left_shoulder,1087.726,433.3059999999999,0.9012919043478264,0.1475681652173911,1.7025,0.8587,True
856,left_toe_tip,903.602,421.916,0.7968803069565219,0.1871747599999999,0.0158000000000001,0.7726,True
856,right_shoulder,,,,,,0.0247,False
856,right_toe_tip,921.449,329.421,0.851260855869565,-0.0924881797826087,-0.2165999999999999,0.9176,True
857,left_shoulder,1087.596,431.458,0.9002517808695653,0.1437237860869564,1.6901,0.8765,True
857,left_toe_tip,904.154,415.502,0.7979173543478264,0.1676522369565216,-0.026,0.901,True
857,right_shoulder,,,,,,0.0297,False
857,right_toe_tip,921.3,329.19,0.8484252608695653,-0.0929256391304348,-0.2038000000000001,0.9115,True
858,left_shoulder,1087.372,429.62000000000006,0.8987314460869567,0.1398605260869566,1.6688,0.9262,True
858,left_toe_tip,902.814,406.298,0.7911844069565217,0.1393771095652173,-0.0390999999999999,0.8858,True
858,right_shoulder,,,,,,0.0316,False
858,right_toe_tip,921.1,328.724,0.8463554347826088,-0.0941679565217391,-0.199,0.9019,True
859,left_shoulder,1087.556,427.88,0.8963768321739131,0.1359518347826087,1.6694,0.9629,True
859,left_toe_tip,899.924,395.234,0.7818061878260868,0.1059777443478262,-0.0141999999999998,0.7501,True
859,right_shoulder,,,,,,0.0264,False
859,right_toe_tip,920.734,328.284,0.8397608347826087,-0.0948722086956521,-0.181,0.8603,True
860,left_shoulder,1087.966,426.082,0.894958160869565,0.1320203434782608,1.66,0.9236,True
860,left_toe_tip,895.3620000000001,384.078,0.7684175660869569,0.0724538426086957,0.0020999999999999,0.7771,True
860,right_shoulder,,,,,,0.0309,False
860,right_toe_tip,920.314,327.81,0.835152906521739,-0.0959052065217391,-0.17,0.8821,True
861,left_shoulder,1088.018,424.422,0.8935037243478261,0.1284798756521739,1.6542,0.8696,True
861,left_toe_tip,890.7299999999999,371.028,0.7592758478260867,0.0333956608695651,0.02,0.957,True
861,right_shoulder,,,,,,0.0217,False
861,right_toe_tip,919.968,326.972,0.8226798817391308,-0.09705206,-0.1124000000000001,0.8727,True
862,left_shoulder,1088.2040000000002,422.978,0.8924131382608699,0.1253946743478259,1.6572,0.8899,True
862,left_toe_tip,885.542,357.072,0.7486895852173914,-0.0089278539130434,0.0248000000000001,0.9493,True
862,right_shoulder,,,,,,0.0299,True
862,right_toe_tip,919.1,329.302,0.8079338260869565,-0.088864036521739,-0.0921999999999998,0.8464,True
863,left_shoulder,1088.2,421.662,0.8896770000000002,0.1223990699999999,1.6538,0.8804,True
863,left_toe_tip,882.7959999999999,343.308,0.7443808669565215,-0.0511754947826087,0.0214,0.8778,True
863,right_shoulder,,,,,,0.028,False
863,right_toe_tip,917.746,334.84000000000003,0.7924817934782605,-0.0717880434782607,-0.059,0.7316,True
864,left_shoulder,1087.632,420.098,0.8887441426086957,0.1193206595652173,1.6394000000000002,0.9081,True
864,left_toe_tip,880.2119999999999,328.598,0.7383385799999997,-0.0965201908695653,0.0081999999999998,0.9488,True
864,right_shoulder,,,,,,0.0192,False
864,right_toe_tip,918.0939999999998,338.36,0.7948047430434777,-0.0618480608695651,-0.0684,0.0766,True
865,left_shoulder,1086.802,418.086,0.887290493478261,0.1153512195652173,1.6295,0.8717,True
865,left_toe_tip,878.6779999999999,314.178,0.7358027647826083,-0.1412612569565217,-0.0001999999999998,0.6127,True
865,right_shoulder,,,,,,0.0288,False
865,right_toe_tip,918.08,340.658,0.7960946782608694,-0.055372782173913,-0.0678000000000001,0.4728,True
866,left_shoulder,1085.802,415.744,0.8855953643478263,0.1107366678260868,1.6199,0.8797,True
866,left_toe_tip,877.702,300.302,0.7312436960869565,-0.1836492169565216,-0.0091999999999998,0.9183,True
866,right_shoulder,,,,,,0.0192,False
866,right_toe_tip,917.962,342.93,0.8030080473913048,-0.0493137456521739,-0.0868000000000001,0.7982,True
867,left_shoulder,1084.264,413.12,0.8827332521739133,0.1055471304347826,1.6195,1.0,True
867,left_toe_tip,877.982,287.42600000000004,0.7250690717391303,-0.2211140456521737,-0.024,0.9206,True
867,right_shoulder,,,,,,0.0301,False
867,right_toe_tip,918.446,341.946,0.8120332804347823,-0.052650958695652,-0.117,0.9136,True
868,left_shoulder,1082.1920000000002,410.192,0.8801543373913048,0.0999039026086956,1.6348,0.9723,True
868,left_toe_tip,878.368,276.28000000000003,0.7159331060869567,-0.2514511999999999,-0.0211999999999998,0.9313,True
868,right_shoulder,,,,,,0.0178,False
868,right_toe_tip,919.456,337.758,0.8219651478260867,-0.0654204913043478,-0.1525,0.9004,True
869,left_shoulder,1080.44,407.142,0.876667095652174,0.0938330765217391,1.6668,0.9269,True
869,left_toe_tip,879.4219999999999,265.886,0.706138755217391,-0.2775749213043477,-0.0384,0.8702,True
869,right_shoulder,,,,,,0.0163,True
869,right_toe_tip,919.024,335.39,0.8213617356521739,-0.07244435,-0.1546999999999998,0.906,True
870,left_shoulder,1078.476,404.006,0.8719953147826085,0.0875145408695652,1.6824,0.9273,True
870,left_toe_tip,880.3100000000001,257.72799999999995,0.6937122804347828,-0.2952325843478263,-0.0388000000000001,0.965,True
870,right_shoulder,,,,,,0.0335,True
870,right_toe_tip,918.998,334.054,0.8253488660869563,-0.0767550365217392,-0.1655999999999999,0.9444,True
871,left_shoulder,1076.416,400.6,0.8674242365217391,0.0806969130434783,1.6974,0.8962,True
871,left_toe_tip,881.3040000000001,251.44,0.6827329478260873,-0.307154,-0.077,0.9498,True
871,right_shoulder,,,,,,0.0852,True
871,right_toe_tip,919.098,332.794,0.8294064478260869,-0.0808491347826087,-0.168,0.9765,True
872,left_shoulder,1074.346,397.14,0.8620823869565218,0.0737148260869565,1.705,0.9314,True
872,left_toe_tip,881.778,246.37600000000003,0.6759797517391304,-0.3176778834782607,-0.0386999999999998,0.9625,True
872,right_shoulder,,,,,,0.0925,True
872,right_toe_tip,919.148,331.67600000000004,0.8295550347826084,-0.0841715391304346,-0.1655,0.9312,True
873,left_shoulder,1072.3719999999998,393.71,0.8581644260869562,0.0669070217391303,1.6955,0.8918,True
873,left_toe_tip,881.5220000000002,242.13,0.6742139134782613,-0.3290366673913042,-0.0021999999999998,0.9638,True
873,right_shoulder,,,,,,0.0379,True
873,right_toe_tip,919.254,330.678,0.8288380134782606,-0.0870289708695652,-0.1595999999999999,0.8899,True
874,left_shoulder,1069.554,390.15,0.8528514526086959,0.0598608586956521,1.6624,0.9039,True
874,left_toe_tip,881.226,240.92800000000005,0.677163334347826,-0.3342558121739129,-0.0165999999999999,0.9274,True
874,right_shoulder,,,,,,0.1428,False
874,right_toe_tip,919.31,329.898,0.8334974717391306,-0.089828294347826,-0.1744,0.8969,True
875,left_shoulder,1066.7760000000003,385.95,0.8488203530434788,0.0516122934782608,1.6222,0.9197,True
875,left_toe_tip,880.8880000000001,239.96,0.6837553513043483,-0.3407309304347827,-0.0454,0.955,True
875,right_shoulder,,,,,,0.1084,False
875,right_toe_tip,919.424,329.42400000000004,0.8362674365217391,-0.0915086504347825,-0.1824000000000001,0.8678,True
876,left_shoulder,1063.7779999999998,381.946,0.8430418430434778,0.0436582273913044,1.6128,0.8913,True
876,left_toe_tip,880.482,239.37,0.6907061269565218,-0.3464703391304349,-0.0589,0.9218,True
876,right_shoulder,,,,,,0.0306,True
876,right_toe_tip,919.458,329.35200000000003,0.8363691926086956,-0.0917241339130433,-0.1824000000000001,0.8724,True
877,left_shoulder,1059.9119999999998,377.61800000000005,0.8379070104347822,0.0351555700000001,1.5892,0.9376,True
877,left_toe_tip,880.0040000000001,238.696,0.6979420669565222,-0.3527573060869565,-0.0944000000000001,0.9347,True
877,right_shoulder,,,,,,0.0153,True
877,right_toe_tip,919.432,329.432,0.8373240626086957,-0.0915976765217392,-0.1858000000000002,0.8977,True
878,left_shoulder,1056.12,372.342,0.8303403217391305,0.0246276560869564,1.5542,0.9075,True
878,left_toe_tip,878.952,238.168,0.7034539095652175,-0.3586628139130435,-0.1199,0.9299,True
878,right_shoulder,,,,,,0.0473,True
878,right_toe_tip,919.41,329.73,0.8393233434782611,-0.0909284478260869,-0.1925999999999999,0.9057,True
879,left_shoulder,1052.646,366.928,0.824036120869565,0.0138349147826086,1.5313,0.9035,True
879,left_toe_tip,877.8459999999999,237.47,0.7036105147826084,-0.3624757043478262,-0.1405999999999999,0.9534,True
879,right_shoulder,,,,,,0.016,True
879,right_toe_tip,919.386,329.966,0.8337242656521742,-0.0896253734782608,-0.1744,0.9011,True
880,left_shoulder,1048.636,361.982,0.8166501626086956,0.0039609839130434,1.5254,0.947,True
880,left_toe_tip,876.926,236.63,0.7014554769565219,-0.3652556586956523,-0.1328000000000002,0.9822,True
880,right_shoulder,,,,,,0.0145,True
880,right_toe_tip,919.326,330.038,0.8280194208695653,-0.0888177895652173,-0.1561999999999998,0.9223,True
881,left_shoulder,1045.034,356.288,0.8090113895652171,-0.0074143165217391,1.5439,0.9431,True
881,left_toe_tip,876.0939999999998,235.806,0.6979143939130429,-0.3671282634782609,-0.1310999999999999,0.9827,True
881,right_shoulder,,,,,,0.0106,True
881,right_toe_tip,919.528,329.932,0.8269167443478258,-0.088948987826087,-0.1505999999999999,0.932,True
882,left_shoulder,1042.114,350.724,0.8031790069565218,-0.0185278017391304,1.5439,0.8548,True
882,left_toe_tip,875.392,235.022,0.6967091478260871,-0.3699077108695651,-0.1345,0.985,True
882,right_shoulder,,,,,,0.0173,True
882,right_toe_tip,919.724,329.908,0.8260979434782607,-0.0888695260869564,-0.146,0.919,True
883,left_shoulder,1038.638,345.624,0.7972759999999999,-0.028752,1.5415,0.9191,True
883,left_toe_tip,875.048,234.268,0.6902235617391305,-0.3692147513043479,-0.1355999999999999,0.9881,True
883,right_shoulder,,,,,,0.0129,True
883,right_toe_tip,919.72,329.74999999999994,0.8196404086956522,-0.0886390760869566,-0.1248000000000001,0.9324,True
884,left_shoulder,1035.194,339.966,0.7899584413043478,-0.0400462239130434,1.525,0.9459,True
884,left_toe_tip,874.994,233.622,0.6878172208695653,-0.3699029113043479,-0.1268000000000002,0.9749,True
884,right_shoulder,,,,,,0.016,True
884,right_toe_tip,919.724,329.544,0.8186791765217389,-0.0891367669565218,-0.1215999999999999,0.9263,True
885,left_shoulder,1032.112,334.27200000000005,0.7820929565217393,-0.0513161739130433,1.5165,0.8816,True
885,left_toe_tip,875.006,233.154,0.6867794908695651,-0.3706936473913044,-0.1475999999999999,0.954,True
885,right_shoulder,,,,,,0.0136,True
885,right_toe_tip,919.632,329.484,0.8171333356521738,-0.0891730591304348,-0.1174,0.9371,True
886,left_shoulder,1028.67,328.872,0.7741292478260872,-0.0619988556521738,1.5021,0.9076,True
886,left_toe_tip,874.9159999999999,232.686,0.6859547199999998,-0.3717568799999999,-0.1454,0.9458,True
886,right_shoulder,,,,,,0.0152,True
886,right_toe_tip,919.424,329.4,0.8141564939130435,-0.0891590869565218,-0.1095999999999999,0.9045,True
887,left_shoulder,1024.8200000000002,322.72,0.7625291956521743,-0.0738711304347825,1.516,0.8835,True
887,left_toe_tip,874.9100000000001,232.242,0.6813922021739133,-0.3705815204347825,-0.1275999999999999,0.9556,True
887,right_shoulder,,,,,,0.0329,True
887,right_toe_tip,919.178,329.11800000000005,0.8075527104347829,-0.0893295417391302,-0.0776999999999998,0.919,True
888,left_shoulder,1021.484,316.658,0.7538455565217392,-0.0856475608695651,1.538,0.97,True
888,left_toe_tip,874.844,231.874,0.6800775921739131,-0.3710361839130435,-0.1231999999999998,0.9428,True
888,right_shoulder,,,,,,0.0183,True
888,right_toe_tip,919.154,328.758,0.8059054608695656,-0.0901942956521739,-0.0725,0.9089,True
889,left_shoulder,1018.308,311.256,0.7438686652173913,-0.0958455391304348,1.547,0.9244,True
889,left_toe_tip,874.8140000000001,231.616,0.6791739717391307,-0.3713367652173913,-0.144,0.9501,True
889,right_shoulder,,,,,,0.0531,True
889,right_toe_tip,919.04,328.516,0.8026646260869565,-0.0905644104347827,-0.0629000000000001,0.888,True
890,left_shoulder,1015.248,305.35,0.7307546921739129,-0.1064249347826086,1.5769000000000002,0.8869,True
890,left_toe_tip,874.756,231.334,0.6784448399999999,-0.37184474,-0.1418000000000001,0.9555,True
890,right_shoulder,,,,,,0.0507,False
890,right_toe_tip,918.898,328.312,0.8015892299999996,-0.0910754452173912,-0.0606999999999998,0.9006,True
891,left_shoulder,1012.022,300.03599999999994,0.719053826521739,-0.1158999834782609,1.6162999999999998,0.9252,True
891,left_toe_tip,874.7479999999999,231.096,0.6757170147826084,-0.3710473617391303,-0.1311999999999998,0.9461,True
891,right_shoulder,,,,,,0.0191,True
891,right_toe_tip,918.486,328.41,0.7955618534782611,-0.0902443891304348,-0.0371999999999998,0.9129,True
892,left_shoulder,1009.718,295.568,0.7101800539130437,-0.123765467826087,1.6403,0.9004,True
892,left_toe_tip,874.642,230.986,0.6745957500000002,-0.3709152500000001,-0.124,0.9597,True
892,right_shoulder,,,,,,0.0708,False
892,right_toe_tip,918.3,328.716,0.7937599999999999,-0.0892274086956521,-0.033,0.9367,True
893,left_shoulder,1007.218,291.154,0.6997897800000001,-0.1311965295652174,1.6413,0.8878,True
893,left_toe_tip,874.574,230.866,0.6728194252173912,-0.3703899991304348,-0.1178000000000001,0.9682,True
893,right_shoulder,1154.8,257.25,0.8264778260869565,-0.1649584239130435,2.087,0.0433,False
893,right_toe_tip,917.908,329.106,0.7898628678260871,-0.0878061208695652,-0.0238000000000001,0.9495,True
894,left_shoulder,1004.416,286.674,0.6914397495652173,-0.1391281147826087,1.6184,0.8024,True
894,left_toe_tip,874.452,230.792,0.6713482052173914,-0.3699842991304348,-0.1134,0.9684,True
894,right_shoulder,1152.1799999999998,255.36,0.8175394891304345,-0.1670259130434782,2.0955,0.1329,True
894,right_toe_tip,917.766,329.37600000000003,0.7878892973913043,-0.0868656417391303,-0.0260999999999999,0.9596,True
895,left_shoulder,1001.648,283.192,0.6872884382608699,-0.1459685947826087,1.6156,0.765,True
895,left_toe_tip,874.384,230.706,0.6659053252173914,-0.3673354969565218,-0.0928000000000001,0.9826,True
895,right_shoulder,1150.7333333333331,252.6733333333333,0.8145826570048309,-0.1711782560386473,2.096666666666667,0.6346,True
895,right_toe_tip,917.81,329.442,0.7836053804347828,-0.0861934891304347,-0.0115,0.9591,True
896,left_shoulder,998.6560000000002,280.05600000000004,0.6836295234782611,-0.1523802156521738,1.6024,0.6661,True
896,left_toe_tip,874.326,230.634,0.667064993478261,-0.3682712543478261,-0.098,0.9608,True
896,right_shoulder,1149.665,250.0475,0.8106166426630433,-0.1748782561141304,2.10075,0.341,True
896,right_toe_tip,918.034,329.13,0.7864735669565218,-0.0873218347826087,-0.0114,0.951,True
897,left_shoulder,995.694,277.11600000000004,0.6810766852173914,-0.1587048417391303,1.5814,0.7799,True
897,left_toe_tip,874.25,230.68400000000003,0.66527,-0.3672574399999999,-0.0918000000000001,0.9487,True
897,right_shoulder,1148.424,247.832,0.8076204713043478,-0.1781764295652173,2.0981,0.7089,True
897,right_toe_tip,918.258,328.57800000000003,0.7883775030434783,-0.0890267230434781,-0.0155999999999999,0.9173,True
898,left_shoulder,993.538,274.504,0.6773326943478263,-0.163799184347826,1.5719,0.7753,True
898,left_toe_tip,874.0139999999999,230.76800000000003,0.664854123043478,-0.3671593495652174,-0.0928000000000001,0.9527,True
898,right_shoulder,1146.058,242.638,0.8001217030434782,-0.1855595273913043,2.0809,0.853,True
898,right_toe_tip,918.692,327.736,0.7943327852173913,-0.0919594139130435,-0.0311999999999998,0.9279,True
899,left_shoulder,991.496,272.48400000000004,0.674719495652174,-0.1679926695652173,1.564,0.5023,True
899,left_toe_tip,873.8520000000001,230.788,0.6625637208695654,-0.3660913034782608,-0.0855999999999999,0.9485,True
899,right_shoulder,1144.2240000000002,237.746,0.7976604452173917,-0.1934005126086956,2.0616,0.8806,True
899,right_toe_tip,918.854,326.75,0.7960675495652173,-0.0949215217391304,-0.0354,0.9324,True
900,left_shoulder,988.996,270.716,0.6740933608695653,-0.1724539869565217,1.545,0.4727,True
900,left_toe_tip,873.656,230.864,0.6664275478260868,-0.3683183304347827,-0.103,0.9341,True
900,right_shoulder,1142.444,233.04,0.7925507965217391,-0.2002655999999999,2.0558,0.8885,True
900,right_toe_tip,918.792,325.912,0.7999512191304349,-0.0978103286956522,-0.0388000000000001,0.9556,True
901,left_shoulder,986.918,268.874,0.6735488386956522,-0.17692311,1.5358,0.3346,True
901,left_toe_tip,873.4399999999999,230.956,0.6666234434782606,-0.3685047791304348,-0.1061999999999998,0.9341,True
901,right_shoulder,1140.248,228.366,0.787564351304348,-0.2072377017391304,2.0496,0.9982,True
901,right_toe_tip,918.51,325.14399999999995,0.7984760608695652,-0.0999306365217392,-0.0365999999999999,0.967,True
902,left_shoulder,984.484,267.198,0.6723429026086957,-0.1811252947826087,1.5264000000000002,0.5129,True
902,left_toe_tip,873.29,230.98,0.6672093999999998,-0.3689971999999999,-0.1101999999999998,0.9334,True
902,right_shoulder,1138.502,223.292,0.7830816199999999,-0.2147504365217391,2.0618000000000003,0.894,True
902,right_toe_tip,918.126,324.376,0.7982820821739129,-0.1022486243478261,-0.0160999999999999,0.9664,True
903,left_shoulder,981.914,265.802,0.6729016178260869,-0.1853857595652174,1.5114,0.53,True
903,left_toe_tip,873.3120000000001,231.02400000000003,0.6670187200000003,-0.3687311686956521,-0.1091999999999998,0.927,True
903,right_shoulder,1136.346,219.11600000000004,0.7764577860869565,-0.2203915791304347,2.0678,0.8367,True
903,right_toe_tip,917.932,323.45,0.7973627400000001,-0.1048587717391304,-0.0149,0.9564,True
904,left_shoulder,979.7900000000002,264.62600000000003,0.6728580673913047,-0.1888612534782608,1.5002,0.6927,True
904,left_toe_tip,873.268,231.09,0.6663858234782608,-0.3682622413043477,-0.1071999999999998,0.9136,True
904,right_shoulder,1134.3480000000002,214.98,0.767206602608696,-0.2250647347826086,2.0792,0.8338,True
904,right_toe_tip,917.946,322.074,0.7999406726086962,-0.1091526769565217,-0.0158000000000001,0.9238,True
905,left_shoulder,978.688,263.562,0.6716330295652176,-0.1912407469565217,1.4975999999999998,0.6144,True
905,left_toe_tip,873.202,231.152,0.6653861413043478,-0.3676369565217391,-0.0965,0.9128,True
905,right_shoulder,1132.504,210.868,0.7624176052173915,-0.23086282,2.0603,0.895,True
905,right_toe_tip,918.794,319.628,0.8027448978260872,-0.1162450304347826,-0.012,0.8711,True
906,left_shoulder,978.076,262.88,0.6708603756521739,-0.1927198608695652,1.4964000000000002,0.6579,True
906,left_toe_tip,873.156,231.212,0.6644439139130435,-0.3670178026086957,-0.0933000000000001,0.9113,True
906,right_shoulder,1130.962,207.26800000000003,0.7558680182608696,-0.2351408747826086,2.0636,0.8275,True
906,right_toe_tip,919.576,317.012,0.8073060886956522,-0.1241325226086956,-0.0085999999999999,0.7963,True
907,left_shoulder,977.746,262.67999999999995,0.6704258099999998,-0.1931802000000001,1.4958,0.7718,True
907,left_toe_tip,873.1360000000001,231.244,0.6638801008695655,-0.3666467052173913,-0.0913000000000001,0.9078,True
907,right_shoulder,1129.386,204.256,0.7507819569565216,-0.2389316104347826,2.0636,0.7341,True
907,right_toe_tip,920.444,313.334,0.8030452973913047,-0.1336270765217391,-0.0024,0.5694,True
908,left_shoulder,977.49,262.7099999999999,0.6706513239130435,-0.1933321500000001,1.4938,0.7995,True
908,left_toe_tip,873.0800000000002,231.26800000000003,0.6639739826086961,-0.3667182886956521,-0.0923000000000001,0.9038,True
908,right_shoulder,1128.124,201.304,0.749058112173913,-0.2435293617391304,2.0727,0.8668,True
908,right_toe_tip,920.5506666666666,307.71466666666663,0.7953204804830917,-0.148221342415459,-0.0295666666666666,0.3011,True
909,left_shoulder,977.434,262.948,0.6718604360869564,-0.1932389713043478,1.4902,0.7593,True
909,left_toe_tip,873.1460000000001,231.258,0.6657331978260871,-0.3676143847826087,-0.0985,0.9223,True
909,right_shoulder,1126.96,198.482,0.747907043478261,-0.2480705804347826,2.0805,0.8012,True
909,right_toe_tip,920.054,300.414,0.7849426569565212,-0.1670091952173913,-0.0640999999999999,0.4053,True
910,left_shoulder,977.502,263.338,0.6733164900000002,-0.1928406899999999,1.4866,0.8142,True
910,left_toe_tip,873.174,231.228,0.66530625,-0.3674201086956522,-0.0965,0.9164,True
910,right_shoulder,1125.7279999999998,196.548,0.7439029913043476,-0.2503302913043478,2.089,0.63,True
910,right_toe_tip,918.356,291.76200000000006,0.7712881686956521,-0.1890785973913041,-0.0421999999999998,0.0377,True
911,left_shoulder,977.58,263.676,0.674572904347826,-0.19248048,1.4835999999999998,0.7998,True
911,left_toe_tip,873.1479999999999,231.17400000000004,0.6639142721739129,-0.3668460378260868,-0.0913000000000001,0.9547,True
911,right_shoulder,1124.814,194.544,0.7434517295652172,-0.2537231791304348,2.0962,0.617,True
911,right_toe_tip,915.8412,280.628,0.7491247337217394,-0.2155570972173913,0.00598,0.0965,True
912,left_shoulder,977.95,263.696,0.6756795978260871,-0.1925451930434782,1.4826,0.7924,True
912,left_toe_tip,873.1360000000001,231.036,0.659521471304348,-0.3648279417391304,-0.0740999999999999,0.9429,True
912,right_shoulder,1123.966,192.594,0.7402575599999999,-0.2560583947826087,2.1098000000000003,0.652,True
912,right_toe_tip,912.1336,267.844,0.7269398369739133,-0.2461727166956522,0.04444,0.5848,True
913,left_shoulder,978.38,263.78000000000003,0.6769071217391307,-0.1924818347826086,1.4815999999999998,0.7712,True
913,left_toe_tip,873.316,230.798,0.6539441713043479,-0.3621307360869564,-0.0575999999999999,0.94,True
913,right_shoulder,1123.262,190.756,0.7368694930434782,-0.2580603078260869,2.1142,0.5683,True
913,right_toe_tip,907.8505333333336,254.62133333333333,0.6982902222917878,-0.2747237112270531,-0.0134533333333333,0.2361,True
914,left_shoulder,978.634,263.906,0.6793292504347826,-0.19277292,1.4764000000000002,0.826,True
914,left_toe_tip,873.3620000000001,230.91400000000004,0.6475288191304351,-0.3581855878260869,-0.0318000000000001,0.9521,True
914,right_shoulder,1122.866,188.896,0.7355308830434784,-0.2606360278260869,2.1156,0.5762,True
914,right_toe_tip,902.992,240.96000000000004,0.6635402504347824,-0.3003430956521738,0.0443000000000001,0.1259,True
915,left_shoulder,978.738,264.026,0.6812315734782608,-0.1930120595652174,1.4718,0.8242,True
915,left_toe_tip,872.976,231.542,0.6448876973913042,-0.3555773291304347,-0.0180999999999999,0.9688,True
915,right_shoulder,1122.804,186.49,0.7344918243478262,-0.2639615173913043,2.1264000000000003,0.6197,True
915,right_toe_tip,897.5580000000002,226.86,0.6231223873913049,-0.3221119695652174,0.1421999999999998,0.0387,True
916,left_shoulder,979.036,264.172,0.684336795652174,-0.1934267347826086,1.465,0.8334,True
916,left_toe_tip,872.6120000000001,231.988,0.6428687730434784,-0.3537862078260869,0.0109,0.9569,True
916,right_shoulder,1122.0779593908628,184.4576649746193,0.7323531314620878,-0.2666767402567984,2.1283736040609136,0.3767,True
916,right_toe_tip,891.4028000000001,213.586,0.5863369129391306,-0.3414756429565217,0.1143200000000001,0.0351,True
917,left_shoulder,979.366,264.372,0.6866997234782609,-0.1935011791304347,1.4604,0.8228,True
917,left_toe_tip,872.258,232.496,0.6416379704347827,-0.3522436591304347,0.0119,0.9885,True
917,right_shoulder,1120.733878172589,182.64499492385784,0.7305478586432329,-0.2695177624480203,2.123420812182741,0.3722,True
917,right_toe_tip,883.8183999999999,201.682,0.5515172207999997,-0.358115316,-0.0445399999999999,0.6622,True
918,left_shoulder,979.384,264.712,0.6887281826086957,-0.1933724956521739,1.455,0.7764,True
918,left_toe_tip,872.106,232.634,0.6414703430434783,-0.3520008604347825,0.0109,0.943,True
918,right_shoulder,1118.7037563451777,181.12198984771567,0.7279202493334693,-0.2720031418688852,2.1180416243654823,0.1317,True
918,right_toe_tip,875.4177999999999,191.088,0.5426073223304347,-0.389320128,-0.11048,0.853,True
919,left_shoulder,979.622,264.954,0.6907616156521739,-0.1933152991304347,1.4508,0.7531,True
919,left_toe_tip,871.4119999999999,232.852,0.644230885217391,-0.3539689756521739,0.0048000000000001,0.9387,True
919,right_shoulder,1115.8895939086294,179.7266497461929,0.7227645415409581,-0.2737928860307503,2.091736040609137,0.2048,True
919,right_toe_tip,866.201,181.804,0.5566511565217391,-0.4385171130434782,-0.263,0.905,True
920,left_shoulder,980.044,264.872,0.6947985991304344,-0.19437132,1.4422,0.8403,True
920,left_toe_tip,871.414,232.436,0.643481842173913,-0.3547111139130434,0.0078000000000001,0.9432,True
920,right_shoulder,1112.2093908629442,178.8349746192893,0.7172429186850989,-0.2751731204037723,2.082604060913705,0.223,True
920,right_toe_tip,856.265,174.01399999999998,0.5678836815217392,-0.4883749769565219,-0.0363000000000001,0.9401,True
921,left_shoulder,980.548,264.688,0.6961985634782609,-0.19485088,1.4412,0.8429,True
921,left_toe_tip,871.4860000000001,232.124,0.6402097591304351,-0.3536605373913044,0.0215999999999999,0.8231,True
921,right_shoulder,1110.3692893401017,178.38913705583755,0.7144817112962369,-0.2758633335275211,2.06353807106599,0.1351,True
921,right_toe_tip,846.2610000000001,167.162,0.5746610817391306,-0.537263436521739,0.2158000000000001,0.9216,True
922,left_shoulder,981.622,264.206,0.6983941930434782,-0.1958362556521738,1.4412,0.7704,True
922,left_toe_tip,871.324,231.954,0.6422761147826087,-0.3555225026086956,0.0115999999999999,0.864,True
922,right_shoulder,1108.529187817259,177.94329949238576,0.71172023993342,-0.2765536106094284,2.0499720812182742,0.2118,True
922,right_toe_tip,837.671,160.406,0.5800354691304349,-0.5856782199999999,0.0534,0.9583,True
923,left_shoulder,983.428,263.474,0.6995479043478263,-0.1966192652173913,1.448,0.756,True
923,left_toe_tip,870.632,232.27,0.6423101199999998,-0.35572805,0.0038000000000001,0.8638,True
923,right_shoulder,1106.6890862944165,177.497461928934,0.7089585045966482,-0.2772439516494941,2.036406091370558,0.1591,True
923,right_toe_tip,829.842,154.504,0.56568789,-0.6123334069565218,-0.0639000000000001,0.9383,True
924,left_shoulder,985.476,262.56,0.6998142104347826,-0.1973795478260869,1.4584,0.8337,True
924,left_toe_tip,870.332,232.33,0.6422257026086956,-0.3559772652173912,0.0008000000000001,0.808,True
924,right_shoulder,1104.8489847715737,177.0516243654822,0.7061965052859209,-0.2779343566477185,2.0318401015228424,0.078,True
924,right_toe_tip,822.9040000000001,149.56400000000002,0.5362268139130437,-0.6169434556521738,-0.0301999999999998,0.945,True
925,left_shoulder,987.2,261.94,0.6983248695652176,-0.1972285043478261,1.4716,0.8503,True
925,left_toe_tip,869.8140000000001,232.438,0.6397821921739132,-0.3551215156521738,0.0098000000000001,0.7771,True
925,right_shoulder,,,,,,0.0922,True
925,right_toe_tip,817.0559999999999,145.642,0.5130390052173912,-0.6211256047826088,-0.0043000000000001,0.906,True
926,left_shoulder,988.956,261.20200000000006,0.6992774800000002,-0.1979826008695651,1.4784000000000002,0.8543,True
926,left_toe_tip,869.1960000000001,232.546,0.6407522956521743,-0.3563170521739131,-0.001,0.808,True
926,right_shoulder,,,,,,0.065,True
926,right_toe_tip,812.6,142.67399999999998,0.4961874782608696,-0.6247650052173914,0.0141999999999998,0.9769,True
927,left_shoulder,990.138,260.718,0.6995148304347829,-0.1983481695652174,1.484,0.8828,True
927,left_toe_tip,868.8059999999999,232.508,0.6386671826086955,-0.3558689739130435,0.003,0.8252,True
927,right_shoulder,,,,,,0.0251,True
927,right_toe_tip,809.01,141.106,0.4850954413043478,-0.628273365652174,0.0124,0.9169,True
928,left_shoulder,990.736,260.124,0.7010907652173914,-0.1996434391304348,1.483,0.9025,True
928,left_toe_tip,868.524,232.376,0.6381284304347826,-0.356376147826087,0.012,0.8386,True
928,right_shoulder,,,,,,0.0195,True
928,right_toe_tip,806.296,140.49,0.4763657373913045,-0.6288007108695652,0.0175999999999999,0.9551,True
929,left_shoulder,991.284,259.512,0.7021861695652173,-0.2008667739130434,1.483,0.9055,True
929,left_toe_tip,868.3219999999999,232.142,0.6383585308695648,-0.3574742908695651,0.0088000000000001,0.8454,True
929,right_shoulder,,,,,,0.0135,True
929,right_toe_tip,804.3059999999999,140.628,0.4706652526086954,-0.6284054008695653,0.0175999999999999,0.9745,True
930,left_shoulder,991.808,258.194,0.703616,-0.2036119999999999,1.482,0.881,True
930,left_toe_tip,868.042,232.06,0.6408475943478261,-0.3595392130434782,-0.0044,0.831,True
930,right_shoulder,,,,,,0.0135,True
930,right_toe_tip,802.7180000000001,141.183,0.4532050034782611,-0.6094529139130436,0.0905999999999999,0.9974,True
931,left_shoulder,992.314,256.448,0.7038621,-0.2068788869565218,1.484,0.805,True
931,left_toe_tip,867.8639999999999,232.004,0.644706513043478,-0.3621452043478261,-0.022,0.8229,True
931,right_shoulder,,,,,,0.016,False
931,right_toe_tip,801.3,141.949,0.4236228913043476,-0.572668289347826,0.2343000000000001,0.953,True
932,left_shoulder,992.676,254.01400000000004,0.7045853130434784,-0.2117415956521738,1.484,0.8511,True
932,left_toe_tip,867.618,232.04,0.6499483543478263,-0.3653814347826086,-0.046,0.7695,True
932,right_shoulder,,,,,,0.0232,True
932,right_toe_tip,799.7819999999999,142.735,0.393654218695652,-0.5352748358695653,0.3789,0.9114,True
933,left_shoulder,992.594,251.114,0.7036549826086957,-0.2172985826086957,1.486,0.8757,True
933,left_toe_tip,867.402,232.18,0.654423407826087,-0.3678437304347826,-0.0665999999999999,0.7601,True
933,right_shoulder,,,,,,0.0295,True
933,right_toe_tip,798.278,143.431,0.3662415286956522,-0.5011218339130434,-0.2118000000000001,0.9211,True
934,left_shoulder,991.922,247.682,0.7026964282608693,-0.2242697456521738,1.485,0.8674,True
934,left_toe_tip,867.1360000000001,232.394,0.6557317565217394,-0.3683929739130435,-0.075,0.7157,True
934,right_shoulder,,,,,,0.0147,True
934,right_toe_tip,796.7299999999999,144.065,0.3384686565217389,-0.4663257152173913,-0.0727999999999999,0.9167,True
935,left_shoulder,990.752,243.93400000000003,0.6999789913043479,-0.2316273652173912,1.486,0.878,True
935,left_toe_tip,866.876,232.724,0.6600118765217391,-0.3702624852173913,-0.0954000000000001,0.6941,True
935,right_shoulder,,,,,,0.0222,True
935,right_toe_tip,795.156,144.78,0.3223534547826086,-0.4471429434782609,-0.0004,0.9365,True
936,left_shoulder,988.5179999999998,239.892,0.6958995282608691,-0.2398243434782608,1.485,0.758,True
936,left_toe_tip,866.592,233.164,0.6641115965217391,-0.3717397721739131,-0.1154,0.7688,True
936,right_shoulder,,,,,,0.0135,True
936,right_toe_tip,793.674,145.262,0.3179047356521738,-0.4442275669565217,0.0037999999999999,0.9296,True
937,left_shoulder,985.698,235.728,0.6919972139130434,-0.2487601252173913,1.4759,0.7559,True
937,left_toe_tip,866.318,233.49,0.6692124860869565,-0.3740845695652174,-0.1144,0.806,True
937,right_shoulder,,,,,,0.0203,True
937,right_toe_tip,792.32,145.54199999999997,0.3143752347826088,-0.4426226634782609,0.0042,0.927,True
938,left_shoulder,983.508,230.492,0.6872400269565218,-0.2591004617391304,1.4724000000000002,0.8323,True
938,left_toe_tip,866.046,233.6,0.6724868500000001,-0.37604,-0.131,0.7553,True
938,right_shoulder,,,,,,0.0254,True
938,right_toe_tip,791.158,145.676,0.3115169217391304,-0.4416938086956521,0.001,0.9721,True
939,left_shoulder,981.246,225.238,0.6816017930434785,-0.2691724469565217,1.4554,0.7734,True
939,left_toe_tip,865.744,234.07,0.6767903269565219,-0.3775436152173913,-0.1521999999999998,0.7784,True
939,right_shoulder,,,,,,0.0167,True
939,right_toe_tip,790.272,145.832,0.3092336417391305,-0.4407204973913043,0.0037999999999999,0.9901,True
940,left_shoulder,979.088,219.956,0.6765542747826088,-0.2794182243478261,1.4364,0.7835,True
940,left_toe_tip,865.374,234.398,0.6759750169565218,-0.3767240856521739,-0.1534000000000001,0.7727,True
940,right_shoulder,,,,,,0.02,True
940,right_toe_tip,789.604,145.804,0.3074036973913044,-0.4401262156521739,0.0045999999999999,0.9987,True
941,left_shoulder,977.57,214.004,0.669122447826087,-0.2893894626086956,1.4284,0.719,True
941,left_toe_tip,864.876,235.584,0.6706193408695651,-0.3710301495652173,-0.1165999999999999,0.7968,True
941,right_shoulder,,,,,,0.0193,True
941,right_toe_tip,789.206,145.908,0.3061642247826087,-0.4393074756521739,0.0072,0.9996,True
942,left_shoulder,976.04,207.792,0.6616335391304348,-0.2996843165217391,1.4446,0.6448,True
942,left_toe_tip,864.344,236.734,0.6631803721739131,-0.3643850147826086,-0.0765999999999999,0.7853,True
942,right_shoulder,,,,,,0.0143,True
942,right_toe_tip,788.8860000000001,146.202,0.3062196621739132,-0.4397267126086957,0.0027999999999999,1.0,True
943,left_shoulder,973.902,202.054,0.6546656821739131,-0.3096771682608695,1.4722,0.7075,True
943,left_toe_tip,863.6360000000001,238.566,0.6594345008695655,-0.358071907826087,-0.0598000000000001,0.7252,True
943,right_shoulder,,,,,,0.0332,True
943,right_toe_tip,788.554,146.446,0.3048263491304347,-0.4382035230434782,0.0082,0.9823,True
944,left_shoulder,971.812,195.878,0.6473219321739133,-0.3201806147826087,1.4852,0.692,True
944,left_toe_tip,863.052,240.734,0.6571305878260869,-0.3513680069565217,-0.0514,0.6517,True
944,right_shoulder,,,,,,0.0263,True
944,right_toe_tip,788.23,146.56,0.3034525891304348,-0.4369488,0.0125999999999999,0.9965,True
945,left_shoulder,969.998,189.764,0.6396939491304346,-0.3299987852173913,1.4966,0.5688,True
945,left_toe_tip,862.778,243.122,0.65714667,-0.3447646917391304,-0.0413000000000001,0.6942,True
945,right_shoulder,,,,,,0.0106,True
945,right_toe_tip,787.974,146.66400000000002,0.3038935604347827,-0.4381272156521739,0.0065999999999999,0.9995,True
946,left_shoulder,968.27,183.696,0.6344888195652176,-0.3407649704347826,1.4578,0.7839,True
946,left_toe_tip,862.3700000000001,244.288,0.6581185173913048,-0.3424572104347826,-0.0453000000000001,0.7374,True
946,right_shoulder,,,,,,0.0302,True
946,right_toe_tip,787.6220000000001,146.798,0.3043580539130436,-0.4395669060869565,-0.0007999999999999,1.0,True
947,left_shoulder,966.672,177.954,0.6290566469565215,-0.3505572756521738,1.4604,0.8613,True
947,left_toe_tip,862.0960000000001,245.478,0.6605424730434786,-0.3406033656521738,-0.0561999999999998,0.7279,True
947,right_shoulder,,,,,,0.0186,True
947,right_toe_tip,787.358,146.902,0.3033652739130433,-0.4387039260869565,0.002,1.0,True
948,left_shoulder,965.292,172.602,0.6237120521739131,-0.3593152956521739,1.452,0.8093,True
948,left_toe_tip,861.7180000000001,245.936,0.658598859130435,-0.3388196730434783,-0.0528000000000001,0.8412,True
948,right_shoulder,,,,,,0.0256,True
948,right_toe_tip,787.2540000000001,147.002,0.3039514630434785,-0.4396556543478261,-0.003,0.9986,True
949,left_shoulder,964.194,167.188,0.6192810169565219,-0.368312835652174,1.4586,0.8334,True
949,left_toe_tip,861.244,245.438,0.6547379504347827,-0.3390288056521738,-0.0425999999999999,0.8576,True
949,right_shoulder,,,,,,0.0201,True
949,right_toe_tip,787.11,147.09,0.3043577978260869,-0.4404922760869565,-0.0074,1.0,True
950,left_shoulder,962.626,161.94400000000002,0.6151636186956522,-0.3776411252173912,1.4698,0.8554,True
950,left_toe_tip,860.5120000000001,244.558,0.6498872139130437,-0.3402276508695653,-0.0314,0.9016,True
950,right_shoulder,,,,,,0.032,True
950,right_toe_tip,786.934,147.202,0.3032909413043477,-0.4392428282608696,-0.003,1.0,True
951,left_shoulder,961.052,157.43200000000002,0.6097894182608696,-0.3847470904347826,1.4766,0.8544,True
951,left_toe_tip,859.646,242.876,0.6436582782608694,-0.3432242434782609,-0.0185,0.9083,True
951,right_shoulder,,,,,,0.0294,True
951,right_toe_tip,786.79,147.272,0.3032489934782608,-0.4394683008695652,-0.0045999999999999,1.0,True
952,left_shoulder,959.502,152.94199999999998,0.6053868330434784,-0.3923298973913043,1.4888,0.8375,True
952,left_toe_tip,858.4540000000001,240.872,0.6337065600000001,-0.3455747895652173,0.0061999999999998,0.9234,True
952,right_shoulder,,,,,,0.017,True
952,right_toe_tip,786.588,147.334,0.3025130182608694,-0.4388778995652174,-0.0025999999999999,1.0,True
953,left_shoulder,957.884,148.372,0.6004552339130436,-0.3997468895652173,1.5022,0.836,True
953,left_toe_tip,857.24,238.628,0.6252261652173913,-0.3493138930434783,0.0111999999999998,0.7659,True
953,right_shoulder,,,,,,0.0166,True
953,right_toe_tip,786.37,147.398,0.3011085456521739,-0.4373592882608695,0.0034,1.0,True
954,left_shoulder,956.256,144.00799999999998,0.5945612799999999,-0.40606496,1.5104000000000002,0.8208,True
954,left_toe_tip,855.924,235.662,0.6131772199999999,-0.3530928900000001,0.0194,0.764,True
954,right_shoulder,,,,,,0.0155,True
954,right_toe_tip,786.25,147.386,0.3006073369565217,-0.4370142108695652,0.005,1.0,True
955,left_shoulder,955.088,139.834,0.5888035756521741,-0.4114232469565217,1.4898,0.9088,True
955,left_toe_tip,854.5840000000001,232.326,0.6012550382608698,-0.3577369969565217,0.0131999999999998,0.8185,True
955,right_shoulder,,,,,,0.0177,True
955,right_toe_tip,786.1659999999999,147.38799999999998,0.3009748591304346,-0.4377958400000001,0.0015999999999999,1.0,True
956,left_shoulder,953.624,135.81,0.5851132973913045,-0.4182605608695652,1.4686,0.8587,True
956,left_toe_tip,853.372,230.036,0.5922000704347825,-0.3607066060869566,-0.0124,0.7571,True
956,right_shoulder,,,,,,0.0278,True
956,right_toe_tip,786.0939999999999,147.416,0.2998102956521737,-0.4362593391304347,0.008,1.0,True
957,left_shoulder,952.284,131.734,0.5796941469565217,-0.4237311682608696,1.4542,0.8612,True
957,left_toe_tip,851.783,227.453,0.5823111704347826,-0.3644466208695652,-0.0010999999999999,0.7337,True
957,right_shoulder,,,,,,0.0294,True
957,right_toe_tip,786.1479999999999,147.452,0.2990632878260867,-0.4349378965217391,0.0134,1.0,True
958,left_shoulder,951.138,127.952,0.5747259969565216,-0.428633012173913,1.4626,0.8335,True
958,left_toe_tip,849.883,224.635,0.5717942947826089,-0.3687813434782609,-0.0044,0.781,True
958,right_shoulder,,,,,,0.0284,True
958,right_toe_tip,786.142,147.454,0.29905101,-0.4349338039130434,0.0134,1.0,True
959,left_shoulder,949.916,124.714,0.5708517973913042,-0.433386582173913,1.4674,0.8793,True
959,left_toe_tip,847.933,222.329,0.5637244441304347,-0.3732380523913042,-0.0151999999999998,0.2942,True
959,right_shoulder,,,,,,0.0269,True
959,right_toe_tip,786.1179999999999,147.504,0.298493662173913,-0.434092372173913,0.0165999999999999,1.0,True
960,left_shoulder,948.776,121.65,0.5678793391304349,-0.4383567391304347,1.4895,0.8702,True
960,left_toe_tip,845.7849999999999,220.015,0.5551721413043474,-0.3776551847826087,-0.012,0.7171,True
960,right_shoulder,,,,,,0.0227,True
960,right_toe_tip,786.074,147.504,0.2970383034782607,-0.4321059965217392,0.0252,1.0,True
961,left_shoulder,948.012,118.644,0.5645993878260869,-0.4424160417391304,1.4951,0.8127,True
961,left_toe_tip,843.017,217.793,0.5407313660869567,-0.3787652530434783,-0.0169,0.8055,True
961,right_shoulder,,,,,,0.0188,True
961,right_toe_tip,785.9979999999999,147.498,0.2968837591304346,-0.4321181973913043,0.0252,1.0,True
962,left_shoulder,947.26,115.846,0.5618182304347824,-0.4464302813043478,1.4958,0.8309,True
962,left_toe_tip,839.374,215.282,0.5253938321739131,-0.3813633904347826,-0.0044,0.887,True
962,right_shoulder,,,,,,0.0169,True
962,right_toe_tip,785.7160000000001,147.48600000000002,0.2961519313043481,-0.4319116056521738,0.0262,1.0,True
963,left_shoulder,946.632,113.096,0.5599366956521737,-0.4508681739130434,1.471,0.7729,True
963,left_toe_tip,834.74,213.092,0.5083137347826088,-0.3834618165217391,0.0135999999999999,0.8678,True
963,right_shoulder,,,,,,0.012,True
963,right_toe_tip,785.298,147.488,0.2953971513043478,-0.4320461356521739,0.0265999999999999,1.0,True
964,left_shoulder,945.816,110.486,0.5569175286956523,-0.4543866908695652,1.4721,0.8684,True
964,left_toe_tip,827.5219999999999,210.144,0.4856819799999998,-0.38812704,0.0481999999999998,0.805,True
964,right_shoulder,,,,,,0.0138,True
964,right_toe_tip,785.0206000000001,147.9598,0.2955708985304349,-0.4321655850173913,0.02792,0.9554,True
965,left_shoulder,944.94,107.936,0.5537312652173911,-0.4577153460869565,1.4694,0.8223,True
965,left_toe_tip,818.254,205.918,0.4584615378260869,-0.3962922047826087,0.0443000000000001,0.8768,True
965,right_shoulder,,,,,,0.0134,True
965,right_toe_tip,784.9458000000001,148.9134,0.2973972716434784,-0.4331038148086957,0.0153599999999999,0.8528,True
966,left_shoulder,944.004,105.626,0.5510402939130437,-0.461080524347826,1.4759,0.7922,True
966,left_toe_tip,807.368,201.194,0.432173283478261,-0.4100647104347826,0.0754,0.8838,True
966,right_shoulder,,,,,,0.0188,True
966,right_toe_tip,785.0396000000001,150.3168,0.2998977503130435,-0.433561040973913,0.00772,0.0867,True
967,left_shoulder,942.826,103.886,0.5485758821739131,-0.4639560786956521,1.4809,0.79,True
967,left_toe_tip,795.4040000000001,196.696,0.4064490269565219,-0.4271109617391304,0.0818000000000001,0.9633,True
967,right_shoulder,,,,,,0.0317,True
967,right_toe_tip,785.446,152.16799999999998,0.3044564204347826,-0.4350465930434782,-0.0087999999999999,0.1613,True
968,left_shoulder,941.606,102.232,0.5455790273913044,-0.4662798973913044,1.4908,0.8113,True
968,left_toe_tip,782.816,191.71,0.3826226921739132,-0.4508708608695653,0.0541999999999998,0.8268,True
968,right_shoulder,,,,,,0.0264,True
968,right_toe_tip,786.109,154.497,0.3095605030434783,-0.4353983126086957,-0.0012,0.061,True
969,left_shoulder,940.416,100.564,0.5429039582608695,-0.4688459713043478,1.4994,0.8349,True
969,left_toe_tip,771.038,186.914,0.3592435256521739,-0.4745190317391304,0.0738000000000001,0.8871,True
969,right_shoulder,,,,,,0.0222,True
969,right_toe_tip,786.4405,155.6615,0.3121251917934783,-0.4355297441847827,0.0355999999999999,0.0677,True
970,left_shoulder,938.806,99.33599999999998,0.5382405469565216,-0.4695351965217391,1.5048,0.8357,True
970,left_toe_tip,759.404,182.488,0.3353175808695652,-0.4985000034782609,0.0694,0.896,True
970,right_shoulder,,,,,,0.0146,False
970,right_toe_tip,786.7719999999999,156.826,0.3146983121739129,-0.4356315569565218,0.0473999999999998,0.041,True
971,left_shoulder,936.858,98.312,0.5322147665217392,-0.4691610730434782,1.5126,0.8204,True
971,left_toe_tip,748.3480000000001,177.156,0.3123719947826089,-0.5271472017391304,0.0120999999999999,0.97,True
971,right_shoulder,,,,,,0.0146,True
971,right_toe_tip,787.1034999999999,157.9905,0.3172798641847824,-0.435703750923913,0.0357,0.0233,True
972,left_shoulder,934.984,97.294,0.5263540591304349,-0.46875888,1.5169,0.8035,True
972,left_toe_tip,737.952,170.732,0.2869780660869565,-0.5545140947826087,-0.0204,0.9419,True
972,right_shoulder,,,,,,0.0136,True
972,right_toe_tip,787.435,159.155,0.3198698478260868,-0.4357463260869565,0.0505,0.0206,True
973,left_shoulder,932.49,96.806,0.5219038956521739,-0.4696296417391304,1.5134,0.79,True
973,left_toe_tip,728.3480000000001,164.228,0.2612988130434784,-0.5790169695652174,-0.035,0.9663,True
973,right_shoulder,,,,,,0.0136,True
973,right_toe_tip,790.75,170.8,0.3462334239130434,-0.4345430434782608,0.107,0.0213,True
974,left_shoulder,929.544,96.672,0.5175284278260868,-0.4706701773913043,1.5031,0.85,True
974,left_toe_tip,719.546,157.38000000000002,0.236009523478261,-0.6011647304347826,0.0094,0.9608,True
974,right_shoulder,,,,,,0.0148,True
974,right_toe_tip,790.9449999999999,170.715,0.3461890760869563,-0.4341210326086956,0.11,0.0193,True
975,left_shoulder,926.486,96.542,0.5120625852173916,-0.4709025382608695,1.4955999999999998,0.7764,True
975,left_toe_tip,711.976,151.304,0.2149578886956521,-0.6232751408695651,0.0084,0.9378,True
975,right_shoulder,,,,,,0.0149,True
975,right_toe_tip,790.66,170.31333333333333,0.3451533260869564,-0.4345611570048308,0.1123333333333334,0.5051,True
976,left_shoulder,923.212,96.194,0.5063338017391307,-0.4716392486956521,1.4952,0.7995,True
976,left_toe_tip,705.414,146.17,0.1954456556521739,-0.6388868521739132,-0.0098000000000001,0.8834,True
976,right_shoulder,,,,,,0.0133,True
976,right_toe_tip,790.15,170.04500000000002,0.3439577445652173,-0.4351414809782608,0.1105,0.6802,True
977,left_shoulder,919.864,95.98,0.5001047999999999,-0.4717922608695651,1.488,0.8016,True
977,left_toe_tip,699.996,142.192,0.1788924208695651,-0.6494466365217391,-0.0181999999999998,0.9441,True
977,right_shoulder,,,,,,0.0201,True
977,right_toe_tip,789.04,169.494,0.3415931999999999,-0.4366314691304347,0.1094000000000001,0.6124,True
978,left_shoulder,916.292,95.936,0.4914994426086956,-0.4697468939130433,1.4814,0.8468,True
978,left_toe_tip,695.5559999999999,138.73200000000003,0.164626920869565,-0.6556748060869564,-0.0351999999999998,0.9291,True
978,right_shoulder,,,,,,0.0194,True
978,right_toe_tip,787.844,168.772,0.3382092200000001,-0.4374548356521739,0.1234,0.5058,True
979,left_shoulder,912.754,95.89,0.4827745800000002,-0.4674747,1.4781,0.8808,True
979,left_toe_tip,692.048,136.398,0.1538697286956522,-0.6610355647826087,-0.0258000000000001,0.8814,True
979,right_shoulder,,,,,,0.0133,True
979,right_toe_tip,786.11,167.84250000000003,0.3338772315217391,-0.4391007741847826,0.1216999999999998,0.5147,True
980,left_shoulder,909.022,95.684,0.4752332113043477,-0.4669199600000001,1.4633,0.8012,True
980,left_toe_tip,689.3720000000001,134.574,0.1447028921739132,-0.6606942026086956,-0.0189,0.8659,True
980,right_shoulder,,,,,,0.0131,True
980,right_toe_tip,784.126,166.89550000000003,0.329186917173913,-0.441054875923913,0.1266999999999998,0.447,True
981,left_shoulder,905.19,95.76,0.468118,-0.4664410434782609,1.4605,0.8388,True
981,left_toe_tip,687.684,133.01999999999998,0.1384287252173912,-0.6589328086956523,-0.0118000000000001,0.8831,True
981,right_shoulder,,,,,,0.0108,True
981,right_toe_tip,781.976,165.761,0.324075652173913,-0.4433716304347826,0.135,0.2512,True
982,left_shoulder,900.798,95.93,0.4599116034782609,-0.4656817043478261,1.4481,0.8406,True
982,left_toe_tip,686.518,131.84,0.1340122904347827,-0.6572992000000001,-0.0104,0.8779,True
982,right_shoulder,,,,,,0.0127,True
982,right_toe_tip,780.17,164.775,0.3196485434782607,-0.4451978804347826,0.13,0.0963,True
983,left_shoulder,895.9959999999999,95.802,0.4512207756521736,-0.4656776921739129,1.4454,0.8728,True
983,left_toe_tip,685.8040000000001,131.128,0.1313180765217393,-0.6561660730434783,-0.0465999999999999,0.8914,True
983,right_shoulder,,,,,,0.0141,True
983,right_toe_tip,778.8488,163.9302,0.3166658175652173,-0.4471670156086955,0.1258000000000002,0.0811,True
984,left_shoulder,891.1540000000001,95.578,0.4422494347826089,-0.4656126521739131,1.4225,0.7977,True
984,left_toe_tip,685.408,130.47600000000003,0.1292055026086957,-0.6530955730434782,-0.0268000000000001,0.8567,True
984,right_shoulder,,,,,,0.0229,True
984,right_toe_tip,778.5064,163.4481,0.315568766347826,-0.4478178669456521,0.1279000000000001,0.3097,True
985,left_shoulder,885.842,95.78,0.432575032173913,-0.4649123217391305,1.3887,0.8375,True
985,left_toe_tip,685.058,129.952,0.1269264269565217,-0.6480352139130434,-0.0005999999999999,0.8306,True
985,right_shoulder,,,,,,0.0237,True
985,right_toe_tip,779.1428,163.3287,0.3163532551739129,-0.4471493024021739,0.1323000000000002,0.1369,True
986,left_shoulder,880.012,96.072,0.4217950017391303,-0.463824772173913,1.3202,0.8281,True
986,left_toe_tip,684.27,129.714,0.1238790086956521,-0.6444003026086956,-0.0409,0.8189,True
986,right_shoulder,,,,,,0.014,True
986,right_toe_tip,780.758,163.572,0.3190004673913044,-0.4451656304347826,0.1295,0.189,True
987,left_shoulder,874.4,96.01,0.4113210434782608,-0.4632450608695652,1.2711,0.8236,True
987,left_toe_tip,683.5440000000001,129.782,0.1210049895652176,-0.6397558030434782,0.0144,0.8425,True
987,right_shoulder,,,,,,0.0132,True
987,right_toe_tip,783.3520000000001,164.178,0.3234769043478263,-0.4418766,0.0965,0.1454,True
988,left_shoulder,868.6659999999999,96.226,0.4008614399999999,-0.4624072904347826,1.2482,0.8409,True
988,left_toe_tip,682.658,129.60399999999998,0.117383687826087,-0.6339896886956522,-0.0125999999999999,0.89,True
988,right_shoulder,,,,,,0.0115,True
988,right_toe_tip,784.6490000000001,164.481,0.3256960907608698,-0.4402365309782609,0.123,0.1714,True
989,left_shoulder,862.55,96.54,0.3894624999999999,-0.461055,1.241,0.7679,True
989,left_toe_tip,681.772,129.52599999999998,0.114409875652174,-0.6312482447826088,-0.0008000000000001,0.8717,True
989,right_shoulder,,,,,,0.013,True
989,right_toe_tip,785.946,164.784,0.3279025891304348,-0.4385994260869565,0.1055,0.1009,True
990,left_shoulder,857.0840000000001,96.13,0.3780565052173914,-0.4595353413043478,1.2308,0.7978,True
990,left_toe_tip,680.7360000000001,129.464,0.1113598260869568,-0.6302152608695653,-0.008,0.858,True
990,right_shoulder,,,,,,0.0123,True
990,right_toe_tip,787.243,165.087,0.3300963994565218,-0.436965285326087,0.0955,0.202,True
991,left_shoulder,851.2760000000001,95.918,0.3671609443478262,-0.4589285886956522,1.1772,0.8446,True
991,left_toe_tip,680.0319999999999,128.99399999999997,0.1088522295652171,-0.6281354452173913,0.0054,0.8555,True
991,right_shoulder,,,,,,0.0118,True
991,right_toe_tip,788.54,165.39,0.3322775217391303,-0.4353341086956522,0.1,0.1081,True
992,left_shoulder,845.5,95.336,0.3556936956521739,-0.4580988626086956,1.1211,0.7782,True
992,left_toe_tip,679.316,128.544,0.106418155652174,-0.6264910121739129,0.0053000000000001,0.8641,True
992,right_shoulder,,,,,,0.0121,True
992,right_toe_tip,801.51,168.42,0.353390902173913,-0.4191853695652173,0.0755,0.1186,True
993,left_shoulder,840.034,94.764,0.3447542504347826,-0.4571284799999999,1.1109,0.8563,True
993,left_toe_tip,678.52,128.292,0.1035769304347825,-0.623042663478261,0.0216999999999998,0.8303,True
993,right_shoulder,,,,,,0.0107,True
993,right_toe_tip,800.2950000000001,167.855,0.3513422472826089,-0.4211526005434783,0.0835,0.1326,True
994,left_shoulder,834.348,93.888,0.3331800713043477,-0.4562085286956521,1.0953,0.8905,True
994,left_toe_tip,677.722,127.944,0.1007505417391303,-0.6197913078260868,-0.0011999999999998,0.8563,True
994,right_shoulder,,,,,,0.0125,True
994,right_toe_tip,797.5966666666667,166.55666666666664,0.3450567596618358,-0.4235427765700483,0.0926666666666667,0.5832,True
995,left_shoulder,828.336,93.69,0.3230371826086957,-0.4567795434782609,1.086,0.7698,True
995,left_toe_tip,677.124,127.486,0.0986368539130435,-0.6177795886956522,0.0115999999999999,0.8589,True
995,right_shoulder,,,,,,0.0139,True
995,right_toe_tip,795.485,165.05,0.3393629130434782,-0.4254995652173912,0.095,0.6429,True
996,left_shoulder,822.9140000000001,93.338,0.3127431760869567,-0.45593405,1.08,0.8645,True
996,left_toe_tip,676.462,127.26,0.0961566352173912,-0.613775856521739,0.0048000000000001,0.8734,True
996,right_shoulder,,,,,,0.0221,True
996,right_toe_tip,794.042,163.42000000000002,0.3335344173913044,-0.4256384347826087,0.103,0.6732,True
997,left_shoulder,817.004,93.424,0.3026383608695652,-0.4557870086956522,1.075,0.8315,True
997,left_toe_tip,675.856,127.046,0.0939037460869565,-0.610086269130435,0.0215999999999999,0.8478,True
997,right_shoulder,,,,,,0.0121,True
997,right_toe_tip,791.298,160.966,0.324994682173913,-0.4275336856521739,0.0797999999999999,0.6852,True
998,left_shoulder,811.178,93.576,0.2923050413043478,-0.4549479391304347,1.069,0.8555,True
998,left_toe_tip,675.5020000000001,126.798,0.0926679378260871,-0.6087079160869565,0.0295999999999999,0.8074,True
998,right_shoulder,,,,,,0.0102,True
998,right_toe_tip,789.208,158.304,0.3171643095652173,-0.4287355408695652,0.0749,0.8268,True
999,left_shoulder,805.9219999999999,94.03,0.2842315999999998,-0.4556181739130435,1.0665,0.8798,True
999,left_toe_tip,675.1299999999999,126.706,0.0914907391304344,-0.6075787217391305,-0.02,0.8162,True
999,right_shoulder,,,,,,0.0188,True
999,right_toe_tip,788.13,155.524,0.3112340108695652,-0.4296218565217392,0.05,0.7063,True
1000,left_shoulder,800.45,93.974,0.2747183043478262,-0.4554827773913044,1.0648,0.7664,True
1000,left_toe_tip,674.7720000000002,126.69199999999998,0.0904525547826091,-0.6069051147826088,-0.0171999999999998,0.8209,True
1000,right_shoulder,,,,,,0.0136,True
1000,right_toe_tip,787.31,153.134,0.3065008717391304,-0.4304161926086957,0.0097999999999999,0.4049,True
1001,left_shoulder,795.008,93.884,0.2652658643478262,-0.4554054678260869,1.0686,0.8435,True
1001,left_toe_tip,674.472,126.792,0.089769584347826,-0.6073040504347827,0.0101999999999998,0.6451,True
1001,right_shoulder,,,,,,0.0123,True
1001,right_toe_tip,786.396,151.426,0.3037080495652173,-0.4327003656521739,0.0054,0.6096,True
1002,left_shoulder,789.8779999999999,94.386,0.2575295026086955,-0.4563941426086957,1.0672,0.888,True
1002,left_toe_tip,674.348,126.78,0.0894466721739129,-0.6073353000000001,0.0101999999999998,0.6199,True
1002,right_shoulder,,,,,,0.0193,True
1002,right_toe_tip,785.4,149.93400000000003,0.3009147826086956,-0.4347452869565217,0.006,0.6777,True
1003,left_shoulder,784.6,94.006,0.249435,-0.45883965,1.061,0.7707,True
1003,left_toe_tip,674.132,126.862,0.0889212799999998,-0.6073751721739131,0.0091999999999998,0.6515,True
1003,right_shoulder,,,,,,0.0114,True
1003,right_toe_tip,784.568,149.026,0.2988471982608695,-0.4361199491304347,0.0012,0.84,True
1004,left_shoulder,779.4799999999999,93.7,0.2409971826086955,-0.4601200869565217,1.0584,0.8023,True
1004,left_toe_tip,674.0420000000001,126.782,0.0884351956521743,-0.6058598043478262,0.016,0.6216,True
1004,right_shoulder,,,,,,0.0092,True
1004,right_toe_tip,783.92,148.78000000000003,0.2978518260869564,-0.4371335652173912,0.004,0.8369,True
1005,left_shoulder,774.7860000000001,93.718,0.2337365047826088,-0.4617677204347826,1.0551,0.8371,True
1005,left_toe_tip,673.9460000000001,126.736,0.0878020669565221,-0.6033424069565217,-0.0185999999999999,0.6787,True
1005,right_shoulder,,,,,,0.023,True
1005,right_toe_tip,783.5740000000001,148.80599999999998,0.2978224147826088,-0.4380898147826088,-0.0004,0.8916,True
1006,left_shoulder,769.906,93.622,0.2265165273913043,-0.4644821604347826,1.0488,0.8717,True
1006,left_toe_tip,673.802,126.672,0.0871136326086957,-0.6013268347826087,-0.01,0.8606,True
1006,right_shoulder,,,,,,0.0121,True
1006,right_toe_tip,783.4300000000001,148.874,0.2979602347826088,-0.4385913165217391,-0.0032,0.873,True
1007,left_shoulder,765.202,92.84,0.2186407969565217,-0.4665426695652173,1.0494,0.8525,True
1007,left_toe_tip,673.6740000000001,126.696,0.0867251908695654,-0.6008592365217392,-0.0084,0.8454,True
1007,right_shoulder,,,,,,0.0106,True
1007,right_toe_tip,783.388,148.80800000000002,0.2978729843478261,-0.438728424347826,-0.0032,0.8903,True
1008,left_shoulder,761.038,92.872,0.2120270008695652,-0.4679385704347826,1.0474,0.8453,True
1008,left_toe_tip,673.61,126.74,0.0863411673913043,-0.5992246565217391,-0.0024,0.8702,True
1008,right_shoulder,,,,,,0.0255,True
1008,right_toe_tip,783.018,148.558,0.2969178043478261,-0.4389719782608696,-0.002,0.9135,True
1009,left_shoulder,757.086,92.484,0.2057150113043478,-0.4700139808695651,1.0476,0.9065,True
1009,left_toe_tip,673.552,126.896,0.0861921704347826,-0.5988239060869565,0.0125999999999999,0.8865,True
1009,right_shoulder,,,,,,0.0147,True
1009,right_toe_tip,782.7760000000001,148.434,0.2962602000000001,-0.43899945,-0.001,0.9358,True
1010,left_shoulder,753.2760000000001,92.052,0.1992672591304349,-0.4713554817391304,1.0516,0.8661,True
1010,left_toe_tip,673.65,127.048,0.0867292173913042,-0.6004084591304347,0.0048000000000001,0.8781,True
1010,right_shoulder,,,,,,0.0193,True
1010,right_toe_tip,782.492,148.22400000000002,0.294989416521739,-0.4384223582608695,0.0064,0.9498,True
1011,left_shoulder,749.9739999999999,92.166,0.193841128695652,-0.4720865373913043,1.0534,0.7876,True
1011,left_toe_tip,673.994,127.148,0.08771191,-0.60080878,0.0321999999999998,0.8842,True
1011,right_shoulder,,,,,,0.0248,True
1011,right_toe_tip,782.154,147.878,0.2937025252173912,-0.4382624973913044,0.0102,0.9427,True
1012,left_shoulder,746.9440000000001,92.412,0.1891978852173914,-0.4733980747826087,1.0474,0.8572,True
1012,left_toe_tip,674.408,127.274,0.08903444,-0.6022038213043477,0.0254,0.8942,True
1012,right_shoulder,,,,,,0.0333,False
1012,right_toe_tip,781.7439999999999,147.67000000000002,0.2928554295652172,-0.4386922434782608,0.0072,0.9211,True
1013,left_shoulder,744.144,92.392,0.18512728,-0.4757023078260869,1.0446,0.78,True
1013,left_toe_tip,674.902,127.342,0.0905403404347827,-0.603545198695652,0.0194,0.9171,True
1013,right_shoulder,,,,,,0.0251,True
1013,right_toe_tip,781.142,147.41000000000005,0.2919491586956523,-0.4397377934782608,0.005,0.9216,True
1014,left_shoulder,741.568,92.808,0.1809014399999999,-0.4758921860869565,1.0419,0.8606,True
1014,left_toe_tip,675.3900000000001,127.402,0.0918985978260872,-0.6039963282608695,0.017,0.9323,True
1014,right_shoulder,,,,,,0.0169,True
1014,right_toe_tip,780.164,146.922,0.2900785391304347,-0.4409788173913043,0.01,0.8874,True
1015,left_shoulder,739.1679999999999,93.158,0.1774676034782606,-0.4775311617391304,1.0366,0.9036,True
1015,left_toe_tip,675.78,127.558,0.092740204347826,-0.6024795578260869,0.0464,0.938,True
1015,right_shoulder,,,,,,0.0185,True
1015,right_toe_tip,778.9639999999999,145.36200000000002,0.2881690426086955,-0.4450938873913043,0.0062,0.8609,True
1016,left_shoulder,737.058,92.946,0.1744301056521739,-0.479942482173913,1.0351,0.8196,True
1016,left_toe_tip,675.988,127.734,0.0932480373913045,-0.6018214030434784,0.0471999999999998,0.944,True
1016,right_shoulder,,,,,,0.0164,True
1016,right_toe_tip,777.7239999999999,143.936,0.2862563399999999,-0.4490843269565217,0.0047999999999999,0.5514,True
1017,left_shoulder,735.06,93.096,0.1714179782608695,-0.4812975391304348,1.0295,0.8291,True
1017,left_toe_tip,676.016,127.792,0.0931170191304346,-0.6003586400000002,0.0524,0.9269,True
1017,right_shoulder,,,,,,0.0191,True
1017,right_toe_tip,775.7560000000001,142.506,0.2824905286956524,-0.4525766452173913,0.0075999999999999,0.4829,True
1018,left_shoulder,733.28,93.168,0.1683298434782608,-0.4815157460869566,1.0308,0.8479,True
1018,left_toe_tip,675.95,127.854,0.0928447826086957,-0.5995422782608696,0.055,0.9361,True
1018,right_shoulder,,,,,,0.0114,True
1018,right_toe_tip,773.378,140.66,0.2794559052173914,-0.4595649826086956,0.0074,0.3617,True
1019,left_shoulder,731.654,92.96399999999998,0.1660132886956521,-0.483683467826087,1.0251,0.9287,True
1019,left_toe_tip,675.926,127.992,0.0929546200000001,-0.6002954817391305,0.0505999999999999,0.9375,True
1019,right_shoulder,,,,,,0.0128,True
1019,right_toe_tip,770.774,137.93,0.2747391165217391,-0.466540104347826,0.0032,0.5767,True
1020,left_shoulder,730.3820000000001,92.516,0.1639450886956523,-0.4851927165217392,1.0252,0.806,True
1020,left_toe_tip,675.9159999999999,128.05599999999998,0.0933113295652172,-0.6026005965217391,0.0408000000000001,0.9249,True
1020,right_shoulder,,,,,,0.0222,True
1020,right_toe_tip,765.9278181818183,135.68290909090908,0.267701138702839,-0.4768600102335609,0.0122363636363636,0.6183,True
1021,left_shoulder,729.518,92.054,0.1623389469565218,-0.4859142460869565,1.0311,0.8902,True
1021,left_toe_tip,675.978,128.066,0.0934724082608694,-0.6025746160869565,0.0408000000000001,0.909,True
1021,right_shoulder,,,,,,0.024,True
1021,right_toe_tip,758.6874545454546,132.74072727272727,0.2576409092346388,-0.4933232908372259,-0.0005909090909087,0.6977,True
1022,left_shoulder,729.022,91.468,0.1614007565217391,-0.4868601913043478,1.0315,0.8416,True
1022,left_toe_tip,676.168,128.21200000000002,0.0942019147826087,-0.6037069626086955,0.0348000000000001,0.9287,True
1022,right_shoulder,,,,,,0.0198,True
1022,right_toe_tip,749.7669090909092,129.03345454545456,0.2453507348832196,-0.5162558746532518,-0.0383818181818178,0.7509,False
1023,left_shoulder,728.6859999999999,90.92,0.160926530869565,-0.4882632086956522,1.0301,0.8093,True
1023,left_toe_tip,676.3599999999999,128.37,0.095294817391304,-0.6070720173913043,0.0538000000000001,0.936,True
1023,right_shoulder,,,,,,0.0217,True
1023,right_toe_tip,738.8881818181819,125.12909090909092,0.2282636291771471,-0.5421526122888968,-0.0466363636363635,0.3359,False
1024,left_shoulder,728.316,90.388,0.1603511373913044,-0.4895216139130434,1.0291,0.7942,True
1024,left_toe_tip,676.384,128.44,0.0955000904347826,-0.6077946608695652,0.0501999999999998,0.9226,True
1024,right_shoulder,,,,,,0.0185,True
1024,right_toe_tip,726.1072727272727,121.63363636363638,0.2076359462809917,-0.5747879814049585,-0.009454545454545,0.1477,True
1025,left_shoulder,728.104,90.158,0.1601769026086957,-0.4905844882608695,1.0294,0.8503,True
1025,left_toe_tip,676.4,128.632,0.0955420869565216,-0.6072907026086957,0.0501999999999998,0.92,True
1025,right_shoulder,,,,,,0.0261,True
1025,right_toe_tip,719.7168181818181,119.88590909090912,0.1963341733965143,-0.5913758556189362,-0.030863636363636,0.1893,True
1026,left_shoulder,727.884,89.68599999999999,0.1599679852173913,-0.4920302439130434,1.0274,0.8962,True
1026,left_toe_tip,676.252,128.852,0.095492496521739,-0.6088739817391304,0.0415999999999999,0.9084,True
1026,right_shoulder,,,,,,0.0264,True
1026,right_toe_tip,713.3263636363636,118.13818181818182,0.1843737795544374,-0.608143856270212,-0.041272727272727,0.1965,True
1027,left_shoulder,727.582,89.02000000000001,0.159208844347826,-0.4925945130434783,1.0295999999999998,0.9014,True
1027,left_toe_tip,676.082,128.906,0.095225104347826,-0.6098872086956522,0.037,0.8755,True
1027,right_shoulder,,,,,,0.0289,True
1027,right_toe_tip,706.935909090909,116.39045454545456,0.1717547647547609,-0.6250919833587855,-0.024681818181818,0.1985,True
1028,left_shoulder,727.3120000000001,88.322,0.1586231269565219,-0.4935680534782608,1.0306,0.9029,True
1028,left_toe_tip,675.922,128.908,0.0947325613043478,-0.6094297939130434,0.0388000000000001,0.8912,True
1028,right_shoulder,,,,,,0.0223,True
1028,right_toe_tip,700.5454545454546,114.64272727272729,0.1584771289974849,-0.6422202368846567,-0.072090909090909,0.1231,True
1029,left_shoulder,727.214,87.578,0.1581227739130435,-0.4939129304347826,1.0315,0.9124,True
1029,left_toe_tip,675.8,128.878,0.0943719130434781,-0.6092576895652173,0.0398000000000001,0.8839,True
1029,right_shoulder,,,,,,0.0129,True
1029,right_toe_tip,,,,,,0.106,True
1030,left_shoulder,727.094,86.694,0.1578294747826087,-0.4952780034782608,1.0323,0.9329,True
1030,left_toe_tip,675.64,128.89,0.0937409478260869,-0.6078695413043479,0.0451999999999998,0.881,True
1030,right_shoulder,,,,,,0.0157,True
1030,right_toe_tip,623.86,93.67,-0.0522269347826086,-0.8618091413043477,-0.04,0.1038,True
1031,left_shoulder,726.846,86.004,0.15762549,-0.4973027399999999,1.0242,0.9365,True
1031,left_toe_tip,675.524,128.916,0.0933663391304348,-0.6073490347826087,0.047,0.8722,True
1031,right_shoulder,,,,,,0.0136,True
1031,right_toe_tip,618.095,94.995,-0.0707150543478259,-0.8555052717391305,-0.0165,0.0964,True
1032,left_shoulder,726.712,85.074,0.1575519339130434,-0.4995285886956521,1.0309,0.9422,True
1032,left_toe_tip,675.384,129.136,0.093067612173913,-0.607222507826087,0.0226999999999998,0.8676,True
1032,right_shoulder,,,,,,0.0118,True
1032,right_toe_tip,612.1366666666667,95.17333333333332,-0.0902226847826087,-0.8575202608695652,0.0015,0.7499,True
1033,left_shoulder,726.458,84.132,0.157297174347826,-0.5018998460869565,1.0232,0.9288,True
1033,left_toe_tip,675.286,129.5,0.0927408130434781,-0.6058141304347826,0.0245,0.9053,True
1033,right_shoulder,,,,,,0.0138,True
1033,right_toe_tip,606.5025,95.6925,-0.1089487982336954,-0.8596457792119565,0.00875,0.9133,True
1034,left_shoulder,726.162,82.99,0.1565900695652174,-0.5034355652173913,1.022,0.9349,True
1034,left_toe_tip,675.276,129.904,0.0932053269565216,-0.6079536486956522,0.0456999999999998,0.9392,True
1034,right_shoulder,,,,,,0.0135,True
1034,right_toe_tip,601.508,96.36,-0.1255257591304346,-0.8597529652173913,0.0178000000000001,0.8663,True
1035,left_shoulder,725.7139999999999,81.672,0.1552168739130433,-0.5040157043478259,1.025,0.9448,True
1035,left_toe_tip,675.258,130.18599999999998,0.0935333421739131,-0.609656574347826,0.0359,0.9672,True
1035,right_shoulder,,,,,,0.0146,True
1035,right_toe_tip,591.3219999999999,97.65,-0.1580447673913047,-0.8517820108695654,0.017,0.8892,True
1036,left_shoulder,725.252,80.462,0.1537871947826086,-0.5042622443478261,1.0374,0.943,True
1036,left_toe_tip,675.274,130.50799999999998,0.0938901860869565,-0.6108478365217392,0.0276999999999998,0.949,True
1036,right_shoulder,,,,,,0.0126,True
1036,right_toe_tip,582.604,98.824,-0.1866118643478259,-0.849162664347826,-0.0071999999999998,0.9479,True
1037,left_shoulder,724.396,78.894,0.1516192486956521,-0.50501304,1.0442,0.9441,True
1037,left_toe_tip,675.2520000000001,130.754,0.0940002243478262,-0.6112894426086957,0.0233000000000001,0.9457,True
1037,right_shoulder,,,,,,0.0118,True
1037,right_toe_tip,575.664,100.61,-0.2087003895652174,-0.8414386043478261,-0.0214,0.9189,True
1038,left_shoulder,723.25,76.798,0.1484383695652174,-0.5049614791304349,1.0786,0.9586,True
1038,left_toe_tip,675.142,130.792,0.093943733478261,-0.6127327773913044,0.0170999999999999,0.9442,True
1038,right_shoulder,,,,,,0.0135,True
1038,right_toe_tip,570.6479999999999,102.306,-0.2234491286956524,-0.8302788639130434,-0.0011999999999998,0.885,True
1039,left_shoulder,721.868,74.898,0.1454402817391305,-0.5064899008695651,1.1016,0.9795,True
1039,left_toe_tip,674.942,130.768,0.0930976417391304,-0.6107537808695651,0.0253000000000001,0.9589,True
1039,right_shoulder,,,,,,0.0244,True
1039,right_toe_tip,567.058,104.026,-0.2339218226086957,-0.8208974886956522,0.0125999999999999,0.9349,True
1040,left_shoulder,720.2520000000001,73.064,0.1422902852173914,-0.5087500034782609,1.1218,0.8661,True
1040,left_toe_tip,674.5960000000001,130.67000000000002,0.0920103182608698,-0.6099180913043478,0.0296999999999998,0.9406,True
1040,right_shoulder,,,,,,0.0315,True
1040,right_toe_tip,565.3199999999999,105.956,-0.2415735652173915,-0.8217771130434782,-0.013,0.9627,True
1041,left_shoulder,718.0020000000001,70.884,0.1379617982608696,-0.511358212173913,1.1488,0.8691,True
1041,left_toe_tip,674.2760000000001,130.83999999999995,0.0913306373913045,-0.6106117652173914,0.0250999999999999,0.9162,True
1041,right_shoulder,,,,,,0.0286,True
1041,right_toe_tip,564.482,107.744,-0.2432007939130435,-0.8123739965217391,-0.0058000000000001,0.9535,True
1042,left_shoulder,715.668,68.898,0.1334059739130434,-0.5132254826086956,1.184,0.9203,True
1042,left_toe_tip,674.1160000000001,130.90800000000002,0.0910081382608698,-0.6111278113043478,0.0223000000000001,0.8248,True
1042,right_shoulder,,,,,,0.0161,True
1042,right_toe_tip,564.35,109.254,-0.2438561304347825,-0.8082742799999999,-0.0085999999999999,0.9605,True
1043,left_shoulder,713.4039999999999,66.936,0.1294463582608693,-0.5168119930434782,1.1926,0.9508,True
1043,left_toe_tip,674.0740000000001,131.20200000000003,0.0911035056521741,-0.6117362178260868,0.0166999999999998,0.7703,True
1043,right_shoulder,,,,,,0.0141,True
1043,right_toe_tip,564.496,110.508,-0.2436973669565218,-0.8052625486956523,-0.0124,0.941,True
1044,left_shoulder,710.65,64.196,0.1246511739130434,-0.521901144347826,1.2008,0.9295,True
1044,left_toe_tip,674.0980000000001,131.67000000000002,0.0915383047826089,-0.6129667760869565,0.0256999999999998,0.818,True
1044,right_shoulder,,,,,,0.0143,True
1044,right_toe_tip,564.7360000000001,111.624,-0.241761057391304,-0.7978269078260869,0.0018000000000001,0.9027,True
1045,left_shoulder,707.442,61.34400000000001,0.1187858878260869,-0.5260241113043479,1.2036,0.9489,True
1045,left_toe_tip,674.2180000000001,132.09,0.0922993356521741,-0.614762452173913,0.0139,0.8337,True
1045,right_shoulder,,,,,,0.0127,True
1045,right_toe_tip,564.6279999999999,112.368,-0.2408626956521741,-0.7913457391304348,0.0165,0.9156,True
1046,left_shoulder,703.9599999999999,58.59,0.1127920695652172,-0.5315299826086958,1.2076,0.8807,True
1046,left_toe_tip,674.118,132.464,0.0922372713043479,-0.6151386295652174,0.0083000000000001,0.854,True
1046,right_shoulder,,,,,,0.0289,True
1046,right_toe_tip,564.48,112.926,-0.2419759304347825,-0.7916573230434784,0.0086999999999998,0.931,True
1047,left_shoulder,700.3340000000001,55.668000000000006,0.1067911800000001,-0.53866764,1.2016,0.9215,True
1047,left_toe_tip,673.96,132.808,0.091883947826087,-0.6147025286956522,0.0088000000000001,0.9349,True
1047,right_shoulder,,,,,,0.0301,True
1047,right_toe_tip,564.256,113.498,-0.2412940382608696,-0.7852696321739131,0.0191999999999998,0.9582,True
1048,left_shoulder,695.806,52.384,0.0986553026086957,-0.5438115895652174,1.2096,0.9433,True
1048,left_toe_tip,673.826,133.26399999999998,0.0916611065217391,-0.6144052695652173,0.005,0.9032,True
1048,right_shoulder,,,,,,0.0172,True
1048,right_toe_tip,563.814,114.204,-0.2429174047826088,-0.7837152026086956,0.0165999999999999,0.9614,True
1049,left_shoulder,691.0600000000001,49.532,0.0903762000000001,-0.54952836,1.2076,0.9463,True
1049,left_toe_tip,673.96,133.856,0.0923416695652174,-0.6149150330434782,-0.0035999999999999,0.9177,True
1049,right_shoulder,,,,,,0.0141,True
1049,right_toe_tip,563.35,114.682,-0.245479956521739,-0.7856575600000001,-0.0094,0.9743,True
1050,left_shoulder,685.884,46.032,0.0808356382608695,-0.5531297113043478,1.2212,0.9421,True
1050,left_toe_tip,673.976,134.334,0.0927027773913043,-0.6157247752173913,0.0233000000000001,0.9094,True
1050,right_shoulder,,,,,,0.0209,True
1050,right_toe_tip,563.0899999999999,115.154,-0.2451255456521741,-0.7803667839130435,-0.0011999999999998,0.9759,True
1051,left_shoulder,680.48,42.14,0.0710688,-0.5580516,1.2268,0.9317,True
1051,left_toe_tip,673.976,134.728,0.092769252173913,-0.615090504347826,0.0215,0.7665,True
1051,right_shoulder,,,,,,0.0289,True
1051,right_toe_tip,562.74,115.672,-0.2466945391304347,-0.7801499269565216,-0.0065999999999999,0.9685,True
1052,left_shoulder,674.638,38.768,0.06072192,-0.5631336626086956,1.2352,0.8787,True
1052,left_toe_tip,673.596,135.01399999999998,0.0918996669565217,-0.6154345300000001,0.0004,0.8183,True
1052,right_shoulder,,,,,,0.0153,True
1052,right_toe_tip,562.484,116.088,-0.2476130660869564,-0.7791397669565217,-0.0078000000000001,1.0,True
1053,left_shoulder,669.168,35.62,0.0511581356521739,-0.5689343130434782,1.2314,0.8799,True
1053,left_toe_tip,673.5939999999999,135.286,0.0919307113043476,-0.6149347460869565,-0.0005999999999999,0.8043,True
1053,right_shoulder,,,,,,0.0161,True
1053,right_toe_tip,562.368,116.524,-0.2477642156521737,-0.7770589469565217,-0.0181999999999998,0.9902,True
1054,left_shoulder,663.0620000000001,32.036,0.0402632439130437,-0.5725823660869566,1.2448,0.873,True
1054,left_toe_tip,673.516,135.76399999999998,0.0921544278260868,-0.6165515060869565,0.0214,0.7847,True
1054,right_shoulder,,,,,,0.0126,True
1054,right_toe_tip,562.4240000000001,116.89,-0.2465904939130432,-0.7727727,-0.0064,1.0,True
1055,left_shoulder,657.3580000000001,28.844,0.0304406491304348,-0.5807468373913044,1.2475999999999998,0.8869,True
1055,left_toe_tip,673.96,136.512,0.0938920173913044,-0.6178957356521739,0.0074,0.7473,True
1055,right_shoulder,,,,,,0.0149,True
1055,right_toe_tip,562.576,117.238,-0.2468647408695651,-0.7740413595652175,-0.0154,1.0,True
1056,left_shoulder,651.688,25.352,0.0204336730434782,-0.5850520034782609,1.2526,0.8929,True
1056,left_toe_tip,675.4820000000001,137.548,0.099357313478261,-0.6229139591304347,0.0608000000000001,0.6722,True
1056,right_shoulder,,,,,,0.019,True
1056,right_toe_tip,562.8,117.496,-0.245261043478261,-0.7704246643478261,-0.0048000000000001,1.0,True
1057,left_shoulder,646.23,21.732000000000003,0.0108591608695652,-0.5896158313043477,1.2759,0.8719,True
1057,left_toe_tip,676.452,138.416,0.1030244460869565,-0.6262638226086955,0.0368000000000001,0.576,True
1057,right_shoulder,,,,,,0.0148,True
1057,right_toe_tip,563.04,117.75,-0.2466233391304348,-0.7763059239130435,-0.0301999999999998,0.9972,True
1058,left_shoulder,640.61,18.54,0.0010637869565217,-0.5954765478260869,1.2876,0.8409,True
1058,left_toe_tip,677.076,138.778,0.1055457,-0.6297613239130435,0.0535,0.6083,True
1058,right_shoulder,,,,,,0.016,True
1058,right_toe_tip,563.266,117.964,-0.245365305652174,-0.7739364182608696,-0.0308000000000001,0.9901,True
1059,left_shoulder,635.408,15.21,-0.0079611304347825,-0.5977609239130435,1.2935,0.9531,True
1059,left_toe_tip,676.1600000000001,137.71,0.1020576695652176,-0.6273893630434783,0.0404,0.5585,True
1059,right_shoulder,,,,,,0.0169,True
1059,right_toe_tip,563.478,118.258,-0.2468000852173914,-0.7796705026086956,-0.0561999999999998,0.9763,True
1060,left_shoulder,630.366,12.207999999999998,-0.0167233673913043,-0.603721547826087,1.295,0.9157,True
1060,left_toe_tip,673.6386666666666,137.874,0.093937195458937,-0.6202949030434782,0.0168666666666667,0.6895,True
1060,right_shoulder,,,,,,0.0116,True
1060,right_toe_tip,563.518,118.566,-0.2465713173913042,-0.7783622217391306,-0.055,0.98,True
1061,left_shoulder,625.842,9.902,-0.024702632173913,-0.6108449017391304,1.3223,0.8004,True
1061,left_toe_tip,668.9979999999999,138.924,0.0795805982608693,-0.60670944,0.0011999999999998,0.623,True
1061,right_shoulder,,,,,,0.0226,True
1061,right_toe_tip,563.592,118.898,-0.2456849408695652,-0.7752477569565217,-0.0471999999999998,0.9747,True
1062,left_shoulder,621.358,7.709999999999999,-0.0325262373913044,-0.6146694652173913,1.3318,0.8048,True
1062,left_toe_tip,663.9280000000001,141.73399999999998,0.0646576173913046,-0.589792691304348,-0.021,0.1911,True
1062,right_shoulder,,,,,,0.0251,True
1062,right_toe_tip,563.634,119.252,-0.2434415269565217,-0.7674627547826087,-0.0348000000000001,0.9569,True
1063,left_shoulder,617.12,5.586,-0.0399106782608695,-0.6182212904347826,1.3322,0.746,True
1063,left_toe_tip,658.978,144.66199999999998,0.0505626178260868,-0.5737197279710146,-0.0451333333333332,0.2004,True
1063,right_shoulder,,,,,,0.0239,True
1063,right_toe_tip,563.7,119.542,-0.243446760869565,-0.7672178404347826,-0.0374,0.9184,True
1064,left_shoulder,613.548,4.424,-0.0465325182608695,-0.625504563478261,1.3186,0.624,True
1064,left_toe_tip,655.5540000000001,148.416,0.0412755821739132,-0.5614795408695653,0.0075999999999999,0.3031,True
1064,right_shoulder,,,,,,0.0255,True
1064,right_toe_tip,563.598,119.718,-0.2419950304347827,-0.7610671173913043,-0.016,0.8923,True
1065,left_shoulder,610.406,3.626,-0.0520146717391305,-0.6263660413043478,1.314,0.4281,True
1065,left_toe_tip,653.6213333333334,150.682,0.0360442195169083,-0.5538887975362319,0.0305333333333333,0.1823,True
1065,right_shoulder,,,,,,0.0302,True
1065,right_toe_tip,563.586,119.976,-0.2412855108695651,-0.7579018695652174,-0.007,0.8992,True
1066,left_shoulder,607.692,3.224,-0.0566724460869565,-0.62583164,1.3232000000000002,0.3043,True
1066,left_toe_tip,655.1700000000001,147.18800000000002,0.0400488000000002,-0.56182368,-0.0228000000000001,0.2106,True
1066,right_shoulder,,,,,,0.0297,True
1066,right_toe_tip,563.504,120.29,-0.2411286956521738,-0.755607608695652,-0.002,0.8866,True
1067,left_shoulder,605.3480000000001,2.965,-0.0610138856521738,-0.6286532570652175,1.3371,0.2679,True
1067,left_toe_tip,657.552,142.168,0.0460892626086957,-0.5719984191304348,-0.0528000000000001,0.4331,True
1067,right_shoulder,,,,,,0.0293,True
1067,right_toe_tip,563.2819999999999,120.65,-0.241728411304348,-0.7541606304347825,-0.0008000000000001,0.8635,True
1068,left_shoulder,603.3520000000001,3.025,-0.0649187452173911,-0.6323501711956523,1.3333,0.3511,True
1068,left_toe_tip,654.8480000000001,137.81,0.0379506272463769,-0.5679047594202897,-0.1104666666666667,0.6431,True
1068,right_shoulder,,,,,,0.0255,True
1068,right_toe_tip,562.854,120.984,-0.2419030226086955,-0.7494710400000001,0.0071999999999998,0.9133,True
1069,left_shoulder,601.356,3.253,-0.0685216926086956,-0.6325667185869566,1.3527,0.2826,True
1069,left_toe_tip,650.894,134.472,0.027109482173913,-0.5612215252173913,-0.1244000000000001,0.7617,True
1069,right_shoulder,,,,,,0.0289,True
1069,right_toe_tip,562.5319999999999,121.418,-0.2432326791304349,-0.749095614347826,0.0034,0.9102,True
1070,left_shoulder,599.3688000000001,3.3358,-0.072149528469565,-0.6333348227956521,1.35034,0.4471,True
1070,left_toe_tip,644.995,132.02800000000002,0.0120346923913043,-0.5492638426086957,-0.1080999999999999,0.7505,True
1070,right_shoulder,,,,,,0.0315,True
1070,right_toe_tip,562.26,121.87,-0.2433431,-0.7453986673913044,0.0061999999999998,0.8893,True
1071,left_shoulder,597.3904,3.2734,-0.0758071098782608,-0.6346553960304347,1.36022,0.3292,True
1071,left_toe_tip,635.161,134.75,-0.0112275319565218,-0.5226289673913043,-0.0625999999999999,0.7751,True
1071,right_shoulder,,,,,,0.0286,True
1071,right_toe_tip,562.1797647058823,122.1829411764706,-0.2426140373943132,-0.7414235717015195,0.0177882352941173,0.7314,True
1072,left_shoulder,595.5768,3.1408,-0.0789361635130433,-0.6341077671652174,1.37624,0.2688,True
1072,left_toe_tip,624.039,138.76399999999998,-0.0357908076086956,-0.4960976826086957,-0.115,0.8087,False
1072,right_shoulder,,,,,,0.0314,True
1072,right_toe_tip,562.3352941176471,122.32682352941178,-0.2401726405897396,-0.7349875820911689,0.0409647058823529,0.416,True
1073,left_shoulder,593.928,2.938,-0.0815073773913043,-0.6316892513043478,1.3904,0.2116,True
1073,left_toe_tip,616.3789999999999,142.994,-0.0525978050000002,-0.4832157517391304,-0.1190999999999999,0.8117,True
1073,right_shoulder,,,,,,0.0314,True
1073,right_toe_tip,562.8465882352941,122.43164705882354,-0.2366153066044831,-0.728578391868512,0.0645294117647058,0.021,True
1074,left_shoulder,592.522,2.682,-0.0840360599999999,-0.63245286,1.3896,0.1987,True
1074,left_toe_tip,607.999,147.01600000000002,-0.0703465460869564,-0.4681943930434782,-0.0674,0.8947,True
1074,right_shoulder,,,,,,0.0282,True
1074,right_toe_tip,563.5376470588236,122.5094117647059,-0.2307266166691738,-0.7166324054460658,0.1098823529411765,0.0186,True
1075,left_shoulder,591.3392,2.5752,-0.0860788395130434,-0.6322689309913043,1.39056,0.263,True
1075,left_toe_tip,599.698,151.42399999999998,-0.0876480886956522,-0.4536074573913043,-0.0177999999999999,0.8681,True
1075,right_shoulder,,,,,,0.0302,True
1075,right_toe_tip,564.3364705882353,122.42411764705882,-0.2256069712652323,-0.7083832287498119,0.1488235294117648,0.0495,False
1076,left_shoulder,590.2206,2.5911,-0.0879915824652174,-0.6317668493021739,1.39878,0.3178,True
1076,left_toe_tip,591.12,155.882,-0.1061758608695652,-0.4433797947826087,-0.0304,0.9616,True
1076,right_shoulder,,,,,,0.0316,True
1076,right_toe_tip,564.7358823529412,122.38147058823527,-0.2230686003460207,-0.7042563498946894,0.1652941176470585,0.0235,True
1077,left_shoulder,589.1662,2.7297,-0.0897735958826086,-0.6309471165456523,1.40026,0.3234,True
1077,left_toe_tip,582.696,159.99399999999997,-0.1243995095652173,-0.4341869382608697,-0.0692,0.9176,True
1077,right_shoulder,,,,,,0.0285,True
1077,right_toe_tip,565.135294117647,122.33882352941175,-0.2205445306153152,-0.7001279440349031,0.1817647058823527,0.0147,True
1078,left_shoulder,588.176,2.991,-0.0914242956521738,-0.6298104423913043,1.402,0.2781,True
1078,left_toe_tip,573.6600000000001,164.136,-0.1425156260869563,-0.4207669669565217,-0.0544,0.9884,True
1078,right_shoulder,,,,,,0.0293,True
1078,right_toe_tip,565.534705882353,122.29617647058822,-0.2180347620731154,-0.695998011170453,0.2042352941176468,0.0209,True
1079,left_shoulder,587.25,3.375,-0.0929432065217391,-0.6283577445652173,1.404,0.2447,True
1079,left_toe_tip,564.365,168.353,-0.1607161538043478,-0.4072290438043478,-0.0329,0.9535,True
1079,right_shoulder,,,,,,0.0287,True
1079,right_toe_tip,565.9341176470589,122.25352941176472,-0.2155392947194221,-0.691866551301339,0.220705882352941,0.0431,True
1080,left_shoulder,586.27,3.899,-0.0947633673913043,-0.6280537854347825,1.4024,0.235,True
1080,left_toe_tip,554.707,172.177,-0.1788649835869565,-0.393877080326087,-0.0152999999999999,0.9632,True
1080,right_shoulder,,,,,,0.0271,True
1080,right_toe_tip,,,,,,0.0354,True
1081,left_shoulder,585.333,4.503500000000001,-0.0968140685869565,-0.6295765733152174,1.3957,0.4532,True
1081,left_toe_tip,545.859,175.949,-0.1937974346739129,-0.3788849879347826,-0.0229,0.8947,False
1081,right_shoulder,,,,,,0.0233,True
1081,right_toe_tip,,,,,,0.0224,False
1082,left_shoulder,584.163,5.1125,-0.0991895751086956,-0.6304267839673912,1.3907,0.6119,True
1082,left_toe_tip,537.4710000000001,179.30300000000005,-0.2067631018478258,-0.364399069673913,-0.0232999999999999,0.9667,True
1082,right_shoulder,,,,,,0.0246,True
1082,right_toe_tip,,,,,,0.0245,True
1083,left_shoulder,582.736,5.472,-0.1022286886956522,-0.6329095513043479,1.3896,0.6299,True
1083,left_toe_tip,530.115,182.80900000000003,-0.2188980864130434,-0.3529760279347825,-0.0102,0.8927,True
1083,right_shoulder,,,,,,0.0219,True
1083,right_toe_tip,,,,,,0.0176,True
1084,left_shoulder,581.08,5.67,-0.1056076956521738,-0.6350980108695652,1.383,0.6829,True
1084,left_toe_tip,524.098,186.264,-0.2298135091304348,-0.3444882730434782,-0.0077,1.0,True
1084,right_shoulder,,,,,,0.0235,True
1084,right_toe_tip,,,,,,0.0259,True
1085,left_shoulder,579.332,5.804,-0.1087671730434783,-0.6350118286956522,1.3861,0.6312,True
1085,left_toe_tip,518.7880000000001,189.292,-0.2402896147826084,-0.3384100547826086,-0.0062999999999999,0.9713,True
1085,right_shoulder,,,,,,0.0301,True
1085,right_toe_tip,,,,,,0.0215,True
1086,left_shoulder,577.482,6.346,-0.1116082208695652,-0.6313492713043478,1.3931,0.5653,True
1086,left_toe_tip,513.9739999999999,191.97,-0.2489013500000001,-0.3318592499999999,0.007,0.9363,True
1086,right_shoulder,,,,,,0.0311,True
1086,right_toe_tip,,,,,,0.0415,True
1087,left_shoulder,575.9259999999999,7.142,-0.1142745860869566,-0.6293145721739131,1.3982,0.5791,True
1087,left_toe_tip,509.918,194.57800000000003,-0.2573644091304348,-0.3272838308695651,0.0052999999999999,0.9877,True
1087,right_shoulder,,,,,,0.0299,True
1087,right_toe_tip,575.52,121.23,-0.1599384347826087,-0.5922534130434782,0.681,0.016,True
1088,left_shoulder,574.506,8.808,-0.1170206926086957,-0.6274884886956522,1.4022,0.7863,True
1088,left_toe_tip,506.5780000000001,196.43,-0.2642045647826085,-0.3239041586956521,0.0007,0.9612,True
1088,right_shoulder,,,,,,0.0186,True
1088,right_toe_tip,574.785,121.755,-0.1613362391304348,-0.5893974130434781,0.687,0.0256,True
1089,left_shoulder,573.088,11.452000000000002,-0.1190451756521739,-0.6201123547826087,1.4197,0.8743,True
1089,left_toe_tip,503.492,197.912,-0.269573624347826,-0.3200885634782608,-0.0017999999999999,0.9282,True
1089,right_shoulder,,,,,,0.0197,True
1089,right_toe_tip,573.8233333333333,122.29333333333334,-0.1629240760869567,-0.5852234782608695,0.6785,0.5411,True
1090,left_shoulder,571.082,14.696000000000002,-0.1225541826086956,-0.6140405913043477,1.417,0.9686,True
1090,left_toe_tip,501.21,199.354,-0.2733861282608695,-0.3164376969565217,0.0012999999999999,0.9208,True
1090,right_shoulder,,,,,,0.0157,True
1090,right_toe_tip,572.64,122.6475,-0.1651601304347826,-0.5819651107336956,0.68475,0.7096,True
1091,left_shoulder,568.7639999999999,17.964000000000002,-0.1268000800000001,-0.60882408,1.4154,0.8428,True
1091,left_toe_tip,499.666,200.532,-0.2760003691304348,-0.3136319556521739,0.0055999999999999,0.9456,True
1091,right_shoulder,,,,,,0.0131,True
1091,right_toe_tip,571.39,123.144,-0.1678111108695652,-0.5793188817391304,0.6903000000000001,0.6426,True
1092,left_shoulder,566.054,21.688,-0.1312380747826087,-0.6004302539130435,1.4132,0.7943,True
1092,left_toe_tip,498.378,201.566,-0.2778869939130435,-0.3108750617391305,-0.0002,0.9456,True
1092,right_shoulder,,,,,,0.0156,True
1092,right_toe_tip,569.6637777777778,123.70755555555554,-0.1707114479495436,-0.5735000268169619,0.6915888888888889,0.5815,True
1093,left_shoulder,562.9620000000001,25.97,-0.1356538695652172,-0.5881832608695652,1.419,0.799,True
1093,left_toe_tip,497.43,202.636,-0.2789722978260869,-0.3079202965217391,0.0147999999999999,0.973,True
1093,right_shoulder,,,,,,0.0125,True
1093,right_toe_tip,568.3313333333333,123.84466666666668,-0.1722800492270532,-0.5676797733816425,0.6994666666666662,0.3754,True
1094,left_shoulder,559.1980000000001,29.904000000000003,-0.1425628330434781,-0.5824041600000001,1.3948,0.8292,True
1094,left_toe_tip,496.9440000000001,203.574,-0.280078768695652,-0.3062549034782609,0.0137999999999999,0.9758,True
1094,right_shoulder,,,,,,0.0178,True
1094,right_toe_tip,567.5286666666667,123.54733333333334,-0.1724397609661835,-0.5626202726570048,0.7219333333333334,0.1403,True
1095,left_shoulder,555.7839999999999,34.652,-0.1485863165217393,-0.5740270365217391,1.3738,0.8414,True
1095,left_toe_tip,496.704,204.302,-0.2812651269565216,-0.3056080960869565,0.0092,0.9756,True
1095,right_shoulder,,,,,,0.0156,True
1095,right_toe_tip,567.3877777777777,122.96555555555555,-0.1707264181427805,-0.5573172179280729,0.7478888888888892,0.0155,True
1096,left_shoulder,551.7719999999999,39.694,-0.1553580000000001,-0.5640170869565218,1.337,0.8325,True
1096,left_toe_tip,496.124,204.974,-0.2839987130434783,-0.3060078434782609,0.0095,0.9635,True
1096,right_shoulder,,,,,,0.0233,True
1096,right_toe_tip,567.8866666666667,121.88333333333333,-0.1670102995169082,-0.5514643961352658,0.790333333333333,0.0176,True
1097,left_shoulder,547.58,45.35,-0.1625386521739129,-0.5533735869565217,1.3,0.8476,True
1097,left_toe_tip,495.266,205.71400000000003,-0.2848742686956522,-0.3036750965217391,0.0042,0.9434,True
1097,right_shoulder,,,,,,0.0076,True
1097,right_toe_tip,568.1361111111111,121.34222222222222,-0.1651654354535696,-0.5485093612453031,0.8065555555555557,0.0184,True
1098,left_shoulder,543.108,50.604,-0.1702771582608696,-0.54372984,1.2942,0.8216,True
1098,left_toe_tip,494.016,206.422,-0.2880645147826088,-0.303049457826087,0.0005999999999999,0.9773,True
1098,right_shoulder,,,,,,0.015,True
1098,right_toe_tip,568.3855555555556,120.8011111111111,-0.1633293682232957,-0.5455352436929685,0.8387777777777778,0.019,True
1099,left_shoulder,538.308,56.44,-0.1786242086956522,-0.5332097391304348,1.2885,0.8777,True
1099,left_toe_tip,492.66,207.18400000000003,-0.2903238608695652,-0.3011139617391303,-0.0077999999999999,0.9904,True
1099,right_shoulder,,,,,,0.013,True
1099,right_toe_tip,568.635,120.26,-0.1615020978260869,-0.5425420434782608,0.868,0.014,True
1100,left_shoulder,533.216,62.152,-0.1862684382608695,-0.5195505113043478,1.2812,0.8149,True
1100,left_toe_tip,491.322,207.958,-0.2929603026086956,-0.2995888452173913,0.0032,0.9725,True
1100,right_shoulder,,,,,,0.009,True
1100,right_toe_tip,569.8822222222223,117.55444444444444,-0.1524976983360171,-0.5272898024691358,0.976111111111111,0.0139,True
1101,left_shoulder,528.242,68.086,-0.1935599969565218,-0.5055823560869566,1.2606,0.7186,True
1101,left_toe_tip,490.262,208.72200000000004,-0.2949513082608695,-0.2979847734782608,-0.0062,0.9821,True
1101,right_shoulder,,,,,,0.014,True
1101,right_toe_tip,568.125,118.03,-0.1505078125,-0.5066904402173913,1.0235,0.0201,True
1102,left_shoulder,522.38,73.088,-0.2019995652173913,-0.4927401739130435,1.241,0.8559,True
1102,left_toe_tip,489.5100000000001,209.312,-0.2977084782608695,-0.2981001739130435,-0.009,0.9703,True
1102,right_shoulder,,,,,,0.0139,True
1102,right_toe_tip,566.2366666666667,118.80666666666669,-0.1524709480676328,-0.4985536111111111,1.032333333333333,0.4755,True
1103,left_shoulder,516.794,79.274,-0.2100930139130435,-0.4786988573913043,1.2137,0.6264,True
1103,left_toe_tip,489.11,209.814,-0.2975157173913043,-0.2961276130434783,-0.003,0.9662,True
1103,right_shoulder,,,,,,0.0112,True
1103,right_toe_tip,565.195,119.19,-0.1533502499999998,-0.4936604999999999,1.032,0.8325,True
1104,left_shoulder,511.576,85.47200000000001,-0.2160594208695652,-0.4618635200000001,1.2027,0.4876,True
1104,left_toe_tip,488.78,210.102,-0.2984951304347825,-0.2958856173913043,-0.005,0.9612,True
1104,right_shoulder,,,,,,0.0143,False
1104,right_toe_tip,564.4399999999999,119.402,-0.1554893391304349,-0.4951088408695652,1.0178,0.8394,True
1105,left_shoulder,505.742,90.774,-0.2240357408695652,-0.4492562556521739,1.1398,0.6568,True
1105,left_toe_tip,488.716,210.352,-0.2989503391304348,-0.2957174608695652,-0.007,0.9581,True
1105,right_shoulder,,,,,,0.0151,True
1105,right_toe_tip,562.4,120.422,-0.167422,-0.516889535,0.9131,0.8567,True
1106,left_shoulder,500.198,96.516,-0.2321624952173913,-0.4375552773913044,1.1252,0.5627,True
1106,left_toe_tip,488.714,210.598,-0.2997107213043479,-0.2959783534782608,-0.0115999999999999,0.9612,True
1106,right_shoulder,,,,,,0.0312,False
1106,right_toe_tip,561.3140000000001,120.434,-0.1860154145652172,-0.5663392319565217,0.7141,0.8845,True
1107,left_shoulder,495.588,103.538,-0.2386565269565217,-0.4238313313043478,1.1301,0.4693,True
1107,left_toe_tip,488.834,210.776,-0.2993744043478261,-0.2955283999999999,0.005,0.9707,True
1107,right_shoulder,,,,,,0.012,True
1107,right_toe_tip,560.966,120.83,-0.2048097384782608,-0.6197882576086958,0.5019000000000001,0.891,False
1108,left_shoulder,490.784,109.304,-0.2451034991304348,-0.4117954295652174,1.1368,0.6767,True
1108,left_toe_tip,488.93,210.95,-0.3005636173913043,-0.2965446956521739,-0.0034,0.9768,True
1108,right_shoulder,,,,,,0.0288,True
1108,right_toe_tip,560.7059999999999,121.386,-0.2229798993478263,-0.6709981297826086,0.2919000000000001,0.8786,True
1109,left_shoulder,486.068,115.2,-0.2520134547826086,-0.4007801739130435,1.1258,0.8365,True
1109,left_toe_tip,489.052,211.06,-0.3006818530434783,-0.2966820043478261,-0.0055999999999999,0.9794,True
1109,right_shoulder,,,,,,0.0142,True
1109,right_toe_tip,560.546,121.996,-0.2393206297826085,-0.71688357,0.1079,0.8913,True
1110,left_shoulder,481.9860000000001,121.558,-0.2583528899999999,-0.38985267,1.0868,0.7478,True
1110,left_toe_tip,489.152,211.162,-0.3001547269565217,-0.2961552639130435,-0.0035999999999999,0.9831,True
1110,right_shoulder,,,,,,0.0248,True
1110,right_toe_tip,560.484,122.55,-0.2472429017391303,-0.7383146413043478,0.0184,0.8633,True
1111,left_shoulder,477.836,127.514,-0.26432732,-0.3789521799999999,1.0864,0.7522,True
1111,left_toe_tip,489.13,211.134,-0.2997065347826086,-0.2957255452173912,-0.0005999999999999,0.9833,True
1111,right_shoulder,,,,,,0.0291,False
1111,right_toe_tip,560.598,123.098,-0.2466640391304349,-0.7359412130434783,0.021,0.8691,True
1112,left_shoulder,473.646,132.38600000000002,-0.2710485282608695,-0.3708623760869565,1.0745,0.7277,True
1112,left_toe_tip,489.066,211.164,-0.3005883421739131,-0.2964101295652174,-0.0052,0.9662,True
1112,right_shoulder,398.25,5.85,-0.3739241847826087,-0.5477776630434782,0.999,0.1615,True
1112,right_toe_tip,560.444,123.28799999999998,-0.245551323478261,-0.7306167339130435,0.0394,0.7994,True
1113,left_shoulder,469.754,138.094,-0.27790809,-0.3622374247826087,1.0567,0.8646,True
1113,left_toe_tip,489.03,211.076,-0.3002662021739129,-0.2961968860869565,-0.0027999999999999,0.9571,True
1113,right_shoulder,395.125,9.17,-0.3787577445652174,-0.5426424891304348,1.01,0.3177,False
1113,right_toe_tip,560.0899999999999,123.532,-0.2462270304347828,-0.7286298765217392,0.0441999999999998,0.783,True
1114,left_shoulder,466.388,142.972,-0.2831007852173913,-0.35389718,1.0557999999999998,0.7878,True
1114,left_toe_tip,488.948,211.192,-0.3006591547826087,-0.2961926191304347,-0.0042,0.9604,True
1114,right_shoulder,392.7466666666666,11.773333333333332,-0.3846760193236715,-0.5417700386473431,1.0176666666666667,0.4518,True
1114,right_toe_tip,560.016,123.744,-0.2453074504347827,-0.7245868799999999,0.0574,0.5826,True
1115,left_shoulder,463.234,147.554,-0.2884359991304347,-0.3466564513043478,1.0648,0.816,True
1115,left_toe_tip,488.852,211.26,-0.3010145278260869,-0.2962189434782609,-0.0052,0.9609,True
1115,right_shoulder,390.4075,14.14,-0.3899882812499999,-0.5404062500000001,1.0205,0.6449,True
1115,right_toe_tip,559.8,124.03400000000002,-0.2449238260869566,-0.7206196452173913,0.0694,0.4736,True
1116,left_shoulder,460.394,151.898,-0.2933434517391305,-0.3398848534782608,1.0659,0.8349,True
1116,left_toe_tip,488.812,211.384,-0.3015214591304347,-0.2963919965217391,-0.0077999999999999,0.9576,True
1116,right_shoulder,388.136,16.53,-0.3923055565217391,-0.5349918586956522,1.037,0.852,True
1116,right_toe_tip,559.392,124.338,-0.2441020521739129,-0.7136460130434782,0.093,0.5461,True
1117,left_shoulder,457.90199999999993,156.156,-0.2974927108695653,-0.3330190565217391,1.0555,0.9723,True
1117,left_toe_tip,488.754,211.486,-0.3014069743478261,-0.2959625734782608,-0.0064,0.9528,True
1117,right_shoulder,383.408,21.672,-0.4035188104347825,-0.5320575547826086,1.0272,0.7962,True
1117,right_toe_tip,558.774,124.826,-0.246503252173913,-0.7137019652173914,0.087,0.4317,True
1118,left_shoulder,455.992,159.55599999999998,-0.2999730417391303,-0.3267672947826087,1.0537,0.8443,True
1118,left_toe_tip,488.6360000000001,211.636,-0.3018066539130433,-0.2958249147826087,-0.0074,0.9528,True
1118,right_shoulder,379.277,26.230999999999995,-0.4127641842391304,-0.5284071179347826,1.011,0.8784,True
1118,right_toe_tip,558.318,125.042,-0.2476740295652174,-0.7124335182608695,0.0894,0.3538,True
1119,left_shoulder,454.098,163.118,-0.303666875652174,-0.3216024669565217,1.0507,0.8436,True
1119,left_toe_tip,488.562,211.626,-0.3017895969565217,-0.295683577826087,-0.0064,0.9409,True
1119,right_shoulder,375.295,30.637,-0.4192409298913043,-0.5216465514130434,0.9939,0.7644,True
1119,right_toe_tip,557.5360000000001,125.044,-0.2505829982608694,-0.7139597756521738,0.0804000000000001,0.3752,True
1120,left_shoulder,452.638,166.4,-0.3063776008695652,-0.3165780869565217,1.0566,0.8396,True
1120,left_toe_tip,488.554,211.74,-0.3014433860869566,-0.2951018608695652,-0.0042,0.9141,True
1120,right_shoulder,371.421,34.870999999999995,-0.4296972066304347,-0.5201710598913043,0.9661,0.7987,False
1120,right_toe_tip,556.734,125.222,-0.2526037021739129,-0.712244997826087,0.085,0.4693,True
1121,left_shoulder,451.602,169.196,-0.3093003686956522,-0.3132503930434783,1.0706,0.9087,True
1121,left_toe_tip,488.58600000000007,211.824,-0.3006884543478259,-0.2942582086956521,0.0,0.8734,True
1121,right_shoulder,367.993,38.977,-0.4431644481521739,-0.5230232333695652,0.9521,0.8275,True
1121,right_toe_tip,555.3075,124.382,-0.2568208005434783,-0.714485974347826,0.0831999999999998,0.5382,True
1122,left_shoulder,450.456,171.68,-0.3124591634782609,-0.3104414260869565,1.0744,0.9193,True
1122,left_toe_tip,488.678,211.77400000000003,-0.2999794169565217,-0.2938419334782607,0.0032,0.8763,True
1122,right_shoulder,364.923,42.899,-0.4483456103260869,-0.5168401625,0.968,0.9253,True
1122,right_toe_tip,553.4145000000001,122.432,-0.2600200210869562,-0.7134270330434784,0.1011999999999998,0.3686,True
1123,left_shoulder,449.074,173.664,-0.3154429565217392,-0.3078594782608695,1.086,0.874,True
1123,left_toe_tip,488.954,211.772,-0.29907108,-0.29349144,0.0054,0.9001,True
1123,right_shoulder,362.11800000000005,46.504,-0.4542162517391304,-0.5124296573913043,0.9662,0.6171,True
1123,right_toe_tip,550.761,119.582,-0.2651562286956523,-0.7143550486956523,0.1239000000000001,0.1981,True
1124,left_shoulder,448.02,175.08200000000002,-0.3170591434782609,-0.3053960969565217,1.0920999999999998,0.8544,True
1124,left_toe_tip,489.408,211.838,-0.2974192,-0.2926199499999999,0.01,0.8872,True
1124,right_shoulder,359.658,49.656,-0.4612235339130434,-0.5105833460869564,0.9629,0.5171,True
1124,right_toe_tip,547.3950000000001,115.98,-0.2718762010869562,-0.7164108913043479,0.153,0.1612,True
1125,left_shoulder,447.046,176.202,-0.3183321534782609,-0.3032267439130435,1.0937,0.8569,True
1125,left_toe_tip,489.866,211.852,-0.2972000443478261,-0.293268627826087,0.0092999999999999,0.8967,True
1125,right_shoulder,357.704,52.446000000000005,-0.4632722834782608,-0.504722857826087,0.9717,0.6141,True
1125,right_toe_tip,543.121,117.45,-0.2810965245652174,-0.703764097826087,0.1785999999999999,0.2261,True
1126,left_shoulder,446.09,176.908,-0.3185604065217392,-0.3007883139130435,1.1056,0.8767,True
1126,left_toe_tip,490.242,211.796,-0.2970417373913043,-0.2939594121739131,0.0057,0.887,True
1126,right_shoulder,355.87,54.64,-0.4657261304347825,-0.5005248695652175,0.976,0.7404,True
1126,right_toe_tip,537.4594999999999,120.95,-0.2921289679347827,-0.6810326630434783,0.215,0.4075,True
1127,left_shoulder,445.524,177.32199999999995,-0.3194902460869565,-0.3001081839130435,1.1056,0.8248,True
1127,left_toe_tip,490.412,211.79,-0.297387447826087,-0.2946479239130434,0.0015,0.9095,True
1127,right_shoulder,354.15,56.236,-0.4686697173913044,-0.4980408886956522,0.9776,0.6393,True
1127,right_toe_tip,531.3344999999999,126.52,-0.3080666925000001,-0.6619157999999998,0.1978000000000001,0.3056,True
1128,left_shoulder,445.12,177.454,-0.3193490086956521,-0.2991373365217391,1.1094000000000002,0.8379,True
1128,left_toe_tip,490.666,211.812,-0.2972395878260869,-0.2949585495652174,-0.0007,0.8806,True
1128,right_shoulder,352.57,57.924,-0.4735721673913043,-0.4977030443478261,0.9722,0.7743,True
1128,right_toe_tip,523.9066,135.49140000000003,-0.3265303538869565,-0.6314646018521739,0.1203599999999996,0.5598,True
1129,left_shoulder,444.704,177.57399999999998,-0.3200307060869565,-0.2989406930434782,1.1094000000000002,0.8375,True
1129,left_toe_tip,490.996,211.748,-0.2978136469565217,-0.2963106278260869,-0.0082999999999999,0.9162,True
1129,right_shoulder,350.84400000000005,59.326,-0.4754730399999999,-0.4944126382608694,0.9752,0.7562,True
1129,right_toe_tip,515.1758,147.8642,-0.3472446429826087,-0.5901341257130435,0.1046799999999998,0.506,True
1130,left_shoulder,444.236,177.628,-0.3207125008695652,-0.2987729113043478,1.1098,0.8743,True
1130,left_toe_tip,491.2120000000001,211.718,-0.2976406904347824,-0.2966284704347826,-0.0099,0.9336,True
1130,right_shoulder,349.208,60.64,-0.4809446817391303,-0.4951154086956522,0.9664,0.9162,True
1130,right_toe_tip,505.4736,157.35840000000002,-0.3693393067130436,-0.556348107547826,0.1171599999999998,0.0171,True
1131,left_shoulder,443.918,177.544,-0.3218302391304348,-0.2994658260869565,1.107,0.8834,True
1131,left_toe_tip,491.35,211.968,-0.2985602934782608,-0.2973190539130434,-0.0107999999999999,0.915,True
1131,right_shoulder,347.67600000000004,62.056,-0.4799197495652174,-0.4891463234782609,0.9776,0.8033,True
1131,right_toe_tip,495.8560000000001,168.224,-0.3919150017391303,-0.521422267826087,0.1205999999999999,0.0142,True
1132,left_shoulder,443.766,177.368,-0.3208852495652174,-0.2986430226086957,1.1125999999999998,0.8936,True
1132,left_toe_tip,490.71400000000006,212.42200000000005,-0.2999025926086955,-0.2964713691304347,-0.0092,0.911,True
1132,right_shoulder,346.308,63.356,-0.4820379565217391,-0.4868830869565217,0.978,0.8558,True
1132,right_toe_tip,485.399,180.421,-0.4089532539130434,-0.4750254939130435,0.1324000000000001,0.0131,True
1133,left_shoulder,443.72,177.186,-0.3214725043478261,-0.2994175382608695,1.1102,0.8879,True
1133,left_toe_tip,489.94,212.98,-0.3030559565217393,-0.2969164782608696,-0.019,0.8722,True
1133,right_shoulder,345.082,64.36,-0.4820627047826087,-0.4832428608695652,0.9842,0.7144,True
1133,right_toe_tip,480.1705,186.5195,-0.4168944034239131,-0.4525012563586956,0.1563000000000002,0.0126,True
1134,left_shoulder,443.7600000000001,176.872,-0.3210230434782607,-0.2995735217391304,1.112,0.911,True
1134,left_toe_tip,488.902,213.57200000000003,-0.3057763656521738,-0.2963257069565217,-0.0247999999999999,0.8281,True
1134,right_shoulder,343.926,65.594,-0.4856257239130435,-0.4828898413043478,0.979,0.7483,True
1134,right_toe_tip,474.942,192.618,-0.4244502352173914,-0.4304264517391303,0.1752000000000002,0.0186,True
1135,left_shoulder,443.79,176.418,-0.3209739673913044,-0.3003162065217391,1.112,0.9225,True
1135,left_toe_tip,488.99,214.14,-0.3068129260869566,-0.2963494695652173,-0.0167,0.8143,True
1135,right_shoulder,342.428,66.87,-0.4857539452173913,-0.4785028630434783,0.9887,0.7434,True
1135,right_toe_tip,469.7134999999999,198.7165,-0.4316207492934785,-0.4088010800543478,0.2015999999999999,0.0151,True
1136,left_shoulder,443.612,175.98399999999998,-0.3208382217391304,-0.3006261391304348,1.114,0.9435,True
1136,left_toe_tip,489.46,214.474,-0.3067416130434781,-0.2965250430434782,-0.0220999999999999,0.8351,True
1136,right_shoulder,340.2572,68.612,-0.4983680180347825,-0.4844768916521739,0.96811,0.7872,True
1136,right_toe_tip,464.485,204.815,-0.4384059456521739,-0.3876251413043478,0.223,0.0158,True
1137,left_shoulder,443.296,175.7,-0.3218676104347826,-0.3015708913043478,1.1116,0.9562,True
1137,left_toe_tip,490.302,215.036,-0.3076619330434782,-0.2979325339130435,-0.0252999999999999,0.8164,True
1137,right_shoulder,337.46760000000006,70.972,-0.5184221513565216,-0.4952808940869565,0.93548,0.881,True
1137,right_toe_tip,412.2,265.8,-0.4850654347826088,-0.2005845652173913,0.003,0.1297,False
1138,left_shoulder,442.7099999999999,175.32,-0.3231267086956523,-0.3024737217391304,1.1102,0.9496,True
1138,left_toe_tip,491.184,215.648,-0.3070138782608695,-0.297804452173913,-0.0005,0.8449,True
1138,right_shoulder,333.9132,73.922,-0.5468440303826086,-0.5110970042608695,2.69486,0.8979,False
1138,right_toe_tip,411.435,270.165,-0.4922842907608695,-0.1934870135869566,-0.0075,0.0401,False
1139,left_shoulder,442.162,175.148,-0.3245403365217391,-0.3032376504347826,1.1078,0.9225,True
1139,left_toe_tip,492.854,215.924,-0.307311222173913,-0.3008995939130435,-0.0134,0.8278,True
1139,right_shoulder,329.872,77.45,-0.5829732208695653,-0.5311325760869565,2.7106,0.9117,False
1139,right_toe_tip,410.82666666666665,272.9166666666667,-0.4962100869565217,-0.1885543478260869,-0.012,0.8638,True
1140,left_shoulder,440.638,175.74200000000002,-0.3272570569565217,-0.3024635126086956,1.1093,0.915,True
1140,left_toe_tip,493.476,215.908,-0.3077641060869565,-0.3026558486956522,-0.0244,0.7849,True
1140,right_shoulder,325.51800000000003,81.52000000000001,-0.6271181273913042,-0.555325443478261,2.7684,0.9608,False
1140,right_toe_tip,410.19416666666666,275.2891666666667,-0.4989638340504227,-0.183927629566727,-0.0055416666666667,0.9,True
1141,left_shoulder,438.532,176.58800000000002,-0.3317652391304347,-0.3020317173913043,1.107,0.9047,True
1141,left_toe_tip,493.86800000000005,215.796,-0.3084655913043477,-0.3043958347826087,-0.034,0.7355,True
1141,right_shoulder,320.5608,86.046,-0.6664335031652174,-0.5715395102608695,2.6276400000000004,0.8475,False
1141,right_toe_tip,409.552,277.51,-0.5012494486956521,-0.1794247163043478,-0.0090999999999999,0.8412,True
1142,left_shoulder,435.776,177.774,-0.3375023582608695,-0.3011482721739131,1.1065999999999998,0.9141,True
1142,left_toe_tip,494.708,215.502,-0.307387335652174,-0.3057075078260869,-0.0354,0.7916,True
1142,right_shoulder,315.57039999999995,90.462,-0.7006550909217392,-0.5821083276521739,2.52912,0.9616,True
1142,right_toe_tip,408.246,282.42600000000004,-0.5069870656521739,-0.1697015569565216,-0.0130999999999999,0.9639,False
1143,left_shoulder,432.196,179.596,-0.3434186973913044,-0.2981372191304348,1.1116,0.9363,True
1143,left_toe_tip,495.364,214.946,-0.3069741886956521,-0.3078613482608695,-0.0525999999999999,0.8306,True
1143,right_shoulder,310.2588,95.26,-0.7306491529043477,-0.5866177982608696,2.58844,0.8285,True
1143,right_toe_tip,406.9833333333333,286.3933333333333,-0.510441582125604,-0.161241270531401,-0.0083333333333332,0.9478,False
1144,left_shoulder,428.068,182.034,-0.351853192173913,-0.2954622482608695,1.1181,0.9461,True
1144,left_toe_tip,495.026,214.748,-0.3058636239130434,-0.3064501434782609,-0.041,0.8649,True
1144,right_shoulder,304.462,100.531,-0.7570576125000001,-0.58542693125,2.48775,0.915,True
1144,right_toe_tip,405.67,290.38,-0.5136157010869565,-0.1525964456521739,-0.0065,0.9434,False
1145,left_shoulder,423.918,184.386,-0.360903914347826,-0.2933135569565217,1.1164,0.8277,True
1145,left_toe_tip,494.7,214.97600000000003,-0.3076569565217391,-0.3070725565217391,-0.048,0.8272,True
1145,right_shoulder,298.18,106.275,-0.7796654119565216,-0.5787274198369564,2.43305,0.8171,True
1145,right_toe_tip,404.3566666666667,294.3666666666666,-0.5167931509661835,-0.1439415096618358,-0.0016666666666665,0.9527,False
1146,left_shoulder,419.048,187.154,-0.3716796904347826,-0.290757032173913,1.1224,0.9378,True
1146,left_toe_tip,494.448,215.252,-0.3088233739130435,-0.3071174956521739,-0.041,0.8078,True
1146,right_shoulder,292.016,112.036,-0.8045617026086958,-0.5733089395652173,2.2399,0.0372,True
1146,right_toe_tip,403.596,297.96,-0.5183414660869564,-0.1360294434782609,0.0087999999999999,0.941,False
1147,left_shoulder,413.52,190.184,-0.3838836,-0.28783812,1.1401,0.9269,True
1147,left_toe_tip,494.274,215.166,-0.3084005673913043,-0.3065128239130435,-0.059,0.7381,True
1147,right_shoulder,285.4,118.38000000000002,-0.8319609782608697,-0.5668877934782608,2.2085,0.2456,True
1147,right_toe_tip,403.268,300.938,-0.5192407639130434,-0.1295447932608696,0.0170999999999999,0.9443,True
1148,left_shoulder,407.44,193.546,-0.3993965217391305,-0.285866652173913,1.1995,0.9256,True
1148,left_toe_tip,494.229,215.142,-0.3086067138043478,-0.3066738332608696,-0.0597,0.7363,True
1148,right_shoulder,277.758,125.098,-0.858710410652174,-0.5568454041304348,2.1291,0.2433,True
1148,right_toe_tip,403.2606666666667,303.22666666666663,-0.5191710735024153,-0.1245043314009662,0.0204333333333336,0.934,True
1149,left_shoulder,400.698,197.192,-0.4181542339130435,-0.2844892834782608,1.2284000000000002,0.9196,True
1149,left_toe_tip,494.457,215.102,-0.3101489690217391,-0.3087744880434782,-0.0605,0.6766,True
1149,right_shoulder,269.834,132.081,-0.8793655448913044,-0.541443880923913,2.18145,0.8156,True
1149,right_toe_tip,403.598,304.842,-0.5176689882608695,-0.1207840291304348,0.0269,0.9479,True
1150,left_shoulder,393.202,201.01,-0.4416611165217393,-0.2845229739130435,1.2326,0.8988,True
1150,left_toe_tip,494.871,214.754,-0.310623384673913,-0.3108738028260869,-0.0690999999999999,0.5861,False
1150,right_shoulder,261.628,139.329,-0.8934720123913044,-0.5210833847282609,2.2980500000000004,0.715,True
1150,right_toe_tip,404.42,305.98999999999995,-0.5156641347826088,-0.1182231934782609,0.0277,0.9501,True
1151,left_shoulder,385.666,205.164,-0.4693015199999999,-0.28570608,1.1819000000000002,0.948,True
1151,left_toe_tip,495.149,214.562,-0.3119492242391304,-0.3132133797826087,-0.0812999999999999,0.6174,True
1151,right_shoulder,253.26400000000004,146.77700000000002,-0.8977739947826087,-0.4949786533695651,2.5078,0.2128,True
1151,right_toe_tip,405.046,306.768,-0.5149578756521739,-0.1166706573913044,0.0285999999999999,0.9554,True
1152,left_shoulder,377.744,209.56800000000004,-0.5054129217391303,-0.2899086260869564,1.177,0.9468,True
1152,left_toe_tip,495.285,214.624,-0.3148966940217391,-0.3163350156521738,-0.1019,0.6077,True
1152,right_shoulder,244.742,154.425,-0.8916075297826088,-0.4637280407608696,2.7112,0.6347,True
1152,right_toe_tip,405.576,307.38,-0.5141020243478261,-0.1153979478260869,0.0274,0.962,True
1153,left_shoulder,370.052,213.97200000000004,-0.5482878617391304,-0.2965955660869564,1.1844,0.9423,True
1153,left_toe_tip,495.3059999999999,214.708,-0.3171944121739132,-0.3185053321739131,-0.1167999999999999,0.7076,True
1153,right_shoulder,242.80855555555556,161.0937777777778,-0.8762772408158884,-0.4388236404079441,2.792311111111111,0.0477,True
1153,right_toe_tip,406.056,307.9,-0.5140156539130436,-0.1144727608695652,0.0235999999999999,0.9599,True
1154,left_shoulder,362.046,218.076,-0.6001993656521738,-0.3064632808695652,1.1834,1.0,True
1154,left_toe_tip,495.122,214.796,-0.3192355234782608,-0.3199538573913044,-0.1272,0.7684,True
1154,right_shoulder,246.8836666666667,166.80133333333333,-0.8572784735748791,-0.4213130923671498,2.859733333333333,0.4142,True
1154,right_toe_tip,406.408,308.278,-0.5142070852173912,-0.1138558634782609,0.0227999999999999,0.9376,True
1155,left_shoulder,354.562,222.04,-0.6620920565217391,-0.3200072173913043,1.167,0.9108,True
1155,left_toe_tip,494.462,215.23200000000003,-0.3208796513043478,-0.3191819686956521,-0.1284000000000001,0.7859,True
1155,right_shoulder,256.96733333333333,171.5476666666667,-0.834775287415459,-0.4107100109541062,2.9249666666666663,0.1433,True
1155,right_toe_tip,406.6,308.31800000000004,-0.5142918260869566,-0.1138801634782607,0.0207999999999999,0.9353,True
1156,left_shoulder,347.10200000000003,225.82,-0.7421143891304346,-0.3399712826086956,1.302,0.9323,True
1156,left_toe_tip,493.922,215.65,-0.3222607704347825,-0.318448652173913,-0.1215999999999999,0.7427,True
1156,right_shoulder,272.93555555555554,175.39777777777778,-0.8106893110574344,-0.40770783064949,2.78111111111111,0.1013,True
1156,right_toe_tip,406.71400000000006,308.402,-0.515004202173913,-0.1139081934782609,0.017,0.945,True
1157,left_shoulder,341.47136363636366,229.3916363636364,-0.8098611889103486,-0.3543199270415619,1.3941848484848482,0.9272,True
1157,left_toe_tip,493.514,215.86400000000003,-0.3247530930434782,-0.3195432452173912,-0.1315999999999999,0.7964,True
1157,right_shoulder,294.7883333333333,178.35166666666666,-0.7830426228864735,-0.4120323879830918,2.3831666666666664,0.0483,False
1157,right_toe_tip,406.81000000000006,308.412,-0.5149443521739129,-0.1139197617391304,0.0164,0.9378,True
1158,left_shoulder,337.33209090909094,232.8009090909091,-0.865710971319619,-0.3638233365163492,1.322554545454545,0.937,True
1158,left_toe_tip,493.04,215.898,-0.3272096347826088,-0.3208462356521739,-0.1404,0.7511,True
1158,right_shoulder,305.71472222222224,179.82861111111112,-0.7682404564630301,-0.4140623570434112,2.237694444444444,0.072,True
1158,right_toe_tip,406.942,308.37800000000004,-0.51389289,-0.1138265099999999,0.0194,0.927,True
1159,left_shoulder,334.7921818181818,236.19181818181815,-0.9051703883614804,-0.3671842375673733,1.2375090909090911,0.9437,False
1159,left_toe_tip,492.584,215.618,-0.3299875113043478,-0.3231959682608695,-0.1594000000000001,0.7445,True
1159,right_shoulder,316.6411111111111,181.3055555555556,-0.7527857418142783,-0.4160041196994096,2.0512222222222216,0.0465,True
1159,right_toe_tip,407.158,308.402,-0.5134166099999999,-0.1137735900000001,0.0194,0.9173,True
1160,left_shoulder,333.6036363636364,239.59636363636363,-0.9252342629057372,-0.3635864617319439,1.193848484848485,0.8964,False
1160,left_toe_tip,491.898,215.12600000000003,-0.332424597826087,-0.3251791413043478,-0.194,0.7936,True
1160,right_shoulder,327.5675,182.7825,-0.7366784789402174,-0.417857675951087,1.7442499999999996,0.0152,True
1160,right_toe_tip,407.286,308.484,-0.51409558,-0.1138055634782609,0.0155999999999999,0.9218,True
1161,left_shoulder,333.9504545454546,242.97454545454548,-0.916560928741466,-0.3504692651814588,1.2227727272727271,0.9251,False
1161,left_toe_tip,491.19,214.338,-0.3317492500000001,-0.3247312630434782,-0.1855,0.8469,True
1161,right_shoulder,338.4938888888889,184.25944444444443,-0.7199186678408481,-0.4196230257984433,1.3292777777777778,0.0159,False
1161,right_toe_tip,407.44,308.486,-0.5132498086956524,-0.1136891582608696,0.0175999999999999,0.9021,True
1162,left_shoulder,334.1238636363637,244.6636363636364,-0.9122307430811324,-0.3439737991825368,1.2462348484848484,0.9302,False
1162,left_toe_tip,489.965,213.993,-0.3317404315217391,-0.3228341732608695,-0.1687,0.7154,True
1162,right_shoulder,,,,,,0.0165,True
1162,right_toe_tip,407.646,308.55,-0.5129467108695652,-0.1135814673913043,0.017,0.9066,True
1163,left_shoulder,334.29727272727274,246.3527272727273,-0.907904878368667,-0.3375204213678284,1.2821969696969695,0.8873,False
1163,left_toe_tip,488.275,214.065,-0.3333002445652174,-0.320581125,-0.177,0.8018,True
1163,right_shoulder,,,,,,0.0191,True
1163,right_toe_tip,407.784,308.634,-0.5130963965217391,-0.1134965269565217,0.0152,0.9028,True
1164,left_shoulder,334.4706818181819,248.04181818181823,-0.9035833346040693,-0.3311091317373337,1.2751590909090906,0.8948,False
1164,left_toe_tip,485.53550000000007,214.9535,-0.3347514348913041,-0.3143409909782608,-0.1547999999999999,0.6629,False
1164,right_shoulder,,,,,,0.0128,False
1164,right_toe_tip,407.834,308.626,-0.5142476899999999,-0.11379341,0.0102,0.9013,True
1165,left_shoulder,334.6440909090909,249.7309090909091,-0.8992661117873397,-0.3247399302910528,1.305121212121212,0.8948,False
1165,left_toe_tip,482.1285,216.3525,-0.3371929320652174,-0.3068123233695652,-0.131,0.6326,True
1165,right_shoulder,,,,,,0.0234,False
1165,right_toe_tip,407.928,308.6,-0.5144935339130435,-0.1139515652173912,0.0084,0.9106,True
1166,left_shoulder,,,,,,0.8901,False
1166,left_toe_tip,477.532,218.56,-0.343301947826087,-0.2988688695652174,-0.107,0.7014,False
1166,right_shoulder,,,,,,0.0159,False
1166,right_toe_tip,407.91,308.56,-0.515189345652174,-0.1141856173913043,0.0057999999999999,0.9129,True
1167,left_shoulder,,,,,,0.9335,False
1167,left_toe_tip,472.3450000000001,221.015,-0.348066358695652,-0.2885449456521738,-0.086,0.4936,False
1167,right_shoulder,,,,,,0.0129,False
1167,right_toe_tip,407.762,308.644,-0.5161741982608695,-0.114144292173913,0.0032,0.9146,True
1168,left_shoulder,,,,,,0.9548,False
1168,left_toe_tip,468.129,224.179,-0.3540916232608695,-0.2798207863043478,-0.0684,0.2032,False
1168,right_shoulder,,,,,,0.0207,False
1168,right_toe_tip,407.66,308.818,-0.5193304086956523,-0.1144028965217391,-0.0084,0.9445,True
1169,left_shoulder,,,,,,0.932,False
1169,left_toe_tip,465.37250000000006,228.5465,-0.3696028999999999,-0.2782241904347826,-0.0762,0.4972,True
1169,right_shoulder,,,,,,0.0256,True
1169,right_toe_tip,407.67,309.18600000000004,-0.5204192000000001,-0.1138233599999999,-0.0128000000000001,0.919,True
1170,left_shoulder,,,,,,0.9067,False
1170,left_toe_tip,462.9115,233.7915,-0.3861684225,-0.2752168398913044,-0.0582,0.7832,True
1170,right_shoulder,622.58,222.66,-0.0551191521739129,-0.4345616739130434,0.128,0.1492,True
1170,right_toe_tip,408.01200000000006,309.678,-0.5203087382608694,-0.1128634943478261,-0.0154,0.8875,True
1171,left_shoulder,,,,,,0.8793,False
1171,left_toe_tip,460.886,241.004,-0.4040578213043479,-0.2684394547826087,-0.0524,0.8715,True
1171,right_shoulder,612.8541304347826,224.5,-0.0852323857360071,-0.4254418241965974,0.143391304347826,0.2332,True
1171,right_toe_tip,408.536,310.34599999999995,-0.5202404991304349,-0.1116027621739131,-0.0198000000000001,0.8723,True
1172,left_shoulder,,,,,,0.8603,False
1172,left_toe_tip,459.858,249.228,-0.4223546673913043,-0.2597121782608696,-0.02,0.9177,True
1172,right_shoulder,603.1282608695652,226.34,-0.1148721955905317,-0.4164115396975425,0.134282608695652,0.3909,True
1172,right_toe_tip,409.08742857142863,310.3368571428571,-0.5198042776397515,-0.1117960531055901,-0.023,0.8069,True
1173,left_shoulder,,,,,,0.8505,False
1173,left_toe_tip,457.234,260.492,-0.4448365513043477,-0.2421938191304347,-0.0211999999999998,0.9351,True
1173,right_shoulder,593.4023913043479,228.18,-0.1440385817374863,-0.407470820415879,0.080673913043478,0.0803,True
1173,right_toe_tip,409.6222857142857,309.6965714285714,-0.5168473937888199,-0.112854648447205,-0.016,0.5199,True
1174,left_shoulder,,,,,,0.8841,False
1174,left_toe_tip,453.586,271.964,-0.456997973478261,-0.2158221678260869,-0.0204,0.8939,True
1174,right_shoulder,583.6765217391305,230.02,-0.1727315441768716,-0.3986196663516068,0.0455652173913044,0.04,True
1174,right_toe_tip,410.1005714285714,308.3651428571428,-0.5144249604968943,-0.1155386053416149,-0.0105999999999999,0.0908,True
1175,left_shoulder,,,,,,0.8969,False
1175,left_toe_tip,450.24,284.524,-0.4700272695652176,-0.1869507704347826,-0.0208000000000001,0.8168,True
1175,right_shoulder,564.2247826086957,233.7,-0.2286971979329331,-0.3811860538752363,0.0353478260869565,0.0175,True
1175,right_toe_tip,410.2342857142857,306.3285714285714,-0.512477440993789,-0.1197106211180124,-0.0055,0.0172,True
1176,left_shoulder,,,,,,0.9396,False
1176,left_toe_tip,447.142,297.158,-0.4783297656521739,-0.1558618213043477,0.0021999999999998,0.9418,True
1176,right_shoulder,554.4989130434783,235.54,-0.2559698892496095,-0.372603595463138,0.0047391304347825,0.0232,True
1176,right_toe_tip,410.2614285714286,303.5828571428572,-0.5101694580745341,-0.125282850931677,-0.0015,0.0219,True
1177,left_shoulder,,,,,,0.9325,False
1177,left_toe_tip,443.888,310.846,-0.487849916521739,-0.1222759178260869,-0.0385999999999999,0.9585,True
1177,right_shoulder,544.773043478261,237.38,-0.2827691568587158,-0.364110702268431,-0.0298695652173914,0.0187,False
1177,right_toe_tip,410.275,302.21000000000004,-0.5090156657608695,-0.1280488206521738,-0.0005,0.0428,True
1178,left_shoulder,,,,,,0.9217,False
1178,left_toe_tip,441.558,322.826,-0.4910576708695652,-0.0919894873913042,-0.0415999999999999,0.9375,True
1178,right_shoulder,535.0471739130436,239.22,-0.3090950007602528,-0.3557073742911154,-0.0614782608695654,0.0176,True
1178,right_toe_tip,410.30892857142857,298.7778571428572,-0.5061317658190994,-0.1349049881599378,0.00475,0.0281,True
1179,left_shoulder,,,,,,0.9067,False
1179,left_toe_tip,439.574,335.404,-0.4981457517391305,-0.0611317539130434,-0.0585999999999999,0.9094,True
1179,right_shoulder,525.3213043478261,241.06,-0.3349474209542205,-0.3473936115311909,-0.106086956521739,0.0166,True
1179,right_toe_tip,410.36357142857145,297.20214285714286,-0.5045761308229814,-0.137984639363354,0.0075,0.0297,True
1180,left_shoulder,,,,,,0.8795,False
1180,left_toe_tip,437.126,347.7,-0.5037008595652173,-0.0305387608695652,-0.0471999999999998,0.9774,True
1180,right_shoulder,,,,,,0.2141,True
1180,right_toe_tip,410.2189285714286,297.3178571428571,-0.5047690710403726,-0.1376963159937888,0.008,0.3539,True
1181,left_shoulder,,,,,,0.9351,False
1181,left_toe_tip,434.74,359.37,-0.5098033695652175,-0.0015647282608695,-0.05,0.959,True
1181,right_shoulder,,,,,,0.0186,False
1181,right_toe_tip,410.15,298.4575,-0.5057324592391303,-0.1354102235054348,0.00775,0.6981,True
1182,left_shoulder,,,,,,0.9455,False
1182,left_toe_tip,432.7086666666666,369.79533333333336,-0.5136018311111112,0.0242697128502416,-0.0404666666666667,0.8917,True
1182,right_shoulder,,,,,,0.0213,False
1182,right_toe_tip,410.164,299.77,-0.5054893069565216,-0.1324667195652174,0.0115999999999999,0.8801,True
1183,left_shoulder,,,,,,0.9135,False
1183,left_toe_tip,430.984,379.2480000000001,-0.515633384347826,0.0474839791304349,-0.0345999999999999,0.8809,True
1183,right_shoulder,,,,,,0.0231,False
1183,right_toe_tip,410.18,302.248,-0.5065532565217391,-0.1272929408695652,0.0102,0.867,True
1184,left_shoulder,,,,,,0.9138,False
1184,left_toe_tip,429.674,387.512,-0.5137441165217392,0.0672010504347826,-0.0081999999999998,0.9225,False
1184,right_shoulder,,,,,,0.0311,False
1184,right_toe_tip,409.866,304.124,-0.5079957904347827,-0.123340196521739,0.0142,0.8904,True
1185,left_shoulder,,,,,,0.9566,False
1185,left_toe_tip,429.21,394.35,-0.5111199260869564,0.0832912826086957,0.0081999999999998,0.8639,False
1185,right_shoulder,,,,,,0.013,False
1185,right_toe_tip,409.692,305.23799999999994,-0.5085300773913043,-0.1209168769565218,0.0100999999999999,0.8484,True
1186,left_shoulder,,,,,,0.8904,False
1186,left_toe_tip,429.312,399.884,-0.5135290991304348,0.0972129147826087,-0.0014,0.9005,True
1186,right_shoulder,,,,,,0.0148,False
1186,right_toe_tip,409.764,305.36,-0.5083710982608697,-0.1206474956521738,0.0135999999999999,0.8327,True
1187,left_shoulder,,,,,,0.9432,False
1187,left_toe_tip,429.3533333333333,404.4326666666667,-0.5154279705314011,0.1087215837198068,-0.0026333333333332,0.9335,True
1187,right_shoulder,,,,,,0.0135,False
1187,right_toe_tip,409.742,304.632,-0.5102717504347826,-0.1227003026086956,0.0027,0.8146,True
1188,left_shoulder,,,,,,0.9423,False
1188,left_toe_tip,429.586,407.809,-0.5191736739130436,0.1179635108695652,0.0,0.9171,True
1188,right_shoulder,,,,,,0.0275,False
1188,right_toe_tip,409.518,304.232,-0.5115698304347825,-0.1237807130434782,-0.0005,0.8071,True
1189,left_shoulder,,,,,,0.9824,False
1189,left_toe_tip,430.0100000000001,410.013,-0.5247467499999998,0.1249781380434783,-0.025,0.9097,True
1189,right_shoulder,,,,,,0.0173,True
1189,right_toe_tip,409.646,303.804,-0.5112857260869564,-0.1247306869565217,-0.0005,0.8768,True
1190,left_shoulder,,,,,,0.8907,False
1190,left_toe_tip,430.798,411.709,-0.5306908995652175,0.1311722436956521,-0.0478000000000001,0.9025,False
1190,right_shoulder,,,,,,0.0588,False
1190,right_toe_tip,409.744,304.014,-0.5112183756521739,-0.1243010908695651,-0.0010999999999999,0.8653,True
1191,left_shoulder,,,,,,0.9366,False
1191,left_toe_tip,431.622,412.855,-0.537751138695652,0.1364003706521739,-0.0621999999999998,0.883,True
1191,right_shoulder,,,,,,0.0857,True
1191,right_toe_tip,409.268,304.99999999999994,-0.5119742443478261,-0.1220402173913044,9.999999999990904e-05,0.8281,True
1192,left_shoulder,,,,,,0.896,False
1192,left_toe_tip,432.354,413.793,-0.5418206386956522,0.1403646476086956,-0.0745999999999999,0.8898,True
1192,right_shoulder,,,,,,0.029,True
1192,right_toe_tip,408.608,306.176,-0.5120302539130435,-0.1191031513043478,0.0092,0.8615,True
1193,left_shoulder,,,,,,0.9348,False
1193,left_toe_tip,432.892,414.814,-0.542262772173913,0.1435173513043477,-0.0618000000000001,0.8988,True
1193,right_shoulder,175.19,307.3,-0.950334358695652,-0.1077485869565217,1.6785,0.0711,True
1193,right_toe_tip,408.114,307.366,-0.5131233900000001,-0.1164698882608696,0.0092,0.8588,True
1194,left_shoulder,,,,,,0.9209,False
1194,left_toe_tip,433.342,415.732,-0.5413091830434783,0.1459814930434782,-0.0628000000000001,0.8783,True
1194,right_shoulder,176.13625,310.23375000000004,-0.946761039741848,-0.1015745390624999,1.69625,0.1489,True
1194,right_toe_tip,407.446,308.38,-0.5160676591304347,-0.1145515130434782,0.0064,0.9047,True
1195,left_shoulder,,,,,,0.9468,False
1195,left_toe_tip,433.62,416.54,-0.5390555869565217,0.1476800217391303,-0.052,0.9127,True
1195,right_shoulder,177.08249999999998,313.1675,-0.94319440625,-0.0954212187499999,1.6995,0.4332,True
1195,right_toe_tip,406.912,308.586,-0.5192288556521739,-0.1145302734782609,-0.0014,0.9206,True
1196,left_shoulder,,,,,,1.0,False
1196,left_toe_tip,433.66399999999993,417.288,-0.5333337043478262,0.1480770260869565,-0.027,0.9372,True
1196,right_shoulder,178.02875,316.10125,-0.9396344582201088,-0.0892886260190217,1.70775,0.2456,True
1196,right_toe_tip,406.67,308.852,-0.5215432739130434,-0.1143268991304348,-0.0084,0.9159,True
1197,left_shoulder,,,,,,0.9631,False
1197,left_toe_tip,433.934,417.828,-0.531291904347826,0.1490956695652173,-0.017,0.9616,True
1197,right_shoulder,178.975,319.035,-0.936081195652174,-0.0831767608695652,1.716,0.088,True
1197,right_toe_tip,406.73,309.358,-0.5228290652173914,-0.1135041347826086,-0.014,0.8837,True
1198,left_shoulder,,,,,,0.9416,False
1198,left_toe_tip,434.286,418.158,-0.5311446039130436,0.1501614273913043,-0.0124,0.9514,True
1198,right_shoulder,180.737,324.99850000000004,-0.9274866204891306,-0.0706859097010868,1.72605,0.2344,True
1198,right_toe_tip,406.826,309.66,-0.52357701,-0.1130351869565218,-0.0178000000000001,0.8779,True
1199,left_shoulder,,,,,,0.9019,False
1199,left_toe_tip,434.52,418.412,-0.5305404260869565,0.150817244347826,-0.0124,0.9749,True
1199,right_shoulder,182.3685,331.058,-0.9174268011141304,-0.0580208453260869,1.73965,0.4312,True
1199,right_toe_tip,407.106,309.838,-0.5224419969565218,-0.1125264517391304,-0.0158000000000001,0.9,True
1200,left_shoulder,,,,,,0.9133,False
1200,left_toe_tip,434.804,418.472,-0.5319037182608697,0.1515695930434783,-0.0218000000000001,0.9696,True
1200,right_shoulder,183.8695,337.2135,-0.905914836521739,-0.0452559704347825,1.7568,0.7055,False
1200,right_toe_tip,407.284,310.148,-0.5197661269565218,-0.1113433582608695,-0.0068000000000001,0.9004,True
1201,left_shoulder,,,,,,0.9955,False
1201,left_toe_tip,435.166,418.472,-0.5355073226086956,0.1528661460869566,-0.0421999999999998,0.9605,True
1201,right_shoulder,185.24,343.46500000000003,-0.892960804347826,-0.0324679103260868,1.7865,0.6785,False
1201,right_toe_tip,407.424,310.342,-0.5176838400000001,-0.1105322308695652,0.0002,0.8861,True
1202,left_shoulder,,,,,,0.8798,False
1202,left_toe_tip,435.4440000000001,418.546,-0.536514813043478,0.1535559760869565,-0.05,0.9565,True
1202,right_shoulder,186.434,349.56100000000004,-0.8801645432608696,-0.0202573333695651,1.8227,0.4071,False
1202,right_toe_tip,407.482,310.45,-0.5159877704347825,-0.1099579130434782,0.0064,0.8843,True
1203,left_shoulder,,,,,,0.9207,False
1203,left_toe_tip,435.696,418.568,-0.5406505634782608,0.1549887530434783,-0.0665999999999999,0.9697,True
1203,right_shoulder,187.68,355.7615,-0.8783611913043478,-0.0082307523641304,1.81645,0.8598,True
1203,right_toe_tip,407.47,310.416,-0.5145484499999999,-0.1097207686956521,0.0122,0.873,True
1204,left_shoulder,,,,,,1.0,False
1204,left_toe_tip,435.95,418.58,-0.543527097826087,0.1560392913043479,-0.0825999999999999,0.9713,True
1204,right_shoulder,188.972,362.2625000000001,-0.8765876254347826,0.004397242527174,1.80495,0.8385,True
1204,right_toe_tip,407.426,310.394,-0.5130784678260869,-0.1094351495652173,0.0184,0.8869,True
1205,left_shoulder,,,,,,0.9988,False
1205,left_toe_tip,436.20200000000006,418.624,-0.5450710421739129,0.1567937113043477,-0.0925999999999999,0.9775,True
1205,right_shoulder,190.408,368.802,-0.8742609652173913,0.0171160630434783,1.795,0.5343,True
1205,right_toe_tip,407.428,310.38,-0.5127707008695652,-0.1094013130434782,0.0195999999999999,0.8997,True
1206,left_shoulder,,,,,,0.9464,False
1206,left_toe_tip,436.554,418.6,-0.544350732173913,0.1567932173913044,-0.0935999999999999,0.9797,True
1206,right_shoulder,191.97,375.228,-0.8674250391304348,0.029482732173913,1.8028,0.6736,True
1206,right_toe_tip,407.554,310.442,-0.5127960886956522,-0.1093292573913043,0.0184,0.8928,True
1207,left_shoulder,,,,,,1.0,False
1207,left_toe_tip,436.94,418.526,-0.5439359391304349,0.1567733417391304,-0.0964000000000001,0.9678,True
1207,right_shoulder,193.36,381.676,-0.8672583652173913,0.0420891373913044,1.7976,0.6814,True
1207,right_toe_tip,407.698,310.702,-0.5138924243478261,-0.1090557495652174,0.0127999999999999,0.8857,True
1208,left_shoulder,,,,,,0.9566,False
1208,left_toe_tip,437.234,418.446,-0.540503628695652,0.1557967069565217,-0.0724,0.9506,True
1208,right_shoulder,194.588,388.026,-0.8558688408695653,0.0538525682608695,1.8012,0.8767,True
1208,right_toe_tip,407.892,311.062,-0.5134632626086957,-0.1082593669565217,0.0127999999999999,0.836,True
1209,left_shoulder,,,,,,0.8994,False
1209,left_toe_tip,437.578,418.352,-0.5381784913043479,0.1551402086956522,-0.066,0.9582,True
1209,right_shoulder,195.78000000000003,393.748,-0.8498121739130434,0.0645613913043478,1.795,0.8298,True
1209,right_toe_tip,408.028,311.488,-0.5136162652173912,-0.1074118956521739,0.017,0.8111,True
1210,left_shoulder,,,,,,1.0,False
1210,left_toe_tip,437.858,418.2600000000001,-0.535852075652174,0.1544396608695653,-0.0588000000000001,0.9605,True
1210,right_shoulder,196.526,399.282,-0.8524341539130437,0.0755068356521738,1.7626,0.8687,True
1210,right_toe_tip,407.956,312.13199999999995,-0.5151881243478261,-0.1062773660869566,0.0114,0.8355,True
1211,left_shoulder,,,,,,0.8922,False
1211,left_toe_tip,437.956,418.254,-0.5347577608695652,0.1541831413043478,-0.055,0.9518,True
1211,right_shoulder,197.316,404.672,-0.8563048330434782,0.0864111860869565,1.7564000000000002,0.962,True
1211,right_toe_tip,407.752,312.678,-0.5159944695652173,-0.1051371391304347,0.01,0.8551,True
1212,left_shoulder,,,,,,0.9872,False
1212,left_toe_tip,438.0100000000001,418.306,-0.5346148369565217,0.1543207717391305,-0.055,0.947,True
1212,right_shoulder,198.518,410.068,-0.8582026182608695,0.0973278382608696,1.7471,0.8417,True
1212,right_toe_tip,407.688,313.03599999999994,-0.5153286191304348,-0.1041784034782609,0.0147,0.8914,True
1213,left_shoulder,,,,,,0.8891,False
1213,left_toe_tip,438.072,418.36800000000005,-0.5338800730434783,0.1543199165217392,-0.0524,0.9522,True
1213,right_shoulder,199.74,415.066,-0.8583155826086956,0.1073547582608695,1.6999000000000002,0.8185,True
1213,right_toe_tip,407.624,313.326,-0.5151674886956521,-0.1034742286956522,0.0159,0.8959,True
1214,left_shoulder,,,,,,0.9454,False
1214,left_toe_tip,438.038,418.50200000000007,-0.5333992039130435,0.154508869130435,-0.0498000000000001,0.9368,True
1214,right_shoulder,200.818,420.08600000000007,-0.8591736560869565,0.1175465030434784,1.6892,0.9315,True
1214,right_toe_tip,407.73,313.49999999999994,-0.5149324913043478,-0.1030884782608697,0.0159,0.8708,True
1215,left_shoulder,,,,,,0.8534,False
1215,left_toe_tip,437.922,418.654,-0.53194837,0.1544002795652173,-0.0418000000000001,0.931,True
1215,right_shoulder,202.248,425.128,-0.8535212365217392,0.1269854417391305,1.6952,0.991,True
1215,right_toe_tip,407.9440000000001,313.432,-0.5127428660869563,-0.1028950330434783,0.0227,0.884,True
1216,left_shoulder,,,,,,0.9776,False
1216,left_toe_tip,437.884,418.77,-0.5294999817391304,0.1539646239130433,-0.0301999999999998,0.9348,True
1216,right_shoulder,203.402,429.764,-0.8524101386956522,0.1362066269565217,1.7208,0.9424,True
1216,right_toe_tip,408.148,313.242,-0.5114856730434783,-0.1031522139130434,0.0259,0.9094,True
1217,left_shoulder,,,,,,0.9572,False
1217,left_toe_tip,437.87,418.85,-0.5264607673913043,0.1532786630434783,-0.0161999999999998,0.9391,True
1217,right_shoulder,204.456,434.58600000000007,-0.8473224469565217,0.1451021986956523,1.6992,0.888,True
1217,right_toe_tip,408.104,313.28799999999995,-0.5111290313043478,-0.1029593408695653,0.0277,0.8977,True
1218,left_shoulder,,,,,,1.0,False
1218,left_toe_tip,437.832,418.994,-0.524274363478261,0.1529868317391305,-0.0058000000000001,0.9265,True
1218,right_shoulder,205.864,439.438,-0.8463764452173912,0.1548695617391304,1.6954,0.9472,True
1218,right_toe_tip,407.992,313.234,-0.5109219652173912,-0.1029868652173913,0.0295,0.8978,True
1219,left_shoulder,,,,,,0.9142,False
1219,left_toe_tip,437.872,419.048,-0.5211387130434784,0.1522411478260868,0.008,0.9297,True
1219,right_shoulder,207.342,443.946,-0.8334309865217392,0.1617055447826087,1.7168,0.9739,True
1219,right_toe_tip,407.688,313.29799999999994,-0.5117429339130435,-0.1028763839130435,0.0289,0.9122,True
1220,left_shoulder,,,,,,0.9269,False
1220,left_toe_tip,438.058,418.98,-0.5189909400000001,0.1515786,0.0155999999999999,0.9428,True
1220,right_shoulder,208.834,447.892,-0.8331814291304348,0.1698417365217391,1.7062,0.8931,True
1220,right_toe_tip,407.592,313.576,-0.5133690626086956,-0.1025465791304348,0.0232999999999999,0.922,True
1221,left_shoulder,,,,,,0.9969,False
1221,left_toe_tip,438.174,418.94,-0.51667456,0.1508863999999998,0.0248000000000001,0.9304,True
1221,right_shoulder,210.42800000000005,452.174,-0.8296342713043477,0.1780160469565217,1.7032,0.9537,True
1221,right_toe_tip,407.836,314.08,-0.5137890260869565,-0.1016229565217391,0.0195,0.9358,True
1222,left_shoulder,355.8,455.8,-0.404985,0.136515,2.637,0.9988,False
1222,left_toe_tip,438.328,418.928,-0.5155350104347828,0.1506379026086956,0.0281999999999998,0.9288,True
1222,right_shoulder,211.68,455.878,-0.8178118608695651,0.1830644508695653,1.7004,0.9436,True
1222,right_toe_tip,408.20200000000006,314.54200000000003,-0.5134325699999999,-0.1006894699999999,0.0192,0.9231,True
1223,left_shoulder,356.48,456.39,-0.4040159999999999,0.13735575,2.637,0.9846,False
1223,left_toe_tip,438.572,418.762,-0.5135976113043479,0.1498303256521739,0.0471999999999998,0.9245,True
1223,right_shoulder,212.92400000000004,459.396,-0.8134869373913044,0.189327772173913,1.6916,0.936,True
1223,right_toe_tip,408.948,315.092,-0.513487955652174,-0.0998031486956522,0.0124,0.9253,True
1224,left_shoulder,357.3966666666667,456.9566666666667,-0.4056791328502415,0.1391819975845411,2.627333333333333,0.9446,True
1224,left_toe_tip,438.786,418.602,-0.5126582782608696,0.149307704347826,0.049,0.9299,True
1224,right_shoulder,214.246,462.776,-0.8239265452173914,0.1988939026086956,1.6536,0.843,True
1224,right_toe_tip,409.924,315.582,-0.5124192652173913,-0.0989266108695652,0.008,0.9249,True
1225,left_shoulder,358.355,457.625,-0.4067780366847826,0.1409991508152174,2.61925,0.9817,True
1225,left_toe_tip,438.884,418.548,-0.5120151034782607,0.1490555713043476,0.0508000000000001,0.9058,True
1225,right_shoulder,215.534,466.087,-0.8216185356521738,0.205347532173913,1.6532,0.9434,True
1225,right_toe_tip,410.554,316.186,-0.5118142186956522,-0.0977337943478261,0.0118000000000001,0.9101,True
1226,left_shoulder,359.038,458.25200000000007,-0.407761372173913,0.1425935547826088,2.6248,0.973,True
1226,left_toe_tip,439.076,418.48,-0.5113079008695651,0.1488188869565217,0.0518000000000001,0.8981,True
1226,right_shoulder,216.856,468.967,-0.8224631530434783,0.2117986841304347,1.6503,0.9874,True
1226,right_toe_tip,411.394,317.73400000000004,-0.5120277430434784,-0.0946666517391303,0.0064,0.8639,True
1227,left_shoulder,360.132,459.6360000000001,-0.4104933469565218,0.1461400200000001,2.6106,0.9619,True
1227,left_toe_tip,439.166,418.386,-0.5112971682608695,0.1486431404347825,0.0508000000000001,0.9061,True
1227,right_shoulder,218.346,471.751,-0.8277251347826087,0.2193720717391304,1.637,1.0,False
1227,right_toe_tip,412.36,320.344,-0.5127838434782608,-0.0893294504347826,0.0045999999999999,0.8061,True
1228,left_shoulder,361.046,460.948,-0.414186047826087,0.1498858347826087,2.594,1.0,True
1228,left_toe_tip,439.232,418.316,-0.5115219478260871,0.1485790260869564,0.049,0.8866,True
1228,right_shoulder,219.604,474.217,-0.8228794747826087,0.2235673626086956,1.6422,1.0,True
1228,right_toe_tip,412.956,324.11,-0.5133662269565217,-0.0811504108695651,0.0148000000000001,0.8092,True
1229,left_shoulder,361.642,462.024,-0.4165687982608695,0.1526811339130434,2.5832,0.9924,True
1229,left_toe_tip,439.28600000000006,418.2360000000001,-0.5116025326086955,0.1484385000000001,0.048,0.8898,True
1229,right_shoulder,220.644,476.551,-0.8154650913043477,0.226641020652174,1.6495,1.0,True
1229,right_toe_tip,412.86800000000005,329.424,-0.5160340286956521,-0.0694673426086956,0.0098000000000001,0.8449,True
1230,left_shoulder,361.898,462.802,-0.4196317352173913,0.1551192786956522,2.5718,0.9785,True
1230,left_toe_tip,439.39,418.206,-0.511729943478261,0.1484759139130435,0.0461999999999998,0.8907,True
1230,right_shoulder,221.516,478.592,-0.8071282713043479,0.2287278747826087,1.6596,0.9089,True
1230,right_toe_tip,413.104,336.28599999999994,-0.5179147826086957,-0.0541297826086957,0.005,0.7542,True
1231,left_shoulder,362.032,463.34800000000007,-0.4228739269565217,0.1572237617391305,2.5604,0.9911,True
1231,left_toe_tip,439.442,418.21,-0.5115972982608695,0.1484861173913044,0.0461999999999998,0.8888,True
1231,right_shoulder,222.266,480.314,-0.7993249278260871,0.2302182234782609,1.6646,0.8562,True
1231,right_toe_tip,412.424,343.616,-0.5219900817391304,-0.0375799095652174,-0.0001999999999998,0.9164,True
1232,left_shoulder,362.284,463.418,-0.425388464347826,0.1584093973913043,2.5508,0.9854,True
1232,left_toe_tip,439.662,418.224,-0.5112103139130435,0.1485724591304347,0.0454,0.912,True
1232,right_shoulder,222.906,481.5820000000001,-0.7976469386956522,0.2325123595652175,1.6656,0.9214,True
1232,right_toe_tip,411.706,351.318,-0.5263169282608696,-0.0200157847826087,-0.008,0.6413,True
1233,left_shoulder,362.568,463.222,-0.4274262139130435,0.1590291986956522,2.5426,0.9876,True
1233,left_toe_tip,439.844,418.218,-0.5110939947826089,0.1486583973913043,0.0438000000000001,0.8992,True
1233,right_shoulder,223.238,482.538,-0.7952000160869565,0.2338078317391304,1.6696,0.9425,True
1233,right_toe_tip,411.962,359.012,-0.5291473069565218,-0.0022925895652173,-0.0148000000000001,0.8516,True
1234,left_shoulder,362.79,462.958,-0.4300973413043478,0.1597415752173912,2.5326,1.0,True
1234,left_toe_tip,440.016,418.256,-0.5110025947826088,0.1488567443478261,0.0641999999999998,0.9447,True
1234,right_shoulder,223.468,483.282,-0.792769056521739,0.234637806521739,1.674,0.9203,True
1234,right_toe_tip,412.7816,369.0476,-0.5319479115826088,0.0211816117217391,-0.0113400000000001,0.6803,True
1235,left_shoulder,363.168,462.538,-0.4321588243478261,0.1600707343478261,2.5238,1.0,True
1235,left_toe_tip,440.102,418.2720000000001,-0.5106090217391304,0.1488469565217392,0.065,0.9659,True
1235,right_shoulder,223.596,483.932,-0.7955126852173913,0.2367640034782608,1.6719000000000002,0.9591,True
1235,right_toe_tip,413.53280000000007,381.1348,-0.5365598751999998,0.0500738546260869,-0.0162200000000002,0.4335,True
1236,left_shoulder,363.266,462.318,-0.4355552521739131,0.1610396347826087,2.512,1.0,True
1236,left_toe_tip,440.172,418.252,-0.5106474217391304,0.1488591869565216,0.064,0.9305,True
1236,right_shoulder,223.5,484.5100000000001,-0.794881195652174,0.2376246282608696,1.6737,0.9742,True
1236,right_toe_tip,414.7276,395.6456,-0.5406635544521738,0.0855509898086955,-0.0045399999999999,0.0541,True
1237,left_shoulder,363.082,462.236,-0.4393364269565217,0.1621996365217391,2.5004,0.9861,True
1237,left_toe_tip,440.338,418.082,-0.5102232195652173,0.1484247630434782,0.064,0.8919,True
1237,right_shoulder,223.244,485.268,-0.7907492104347824,0.2376824139130434,1.6884,0.9848,True
1237,right_toe_tip,415.876,412.466,-0.5462778886956521,0.127880172173913,-0.0074,0.0193,True
1238,left_shoulder,362.602,462.238,-0.4438368,0.1635808,2.488,0.9838,True
1238,left_toe_tip,440.448,417.98,-0.5095950747826088,0.1480632739130435,0.0655999999999999,0.8817,True
1238,right_shoulder,222.94,486.15600000000006,-0.7906913608695653,0.2391753208695653,1.6898,0.8943,True
1238,right_toe_tip,416.134,432.044,-0.5554310126086957,0.1787474286956521,0.0144,0.0206,True
1239,left_shoulder,362.142,462.288,-0.4491030934782609,0.1653285391304348,2.473,0.986,True
1239,left_toe_tip,440.61,417.814,-0.5086178826086957,0.1474759730434783,0.0681999999999998,0.8804,True
1239,right_shoulder,222.78799999999995,487.2600000000001,-0.7882585852173914,0.2404384043478261,1.7048,0.9345,True
1239,right_toe_tip,416.6544,450.2724,-0.5644720166260869,0.2281497538956521,0.0258400000000001,0.0219,True
1240,left_shoulder,361.354,462.398,-0.455404484347826,0.1673539486956521,2.4564,0.9823,True
1240,left_toe_tip,440.97,417.59,-0.5076995695652174,0.1469045782608695,0.0591999999999998,0.895,True
1240,right_shoulder,222.844,488.738,-0.7814420113043478,0.2411598578260869,1.7196,0.905,True
1240,right_toe_tip,417.8272,466.8732,-0.5798661781565216,0.2789367286695652,-0.0231799999999998,0.5434,True
1241,left_shoulder,360.686,462.3540000000001,-0.4609288204347825,0.1689063508695654,2.4418,0.9628,True
1241,left_toe_tip,441.268,417.41,-0.5065505869565217,0.146333097826087,0.061,0.8996,True
1241,right_shoulder,222.908,490.41,-0.769716084347826,0.2406631499999999,1.7452,0.9348,True
1241,right_toe_tip,419.6524,481.8464,-0.6013238102347828,0.3325161767652174,-0.0551599999999998,0.8349,True
1242,left_shoulder,360.218,462.15600000000006,-0.4661411408695652,0.1702007791304348,2.4272,0.9574,True
1242,left_toe_tip,441.31000000000006,417.4,-0.5064435326086956,0.1463076086956521,0.061,0.9271,True
1242,right_shoulder,223.114,492.3560000000001,-0.7649858100000001,0.2428732600000001,1.7548,0.865,True
1242,right_toe_tip,422.11,494.706,-0.619210222826087,0.3828139532608695,-0.1265,0.8756,False
1243,left_shoulder,359.696,461.994,-0.4714591408695652,0.1715494734782608,2.4006,0.9356,True
1243,left_toe_tip,441.348,417.45,-0.5065194147826089,0.1464850108695652,0.0601999999999998,0.8873,True
1243,right_shoulder,223.408,494.438,-0.7607332173913043,0.2454954782608695,1.745,0.84,True
1243,right_toe_tip,425.2,505.452,-0.6333564782608695,0.4288778699999998,-0.1886999999999998,0.9058,True
1244,left_shoulder,359.018,461.744,-0.4777915660869566,0.1730090365217391,2.3836,0.955,True
1244,left_toe_tip,441.276,417.686,-0.5076102173913043,0.1473501086956523,0.056,0.8724,True
1244,right_shoulder,223.58,496.64,-0.7574317695652174,0.2485362782608696,1.7426,0.8718,True
1244,right_toe_tip,427.978,514.0886666666667,-0.6404370332608698,0.4654426830193237,-0.2129666666666667,0.8921,False
1245,left_shoulder,358.278,461.854,-0.4840106447826088,0.1749896004347826,2.3674,0.9395,True
1245,left_toe_tip,441.064,418.1060000000001,-0.5090599252173912,0.1486882013043479,0.0608000000000001,0.8787,True
1245,right_shoulder,223.452,499.03600000000006,-0.760743423478261,0.253922051304348,1.7228,0.9114,True
1245,right_toe_tip,430.054,520.894,-0.6349040882608696,0.4865644421739131,-0.1781999999999998,0.8465,True
1246,left_shoulder,357.468,462.326,-0.48945598,0.1772686726086957,2.3542,0.9421,True
1246,left_toe_tip,441.128,418.45,-0.5111010400000001,0.1502164999999999,0.0505999999999999,0.8683,True
1246,right_shoulder,223.334,501.864,-0.7713453842028984,0.26262316,1.691366666666667,0.9393,True
1246,right_toe_tip,431.428,525.8679999999999,-0.6171917530434782,0.4908250469565215,-0.1189,0.8677,False
1247,left_shoulder,356.486,463.238,-0.4955331652173914,0.1804420695652174,2.3345,0.918,True
1247,left_toe_tip,441.188,418.77,-0.5125892,0.1515243913043477,0.043,0.8875,True
1247,right_shoulder,223.12600000000003,504.88,-0.7747512665217391,0.2692563304347826,1.6632,0.8838,True
1247,right_toe_tip,432.234,528.8826666666666,-0.6003985734782608,0.4880341930434781,-0.0950999999999999,0.911,False
1248,left_shoulder,355.29799999999994,464.8440000000001,-0.5019420043478262,0.1848445304347827,2.3145,0.8871,True
1248,left_toe_tip,441.306,419.048,-0.5135376013043478,0.1526134069565216,0.0371999999999998,0.8952,True
1248,right_shoulder,222.864,508.284,-0.7759636417391305,0.2758404756521739,1.6571,0.9151,False
1248,right_toe_tip,432.472,529.9379999999999,-0.5844168939130434,0.4785601852173909,-0.0048000000000001,0.8691,True
1249,left_shoulder,354.004,467.056,-0.508140284347826,0.1902105843478261,2.2964,0.9109,True
1249,left_toe_tip,441.366,419.154,-0.5133825273913044,0.1528873708695652,0.0371999999999998,0.881,True
1249,right_shoulder,222.712,512.257,-0.772254944347826,0.2817747480434781,1.6704,0.9228,False
1249,right_toe_tip,432.824,530.3793333333333,-0.5726464742028987,0.4709383543961352,0.0180666666666666,0.8821,False
1250,left_shoulder,352.41400000000004,469.806,-0.5139036782608695,0.196218547826087,2.269,0.9133,True
1250,left_toe_tip,441.54,418.988,-0.5140114000000001,0.1527789199999999,0.0501999999999998,0.9121,True
1250,right_shoulder,222.72600000000003,516.581,-0.760527220869565,0.2853858921739131,1.7002000000000002,0.9532,True
1250,right_toe_tip,433.209,530.2689999999999,-0.565348612173913,0.4655006399999996,0.0458000000000001,0.8941,False
1251,left_shoulder,350.536,472.946,-0.5211610539130435,0.2033519069565218,2.2511,0.9036,True
1251,left_toe_tip,441.50200000000007,418.904,-0.5152317652173911,0.1528942956521738,0.027,0.9358,True
1251,right_shoulder,222.612,521.1110000000001,-0.7574987289855072,0.2923931155797102,1.6903333333333337,0.9537,False
1251,right_toe_tip,433.627,529.607,-0.5625010160869566,0.4622896882608694,0.0784000000000001,0.8977,True
1252,left_shoulder,348.472,476.924,-0.5286163147826087,0.2120137139130434,2.1883000000000004,0.9941,True
1252,left_toe_tip,441.496,418.824,-0.5146863495652174,0.1525204017391303,0.0295999999999999,0.926,True
1252,right_shoulder,222.41,526.067,-0.7520251217391306,0.2990650060869566,1.7032,0.9274,True
1252,right_toe_tip,434.139,529.0543333333333,-0.5577043004347826,0.4579902395652171,0.1110999999999999,0.8624,False
1253,left_shoulder,346.47,481.604,-0.5345436543478261,0.2214514582608695,2.1311,0.9238,True
1253,left_toe_tip,441.398,418.842,-0.5142064826086957,0.1523496130434782,0.033,0.9395,True
1253,right_shoulder,222.41,531.643,-0.7582889717391305,0.3116812997826087,1.6639000000000002,0.9216,True
1253,right_toe_tip,435.201,528.871,-0.552601127826087,0.4556580113043478,0.1210999999999999,0.845,True
1254,left_shoulder,344.63,486.83,-0.5399492021739131,0.2318507543478261,2.1247,0.9067,True
1254,left_toe_tip,441.264,419.016,-0.515115071304348,0.1529669060869564,0.0304,0.9547,True
1254,right_shoulder,222.244,537.5200000000001,-0.7557750939130434,0.3211568347826088,1.6576,0.9139,True
1254,right_toe_tip,436.713,528.625,-0.547681693695652,0.4542977445652174,0.1559000000000001,0.8358,True
1255,left_shoulder,343.03200000000004,492.57,-0.5445489304347826,0.2430930326086956,2.1025,0.9453,True
1255,left_toe_tip,441.192,419.2,-0.5151288156521739,0.1533923478260869,0.0311999999999998,0.9282,True
1255,right_shoulder,222.384,543.944,-0.7615136973913043,0.3354178852173912,1.6444,0.8553,True
1255,right_toe_tip,439.27,529.918,-0.5370836608695652,0.4546414660869565,0.1679000000000001,0.8394,True
1256,left_shoulder,341.788,499.054,-0.549812167826087,0.2563732552173913,2.0613,0.9328,True
1256,left_toe_tip,441.27,419.288,-0.5164819891304349,0.1540843565217391,0.029,0.9062,True
1256,right_shoulder,222.68400000000003,551.0440000000001,-0.7534368217391304,0.3449174826086958,1.652,0.7294,True
1256,right_toe_tip,442.232,531.892,-0.5252460121739131,0.456522731304348,0.1225999999999999,0.6357,True
1257,left_shoulder,340.736,505.574,-0.5517517356521741,0.2683941508695651,2.0398,0.9184,True
1257,left_toe_tip,441.48,419.298,-0.5176193217391304,0.1546130895652172,0.0211999999999998,0.9214,True
1257,right_shoulder,222.96250000000003,554.62,-0.7553138417119564,0.3524843206521739,1.64275,0.37,True
1257,right_toe_tip,445.532,533.8399999999999,-0.5145792382608697,0.4599957565217389,0.0890999999999999,0.7324,True
1258,left_shoulder,340.054,512.3720000000001,-0.5578995600000001,0.2834119200000001,1.9618,0.9308,True
1258,left_toe_tip,441.8,419.212,-0.5170003913043478,0.1544532147826086,0.0331999999999998,0.9198,True
1258,right_shoulder,223.17333333333335,558.3033333333333,-0.7421326956521738,0.3530661521739129,1.667,0.3446,True
1258,right_toe_tip,448.342,535.632,-0.5039772104347826,0.4618357982608694,0.0828000000000001,0.7657,True
1259,left_shoulder,339.34399999999994,519.358,-0.5624881600000001,0.2981380321739129,1.9418,0.9382,True
1259,left_toe_tip,442.278,419.04,-0.5150228269565219,0.1537863652173912,0.0365999999999999,0.9476,True
1259,right_shoulder,223.80500000000004,562.31,-0.7450795271739129,0.3621788804347825,1.642,0.0212,True
1259,right_toe_tip,450.784,537.54,-0.4947587060869565,0.4642285043478259,0.0874,0.8106,True
1260,left_shoulder,338.44,526.79,-0.5684406,0.3143991499999999,1.8498,0.9274,True
1260,left_toe_tip,442.59,419.02199999999993,-0.5125793565217392,0.1532519060869563,0.0441999999999998,0.9431,True
1260,right_shoulder,223.76,566.38,-0.7275151304347827,0.3607163478260869,1.6765,0.0627,True
1260,right_toe_tip,452.38,537.952,-0.4902184304347827,0.464957627826087,0.0866999999999998,0.87,True
1261,left_shoulder,337.662,534.062,-0.5712216430434783,0.3288636613043478,1.7978,0.9495,True
1261,left_toe_tip,442.71,419.088,-0.5081504173913042,0.1521901356521739,0.0634000000000001,0.9356,True
1261,right_shoulder,,,,,,0.0472,True
1261,right_toe_tip,453.576,537.764,-0.4889172034782609,0.4662054121739131,0.0776999999999998,0.8893,True
1262,left_shoulder,336.49,541.856,-0.5750194891304348,0.344538052173913,1.746,0.9066,True
1262,left_toe_tip,442.858,419.1,-0.5044692352173912,0.1512317608695652,0.0788000000000001,0.9567,True
1262,right_shoulder,,,,,,0.0162,True
1262,right_toe_tip,454.36800000000005,537.5160000000001,-0.4886560626086955,0.4672915747826089,0.0761999999999998,0.8847,True
1263,left_shoulder,335.434,549.14,-0.5772187799999999,0.3584614173913043,1.7594,0.894,True
1263,left_toe_tip,443.046,418.9620000000001,-0.5021898839130435,0.1503402821739133,0.1051999999999998,0.9676,True
1263,right_shoulder,,,,,,0.0495,True
1263,right_toe_tip,455.132,537.1179999999999,-0.4891366147826087,0.4686311256521737,0.0728000000000001,0.8702,True
1264,left_shoulder,333.85400000000004,556.9739999999999,-0.5754879265217391,0.3702682995652173,1.7321,0.9268,True
1264,left_toe_tip,443.328,418.68,-0.5000599373913044,0.1492002782608696,0.1118000000000001,0.9467,True
1264,right_shoulder,,,,,,0.0189,True
1264,right_toe_tip,455.784,536.736,-0.4892136208695652,0.4693493426086956,0.0638000000000001,0.849,True
1265,left_shoulder,332.74,564.104,-0.5777155956521739,0.3837598904347826,1.6342,0.894,True
1265,left_toe_tip,443.814,418.334,-0.4963505799999999,0.14758502,0.1234,0.938,True
1265,right_shoulder,,,,,,0.022,True
1265,right_toe_tip,456.114,536.414,-0.4904959173913043,0.4705651695652174,0.053,0.7656,True
1266,left_shoulder,331.488,571.121,-0.5787618052173913,0.3960584064130434,1.6730999999999998,0.9124,True
1266,left_toe_tip,444.316,418.048,-0.49278336,0.1461800069565216,0.1341999999999998,0.9361,True
1266,right_shoulder,,,,,,0.0126,True
1266,right_toe_tip,456.452,536.02,-0.4912303104347827,0.4710830913043477,0.0473000000000001,0.7863,True
1267,left_shoulder,330.67,577.665,-0.5786824597826087,0.4071991646739129,1.7219,0.8725,True
1267,left_toe_tip,444.77,417.818,-0.4898999760869565,0.1450854726086957,0.1564000000000001,0.9576,True
1267,right_shoulder,,,,,,0.0446,True
1267,right_toe_tip,456.832,535.66,-0.4916866226086956,0.4715325391304346,0.0424,0.8126,True
1268,left_shoulder,329.442,584.039,-0.5771315354347826,0.4163472590217391,1.6893,0.885,False
1268,left_toe_tip,445.052,417.908,-0.4885142600000001,0.1451098947826087,0.1595999999999999,0.9605,True
1268,right_shoulder,,,,,,0.0312,True
1268,right_toe_tip,457.072,535.394,-0.4905254086956522,0.4703228239130435,0.045,0.8376,True
1269,left_shoulder,328.584,589.4950000000001,-0.5815016808695652,0.4285320222826089,1.6591,0.9089,True
1269,left_toe_tip,445.202,418.4320000000001,-0.4890276747826088,0.1466897252173915,0.1554000000000001,0.9402,True
1269,right_shoulder,,,,,,0.0188,True
1269,right_toe_tip,457.386,535.158,-0.4905964808695653,0.4705657747826087,0.0404,0.8246,True
1270,left_shoulder,327.756,594.6229999999999,-0.5827762743478261,0.4379034274999998,1.6559,0.8917,True
1270,left_toe_tip,445.276,419.212,-0.4920167504347825,0.1496132773913043,0.1404,0.9853,True
1270,right_shoulder,,,,,,0.0354,True
1270,right_toe_tip,457.5220000000001,535.0039999999999,-0.4904294595652172,0.4703422721739128,0.0394,0.7308,True
1271,left_shoulder,326.886,599.668,-0.5836172686956521,0.4467203113043478,1.6322,0.852,True
1271,left_toe_tip,445.448,420.09,-0.500083227826087,0.1544574260869564,0.1051999999999998,1.0,True
1271,right_shoulder,,,,,,0.0511,True
1271,right_toe_tip,457.546,535.046,-0.4902063013043478,0.470302937826087,0.0401999999999998,0.6818,True
1272,left_shoulder,326.08000000000004,603.9820000000001,-0.5881222956521738,0.4570949730434784,1.5984,0.8704,True
1272,left_toe_tip,445.766,420.886,-0.5106242960869567,0.1600639995652173,0.0514,1.0,True
1272,right_shoulder,,,,,,0.0272,True
1272,right_toe_tip,457.3560000000001,535.1780000000001,-0.490160908695652,0.470124436956522,0.043,0.731,True
1273,left_shoulder,325.252,608.1800000000001,-0.5926157452173912,0.4672797782608697,1.5808,0.8469,True
1273,left_toe_tip,446.218,421.316,-0.5173558134782608,0.1637003904347825,0.0228000000000001,0.9888,True
1273,right_shoulder,,,,,,0.0529,True
1273,right_toe_tip,457.218,535.182,-0.4921604026086956,0.4716965765217392,0.0348000000000001,0.8486,True
1274,left_shoulder,324.672,611.8660000000001,-0.5959013704347826,0.4759719865217393,1.5834,0.8575,True
1274,left_toe_tip,446.44,422.432,-0.5226961565217393,0.168593544347826,-0.0054,0.9506,True
1274,right_shoulder,,,,,,0.0355,True
1274,right_toe_tip,456.856,535.324,-0.4927768017391306,0.4717359017391303,0.0365999999999999,0.8457,True
1275,left_shoulder,323.898,615.272,-0.5970204730434782,0.4821311165217392,1.5844,0.7958,True
1275,left_toe_tip,445.93,424.826,-0.5293470195652175,0.1768199613043479,-0.0419,0.9415,True
1275,right_shoulder,,,,,,0.0179,True
1275,right_toe_tip,456.812,535.2879999999999,-0.4934527191304347,0.4721725234782605,0.0338000000000001,0.9143,True
1276,left_shoulder,323.238,618.058,-0.6008837417391304,0.4895248060869565,1.5678,0.787,True
1276,left_toe_tip,445.724,428.602,-0.5311336904347825,0.1875519026086956,-0.0476999999999998,0.9023,True
1276,right_shoulder,,,,,,0.0324,False
1276,right_toe_tip,456.896,535.142,-0.4933856695652173,0.471931541304348,0.033,0.9074,True
1277,left_shoulder,322.622,620.714,-0.6020522669565217,0.4945631226086958,1.5643,0.841,True
1277,left_toe_tip,445.026,434.282,-0.5307531365217393,0.2022085226086956,-0.0164,0.8702,True
1277,right_shoulder,,,,,,0.159,True
1277,right_toe_tip,457.146,534.954,-0.4936262982608695,0.4722997330434781,0.0284,0.9122,True
1278,left_shoulder,322.258,622.9399999999999,-0.6023973873913043,0.4984999434782607,1.5528,0.8278,True
1278,left_toe_tip,445.54,441.792,-0.5366250521739131,0.2257103582608696,-0.0318000000000001,0.8866,True
1278,right_shoulder,,,,,,0.0205,True
1278,right_toe_tip,457.3320000000001,534.8100000000001,-0.4934815730434781,0.4722530152173915,0.0265999999999999,0.9094,True
1279,left_shoulder,321.62600000000003,625.578,-0.6009655308695652,0.5013073421739129,1.5564,0.8129,True
1279,left_toe_tip,446.982,449.566,-0.5425903821739131,0.251777814347826,-0.0691999999999998,0.9241,True
1279,right_shoulder,,,,,,0.0322,True
1279,right_toe_tip,457.71400000000006,534.606,-0.4933610217391304,0.4725749347826087,0.031,0.9246,True
1280,left_shoulder,321.1,627.988,-0.599116043478261,0.5034678904347828,1.5686,0.8333,True
1280,left_toe_tip,449.718,457.284,-0.5480948913043477,0.2802202173913043,-0.033,0.9281,True
1280,right_shoulder,,,,,,0.0207,True
1280,right_toe_tip,458.0267142857143,534.5215714285714,-0.4933595296960958,0.4731567057431233,0.0267285714285712,0.9029,True
1281,left_shoulder,320.67999999999995,630.01,-0.5997662608695653,0.5071492173913044,1.569,0.846,True
1281,left_toe_tip,453.026,465.324,-0.5509636021739129,0.3103623521739129,-0.036,0.9564,True
1281,right_shoulder,,,,,,0.0306,True
1281,right_toe_tip,458.2581428571429,534.4687142857143,-0.493155400525732,0.4734197725576753,0.0345857142857144,0.7981,True
1282,left_shoulder,320.188,632.0,-0.6020113278260869,0.5120104347826087,1.5692000000000002,0.8295,True
1282,left_toe_tip,458.03,472.846,-0.550261456521739,0.3412364913043478,-0.023,0.9021,True
1282,right_shoulder,,,,,,0.0315,True
1282,right_toe_tip,458.3342857142858,534.4994285714287,-0.4931095784383316,0.4736575638331857,0.0337714285714287,0.2071,True
1283,left_shoulder,319.9,633.6099999999999,-0.6030405652173914,0.5154574478260868,1.5718,0.8478,True
1283,left_toe_tip,462.156,478.992,-0.5451691834782609,0.3647622156521739,0.0128000000000001,0.9613,True
1283,right_shoulder,,,,,,0.0315,True
1283,right_toe_tip,458.3971428571429,534.6457142857142,-0.4932322320319429,0.4743366752440104,0.0322857142857146,0.079,True
1284,left_shoulder,320.072,634.55,-0.6060549113043477,0.5200931956521738,1.5622,0.8621,True
1284,left_toe_tip,468.284,487.466,-0.5274294269565217,0.39151459,0.0351999999999998,0.9167,True
1284,right_shoulder,,,,,,0.018,True
1284,right_toe_tip,458.3107142857142,534.8035714285713,-0.4931425263420588,0.4744532650288374,0.0239285714285715,0.0351,True
1285,left_shoulder,320.484,635.144,-0.6082612200000002,0.5237904365217392,1.5536,0.8099,True
1285,left_toe_tip,474.836,496.08,-0.5122597365217393,0.4220550782608697,-0.0234,0.8685,True
1285,right_shoulder,,,,,,0.0198,True
1285,right_toe_tip,458.2674999999999,534.8824999999999,-0.4930975577445654,0.4745113485054346,0.02475,0.026,True
1286,left_shoulder,320.96,635.712,-0.6081873391304349,0.5255909843478261,1.5592,0.8109,True
1286,left_toe_tip,482.32,504.11800000000005,-0.4948066956521739,0.4522485500000002,-0.075,0.8042,True
1286,right_shoulder,,,,,,0.0184,True
1286,right_toe_tip,458.2242857142857,534.9614285714284,-0.4930525119787045,0.474569291038154,0.0255714285714284,0.0626,True
1287,left_shoulder,321.664,636.078,-0.6066376904347827,0.5261086408695652,1.5598,0.836,True
1287,left_toe_tip,489.682,511.79,-0.4768675160869566,0.4815372760869564,-0.0135999999999999,0.9172,True
1287,right_shoulder,,,,,,0.0204,True
1287,right_toe_tip,458.1810714285713,535.040357142857,-0.4930073890444768,0.4746270926269962,0.0263928571428568,0.0239,True
1288,left_shoulder,322.586,636.106,-0.6059847278260871,0.527122367826087,1.5656,0.8841,True
1288,left_toe_tip,497.814,520.626,-0.4546551900000001,0.513619094347826,0.1541999999999998,0.896,True
1288,right_shoulder,,,,,,0.0172,True
1288,right_toe_tip,458.1378571428571,535.1192857142858,-0.4929621889418811,0.474684753271961,0.0272142857142857,0.0298,True
1289,left_shoulder,323.398,636.23,-0.6063616565217392,0.5290405,1.56,0.914,True
1289,left_toe_tip,504.67,527.5319999999999,-0.4373806760869567,0.5414561399999998,0.1295999999999999,0.8866,True
1289,right_shoulder,,,,,,0.0186,True
1289,right_toe_tip,,,,,,0.1053,True
1290,left_shoulder,324.092,636.692,-0.6059939547826088,0.5307674365217392,1.5572,0.918,True
1290,left_toe_tip,511.5280000000001,534.176,-0.4135960539130432,0.5607331269565219,0.1121999999999998,0.9557,True
1290,right_shoulder,,,,,,0.0209,True
1290,right_toe_tip,,,,,,0.197,True
1291,left_shoulder,325.092,637.03,-0.6058556086956521,0.5329816304347825,1.5605,0.9069,True
1291,left_toe_tip,517.9100000000001,540.5899999999999,-0.3902367978260867,0.5772206021739128,0.1194,0.9439,True
1291,right_shoulder,,,,,,0.0355,True
1291,right_toe_tip,,,,,,0.1026,True
1292,left_shoulder,326.166,637.4559999999999,-0.6057678447826088,0.535550396521739,1.5632,0.8901,True
1292,left_toe_tip,523.996,546.836,-0.3658287013043479,0.5892035726086957,0.1271999999999998,1.0,True
1292,right_shoulder,,,,,,0.0173,True
1292,right_toe_tip,,,,,,0.0241,True
1293,left_shoulder,327.23400000000004,638.1299999999999,-0.6063580843478259,0.5392094217391301,1.5634,0.8684,True
1293,left_toe_tip,530.0060000000001,552.356,-0.3416628845652171,0.5974953708695652,0.0958000000000001,0.9259,True
1293,right_shoulder,,,,,,0.0166,True
1293,right_toe_tip,457.36,536.54,-0.4921353913043478,0.4756985434782608,0.0305,0.0244,True
1294,left_shoulder,328.766,638.618,-0.6060943852173912,0.5425782704347827,1.5724,0.9124,True
1294,left_toe_tip,535.242,556.6120000000001,-0.3175419941304349,0.5959694395652176,0.0658000000000001,0.9604,False
1294,right_shoulder,,,,,,0.0129,True
1294,right_toe_tip,457.73,536.87,-0.4920299402173912,0.477452875,0.026,0.106,True
1295,left_shoulder,331.014,638.49,-0.6058812434782609,0.5460825652173913,1.569,0.9148,True
1295,left_toe_tip,540.1560000000001,559.986,-0.298652938695652,0.5981972536956521,0.0130999999999999,0.967,True
1295,right_shoulder,,,,,,0.0117,True
1295,right_toe_tip,457.97333333333336,537.0633333333334,-0.490482724637681,0.4771086992753625,0.0305,0.5929,True
1296,left_shoulder,333.51,638.218,-0.60531775,0.5494805499999998,1.5775,0.8636,True
1296,left_toe_tip,544.1619999999999,562.4100000000001,-0.2785239789130436,0.5882430619565219,-0.0256999999999998,0.9358,True
1296,right_shoulder,,,,,,0.0122,True
1296,right_toe_tip,458.2,536.9875,-0.4884886956521739,0.4755577173913042,0.045,0.8975,True
1297,left_shoulder,336.22200000000004,638.0600000000001,-0.6008860917391303,0.5500147695652174,1.6322,0.8971,True
1297,left_toe_tip,547.5719999999999,564.33,-0.2627366365217394,0.5808302347826088,-0.0941999999999998,0.94,True
1297,right_shoulder,,,,,,0.015,True
1297,right_toe_tip,458.378,536.8340000000001,-0.4886421460869565,0.4757603443478261,0.0418000000000001,0.958,True
1298,left_shoulder,339.156,638.088,-0.5975023443478261,0.5523069495652173,1.7088,0.9588,True
1298,left_toe_tip,550.35,565.472,-0.2496557608695651,0.572194852173913,-0.1085,0.9287,True
1298,right_shoulder,,,,,,0.0206,True
1298,right_toe_tip,458.646,536.86,-0.4875662865217391,0.4754842652173914,0.0435999999999999,0.9713,True
1299,left_shoulder,342.262,638.1320000000001,-0.5919808147826087,0.5529989721739131,1.7348,0.8942,True
1299,left_toe_tip,552.8340000000001,566.406,-0.2416203621739128,0.5721484578260867,-0.1351999999999998,0.9002,True
1299,right_shoulder,,,,,,0.0165,True
1299,right_toe_tip,458.824,536.72,-0.4869301930434783,0.4749542086956522,0.0444,0.9839,True
1300,left_shoulder,345.804,638.308,-0.5867291530434783,0.5550429547826087,1.7582,0.9375,True
1300,left_toe_tip,554.85,567.038,-0.231959706521739,0.5639985169565217,-0.1341999999999998,0.9504,True
1300,right_shoulder,,,,,,0.0125,True
1300,right_toe_tip,458.91,536.4979999999999,-0.4863053847826088,0.4739738682608694,0.0464,1.0,True
1301,left_shoulder,349.148,639.1780000000001,-0.5841699191304347,0.5607229439130437,1.7552,0.8672,True
1301,left_toe_tip,556.5440000000001,567.5519999999999,-0.2248232069565214,0.5591270399999998,-0.1194,0.9228,True
1301,right_shoulder,,,,,,0.0138,True
1301,right_toe_tip,458.854,536.458,-0.4857469369565217,0.4731759630434782,0.05,0.9953,True
1302,left_shoulder,353.446,639.46,-0.5809570878260869,0.5665747739130436,1.7478,0.928,True
1302,left_toe_tip,557.894,567.9019999999999,-0.2176522965217391,0.5511210843478259,-0.0878000000000001,0.8899,True
1302,right_shoulder,,,,,,0.013,True
1302,right_toe_tip,458.768,536.46,-0.4838106434782607,0.4710714782608696,0.061,0.9923,True
1303,left_shoulder,358.408,639.772,-0.5759780713043479,0.5722553800000001,1.7462,0.8802,True
1303,left_toe_tip,559.254,568.17,-0.2119933569565217,0.5465367586956521,-0.0754,0.8509,True
1303,right_shoulder,,,,,,0.0128,True
1303,right_toe_tip,458.79800000000006,536.3799999999999,-0.4833366391304347,0.4704744782608692,0.063,0.942,True
1304,left_shoulder,363.574,640.3879999999999,-0.5695577452173914,0.5777211878260868,1.7774,0.8676,True
1304,left_toe_tip,560.588,568.174,-0.2074552182608696,0.5438319473913042,-0.0634000000000001,0.8589,True
1304,right_shoulder,,,,,,0.0143,True
1304,right_toe_tip,458.81000000000006,536.29,-0.4814927304347825,0.4684715130434782,0.0721999999999998,0.9257,True
1305,left_shoulder,368.946,641.454,-0.5632619969565217,0.5848736491304347,1.8027,0.8675,True
1305,left_toe_tip,561.848,567.896,-0.2025495965217392,0.5388121982608696,-0.0584,0.8938,True
1305,right_shoulder,,,,,,0.0132,True
1305,right_toe_tip,458.864,536.2079999999999,-0.4813492313043477,0.4682536069565214,0.0761999999999998,0.96,True
1306,left_shoulder,374.962,642.15,-0.5494929143478261,0.5849705543478261,1.8461,0.8855,True
1306,left_toe_tip,563.198,567.606,-0.2009040143478261,0.5430702169565218,-0.0885999999999999,0.9162,True
1306,right_shoulder,,,,,,0.014,True
1306,right_toe_tip,459.046,536.0559999999999,-0.4814163156521739,0.4683855060869563,0.0734,0.9545,True
1307,left_shoulder,380.614,643.508,-0.5415528573913043,0.5919153982608697,1.8687,0.8559,True
1307,left_toe_tip,564.6,567.346,-0.1977938695652173,0.5439226482608696,-0.1079,0.9331,True
1307,right_shoulder,,,,,,0.0162,True
1307,right_toe_tip,459.196,536.03,-0.4824715434782608,0.4697322282608695,0.066,0.9766,True
1308,left_shoulder,386.044,645.296,-0.5290013895652175,0.5942839721739132,1.8516,0.8823,True
1308,left_toe_tip,565.664,567.146,-0.19548752,0.5447489482608694,-0.1224,0.9295,True
1308,right_shoulder,,,,,,0.0151,True
1308,right_toe_tip,459.276,535.934,-0.4826509434782607,0.4698585195652172,0.064,0.9702,True
1309,left_shoulder,391.586,647.1279999999999,-0.518537223478261,0.5993484904347824,1.8476,0.8215,True
1309,left_toe_tip,566.564,566.934,-0.193855075652174,0.546260774347826,-0.1315999999999999,0.9032,True
1309,right_shoulder,,,,,,0.0257,True
1309,right_toe_tip,459.354,535.924,-0.4838563839130435,0.4712086095652173,0.0568000000000001,0.9713,True
1310,left_shoulder,396.852,649.22,-0.5043735252173914,0.5999428782608697,1.8971,0.917,True
1310,left_toe_tip,567.284,566.774,-0.1935352147826087,0.5503334960869565,-0.1610999999999999,0.9076,True
1310,right_shoulder,,,,,,0.0113,True
1310,right_toe_tip,459.3200000000001,536.046,-0.4841438434782607,0.4717267382608696,0.0558000000000001,0.9485,True
1311,left_shoulder,402.204,651.3219999999999,-0.494098732173913,0.6053164513043476,1.8994,0.8414,True
1311,left_toe_tip,567.836,566.654,-0.1917679860869565,0.5491605426086957,-0.1573000000000002,0.9074,True
1311,right_shoulder,,,,,,0.012,True
1311,right_toe_tip,459.198,536.266,-0.4857285034782609,0.4735424408695651,0.0454,0.9537,True
1312,left_shoulder,408.082,652.9259999999999,-0.4800198430434783,0.6062931404347824,1.9238,0.8851,True
1312,left_toe_tip,568.338,566.494,-0.1921787895652174,0.55376304,-0.1871999999999998,0.917,True
1312,right_shoulder,,,,,,0.0135,True
1312,right_toe_tip,459.126,536.39,-0.485528728695652,0.4734921130434781,0.0474,0.9712,True
1313,left_shoulder,413.94,654.3539999999999,-0.4688287826086957,0.6104645999999999,1.903,0.8714,True
1313,left_toe_tip,568.79,566.4040000000001,-0.1919573913043479,0.5563933913043481,-0.2,0.9127,True
1313,right_shoulder,,,,,,0.0122,True
1313,right_toe_tip,459.1360000000001,536.542,-0.485501885217391,0.4739001339130435,0.0474,0.9858,True
1314,left_shoulder,420.25,655.5179999999999,-0.4561245652173912,0.6133925791304345,1.8474,0.9445,True
1314,left_toe_tip,569.1360000000001,566.4300000000001,-0.1908090226086954,0.5558352130434784,-0.1971999999999998,0.9025,True
1314,right_shoulder,,,,,,0.0164,True
1314,right_toe_tip,459.21,536.622,-0.4849495239130433,0.4737693169565216,0.0491999999999998,0.97,True
1315,left_shoulder,426.484,656.342,-0.4442989460869564,0.6166490486956522,1.7486,0.8993,True
1315,left_toe_tip,569.456,566.5120000000001,-0.1894413113043478,0.5545745078260872,-0.1905999999999999,0.8926,True
1315,right_shoulder,,,,,,0.0154,True
1315,right_toe_tip,459.376,536.632,-0.4845042469565216,0.473796140869565,0.0491999999999998,0.968,True
1316,left_shoulder,432.786,657.274,-0.4286627008695653,0.6149694313043478,1.7248,0.8849,True
1316,left_toe_tip,569.7180000000001,566.554,-0.1889516291304346,0.5553159386956521,-0.1934000000000001,0.9061,True
1316,right_shoulder,,,,,,0.0154,False
1316,right_toe_tip,459.6719999999999,536.562,-0.4844550921739132,0.4743376513043478,0.0594,0.9621,True
1317,left_shoulder,438.754,658.2,-0.4161854778260869,0.6166905652173913,1.7104,0.9323,True
1317,left_toe_tip,569.8700000000001,566.554,-0.1885429804347823,0.5553159386956521,-0.2054,0.9111,True
1317,right_shoulder,,,,,,0.0106,False
1317,right_toe_tip,460.036,536.324,-0.4853159608695653,0.4754998304347824,0.05,0.9689,True
1318,left_shoulder,445.0559999999999,658.9999999999999,-0.4017541565217393,0.6161999999999997,1.707,0.9402,True
1318,left_toe_tip,570.034,566.566,-0.18712863,0.5524742386956523,-0.1925999999999999,0.9342,True
1318,right_shoulder,,,,,,0.0229,True
1318,right_toe_tip,460.356,535.85,-0.4858979669565219,0.4756360217391304,0.0475999999999999,0.953,True
1319,left_shoulder,450.908,660.034,-0.3868986747826087,0.6138956539130435,1.7206,0.9385,True
1319,left_toe_tip,570.1600000000001,566.5640000000001,-0.1873685739130432,0.5541752878260872,-0.2001999999999998,0.9336,True
1319,right_shoulder,,,,,,0.0177,True
1319,right_toe_tip,460.5100000000001,535.26,-0.4867690760869564,0.4752975,0.041,0.8945,True
1320,left_shoulder,456.818,660.8619999999999,-0.3742886126086955,0.6147395517391301,1.7232,0.8503,True
1320,left_toe_tip,570.292,566.544,-0.1880903686956521,0.5573095930434783,-0.2144000000000001,0.9282,True
1320,right_shoulder,,,,,,0.023,True
1320,right_toe_tip,460.726,534.512,-0.4880150060869567,0.4750520139130433,0.0340999999999999,0.8393,True
1321,left_shoulder,462.686,661.796,-0.361990385652174,0.6161230947826087,1.7248,0.8522,True
1321,left_toe_tip,570.428,566.5020000000001,-0.1881468869565217,0.5584532347826089,-0.22,0.9307,True
1321,right_shoulder,,,,,,0.0136,True
1321,right_toe_tip,461.07,533.99,-0.4876231478260869,0.4741605739130434,0.0313000000000001,0.8166,True
1322,left_shoulder,468.068,663.29,-0.3493209721739129,0.6162061608695651,1.7388,0.9238,True
1322,left_toe_tip,570.5740000000001,566.458,-0.1888387199999998,0.5615657599999999,-0.2344,0.942,True
1322,right_shoulder,,,,,,0.0327,False
1322,right_toe_tip,461.358,533.8040000000001,-0.4866441091304347,0.4734647660869567,0.0473000000000001,0.774,True
1323,left_shoulder,473.164,664.34,-0.3380242434782608,0.6166193043478262,1.749,0.8352,True
1323,left_toe_tip,570.682,566.408,-0.1919505834782608,0.5715706747826087,-0.2795999999999999,0.9478,True
1323,right_shoulder,,,,,,0.0204,True
1323,right_toe_tip,461.656,533.824,-0.4854833843478262,0.4731791582608694,0.0490999999999999,0.904,True
1324,left_shoulder,477.6940000000001,665.308,-0.3286696499999998,0.6182487,1.75,0.8921,True
1324,left_toe_tip,570.8100000000001,566.308,-0.1919571260869563,0.5723701513043478,-0.2844000000000001,0.9441,True
1324,right_shoulder,,,,,,0.0153,True
1324,right_toe_tip,462.398,533.8720000000001,-0.4849306782608695,0.4747461565217393,0.0415,0.7889,True
1325,left_shoulder,481.9980000000001,666.61,-0.3176183682608695,0.6163527543478262,1.7535999999999998,0.9053,True
1325,left_toe_tip,570.9280000000001,566.222,-0.1913444556521736,0.5712797708695652,-0.2645999999999999,0.9487,True
1325,right_shoulder,,,,,,0.0104,True
1325,right_toe_tip,463.014,534.056,-0.4834411065217391,0.475437747826087,0.068,0.8091,True
1326,left_shoulder,485.718,667.7059999999999,-0.3098720430434783,0.6180208117391301,1.7552,0.9254,True
1326,left_toe_tip,571.0,566.142,-0.1911449999999999,0.5710581534782609,-0.2645999999999999,0.9567,True
1326,right_shoulder,,,,,,0.0144,True
1326,right_toe_tip,463.52,533.878,-0.4829797217391305,0.4758587265217393,0.0631999999999998,0.7517,True
1327,left_shoulder,489.438,668.2239999999999,-0.3034478917391304,0.6212053704347825,1.7488,0.9076,True
1327,left_toe_tip,571.0139999999999,566.1,-0.1902363934782611,0.5683431521739131,-0.253,0.9502,True
1327,right_shoulder,,,,,,0.0125,True
1327,right_toe_tip,464.016,533.5699999999999,-0.4829230504347827,0.4762987195652172,0.0564,0.7517,True
1328,left_shoulder,492.508,668.9939999999999,-0.2977735226086957,0.6238320169565216,1.7355999999999998,0.9172,True
1328,left_toe_tip,571.03,566.072,-0.1881831456521739,0.562262972173913,-0.2261999999999998,0.9415,True
1328,right_shoulder,,,,,,0.0222,True
1328,right_toe_tip,464.422,533.24,-0.4832593604347825,0.4768242695652174,0.0663000000000001,0.7585,True
1329,left_shoulder,495.57,669.24,-0.2930987065217392,0.6275555217391304,1.717,0.8484,True
1329,left_toe_tip,571.03,566.0319999999999,-0.1877483347826087,0.5608549356521737,-0.2204000000000001,0.9351,True
1329,right_shoulder,,,,,,0.0173,True
1329,right_toe_tip,464.871,533.874,-0.5129376123913044,0.5092618265217392,-0.0910999999999999,0.6907,True
1330,left_shoulder,498.028,669.4359999999999,-0.2899623782608697,0.6319893956521738,1.676,0.9289,True
1330,left_toe_tip,570.99,566.006,-0.1870771086956521,0.5584553956521738,-0.21,0.9434,True
1330,right_shoulder,,,,,,0.0123,True
1330,right_toe_tip,465.805,535.338,-0.5724199173913043,0.5761759147826085,-0.3806999999999998,0.4335,True
1331,left_shoulder,500.372,669.48,-0.2857517373913043,0.633357547826087,1.6342,0.96,True
1331,left_toe_tip,570.938,566.0559999999999,-0.1864523865217391,0.556306405217391,-0.1998000000000001,0.9448,True
1331,right_shoulder,,,,,,0.0143,True
1331,right_toe_tip,467.143,537.6153333333334,-0.6218342686956522,0.6389518556521742,-0.6566,0.5124,False
1332,left_shoulder,502.5220000000001,669.6699999999998,-0.2796182973913042,0.6298418521739128,1.5188,0.9053,True
1332,left_toe_tip,570.888,566.098,-0.185415476521739,0.5529250908695651,-0.1841999999999998,0.9422,True
1332,right_shoulder,,,,,,0.0122,True
1332,right_toe_tip,468.983,540.56,-0.6613153034782608,0.6982176695652172,-0.7816,0.7791,True
1333,left_shoulder,504.566,669.6800000000001,-0.27696253,0.6332956000000002,1.4915999999999998,0.9318,False
1333,left_toe_tip,570.8100000000001,566.0840000000001,-0.1846470521739128,0.5499754747826088,-0.1711999999999998,0.9444,True
1333,right_shoulder,,,,,,0.0096,False
1333,right_toe_tip,471.4309999999999,544.26,-0.6902534095652177,0.7545046434782609,-0.4541999999999998,0.4331,True
1334,left_shoulder,506.416,669.9280000000001,-0.27622848,0.6408772034782612,1.4110999999999998,0.9876,True
1334,left_toe_tip,570.7239999999999,566.0980000000001,-0.1832199600000001,0.5450844060869566,-0.1491999999999998,0.9581,True
1334,right_shoulder,,,,,,0.0161,True
1334,right_toe_tip,475.59,547.78,-0.6673973760869566,0.7622643347826086,-0.3185999999999999,0.7123,False
1335,left_shoulder,508.076,670.222,-0.2750328608695652,0.6467454304347825,1.379,0.955,True
1335,left_toe_tip,570.674,566.1139999999999,-0.1828850021739131,0.5437376934782607,-0.143,0.9542,True
1335,right_shoulder,,,,,,0.0202,True
1335,right_toe_tip,480.848,551.5219999999999,-0.6170599826086958,0.7425641021739129,-0.0735,0.8112,True
1336,left_shoulder,509.474,670.5060000000001,-0.2758354882608696,0.6561801795652177,1.3448,0.9166,True
1336,left_toe_tip,570.664,566.1179999999999,-0.1837554730434782,0.5462575082608693,-0.1541999999999998,0.951,True
1336,right_shoulder,,,,,,0.0242,True
1336,right_toe_tip,487.038,556.2346666666666,-0.5667907152173913,0.7271347594202896,0.0895,0.4999,True
1337,left_shoulder,510.434,670.8879999999999,-0.2782570682608695,0.6676657721739129,1.3132,0.8587,True
1337,left_toe_tip,570.726,566.026,-0.184193542173913,0.5478052186956519,-0.1621999999999998,0.9667,True
1337,right_shoulder,,,,,,0.0222,True
1337,right_toe_tip,494.622,561.072,-0.5267740226086957,0.7285800208695653,0.1199,0.4785,True
1338,left_shoulder,511.124,671.296,-0.2795208373913044,0.6751739547826088,1.2646,0.8335,True
1338,left_toe_tip,570.766,565.988,-0.1845688134782609,0.5491371400000001,-0.1685999999999999,0.9744,True
1338,right_shoulder,,,,,,0.0207,True
1338,right_toe_tip,504.656,566.3568,-0.4774465558260871,0.7279550141217392,0.1105599999999999,0.7635,True
1339,left_shoulder,511.518,671.8839999999999,-0.2784987004347825,0.6760424704347824,1.2658,0.8315,True
1339,left_toe_tip,570.876,565.996,-0.1852974008695652,0.5522036252173912,-0.1821999999999998,0.9833,True
1339,right_shoulder,,,,,,0.0189,True
1339,right_toe_tip,515.54,572.0924,-0.4309995686956523,0.7344667597913043,-0.12592,0.6867,True
1340,left_shoulder,511.808,672.142,-0.2791798817391304,0.6797909904347827,1.2564000000000002,0.8189,True
1340,left_toe_tip,570.96,565.922,-0.1855374956521738,0.5533929921739131,-0.1884000000000001,1.0,True
1340,right_shoulder,,,,,,0.019,True
1340,right_toe_tip,527.886,577.8768,-0.3714190584347828,0.7217974196869567,-0.2888400000000001,0.3687,True
1341,left_shoulder,511.8959999999999,672.2139999999999,-0.2794059634782611,0.680965883043478,1.2534,0.8083,True
1341,left_toe_tip,571.038,565.684,-0.1846232673913043,0.5506518391304347,-0.179,1.0,True
1341,right_shoulder,,,,,,0.0161,True
1341,right_toe_tip,541.75,583.1380000000001,-0.3083554891304347,0.7003137621739135,-0.2449000000000001,0.2386,True
1342,left_shoulder,511.9,672.146,-0.2789795217391305,0.6797997017391304,1.2564000000000002,0.8286,True
1342,left_toe_tip,570.9780000000001,565.4739999999999,-0.1837185582608694,0.5469181860869564,-0.1648000000000001,1.0,True
1342,right_shoulder,,,,,,0.0168,True
1342,right_toe_tip,556.6700000000001,588.722,-0.2383600304347823,0.654244364347826,-0.3175999999999999,0.159,True
1343,left_shoulder,511.844,672.0319999999999,-0.2787393000000001,0.6786695999999998,1.259,0.808,True
1343,left_toe_tip,570.936,565.2339999999999,-0.182554168695652,0.5424870013043476,-0.1478000000000001,0.9559,True
1343,right_shoulder,,,,,,0.018,True
1343,right_toe_tip,571.05,594.2552,-0.1801063934782609,0.6119051374260868,-0.1771599999999998,0.1012,True
1344,left_shoulder,511.8059999999999,671.8340000000001,-0.2779022973913045,0.6760018800000002,1.2655999999999998,0.8135,True
1344,left_toe_tip,570.836,565.046,-0.1818562130434782,0.5391372543478262,-0.135,0.9993,True
1344,right_shoulder,,,,,,0.018,True
1344,right_toe_tip,584.7653333333334,599.4962666666667,-0.1362262990531399,0.5906741547285024,-0.0875133333333333,0.8716,True
1345,left_shoulder,511.72,671.848,-0.2784233739130435,0.6768457460869564,1.2632,0.8073,True
1345,left_toe_tip,570.812,564.93,-0.1817237860869564,0.5382530999999998,-0.1324000000000001,1.0,True
1345,right_shoulder,,,,,,0.0172,True
1345,right_toe_tip,597.816,604.4452000000001,-0.1022118319999999,0.5922907196000003,-0.0436600000000003,0.9293,True
1346,left_shoulder,511.706,672.0719999999999,-0.2786210999999999,0.6777389739130433,1.262,0.834,True
1346,left_toe_tip,570.828,564.99,-0.181832135652174,0.5388563217391305,-0.1344000000000001,1.0,True
1346,right_shoulder,,,,,,0.0156,True
1346,right_toe_tip,610.202,609.102,-0.0739638182608695,0.6183144860869565,-0.0635999999999999,0.8556,True
1347,left_shoulder,511.5940000000001,672.418,-0.2790318208695651,0.6788978973913044,1.2608,0.8484,True
1347,left_toe_tip,570.948,565.0980000000001,-0.1814566469565217,0.5389618747826088,-0.1335999999999999,0.9925,True
1347,right_shoulder,,,,,,0.0164,True
1347,right_toe_tip,621.5459999999999,613.304,-0.0467648430434784,0.6419053756521739,-0.1184,0.9277,False
1348,left_shoulder,511.538,673.1039999999999,-0.2783157156521739,0.6783466226086955,1.2868,0.8744,True
1348,left_toe_tip,571.144,565.172,-0.1828426173913043,0.5448208652173914,-0.159,0.9975,True
1348,right_shoulder,,,,,,0.0147,True
1348,right_toe_tip,632.072,616.988,-0.0206869095652173,0.6705710791304348,-0.1955999999999999,0.9061,True
1349,left_shoulder,511.538,673.966,-0.2778130382608695,0.6789856017391305,1.2904,0.8906,True
1349,left_toe_tip,571.3340000000001,565.156,-0.1830098173913042,0.5467853391304347,-0.168,0.9749,True
1349,right_shoulder,,,,,,0.0173,True
1349,right_toe_tip,641.0726666666667,620.2293333333333,0.0029135336714976,0.7068243551690822,-0.2713666666666668,1.0,True
1350,left_shoulder,511.524,675.342,-0.2760278930434782,0.6775054317391304,1.3034,0.9099,True
1350,left_toe_tip,571.47,565.0379999999999,-0.1815896021739129,0.5433061265217389,-0.1538000000000002,0.9752,True
1350,right_shoulder,,,,,,0.0184,True
1350,right_toe_tip,648.9860000000001,622.936,0.0244809895652176,0.7163291200000002,-0.1824000000000001,0.9438,True
1351,left_shoulder,511.402,677.2439999999999,-0.2758706660869564,0.6805573460869563,1.3064,0.9083,True
1351,left_toe_tip,571.6020000000001,564.844,-0.1800949078260867,0.5393631582608698,-0.1384,0.9752,True
1351,right_shoulder,,,,,,0.0206,True
1351,right_toe_tip,655.156,624.994,0.0403676765217389,0.7058057582608697,-0.0744,0.9394,True
1352,left_shoulder,511.762,679.124,-0.2755165552173912,0.6856309765217392,1.3079,0.892,True
1352,left_toe_tip,571.758,564.6659999999999,-0.179431954347826,0.5381381021739129,-0.1115,0.9748,True
1352,right_shoulder,,,,,,0.024,True
1352,right_toe_tip,659.8100000000001,626.4680000000001,0.0534439347826088,0.7188843217391306,-0.0665,0.9549,True
1353,left_shoulder,512.4559999999999,681.188,-0.2746909582608698,0.6917411991304347,1.2666,0.8885,True
1353,left_toe_tip,571.874,564.514,-0.1765055799999999,0.5298690982608696,-0.0760999999999999,0.9807,True
1353,right_shoulder,,,,,,0.0171,True
1353,right_toe_tip,663.264,627.368,0.0635714086956522,0.7306121217391305,-0.0985,0.9531,True
1354,left_shoulder,513.6099999999999,683.4939999999999,-0.2734420173913046,0.6998722365217389,1.1125999999999998,0.9335,True
1354,left_toe_tip,571.972,564.316,-0.174403087826087,0.5238040408695653,-0.0510999999999999,0.9772,True
1354,right_shoulder,,,,,,0.0127,True
1354,right_toe_tip,666.252,627.696,0.0713940260869563,0.7280167304347827,-0.0845,0.9923,True
1355,left_shoulder,515.304,685.592,-0.2712951234782609,0.7083749426086955,1.0269,0.9517,True
1355,left_toe_tip,572.15,564.192,-0.17261925,0.5194910817391304,-0.0330999999999999,0.9548,True
1355,right_shoulder,,,,,,0.0118,True
1355,right_toe_tip,668.1659999999999,627.6139999999999,0.0772177013043476,0.733669598695652,-0.1021999999999998,0.9849,True
1356,left_shoulder,517.6899999999999,688.006,-0.2661837847826088,0.7138408839130436,0.9608,0.8809,True
1356,left_toe_tip,572.3079999999999,564.086,-0.1715403573913046,0.5171805439130435,-0.0239,0.9512,True
1356,right_shoulder,,,,,,0.0134,True
1356,right_toe_tip,669.618,627.1099999999999,0.0836064630434784,0.7540050760869562,-0.177,0.9964,True
1357,left_shoulder,520.3039999999999,691.02,-0.259948486956522,0.7188890869565217,0.959,0.8275,True
1357,left_toe_tip,572.536,563.9480000000001,-0.1707132521739131,0.5160771130434785,-0.0205,0.9475,True
1357,right_shoulder,,,,,,0.0148,True
1357,right_toe_tip,670.822,626.3979999999999,0.0871324539130434,0.7530955634782607,-0.1808000000000001,0.9934,True
1358,left_shoulder,523.5559999999999,694.4440000000001,-0.2527341078260871,0.7258888904347828,0.9602,0.8608,True
1358,left_toe_tip,572.756,563.85,-0.17046354,0.51675975,-0.0246999999999998,0.9598,True
1358,right_shoulder,,,,,,0.0177,True
1358,right_toe_tip,671.72,625.312,0.0906088695652174,0.757869495652174,-0.224,0.9715,True
1359,left_shoulder,527.222,697.766,-0.2452431160869565,0.7344941952173911,0.9834,0.8699,True
1359,left_toe_tip,573.0260000000001,563.7639999999999,-0.1701430791304345,0.5176491530434779,-0.0231999999999998,0.9617,True
1359,right_shoulder,,,,,,0.0273,True
1359,right_toe_tip,672.4019999999999,624.034,0.0909157856521737,0.7408449647826088,-0.1819000000000001,0.9416,True
1360,left_shoulder,531.242,701.852,-0.2358630017391305,0.7413729460869566,1.0928,0.8403,True
1360,left_toe_tip,573.23,563.67,-0.1703215608695651,0.519535604347826,-0.0328000000000001,0.9731,True
1360,right_shoulder,,,,,,0.0199,False
1360,right_toe_tip,672.8059999999999,622.3679999999999,0.0920136982608693,0.7358852034782607,-0.1809000000000001,0.9673,True
1361,left_shoulder,535.114,705.8860000000001,-0.2277394278260868,0.751023775652174,1.2184,0.7634,True
1361,left_toe_tip,573.438,563.59,-0.16984886,0.5195085695652174,-0.0335999999999999,0.9702,True
1361,right_shoulder,,,,,,0.0183,True
1361,right_toe_tip,673.086,620.508,0.0908426478260869,0.7152643565217391,-0.124,1.0,True
1362,left_shoulder,539.146,709.718,-0.2202563660869566,0.7637537017391304,1.2153,0.8016,True
1362,left_toe_tip,573.542,563.544,-0.1696412686956521,0.5195681843478261,-0.0344,0.9758,True
1362,right_shoulder,,,,,,0.0271,True
1362,right_toe_tip,673.124,618.6659999999999,0.0902052930434783,0.7044149960869565,-0.0544,0.9731,True
1363,left_shoulder,542.8575806451613,712.6644193548387,-0.2129874793280323,0.773226631845564,1.0753741935483871,0.759,True
1363,left_toe_tip,573.6200000000001,563.428,-0.1695576086956519,0.5196258695652174,-0.036,0.977,True
1363,right_shoulder,,,,,,0.0281,True
1363,right_toe_tip,673.0899999999999,617.3,0.0880122065217389,0.6843620652173912,0.004,0.9299,True
1364,left_shoulder,546.2947419354839,715.2392580645161,-0.2056196294081119,0.7795097746184907,1.0132225806451614,0.6137,True
1364,left_toe_tip,573.6859999999999,563.316,-0.1695043504347828,0.519693375652174,-0.0375999999999999,0.9891,True
1364,right_shoulder,,,,,,0.0256,False
1364,right_toe_tip,672.8520000000001,616.1959999999999,0.0871006504347828,0.6792535686956519,0.0398000000000001,0.9298,True
1365,left_shoulder,549.5174838709678,716.6245161290323,-0.1994898363140749,0.7862620248834999,0.9596451612903226,0.6235,False
1365,left_toe_tip,573.72,563.228,-0.169604756521739,0.5200427799999998,-0.0136999999999998,0.9484,True
1365,right_shoulder,,,,,,0.0259,False
1365,right_toe_tip,672.724,615.5485000000001,0.0860000947826088,0.6715925688043481,0.0966999999999998,0.9247,True
1366,left_shoulder,552.895806451613,717.134193548387,-0.1923164082590596,0.7885127290865491,0.9402419354838708,0.3276,False
1366,left_toe_tip,573.8140000000001,563.1899999999999,-0.1693642186956519,0.5199455413043476,-0.0136999999999998,0.9432,True
1366,right_shoulder,,,,,,0.026,False
1366,right_toe_tip,672.596,615.2895000000001,0.0861739034782608,0.6749077411956523,0.0823000000000001,0.9072,True
1367,left_shoulder,556.2237096774195,717.1162903225807,-0.1846618023486627,0.7871646926011175,0.9566129032258064,0.2112,False
1367,left_toe_tip,573.95,563.188,-0.1678531521739129,0.5163625478260869,0.0025,0.9394,True
1367,right_shoulder,,,,,,0.0213,False
1367,right_toe_tip,672.522,615.091,0.0873357100000001,0.6850302441304349,0.0439,0.9082,False
1368,left_shoulder,557.8876612903226,717.1073387096774,-0.1808436447095698,0.7864907235577466,0.9642983870967742,0.0171,False
1368,left_toe_tip,574.112,563.15,-0.1667969043478262,0.5142786413043479,0.0115,0.9209,True
1368,right_shoulder,,,,,,0.0065,True
1368,right_toe_tip,672.39,614.765,0.0894949782608695,0.7039267717391304,-0.0275,0.9202,False
1369,left_shoulder,559.5516129032259,717.0983870967742,-0.1770315839478802,0.7858167873139394,0.9729838709677416,0.0196,True
1369,left_toe_tip,574.316,563.062,-0.1664661026086955,0.5146297382608696,0.0089,0.9293,True
1369,right_shoulder,,,,,,0.013,True
1369,right_toe_tip,672.37,614.499,0.0913537695652174,0.7182404386956522,-0.0819000000000001,0.9098,False
1370,left_shoulder,561.2155645161291,717.0894354838708,-0.1732256200635941,0.7851428838696949,0.9881693548387096,0.0385,False
1370,left_toe_tip,574.5840000000001,562.9480000000001,-0.1661993026086955,0.5156202773913047,0.0030999999999999,0.9238,True
1370,right_shoulder,,,,,,0.0051,False
1370,right_toe_tip,672.384,614.3264999999999,0.0917312,0.7204074554347822,-0.0915,0.9089,True
1371,left_shoulder,562.8795161290323,717.0804838709677,-0.1694257530567118,0.7844690132250145,0.9898548387096772,0.0079,False
1371,left_toe_tip,574.7479999999999,562.61,-0.1661372660869566,0.5158626782608696,-0.0019,0.9071,True
1371,right_shoulder,,,,,,0.0051,False
1371,right_toe_tip,672.53,614.1795,0.0923498413043477,0.7215934979347826,-0.0608000000000001,0.9056,True
1372,left_shoulder,,,,,,0.0075,True
1372,left_toe_tip,575.004,562.246,-0.1673505704347826,0.5207394834782609,-0.0283000000000001,0.8906,True
1372,right_shoulder,,,,,,0.0048,True
1372,right_toe_tip,672.66,614.012,0.0917816999999999,0.7138289399999999,-0.0344,0.9169,True
1373,left_shoulder,,,,,,0.0068,True
1373,left_toe_tip,575.27,562.0400000000001,-0.1680869239130435,0.5246451739130437,-0.0485,0.8668,True
1373,right_shoulder,,,,,,0.005,False
1373,right_toe_tip,672.8,613.902,0.0906420869565216,0.7016526573913046,0.0085999999999999,0.9292,True
1374,left_shoulder,,,,,,0.0067,True
1374,left_toe_tip,575.452,561.904,-0.1685404408695651,0.5271889008695652,-0.0616999999999998,0.8847,True
1374,right_shoulder,,,,,,0.0058,False
1374,right_toe_tip,672.984,613.962,0.090175387826087,0.694310024347826,0.0358000000000001,0.9241,True
1375,left_shoulder,,,,,,0.0056,True
1375,left_toe_tip,575.394,561.5699999999999,-0.1685795256521738,0.5259662413043477,-0.0375999999999999,0.8695,True
1375,right_shoulder,,,,,,0.0057,False
1375,right_toe_tip,673.098,613.972,0.0904870539130433,0.6943373634782608,0.0358000000000001,0.921,True
1376,left_shoulder,,,,,,0.0084,True
1376,left_toe_tip,575.418,561.5600000000001,-0.1682782286956521,0.5251952521739132,-0.0341999999999998,0.8263,True
1376,right_shoulder,,,,,,0.0045,False
1376,right_toe_tip,673.242,614.1139999999999,0.0904905052173912,0.6917425017391302,0.0465999999999999,0.9028,True
1377,left_shoulder,,,,,,0.0099,True
1377,left_toe_tip,575.596,562.066,-0.1670443747826086,0.524097705652174,-0.0456999999999998,0.8717,True
1377,right_shoulder,,,,,,0.0048,True
1377,right_toe_tip,673.442,614.264,0.09040245,0.6873419217391306,0.0275,0.8973,True
1378,left_shoulder,,,,,,0.006,True
1378,left_toe_tip,575.932,562.2059999999999,-0.164320492173913,0.5186144321739128,-0.0125999999999999,0.8694,True
1378,right_shoulder,,,,,,0.0044,True
1378,right_toe_tip,673.582,614.3219999999999,0.0898975539130434,0.6808089365217388,0.0516999999999998,0.9142,True
1379,left_shoulder,,,,,,0.0072,True
1379,left_toe_tip,576.3259999999999,562.424,-0.1614135900000002,0.5131448399999999,0.0148000000000001,0.9388,True
1379,right_shoulder,,,,,,0.0047,True
1379,right_toe_tip,673.654,614.29,0.0890367782608695,0.6727628913043477,0.0805,0.9207,True
1380,left_shoulder,,,,,,0.0082,True
1380,left_toe_tip,577.072,562.38,-0.1593446399999999,0.5124613565217392,0.0174,0.9792,True
1380,right_shoulder,,,,,,0.0043,True
1380,right_toe_tip,673.864,614.312,0.0883776782608696,0.6636990347826087,0.1135,0.9056,True
1381,left_shoulder,,,,,,0.041,True
1381,left_toe_tip,578.8,562.83,-0.1541441739130435,0.5108670391304347,0.0358000000000001,0.953,True
1381,right_shoulder,,,,,,0.0128,True
1381,right_toe_tip,673.8199999999999,614.0360000000001,0.0866453695652172,0.6508291869565219,0.194,0.9023,True
1382,left_shoulder,,,,,,0.0071,True
1382,left_toe_tip,581.52,563.4300000000001,-0.1462635652173913,0.5087961195652176,0.048,0.928,True
1382,right_shoulder,,,,,,0.0062,True
1382,right_toe_tip,673.9440000000001,613.896,0.0867711947826089,0.6490354486956521,0.1991999999999998,0.9139,True
1383,left_shoulder,,,,,,0.0078,False
1383,left_toe_tip,585.834,565.234,-0.1349675417391306,0.5113895886956523,0.0605999999999999,0.8962,True
1383,right_shoulder,,,,,,0.0049,True
1383,right_toe_tip,673.934,613.76,0.0858456430434781,0.6419576347826086,0.2235999999999999,0.9027,True
1384,left_shoulder,,,,,,0.0075,False
1384,left_toe_tip,591.874,567.0980000000001,-0.120346386521739,0.5178800639130436,0.0604,0.8619,True
1384,right_shoulder,,,,,,0.0045,False
1384,right_toe_tip,673.8779999999999,613.398,0.0853946543478259,0.6387282195652175,0.232,0.9239,True
1385,left_shoulder,,,,,,0.0069,True
1385,left_toe_tip,600.632,569.574,-0.0987708886956523,0.5258029421739129,0.0598000000000001,0.9146,True
1385,right_shoulder,,,,,,0.0037,True
1385,right_toe_tip,673.944,613.17,0.0854134347826085,0.6370527717391303,0.236,0.7898,True
1386,left_shoulder,,,,,,0.006,False
1386,left_toe_tip,610.918,571.34,-0.0741464556521739,0.5388251130434784,0.0634000000000001,0.9537,True
1386,right_shoulder,,,,,,0.0048,False
1386,right_toe_tip,674.101,612.6789999999999,0.0862421703260869,0.6390306840217387,0.2518000000000002,0.8634,True
1387,left_shoulder,,,,,,0.0061,False
1387,left_toe_tip,622.11,572.616,-0.0465723369565217,0.5534949130434782,0.079,0.9507,True
1387,right_shoulder,,,,,,0.0051,False
1387,right_toe_tip,674.049,611.661,0.0861772788043477,0.6369485201086955,0.25,0.7122,True
1388,left_shoulder,,,,,,0.0098,True
1388,left_toe_tip,633.58,572.824,-0.0172042043478259,0.5703220539130435,0.0855999999999999,0.9567,True
1388,right_shoulder,,,,,,0.0051,True
1388,right_toe_tip,673.7822,610.6826,0.0864302899086956,0.6413605328565216,0.2707200000000002,0.7868,False
1389,left_shoulder,,,,,,0.007,False
1389,left_toe_tip,645.626,572.758,0.0154568234782608,0.584529479130435,0.1204,0.9992,True
1389,right_shoulder,,,,,,0.0048,False
1389,right_toe_tip,673.1566,609.8678,0.0851021802652174,0.6413291639695652,0.2631599999999998,0.7186,True
1390,left_shoulder,,,,,,0.0073,False
1390,left_toe_tip,656.2860000000001,572.418,0.0458203069565219,0.5976334252173913,0.0895999999999999,0.9185,True
1390,right_shoulder,,,,,,0.0061,False
1390,right_toe_tip,671.9082000000001,608.8306,0.0821004922565219,0.6402465431608695,0.2753200000000002,0.0482,True
1391,left_shoulder,,,,,,0.0135,False
1391,left_toe_tip,667.792,571.642,0.0796119965217392,0.6062623117391307,0.1065999999999999,0.9546,True
1391,right_shoulder,,,,,,0.0118,True
1391,right_toe_tip,670.262,608.206,0.0777536039130433,0.6377275465217394,0.2841999999999998,0.055,False
1392,left_shoulder,,,,,,0.0081,False
1392,left_toe_tip,679.478,571.2160000000001,0.1146750078260868,0.6135365634782612,0.0780999999999999,0.917,True
1392,right_shoulder,,,,,,0.0077,False
1392,right_toe_tip,668.2180000000001,607.994,0.0721153930434784,0.6337864052173914,0.2968000000000002,0.0937,True
1393,left_shoulder,,,,,,0.014,False
1393,left_toe_tip,691.274,570.726,0.1503665782608695,0.6179768999999999,0.041,0.8925,True
1393,right_shoulder,,,,,,0.0074,False
1393,right_toe_tip,667.9988000000001,608.2164,0.0710962572347828,0.6302861917043477,0.3118800000000001,0.0458,True
1394,left_shoulder,,,,,,0.0084,True
1394,left_toe_tip,702.4440000000001,570.28,0.1837211078260872,0.6186803304347825,0.0321999999999998,0.9191,True
1394,right_shoulder,,,,,,0.0071,True
1394,right_toe_tip,668.3724,608.2172,0.0719906474608694,0.6298133728173912,0.3136400000000003,0.4726,True
1395,left_shoulder,,,,,,0.0082,True
1395,left_toe_tip,713.7160000000001,570.154,0.2169654182608699,0.6185380447826087,0.0921999999999998,0.9217,True
1395,right_shoulder,,,,,,0.0062,True
1395,right_toe_tip,669.0808,608.4304,0.0738121279304346,0.6305595604869565,0.3128800000000001,0.7529,True
1396,left_shoulder,,,,,,0.008,True
1396,left_toe_tip,723.5960000000001,571.314,0.2442820504347829,0.6174962582608695,0.0910999999999999,0.936,True
1396,right_shoulder,,,,,,0.006,True
1396,right_toe_tip,670.2180000000001,608.8340000000001,0.076425263478261,0.6293336426086958,0.3211999999999998,0.7304,True
1397,left_shoulder,,,,,,0.0101,False
1397,left_toe_tip,732.61,572.0699999999999,0.2689112543478261,0.6157867369565215,-0.0489,0.9647,True
1397,right_shoulder,,,,,,0.0075,False
1397,right_toe_tip,671.92,609.4,0.0807020869565216,0.6305482608695652,0.3165,0.7137,True
1398,left_shoulder,,,,,,0.0067,False
1398,left_toe_tip,740.384,573.0619999999999,0.2902843408695653,0.6161197226086954,-0.3384000000000001,0.9413,True
1398,right_shoulder,,,,,,0.0056,False
1398,right_toe_tip,672.3879999999999,609.588,0.0820613347826084,0.6323800304347825,0.3115,0.7441,True
1399,left_shoulder,,,,,,0.006,True
1399,left_toe_tip,747.236,574.098,0.3100985373913043,0.619115564347826,-0.3594000000000001,0.9627,True
1399,right_shoulder,,,,,,0.0047,False
1399,right_toe_tip,672.6619999999999,610.164,0.0826348599999998,0.6329149199999999,0.2969000000000001,0.7834,True
1400,left_shoulder,,,,,,0.0075,True
1400,left_toe_tip,753.08,574.75,0.3268749478260871,0.6207675543478262,-0.3454000000000001,0.9489,True
1400,right_shoulder,,,,,,0.0067,False
1400,right_toe_tip,673.228,610.88,0.0838573591304346,0.6331447652173914,0.3026999999999998,0.8891,True
1401,left_shoulder,,,,,,0.0058,False
1401,left_toe_tip,757.44,574.358,0.3444821565217392,0.6287679334782607,-0.3870999999999999,0.9175,True
1401,right_shoulder,,,,,,0.0052,True
1401,right_toe_tip,673.93,611.524,0.0856584978260868,0.6349887417391304,0.2684000000000001,0.9398,True
1402,left_shoulder,,,,,,0.0057,True
1402,left_toe_tip,760.884,573.786,0.3578691982608696,0.6328995104347824,-0.4275999999999999,0.916,True
1402,right_shoulder,,,,,,0.0052,False
1402,right_toe_tip,674.45,612.016,0.0866717065217392,0.634039384347826,0.2639000000000001,1.0,True
1403,left_shoulder,,,,,,0.0048,True
1403,left_toe_tip,763.634,573.058,0.3667360717391305,0.6319948717391305,-0.457,0.9571,True
1403,right_shoulder,,,,,,0.0063,True
1403,right_toe_tip,674.7439999999999,612.392,0.0874415843478258,0.6352048226086958,0.2630999999999999,0.996,True
1404,left_shoulder,,,,,,0.0068,True
1404,left_toe_tip,765.824,572.3,0.374764048695652,0.6323309347826085,-0.4741999999999998,0.9325,True
1404,right_shoulder,,,,,,0.0034,True
1404,right_toe_tip,674.964,612.722,0.0878736530434784,0.6351563134782608,0.2663000000000002,1.0,True
1405,left_shoulder,,,,,,0.0081,True
1405,left_toe_tip,767.414,571.644,0.3805800782608695,0.6321714260869566,-0.4875,0.903,True
1405,right_shoulder,,,,,,0.0055,False
1405,right_toe_tip,674.9200000000001,612.6320000000001,0.0877327043478262,0.6347104400000001,0.2670999999999999,0.993,True
1406,left_shoulder,,,,,,0.0083,True
1406,left_toe_tip,768.46,571.244,0.3822243521739132,0.6285427452173914,-0.4854000000000001,0.9042,True
1406,right_shoulder,,,,,,0.006,True
1406,right_toe_tip,674.796,612.57,0.0877010486956523,0.6365862130434784,0.2596999999999998,0.9705,True
1407,left_shoulder,,,,,,0.0095,True
1407,left_toe_tip,768.97,570.9159999999999,0.3830969739130436,0.6265122226086955,-0.4808000000000001,0.911,True
1407,right_shoulder,,,,,,0.0076,False
1407,right_toe_tip,674.604,612.496,0.0875180295652175,0.6385953182608696,0.2516999999999998,0.9807,True
1408,left_shoulder,,,,,,0.0084,True
1408,left_toe_tip,769.2560000000001,570.6419999999999,0.382878751304348,0.6239582373913041,-0.4746999999999998,0.9102,True
1408,right_shoulder,,,,,,0.0075,False
1408,right_toe_tip,674.476,612.538,0.0871643217391304,0.6384819434782609,0.2525,0.9708,True
1409,left_shoulder,,,,,,0.0083,True
1409,left_toe_tip,769.3679999999999,570.392,0.3814668591304346,0.6203819756521741,-0.4623000000000001,0.9217,True
1409,right_shoulder,,,,,,0.0032,False
1409,right_toe_tip,674.452,612.426,0.0870137686956521,0.637540275652174,0.2549,0.9542,True
1410,left_shoulder,,,,,,0.007,True
1410,left_toe_tip,769.5780000000001,570.1899999999999,0.3803677682608699,0.6169990369565216,-0.4500999999999999,0.8947,True
1410,right_shoulder,,,,,,0.0049,True
1410,right_toe_tip,674.518,612.3799999999999,0.0872104773913044,0.6376435565217389,0.2540999999999999,0.9382,True
1411,left_shoulder,,,,,,0.0161,True
1411,left_toe_tip,770.094,570.008,0.3787149465217392,0.6113515495652174,-0.4276999999999998,0.8811,True
1411,right_shoulder,,,,,,0.0035,False
1411,right_toe_tip,674.472,612.1879999999999,0.0870043304347825,0.6365005826086954,0.2565,0.9457,True
1412,left_shoulder,,,,,,0.0072,False
1412,left_toe_tip,770.676,569.784,0.3788467686956522,0.6081911791304347,-0.4221999999999998,0.8802,True
1412,right_shoulder,,,,,,0.0077,False
1412,right_toe_tip,674.5600000000001,612.0229999999999,0.0871625739130436,0.6356184422826084,0.2581999999999998,0.9592,True
1413,left_shoulder,,,,,,0.0165,True
1413,left_toe_tip,771.446,569.364,0.3810790991304348,0.6069735443478261,-0.4221999999999998,0.8978,True
1413,right_shoulder,,,,,,0.0061,False
1413,right_toe_tip,674.668,611.827,0.0872465439130435,0.6337554925,0.2631999999999998,0.9329,True
1414,left_shoulder,,,,,,0.0106,False
1414,left_toe_tip,772.258,568.856,0.3808455365217392,0.6014144730434783,-0.4006999999999998,0.8956,True
1414,right_shoulder,,,,,,0.007,False
1414,right_toe_tip,674.5260000000001,611.745,0.0864688658695654,0.6304844070652175,0.2744000000000001,0.9695,False
1415,left_shoulder,,,,,,0.012,True
1415,left_toe_tip,773.0699999999999,568.3380000000001,0.3827208913043476,0.5991982043478263,-0.3975,0.8501,True
1415,right_shoulder,,,,,,0.0043,False
1415,right_toe_tip,674.296,611.513,0.0859524860869566,0.6303407870652175,0.2728000000000002,0.9281,True
1416,left_shoulder,,,,,,0.0086,False
1416,left_toe_tip,773.61,567.716,0.3866847673913043,0.6011571973913044,-0.4080999999999999,0.879,True
1416,right_shoulder,,,,,,0.0099,False
1416,right_toe_tip,674.3520000000001,611.7189999999999,0.0854132608695654,0.6258774048913042,0.291,0.9018,True
1417,left_shoulder,,,,,,0.0074,True
1417,left_toe_tip,774.046,566.908,0.3852365478260871,0.5946356000000002,-0.3895,0.8752,True
1417,right_shoulder,,,,,,0.0051,True
1417,right_toe_tip,674.278,611.8040000000001,0.0852329921739131,0.6261161200000002,0.2909000000000001,0.8742,True
1418,left_shoulder,,,,,,0.0073,True
1418,left_toe_tip,774.312,566.28,0.3866433704347826,0.5938173391304347,-0.3939000000000001,0.8858,True
1418,right_shoulder,,,,,,0.0052,False
1418,right_toe_tip,674.134,611.906,0.0849713986956522,0.6270816534782608,0.2883000000000001,0.9223,True
1419,left_shoulder,,,,,,0.0138,True
1419,left_toe_tip,774.498,565.8120000000001,0.3894886647826087,0.596004706956522,-0.3901999999999998,0.8954,True
1419,right_shoulder,,,,,,0.0055,False
1419,right_toe_tip,674.0899999999999,611.6859999999999,0.0855510782608693,0.6316224313043477,0.2696999999999998,0.9311,True
1420,left_shoulder,,,,,,0.0361,True
1420,left_toe_tip,774.572,565.4,0.3890593539130435,0.5938292608695651,-0.3858000000000002,0.8901,True
1420,right_shoulder,,,,,,0.0062,False
1420,right_toe_tip,674.092,611.368,0.0857117347826086,0.631971939130435,0.2655,0.9307,True
1421,left_shoulder,,,,,,0.0493,True
1421,left_toe_tip,774.6600000000001,565.066,0.3876744304347829,0.5903671821739132,-0.3745999999999999,0.8895,True
1421,right_shoulder,,,,,,0.0057,True
1421,right_toe_tip,673.8459999999999,610.402,0.0859467665217388,0.6358577743478262,0.2883000000000001,0.9383,True
1422,left_shoulder,,,,,,0.0558,True
1422,left_toe_tip,774.738,564.912,0.3919118347826089,0.596026643478261,-0.402,0.8918,True
1422,right_shoulder,,,,,,0.0076,True
1422,right_toe_tip,673.904,609.758,0.0863667547826086,0.6362313573913044,0.2809000000000001,0.9358,True
1423,left_shoulder,,,,,,0.1247,True
1423,left_toe_tip,774.8140000000001,564.842,0.3914881330434784,0.5948433556521738,-0.3975999999999999,0.8732,True
1423,right_shoulder,,,,,,0.0113,True
1423,right_toe_tip,673.8280000000001,608.8320000000001,0.0866290956521741,0.6372262956521741,0.281,0.9113,True
1424,left_shoulder,752.57,716.06,0.2237940543478262,0.7078627608695651,1.196,0.0581,True
1424,left_toe_tip,774.832,564.75,0.3901334608695652,0.5924396739130434,-0.367,0.8749,True
1424,right_shoulder,,,,,,0.0161,True
1424,right_toe_tip,673.784,607.99,0.0867587808695651,0.6368491021739131,0.2744000000000001,0.937,True
1425,left_shoulder,754.835,716.185,0.228296972826087,0.7081112663043477,1.196,0.285,True
1425,left_toe_tip,774.8399999999999,564.7139999999999,0.3922378347826084,0.5954952247826085,-0.3811999999999998,0.8711,True
1425,right_shoulder,,,,,,0.0228,True
1425,right_toe_tip,673.8399999999999,607.456,0.087152713043478,0.6373067895652175,0.2675999999999999,0.9406,True
1426,left_shoulder,757.1333333333333,715.1933333333333,0.2329934782608695,0.7065258695652173,1.209,0.4317,True
1426,left_toe_tip,774.8119999999999,564.6780000000001,0.3932993565217388,0.5971258173913047,-0.389,0.8819,True
1426,right_shoulder,,,,,,0.0351,True
1426,right_toe_tip,673.8720000000001,607.218,0.0874854852173914,0.6385210995652172,0.2608000000000002,0.9511,True
1427,left_shoulder,759.2950000000001,715.0575,0.2372608980978262,0.7061591963315218,1.21625,0.446,True
1427,left_toe_tip,774.7879999999999,564.644,0.3917935539130431,0.5948467226086956,-0.3791999999999998,0.8875,True
1427,right_shoulder,,,,,,0.0234,True
1427,right_toe_tip,673.7059999999999,606.746,0.087430433043478,0.640037667826087,0.2505999999999999,0.9616,True
1428,left_shoulder,761.6,714.426,0.2418253913043478,0.7048454452173913,1.2234,0.6739,True
1428,left_toe_tip,774.816,564.694,0.3925197147826088,0.5959710308695652,-0.3835999999999999,0.8802,True
1428,right_shoulder,,,,,,0.0417,True
1428,right_toe_tip,673.764,606.5219999999999,0.08790384,0.6418146678260868,0.2418000000000001,0.9216,True
1429,left_shoulder,766.126,713.452,0.2507713904347826,0.7027547808695652,1.2378,0.6068,True
1429,left_toe_tip,774.856,564.7139999999999,0.3926361756521738,0.5960292613043476,-0.3835999999999999,0.8942,True
1429,right_shoulder,,,,,,0.0489,True
1429,right_toe_tip,674.018,606.52,0.0891567408695652,0.6460967652173912,0.2233000000000002,0.9056,True
1430,left_shoulder,770.3860000000001,711.654,0.259014623478261,0.6985683156521739,1.2499,0.805,True
1430,left_toe_tip,774.934,564.67,0.3920419369565217,0.5946553369565216,-0.378,0.8903,True
1430,right_shoulder,,,,,,0.0331,True
1430,right_toe_tip,674.328,606.5,0.0906035321739129,0.6505992391304347,0.2063000000000001,0.9033,True
1431,left_shoulder,774.184,710.204,0.2667636260869565,0.6962207782608694,1.289,0.7862,True
1431,left_toe_tip,774.9820000000001,564.676,0.3907435460869567,0.5924925252173914,-0.3681999999999998,0.8994,True
1431,right_shoulder,,,,,,0.0373,True
1431,right_toe_tip,675.02,606.214,0.0929324217391304,0.653377021304348,0.1930999999999999,0.8894,True
1432,left_shoulder,777.652,707.6659999999999,0.2744361939130436,0.6931401926086956,1.3133,0.8097,True
1432,left_toe_tip,775.046,564.712,0.3918682626086958,0.5940208208695652,-0.3745999999999999,0.8995,True
1432,right_shoulder,,,,,,0.0555,True
1432,right_toe_tip,676.294,606.108,0.0967708499999999,0.6561988304347824,0.169,0.7526,True
1433,left_shoulder,780.808,705.7720000000002,0.2810344017391304,0.6901158113043482,1.3568,0.8626,True
1433,left_toe_tip,775.01,564.702,0.3925562499999999,0.5951933152173913,-0.38,0.9026,True
1433,right_shoulder,,,,,,0.0563,True
1433,right_toe_tip,678.301,605.9449999999999,0.1022636700000001,0.6566731499999998,0.1525999999999999,0.6236,True
1434,left_shoulder,783.6600000000001,703.942,0.2869452347826088,0.6869867599999999,1.3669,0.8461,True
1434,left_toe_tip,774.954,564.74,0.3944470717391303,0.5984194130434783,-0.394,0.9067,True
1434,right_shoulder,,,,,,0.0476,True
1434,right_toe_tip,681.0029999999999,605.6690000000001,0.1090679799999997,0.6534795400000001,0.1188000000000001,0.4942,True
1435,left_shoulder,786.2460000000001,702.642,0.2929370965217392,0.686326823478261,1.3662,0.8711,True
1435,left_toe_tip,774.86,564.7700000000001,0.3941723260869565,0.5985070978260872,-0.415,0.9054,True
1435,right_shoulder,,,,,,0.0224,True
1435,right_toe_tip,684.3399999999999,605.304,0.1171443521739128,0.6480825026086956,0.0789000000000001,0.2303,True
1436,left_shoulder,788.746,701.364,0.2974596639130434,0.6826537904347826,1.3727,0.8804,True
1436,left_toe_tip,774.774,564.7040000000001,0.3965285469565218,0.6022747686956524,-0.4118000000000001,0.9014,True
1436,right_shoulder,,,,,,0.0146,True
1436,right_toe_tip,688.1099999999999,605.0699999999999,0.1262364565217388,0.6430423695652172,0.0535,0.1726,True
1437,left_shoulder,791.0240000000001,700.902,0.3014242052173915,0.6803959265217392,1.3798,0.8827,True
1437,left_toe_tip,774.676,564.6020000000001,0.3967379295652175,0.6027308047826089,-0.4151999999999998,0.8911,True
1437,right_shoulder,,,,,,0.0188,True
1437,right_toe_tip,692.4254999999999,604.9765,0.136853348695652,0.639495176521739,0.0159,0.193,True
1438,left_shoulder,792.844,700.2679999999999,0.3054221843478262,0.6799442295652173,1.3776,0.9259,True
1438,left_toe_tip,774.554,564.408,0.3949452408695651,0.5999819165217393,-0.4054000000000001,0.9019,True
1438,right_shoulder,,,,,,0.0316,True
1438,right_toe_tip,697.0914999999999,605.2445,0.1489219366304345,0.6397149468478263,-0.0128000000000001,0.3687,True
1439,left_shoulder,794.1960000000001,699.4300000000001,0.3087272086956524,0.6795978913043479,1.382,0.9578,True
1439,left_toe_tip,774.4879999999999,564.198,0.3939621304347824,0.5981669673913043,-0.4,0.9073,True
1439,right_shoulder,,,,,,0.0338,True
1439,right_toe_tip,702.108,605.874,0.1626014443478259,0.643708822173913,-0.0430999999999999,0.1968,True
1440,left_shoulder,795.316,698.668,0.3106995286956522,0.6774832469565217,1.3876,0.9416,True
1440,left_toe_tip,774.452,563.962,0.3940320460869564,0.5977416786956521,-0.4011999999999998,0.9366,True
1440,right_shoulder,,,,,,0.0398,True
1440,right_toe_tip,707.4749999999999,606.865,0.1780753260869562,0.6515089347826087,-0.086,0.2384,True
1441,left_shoulder,796.19,698.154,0.3143153978260871,0.6804981691304348,1.3691,0.9476,True
1441,left_toe_tip,774.3979999999999,563.7540000000001,0.3915656513043476,0.5936328495652179,-0.3854000000000001,0.9682,True
1441,right_shoulder,,,,,,0.0388,True
1441,right_toe_tip,712.115,607.451,0.1919826717391304,0.6587575969565217,-0.1631999999999998,0.2451,True
1442,left_shoulder,796.896,697.608,0.3170663513043477,0.682261732173913,1.3688,0.945,True
1442,left_toe_tip,774.414,563.6020000000001,0.3906479926086956,0.5917293778260874,-0.3788000000000002,0.9801,True
1442,right_shoulder,,,,,,0.038,True
1442,right_toe_tip,718.4735,607.4945,0.2127314228260868,0.6709253076086957,-0.318,0.5137,True
1443,left_shoulder,797.538,697.274,0.3185349865217391,0.6819533639130435,1.3678,0.9469,True
1443,left_toe_tip,774.516,563.566,0.3920556547826085,0.5933063830434783,-0.3864000000000001,0.9963,True
1443,right_shoulder,,,,,,0.0351,True
1443,right_toe_tip,726.3077000000001,606.4207,0.236700743504348,0.6758141267217391,-0.4751199999999999,0.618,True
1444,left_shoulder,798.17,697.22,0.3200879413043477,0.682430647826087,1.3702,0.938,True
1444,left_toe_tip,774.5899999999999,563.552,0.3921250391304345,0.5930443269565218,-0.3854000000000001,0.9733,True
1444,right_shoulder,,,,,,0.0364,True
1444,right_toe_tip,735.6175999999999,604.2296,0.2636301950608694,0.6733728632347826,-0.53406,0.3119,True
1445,left_shoulder,798.712,697.226,0.3222888678260869,0.68478871,1.3638,0.9268,True
1445,left_toe_tip,774.684,563.638,0.3912862991304346,0.5916126591304348,-0.3778000000000002,0.9786,True
1445,right_shoulder,,,,,,0.0336,True
1445,right_toe_tip,746.4032,600.9212,0.2931084324173912,0.6636645821565218,-0.5773200000000002,0.2745,True
1446,left_shoulder,799.122,697.204,0.3222912334782608,0.6829847104347826,1.3685999999999998,0.9169,True
1446,left_toe_tip,774.7520000000001,563.788,0.3878514086956524,0.5865550260869565,-0.353,0.9912,True
1446,right_shoulder,,,,,,0.0304,True
1446,right_toe_tip,759.742,597.262,0.3286657591304346,0.6512326113043477,-0.6041999999999998,0.0149,True
1447,left_shoulder,799.52,697.362,0.3226465391304348,0.6823513147826087,1.3712,0.8754,True
1447,left_toe_tip,774.818,563.658,0.3844071495652173,0.5806909408695652,-0.3281999999999998,0.9999,True
1447,right_shoulder,,,,,,0.0234,True
1447,right_toe_tip,772.838,593.028,0.3576229982608695,0.6273519026086958,-0.5088000000000001,0.0147,False
1448,left_shoulder,799.73,697.302,0.3248422065217392,0.6859696108695652,1.361,0.8626,True
1448,left_toe_tip,774.788,563.336,0.3810984191304348,0.5749104382608696,-0.3061999999999998,0.9499,True
1448,right_shoulder,,,,,,0.0219,True
1448,right_toe_tip,785.7567999999999,588.4667999999999,0.3862681945043474,0.6054568866782607,-0.4200799999999999,0.126,True
1449,left_shoulder,799.87,697.298,0.3268993956521739,0.6897010843478261,1.3508,0.9061,True
1449,left_toe_tip,774.7239999999999,563.052,0.3793652113043476,0.5717679469565217,-0.2765999999999999,0.8682,True
1449,right_shoulder,,,,,,0.0207,True
1449,right_toe_tip,798.4204,583.6504000000001,0.4142417946260869,0.5848069002782612,-0.3896400000000003,0.7472,True
1450,left_shoulder,800.072,697.4,0.3291915478260869,0.6938704347826086,1.34,0.8729,True
1450,left_toe_tip,774.562,562.55,0.3757790113043478,0.5656428913043476,-0.2551999999999998,0.9475,True
1450,right_shoulder,,,,,,0.0189,True
1450,right_toe_tip,810.9667999999999,578.8608,0.4436365459826084,0.5679152289391305,-0.3802799999999997,0.9256,True
1451,left_shoulder,800.396,697.632,0.3307644469565217,0.6962559026086955,1.3348,0.8666,True
1451,left_toe_tip,774.6780000000001,562.1220000000001,0.3784744578260872,0.5680067595652175,-0.2714000000000001,0.9577,True
1451,right_shoulder,,,,,,0.0175,True
1451,right_toe_tip,822.4860000000001,573.898,0.4704568421739133,0.5514383439130436,-0.3618000000000002,0.9482,True
1452,left_shoulder,800.904,697.932,0.3334910295652174,0.7004008017391304,1.3252000000000002,0.8795,True
1452,left_toe_tip,774.71,561.88,0.3787108086956523,0.5675461217391304,-0.2724000000000001,1.0,True
1452,right_shoulder,,,,,,0.0284,True
1452,right_toe_tip,833.3700000000001,569.0980000000001,0.4996092282608698,0.5402455934782611,-0.351,0.9644,True
1453,left_shoulder,801.7760000000001,698.478,0.3335047408695653,0.6977797552173912,1.3434,0.889,True
1453,left_toe_tip,774.934,561.918,0.378460536521739,0.5663360947826087,-0.2664000000000001,1.0,True
1453,right_shoulder,,,,,,0.0292,True
1453,right_toe_tip,843.192,564.642,0.5265323130434783,0.5302897043478262,-0.3345,0.9433,True
1454,left_shoulder,802.956,699.232,0.3350871313043478,0.697564236521739,1.3482,0.9149,True
1454,left_toe_tip,775.3240000000001,561.9060000000001,0.3787895269565219,0.5651612295652175,-0.2611999999999998,0.9205,True
1454,right_shoulder,,,,,,0.0303,True
1454,right_toe_tip,852.524,560.55,0.5554268539130435,0.5241330652173911,-0.2974000000000001,0.942,True
1455,left_shoulder,804.394,700.0039999999999,0.3371506513043478,0.6973038556521737,1.3612,0.9195,True
1455,left_toe_tip,775.76,562.138,0.3800099478260869,0.565810627826087,-0.2611999999999998,0.8957,True
1455,right_shoulder,,,,,,0.0247,True
1455,right_toe_tip,860.1880000000001,556.874,0.5786157704347827,0.5173506330434783,-0.2850999999999999,1.0,True
1456,left_shoulder,806.124,700.85,0.3414931617391304,0.700669043478261,1.3608,0.8586,True
1456,left_toe_tip,775.932,562.226,0.3799003895652174,0.5651777078260869,-0.2571999999999998,0.9376,True
1456,right_shoulder,,,,,,0.0197,True
1456,right_toe_tip,866.9159999999999,553.861,0.6006861156521738,0.5131837819565217,-0.2949000000000001,0.957,True
1457,left_shoulder,807.924,701.6,0.34256496,0.696864,1.3832,0.8704,True
1457,left_toe_tip,776.144,562.366,0.3807888486956521,0.5660089034782608,-0.2591999999999998,0.9682,True
1457,right_shoulder,,,,,,0.0251,True
1457,right_toe_tip,872.316,551.175,0.6161424347826087,0.5070293478260868,-0.3015,0.9298,True
1458,left_shoulder,809.8520000000001,702.172,0.3467934747826089,0.6986259617391306,1.3856,0.9191,True
1458,left_toe_tip,776.182,562.406,0.3803030373913044,0.5652407556521738,-0.2551999999999998,0.9452,True
1458,right_shoulder,,,,,,0.0365,True
1458,right_toe_tip,876.5060000000001,549.1610000000001,0.6310082908695654,0.5046897723913045,-0.3305999999999999,0.9553,False
1459,left_shoulder,811.658,701.5899999999999,0.3516003643478261,0.6996654304347825,1.3876,0.8968,True
1459,left_toe_tip,776.1279999999999,562.528,0.3794124104347824,0.5644807582608696,-0.2501999999999998,0.9657,True
1459,right_shoulder,,,,,,0.0322,True
1459,right_toe_tip,879.1899999999999,547.6629999999999,0.6418611652173912,0.503589580869565,-0.3388000000000001,0.9034,True
1460,left_shoulder,814.146,701.61,0.3543113943478259,0.6950278239130435,1.4002,0.8455,True
1460,left_toe_tip,776.162,562.628,0.3812832004347826,0.5674024495652175,-0.2621999999999998,0.9768,True
1460,right_shoulder,,,,,,0.0298,True
1460,right_toe_tip,881.0360000000001,546.359,0.652316774782609,0.5043441719565219,-0.3458000000000001,0.9265,True
1461,left_shoulder,816.948,701.422,0.3620894617391303,0.6986533230434783,1.3974000000000002,0.8305,True
1461,left_toe_tip,776.194,562.6179999999999,0.3789746086956521,0.5638066086956519,-0.246,0.9859,True
1461,right_shoulder,,,,,,0.0153,True
1461,right_toe_tip,882.266,545.11,0.6617548456521737,0.5056319891304348,-0.348,0.9157,True
1462,left_shoulder,820.3220000000001,701.424,0.374991359130435,0.7100134747826087,1.3668,0.8612,True
1462,left_toe_tip,775.944,562.618,0.3766830921739129,0.5614280495652174,-0.2351999999999998,0.9808,True
1462,right_shoulder,,,,,,0.0142,True
1462,right_toe_tip,882.8979999999999,544.0939999999999,0.6725634404347824,0.5097402778260868,-0.3824000000000001,0.8986,True
1463,left_shoulder,824.052,701.034,0.3837884313043478,0.711130027826087,1.3745999999999998,0.8362,True
1463,left_toe_tip,775.6719999999999,562.542,0.3766667634782605,0.5623182352173913,-0.2401999999999998,0.9683,True
1463,right_shoulder,,,,,,0.0278,True
1463,right_toe_tip,883.442,543.0440000000001,0.6833840317391303,0.5138363417391307,-0.3845999999999999,0.9581,True
1464,left_shoulder,828.646,701.7539999999999,0.3902921699999999,0.7070593082608693,1.4016,0.8769,True
1464,left_toe_tip,775.424,562.412,0.3749478399999999,0.560417224347826,-0.2331999999999998,0.9717,True
1464,right_shoulder,,,,,,0.0273,True
1464,right_toe_tip,883.758,541.9699999999999,0.6904710304347828,0.5154498043478258,-0.3895,0.9837,True
1465,left_shoulder,833.378,701.9300000000001,0.4022682786956523,0.7112887326086957,1.3992,0.7604,True
1465,left_toe_tip,775.164,562.2639999999999,0.3721711356521738,0.5569295269565215,-0.2191999999999998,0.9837,True
1465,right_shoulder,,,,,,0.0167,True
1465,right_toe_tip,884.0200000000001,540.852,0.6975258652173917,0.5169615104347826,-0.4098000000000001,1.0,True
1466,left_shoulder,838.878,702.1899999999999,0.409169867826087,0.7040187304347825,1.4292,0.7663,True
1466,left_toe_tip,774.9,562.128,0.3707403913043477,0.5555004730434784,-0.2144000000000001,0.9868,True
1466,right_shoulder,,,,,,0.0168,True
1466,right_toe_tip,884.2139999999999,539.742,0.7067340799999998,0.5201577182608694,-0.4234000000000001,1.0,True
1467,left_shoulder,844.7326666666668,701.992,0.4139457148792272,0.691468172753623,1.4573666666666667,0.8558,True
1467,left_toe_tip,774.934,561.9280000000001,0.3710978334782607,0.5553458973913046,-0.2161999999999998,0.9824,True
1467,right_shoulder,,,,,,0.0205,False
1467,right_toe_tip,884.24,538.422,0.7173753565217391,0.5240564439130435,-0.3801999999999998,1.0,True
1468,left_shoulder,851.012,702.0699999999999,0.4228038269565217,0.6854041717391304,1.4616,0.7251,True
1468,left_toe_tip,775.0840000000001,561.758,0.371363535652174,0.5546590582608697,-0.2151999999999998,0.972,True
1468,right_shoulder,,,,,,0.0162,True
1468,right_toe_tip,884.192,537.142,0.7213750191304349,0.523300573478261,-0.3483000000000001,1.0,True
1469,left_shoulder,857.476,701.798,0.432919072173913,0.6804009317391304,1.4775999999999998,0.7252,False
1469,left_toe_tip,775.0699999999999,561.594,0.3719123086956519,0.5550846965217392,-0.1991999999999998,0.9663,True
1469,right_shoulder,,,,,,0.0262,True
1469,right_toe_tip,883.9399999999999,535.9280000000001,0.7223805826086955,0.5209763513043482,-0.3134,0.976,True
1470,left_shoulder,864.0559999999999,701.202,0.4426080156521738,0.6740222986956522,1.5046,0.7236,False
1470,left_toe_tip,774.952,561.318,0.3710299878260869,0.5534932056521739,-0.1954000000000001,0.9499,True
1470,right_shoulder,,,,,,0.0136,True
1470,right_toe_tip,883.6719999999999,534.7540000000001,0.7242355617391302,0.5193992800000004,-0.3214000000000001,0.9959,True
1471,left_shoulder,870.7379999999999,700.426,0.4546541808695651,0.6707872313043478,1.5257,0.7009,True
1471,left_toe_tip,774.954,561.2360000000001,0.3711821756521738,0.5534864939130438,-0.1964000000000001,0.95,True
1471,right_shoulder,,,,,,0.0127,True
1471,right_toe_tip,883.324,533.6740000000001,0.7214556599999998,0.5149434100000003,-0.3058000000000002,1.0,True
1472,left_shoulder,877.6473333333333,699.548,0.4673558680676328,0.667753128405797,1.5207333333333335,0.8087,True
1472,left_toe_tip,774.612,561.126,0.3706804791304346,0.5538397917391303,-0.1994,0.9459,True
1472,right_shoulder,,,,,,0.0113,True
1472,right_toe_tip,882.936,532.772,0.7114327947826088,0.5059590460869566,-0.2561999999999998,1.0,True
1473,left_shoulder,884.7700000000001,698.2760000000001,0.4787381934782611,0.6616237330434784,1.5306,0.7114,True
1473,left_toe_tip,774.5260000000001,561.1220000000001,0.3701512134782611,0.5533915552173915,-0.1974000000000001,0.9438,True
1473,right_shoulder,,,,,,0.0176,True
1473,right_toe_tip,882.4619999999999,531.984,0.705933383913043,0.5007351547826088,-0.2405999999999999,1.0,True
1474,left_shoulder,892.0279999999999,696.966,0.4912354452173911,0.6567906860869566,1.5288,0.7562,True
1474,left_toe_tip,773.98,560.8439999999999,0.3695226652173913,0.5539364843478259,-0.2034,0.9519,True
1474,right_shoulder,,,,,,0.0117,True
1474,right_toe_tip,882.0379999999999,531.2819999999999,0.7041201121739128,0.4982816791304346,-0.1929000000000001,0.9913,True
1475,left_shoulder,899.366,695.312,0.5044104860869565,0.6521089460869566,1.5328,0.7681,True
1475,left_toe_tip,773.404,560.512,0.3677890278260869,0.5528028660869564,-0.2024,0.9375,True
1475,right_shoulder,,,,,,0.0199,True
1475,right_toe_tip,881.6279999999999,530.784,0.7003009773913041,0.494976584347826,-0.1829000000000001,0.9654,True
1476,left_shoulder,906.414,693.666,0.5182910621739133,0.6491254421739132,1.5402,0.7294,True
1476,left_toe_tip,773.068,559.976,0.3661684226086956,0.550281784347826,-0.1805999999999999,0.8551,True
1476,right_shoulder,,,,,,0.0136,False
1476,right_toe_tip,881.3639999999999,530.418,0.7015821834782605,0.4953606691304348,-0.1906999999999998,0.946,True
1477,left_shoulder,913.124,691.802,0.5344324182608696,0.6492499569565218,1.5298,0.7646,True
1477,left_toe_tip,773.542,559.528,0.3666308517391305,0.547791111304348,-0.1748000000000001,0.876,True
1477,right_shoulder,,,,,,0.0165,True
1477,right_toe_tip,881.2099999999998,530.162,0.7056965608695646,0.4978348252173913,-0.1195999999999999,0.93,True
1478,left_shoulder,919.792,690.21,0.5535015652173914,0.6532415217391305,1.51,0.811,True
1478,left_toe_tip,773.548,558.9480000000001,0.36525378,0.5441227800000003,-0.1651999999999998,0.9271,True
1478,right_shoulder,,,,,,0.0111,True
1478,right_toe_tip,881.1959999999999,530.006,0.7062323747826084,0.4977849595652173,-0.1218000000000001,0.9221,True
1479,left_shoulder,926.326,688.6,0.5725897552173913,0.6571285652173913,1.4862,0.8545,True
1479,left_toe_tip,774.388,558.624,0.3668208104347826,0.5421571617391304,-0.1521999999999998,0.8128,True
1479,right_shoulder,,,,,,0.0122,True
1479,right_toe_tip,881.158,529.8900000000001,0.7075366017391305,0.498442486956522,-0.1271999999999998,0.9091,True
1480,left_shoulder,932.756,687.3,0.5925763295652177,0.6624978913043477,1.4768,0.8082,True
1480,left_toe_tip,775.502,558.2620000000001,0.3700088308695651,0.541384561304348,-0.1551999999999998,0.9466,True
1480,right_shoulder,,,,,,0.0138,True
1480,right_toe_tip,881.2279999999998,529.8100000000001,0.7094725243478256,0.4994259760869567,-0.1338000000000001,0.9075,True
1481,left_shoulder,938.964,686.092,0.6059220373913041,0.660903416521739,1.5169,0.9378,True
1481,left_toe_tip,776.412,557.932,0.3719302834782609,0.5396659008695652,-0.1514000000000001,0.9646,True
1481,right_shoulder,,,,,,0.0135,True
1481,right_toe_tip,881.2120000000001,529.8340000000001,0.709110842608696,0.4992750395652176,-0.1325999999999999,0.9008,True
1482,left_shoulder,944.938,685.144,0.6201510847826089,0.6612439391304348,1.572,0.8084,True
1482,left_toe_tip,777.3059999999999,557.824,0.3729648847826085,0.5373501913043477,-0.144,0.9759,True
1482,right_shoulder,,,,,,0.0132,True
1482,right_toe_tip,881.22,529.868,0.7085575304347826,0.4989687860869566,-0.1304000000000001,0.91,True
1483,left_shoulder,950.352,683.8599999999999,0.6360866643478263,0.6637721913043476,1.6454000000000002,0.848,True
1483,left_toe_tip,779.268,557.486,0.3770226965217391,0.5346289473913043,-0.1355999999999999,0.9906,True
1483,right_shoulder,,,,,,0.019,True
1483,right_toe_tip,881.2,529.7719999999999,0.7102291304347828,0.4999047260869563,-0.137,0.9153,True
1484,left_shoulder,955.366,682.952,0.6509565586956522,0.666615052173913,1.6605,0.9329,True
1484,left_toe_tip,782.03,556.9879999999999,0.3824003369565216,0.5303687782608694,-0.12,0.9583,True
1484,right_shoulder,,,,,,0.0176,True
1484,right_toe_tip,881.1800000000001,529.6800000000001,0.7104848217391306,0.4998551478260871,-0.1381999999999998,0.9003,True
1485,left_shoulder,959.91,682.232,0.6605446043478262,0.6653390295652173,1.6794,0.8357,True
1485,left_toe_tip,785.692,555.874,0.3916581026086956,0.5265604095652174,-0.1116999999999998,0.682,True
1485,right_shoulder,,,,,,0.0134,True
1485,right_toe_tip,881.0779999999999,529.576,0.7096078521739128,0.4991432695652175,-0.136,0.9009,True
1486,left_shoulder,963.868,681.5600000000001,0.6742086886956523,0.6694040347826088,1.6733,0.8586,True
1486,left_toe_tip,791.484,553.746,0.408644555652174,0.5226508943478261,-0.1018000000000001,0.9665,True
1486,right_shoulder,,,,,,0.0148,True
1486,right_toe_tip,881.098,529.196,0.7079371056521737,0.4968109504347827,-0.1294000000000001,0.9011,True
1487,left_shoulder,967.77,681.0899999999999,0.6838992304347828,0.6699612652173911,1.6834,0.9102,True
1487,left_toe_tip,798.096,550.028,0.4318770295652174,0.5191069234782609,-0.0366999999999998,0.9262,True
1487,right_shoulder,,,,,,0.0183,True
1487,right_toe_tip,880.89,528.904,0.7055982304347826,0.4947418469565218,-0.1228000000000001,0.9108,True
1488,left_shoulder,971.05,681.008,0.6897354782608695,0.6688131895652175,1.6862,0.9129,True
1488,left_toe_tip,805.374,545.4680000000001,0.459416162173913,0.5152381678260872,-0.0678000000000001,1.0,True
1488,right_shoulder,,,,,,0.0227,True
1488,right_toe_tip,880.78,528.752,0.7032869739130433,0.492902580869565,-0.1151999999999998,0.9012,True
1489,left_shoulder,973.984,680.716,0.6983169808695653,0.6705753234782609,1.6794,0.8568,True
1489,left_toe_tip,813.356,539.022,0.4935746808695652,0.5097067682608698,0.0075999999999999,0.9761,True
1489,right_shoulder,,,,,,0.0167,True
1489,right_toe_tip,880.5319999999999,528.516,0.7016736756521738,0.4915904791304347,0.0436999999999998,0.9175,True
1490,left_shoulder,976.758,680.434,0.7061668843478262,0.6719361660869565,1.6738,0.8278,True
1490,left_toe_tip,821.7360000000001,532.28,0.530036994782609,0.5024583652173912,0.0618000000000001,1.0,True
1490,right_shoulder,,,,,,0.0113,True
1490,right_toe_tip,880.3119999999999,528.088,0.6996213704347823,0.4893553252173911,0.0490999999999999,0.9332,True
1491,left_shoulder,979.492,680.1879999999999,0.7123427791304348,0.6718379513043476,1.6726,0.8778,True
1491,left_toe_tip,829.6439999999999,525.174,0.5662522478260866,0.4931880195652173,0.071,0.9973,True
1491,right_shoulder,,,,,,0.0125,True
1491,right_toe_tip,880.0440000000001,527.632,0.6971190860869568,0.4868251930434781,0.0556999999999998,0.9312,True
1492,left_shoulder,981.732,679.61,0.7174143313043477,0.6709725586956522,1.6716,0.8706,True
1492,left_toe_tip,838.278,518.4019999999999,0.6022478730434783,0.4811288573913041,0.0145999999999999,0.9137,True
1492,right_shoulder,,,,,,0.0152,True
1492,right_toe_tip,879.8851428571428,527.4691428571429,0.6953912698669031,0.4854680807985803,0.0605571428571429,0.9307,True
1493,left_shoulder,984.164,678.9359999999999,0.7240163104347825,0.6709442765217389,1.6676,0.8826,True
1493,left_toe_tip,847.016,511.89,0.6370692382608695,0.4674249652173913,-0.0071999999999998,0.8584,True
1493,right_shoulder,,,,,,0.0176,True
1493,right_toe_tip,879.4594285714286,527.5794285714286,0.6930342567524401,0.4850019288021295,0.0648714285714286,0.8711,True
1494,left_shoulder,986.282,677.8639999999999,0.7271921999999998,0.6675143999999997,1.671,0.8825,True
1494,left_toe_tip,856.222,506.58,0.6697241426086956,0.4540156173913044,0.0044,0.8421,True
1494,right_shoulder,,,,,,0.0187,True
1494,right_toe_tip,879.0748571428572,528.1688571428572,0.6895898938420588,0.485067922786158,0.0993428571428571,0.1713,True
1495,left_shoulder,988.066,676.65,0.7307116004347828,0.6647584891304348,1.6716,0.8906,True
1495,left_toe_tip,864.5319999999999,502.45,0.699661236521739,0.4438865869565217,0.0186999999999998,0.9068,True
1495,right_shoulder,,,,,,0.014,True
1495,right_toe_tip,878.5614285714286,529.2814285714286,0.6867531559449866,0.487314969609583,0.0340714285714284,0.0387,True
1496,left_shoulder,989.626,675.164,0.7361907469565216,0.6636257617391305,1.6758,0.8827,True
1496,left_toe_tip,871.156,499.75,0.7234177773913042,0.4373567391304347,0.0128000000000001,0.9013,True
1496,right_shoulder,,,,,,0.0139,True
1496,right_toe_tip,877.8871428571429,531.0071428571429,0.6842210476929903,0.4918579669476486,-0.1416428571428573,0.0198,True
1497,left_shoulder,991.33,673.5899999999999,0.7413062999999999,0.6616748999999998,1.6718,0.86,True
1497,left_toe_tip,876.338,497.706,0.7429233652173912,0.4328758173913042,0.029,0.8808,True
1497,right_shoulder,,,,,,0.0154,True
1497,right_toe_tip,877.55,531.87,0.6829562499999998,0.49412625,-0.166,0.0248,True
1498,left_shoulder,992.802,671.922,0.7441821317391305,0.6579519926086957,1.6724,0.8411,True
1498,left_toe_tip,881.624,495.11,0.7655803913043479,0.4280930978260868,0.052,0.8186,True
1498,right_shoulder,,,,,,0.0176,True
1498,right_toe_tip,876.7071428571429,534.0271428571428,0.6797979203637978,0.4997875787488909,-0.2176428571428573,0.0224,True
1499,left_shoulder,993.962,670.0939999999999,0.7472445613043481,0.654635398695652,1.6708,0.9494,True
1499,left_toe_tip,885.734,493.134,0.7792973026086957,0.4222084330434783,0.0969000000000001,0.8123,True
1499,right_shoulder,,,,,,0.0127,True
1499,right_toe_tip,876.025357142857,535.5753571428572,0.6762914454996668,0.5030820142108475,-0.3776071428571426,0.1325,True
1500,left_shoulder,995.388,668.382,0.7491733556521742,0.6500826639130434,1.6736,0.9196,True
1500,left_toe_tip,889.4799999999999,491.026,0.7922617043478257,0.4160930017391304,0.1104000000000001,0.8506,True
1500,right_shoulder,,,,,,0.0098,True
1500,right_toe_tip,875.4046428571428,536.6871428571428,0.6740742496533937,0.5059384207519962,-0.4123928571428569,0.5937,True
1501,left_shoulder,996.664,666.354,0.7482965791304348,0.6427440117391306,1.6928,0.8647,True
1501,left_toe_tip,893.1780000000001,488.954,0.8051060400000003,0.41007372,0.0924000000000001,0.8823,True
1501,right_shoulder,,,,,,0.0112,True
1501,right_toe_tip,874.7625,537.3175,0.6726455978260871,0.5080531847826087,-0.414,0.5988,True
1502,left_shoulder,997.3060000000002,663.92,0.7479346682608699,0.6361838434782607,1.7072,0.8198,True
1502,left_toe_tip,896.332,487.238,0.8169189391304348,0.4055019739130434,0.065,0.9076,True
1502,right_shoulder,,,,,,0.0118,True
1502,right_toe_tip,874.894,537.368,0.6728181182608695,0.5080436452173914,-0.4131999999999998,0.6655,True
1503,left_shoulder,997.96,661.314,0.7484476695652175,0.6300082721739129,1.7094,0.843,True
1503,left_toe_tip,897.6960000000001,486.946,0.8194732800000003,0.40368828,0.0514,0.9178,True
1503,right_shoulder,,,,,,0.0128,True
1503,right_toe_tip,875.016,537.3520000000001,0.673167568695652,0.5079978156521741,-0.4131999999999998,0.6846,True
1504,left_shoulder,998.674,658.8019999999999,0.7486150160869565,0.6236517395652172,1.7128,0.8942,True
1504,left_toe_tip,897.9779999999998,486.874,0.8214916834782603,0.4040109460869563,0.0474,0.9233,True
1504,right_shoulder,,,,,,0.0143,True
1504,right_toe_tip,875.132,537.426,0.6724264043478259,0.5073997891304348,-0.409,0.6368,True
1505,left_shoulder,999.116,655.8799999999999,0.7486787913043477,0.6168454782608693,1.71,0.8585,True
1505,left_toe_tip,897.902,486.7780000000001,0.8219785265217392,0.4040635343478262,0.0448000000000001,0.9202,True
1505,right_shoulder,,,,,,0.0108,True
1505,right_toe_tip,875.5199999999999,537.758,0.6709247999999997,0.5063784417391306,-0.4228000000000002,0.6528,True
1506,left_shoulder,999.588,653.106,0.7509917208695653,0.6121455091304348,1.6966,0.8634,True
1506,left_toe_tip,897.7360000000001,486.70200000000006,0.8232424017391309,0.4047027143478263,0.0384,0.9176,True
1506,right_shoulder,,,,,,0.0151,True
1506,right_toe_tip,876.2766363636363,537.8558181818182,0.6705213414085517,0.5047309104275962,-0.3923363636363637,0.7044,True
1507,left_shoulder,1000.214,650.624,0.7533954117391304,0.6078464139130436,1.6938,0.9466,True
1507,left_toe_tip,897.594,486.6940000000001,0.8220608521739131,0.4043191130434784,0.041,0.9152,True
1507,right_shoulder,,,,,,0.0166,True
1507,right_toe_tip,876.959909090909,537.5614545454546,0.6713458230722241,0.5030603755084443,-0.3825090909090913,0.4969,True
1508,left_shoulder,1000.7279999999998,648.1540000000001,0.7535294243478257,0.601928649130435,1.6962000000000002,0.9236,True
1508,left_toe_tip,897.4739999999999,486.696,0.8231331834782607,0.4050416034782609,0.0358000000000001,0.8991,True
1508,right_shoulder,,,,,,0.0163,True
1508,right_toe_tip,877.7838181818182,536.9409090909091,0.6729329047394901,0.5007462695831838,-0.3726181818181822,0.2273,True
1509,left_shoulder,1001.32,645.788,0.7536663913043476,0.5961164913043479,1.694,0.8904,True
1509,left_toe_tip,897.3700000000001,486.682,0.8231364000000003,0.4051620834782607,0.0345999999999999,0.912,True
1509,right_shoulder,,,,,,0.0218,True
1509,right_toe_tip,878.8363636363636,536.0981818181818,0.6776627811713976,0.4996524893999282,-0.2773636363636365,0.1426,True
1510,left_shoulder,1001.684,643.5500000000001,0.7548974095652173,0.5918181630434783,1.6928,0.9005,True
1510,left_toe_tip,897.434,486.78,0.823341088695652,0.4054755130434783,0.0345999999999999,0.902,True
1510,right_shoulder,,,,,,0.016,True
1510,right_toe_tip,879.9195454545454,534.7272727272727,0.6839129493352495,0.4980763205174272,-0.1935454545454545,0.1136,True
1511,left_shoulder,1002.056,641.506,0.7561460852173911,0.5879191613043478,1.6916,0.8567,True
1511,left_toe_tip,897.57,486.874,0.8230481369565219,0.4054175926086955,0.0371999999999998,0.9151,True
1511,right_shoulder,,,,,,0.0134,True
1511,right_toe_tip,880.4611363636363,534.0418181818181,0.687048790311714,0.4972746218109952,-0.1996363636363635,0.096,True
1512,left_shoulder,1002.198,639.3720000000001,0.7562064330434782,0.5832801495652176,1.6922,0.896,True
1512,left_toe_tip,897.616,486.92,0.8217390365217392,0.404847208695652,0.0424,0.9073,True
1512,right_shoulder,,,,,,0.0139,True
1512,right_toe_tip,881.0027272727272,533.3563636363637,0.6901918025512033,0.4964638469277758,-0.2057272727272725,0.1203,True
1513,left_shoulder,1002.236,637.3419999999999,0.7576244686956525,0.5800668221739128,1.6888,0.9599,True
1513,left_toe_tip,897.64,486.904,0.819631252173913,0.4037202469565217,0.0501999999999998,0.924,True
1513,right_shoulder,,,,,,0.0169,True
1513,right_toe_tip,881.5443181818182,532.670909090909,0.6933419860537189,0.4956439958677683,-0.180818181818181,0.1368,True
1514,left_shoulder,1002.48,635.2819999999999,0.7594743999999998,0.5767756339130433,1.6854,0.9723,True
1514,left_toe_tip,897.802,486.992,0.8208751943478262,0.4043590921739131,0.0475999999999999,0.9177,True
1514,right_shoulder,,,,,,0.0274,True
1514,right_toe_tip,882.085909090909,531.9854545454546,0.6964993408192596,0.4948150686309738,-0.186909090909091,0.1233,True
1515,left_shoulder,1002.924,633.348,0.7610358486956522,0.5731988713043478,1.6838,0.9257,True
1515,left_toe_tip,897.934,487.024,0.8201740473913044,0.4039087060869565,0.0515999999999999,0.9257,True
1515,right_shoulder,,,,,,0.0176,True
1515,right_toe_tip,,,,,,0.1255,True
1516,left_shoulder,1003.276,630.884,0.7644590608695653,0.5700341565217392,1.677,0.8912,True
1516,left_toe_tip,898.0040000000001,487.03600000000006,0.8193309634782612,0.4034221495652175,0.0554,0.9168,True
1516,right_shoulder,,,,,,0.0165,True
1516,right_toe_tip,,,,,,0.1657,True
1517,left_shoulder,1004.188,628.696,0.7663782260869563,0.5654298434782609,1.677,0.9005,True
1517,left_toe_tip,898.134,487.092,0.8201366108695654,0.4037933869565216,0.054,0.928,True
1517,right_shoulder,,,,,,0.0146,True
1517,right_toe_tip,,,,,,0.1417,True
1518,left_shoulder,1005.416,626.778,0.7678502295652173,0.5605817713043478,1.6798,0.9125,True
1518,left_toe_tip,898.2700000000001,487.208,0.820175686956522,0.4039683617391303,0.0554,0.9241,True
1518,right_shoulder,,,,,,0.0149,True
1518,right_toe_tip,,,,,,0.1509,True
1519,left_shoulder,1006.848,624.95,0.7702213008695651,0.5562798043478262,1.6814,0.8815,True
1519,left_toe_tip,898.3220000000001,487.27,0.8203408208695656,0.4041652521739129,0.0554,0.9251,True
1519,right_shoulder,,,,,,0.0226,False
1519,right_toe_tip,,,,,,0.1733,True
1520,left_shoulder,1008.164,623.1,0.7723440434782608,0.5519380434782609,1.678,0.8611,True
1520,left_toe_tip,898.3059999999999,487.336,0.8202900104347823,0.4043748452173911,0.0554,0.9279,True
1520,right_shoulder,,,,,,0.0178,True
1520,right_toe_tip,,,,,,0.0838,True
1521,left_shoulder,1009.682,621.848,0.7723139173913044,0.5470346260869564,1.691,0.9152,True
1521,left_toe_tip,898.3280000000001,487.456,0.8221569391304351,0.4056425739130435,0.049,0.9197,True
1521,right_shoulder,,,,,,0.0117,True
1521,right_toe_tip,,,,,,0.0679,True
1522,left_shoulder,1011.006,620.8799999999999,0.7757251539130436,0.5454660521739128,1.6844,0.9343,True
1522,left_toe_tip,898.2280000000001,487.478,0.8218386782608696,0.4057125913043476,0.049,0.8895,True
1522,right_shoulder,,,,,,0.0119,True
1522,right_toe_tip,,,,,,0.0855,True
1523,left_shoulder,1012.158,619.9599999999999,0.7790237786956522,0.5441640956521737,1.6822,0.9172,True
1523,left_toe_tip,898.1960000000001,487.558,0.822859426086957,0.4065218,0.045,0.8848,True
1523,right_shoulder,,,,,,0.0113,True
1523,right_toe_tip,,,,,,0.0968,True
1524,left_shoulder,1013.118,619.536,0.7803032956521739,0.5427687652173911,1.684,0.8875,True
1524,left_toe_tip,898.2060000000001,487.61800000000005,0.8221615830434787,0.4063523578260871,0.0475999999999999,0.8687,True
1524,right_shoulder,,,,,,0.0178,True
1524,right_toe_tip,,,,,,0.098,True
1525,left_shoulder,1013.878,619.4639999999999,0.7825429095652174,0.5430694330434782,1.6874,0.8775,True
1525,left_toe_tip,898.2720000000002,487.682,0.8245614330434786,0.4076386634782606,0.0398000000000001,0.8794,True
1525,right_shoulder,,,,,,0.0403,True
1525,right_toe_tip,,,,,,0.1438,True
1526,left_shoulder,1014.4,619.668,0.7827401739130434,0.5428754686956522,1.6896,0.8938,True
1526,left_toe_tip,898.262,487.71,0.8237996360869563,0.4073671369565218,0.0424,0.8812,True
1526,right_shoulder,,,,,,0.0565,True
1526,right_toe_tip,,,,,,0.2526,True
1527,left_shoulder,1014.786,620.1119999999999,0.7817547108695654,0.5425597043478257,1.694,0.8862,True
1527,left_toe_tip,898.292,487.754,0.8256921434782609,0.4083962108695653,0.036,0.8989,True
1527,right_shoulder,,,,,,0.0676,True
1527,right_toe_tip,900.5,508.68,0.8081163043478261,0.4612312173913044,-0.015,0.1852,True
1528,left_shoulder,1015.086,620.7760000000001,0.7817281482608697,0.5434911982608697,1.7056,0.9017,True
1528,left_toe_tip,898.3039999999999,487.732,0.8257305043478256,0.4083258826086955,0.036,0.8822,True
1528,right_shoulder,,,,,,0.0414,True
1528,right_toe_tip,900.525,509.265,0.8081938586956521,0.4630459891304347,-0.018,0.235,True
1529,left_shoulder,1015.312,621.4179999999999,0.7833414156521742,0.5456248299999998,1.7028,0.8728,True
1529,left_toe_tip,898.28,487.746,0.8256537826086956,0.4083706369565217,0.036,0.8808,True
1529,right_shoulder,,,,,,0.0201,True
1529,right_toe_tip,900.4633333333333,509.6266666666667,0.8063038840579708,0.4631921159420291,-0.012,0.4005,True
1530,left_shoulder,1015.748,622.192,0.783597948695652,0.5467843165217391,1.7144,0.8649,True
1530,left_toe_tip,898.2760000000001,487.766,0.8249110852173916,0.4080734939130434,0.0385999999999999,0.8826,True
1530,right_shoulder,,,,,,0.0281,True
1530,right_toe_tip,900.6,510.015,0.8067269565217391,0.4643942608695652,-0.012,0.388,True
1531,left_shoulder,1016.252,622.93,0.7857941226086957,0.5491235891304347,1.7116,0.8659,True
1531,left_toe_tip,898.2819999999999,487.746,0.8256601760869562,0.4083706369565217,0.036,0.8784,True
1531,right_shoulder,,,,,,0.0328,True
1531,right_toe_tip,900.4399999999999,510.29,0.8058919478260868,0.4650495347826086,-0.0108000000000001,0.4928,True
1532,left_shoulder,1016.8060000000002,623.6980000000001,0.7887532552173917,0.5519887047826089,1.7122,0.8626,True
1532,left_toe_tip,898.2379999999999,487.668,0.8259124904347824,0.4083155686956522,0.0345999999999999,0.8701,True
1532,right_shoulder,,,,,,0.0413,True
1532,right_toe_tip,900.244,511.046,0.8039276608695652,0.4666007956521739,-0.012,0.5286,True
1533,left_shoulder,1017.492,624.576,0.7932255808695652,0.5559546991304348,1.7048,0.8496,True
1533,left_toe_tip,898.134,487.578,0.8259165678260869,0.4081941313043477,0.0334,0.8738,True
1533,right_shoulder,,,,,,0.028,True
1533,right_toe_tip,900.152,511.38,0.8026254747826089,0.4670402086956521,-0.0084,0.4814,True
1534,left_shoulder,1018.138,625.47,0.7964737134782612,0.5591606152173914,1.7052,0.8755,True
1534,left_toe_tip,897.9159999999999,487.36,0.8248826504347824,0.4073305043478261,0.0345999999999999,0.8707,True
1534,right_shoulder,,,,,,0.0247,True
1534,right_toe_tip,900.0630000000001,511.449,0.8028597093478264,0.4675494019565215,-0.0101999999999998,0.4891,True
1535,left_shoulder,1018.816,626.092,0.7992194086956522,0.5613962739130435,1.702,0.8918,True
1535,left_toe_tip,897.7479999999999,487.1700000000001,0.8258021791304345,0.4074416217391307,0.0294,0.8787,True
1535,right_shoulder,,,,,,0.0351,True
1535,right_toe_tip,899.801,511.187,0.802389740652174,0.466937762826087,-0.0114,0.3669,True
1536,left_shoulder,1019.674,626.734,0.8012772156521738,0.5629247113043478,1.7064,0.9144,True
1536,left_toe_tip,897.634,487.03,0.8243727926086957,0.4064683847826087,0.0331999999999998,0.892,True
1536,right_shoulder,,,,,,0.0552,True
1536,right_toe_tip,899.757,510.807,0.8022538476086956,0.4657641410869564,-0.0114,0.2854,True
1537,left_shoulder,1020.516,627.046,0.8028060391304348,0.5634090065217392,1.707,0.8902,True
1537,left_toe_tip,897.616,487.018,0.8231951269565216,0.4058777352173914,0.0371999999999998,0.8858,True
1537,right_shoulder,,,,,,0.0288,True
1537,right_toe_tip,899.693,510.277,0.8027336450000001,0.4645192745652176,-0.0078000000000001,0.3124,True
1538,left_shoulder,1021.408,627.3019999999999,0.8025321808695652,0.5624382734782607,1.7122,0.8912,True
1538,left_toe_tip,897.608,487.028,0.8242895982608693,0.4064619852173912,0.0331999999999998,0.8814,True
1538,right_shoulder,,,,,,0.0549,True
1538,right_toe_tip,899.451,509.9690000000001,0.803000845,0.4641540550000001,-0.0114,0.3398,True
1539,left_shoulder,1022.372,627.4460000000001,0.8026487026086958,0.5614040382608698,1.7168,0.8546,True
1539,left_toe_tip,897.608,487.066,0.822441540869565,0.405672016521739,0.0398000000000001,0.8785,True
1539,right_shoulder,,,,,,0.0306,True
1539,right_toe_tip,899.22,509.814,0.8017787304347828,0.463381215652174,-0.0095999999999999,0.3604,True
1540,left_shoulder,1023.35,627.6,0.8045349782608696,0.5616109565217392,1.7172,0.858,True
1540,left_toe_tip,897.574,487.164,0.8216050656521737,0.4056255156521741,0.0424,0.8808,True
1540,right_shoulder,,,,,,0.0351,True
1540,right_toe_tip,898.8860000000001,509.784,0.7980442347826089,0.4617254608695651,0.0,0.3618,True
1541,left_shoulder,1024.398,627.5360000000001,0.8050631156521737,0.5603134400000002,1.7262,0.8416,True
1541,left_toe_tip,897.534,487.21,0.8218133882608695,0.4059381717391305,0.0411999999999998,0.8835,True
1541,right_shoulder,,,,,,0.0455,True
1541,right_toe_tip,898.792,509.92,0.7974169147826088,0.4619491478260868,0.0011999999999998,0.3347,True
1542,left_shoulder,1025.7279999999998,627.466,0.8057522504347823,0.5587132160869565,1.7362,0.8688,True
1542,left_toe_tip,897.4960000000001,487.172,0.821356262608696,0.4056510339130435,0.0424,0.8778,True
1542,right_shoulder,,,,,,0.0254,True
1542,right_toe_tip,899.098,510.116,0.795994116521739,0.4611824591304347,0.0095999999999999,0.3281,True
1543,left_shoulder,1027.46,626.8340000000001,0.8086964043478262,0.5569289639130437,1.7428,0.9018,True
1543,left_toe_tip,897.448,487.138,0.8200838139130435,0.4049898073913044,0.0464,0.873,True
1543,right_shoulder,,,,,,0.0337,True
1543,right_toe_tip,899.2959999999999,510.21400000000006,0.7962641947826085,0.4612876008695653,0.0108000000000001,0.3399,True
1544,left_shoulder,1029.3560000000002,625.622,0.8114686895652179,0.553590894347826,1.7661,0.8971,True
1544,left_toe_tip,897.488,487.16399999999993,0.8209389147826088,0.405432005217391,0.0438000000000001,0.8755,True
1544,right_shoulder,,,,,,0.0367,True
1544,right_toe_tip,899.7180000000001,510.238,0.7965438139130437,0.4607734139130435,0.0144,0.3818,True
1545,left_shoulder,1031.602,623.6980000000001,0.8141916365217393,0.5482625373913045,1.7912,0.8498,True
1545,left_toe_tip,897.5040000000001,487.112,0.8199263234782614,0.4047411878260868,0.0475999999999999,0.8805,True
1545,right_shoulder,,,,,,0.0248,True
1545,right_toe_tip,900.3299999999999,510.338,0.8001185956521737,0.4620605747826087,0.0084,0.4463,True
1546,left_shoulder,1034.4640000000002,621.11,0.820399366956522,0.5430520369565218,1.8171,0.9439,True
1546,left_toe_tip,897.546,487.04800000000006,0.820060056956522,0.404537403478261,0.0475999999999999,0.8774,True
1546,right_shoulder,,,,,,0.0402,True
1546,right_toe_tip,900.958,510.314,0.80000646,0.4608104408695653,0.0155999999999999,0.3693,True
1547,left_shoulder,1037.766,618.174,0.8280450469565218,0.5374509182608695,1.8153,0.8985,True
1547,left_toe_tip,897.542,487.02,0.8193194843478262,0.4040892782608695,0.0501999999999998,0.8811,True
1547,right_shoulder,,,,,,0.0378,True
1547,right_toe_tip,901.2676,509.9946,0.801128817691304,0.4599307245065216,0.0149900000000002,0.5069,True
1548,left_shoulder,1041.114,614.736,0.8352763056521739,0.5304600313043478,1.7987,0.7937,True
1548,left_toe_tip,897.5120000000001,486.948,0.8177685426086958,0.4031426921739131,0.0554,0.8864,True
1548,right_shoulder,,,,,,0.0589,True
1548,right_toe_tip,901.7548,509.5678,0.8002384816565219,0.4572596536021738,0.0233699999999998,0.3713,True
1549,left_shoulder,1045.308,611.432,0.8472699408695652,0.5256021982608696,1.7913,0.7825,True
1549,left_toe_tip,897.5260000000001,486.86,0.8189326800000001,0.4034148,0.0514,0.8891,True
1549,right_shoulder,,,,,,0.0174,True
1549,right_toe_tip,902.0516,509.0556,0.8006416960608694,0.4554069824086956,0.0311400000000003,0.267,True
1550,left_shoulder,1050.22,608.72,0.8623537826086957,0.522852695652174,1.802,0.7871,True
1550,left_toe_tip,897.65,486.826,0.8203912065217391,0.4038305265217392,0.0475999999999999,0.8983,True
1550,right_shoulder,,,,,,0.0171,True
1550,right_toe_tip,902.306,508.33600000000007,0.8000618115217388,0.452440923478261,0.0359,0.1648,True
1551,left_shoulder,1055.814,606.7959999999999,0.8751076813043476,0.5193982773913043,1.8318,0.6325,True
1551,left_toe_tip,897.8880000000001,486.846,0.8218778434782613,0.4042526869565217,0.045,0.9164,True
1551,right_shoulder,,,,,,0.0252,True
1551,right_toe_tip,902.334,507.479,0.8010169088043481,0.4503159052717391,0.0328499999999999,0.1339,True
1552,left_shoulder,1058.465,605.5,0.8825290394021736,0.5177514945652174,1.84925,0.5873,True
1552,left_toe_tip,898.1299999999999,486.89,0.8226490869565213,0.4043929130434782,0.045,0.9039,True
1552,right_shoulder,,,,,,0.0253,True
1552,right_toe_tip,902.348,507.0505,0.8014945270652173,0.4492512653125001,0.0313249999999998,0.1015,True
1553,left_shoulder,1061.7299999999998,604.8733333333333,0.8925090326086952,0.5182265,1.8755,0.4914,True
1553,left_toe_tip,898.3700000000001,486.97800000000007,0.8238071282608701,0.4048665926086959,0.0435999999999999,0.9215,True
1553,right_shoulder,,,,,,0.1227,True
1553,right_toe_tip,902.362,506.622,0.8019721917391307,0.4481852047826087,0.0297999999999997,0.1664,True
1554,left_shoulder,1065.23,604.5949999999999,0.8996849945652174,0.5175045298913041,1.904,0.1048,True
1554,left_toe_tip,898.4399999999999,487.016,0.8243674173913041,0.4051534278260869,0.0424,0.9212,True
1554,right_shoulder,,,,,,0.0438,True
1554,right_toe_tip,902.376,506.1935,0.8024499028260869,0.4471177236820651,0.028275,0.1401,True
1555,left_shoulder,1069.26,604.7,0.899579652173913,0.5128060869565219,1.9395,0.0144,True
1555,left_toe_tip,898.4440000000001,487.016,0.8225823052173915,0.4042698382608694,0.0488000000000001,0.9127,True
1555,right_shoulder,,,,,,0.0239,True
1555,right_toe_tip,902.39,505.765,0.8029276603260869,0.4460488220108695,0.02675,0.1326,True
1556,left_shoulder,,,,,,0.008,True
1556,left_toe_tip,898.2959999999999,487.024,0.8191913791304346,0.4028593773913044,0.0591999999999998,0.9134,True
1556,right_shoulder,,,,,,0.0117,True
1556,right_toe_tip,,,,,,0.1415,True
1557,left_shoulder,,,,,,0.0082,True
1557,left_toe_tip,898.1899999999999,487.014,0.8206513021739128,0.4037112378260867,0.0528000000000001,0.9025,True
1557,right_shoulder,,,,,,0.0165,True
1557,right_toe_tip,,,,,,0.0635,True
1558,left_shoulder,,,,,,0.0257,True
1558,left_toe_tip,898.174,487.004,0.8202075730434781,0.4034861860869566,0.0541999999999998,0.8884,True
1558,right_shoulder,,,,,,0.0139,True
1558,right_toe_tip,,,,,,0.0577,True
1559,left_shoulder,,,,,,0.0294,True
1559,left_toe_tip,898.2620000000001,487.074,0.8212170160869567,0.4040676952173912,0.0515999999999999,0.8811,True
1559,right_shoulder,,,,,,0.0155,True
1559,right_toe_tip,,,,,,0.0598,True
1560,left_shoulder,,,,,,0.0337,True
1560,left_toe_tip,898.3040000000001,487.136,0.822417474782609,0.404789968695652,0.0478000000000001,0.873,True
1560,right_shoulder,,,,,,0.1491,True
1560,right_toe_tip,,,,,,0.0625,True
1561,left_shoulder,,,,,,0.0381,True
1561,left_toe_tip,898.408,487.238,0.8256697356521739,0.4065530704347826,0.0374,0.8777,True
1561,right_shoulder,,,,,,0.036,True
1561,right_toe_tip,,,,,,0.0741,True
1562,left_shoulder,,,,,,0.0377,True
1562,left_toe_tip,898.5260000000001,487.352,0.8249789465217393,0.4063913060869566,0.0411999999999998,0.9025,True
1562,right_shoulder,,,,,,0.0054,True
1562,right_toe_tip,,,,,,0.09,True
1563,left_shoulder,,,,,,0.0088,False
1563,left_toe_tip,898.6039999999999,487.428,0.8274203634782606,0.4077141965217391,0.0334,0.9007,True
1563,right_shoulder,,,,,,0.0058,False
1563,right_toe_tip,,,,,,0.1058,True
1564,left_shoulder,,,,,,0.007,False
1564,left_toe_tip,898.7819999999999,487.5559999999999,0.8283836847826084,0.4083178478260867,0.032,0.9069,True
1564,right_shoulder,,,,,,0.0052,False
1564,right_toe_tip,,,,,,0.1202,True
1565,left_shoulder,,,,,,0.0098,True
1565,left_toe_tip,899.0440000000001,487.578,0.8303486478260872,0.408942958695652,0.0045,0.9054,True
1565,right_shoulder,,,,,,0.0035,True
1565,right_toe_tip,,,,,,0.1692,True
1566,left_shoulder,,,,,,0.0062,True
1566,left_toe_tip,900.01,488.572,0.8287536130434782,0.4098092747826086,0.0045999999999999,0.9089,True
1566,right_shoulder,,,,,,0.0117,True
1566,right_toe_tip,902.81,492.91,0.8172819673913042,0.4133212065217392,0.012,0.0685,True
1567,left_shoulder,,,,,,0.0128,True
1567,left_toe_tip,902.319909090909,490.92745454545457,0.8350301098230325,0.4167749490567733,-0.042590909090909,0.8483,True
1567,right_shoulder,,,,,,0.0145,True
1567,right_toe_tip,908.37,497.13,0.8265504293478256,0.4223454945652173,0.0025,0.1959,True
1568,left_shoulder,,,,,,0.0055,False
1568,left_toe_tip,905.9817272727272,494.6783636363636,0.8470860944151992,0.4289173178350699,-0.0759727272727273,0.5182,True
1568,right_shoulder,,,,,,0.0064,True
1568,right_toe_tip,911.6747916666668,500.2345833333334,0.8383960356327372,0.4327678619131191,-0.0091458333333334,0.383,True
1569,left_shoulder,,,,,,0.01,True
1569,left_toe_tip,910.9094545454544,499.7207272727272,0.8654218587279913,0.4463386916564856,-0.1089454545454546,0.0718,True
1569,right_shoulder,,,,,,0.0058,True
1569,right_toe_tip,914.41578125,503.0603125,0.8510105028686524,0.443654617553711,-0.044078125,0.6376,True
1570,left_shoulder,,,,,,0.0085,True
1570,left_toe_tip,917.1190909090908,506.2245454545455,0.890669520840819,0.4699703127919512,-0.1689090909090909,0.0397,True
1570,right_shoulder,,,,,,0.0049,True
1570,right_toe_tip,916.93125,505.7745000000001,0.8640029240828803,0.4548045562092394,-0.0673249999999998,0.1434,True
1571,left_shoulder,,,,,,0.0146,True
1571,left_toe_tip,923.9686363636364,513.0818181818182,0.926559916704096,0.4994899384656847,-0.3268636363636364,0.0701,True
1571,right_shoulder,,,,,,0.0063,True
1571,right_toe_tip,922.6387499999998,511.5375,0.8893520123980974,0.4768283916440218,-0.206375,0.0838,True
1572,left_shoulder,,,,,,0.0127,True
1572,left_toe_tip,927.393409090909,516.5104545454545,0.9447561349094948,0.5145010547632949,-0.371340909090909,0.1109,True
1572,right_shoulder,,,,,,0.0076,True
1572,right_toe_tip,926.993125,516.63125,0.91691573883322,0.5004219467561143,-0.2863125,0.0551,True
1573,left_shoulder,,,,,,0.023,True
1573,left_toe_tip,930.818181818182,519.939090909091,0.9631196999640678,0.5296797067014015,-0.422318181818182,0.0276,True
1573,right_shoulder,,,,,,0.0186,True
1573,right_toe_tip,929.1703125,519.178125,0.9308553446097994,0.5124032516346808,-0.32453125,0.0867,True
1574,left_shoulder,,,,,,0.0096,True
1574,left_toe_tip,934.2429545454544,523.3677272727273,0.9816506118678132,0.5450258942800036,-0.5082954545454546,0.0227,True
1574,right_shoulder,,,,,,0.0154,True
1574,right_toe_tip,931.3475,521.725,0.9449001120923908,0.5245075747282609,-0.35925,0.1695,True
1575,left_shoulder,,,,,,0.0071,True
1575,left_toe_tip,937.6677272727272,526.7963636363636,1.0003488706207329,0.5605396174991015,-0.589772727272727,0.0515,True
1575,right_shoulder,,,,,,0.0115,True
1575,right_toe_tip,933.5246875,524.2718749999999,0.959050041280995,0.5367349160368543,-0.41996875,0.0125,True
1576,left_shoulder,,,,,,0.0076,True
1576,left_toe_tip,,,,,,0.0392,True
1576,right_shoulder,,,,,,0.0059,False
1576,right_toe_tip,935.701875,526.81875,0.9733051321756114,0.549085275560462,-0.5161875,0.0433,True
1577,left_shoulder,,,,,,0.0079,True
1577,left_toe_tip,,,,,,0.0134,True
1577,right_shoulder,,,,,,0.0056,False
1577,right_toe_tip,,,,,,0.0475,True
1578,left_shoulder,,,,,,0.0085,True
1578,left_toe_tip,,,,,,0.0428,True
1578,right_shoulder,,,,,,0.008,False
1578,right_toe_tip,,,,,,0.0443,True
1579,left_shoulder,,,,,,0.0091,False
1579,left_toe_tip,,,,,,0.0181,True
1579,right_shoulder,,,,,,0.0099,False
1579,right_toe_tip,,,,,,0.0496,True
1580,left_shoulder,,,,,,0.0086,True
1580,left_toe_tip,,,,,,0.0508,True
1580,right_shoulder,,,,,,0.0056,False
1580,right_toe_tip,,,,,,0.1065,True
1581,left_shoulder,,,,,,0.0178,True
1581,left_toe_tip,,,,,,0.1968,True
1581,right_shoulder,,,,,,0.0068,True
1581,right_toe_tip,,,,,,0.0469,True
1582,left_shoulder,,,,,,0.0055,True
1582,left_toe_tip,,,,,,0.0174,True
1582,right_shoulder,,,,,,0.0075,True
1582,right_toe_tip,,,,,,0.021,True
1583,left_shoulder,,,,,,0.0063,False
1583,left_toe_tip,,,,,,0.0128,False
1583,right_shoulder,,,,,,0.0038,False
1583,right_toe_tip,983.6,582.85,1.3135230434782608,0.8519167934782609,0.009,0.0259,False
1584,left_shoulder,,,,,,0.0057,True
1584,left_toe_tip,,,,,,0.0405,True
1584,right_shoulder,,,,,,0.0087,False
1584,right_toe_tip,992.021,586.52,1.3608672702173912,0.8756967739130433,-0.0210999999999999,0.029,True
1585,left_shoulder,,,,,,0.0063,True
1585,left_toe_tip,,,,,,0.2698,True
1585,right_shoulder,,,,,,0.0082,False
1585,right_toe_tip,1000.442,590.19,1.4089364352173914,0.8997926934782611,-0.0322000000000002,0.3794,True
1586,left_shoulder,,,,,,0.0064,False
1586,left_toe_tip,,,,,,0.0152,True
1586,right_shoulder,,,,,,0.0062,False
1586,right_toe_tip,1008.863,593.86,1.457730538478261,0.9242045521739132,-0.0668000000000001,0.0148,True
1587,left_shoulder,,,,,,0.006,False
1587,left_toe_tip,,,,,,0.0118,True
1587,right_shoulder,,,,,,0.0066,True
1587,right_toe_tip,1017.284,597.53,1.50724958,0.94893235,-0.0914,0.0268,True
1588,left_shoulder,,,,,,0.0081,False
1588,left_toe_tip,1054.11,643.37,1.7356610434782604,1.1876899130434782,-0.0165,0.0691,True
1588,right_shoulder,,,,,,0.0079,False
1588,right_toe_tip,1034.1259999999995,604.87,1.608462477826086,0.9993357630434784,-0.0965999999999999,0.1565,True
1589,left_shoulder,,,,,,0.0066,True
1589,left_toe_tip,1054.11,643.37,1.7356610434782604,1.1876899130434782,-0.0165,0.1591,True
1589,right_shoulder,,,,,,0.004,False
1589,right_toe_tip,1048.7788307692306,611.756,1.69903247323118,1.0463888712775915,-0.0933523076923074,0.1936,True
1590,left_shoulder,,,,,,0.0069,True
1590,left_toe_tip,1054.11,643.37,1.7356610434782604,1.1876899130434782,-0.0165,0.665,True
1590,right_shoulder,,,,,,0.003,False
1590,right_toe_tip,1061.242492307692,618.1879999999999,1.777989891629122,1.0897657822341131,-0.0936569230769227,0.4407,True
1591,left_shoulder,,,,,,0.0058,True
1591,left_toe_tip,1054.11,643.37,1.7356610434782604,1.1876899130434782,-0.0165,0.0147,True
1591,right_shoulder,,,,,,0.0064,False
1591,right_toe_tip,1071.5169846153844,624.1659999999999,1.844507083533213,1.129170057264214,-0.0655138461538467,0.0179,False
1592,left_shoulder,,,,,,0.0079,True
1592,left_toe_tip,1054.11,643.37,1.7356610434782604,1.1876899130434782,-0.0165,0.0667,True
1592,right_shoulder,,,,,,0.0053,False
1592,right_toe_tip,1079.6023076923077,629.6899999999999,1.897898424556213,1.1643347115384612,-0.0589230769230766,0.0316,True
1593,left_shoulder,,,,,,0.0122,True
1593,left_toe_tip,,,,,,0.0086,True
1593,right_shoulder,,,,,,0.0082,True
1593,right_toe_tip,1085.4984615384617,634.76,1.937620315410342,1.1950222140468227,-0.0703846153846157,0.0706,True
1594,left_shoulder,,,,,,0.012,True
1594,left_toe_tip,,,,,,0.0251,True
1594,right_shoulder,,,,,,0.0067,True
1594,right_toe_tip,1088.4465384615385,637.2950000000001,1.9576228720574995,1.210487734322743,-0.0681153846153847,0.0691,True
1595,left_shoulder,,,,,,0.017,True
1595,left_toe_tip,,,,,,0.012,True
1595,right_shoulder,,,,,,0.0085,True
1595,right_toe_tip,1091.3946153846157,639.83,1.9777198361847184,1.2260344339464886,-0.0768461538461542,0.0142,True
1596,left_shoulder,,,,,,0.0109,True
1596,left_toe_tip,,,,,,0.0141,True
1596,right_shoulder,,,,,,0.0079,True
1596,right_toe_tip,1094.3426923076922,642.365,1.9979112077919992,1.2416623129180604,-0.0855769230769237,0.0098,True
1597,left_shoulder,,,,,,0.0132,True
1597,left_toe_tip,,,,,,0.0207,True
1597,right_shoulder,,,,,,0.0104,True
1597,right_toe_tip,1097.2907692307692,644.9,2.018196986879341,1.257371371237458,-0.0458076923076923,0.0113,True
1598,left_shoulder,,,,,,0.0119,True
1598,left_toe_tip,,,,,,0.046,True
1598,right_shoulder,,,,,,0.0084,True
1598,right_toe_tip,,,,,,0.0389,False
1599,left_shoulder,,,,,,0.0125,True
1599,left_toe_tip,,,,,,0.0169,True
1599,right_shoulder,,,,,,0.0081,True
1599,right_toe_tip,,,,,,0.011,True
1600,left_shoulder,,,,,,0.0115,True
1600,left_toe_tip,,,,,,0.0326,True
1600,right_shoulder,,,,,,0.0089,True
1600,right_toe_tip,,,,,,0.1452,True
1601,left_shoulder,,,,,,0.0098,True
1601,left_toe_tip,,,,,,0.016,True
1601,right_shoulder,,,,,,0.0061,True
1601,right_toe_tip,1144.46,685.46,2.3556088695652178,1.5197566956521742,-0.103,0.0097,False
1602,left_shoulder,,,,,,0.0082,True
1602,left_toe_tip,,,,,,0.0208,True
1602,right_shoulder,,,,,,0.005,False
1602,right_toe_tip,1144.46,685.46,2.3556088695652178,1.5197566956521742,-0.103,0.0191,True
1603,left_shoulder,,,,,,0.0067,True
1603,left_toe_tip,,,,,,0.1053,True
1603,right_shoulder,,,,,,0.006,False
1603,right_toe_tip,1144.46,685.46,2.3556088695652178,1.5197566956521742,-0.103,0.3741,True
1604,left_shoulder,,,,,,0.0081,True
1604,left_toe_tip,,,,,,0.0286,True
1604,right_shoulder,,,,,,0.0088,False
1604,right_toe_tip,1144.46,685.46,2.3556088695652178,1.5197566956521742,-0.103,0.09,True
1605,left_shoulder,,,,,,0.0094,True
1605,left_toe_tip,,,,,,0.0312,True
1605,right_shoulder,,,,,,0.0056,True
1605,right_toe_tip,1144.46,685.46,2.3556088695652178,1.5197566956521742,-0.103,0.1838,True
1606,left_shoulder,,,,,,0.0076,True
1606,left_toe_tip,,,,,,0.0346,True
1606,right_shoulder,,,,,,0.0065,False
1606,right_toe_tip,,,,,,0.0235,True
1607,left_shoulder,,,,,,0.0087,True
1607,left_toe_tip,,,,,,0.018,True
1607,right_shoulder,,,,,,0.0061,False
1607,right_toe_tip,,,,,,0.0124,True
1608,left_shoulder,,,,,,0.01,True
1608,left_toe_tip,,,,,,0.0144,True
1608,right_shoulder,,,,,,0.0054,True
1608,right_toe_tip,,,,,,0.1005,True
1609,left_shoulder,,,,,,0.0066,True
1609,left_toe_tip,,,,,,0.0243,True
1609,right_shoulder,,,,,,0.0054,False
1609,right_toe_tip,,,,,,0.0237,True
1610,left_shoulder,,,,,,0.0061,True
1610,left_toe_tip,,,,,,0.0191,True
1610,right_shoulder,,,,,,0.0061,True
1610,right_toe_tip,,,,,,0.0189,False
1611,left_shoulder,,,,,,0.0054,True
1611,left_toe_tip,,,,,,0.0161,True
1611,right_shoulder,,,,,,0.0039,True
1611,right_toe_tip,,,,,,0.0091,True
1612,left_shoulder,,,,,,0.0225,True
1612,left_toe_tip,,,,,,0.0129,True
1612,right_shoulder,,,,,,0.0056,False
1612,right_toe_tip,,,,,,0.0156,True
1613,left_shoulder,,,,,,0.0063,False
1613,left_toe_tip,,,,,,0.0179,True
1613,right_shoulder,,,,,,0.0057,True
1613,right_toe_tip,,,,,,0.023,True
1614,left_shoulder,,,,,,0.0053,True
1614,left_toe_tip,,,,,,0.0135,True
1614,right_shoulder,,,,,,0.0059,True
1614,right_toe_tip,,,,,,0.0174,True
1615,left_shoulder,,,,,,0.0064,True
1615,left_toe_tip,,,,,,0.0123,True
1615,right_shoulder,,,,,,0.0056,False
1615,right_toe_tip,,,,,,0.0184,True
1616,left_shoulder,,,,,,0.0042,True
1616,left_toe_tip,,,,,,0.0122,True
1616,right_shoulder,,,,,,0.0054,True
1616,right_toe_tip,,,,,,0.0146,True
1617,left_shoulder,,,,,,0.0078,True
1617,left_toe_tip,,,,,,0.0118,True
1617,right_shoulder,,,,,,0.0045,True
1617,right_toe_tip,,,,,,0.0096,True
1618,left_shoulder,,,,,,0.0073,True
1618,left_toe_tip,,,,,,0.013,True
1618,right_shoulder,,,,,,0.0055,False
1618,right_toe_tip,,,,,,0.0167,False
1619,left_shoulder,,,,,,0.0074,True
1619,left_toe_tip,,,,,,0.0118,True
1619,right_shoulder,,,,,,0.0064,True
1619,right_toe_tip,,,,,,0.0131,True
1620,left_shoulder,,,,,,0.0075,True
1620,left_toe_tip,,,,,,0.0194,False
1620,right_shoulder,,,,,,0.0051,True
1620,right_toe_tip,,,,,,0.0348,True
1621,left_shoulder,,,,,,0.0093,True
1621,left_toe_tip,,,,,,0.007,True
1621,right_shoulder,,,,,,0.0058,False
1621,right_toe_tip,,,,,,0.0129,True
1622,left_shoulder,,,,,,0.0113,True
1622,left_toe_tip,,,,,,0.0306,True
1622,right_shoulder,,,,,,0.0071,True
1622,right_toe_tip,,,,,,0.0219,True
1623,left_shoulder,,,,,,0.0108,True
1623,left_toe_tip,,,,,,0.02,False
1623,right_shoulder,,,,,,0.0099,False
1623,right_toe_tip,,,,,,0.0118,True
1624,left_shoulder,,,,,,0.0132,True
1624,left_toe_tip,,,,,,0.0139,True
1624,right_shoulder,,,,,,0.0111,True
1624,right_toe_tip,,,,,,0.0103,False
1625,left_shoulder,,,,,,0.0125,True
1625,left_toe_tip,,,,,,0.0226,True
1625,right_shoulder,,,,,,0.0103,True
1625,right_toe_tip,,,,,,0.0239,True
1626,left_shoulder,,,,,,0.0103,True
1626,left_toe_tip,,,,,,0.0161,True
1626,right_shoulder,,,,,,0.0077,True
1626,right_toe_tip,,,,,,0.0139,True
1627,left_shoulder,,,,,,0.0109,True
1627,left_toe_tip,,,,,,0.0326,True
1627,right_shoulder,,,,,,0.0085,True
1627,right_toe_tip,,,,,,0.0082,True
1628,left_shoulder,,,,,,0.0092,True
1628,left_toe_tip,,,,,,0.052,True
1628,right_shoulder,,,,,,0.0096,True
1628,right_toe_tip,,,,,,0.0738,True
1629,left_shoulder,,,,,,0.0091,True
1629,left_toe_tip,,,,,,0.0129,True
1629,right_shoulder,,,,,,0.0071,True
1629,right_toe_tip,,,,,,0.0131,True
1630,left_shoulder,,,,,,0.0075,True
1630,left_toe_tip,,,,,,0.0228,True
1630,right_shoulder,,,,,,0.0064,True
1630,right_toe_tip,,,,,,0.0178,True
1631,left_shoulder,,,,,,0.0074,True
1631,left_toe_tip,,,,,,0.0102,False
1631,right_shoulder,,,,,,0.0057,True
1631,right_toe_tip,,,,,,0.0217,True
1632,left_shoulder,,,,,,0.0066,False
1632,left_toe_tip,,,,,,0.0139,True
1632,right_shoulder,,,,,,0.0086,False
1632,right_toe_tip,,,,,,0.0072,True
1633,left_shoulder,,,,,,0.0085,False
1633,left_toe_tip,,,,,,0.012,True
1633,right_shoulder,,,,,,0.0071,True
1633,right_toe_tip,,,,,,0.0149,True
1634,left_shoulder,,,,,,0.0058,True
1634,left_toe_tip,,,,,,0.0124,True
1634,right_shoulder,,,,,,0.0047,True
1634,right_toe_tip,,,,,,0.0111,True
1635,left_shoulder,,,,,,0.006,False
1635,left_toe_tip,,,,,,0.0363,True
1635,right_shoulder,,,,,,0.0061,False
1635,right_toe_tip,,,,,,0.0086,False
1636,left_shoulder,,,,,,0.0054,True
1636,left_toe_tip,,,,,,0.0196,False
1636,right_shoulder,,,,,,0.0056,False
1636,right_toe_tip,,,,,,0.0189,True
1637,left_shoulder,,,,,,0.0081,False
1637,left_toe_tip,,,,,,0.0116,True
1637,right_shoulder,,,,,,0.0063,True
1637,right_toe_tip,,,,,,0.0062,True
1638,left_shoulder,,,,,,0.0054,True
1638,left_toe_tip,,,,,,0.02,True
1638,right_shoulder,,,,,,0.0042,True
1638,right_toe_tip,,,,,,0.0158,False
1639,left_shoulder,,,,,,0.0057,False
1639,left_toe_tip,,,,,,0.0178,True
1639,right_shoulder,,,,,,0.0048,False
1639,right_toe_tip,,,,,,0.0132,True
1640,left_shoulder,,,,,,0.0055,False
1640,left_toe_tip,,,,,,0.0196,True
1640,right_shoulder,,,,,,0.0055,False
1640,right_toe_tip,,,,,,0.0183,True
1641,left_shoulder,,,,,,0.0054,True
1641,left_toe_tip,,,,,,0.0151,True
1641,right_shoulder,,,,,,0.0045,True
1641,right_toe_tip,,,,,,0.0083,True
1642,left_shoulder,,,,,,0.0056,False
1642,left_toe_tip,,,,,,0.0101,True
1642,right_shoulder,,,,,,0.0046,True
1642,right_toe_tip,,,,,,0.0084,True
1643,left_shoulder,,,,,,0.0054,True
1643,left_toe_tip,,,,,,0.0122,True
1643,right_shoulder,,,,,,0.0045,True
1643,right_toe_tip,,,,,,0.0087,True
1644,left_shoulder,,,,,,0.0058,False
1644,left_toe_tip,,,,,,0.0103,True
1644,right_shoulder,,,,,,0.0063,False
1644,right_toe_tip,,,,,,0.0149,True
1645,left_shoulder,,,,,,0.0058,True
1645,left_toe_tip,,,,,,0.0211,True
1645,right_shoulder,,,,,,0.0049,True
1645,right_toe_tip,,,,,,0.0185,True
1646,left_shoulder,,,,,,0.006,True
1646,left_toe_tip,,,,,,0.0154,True
1646,right_shoulder,,,,,,0.0125,False
1646,right_toe_tip,,,,,,0.0395,True
1647,left_shoulder,,,,,,0.0056,True
1647,left_toe_tip,,,,,,0.0166,True
1647,right_shoulder,,,,,,0.0063,False
1647,right_toe_tip,,,,,,0.0089,True
1648,left_shoulder,,,,,,0.0079,False
1648,left_toe_tip,,,,,,0.0132,True
1648,right_shoulder,,,,,,0.0052,False
1648,right_toe_tip,,,,,,0.0455,False
1649,left_shoulder,,,,,,0.0077,True
1649,left_toe_tip,,,,,,0.0101,True
1649,right_shoulder,,,,,,0.0035,True
1649,right_toe_tip,,,,,,0.0094,True
1650,left_shoulder,,,,,,0.0056,True
1650,left_toe_tip,,,,,,0.0145,True
1650,right_shoulder,,,,,,0.0059,True
1650,right_toe_tip,,,,,,0.0069,True
1651,left_shoulder,,,,,,0.0055,True
1651,left_toe_tip,,,,,,0.0144,True
1651,right_shoulder,,,,,,0.0038,False
1651,right_toe_tip,,,,,,0.0153,True
1652,left_shoulder,,,,,,0.0052,False
1652,left_toe_tip,,,,,,0.0199,True
1652,right_shoulder,,,,,,0.004,False
1652,right_toe_tip,,,,,,0.018,True
1653,left_shoulder,,,,,,0.0065,False
1653,left_toe_tip,,,,,,0.0165,True
1653,right_shoulder,,,,,,0.0072,True
1653,right_toe_tip,,,,,,0.0474,True
1654,left_shoulder,,,,,,0.008,True
1654,left_toe_tip,,,,,,0.0089,True
1654,right_shoulder,,,,,,0.0109,False
1654,right_toe_tip,,,,,,0.0497,True
1655,left_shoulder,,,,,,0.0068,True
1655,left_toe_tip,,,,,,0.0229,False
1655,right_shoulder,,,,,,0.0041,False
1655,right_toe_tip,,,,,,0.0169,True
1656,left_shoulder,,,,,,0.0078,True
1656,left_toe_tip,,,,,,0.0168,True
1656,right_shoulder,,,,,,0.0076,False
1656,right_toe_tip,,,,,,0.0099,True
1657,left_shoulder,,,,,,0.0069,False
1657,left_toe_tip,,,,,,0.0186,True
1657,right_shoulder,,,,,,0.0046,False
1657,right_toe_tip,,,,,,0.0159,True
1658,left_shoulder,,,,,,0.0059,True
1658,left_toe_tip,,,,,,0.02,True
1658,right_shoulder,,,,,,0.004,True
1658,right_toe_tip,,,,,,0.0194,True
1659,left_shoulder,,,,,,0.008,True
1659,left_toe_tip,,,,,,0.0225,True
1659,right_shoulder,,,,,,0.0061,False
1659,right_toe_tip,,,,,,0.0072,True
1660,left_shoulder,,,,,,0.0117,False
1660,left_toe_tip,,,,,,0.0218,True
1660,right_shoulder,,,,,,0.009,False
1660,right_toe_tip,,,,,,0.0125,True
1661,left_shoulder,,,,,,0.01,False
1661,left_toe_tip,,,,,,0.0195,True
1661,right_shoulder,,,,,,0.0057,True
1661,right_toe_tip,,,,,,0.0071,False
1662,left_shoulder,,,,,,0.0096,False
1662,left_toe_tip,,,,,,0.0215,True
1662,right_shoulder,,,,,,0.0067,False
1662,right_toe_tip,,,,,,0.0108,True
