frame,body_part,color_x,color_y,x_m,y_m,h_m,confidence,valid
0,occipital_protuberance,809.09,260.1033333333333,0.4564817355072464,-0.2696848055555556,0.4663333333333335,1.0,True
0,tail_base,664.4966666666666,300.8833333333334,0.0808567512077291,-0.195127838164251,0.0198333333333334,0.9087,True
0,tail_tip,634.8266666666667,290.52,-0.0174225120772945,-0.2339915217391305,-0.0208333333333334,1.0,True
0,withers,777.9366666666666,291.86333333333334,0.3891213357487921,-0.1922145241545893,0.4401666666666665,0.9853,True
1,occipital_protuberance,808.45,260.07,0.4554100679347827,-0.2701640135869565,0.46275,0.9874,True
1,tail_base,664.505,300.76750000000004,0.0809464076086956,-0.1956603994565216,0.0175,0.9023,True
1,tail_tip,634.79,290.03,-0.0175526032608696,-0.2357304510869566,-0.022,1.0,True
1,withers,777.775,291.725,0.389850835597826,-0.1931922758152173,0.43575,0.9708,True
2,occipital_protuberance,807.9219999999999,259.968,0.4541925052173911,-0.2705648139130434,0.4615999999999999,0.9773,True
2,tail_base,664.518,300.678,0.0810639700000001,-0.1961365865217391,0.0146999999999998,0.9123,True
2,tail_tip,634.868,289.668,-0.0172859147826085,-0.2368965234782608,-0.0213000000000001,0.9955,True
2,withers,777.6139999999999,291.584,0.3887296339130432,-0.1932603269565217,0.4401999999999998,0.9512,True
3,occipital_protuberance,806.886,259.882,0.4524061782608695,-0.2714068391304348,0.456,0.9766,True
3,tail_base,664.566,300.454,0.0812974386956522,-0.1970584256521738,0.0119,0.9126,True
3,tail_tip,635.024,288.932,-0.0168069808695652,-0.2400398947826086,-0.0299,0.97,True
3,withers,777.282,291.356,0.3873143034782609,-0.1936656156521739,0.4434,0.9412,True
4,occipital_protuberance,806.162,259.688,0.451093707826087,-0.2723252730434783,0.4524000000000001,0.9939,True
4,tail_base,664.624,300.36400000000003,0.0815268521739131,-0.1974470173913042,0.0105,0.9094,True
4,tail_tip,635.41,288.396,-0.0154962391304348,-0.2417413304347825,-0.0285,0.9648,True
4,withers,776.968,291.044,0.3870239269565216,-0.1948456713043478,0.4394,0.9301,True
5,occipital_protuberance,805.664,259.374,0.4499218156521738,-0.2732870908695651,0.4514000000000001,0.9965,True
5,tail_base,664.568,300.338,0.0814162156521738,-0.1977146799999999,0.0076999999999998,0.9152,True
5,tail_tip,635.886,288.04,-0.0138498704347827,-0.242254904347826,-0.0196999999999998,0.9717,True
5,withers,776.7280000000001,290.756,0.3851271078260871,-0.1950422843478262,0.4475999999999999,0.9235,True
6,occipital_protuberance,805.626,259.142,0.449638584347826,-0.273807544347826,0.4524000000000001,1.0,True
6,tail_base,664.538,300.35,0.0813541386956522,-0.1977656847826086,0.0063000000000001,0.906,True
6,tail_tip,636.436,287.934,-0.0119928599999998,-0.2425020900000001,-0.0183000000000001,0.9771,True
6,withers,776.668,290.602,0.3832943191304347,-0.1946312169565217,0.4588000000000002,0.9092,True
7,occipital_protuberance,805.7439999999999,258.99000000000007,0.4497787721739127,-0.2741103978260867,0.4534000000000001,1.0,True
7,tail_base,664.42,300.372,0.0808885956521737,-0.1975112686956523,0.0090999999999999,0.9083,True
7,tail_tip,636.856,287.936,-0.0106356052173913,-0.2437799791304348,-0.0346999999999998,0.9631,True
7,withers,776.692,290.494,0.3853525773913043,-0.1959464799999999,0.4454000000000001,0.9113,True
8,occipital_protuberance,805.982,258.902,0.4499194691304347,-0.2740415134782609,0.4561999999999998,0.9864,True
8,tail_base,664.272,300.406,0.0803983617391306,-0.1973986473913043,0.0090999999999999,0.8997,True
8,tail_tip,637.106,288.12,-0.0097854947826087,-0.2430481565217391,-0.0333000000000001,0.9576,True
8,withers,776.78,290.4,0.3843815347826086,-0.1955911304347826,0.4535999999999999,0.9298,True
9,occipital_protuberance,806.212,258.66400000000004,0.4502177217391304,-0.2744883826086955,0.458,0.9884,True
9,tail_base,664.1940000000001,300.47,0.0801031782608698,-0.1970960652173913,0.0105,0.9036,True
9,tail_tip,637.0360000000001,288.48,-0.0100602026086954,-0.2427482086956521,-0.0450999999999999,0.9563,True
9,withers,776.926,290.37800000000004,0.3872029147826088,-0.1968789078260868,0.4374,0.9361,True
10,occipital_protuberance,806.4060000000001,258.43,0.4505623326086958,-0.2750118152173912,0.459,0.9914,True
10,tail_base,664.048,300.496,0.0795100069565217,-0.1967383339130435,0.0146999999999998,0.8997,True
10,tail_tip,636.76,288.832,-0.0110068434782609,-0.2417700730434782,-0.0479,0.9813,True
10,withers,777.3240000000001,290.51,0.3883283895652176,-0.1965056347826087,0.4374,0.9399,True
11,occipital_protuberance,806.3979999999999,258.04,0.4505406717391302,-0.2760677826086956,0.459,0.9925,True
11,tail_base,664.006,300.474,0.0792980804347825,-0.1966299065217391,0.0175,0.8908,True
11,tail_tip,636.5219999999999,289.274,-0.0117934443478263,-0.2398226408695651,-0.0420999999999999,1.0,True
11,withers,777.5440000000001,290.63199999999995,0.3915817878260872,-0.1974876800000001,0.4198000000000002,0.9371,True
12,occipital_protuberance,806.1659999999999,257.48400000000004,0.4500931217391303,-0.2776846434782608,0.458,0.9757,True
12,tail_base,663.962,300.53000000000003,0.0791892008695651,-0.1965354217391303,0.0160999999999999,0.9045,True
12,tail_tip,636.238,289.764,-0.0126828469565215,-0.236786932173913,-0.0240999999999999,1.0,True
12,withers,777.754,290.756,0.3907721621739131,-0.1964271643478261,0.4291999999999998,0.9527,True
13,occipital_protuberance,805.6959999999999,256.754,0.4488200347826085,-0.2796619913043477,0.4515,0.9693,True
13,tail_base,663.908,300.55,0.0790471243478261,-0.1965597934782608,0.0146999999999998,0.8931,True
13,tail_tip,635.994,290.064,-0.0135185082608694,-0.2360035930434784,-0.0270999999999999,1.0,True
13,withers,778.0,290.82,0.39162,-0.1963208086956522,0.4281999999999998,0.9528,True
14,occipital_protuberance,805.198,255.96600000000004,0.447471104347826,-0.2817964434782607,0.4515,0.9626,True
14,tail_base,663.88,300.562,0.0789545478260869,-0.1965201178260869,0.0146999999999998,0.8958,True
14,tail_tip,635.914,290.264,-0.0137360660869565,-0.2344342399999999,-0.0153000000000001,1.0,True
14,withers,778.21,290.84000000000003,0.3906836152173914,-0.1954972782608694,0.4349,0.9487,True
15,occipital_protuberance,804.62,255.146,0.4465854304347826,-0.2844506665217391,0.4446999999999998,0.9823,True
15,tail_base,663.9399999999999,300.55799999999994,0.0790436347826085,-0.1962619773913045,0.0189,0.8999,True
15,tail_tip,635.962,290.462,-0.0135624130434782,-0.2335569782608696,-0.0125,1.0,True
15,withers,778.118,290.656,0.3915044786956523,-0.1965600904347826,0.4276999999999998,0.9469,True
16,occipital_protuberance,804.176,254.396,0.4455593878260871,-0.2866000730434783,0.4436999999999998,0.9971,True
16,tail_base,663.888,300.6,0.0787628904347827,-0.1958521304347825,0.0230999999999999,0.8958,True
16,tail_tip,635.938,290.588,-0.0136492030434783,-0.2332394095652173,-0.0139,1.0,True
16,withers,777.992,290.314,0.3885074765217389,-0.1961963882608695,0.4488000000000002,0.9409,True
17,occipital_protuberance,804.03,253.75,0.4456623782608695,-0.2886766304347826,0.4279000000000001,1.0,True
17,tail_base,663.892,300.568,0.0787760791304349,-0.19595764,0.0230999999999999,0.8948,True
17,tail_tip,636.094,290.524,-0.0131436899999998,-0.23378674,-0.0183000000000001,1.0,True
17,withers,777.744,289.95,0.3882883582608696,-0.1974648586956522,0.4455999999999999,0.9278,True
18,occipital_protuberance,804.12,253.2,0.4462280086956522,-0.2903799130434783,0.4260999999999999,1.0,True
18,tail_base,663.786,300.522,0.0784627747826085,-0.19619982,0.0216999999999998,0.899,True
18,tail_tip,636.1740000000001,290.418,-0.0128437156521736,-0.2335837486956521,-0.0109,1.0,True
18,withers,777.3720000000001,289.62600000000003,0.3886134426086958,-0.199081926521739,0.4364,0.915,True
19,occipital_protuberance,804.244,252.82,0.4472435530434783,-0.2918558,0.4223000000000002,0.993,True
19,tail_base,663.6959999999999,300.446,0.0781658921739127,-0.1964505208695651,0.0216999999999998,0.9028,True
19,tail_tip,636.23,290.28000000000003,-0.0126680195652173,-0.234274356521739,-0.0174,1.0,True
19,withers,777.024,289.258,0.3876289808695651,-0.2001229665217391,0.4364,0.9027,True
20,occipital_protuberance,804.546,252.544,0.4484236208695653,-0.2928409599999999,0.4173000000000001,1.0,True
20,tail_base,663.4939999999999,300.358,0.0777140660869562,-0.1972853634782608,0.0133000000000001,0.9076,True
20,tail_tip,636.238,290.088,-0.0126525873913041,-0.2351322939130433,-0.0166999999999998,1.0,True
20,withers,776.8,288.858,0.3851812173913043,-0.2003111269565217,0.4485999999999999,0.8929,True
21,occipital_protuberance,804.9559999999999,252.276,0.4495409599999996,-0.2935713182608694,0.4173000000000001,0.9964,True
21,tail_base,663.2819999999999,300.278,0.0771545234782606,-0.1979135147826086,0.0111999999999998,0.9085,True
21,tail_tip,636.198,289.826,-0.0127986891304348,-0.2362270413043477,-0.0195,1.0,True
21,withers,776.446,288.37,0.3852226526086957,-0.2022301760869565,0.4415999999999999,0.8804,True
22,occipital_protuberance,805.566,252.11400000000003,0.4512033426086956,-0.2940128034782607,0.4138000000000001,0.99,True
22,tail_base,662.942,300.288,0.0759928813043478,-0.1977895095652173,0.0125999999999999,0.913,True
22,tail_tip,636.18,289.68999999999994,-0.0128352000000001,-0.2362416000000001,-0.0136999999999998,1.0,True
22,withers,776.086,287.766,0.3819579013043478,-0.2027419943478261,0.4568000000000002,0.8766,True
23,occipital_protuberance,806.6279999999999,252.104,0.4535903947826085,-0.2937116765217392,0.4165999999999999,0.9749,True
23,tail_base,662.54,300.31800000000004,0.0745926999999998,-0.1975084969565216,0.0154,0.9156,True
23,tail_tip,636.358,289.73,-0.0122426621739132,-0.2362141326086957,-0.0150999999999999,1.0,True
23,withers,775.656,287.178,0.3786571826086955,-0.2032683652173913,0.4675,0.9052,True
24,occipital_protuberance,808.1659999999999,251.942,0.4563879008695651,-0.2932600156521739,0.4241999999999998,0.9453,True
24,tail_base,662.0780000000001,300.492,0.0730301843478263,-0.1968421147826086,0.0168000000000001,0.9402,True
24,tail_tip,636.49,289.86,-0.011782154347826,-0.2354416826086955,-0.0106999999999998,1.0,True
24,withers,775.15,286.508,0.3763633695652173,-0.2046592434782609,0.4735,0.9351,True
25,occipital_protuberance,810.58,251.61,0.4608255782608697,-0.2928179413043479,0.4290999999999999,0.9784,True
25,tail_base,661.7180000000001,300.85,0.0718063178260872,-0.1955679021739129,0.0216999999999998,0.9469,True
25,tail_tip,636.664,290.096,-0.0111719739130435,-0.2341024173913043,-0.0035,1.0,True
25,withers,774.116,285.812,0.3754081773913043,-0.2076618886956521,0.4603000000000002,0.9482,True
26,occipital_protuberance,813.174,251.984,0.4664027578260869,-0.2909152660869565,0.4366999999999998,0.9926,True
26,tail_base,661.368,301.254,0.0705840782608697,-0.1940533630434782,0.0245,0.9493,True
26,tail_tip,636.8599999999999,290.594,-0.0105210478260872,-0.2325553647826087,-0.0085999999999999,1.0,True
26,withers,772.9739999999999,284.92,0.3731076995652172,-0.2106646869565218,0.4540999999999999,0.9894,True
27,occipital_protuberance,815.272,253.128,0.4702623965217392,-0.2867422226086956,0.4460999999999999,0.9371,True
27,tail_base,661.0740000000001,301.612,0.0696129195652176,-0.192870795652174,0.0245,0.951,True
27,tail_tip,637.058,291.346,-0.0098486647826087,-0.2298267273913043,-0.0058000000000001,1.0,True
27,withers,771.742,283.962,0.372400266521739,-0.21493959,0.4314000000000001,0.9911,True
28,occipital_protuberance,816.33,254.68400000000003,0.4709927630434784,-0.2813081939130434,0.4605999999999999,0.9561,True
28,tail_base,660.81,302.126,0.0687725260869563,-0.1912609886956522,0.0230999999999999,0.9518,True
28,tail_tip,637.214,292.402,-0.009331283043478,-0.2264092143478261,-0.0074,1.0,True
28,withers,770.2700000000001,282.49,0.3701083978260873,-0.22021265,0.4146999999999998,0.9615,True
29,occipital_protuberance,816.6859999999999,256.76,0.4715979799999997,-0.2755610260869565,0.4689000000000001,0.9331,True
29,tail_base,660.354,302.59,0.0672965186956523,-0.1898149326086957,0.0251999999999998,0.9644,True
29,tail_tip,637.6899999999999,293.934,-0.007736993478261,-0.2212780134782608,-0.0074,1.0,True
29,withers,768.91,280.736,0.3656840413043478,-0.2248512904347826,0.4151999999999998,0.9282,True
30,occipital_protuberance,816.0319999999999,259.428,0.4700437078260867,-0.2685491034782609,0.4774000000000001,0.9301,True
30,tail_base,659.77,303.2,0.065425806521739,-0.1879709565217391,0.0224,0.9454,True
30,tail_tip,638.2239999999999,295.84000000000003,-0.005973923478261,-0.2158147130434781,-0.0205999999999999,0.9551,True
30,withers,768.066,278.85,0.3618699713043479,-0.2293016739130433,0.4219000000000001,0.9164,True
31,occipital_protuberance,814.848,262.3,0.467414316521739,-0.2611775869565217,0.4940999999999999,0.9348,True
31,tail_base,659.0,304.012,0.0629065217391304,-0.1853689652173913,0.021,0.9055,True
31,tail_tip,638.754,297.832,-0.0041871017391303,-0.2089115095652174,-0.0175999999999999,0.9241,True
31,withers,767.356,277.242,0.3601683052173913,-0.234043222173913,0.4161999999999998,0.9529,True
32,occipital_protuberance,813.926,264.784,0.46460928,-0.2543509147826087,0.5124000000000001,0.8979,True
32,tail_base,658.2339999999999,304.982,0.060481385217391,-0.1824923139130433,0.0154,0.8756,True
32,tail_tip,638.78,299.728,-0.0041132565217392,-0.2032083582608695,-0.0278000000000001,0.9075,True
32,withers,766.67,275.72,0.3564108282608694,-0.2371382695652173,0.4294000000000001,0.9759,True
33,occipital_protuberance,813.356,267.52,0.4650086269565217,-0.248067547826087,0.5091999999999998,0.9689,True
33,tail_base,657.442,305.97,0.057933982173913,-0.1794618195652174,0.0111999999999998,0.8831,True
33,tail_tip,638.65,301.358,-0.0045580108695652,-0.1979932395652174,-0.0321999999999998,0.9073,True
33,withers,766.0939999999999,274.712,0.353392140869565,-0.2390288904347826,0.4395999999999999,0.9778,True
34,occipital_protuberance,812.866,270.438,0.4645585852173912,-0.24068814,0.5045999999999999,0.9363,True
34,tail_base,656.702,306.944,0.055552304347826,-0.1764688695652173,0.007,0.888,True
34,tail_tip,638.0780000000001,302.61,-0.0064863321739127,-0.1936787739130434,-0.0308000000000001,0.9177,True
34,withers,765.452,274.25,0.3532291965217392,-0.2414421739130435,0.4240999999999999,0.9732,True
35,occipital_protuberance,812.192,273.55,0.4637954086956522,-0.2328511956521739,0.5025,0.9543,True
35,tail_base,655.75,307.368,0.052433804347826,-0.1752187930434783,0.0041999999999998,0.8895,True
35,tail_tip,637.068,303.664,-0.0098394095652174,-0.189056267826087,-0.0134,0.8787,True
35,withers,764.564,274.17400000000004,0.3516766669565216,-0.2423091873913042,0.4170999999999999,0.9677,True
36,occipital_protuberance,811.2879999999999,276.218,0.4620679982608693,-0.2260110517391304,0.4916999999999998,0.9981,True
36,tail_base,654.668,306.93600000000004,0.0488763269565217,-0.176818476521739,0.0014,0.9013,True
36,tail_tip,635.506,304.502,-0.0150676004347827,-0.186075142173913,-0.0105999999999999,0.882,True
36,withers,763.55,274.386,0.3456714130434781,-0.2395330826086955,0.4405,0.9805,True
37,occipital_protuberance,810.092,278.958,0.460394672173913,-0.2193595526086957,0.4768000000000001,0.945,True
37,tail_base,653.308,305.892,0.0442635652173912,-0.1799679130434782,0.0105,0.9123,True
37,tail_tip,633.89,305.052,-0.0204087282608696,-0.1835382652173912,0.0045,0.9026,True
37,withers,762.4280000000001,274.798,0.342133030434783,-0.2381025456521739,0.4435,0.9914,True
38,occipital_protuberance,808.78,281.644,0.4573571086956521,-0.2123277260869565,0.477,0.9591,True
38,tail_base,651.788,304.004,0.03913616,-0.1859067199999999,0.0160999999999999,0.8857,True
38,tail_tip,632.044,305.17600000000004,-0.0264986686956522,-0.1825996747826085,0.0168000000000001,0.888,True
38,withers,761.4060000000001,275.376,0.341467571304348,-0.2380141982608696,0.4304000000000001,0.9855,True
39,occipital_protuberance,807.226,284.37600000000003,0.4536550552173913,-0.2051547599999999,0.5046999999999998,0.9368,True
39,tail_base,650.1700000000001,301.428,0.0337024956521741,-0.1941025147826087,0.0181999999999998,0.9154,True
39,tail_tip,630.058,304.866,-0.0332711191304348,-0.1845071295652174,0.0056999999999998,0.9135,True
39,withers,760.0319999999999,275.816,0.3392208695652172,-0.2379113043478261,0.418,0.9625,True
40,occipital_protuberance,805.4540000000001,287.02000000000004,0.449711165652174,-0.1983628130434781,0.4999,0.964,True
40,tail_base,648.544,298.334,0.0282750678260868,-0.2040742430434782,0.0224,0.8809,True
40,tail_tip,628.134,303.83000000000004,-0.0397639978260869,-0.1882305543478259,0.005,0.9413,True
40,withers,758.9359999999999,276.086,0.3332017895652172,-0.2350868952173912,0.4405999999999999,0.9788,True
41,occipital_protuberance,803.6960000000001,289.934,0.4456089808695656,-0.1907318373913042,0.5030999999999999,1.0,True
41,tail_base,647.158,295.166,0.0236774191304348,-0.2144595965217391,0.0238000000000001,0.9091,True
41,tail_tip,626.418,301.998,-0.0456207569565217,-0.1948236743478261,-0.0021999999999998,0.9452,True
41,withers,757.8799999999999,276.096,0.3317809478260866,-0.2361532799999999,0.4285999999999999,0.9866,True
42,occipital_protuberance,801.82,292.814,0.4411705695652175,-0.1831694839130434,0.4993000000000002,0.9737,True
42,tail_base,645.9219999999999,292.004,0.0196249930434779,-0.2253328313043477,0.0181999999999998,0.9921,True
42,tail_tip,625.212,299.326,-0.0497391165217391,-0.2040756800000001,0.0015999999999999,0.9495,True
42,withers,757.0640000000001,276.006,0.3310366330434784,-0.2375204243478261,0.4164000000000001,0.9944,True
43,occipital_protuberance,799.934,295.35600000000005,0.4370022708695651,-0.1766327034782607,0.4936999999999998,0.8861,True
43,tail_base,644.8779999999999,289.146,0.0161429986956519,-0.2344805308695651,0.0224,0.9375,True
43,tail_tip,624.2,295.654,-0.0530948695652172,-0.2162305365217391,0.0079,0.9158,True
43,withers,756.28,276.016,0.3278843217391303,-0.2368166226086955,0.4238000000000002,0.9883,True
44,occipital_protuberance,798.146,297.71000000000004,0.4331137626086955,-0.1705933521739129,0.4844000000000001,0.9837,True
44,tail_base,644.0959999999999,286.25200000000007,0.0135675547826083,-0.2442822339130432,0.0195999999999999,0.9417,True
44,tail_tip,623.454,291.428,-0.0553643547826088,-0.2294478747826087,0.0315999999999999,0.9396,True
44,withers,755.7760000000001,276.312,0.3249026921739132,-0.2348539982608695,0.4361999999999998,0.9902,True
45,occipital_protuberance,796.5419999999999,300.192,0.4298779443478259,-0.1642379686956521,0.4775999999999999,1.0,True
45,tail_base,643.644,283.54,0.0120869895652174,-0.253614495652174,0.0189,0.9374,True
45,tail_tip,623.1699999999998,287.23400000000004,-0.056475626086957,-0.2441773860869563,0.0228000000000001,0.8798,True
45,withers,755.1980000000001,276.886,0.3272875352173915,-0.2361341013043478,0.4076999999999998,0.9996,True
46,occipital_protuberance,795.3219999999999,302.80600000000004,0.4291952047826083,-0.1580419421739129,0.4618000000000001,0.9828,True
46,tail_base,643.074,281.184,0.0102010021739128,-0.2615491826086956,0.021,0.9005,True
46,tail_tip,623.25,283.252,-0.0561015760869565,-0.2570557469565216,0.0250999999999999,0.7903,True
46,withers,754.47,278.03000000000003,0.3261150760869565,-0.2335254021739129,0.4005,0.9857,True
47,occipital_protuberance,794.0179999999999,305.524,0.4282370043478258,-0.1514669652173912,0.446,0.9566,True
47,tail_base,642.564,278.552,0.0084773643478259,-0.2692918765217391,0.0321999999999998,0.9318,True
47,tail_tip,622.966,279.812,-0.0570009482608695,-0.2683334530434782,0.0244,0.697,True
47,withers,753.476,279.654,0.3247140408695652,-0.2299118256521739,0.3924000000000001,0.9533,True
48,occipital_protuberance,792.5219999999999,308.482,0.4265642456521737,-0.1440824065217392,0.4275,0.9841,True
48,tail_base,641.484,275.716,0.0049133304347827,-0.2790533304347825,0.028,0.9322,True
48,tail_tip,622.473,276.798,-0.058732595978261,-0.2788080932608696,0.0200999999999999,0.7107,True
48,withers,752.23,281.50199999999995,0.3212705739130435,-0.2247090573913044,0.3984000000000001,0.8752,True
49,occipital_protuberance,790.932,311.346,0.4245782782608696,-0.1368658173913043,0.409,0.9031,True
49,tail_base,639.8720000000001,272.59,-0.0004237913043475,-0.2894031086956522,0.028,0.8685,True
49,tail_tip,621.671,273.71,-0.0615077409782607,-0.2895686054347827,0.0086999999999998,0.4382,True
49,withers,750.85,283.32,0.3194648804347826,-0.2209884260869565,0.3875999999999999,0.9462,True
50,occipital_protuberance,789.322,314.346,0.4216723434782609,-0.1289229260869565,0.399,0.9898,True
50,tail_base,637.7379999999999,269.622,-0.0074857447826088,-0.299092237826087,0.0329,0.9188,True
50,tail_tip,620.3329999999999,270.386,-0.0659336175000004,-0.3004309350000002,0.0151999999999998,0.1252,True
50,withers,749.086,285.256,0.3146419669565218,-0.2155876939130435,0.3854000000000001,0.9876,True
51,occipital_protuberance,787.316,317.002,0.4153670695652174,-0.1212356652173912,0.4065,0.9958,True
51,tail_base,636.0780000000001,266.478,-0.0129673256521736,-0.3092121952173913,0.0391999999999998,0.8895,True
51,tail_tip,618.3249999999999,267.162,-0.0727691005434784,-0.311683402826087,0.0143000000000001,0.6229,True
51,withers,747.188,287.226,0.3102859582608695,-0.2106649095652173,0.3758000000000002,0.9713,True
52,occipital_protuberance,785.344,319.41,0.4098068869565218,-0.1144461521739131,0.4135,0.9006,True
52,tail_base,634.25,263.828,-0.0190375,-0.318412947826087,0.042,0.8331,True
52,tail_tip,615.757,263.876,-0.0815803301086958,-0.3234677082608696,0.0105999999999999,0.6862,True
52,withers,745.1980000000001,289.11800000000005,0.3041594347826089,-0.2049414347826085,0.379,0.9413,True
53,occipital_protuberance,783.582,321.61,0.4048388130434782,-0.1082431086956521,0.4205,0.9182,True
53,tail_base,632.95,261.274,-0.0233309021739128,-0.3267186734782608,0.0514,0.9063,True
53,tail_tip,612.978,260.824,-0.0909701504347827,-0.3338781599999999,0.0058000000000001,0.9432,True
53,withers,743.324,290.936,0.2993475973913042,-0.2000904191304348,0.3735999999999999,0.983,True
54,occipital_protuberance,781.858,323.896,0.4003171082608693,-0.1018839182608695,0.4358000000000002,0.9694,True
54,tail_base,631.9399999999999,259.342,-0.0266488130434784,-0.3328059830434783,0.0576999999999998,0.9122,True
54,tail_tip,610.25,257.978,-0.0999664673913043,-0.3428160986956521,0.0115999999999999,0.9471,True
54,withers,741.452,293.026,0.2936814852173912,-0.1938751704347825,0.3758000000000002,0.99,True
55,occipital_protuberance,780.05,325.75,0.3961588260869564,-0.0968828260869565,0.4365999999999999,0.9723,True
55,tail_base,631.3340000000001,257.83000000000004,-0.0286392460869563,-0.3376496391304346,0.0625999999999999,0.9043,True
55,tail_tip,607.568,254.758,-0.1088728139130435,-0.3532928182608696,0.0035999999999999,0.9209,True
55,withers,739.966,294.84600000000006,0.2895102286956522,-0.1886916495652172,0.3710999999999999,0.9693,True
56,occipital_protuberance,778.4100000000001,327.28200000000004,0.3939870739130438,-0.0931324982608694,0.4271999999999998,0.9277,True
56,tail_base,630.3520000000001,256.68600000000004,-0.031943269565217,-0.3420591782608694,0.057,0.9029,True
56,tail_tip,605.5319999999999,251.384,-0.1156476330434785,-0.364430292173913,-0.0058000000000001,0.9622,True
56,withers,738.8520000000001,296.25600000000003,0.2858112173913046,-0.184303304347826,0.372,0.9323,True
57,occipital_protuberance,777.036,328.69800000000004,0.3919229599999997,-0.0895237199999998,0.4148000000000001,0.9295,True
57,tail_base,629.686,255.736,-0.0341796991304346,-0.3455218295652174,0.0541999999999998,0.9119,True
57,tail_tip,604.372,248.296,-0.1193150739130436,-0.3740869826086956,-0.007,0.9582,True
57,withers,737.982,297.392,0.2830614778260869,-0.180869067826087,0.3741999999999998,0.9239,True
58,occipital_protuberance,775.844,329.85400000000004,0.3891339973913045,-0.0863551830434781,0.4175999999999999,0.9251,True
58,tail_base,629.0160000000001,255.17400000000004,-0.036450165217391,-0.3478628021739129,0.05,0.9341,True
58,tail_tip,604.0,245.71400000000003,-0.1205060869565217,-0.3825599626086955,-0.0055999999999999,0.9861,True
58,withers,737.036,298.208,0.2806660826086955,-0.1787266434782607,0.371,0.9144,True
59,occipital_protuberance,774.64,330.69,0.3867387652173912,-0.0841897891304347,0.4104000000000001,0.9507,True
59,tail_base,628.3860000000001,254.712,-0.0385761534782606,-0.3497163808695653,0.0506999999999998,0.9319,True
59,tail_tip,604.39,243.808,-0.1192547934782609,-0.3891169043478261,-0.007,0.9863,True
59,withers,736.28,298.504,0.2797352608695651,-0.1786726173913043,0.359,0.9057,True
60,occipital_protuberance,773.458,331.284,0.3834886617391303,-0.0825148017391304,0.4094000000000001,0.9569,True
60,tail_base,627.7860000000001,254.124,-0.0406062395652171,-0.3519916669565216,0.0479,0.9534,True
60,tail_tip,605.42,242.908,-0.1157001695652175,-0.3917745591304348,-0.0041999999999998,0.9756,True
60,withers,735.312,298.846,0.2769228,-0.1776789586956521,0.359,0.9383,True
61,occipital_protuberance,772.2239999999999,331.79200000000003,0.3799427895652171,-0.0810550747826086,0.4094000000000001,0.9831,True
61,tail_base,627.184,253.422,-0.042607627826087,-0.3543255117391305,0.0479,0.9534,True
61,tail_tip,606.5620000000001,242.588,-0.1120391073913039,-0.3934067730434781,-0.0050999999999999,0.9552,True
61,withers,734.282,299.126,0.2757543539130436,-0.1780432165217392,0.3411999999999998,0.9362,True
62,occipital_protuberance,770.8140000000001,332.136,0.3760618121739132,-0.0801029426086955,0.4081999999999998,0.9823,True
62,tail_base,626.5899999999999,252.348,-0.0445824195652176,-0.3578960947826086,0.0479,0.9426,True
62,tail_tip,607.424,242.538,-0.1093066434782609,-0.3941360804347826,-0.0095,0.9162,True
62,withers,733.0899999999999,299.242,0.2734822304347824,-0.1784964373913043,0.3291999999999998,0.9745,True
63,occipital_protuberance,769.2719999999999,332.27599999999995,0.373258848695652,-0.0800500365217392,0.4000999999999999,0.9601,True
63,tail_base,626.1899999999999,251.076,-0.0458702152173915,-0.3617934339130434,0.0471999999999998,0.9264,True
63,tail_tip,607.7059999999999,242.762,-0.1083112678260872,-0.3932060573913044,-0.0045999999999999,0.9272,True
63,withers,731.8120000000001,299.124,0.2697276886956525,-0.1788431008695653,0.3291999999999998,1.0,True
64,occipital_protuberance,767.6899999999999,332.392,0.3697458260869564,-0.0799431652173913,0.389,0.9563,True
64,tail_base,625.944,249.756,-0.0465803617391305,-0.3653390295652174,0.0541999999999998,0.903,True
64,tail_tip,607.242,242.794,-0.1097179360869566,-0.3925636613043478,-0.0039,0.9266,True
64,withers,730.176,299.108,0.2644901286956523,-0.1785988834782608,0.3335999999999999,1.0,True
65,occipital_protuberance,766.156,332.352,0.366044376521739,-0.0802212730434783,0.3835999999999999,1.0,True
65,tail_base,625.5719999999999,248.122,-0.0475528060869568,-0.3687352952173913,0.0673000000000001,0.8636,True
65,tail_tip,606.286,242.48999999999995,-0.1129199126086958,-0.3935818630434784,-0.0039,0.9607,True
65,withers,728.626,298.782,0.2605604399999999,-0.17998092,0.3271999999999998,0.9499,True
66,occipital_protuberance,764.5200000000001,332.152,0.3618930173913046,-0.080934763478261,0.3791999999999998,1.0,True
66,tail_base,625.16,246.586,-0.0487977913043479,-0.3729348182608697,0.0708000000000001,0.8758,True
66,tail_tip,605.212,241.728,-0.11619192,-0.39502848,0.0011999999999998,0.9659,True
66,withers,727.0020000000001,298.14,0.2551428217391306,-0.1814111739130435,0.334,0.9454,True
67,occipital_protuberance,762.846,331.828,0.3574551543478261,-0.0819743956521739,0.376,1.0,True
67,tail_base,624.49,245.124,-0.0510009260869564,-0.377742255652174,0.0668000000000001,0.8997,True
67,tail_tip,604.206,240.654,-0.1193263021739129,-0.3978632413043478,0.007,0.9267,True
67,withers,725.414,297.406,0.2499659278260869,-0.1831827017391304,0.3430999999999999,0.9355,True
68,occipital_protuberance,761.018,331.42999999999995,0.3518729891304348,-0.0830703804347827,0.378,1.0,True
68,tail_base,623.376,243.766,-0.0546134539130435,-0.3818539582608696,0.0730999999999999,0.9151,True
68,tail_tip,602.854,239.04,-0.1240111134782607,-0.4038223304347825,-0.0044,0.9265,True
68,withers,724.054,296.72400000000005,0.2459858582608695,-0.1851785895652172,0.3430999999999999,0.9322,True
69,occipital_protuberance,759.0899999999999,330.79,0.3457234478260867,-0.0847978999999999,0.3821999999999998,0.9459,True
69,tail_base,621.8100000000001,242.392,-0.0597027434782606,-0.3860099095652174,0.0724,0.907,True
69,tail_tip,601.256,236.854,-0.1292280852173914,-0.4107454517391305,-0.0015999999999999,0.9097,True
69,withers,722.792,295.892,0.2427965391304348,-0.1880036782608695,0.3375,0.9474,True
70,occipital_protuberance,756.992,330.162,0.3397854608695651,-0.0866599304347826,0.3775,0.9613,True
70,tail_base,620.1659999999999,240.84,-0.0651546900000002,-0.3914405999999999,0.0698000000000001,0.924,True
70,tail_tip,599.2,234.366,-0.1358994782608694,-0.4184704669565218,-0.0009,0.8679,True
70,withers,720.9799999999999,295.15,0.2370073347826084,-0.1897990326086957,0.3464000000000001,0.935,True
71,occipital_protuberance,754.588,329.316,0.3329279608695651,-0.0891503608695652,0.373,0.9358,True
71,tail_base,618.456,238.722,-0.0704207791304347,-0.3964208713043478,0.0848000000000001,0.8766,True
71,tail_tip,596.6220000000001,231.54,-0.1442224199999997,-0.4271015739130434,-0.0023000000000001,0.8995,True
71,withers,718.914,294.66,0.2295711191304347,-0.1900825826086957,0.3625999999999999,0.9003,True
72,occipital_protuberance,752.266,328.72200000000004,0.3267184656521738,-0.0910257795652172,0.3685999999999999,0.9016,True
72,tail_base,616.322,236.574,-0.0770770373913043,-0.4017784617391305,0.0971999999999998,0.8951,True
72,tail_tip,593.374,228.052,-0.1548084560869564,-0.4380960443478261,-0.0015999999999999,0.9867,True
72,withers,716.456,294.222,0.2223373721739131,-0.1912852839130435,0.3635999999999999,0.9572,True
73,occipital_protuberance,749.982,328.442,0.3201910747826085,-0.0918749426086956,0.3675999999999999,0.9378,True
73,tail_base,614.242,234.216,-0.0834279221739131,-0.4074034382608696,0.1081999999999998,0.8817,True
73,tail_tip,590.048,224.22,-0.1650805008695652,-0.4487233826086957,0.0055999999999999,0.8775,True
73,withers,713.8059999999999,293.908,0.2154332960869563,-0.1929168008695652,0.3535999999999999,0.9471,True
74,occipital_protuberance,747.582,328.67600000000004,0.3135781426086956,-0.0913026504347824,0.3644000000000001,0.9514,True
74,tail_base,612.088,231.924,-0.090447015652174,-0.4150219252173914,0.1033000000000001,0.8925,True
74,tail_tip,586.7520000000001,220.438,-0.175811005217391,-0.460797316521739,-0.0055999999999999,0.9669,True
74,withers,711.03,293.99,0.2079480456521738,-0.1932514499999999,0.3455999999999999,0.9697,True
75,occipital_protuberance,744.892,329.4,0.3061022191304349,-0.0892987826086957,0.3646999999999998,0.9599,True
75,tail_base,609.8,230.256,-0.0978611304347827,-0.4204269704347826,0.0963000000000001,0.9213,True
75,tail_tip,583.95,216.884,-0.184636010869565,-0.4714427713043477,-0.0125999999999999,0.9433,True
75,withers,708.378,294.492,0.2023096913043479,-0.1938182347826086,0.324,0.9931,True
76,occipital_protuberance,742.076,331.184,0.2975293495652174,-0.083992375652174,0.3714,0.9725,True
76,tail_base,607.168,229.494,-0.1068253356521739,-0.4246268047826087,0.0805999999999999,0.9359,True
76,tail_tip,581.602,213.752,-0.1920151630434783,-0.4808697826086956,-0.021,1.0,True
76,withers,705.2760000000001,295.38,0.1940400052173915,-0.1920899739130435,0.3111999999999998,0.9532,True
77,occipital_protuberance,738.7099999999999,333.418,0.2867740086956519,-0.0772264886956521,0.3801999999999998,0.9991,True
77,tail_base,604.64,229.222,-0.1150506782608696,-0.4255118100000001,0.0805999999999999,0.9985,True
77,tail_tip,580.178,211.554,-0.1962421695652174,-0.4869674217391304,-0.021,1.0,True
77,withers,702.198,296.886,0.1861072330434782,-0.188848064347826,0.2931999999999998,0.8938,True
78,occipital_protuberance,734.446,336.226,0.2742835030434783,-0.0690427969565217,0.3776999999999998,0.8788,True
78,tail_base,602.0,229.522,-0.1240865217391304,-0.4260673995652173,0.0628000000000001,0.944,True
78,tail_tip,579.548,210.548,-0.19858482,-0.49094982,-0.0251999999999998,0.9682,True
78,withers,698.472,298.796,0.1741194469565216,-0.1822548678260869,0.3064000000000001,0.9947,True
79,occipital_protuberance,729.656,339.646,0.2602557756521738,-0.059084122173913,0.3754,1.0,True
79,tail_base,599.62,230.032,-0.1318582565217391,-0.424402027826087,0.0558000000000001,0.9061,True
79,tail_tip,579.5,210.642,-0.1989266304347826,-0.4910955978260869,-0.028,0.9725,True
79,withers,694.306,301.03200000000004,0.1607811769565218,-0.1745837373913042,0.3256999999999998,0.9615,True
80,occipital_protuberance,723.946,343.394,0.243279157826087,-0.0481249099999999,0.3763000000000002,0.9605,True
80,tail_base,597.484,230.442,-0.1386483730434781,-0.4224999039130434,0.0563000000000001,0.9379,True
80,tail_tip,579.6919999999999,211.442,-0.1983870991304351,-0.4886912295652174,-0.0294,0.9914,True
80,withers,689.78,303.79200000000003,0.1456606086956521,-0.1644694956521738,0.3575,0.9437,True
81,occipital_protuberance,717.524,347.482,0.2253083382608696,-0.0363811178260868,0.3721999999999998,0.9726,True
81,tail_base,595.836,230.562,-0.1439554382608695,-0.4219116026086957,0.0576999999999998,0.9474,True
81,tail_tip,580.146,212.658,-0.1972579652173914,-0.4855879826086957,-0.035,0.9627,True
81,withers,685.144,306.898,0.1318891773913043,-0.1551386473913042,0.3651999999999998,0.9536,True
82,occipital_protuberance,710.6600000000001,352.14,0.2072488521739132,-0.0230537217391304,0.3475999999999999,0.9243,True
82,tail_base,594.878,230.36000000000004,-0.1468721099999998,-0.4219781999999998,0.0584,0.9435,True
82,tail_tip,580.558,213.698,-0.1959906117391304,-0.4823831378260869,-0.0294,0.9323,True
82,withers,680.296,310.69,0.1167970800000001,-0.1429239630434782,0.3899000000000001,0.9259,True
83,occipital_protuberance,703.552,356.908,0.1876303721739131,-0.0091287939130434,0.3298000000000002,0.9545,True
83,tail_base,594.688,229.618,-0.1472245982608696,-0.423628124347826,0.0638000000000001,0.9391,True
83,tail_tip,581.142,214.19,-0.1937067960869563,-0.4798733891304348,-0.0238000000000001,0.9117,True
83,withers,675.7860000000001,314.994,0.1036393678260871,-0.1303412895652173,0.3920999999999999,0.947,True
84,occipital_protuberance,696.634,361.872,0.1687570082608696,0.0055781530434781,0.3115999999999999,0.9579,True
84,tail_base,595.0060000000001,228.844,-0.1457218721739127,-0.4247743669565217,0.0734,0.9681,True
84,tail_tip,581.7900000000001,213.762,-0.1913970108695649,-0.480836902173913,-0.021,0.9299,True
84,withers,670.934,319.73799999999994,0.0892580395652173,-0.1161733752173914,0.4019000000000001,0.8958,True
85,occipital_protuberance,690.586,366.882,0.1517799939130435,0.0206489921739128,0.3030999999999999,0.9324,True
85,tail_base,595.492,228.318,-0.1435092730434783,-0.4245885704347827,0.0865999999999999,1.0,True
85,tail_tip,582.9460000000001,212.202,-0.1875092113043473,-0.4857413399999999,-0.0195999999999999,0.8961,True
85,withers,666.506,324.148,0.0765447182608694,-0.1035343408695651,0.3961999999999998,0.9917,True
86,occipital_protuberance,685.618,371.398,0.1374986021739132,0.0343550586956522,0.294,1.0,True
86,tail_base,596.094,228.064,-0.140680550869565,-0.4227401530434783,0.1051999999999998,1.0,True
86,tail_tip,584.35,209.962,-0.1828949347826086,-0.4931031486956522,-0.0125999999999999,0.8894,True
86,withers,662.66,328.38800000000003,0.0653839521739129,-0.0912143643478259,0.3984000000000001,0.9416,True
87,occipital_protuberance,681.406,375.218,0.1244430326086955,0.045736706521739,0.302,0.8953,True
87,tail_base,596.654,228.212,-0.1386412386956522,-0.4215210530434783,0.1104000000000001,1.0,True
87,tail_tip,586.0319999999999,207.496,-0.1776133808695655,-0.5019039252173912,-0.0098000000000001,0.9056,True
87,withers,659.292,331.814,0.0559426060869566,-0.0817332726086957,0.3851999999999998,0.9779,True
88,occipital_protuberance,678.182,378.816,0.1147037082608696,0.0565257182608694,0.2996999999999998,0.943,True
88,tail_base,596.972,228.98200000000003,-0.1371283652173913,-0.4175486695652173,0.121,1.0,True
88,tail_tip,587.644,205.052,-0.1722284765217391,-0.5097115513043479,0.0020999999999999,0.9901,True
88,withers,656.164,334.58399999999995,0.0471813104347825,-0.0741870939130436,0.3675999999999999,0.9359,True
89,occipital_protuberance,675.472,381.964,0.1061538156521738,0.0657296573913043,0.3033000000000002,0.9095,True
89,tail_base,597.0899999999999,230.138,-0.1370694652173915,-0.4148243973913043,0.1176999999999998,0.995,True
89,tail_tip,589.268,203.332,-0.1666546199999998,-0.51465438,0.0168000000000001,0.9732,True
89,withers,653.9359999999999,336.81,0.0407930956521736,-0.0678811630434782,0.36,0.9501,True
90,occipital_protuberance,673.2099999999999,384.564,0.0996805369565215,0.0737293799999999,0.2915999999999999,0.8875,True
90,tail_base,597.258,231.446,-0.1365328147826085,-0.4106461904347826,0.1176999999999998,0.954,True
90,tail_tip,590.396,202.866,-0.1631755930434784,-0.5169025408695653,0.0160999999999999,0.9663,True
90,withers,651.912,338.926,0.0348943913043479,-0.0617330760869565,0.3615,0.9867,True
91,occipital_protuberance,671.2819999999999,386.762,0.093580783043478,0.0800591047826086,0.3008000000000002,0.9822,True
91,tail_base,597.452,232.708,-0.1364588356521739,-0.4082475817391304,0.1094000000000001,0.949,True
91,tail_tip,591.146,203.45800000000003,-0.1607084191304349,-0.5149551182608695,0.0195999999999999,0.9462,True
91,withers,649.9540000000001,341.02599999999995,0.0292171539130436,-0.0556928147826088,0.3525999999999999,0.9737,True
92,occipital_protuberance,669.408,388.632,0.087757307826087,0.0854416226086956,0.3075999999999999,0.9945,True
92,tail_base,597.8259999999999,234.116,-0.1354977273913046,-0.4044433991304348,0.1041999999999998,0.9714,True
92,tail_tip,591.806,204.824,-0.1584639673913042,-0.5102254347826087,0.021,0.9222,True
92,withers,647.9979999999999,343.108,0.0233889339130432,-0.0493980834782608,0.3625999999999999,0.8819,True
93,occipital_protuberance,667.644,390.198,0.0823911391304347,0.0900031695652173,0.311,0.9783,True
93,tail_base,598.546,235.514,-0.1334728682608694,-0.400817857826087,0.1013000000000001,0.9518,True
93,tail_tip,592.62,206.432,-0.1562201,-0.5063404034782609,0.0125999999999999,0.9376,True
93,withers,645.9540000000001,345.672,0.017353321304348,-0.0417598904347825,0.3715999999999999,0.9055,True
94,occipital_protuberance,666.132,391.496,0.0778222321739128,0.0937964573913043,0.3131999999999998,0.9735,True
94,tail_base,599.6659999999999,236.922,-0.1296913465217393,-0.3957492821739131,0.1088000000000001,0.9271,True
94,tail_tip,593.6220000000001,208.182,-0.1531986326086954,-0.5014944586956523,0.007,0.9435,True
94,withers,643.778,348.162,0.0110522926086957,-0.0346312969565218,0.3615999999999999,0.9535,True
95,occipital_protuberance,664.638,392.9,0.0733730352173914,0.0979776304347825,0.3166999999999998,0.9251,True
95,tail_base,601.01,238.494,-0.1252087565217391,-0.3901927460869566,0.1125999999999999,0.9242,True
95,tail_tip,594.758,209.516,-0.1495149747826085,-0.4973169060869565,0.0090999999999999,0.9594,True
95,withers,641.368,350.93600000000004,0.0040237043478262,-0.0266599826086955,0.347,0.9224,True
96,occipital_protuberance,663.1479999999999,394.49,0.0689659434782606,0.1027577065217391,0.319,0.9626,True
96,tail_base,602.482,240.436,-0.1186547530434783,-0.3781341460869565,0.1609000000000001,0.9457,True
96,tail_tip,596.6220000000001,210.694,-0.1435528899999997,-0.4941054865217391,0.0084,1.0,True
96,withers,639.0200000000001,353.89,-0.0029029304347823,-0.0180988826086956,0.3278000000000002,0.9491,True
97,occipital_protuberance,661.8679999999999,396.39,0.0651809017391302,0.1084659326086956,0.3248000000000002,0.9872,True
97,tail_base,603.57,242.478,-0.1140179804347824,-0.3678183117391305,0.1945999999999999,1.0,True
97,tail_tip,599.162,211.286,-0.1355200152173911,-0.4935041760869565,0.0035,0.9925,True
97,withers,636.614,356.72799999999995,-0.010096168695652,-0.0097562504347827,0.3098000000000002,1.0,True
98,occipital_protuberance,661.0,398.27,0.0626210869565217,0.1141194760869566,0.3235999999999999,0.9862,True
98,tail_base,603.634,244.534,-0.1127662226086956,-0.3580450052173912,0.2211999999999998,1.0,True
98,tail_tip,601.77,211.9,-0.1269817760869565,-0.4919173695652174,0.0111999999999998,0.9813,True
98,withers,634.43,359.15600000000006,-0.0166906260869566,-0.0025290643478258,0.2961999999999998,0.9479,True
99,occipital_protuberance,660.058,400.292,0.0599123739130434,0.1203504521739131,0.319,0.9773,True
99,tail_base,602.714,246.758,-0.1143788578260867,-0.3473821439130435,0.2518000000000002,0.9758,True
99,tail_tip,604.1679999999999,212.832,-0.119234874782609,-0.4897175165217393,0.0055999999999999,0.9962,True
99,withers,632.6160000000001,361.29,-0.0220813704347823,0.0038576608695652,0.3018000000000002,0.9179,True
100,occipital_protuberance,659.2139999999999,402.28600000000006,0.0573022742028983,0.1261103344927537,0.3232666666666668,1.0,True
100,tail_base,600.902,248.874,-0.1194613891304346,-0.339538245652174,0.263,0.9437,True
100,tail_tip,606.2819999999999,214.284,-0.1123542400000002,-0.4855510539130434,0.0049,0.9558,True
100,withers,630.956,362.998,-0.0270454921739129,0.0089653234782608,0.3088000000000002,0.9537,True
101,occipital_protuberance,658.31,404.246,0.0548742739130433,0.1326033382608694,0.3098000000000002,0.9907,True
101,tail_base,598.55,250.844,-0.1272334782608697,-0.3350614608695652,0.25,0.9795,True
101,tail_tip,607.0840000000001,216.004,-0.1096317469565215,-0.4796005904347826,0.0063000000000001,0.8979,True
101,withers,629.4559999999999,364.506,-0.0313225565217394,0.013385758695652,0.334,0.9703,True
102,occipital_protuberance,657.476,406.064,0.0527471269565217,0.1390331686956522,0.2831999999999998,0.9454,False
102,tail_base,595.848,252.686,-0.135239495652174,-0.3287074478260871,0.2525,1.0,True
102,tail_tip,606.43,218.948,-0.1116056543478262,-0.4689365730434782,0.0119,0.9104,True
102,withers,628.052,365.968,-0.0355219234782608,0.0177431234782609,0.3388000000000001,0.9729,True
103,occipital_protuberance,656.366,407.706,0.0495178234782608,0.1443417626086957,0.2729000000000001,0.9281,False
103,tail_base,593.41,254.53000000000003,-0.1430211717391305,-0.3237699717391303,0.2498000000000002,0.9328,True
103,tail_tip,604.946,222.612,-0.1163259369565216,-0.4559190913043478,0.014,0.9738,True
103,withers,626.806,367.24,-0.0390485034782607,0.0214272521739129,0.3511999999999998,0.9101,True
104,occipital_protuberance,655.322,408.78,0.0460759186956521,0.1466899434782609,0.2864000000000001,0.929,True
104,tail_base,591.322,256.298,-0.1493038917391304,-0.3180720691304348,0.2486999999999998,0.9449,True
104,tail_tip,602.7700000000001,226.332,-0.1233769826086953,-0.4429641286956521,0.0181999999999998,1.0,True
104,withers,625.578,368.572,-0.0428960443478261,0.0254961095652174,0.3410999999999999,0.9125,True
105,occipital_protuberance,654.212,409.578,0.0424856411594202,0.1482094791304347,0.3062333333333331,0.9891,True
105,tail_base,589.428,258.076,-0.1554539304347826,-0.3133055130434781,0.239,0.9871,True
105,tail_tip,600.014,230.316,-0.1322667339130434,-0.4289721182608696,0.0238000000000001,0.9019,True
105,withers,624.6800000000001,369.904,-0.0453438695652172,0.0293136869565217,0.358,0.9268,True
106,occipital_protuberance,652.932,410.034,0.0383152669565217,0.1482420404347826,0.3306999999999998,1.0,True
106,tail_base,587.484,259.91,-0.1625712695652172,-0.3098438260869566,0.219,0.9977,True
106,tail_tip,597.1800000000001,234.264,-0.141641113043478,-0.4159128208695652,0.0168000000000001,0.9766,True
106,withers,623.722,371.092,-0.0484801304347826,0.0330348695652173,0.341,0.9579,True
107,occipital_protuberance,651.616,410.308,0.0340727582608695,0.1475664878260869,0.3544000000000001,1.0,True
107,tail_base,585.84,261.64400000000006,-0.169179356521739,-0.3072342095652172,0.1931999999999998,0.9728,True
107,tail_tip,594.472,237.606,-0.1505294243478261,-0.4046718143478261,0.0111999999999998,0.9402,True
107,withers,622.784,372.374,-0.0510604104347826,0.0366996699999999,0.3559000000000001,0.9629,True
108,occipital_protuberance,650.1320000000001,410.842,0.0295568060869567,0.1483149560869565,0.3726999999999998,1.0,True
108,tail_base,584.48,263.333,-0.1742664173913042,-0.3034187998913044,0.1793000000000001,0.9077,True
108,tail_tip,591.938,240.302,-0.1592732886956522,-0.3966687634782609,0.0041999999999998,0.9013,True
108,withers,621.7139999999999,373.84,-0.0542100395652175,0.0410295826086957,0.3570999999999999,0.9666,True
109,occipital_protuberance,648.438,411.646,0.0245857639130434,0.1504807256521739,0.3794,0.9821,True
109,tail_base,583.262,264.803,-0.1797916210869567,-0.3016606675,0.1516999999999998,0.929,True
109,tail_tip,589.9660000000001,242.558,-0.165884463913043,-0.3893712917391304,0.0028000000000001,1.0,True
109,withers,620.402,375.412,-0.0577629747826085,0.0454251947826086,0.3694000000000001,0.9456,True
110,occipital_protuberance,646.564,412.628,0.0190712739130433,0.1529072217391305,0.3905,0.9672,True
110,tail_base,582.71,266.213,-0.1819268858695651,-0.2978246961956522,0.1455,0.9552,False
110,tail_tip,588.71,244.334,-0.1700486499999998,-0.3834830795652173,0.0028000000000001,1.0,True
110,withers,618.67,376.82,-0.0628910413043479,0.049593404347826,0.3684000000000001,0.9736,True
111,occipital_protuberance,644.564,414.0100000000001,0.0132494904347825,0.1567933782608697,0.3961999999999998,0.9984,True
111,tail_base,582.648,267.633,-0.1811762147826086,-0.2917893609782609,0.1606999999999998,0.9471,True
111,tail_tip,588.178,245.8,-0.1718913208695652,-0.3787964347826086,0.0014,1.0,True
111,withers,616.716,378.154,-0.0681968113043477,0.0531714873913043,0.3864000000000001,0.9789,True
112,occipital_protuberance,642.202,415.778,0.0064078199999999,0.1623139799999998,0.3898000000000002,0.9672,True
112,tail_base,582.9,269.045,-0.1795236413043479,-0.2859644972826088,0.178,0.9138,True
112,tail_tip,588.182,246.872,-0.1720357599999999,-0.3755849599999999,0.0020999999999999,0.9702,True
112,withers,614.27,379.708,-0.0755846717391304,0.0578943921739129,0.3784,0.9467,True
113,occipital_protuberance,639.832,417.564,-0.0004882956521739,0.1673110173913043,0.393,0.9332,True
113,tail_base,583.3280000000001,270.59,-0.1767180799999997,-0.2788037043478261,0.2051999999999998,0.889,True
113,tail_tip,588.726,247.72,-0.1699175773913043,-0.3720861565217392,0.0076999999999998,0.9488,True
113,withers,611.4799999999999,381.4740000000001,-0.0839914000000002,0.0632409300000001,0.3715999999999999,0.9629,True
114,occipital_protuberance,637.1659999999999,419.526,-0.0082604939130436,0.1735053495652174,0.3924000000000001,1.0,True
114,tail_base,583.8340000000001,272.184,-0.1735285199999998,-0.2713132591304347,0.2315999999999999,0.8829,True
114,tail_tip,589.552,248.382,-0.1671802852173912,-0.3698923460869565,0.0111999999999998,0.9539,True
114,withers,608.6299999999999,383.172,-0.0927665456521742,0.0685236339130435,0.3604000000000001,0.9118,True
115,occipital_protuberance,634.354,421.626,-0.0165170047826085,0.1802828439130435,0.3860999999999999,1.0,True
115,tail_base,584.0,273.622,-0.1720417391304348,-0.2653682382608695,0.2475999999999999,0.9266,True
115,tail_tip,590.4,249.0,-0.1645210434782609,-0.3681821739130435,0.0084,0.9585,True
115,withers,605.874,385.076,-0.1019032034782607,0.0748791165217391,0.3448000000000001,0.9709,True
116,occipital_protuberance,631.824,423.758,-0.0239663443478262,0.1868941026086956,0.3841999999999998,0.9259,True
116,tail_base,584.238,274.846,-0.1711650956521737,-0.2613857565217391,0.25,0.9403,True
116,tail_tip,591.338,249.628,-0.1613356873913044,-0.365931167826087,0.0133000000000001,0.9282,True
116,withers,603.342,387.104,-0.11070716,0.0818540799999999,0.3135999999999999,1.0,True
117,occipital_protuberance,629.766,425.89,-0.0300123173913044,0.1932295869565218,0.383,1.0,True
117,tail_base,584.1139999999999,276.11,-0.1713999321739132,-0.2572869826086956,0.2524,0.9431,True
117,tail_tip,592.1600000000001,250.316,-0.1589015999999997,-0.3643177904347827,0.0111999999999998,0.9377,True
117,withers,601.3520000000001,389.068,-0.1175739373913041,0.0884299113043479,0.2931999999999998,0.9786,True
118,occipital_protuberance,627.9100000000001,427.917,-0.0356260760869562,0.2001336815217392,0.37,1.0,True
118,tail_base,583.678,277.3,-0.1729942473913043,-0.2540148478260869,0.2481999999999998,0.9495,True
118,tail_tip,592.7560000000001,251.72600000000003,-0.1569938660869562,-0.3597992095652173,0.0098000000000001,0.9419,True
118,withers,599.8040000000001,390.806,-0.1232007399999997,0.0944203899999999,0.2681999999999998,0.9295,True
119,occipital_protuberance,626.422,429.83900000000006,-0.0402823839130434,0.2071940941304349,0.3480999999999999,0.9825,True
119,tail_base,583.028,278.5,-0.1752136704347825,-0.2506479347826087,0.2445999999999999,0.9537,True
119,tail_tip,592.886,253.54,-0.1567769560869566,-0.3542572217391303,0.0055999999999999,0.9341,True
119,withers,598.44,392.382,-0.1282306695652172,0.0999125491304346,0.2494000000000001,0.9192,True
120,occipital_protuberance,625.402,431.537,-0.0435242543478259,0.2132891206521738,0.331,0.9199,False
120,tail_base,582.508,279.802,-0.1771128547826085,-0.2470621430434781,0.2398000000000001,0.9186,False
120,tail_tip,592.6859999999999,255.78000000000003,-0.1572984786956524,-0.3464861869565216,0.0154,0.8896,True
120,withers,597.292,393.69,-0.1318841608695651,0.1040361847826086,0.247,0.9509,True
121,occipital_protuberance,624.642,432.943,-0.0461507899999998,0.2191937150000001,0.3059000000000001,0.9339,True
121,tail_base,581.68,281.098,-0.1796636347826088,-0.2430696178260868,0.2328000000000001,0.9416,True
121,tail_tip,592.268,258.142,-0.1581070617391303,-0.3373935534782609,0.0265999999999999,0.9428,True
121,withers,596.1980000000001,394.66,-0.135205347391304,0.1069863782608694,0.2481999999999998,0.9612,True
122,occipital_protuberance,624.03,433.763,-0.0483717413043479,0.223421712826087,0.2839000000000001,0.9487,True
122,tail_base,580.972,282.346,-0.1812287921739131,-0.2384146613043478,0.2424000000000001,0.9616,True
122,tail_tip,591.854,260.622,-0.158892266521739,-0.3279690039130434,0.0378000000000001,0.9633,True
122,withers,595.332,395.424,-0.1378784634782609,0.1093446469565216,0.2521999999999998,0.9575,True
123,occipital_protuberance,623.85,434.41399999999993,-0.0490889782608695,0.2261862060869563,0.2705999999999999,0.9554,True
123,tail_base,580.4399999999999,283.466,-0.1828233043478262,-0.234926104347826,0.243,0.969,True
123,tail_tip,591.222,262.57,-0.1603841847826087,-0.3203540760869565,0.049,0.9356,True
123,withers,594.452,396.054,-0.1409611582608695,0.1115792921739129,0.2448000000000001,0.9616,True
124,occipital_protuberance,624.17,434.688,-0.0482195565217392,0.2275061426086956,0.2610999999999999,0.9703,True
124,tail_base,579.9540000000001,284.446,-0.1844717547826085,-0.2321150278260868,0.2405999999999999,0.967,True
124,tail_tip,590.698,264.03000000000003,-0.1615819460869565,-0.3145312434782607,0.0588000000000001,0.9763,True
124,withers,593.778,396.64,-0.1432279104347825,0.1135362086956521,0.2411999999999998,0.9654,True
125,occipital_protuberance,624.6479999999999,434.778,-0.0470472052173915,0.2291620578260868,0.2440999999999999,0.9927,True
125,tail_base,579.402,285.326,-0.1857723904347825,-0.2289245104347825,0.2465999999999999,0.9599,True
125,tail_tip,590.4480000000001,264.844,-0.1618088243478257,-0.310725712173913,0.0698000000000001,1.0,True
125,withers,593.394,397.312,-0.1445393904347826,0.1157158678260869,0.2388000000000001,0.9562,True
126,occipital_protuberance,625.258,434.72800000000007,-0.0450848817391303,0.2285377182608697,0.2499000000000001,1.0,True
126,tail_base,578.992,286.15,-0.1849072904347827,-0.2238297173913044,0.2785999999999999,0.9552,True
126,tail_tip,590.258,265.14,-0.1625806456521737,-0.310047847826087,0.067,1.0,True
126,withers,593.2639999999999,397.966,-0.1451254400000003,0.1178926834782609,0.2351999999999998,0.9569,True
127,occipital_protuberance,626.018,434.684,-0.0427606034782607,0.2284031547826087,0.2499000000000001,1.0,True
127,tail_base,578.6780000000001,286.912,-0.1846458743478257,-0.2200743234782609,0.2968000000000002,0.9325,True
127,tail_tip,590.002,265.062,-0.1631891243478262,-0.3098693765217391,0.0711999999999998,1.0,True
127,withers,593.134,398.374,-0.1454578004347825,0.1191012169565218,0.2365999999999999,0.9566,True
128,occipital_protuberance,626.979,434.447,-0.0399150263043476,0.2282124232608695,0.2433000000000001,1.0,True
128,tail_base,578.352,287.772,-0.1846759652173913,-0.2163699652173913,0.311,0.9247,True
128,tail_tip,589.858,264.63199999999995,-0.1639643400000001,-0.3118533600000001,0.0655999999999999,0.9908,True
128,withers,593.28,398.676,-0.1450046608695653,0.1200385330434783,0.2365999999999999,0.9593,True
129,occipital_protuberance,628.0730000000001,434.225,-0.0366236684782605,0.2279191576086957,0.2455,1.0,True
129,tail_base,578.104,288.584,-0.1836831078260868,-0.2119347426086956,0.3368000000000001,0.9385,True
129,tail_tip,589.7940000000001,264.178,-0.1644792217391301,-0.313921204347826,0.06,0.9793,True
129,withers,593.4300000000001,399.048,-0.1446099739130433,0.1212525286956521,0.2351999999999998,0.9577,True
130,occipital_protuberance,629.751,434.183,-0.0314020447826087,0.2272902613043478,0.2516999999999998,1.0,False
130,tail_base,577.938,289.3,-0.1820305443478261,-0.2073661739130434,0.3685999999999999,0.9666,True
130,tail_tip,589.664,263.734,-0.1655835547826087,-0.3166732852173914,0.0475999999999999,0.9812,True
130,withers,593.6659999999999,399.464,-0.1440080865217393,0.1226558278260867,0.2325999999999999,0.9565,True
131,occipital_protuberance,631.5469999999999,434.095,-0.0260407528260872,0.2282609228260868,0.2363000000000001,0.9771,True
131,tail_base,577.8140000000001,290.01,-0.1839083356521736,-0.2069878173913044,0.3461999999999998,0.9725,True
131,tail_tip,589.466,263.664,-0.1666193865217391,-0.3176365460869565,0.0405999999999999,0.9846,True
131,withers,593.97,400.01,-0.1431332869565216,0.124413704347826,0.2311999999999998,0.9444,True
132,occipital_protuberance,633.393,433.81500000000005,-0.0203883402173912,0.2277834619565219,0.235,1.0,True
132,tail_base,577.628,290.53000000000003,-0.1850685713043477,-0.2061295717391303,0.3406999999999998,0.9724,True
132,tail_tip,589.3779999999999,263.912,-0.1672176717391306,-0.3174037304347827,0.035,0.99,True
132,withers,594.458,400.686,-0.1416851221739131,0.1265776839130435,0.2298000000000001,0.9485,True
133,occipital_protuberance,635.246,433.562,-0.0146485208695652,0.2266669104347826,0.2391999999999998,1.0,True
133,tail_base,577.4280000000001,290.78000000000003,-0.1866277913043475,-0.2064561739130433,0.3265,0.9858,True
133,tail_tip,589.218,264.392,-0.1679007473913044,-0.3161091460869565,0.0321999999999998,0.9938,True
133,withers,595.118,401.414,-0.1396318047826085,0.1288425552173912,0.2258000000000002,0.9681,True
134,occipital_protuberance,637.3199999999999,433.2700000000001,-0.0082025478260871,0.224253984782609,0.2581999999999998,0.9695,True
134,tail_base,577.15,291.134,-0.1876892282608696,-0.2056548352173912,0.3195999999999999,0.9799,True
134,tail_tip,589.122,265.16,-0.1679084604347827,-0.3129926173913044,0.0378000000000001,1.0,True
134,withers,595.922,402.128,-0.1368334434782608,0.1307799652173912,0.232,0.977,True
135,occipital_protuberance,639.184,432.604,-0.0024848973913044,0.2210949634782608,0.2724000000000001,0.9462,True
135,tail_base,576.688,291.61,-0.1916701982608696,-0.2070432913043477,0.2818000000000001,0.966,True
135,tail_tip,588.9399999999999,266.002,-0.1683537000000002,-0.3099277534782608,0.0405999999999999,1.0,True
135,withers,596.836,402.746,-0.1339303852173912,0.1326334039130434,0.2334,0.9723,True
136,occipital_protuberance,641.164,431.79800000000006,0.0035324869565217,0.2178913217391306,0.282,0.923,True
136,tail_base,576.242,291.986,-0.1940183660869566,-0.2069695591304348,0.2709000000000001,0.9708,True
136,tail_tip,588.7499999999999,266.644,-0.1689021739130438,-0.307668904347826,0.042,1.0,True
136,withers,597.874,403.178,-0.1305356530434782,0.1337954808695652,0.2371999999999998,0.9685,True
137,occipital_protuberance,643.4440000000001,431.004,0.0104023773913045,0.2144629513043479,0.2951999999999998,0.9777,True
137,tail_base,575.812,292.372,-0.1974199617391304,-0.2080002052173914,0.2339,0.9721,True
137,tail_tip,588.4739999999999,267.324,-0.1698901830434784,-0.3055688895652174,0.0405999999999999,1.0,True
137,withers,599.014,403.472,-0.1267269299999999,0.1344135339130434,0.2399,0.9518,True
138,occipital_protuberance,645.838,429.97,0.0175876095652172,0.2107922304347825,0.3024000000000001,0.9836,True
138,tail_base,575.4240000000001,292.806,-0.1989502330434779,-0.2070159495652174,0.2290999999999999,0.9543,True
138,tail_tip,588.086,268.34000000000003,-0.1707744886956521,-0.3015215478260868,0.0475999999999999,1.0,True
138,withers,600.2286666666666,403.574,-0.1222680301932367,0.133958474637681,0.252666666666667,0.9347,False
139,occipital_protuberance,648.01,428.87,0.0241013934782608,0.2072238413043478,0.3023000000000002,0.9677,True
139,tail_base,575.154,293.05,-0.2018966113043478,-0.2084473695652174,0.1990999999999999,0.9564,True
139,tail_tip,587.4280000000001,269.42,-0.1731790252173909,-0.2983823347826086,0.0434,1.0,True
139,withers,601.604,403.492,-0.1172997799999998,0.13286806,0.2704000000000001,0.9663,True
140,occipital_protuberance,649.912,427.726,0.0296907495652175,0.2028688160869565,0.3146999999999998,1.0,True
140,tail_base,574.996,293.312,-0.2023885408695653,-0.2076316382608695,0.2025999999999999,0.9594,True
140,tail_tip,586.66,270.486,-0.1758712565217392,-0.2951432256521739,0.0405999999999999,0.9632,True
140,withers,603.008,403.274,-0.1117480069565216,0.1307251095652173,0.3018000000000002,0.9849,False
141,occipital_protuberance,651.708,426.636,0.0349967391304346,0.1991836956521738,0.317,1.0,True
141,tail_base,574.738,293.578,-0.2035465030434781,-0.2071644421739131,0.1975999999999999,0.9645,True
141,tail_tip,585.77,271.57,-0.1788057413043479,-0.2915690891304348,0.0405999999999999,0.9353,True
141,withers,604.58,402.966,-0.1062291999999998,0.1288606382608695,0.3218000000000002,0.9871,False
142,occipital_protuberance,653.308,425.386,0.0395507973913043,0.1943243491304346,0.3328000000000002,0.9912,True
142,tail_base,574.431,293.882,-0.2038839546739129,-0.2055910463043478,0.2063000000000001,0.9446,True
142,tail_tip,584.74,272.42600000000004,-0.1822018304347825,-0.2887467082608694,0.0405999999999999,0.9183,True
142,withers,606.344,402.622,-0.1008070365217389,0.1276621556521739,0.3289000000000001,0.9743,True
143,occipital_protuberance,654.654,424.136,0.0433153126086956,0.1895776504347825,0.3475999999999999,0.9373,True
143,tail_base,574.039,294.214,-0.2044145729347826,-0.2038722441304347,0.2089,0.938,True
143,tail_tip,583.908,272.898,-0.1857132956521738,-0.2883833608695651,0.028,0.9147,True
143,withers,608.0093333333333,402.134,-0.0955153216425121,0.1258005218840578,0.3376333333333332,0.9351,True
144,occipital_protuberance,655.802,422.86800000000005,0.0465162786956522,0.1850642582608697,0.3553000000000001,0.949,True
144,tail_base,573.539,294.648,-0.2051549933695652,-0.2017316791304348,0.2200999999999999,0.9516,False
144,tail_tip,583.102,272.962,-0.1884684404347826,-0.2883039143478261,0.0265999999999999,0.9249,True
144,withers,609.53,401.604,-0.0906085065217392,0.1237176339130434,0.3451999999999998,0.9593,True
145,occipital_protuberance,657.046,421.712,0.0501152400000001,0.1814332799999999,0.3551999999999998,1.0,True
145,tail_base,572.885,295.08000000000004,-0.2053791951086956,-0.198662256521739,0.2446999999999998,0.9434,True
145,tail_tip,582.312,272.954,-0.1910852295652173,-0.2883304134782608,0.0265999999999999,0.9277,True
145,withers,610.888,401.046,-0.0868170469565216,0.1224063104347825,0.3409000000000001,0.9451,True
146,occipital_protuberance,658.182,420.61,0.0531428239130435,0.1771524891304348,0.3675,1.0,True
146,tail_base,572.067,295.52,-0.2055194770652173,-0.1950730260869566,0.2661999999999998,0.9266,True
146,tail_tip,581.534,272.826,-0.19366227,-0.2887543995652175,0.0195999999999999,0.9343,True
146,withers,612.0600000000001,400.628,-0.0837106695652172,0.1217250208695651,0.3280999999999999,0.9249,True
147,occipital_protuberance,659.23,419.75200000000007,0.0560930739130435,0.1742939860869567,0.3799,1.0,True
147,tail_base,570.966,296.074,-0.2075972439130434,-0.1922365995652175,0.2829000000000001,0.9504,True
147,tail_tip,580.52,272.83399999999995,-0.1970210347826087,-0.2887279004347828,0.0195999999999999,0.9278,True
147,withers,613.062,400.106,-0.080163974347826,0.1193502247826086,0.3466999999999998,0.9123,True
148,occipital_protuberance,660.1980000000001,419.014,0.0587981343478263,0.1717948856521739,0.3748000000000002,1.0,True
148,tail_base,569.644,296.77200000000005,-0.2120315713043477,-0.190549948695652,0.2769000000000001,0.9269,True
148,tail_tip,579.132,272.91400000000004,-0.2018965095652175,-0.2888604756521737,0.0154,0.9205,True
148,withers,614.0219999999999,399.71,-0.0771151282608697,0.1178782717391305,0.3535,0.9167,True
149,occipital_protuberance,661.2959999999999,418.36,0.0619713599999998,0.1698276,0.3793000000000002,1.0,True
149,tail_base,568.184,297.636,-0.2163378939130436,-0.1878647713043477,0.2745999999999999,0.9026,True
149,tail_tip,577.648,273.32000000000005,-0.2071035234782607,-0.2879095043478259,0.0111999999999998,0.9281,True
149,withers,614.884,399.474,-0.0745562999999999,0.1171777108695651,0.3535,0.9134,True
150,occipital_protuberance,662.038,417.78,0.0640299717391304,0.1678760217391305,0.387,0.9923,True
150,tail_base,566.54,298.422,-0.2233503391304349,-0.1872238930434781,0.2488000000000002,0.9585,True
150,tail_tip,576.162,273.794,-0.2123307391304346,-0.2867286521739131,0.0035,0.9113,True
150,withers,615.6479999999999,399.304,-0.0721983860869567,0.1165278156521738,0.3569000000000001,0.9163,True
151,occipital_protuberance,662.632,417.198,0.0656229599999998,0.1658493313043477,0.3889000000000001,0.9484,True
151,tail_base,564.7760000000001,299.27,-0.2314446243478259,-0.1868503673913044,0.2154000000000001,0.9797,True
151,tail_tip,574.552,274.524,-0.2177853339130434,-0.2844306808695652,-0.0014,0.9957,True
151,withers,616.28,399.082,-0.0704484,0.1160735399999999,0.3520999999999999,0.9159,True
152,occipital_protuberance,663.034,416.7600000000001,0.0667034595652173,0.1643695565217392,0.3923000000000002,0.9481,True
152,tail_base,563.271,299.997,-0.2382435450000001,-0.1863093150000001,0.1894000000000001,0.9649,True
152,tail_tip,573.1560000000001,275.236,-0.2230409904347824,-0.282835355652174,-0.0168000000000001,1.0,True
152,withers,616.6659999999999,399.064,-0.0694186500000001,0.1162153999999999,0.344,0.9278,True
153,occipital_protuberance,663.232,416.436,0.0672768417391303,0.1634312947826086,0.3923000000000002,0.9173,True
153,tail_base,561.963,300.573,-0.243254900652174,-0.1852442941304348,0.1781999999999998,0.9338,True
153,tail_tip,572.066,276.044,-0.2266780360869564,-0.2801392704347827,-0.0203000000000001,1.0,True
153,withers,616.856,399.0220000000001,-0.0691099965217391,0.1165230852173914,0.3338000000000002,0.934,True
154,occipital_protuberance,663.2280000000001,416.23,0.0672400104347828,0.1627736260869565,0.3898000000000002,0.9119,True
154,tail_base,560.829,300.951,-0.2470995754347827,-0.1842970636956521,0.1745999999999999,0.9308,False
154,tail_tip,571.15,276.884,-0.2293154021739131,-0.2768304860869565,-0.0181999999999998,1.0,True
154,withers,617.036,398.904,-0.0685974617391305,0.1162130139130434,0.3328000000000002,0.9314,True
155,occipital_protuberance,663.3340000000001,416.11,0.0674910586956523,0.1622920760869565,0.392,0.917,True
155,tail_base,559.9559999999999,301.214,-0.2505464204347828,-0.1840065697826086,0.1663000000000001,0.9412,True
155,tail_tip,570.108,277.898,-0.2326795843478263,-0.2733282669565217,-0.0168000000000001,0.9847,True
155,withers,617.142,398.82,-0.0681963460869563,0.1158186260869565,0.3361999999999998,0.9348,True
156,occipital_protuberance,663.3,416.0559999999999,0.0673927173913042,0.1621358869565215,0.392,0.9083,True
156,tail_base,559.296,301.356,-0.2535070539130433,-0.1842122778260869,0.1560999999999999,0.9552,True
156,tail_tip,569.296,278.63,-0.2357056173913042,-0.2712628152173913,-0.021,0.9354,True
156,withers,617.156,398.728,-0.0678019852173914,0.1149463878260868,0.3504000000000001,0.9451,True
157,occipital_protuberance,663.152,415.844,0.0669948417391305,0.1615955399999998,0.3908000000000002,0.9032,True
157,tail_base,558.809,301.427,-0.2571901427173914,-0.1855427107608695,0.1316999999999998,0.9769,False
157,tail_tip,568.554,279.424,-0.2380704973913044,-0.2684932452173914,-0.0195999999999999,0.9222,True
157,withers,617.17,398.548,-0.0681971804347827,0.1151495799999999,0.3328000000000002,0.9428,True
158,occipital_protuberance,663.1780000000001,415.724,0.0669894586956525,0.1610544739130434,0.394,0.9081,True
158,tail_base,558.4010000000001,301.429,-0.2589437831521737,-0.1858674288043479,0.1265,0.9759,True
158,tail_tip,567.818,280.064,-0.2398639243478261,-0.2656308034782609,-0.0146999999999998,0.906,True
158,withers,617.2379999999999,398.592,-0.0681078626086958,0.1154739756521738,0.3281999999999998,0.9441,True
159,occipital_protuberance,662.972,415.496,0.0663091773913042,0.1601904104347825,0.3974000000000001,0.9202,True
159,tail_base,558.091,301.425,-0.2619752527173913,-0.1873444972826086,0.1035,0.9741,True
159,tail_tip,567.1220000000001,280.4,-0.2425094665217388,-0.2648776521739131,-0.0189,0.9255,True
159,withers,617.252,398.718,-0.0681500408695653,0.1159940778260869,0.3248000000000002,0.9476,True
160,occipital_protuberance,662.548,415.274,0.0652176391304348,0.1598740369565217,0.392,0.9081,True
160,tail_base,557.9060000000001,301.428,-0.263414660869565,-0.1879397217391304,0.094,0.9886,True
160,tail_tip,566.758,280.42600000000004,-0.2433863504347824,-0.2644278617391303,-0.0146999999999998,0.9525,True
160,withers,617.122,398.93,-0.0684599282608696,0.1164937934782609,0.328,0.9363,True
161,occipital_protuberance,662.1740000000001,415.032,0.064159986956522,0.1592338956521738,0.391,0.9533,True
161,tail_base,557.924,301.42,-0.2641955069565218,-0.1885639260869565,0.0845999999999999,0.9862,True
161,tail_tip,566.4559999999999,280.582,-0.2445018243478263,-0.2640303204347826,-0.0160999999999999,0.955,True
161,withers,617.0440000000001,399.17,-0.068608497391304,0.117067208695652,0.3314000000000001,0.9289,True
162,occipital_protuberance,661.762,414.878,0.0630435678260867,0.1589791799999999,0.3878000000000002,0.9715,True
162,tail_base,557.95,301.506,-0.2627918804347824,-0.1873461091304348,0.0994,0.9892,True
162,tail_tip,566.4019999999999,280.494,-0.2445693539130437,-0.2642018947826087,-0.0146999999999998,0.9424,True
162,withers,616.924,399.434,-0.068726347826087,0.1174447391304348,0.341,0.9084,True
163,occipital_protuberance,661.1879999999999,414.642,0.0613807147826083,0.1582954982608695,0.3878000000000002,0.9749,True
163,tail_base,558.132,301.622,-0.2627784826086958,-0.1873806891304349,0.093,0.9786,True
163,tail_tip,566.546,280.378,-0.2445379469565216,-0.2650720234782609,-0.0203000000000001,0.9481,True
163,withers,616.74,399.558,-0.0687585826086956,0.1169368878260869,0.3614000000000001,0.9094,True
164,occipital_protuberance,660.72,414.384,0.0601015130434783,0.157749067826087,0.3844000000000001,0.9817,True
164,tail_base,558.3979999999999,301.682,-0.2618005034782611,-0.1870993573913043,0.0944000000000001,0.974,True
164,tail_tip,566.7239999999999,280.47799999999995,-0.2440568686956524,-0.2648601221739132,-0.0216999999999998,0.9265,True
164,withers,616.472,399.614,-0.0698423565217391,0.117593297826087,0.3535,0.9087,True
165,occipital_protuberance,660.3620000000001,414.104,0.0589656960869567,0.1566781269565216,0.3888000000000002,0.9794,True
165,tail_base,558.72,301.762,-0.2597426086956521,-0.1861083913043478,0.106,0.9646,True
165,tail_tip,566.896,280.722,-0.2442627130434783,-0.2648919260869565,-0.0315,0.9255,True
165,withers,616.266,399.654,-0.0707995539130435,0.1182896060869565,0.3400999999999999,0.9049,True
166,occipital_protuberance,660.208,413.7600000000001,0.058471408695652,0.1555533913043479,0.391,0.9884,True
166,tail_base,559.0060000000001,301.88199999999995,-0.2572087721739127,-0.1845625530434784,0.1244000000000001,0.9602,True
166,tail_tip,567.0840000000001,280.954,-0.2436345478260867,-0.2641167434782608,-0.0315,0.948,True
166,withers,616.122,399.65,-0.0712862117391305,0.1183724891304347,0.3379000000000001,0.902,True
167,occipital_protuberance,660.126,413.278,0.0581378886956521,0.1539039269565216,0.3954000000000001,0.9886,True
167,tail_base,559.1719999999999,301.954,-0.2559963330434785,-0.1838417769565217,0.1321999999999998,0.9591,True
167,tail_tip,567.14,281.306,-0.2431148130434783,-0.2625813491304348,-0.0273000000000001,0.9482,True
167,withers,615.9879999999999,399.61,-0.0714774600000001,0.1179086369565217,0.3459000000000001,0.8903,True
168,occipital_protuberance,660.142,412.696,0.0580658830434784,0.1519134034782609,0.4008000000000001,0.993,True
168,tail_base,559.21,302.12,-0.2538737934782608,-0.1818816086956521,0.155,0.9503,True
168,tail_tip,567.164,281.668,-0.2427022191304348,-0.2610158469565217,-0.0230999999999999,0.934,True
168,withers,615.838,399.544,-0.0723704426086957,0.118442876521739,0.3289000000000001,0.9087,True
169,occipital_protuberance,660.146,412.044,0.0579810639130433,0.1497848947826088,0.4051999999999998,0.9895,True
169,tail_base,559.202,302.256,-0.2549703843478261,-0.1822199791304348,0.1463000000000001,0.9589,True
169,tail_tip,567.196,281.726,-0.2423740121739129,-0.2605843556521739,-0.0203000000000001,0.9499,True
169,withers,615.798,399.462,-0.0726428291304347,0.1184460508695652,0.3230999999999999,0.9115,True
170,occipital_protuberance,660.2439999999999,411.358,0.0581046808695649,0.1474086247826087,0.4124000000000001,0.982,True
170,tail_base,559.162,302.378,-0.2564673417391303,-0.1828120582608696,0.1306999999999998,0.9513,True
170,tail_tip,567.04,281.754,-0.2426713043478262,-0.2602529999999999,-0.0175,0.9506,True
170,withers,615.868,399.16,-0.0728366713043476,0.1181950956521738,0.3076999999999998,0.9191,True
171,occipital_protuberance,659.832,410.604,0.056766944347826,0.1448484495652173,0.4195999999999999,0.9839,True
171,tail_base,559.068,302.504,-0.2579091713043479,-0.1832247530434781,0.1176999999999998,0.9558,True
171,tail_tip,566.844,281.696,-0.2433232173913042,-0.2604459130434782,-0.0175,0.9384,True
171,withers,615.818,398.784,-0.0726353682608696,0.116495332173913,0.3210999999999999,0.9191,True
172,occipital_protuberance,659.146,409.918,0.054674316521739,0.1425484452173913,0.4258000000000002,0.9854,True
172,tail_base,559.0040000000001,302.66,-0.2590287295652169,-0.1833758130434783,0.1073000000000001,0.9537,True
172,tail_tip,566.752,281.41400000000004,-0.2446483200000001,-0.2624772399999998,-0.0303000000000001,0.9651,True
172,withers,615.7620000000001,398.498,-0.0727719604347824,0.1155860604347825,0.3223000000000002,0.932,True
173,occipital_protuberance,658.45,409.376,0.0527068369565218,0.1410543513043479,0.4248000000000002,0.9618,True
173,tail_base,558.977,302.742,-0.2612375270652174,-0.1846134841304347,0.0831999999999998,0.9501,True
173,tail_tip,566.6800000000001,281.064,-0.2459248434782606,-0.2647616399999999,-0.0433000000000001,0.9675,True
173,withers,615.76,398.208,-0.072867547826087,0.1148565704347825,0.3189000000000001,0.9399,True
174,occipital_protuberance,657.652,408.994,0.0502659886956523,0.1395157404347826,0.4331999999999998,0.9147,True
174,tail_base,558.9490000000001,302.87,-0.2604820561956519,-0.1836046423913043,0.0928000000000001,0.9479,True
174,tail_tip,566.6179999999999,280.93600000000004,-0.2459094630434784,-0.2649503391304347,-0.0405,0.9372,True
174,withers,615.752,397.984,-0.073081363478261,0.1144804730434783,0.3116999999999998,0.9381,True
175,occipital_protuberance,656.682,408.804,0.0475763386956522,0.1391868860869564,0.4291999999999998,0.9204,True
175,tail_base,558.9570000000001,303.01200000000006,-0.2603330194565214,-0.1830615613043476,0.0941999999999998,0.9486,False
175,tail_tip,566.658,280.856,-0.245998634347826,-0.2654592991304348,-0.0433000000000001,0.9339,True
175,withers,615.65,397.74,-0.0730447065217392,0.1132117956521739,0.3246999999999998,0.9433,True
176,occipital_protuberance,655.912,408.774,0.0453803321739131,0.1391013273913043,0.4291999999999998,0.8985,True
176,tail_base,558.9979999999999,303.06100000000004,-0.259179986304348,-0.1821862329347824,0.1058000000000001,0.9428,True
176,tail_tip,566.64,280.968,-0.2459473739130435,-0.2649633704347827,-0.0419,0.9472,True
176,withers,615.5519999999999,397.656,-0.0740083478260872,0.113991260869565,0.2995,0.9427,True
177,occipital_protuberance,655.354,408.842,0.0439124400000001,0.1396881199999999,0.4218000000000002,0.919,True
177,tail_base,559.112,303.015,-0.2570216200000001,-0.1810698375,0.1261999999999998,0.9366,True
177,tail_tip,566.534,281.266,-0.2457277991304348,-0.2633481139130436,-0.0346999999999998,0.9643,True
177,withers,615.4100000000001,397.456,-0.0749406978260867,0.1141512313043479,0.2806999999999998,0.9593,True
178,occipital_protuberance,654.632,408.892,0.0418157113043476,0.1397248330434782,0.4238000000000002,0.9321,True
178,tail_base,559.208,303.045,-0.2549251052173914,-0.1797115972826088,0.1465999999999999,0.9469,False
178,tail_tip,566.3399999999999,281.696,-0.2455600217391307,-0.261041704347826,-0.0245,0.9811,True
178,withers,615.3599999999999,397.198,-0.074605634782609,0.1126290747826086,0.2989000000000001,0.9577,True
179,occipital_protuberance,654.088,409.018,0.0403406817391303,0.1403619773913044,0.4220999999999999,0.9346,True
179,tail_base,559.286,303.15099999999995,-0.2528892445652175,-0.1781165679347827,0.167,0.9493,True
179,tail_tip,566.1600000000001,282.11800000000005,-0.2476529391304344,-0.2612094556521737,-0.0430999999999999,0.9808,True
179,withers,615.236,396.996,-0.07478728,0.1117279199999999,0.3060999999999999,0.9645,True
180,occipital_protuberance,653.752,409.032,0.0393785530434781,0.1404020660869566,0.4220999999999999,0.9489,True
180,tail_base,559.323,303.179,-0.2513176242391305,-0.1770035911956522,0.1835999999999999,0.9413,False
180,tail_tip,566.038,282.546,-0.2481907460869564,-0.2599086834782608,-0.0446999999999998,0.9873,True
180,withers,615.1899999999999,396.874,-0.0747104608695654,0.111038836521739,0.3140999999999999,0.9595,True
181,occipital_protuberance,653.542,409.05,0.0388832034782609,0.1408374782608696,0.4149000000000001,0.9556,True
181,tail_base,559.358,303.216,-0.2507527928260871,-0.1765673791304347,0.1888000000000002,0.9299,True
181,tail_tip,565.99,282.682,-0.2483518173913043,-0.2594523147826086,-0.0446999999999998,0.9856,True
181,withers,615.142,396.722,-0.0746928860869563,0.1103416269565218,0.3235999999999999,0.9591,True
182,occipital_protuberance,653.348,409.144,0.0381723782608694,0.1405411565217391,0.4255,0.9568,True
182,tail_base,559.3720000000001,303.378,-0.2518135134782606,-0.1768391223913044,0.1761999999999998,0.9382,False
182,tail_tip,565.9300000000001,282.918,-0.2487785869565215,-0.2588949782608695,-0.051,1.0,True
182,withers,615.1179999999999,396.626,-0.0742565426086958,0.1093047234782608,0.3424000000000001,0.9587,True
183,occipital_protuberance,653.36,409.252,0.0382676869565217,0.1410748591304348,0.4213000000000002,0.9561,True
183,tail_base,559.3950000000001,303.476,-0.2525039239130432,-0.1770675739130435,0.1675,0.9408,True
183,tail_tip,565.8300000000002,283.226,-0.2495820499999994,-0.25834451,-0.0568000000000001,0.9854,True
183,withers,615.016,396.642,-0.0753484852173914,0.1105074926086956,0.3134,0.9565,True
184,occipital_protuberance,653.402,409.302,0.0384025569565218,0.1412716656521739,0.4203000000000002,0.9622,True
184,tail_base,559.383,303.528,-0.2551703304347825,-0.1787461565217392,0.1375,0.9251,True
184,tail_tip,565.754,283.39,-0.2498377899999999,-0.25779265,-0.0568000000000001,0.9944,True
184,withers,615.01,396.58,-0.0751764391304348,0.1100421826086956,0.3204000000000001,0.959,True
185,occipital_protuberance,653.384,409.264,0.038397532173913,0.1413341321739131,0.4170999999999999,0.9595,True
185,tail_base,559.384,303.59,-0.2550620139130434,-0.1784763347826088,0.1386999999999998,0.9242,True
185,tail_tip,565.6560000000001,283.36,-0.2496988695652171,-0.2574104347826086,-0.051,0.9953,True
185,withers,614.982,396.574,-0.0758317334782609,0.1108589743478261,0.2994000000000001,0.9569,True
186,occipital_protuberance,653.434,409.242,0.038465046521739,0.1409926917391304,0.4223000000000002,0.958,True
186,tail_base,559.3300000000002,303.72200000000004,-0.2565832108695647,-0.1790007430434781,0.1233000000000001,0.9242,True
186,tail_tip,565.5820000000001,283.268,-0.2499474130434778,-0.2577194347826088,-0.051,1.0,True
186,withers,615.0360000000001,396.536,-0.0757331782608693,0.110839104347826,0.297,0.954,True
187,occipital_protuberance,653.5620000000001,409.16600000000005,0.0389701121739134,0.1412774321739131,0.4129000000000001,0.9526,True
187,tail_base,559.272,303.746,-0.2582769513043477,-0.1799761126086957,0.1060999999999999,0.9262,True
187,tail_tip,565.51,283.208,-0.2498491760869566,-0.2575703843478262,-0.0468000000000001,0.9981,True
187,withers,615.1020000000001,396.446,-0.0758793613043475,0.1110731465217392,0.2841999999999998,0.9518,True
188,occipital_protuberance,653.702,409.016,0.0393098465217391,0.1406226417391303,0.4170999999999999,0.9451,True
188,tail_base,559.274,303.764,-0.2584986913043478,-0.180077452173913,0.1035,0.929,True
188,tail_tip,565.444,283.038,-0.2497139765217392,-0.2577725073913043,-0.0424,0.9866,True
188,withers,615.2,396.448,-0.074798956521739,0.1099303373913044,0.3131999999999998,0.9486,True
189,occipital_protuberance,653.926,408.9,0.0400523869565218,0.1406406521739129,0.4105,0.9377,True
189,tail_base,559.3979999999999,303.726,-0.2570327691304351,-0.1794528926086956,0.1156999999999998,0.9333,True
189,tail_tip,565.3280000000001,282.946,-0.2491609843478258,-0.2571090969565217,-0.0308000000000001,0.9963,True
189,withers,615.2560000000001,396.516,-0.0749474243478258,0.110603788695652,0.3014000000000001,0.9522,True
190,occipital_protuberance,654.208,408.772,0.0408974191304346,0.1403891417391304,0.4083000000000001,0.9234,True
190,tail_base,559.464,303.66,-0.2583804973913041,-0.1807534173913044,0.0979,0.9263,True
190,tail_tip,565.228,282.97799999999995,-0.2496084417391305,-0.2571195286956523,-0.0321999999999998,0.999,True
190,withers,615.4839999999999,396.624,-0.0742888095652176,0.1109786817391303,0.3001999999999998,0.9513,True
191,occipital_protuberance,654.6899999999999,408.486,0.042351908695652,0.1397872460869565,0.4040999999999999,0.9204,True
191,tail_base,559.5600000000001,303.564,-0.2571631826086955,-0.1804234382608696,0.1083000000000001,0.918,True
191,tail_tip,565.04,283.352,-0.2503501043478262,-0.2559876573913044,-0.0335999999999999,1.0,True
191,withers,615.622,396.718,-0.0742257104347827,0.1117983278260868,0.2868000000000001,0.9525,True
192,occipital_protuberance,655.424,408.108,0.0443808834782608,0.1384255408695652,0.4093000000000001,0.9048,True
192,tail_base,559.726,303.54,-0.2549048517391304,-0.1792850478260869,0.1280999999999999,0.9305,True
192,tail_tip,564.856,283.722,-0.2507359252173913,-0.2545197873913044,-0.0308000000000001,1.0,True
192,withers,615.836,397.00200000000007,-0.0738577913043477,0.1130974173913045,0.2725,0.946,True
193,occipital_protuberance,656.166,407.6,0.0465510513043479,0.1370673043478261,0.4073000000000001,0.9067,True
193,tail_base,559.8199999999999,303.53000000000003,-0.2557567695652176,-0.1801270239130434,0.1149,0.9331,True
193,tail_tip,564.762,284.04,-0.2528651043478263,-0.255291652173913,-0.053,0.9994,True
193,withers,615.944,397.054,-0.0737630173913044,0.1136188413043477,0.2635,0.951,True
194,occipital_protuberance,656.95,406.95200000000006,0.0487459891304349,0.1350278278260871,0.4141999999999998,0.9593,True
194,tail_base,559.894,303.604,-0.2564611004347826,-0.18055302,0.1040999999999999,0.917,True
194,tail_tip,564.8480000000001,284.272,-0.2529354921739128,-0.254874107826087,-0.0574,0.999,True
194,withers,616.062,397.104,-0.0733387465217391,0.113675363478261,0.2659000000000001,0.9365,True
195,occipital_protuberance,657.7819999999999,406.36800000000005,0.0510768621739128,0.1331870400000001,0.4174000000000001,0.9917,True
195,tail_base,559.99,303.702,-0.2554754086956521,-0.1797619617391304,0.1119000000000001,0.9165,True
195,tail_tip,564.876,284.4,-0.2521553391304348,-0.2537530434782609,-0.049,0.9955,True
195,withers,616.104,397.14,-0.0729295530434781,0.1133496652173914,0.2766999999999998,0.9474,True
196,occipital_protuberance,658.406,405.758,0.0528492278260868,0.131385144347826,0.4184000000000001,1.0,True
196,tail_base,560.112,303.912,-0.2568051860869566,-0.1802985339130435,0.0920999999999999,0.9044,True
196,tail_tip,565.0980000000001,284.39,-0.2523546078260867,-0.254739952173913,-0.0605999999999999,0.9865,True
196,withers,616.258,397.148,-0.0722376156521737,0.113026827826087,0.2853000000000001,0.9404,True
197,occipital_protuberance,658.9399999999999,405.128,0.054514260869565,0.1298901565217391,0.419,1.0,True
197,tail_base,560.1940000000001,304.088,-0.2581463863043476,-0.1808570878260871,0.0735999999999999,0.8982,True
197,tail_tip,565.408,284.308,-0.2516507060869564,-0.2553617713043478,-0.0683000000000001,0.9913,True
197,withers,616.4979999999999,396.978,-0.0711395321739132,0.1119307982608696,0.2996999999999998,0.9394,True
198,occipital_protuberance,659.6519999999999,404.548,0.0565892156521737,0.1282788713043478,0.4178000000000001,1.0,True
198,tail_base,560.3219999999999,304.22799999999995,-0.2578535971739134,-0.1804891039130436,0.0721999999999998,0.908,True
198,tail_tip,565.792,284.27200000000005,-0.2485645356521738,-0.2536558747826085,-0.0460999999999999,0.9934,True
198,withers,616.728,396.988,-0.0709796000000001,0.1128134,0.2785,0.9541,True
199,occipital_protuberance,660.432,403.996,0.0587908591304348,0.1265937078260869,0.4198000000000002,1.0,True
199,tail_base,560.4119999999999,304.312,-0.2567491578260872,-0.1796482773913043,0.0815999999999999,0.9126,False
199,tail_tip,565.998,284.416,-0.2472953791304346,-0.2525820104347826,-0.0389,0.9893,True
199,withers,616.992,396.926,-0.0702944417391305,0.1128169573913043,0.2736999999999998,0.9693,True
200,occipital_protuberance,661.3259999999999,403.366,0.0613400665217388,0.124733814347826,0.4208000000000002,1.0,True
200,tail_base,560.49,304.48,-0.2561691206521738,-0.1788769913043477,0.0854,0.8999,True
200,tail_tip,566.278,284.674,-0.248330954347826,-0.253733993478261,-0.0635,0.9846,True
200,withers,617.2760000000001,396.866,-0.0696638799999998,0.1130183330434784,0.2640999999999999,0.9645,True
201,occipital_protuberance,662.4,403.002,0.0644292173913042,0.1236868395652172,0.4208000000000002,1.0,True
201,tail_base,560.5459999999999,304.51699999999994,-0.254511889130435,-0.1777265228260871,0.1025,0.902,True
201,tail_tip,566.356,284.906,-0.2471396582608696,-0.2520056691304347,-0.0519,0.9688,True
201,withers,617.586,396.906,-0.0687135278260869,0.1131409591304348,0.2640999999999999,0.9725,True
202,occipital_protuberance,663.462,402.734,0.0672951365217391,0.1225722600000001,0.4281999999999998,0.9899,True
202,tail_base,560.5739999999998,304.529,-0.2533948397826092,-0.1769705783695652,0.1144,0.9129,True
202,tail_tip,566.434,285.09000000000003,-0.2464301073913045,-0.2509322152173912,-0.0463000000000001,0.9566,True
202,withers,617.688,396.94,-0.068633652173913,0.113630652173913,0.2545,0.9778,True
203,occipital_protuberance,664.33,402.548,0.0695890891304349,0.1216965295652174,0.4355999999999999,0.9806,True
203,tail_base,560.5739999999998,304.667,-0.2521343836956526,-0.1756522027173913,0.129,0.9177,False
203,tail_tip,566.324,285.352,-0.2466864678260871,-0.2499409773913044,-0.0449,0.9732,True
203,withers,617.95,396.938,-0.0679475543478259,0.1138252499999999,0.2495,0.9824,True
204,occipital_protuberance,665.066,402.38,0.0716942091304348,0.1212160130434782,0.4355999999999999,0.9928,True
204,tail_base,560.512,304.755,-0.2516572800000001,-0.1749044690217391,0.1368000000000001,0.9016,True
204,tail_tip,566.236,285.402,-0.2474301130434782,-0.2502276391304348,-0.0505,0.9674,True
204,withers,618.288,396.908,-0.0669626399999999,0.1138290860869565,0.2470999999999999,0.9735,True
205,occipital_protuberance,665.7940000000001,402.252,0.073540936956522,0.1204641260869563,0.444,0.9824,True
205,tail_base,560.45,304.855,-0.2528565923913042,-0.1752831777173912,0.1251999999999998,0.9146,True
205,tail_tip,566.07,285.464,-0.2476172847826085,-0.2496469895652174,-0.0459,0.9637,True
205,withers,618.61,396.916,-0.0658021499999999,0.1135648513043478,0.2543000000000002,0.9844,True
206,occipital_protuberance,666.376,401.966,0.0750798573913042,0.1194571313043478,0.4481999999999998,0.9719,True
206,tail_base,560.402,304.956,-0.254609776521739,-0.1760690034782608,0.1066999999999998,0.9185,True
206,tail_tip,565.9680000000001,285.592,-0.2485382991304345,-0.2498005965217392,-0.0530999999999999,0.9757,True
206,withers,618.8879999999999,396.934,-0.0648643252173915,0.1134757004347827,0.2579000000000001,0.9919,True
207,occipital_protuberance,666.99,401.634,0.0769508369565217,0.1187021543478259,0.4475,0.971,True
207,tail_base,560.34,305.016,-0.2560722652173912,-0.1767496539130436,0.0920999999999999,0.924,True
207,tail_tip,565.798,285.716,-0.2494477669565217,-0.2497234295652173,-0.0573000000000001,0.9679,True
207,withers,619.302,397.018,-0.0635653578260869,0.1136854969565216,0.2590999999999999,0.9943,True
208,occipital_protuberance,667.716,401.284,0.0790870034782608,0.1178029965217391,0.4453000000000002,0.9635,True
208,tail_base,560.3340000000001,304.99,-0.2560915526086955,-0.1768332326086956,0.0920999999999999,0.9204,True
208,tail_tip,565.5620000000001,285.598,-0.2500145869565213,-0.2498936739130434,-0.0545,0.9629,True
208,withers,619.674,397.028,-0.0622594217391305,0.1134183739130435,0.263,0.9956,True
209,occipital_protuberance,668.354,401.004,0.0807780804347827,0.1168168304347826,0.4495,0.9485,True
209,tail_base,560.302,305.066,-0.2556399978260869,-0.1762067760869566,0.0985,0.9167,True
209,tail_tip,565.284,285.63800000000003,-0.2501524165217391,-0.2489672091304346,-0.0446999999999998,0.961,True
209,withers,620.066,397.014,-0.0604043534782607,0.1121604665217391,0.2931999999999998,0.9976,True
210,occipital_protuberance,669.124,400.634,0.0829717434782609,0.1157627326086956,0.4495,0.9341,True
210,tail_base,560.2479999999999,305.126,-0.2554837982608697,-0.1757876660869566,0.1023000000000001,0.9106,True
210,tail_tip,565.126,285.722,-0.2491676504347826,-0.2471842660869565,-0.0225999999999999,0.9877,True
210,withers,620.4359999999999,397.042,-0.0588918930434785,0.1115044726086957,0.3115999999999999,1.0,True
211,occipital_protuberance,669.9639999999999,400.148,0.0855341921739128,0.1146050843478261,0.4443000000000002,0.9364,True
211,tail_base,560.222,305.208,-0.2537287260869565,-0.1742623826086957,0.1235,0.9263,True
211,tail_tip,565.004,285.816,-0.247845476521739,-0.2451619930434783,-0.0049,0.9823,True
211,withers,620.8259999999999,396.992,-0.0576178700000002,0.11116096,0.3164,1.0,True
212,occipital_protuberance,670.5719999999999,399.654,0.0873761052173909,0.1133328560869565,0.4410999999999999,0.8936,True
212,tail_base,560.27,305.394,-0.2534547369565217,-0.1735877256521739,0.1249000000000001,0.9358,True
212,tail_tip,564.89,285.934,-0.2483365195652174,-0.2448847378260869,-0.0063000000000001,0.973,True
212,withers,621.216,396.842,-0.0562049947826086,0.1102376713043477,0.3281999999999998,1.0,True
213,occipital_protuberance,671.0139999999999,399.082,0.0888483678260866,0.1119614339130434,0.4384,0.8985,True
213,tail_base,560.24,305.572,-0.2544517391304348,-0.173637152173913,0.1145,0.9277,True
213,tail_tip,564.972,286.216,-0.2485220947826087,-0.2444014799999999,-0.0119,0.9589,True
213,withers,621.5799999999999,396.774,-0.0547394347826089,0.1092827347826086,0.347,1.0,True
214,occipital_protuberance,671.494,398.344,0.090435705652174,0.1101056295652172,0.4321999999999998,0.9082,True
214,tail_base,560.366,305.656,-0.2546037473913044,-0.1737472191304347,0.1080999999999999,0.9227,True
214,tail_tip,565.0719999999999,286.442,-0.2500803443478264,-0.2455078204347825,-0.0350999999999999,0.9539,True
214,withers,621.96,396.746,-0.0539003826086955,0.1097906573913043,0.3321999999999998,1.0,True
215,occipital_protuberance,671.5759999999999,397.63,0.0910281165217388,0.1084807456521738,0.4183000000000001,0.9283,True
215,tail_base,560.556,305.72200000000004,-0.2540999069565216,-0.1736070030434781,0.1069,0.9283,True
215,tail_tip,565.096,286.494,-0.2500002417391304,-0.2453342647826085,-0.0350999999999999,0.9532,True
215,withers,622.3,396.53,-0.0530807608695653,0.1095502934782609,0.322,1.0,True
216,occipital_protuberance,671.4639999999999,396.952,0.0906710399999998,0.1064860243478259,0.4193000000000002,0.9413,True
216,tail_base,560.608,305.78200000000004,-0.255417871304348,-0.1744287352173912,0.0896999999999998,0.9397,True
216,tail_tip,565.112,286.494,-0.2512004000000001,-0.2465646913043477,-0.0505,0.9508,True
216,withers,622.5899999999999,396.278,-0.0523927456521741,0.1091731204347826,0.3124,0.9833,True
217,occipital_protuberance,671.344,396.27,0.090141255652174,0.1043077891304349,0.4211999999999998,0.951,True
217,tail_base,560.642,305.762,-0.2546184178260868,-0.1740214439130434,0.0976999999999998,0.9461,True
217,tail_tip,565.088,286.366,-0.2519974539130436,-0.2476983730434783,-0.0593000000000001,0.9573,True
217,withers,622.966,396.052,-0.0512612308695651,0.108493007826087,0.3124,0.98,True
218,occipital_protuberance,671.336,395.584,0.0900433147826087,0.1022498504347826,0.4234000000000001,0.9486,True
218,tail_base,560.74,305.746,-0.2537526130434782,-0.1736953604347826,0.1040999999999999,0.929,True
218,tail_tip,565.1020000000001,286.286,-0.2535297299999997,-0.2495218899999999,-0.0786999999999998,0.9604,True
218,withers,623.3199999999999,395.7360000000001,-0.0499928608695654,0.1071070069565218,0.3235999999999999,0.9739,True
219,occipital_protuberance,671.0759999999999,394.766,0.0889786947826084,0.0995441273913043,0.4258000000000002,0.9439,True
219,tail_base,560.8059999999999,305.738,-0.2538684182608698,-0.1739450982608695,0.1003000000000001,0.929,True
219,tail_tip,565.1220000000001,286.164,-0.2527295278260867,-0.2492125513043478,-0.0696999999999998,0.9689,True
219,withers,623.5640000000001,395.408,-0.0491579321739128,0.1059007095652174,0.3294000000000001,0.9538,True
220,occipital_protuberance,671.03,394.00200000000007,0.0886715978260868,0.0971644108695654,0.431,0.9245,True
220,tail_base,560.884,305.674,-0.252844416521739,-0.17361881,0.1093000000000001,0.9406,True
220,tail_tip,565.146,286.08000000000004,-0.2531041556521741,-0.2499460173913042,-0.0753000000000001,0.9571,True
220,withers,623.722,395.124,-0.0485049013043478,0.1046618843478259,0.3395999999999999,0.9464,True
221,occipital_protuberance,670.9559999999999,393.276,0.0883188139130431,0.0949378747826085,0.4281999999999998,0.9146,True
221,tail_base,561.124,305.622,-0.2514944113043477,-0.1733830708695653,0.1160999999999999,0.9443,True
221,tail_tip,565.158,286.12800000000004,-0.2529496899999999,-0.249671300869565,-0.0739,0.9545,True
221,withers,623.8039999999999,395.018,-0.0482605591304352,0.1043460273913042,0.3395999999999999,0.9359,True
222,occipital_protuberance,670.838,392.446,0.0879486352173912,0.0925345813043479,0.4291999999999998,0.8974,True
222,tail_base,561.238,305.624,-0.2510110695652172,-0.173293947826087,0.1175,0.9427,True
222,tail_tip,565.204,286.346,-0.2521926000000001,-0.2483420739130434,-0.0665,0.9638,True
222,withers,623.4820000000001,395.004,-0.0492595486956519,0.1043880156521739,0.3374000000000001,0.9478,True
223,occipital_protuberance,670.57,391.776,0.0871178543478262,0.0905546921739129,0.4311999999999998,0.8867,True
223,tail_base,561.284,305.588,-0.2498719634782608,-0.1727226139130434,0.1290999999999999,0.9523,True
223,tail_tip,565.2819999999999,286.492,-0.2502403278260872,-0.2461878799999999,-0.0456999999999998,0.9491,True
223,withers,623.174,395.036,-0.0505292095652174,0.1052146313043476,0.3181999999999998,0.9645,True
224,occipital_protuberance,670.452,391.35,0.0869536999999999,0.0895178804347826,0.426,0.9049,True
224,tail_base,561.302,305.646,-0.2491476030434782,-0.172077674347826,0.1369,0.9418,True
224,tail_tip,565.414,286.65600000000006,-0.2492145260869565,-0.2450646260869562,-0.042,0.94,True
224,withers,622.988,395.11,-0.0512578956521737,0.1057879565217391,0.309,0.9859,True
225,occipital_protuberance,670.1099999999999,390.9599999999999,0.0860098695652171,0.088437913043478,0.425,0.9131,True
225,tail_base,561.288,305.73,-0.2496368191304347,-0.1721184847826086,0.1316999999999998,0.9385,True
225,tail_tip,565.612,286.796,-0.2484397486956522,-0.2444854460869565,-0.0405999999999999,0.9345,True
225,withers,623.0440000000001,395.202,-0.0513213886956518,0.1065472708695652,0.2964000000000001,0.9783,True
226,occipital_protuberance,669.806,390.648,0.0851090891304348,0.0875133652173913,0.426,0.9121,True
226,tail_base,561.267,305.81800000000004,-0.2494295671739129,-0.1716509317391303,0.1349000000000001,0.9474,True
226,tail_tip,565.85,286.794,-0.2475320434782607,-0.2443807252173913,-0.0391999999999998,0.9444,True
226,withers,623.3480000000001,395.28,-0.0504446999999997,0.1068753913043479,0.294,0.9646,True
227,occipital_protuberance,669.4739999999999,390.43,0.0838983817391302,0.0866196565217391,0.4341999999999998,0.9302,True
227,tail_base,561.389,305.90200000000004,-0.2490430658695652,-0.1713848160869563,0.1349000000000001,0.9518,True
227,tail_tip,566.066,286.61400000000003,-0.2462484378260868,-0.2444232404347825,-0.0321999999999998,0.9385,True
227,withers,623.92,395.42,-0.0488587304347827,0.1076228999999998,0.2855999999999999,0.9436,True
228,occipital_protuberance,669.1419999999999,390.184,0.0828899843478259,0.0858537947826087,0.4361999999999998,0.9402,True
228,tail_base,561.519,305.998,-0.2496207632608695,-0.1717615786956522,0.1233000000000001,0.9522,False
228,tail_tip,566.156,286.312,-0.2456115652173914,-0.2450926956521738,-0.028,0.9417,True
228,withers,624.26,395.576,-0.0480925434782609,0.108700147826087,0.2665,0.9461,True
229,occipital_protuberance,668.856,389.906,0.0818820365217391,0.0848615256521737,0.4424,0.9506,True
229,tail_base,561.663,306.038,-0.2515639486956521,-0.1732884052173912,0.0950999999999999,0.9519,True
229,tail_tip,566.284,286.052,-0.2452980026086957,-0.246070007826087,-0.0294,0.958,True
229,withers,624.6099999999999,395.816,-0.0469261173913046,0.1092076556521738,0.2723000000000002,0.9372,True
230,occipital_protuberance,668.566,389.566,0.08074242,0.0835689417391305,0.4525999999999999,0.9471,True
230,tail_base,561.823,306.134,-0.2505063,-0.1726054000000001,0.1015,0.9547,True
230,tail_tip,566.468,285.922,-0.2444619295652175,-0.2462771421739129,-0.0265999999999999,0.961,True
230,withers,624.7639999999999,396.14,-0.0466519695652177,0.1106591086956521,0.2605,0.932,True
231,occipital_protuberance,668.208,389.166,0.079417784347826,0.0821149708695652,0.4628000000000001,0.9592,True
231,tail_base,561.926,306.144,-0.2505666221739129,-0.1728426365217391,0.0969000000000001,0.964,True
231,tail_tip,566.5559999999999,285.814,-0.2441693678260871,-0.2466361952173914,-0.0265999999999999,0.9514,True
231,withers,624.684,396.374,-0.0469801652173914,0.1115732913043479,0.2555,0.9288,True
232,occipital_protuberance,668.0060000000001,388.772,0.0786664186956524,0.0808180460869564,0.4688000000000001,0.9767,True
232,tail_base,561.9599999999999,306.152,-0.2506780521739132,-0.1729691408695654,0.0943000000000001,0.9629,True
232,tail_tip,566.6360000000001,285.716,-0.244238325217391,-0.2473011252173912,-0.0273000000000001,0.9342,True
232,withers,624.4979999999999,396.4,-0.0473316500000002,0.1111386956521738,0.2685,0.9246,True
233,occipital_protuberance,667.8340000000001,388.358,0.0778746913043479,0.079340752173913,0.479,0.9958,True
233,tail_base,562.0219999999999,306.13199999999995,-0.2504788973913045,-0.1730333843478262,0.0943000000000001,0.9582,True
233,tail_tip,566.85,285.92,-0.2443209999999999,-0.2474272000000001,-0.0408000000000001,0.9391,True
233,withers,624.622,396.404,-0.0467725213043479,0.1107235573913043,0.2793000000000001,0.9214,True
234,occipital_protuberance,667.65,387.912,0.0771495108695651,0.0778805478260868,0.486,0.9982,True
234,tail_base,562.102,306.146,-0.2488333069565218,-0.1720284078260869,0.1106999999999998,0.9593,True
234,tail_tip,567.0939999999999,286.07000000000005,-0.2429513204347828,-0.2463636891304346,-0.0338000000000001,0.9427,True
234,withers,624.558,396.342,-0.046930252173913,0.1104480782608695,0.2815,0.9294,True
235,occipital_protuberance,667.6600000000001,387.438,0.0772074782608698,0.0765878086956521,0.485,0.9996,True
235,tail_base,562.186,306.108,-0.2487679747826086,-0.1722903808695652,0.1083000000000001,0.9549,True
235,tail_tip,567.25,286.22200000000004,-0.2427635869565217,-0.2461939782608694,-0.038,0.9232,True
235,withers,624.442,396.146,-0.0470426569565217,0.1092945030434783,0.2956999999999998,0.9392,True
236,occipital_protuberance,667.8100000000001,387.046,0.0778680000000001,0.0757287999999999,0.477,0.9979,True
236,tail_base,562.266,306.184,-0.246889943478261,-0.1709242956521738,0.1275,0.9593,True
236,tail_tip,567.42,286.358,-0.2423067521739132,-0.2458522160869565,-0.0394,0.9268,True
236,withers,624.3100000000001,396.006,-0.0471143413043476,0.1081197560869564,0.3149,0.9316,True
237,occipital_protuberance,668.004,386.732,0.0786242739130435,0.075052995652174,0.47,0.9917,True
237,tail_base,562.3340000000001,306.27200000000005,-0.2449518104347824,-0.1694534399999998,0.1479000000000001,0.9619,True
237,tail_tip,567.72,286.632,-0.2419808695652173,-0.245623304347826,-0.048,0.922,True
237,withers,624.2360000000001,395.994,-0.0476004260869562,0.1086862304347827,0.2995,0.9324,True
238,occipital_protuberance,668.2940000000001,386.352,0.0795614978260872,0.0741006782608695,0.466,0.9895,True
238,tail_base,562.4100000000001,306.438,-0.2447121130434779,-0.1689298904347826,0.1479000000000001,0.9678,True
238,tail_tip,568.02,286.814,-0.2396464565217392,-0.2436616499999999,-0.031,0.9181,True
238,withers,624.174,395.9440000000001,-0.0477050686956522,0.1083477182608697,0.3043000000000002,0.9389,True
239,occipital_protuberance,668.562,386.198,0.0804703304347826,0.0738100173913044,0.461,0.9886,True
239,tail_base,562.34,306.604,-0.2437342217391303,-0.1675821852173913,0.1620999999999999,0.9655,True
239,tail_tip,568.0640000000001,287.054,-0.239390497391304,-0.2427516017391305,-0.0295999999999999,0.9374,True
239,withers,624.052,395.88,-0.0483571095652173,0.1087944,0.2914000000000001,0.9452,True
240,occipital_protuberance,668.75,386.176,0.081,0.0737480347826088,0.461,0.9849,True
240,tail_base,562.212,306.838,-0.2432904252173913,-0.166269933478261,0.1720999999999999,0.969,True
240,tail_tip,568.136,287.154,-0.2392602521739131,-0.2425296717391304,-0.031,0.9279,True
240,withers,623.914,395.97,-0.0488175130434783,0.1091611304347825,0.289,0.9348,True
241,occipital_protuberance,668.9280000000001,386.182,0.0814700521739133,0.0737364804347825,0.462,0.9924,True
241,tail_base,562.046,307.016,-0.2441146456521737,-0.165920547826087,0.1685,0.965,True
241,tail_tip,568.0,287.35,-0.2393843478260869,-0.2415454565217392,-0.0303000000000001,0.9074,True
241,withers,623.818,396.012,-0.049358617826087,0.1098444286956521,0.2748000000000001,0.9424,True
242,occipital_protuberance,669.08,386.27,0.082062495652174,0.0741327978260869,0.4568000000000002,0.9958,True
242,tail_base,561.838,307.248,-0.24464706,-0.16511376,0.1699,0.9658,True
242,tail_tip,567.7879999999999,287.592,-0.2391944008695656,-0.2398436295652174,-0.0189,0.9248,True
242,withers,623.762,396.102,-0.0494447100000001,0.1099305899999999,0.2795999999999999,0.9591,True
243,occipital_protuberance,669.164,386.596,0.0825911799999999,0.0753187156521739,0.4475999999999999,0.9911,True
243,tail_base,561.6,307.422,-0.244727304347826,-0.1641233699999999,0.1776999999999998,0.9653,True
243,tail_tip,567.446,287.696,-0.2407688717391303,-0.2399392521739129,-0.0245,0.8964,True
243,withers,623.6160000000001,396.244,-0.0499533913043475,0.1105048043478261,0.276,0.95,True
244,occipital_protuberance,669.3,386.862,0.0831737826086955,0.0762530426086955,0.4414,0.989,True
244,tail_base,561.424,307.59000000000003,-0.2452766921739131,-0.163598954347826,0.1776999999999998,0.9627,True
244,tail_tip,567.24,287.798,-0.2412310347826086,-0.239381022173913,-0.0216999999999998,0.8818,True
244,withers,623.534,396.37,-0.0500315830434782,0.1105094543478261,0.2855999999999999,0.9584,True
245,occipital_protuberance,669.4300000000001,387.192,0.0837731347826089,0.0774026191304348,0.4341999999999998,0.9871,True
245,tail_base,561.2239999999999,307.668,-0.2470997617391306,-0.164151832173913,0.1636999999999998,0.9599,True
245,tail_tip,566.958,288.024,-0.2422771382608697,-0.2387412626086956,-0.0230999999999999,0.8855,True
245,withers,623.52,396.412,-0.0503499826086957,0.111246575652174,0.2701999999999998,0.9618,True
246,occipital_protuberance,669.49,387.554,0.0840465,0.0785288999999999,0.431,0.9867,True
246,tail_base,561.05,307.75,-0.2476455543478262,-0.1638946195652174,0.1636999999999998,0.9579,True
246,tail_tip,566.966,288.284,-0.2420283252173913,-0.237660587826087,-0.0203000000000001,0.8984,True
246,withers,623.512,396.414,-0.050119935652174,0.1106906439130434,0.2844000000000001,0.9587,True
247,occipital_protuberance,669.448,387.916,0.0840228260869564,0.0796516304347825,0.428,0.9838,True
247,tail_base,560.99,307.74,-0.2489330282608695,-0.1646530826086956,0.1509000000000001,0.9604,True
247,tail_tip,566.878,288.38199999999995,-0.2422086769565216,-0.2372268404347828,-0.0189,0.9066,True
247,withers,623.574,396.394,-0.050081445652174,0.1109621413043476,0.276,0.9652,True
248,occipital_protuberance,669.408,388.194,0.0839406608695652,0.0804754826086956,0.427,0.979,True
248,tail_base,560.934,307.69,-0.2486797582608696,-0.1645263217391304,0.1559000000000001,0.9575,True
248,tail_tip,566.766,288.448,-0.2420224495652175,-0.2364638052173913,-0.0119,0.9103,True
248,withers,623.592,396.38,-0.0500479669565217,0.1109669086956521,0.2748000000000001,0.9626,True
249,occipital_protuberance,669.326,388.466,0.0836046008695652,0.0811528530434782,0.4301999999999998,0.9723,True
249,tail_base,560.9820000000001,307.62,-0.2485287878260866,-0.1647464869565217,0.1559000000000001,0.963,True
249,tail_tip,566.816,288.56,-0.2418572104347825,-0.2360936695652173,-0.0119,0.9123,True
249,withers,623.6179999999999,396.328,-0.0499294869565219,0.1107214260869566,0.277,0.9564,True
250,occipital_protuberance,669.192,388.69,0.0831908539130435,0.0817602630434781,0.4311999999999998,0.9706,True
250,tail_base,561.062,307.678,-0.2481570473913043,-0.1644844439130434,0.1573000000000002,0.9614,True
250,tail_tip,566.936,288.624,-0.2409047147826085,-0.2353390852173912,-0.0049,0.913,True
250,withers,623.7719999999999,396.222,-0.0491884791304349,0.1097920317391303,0.2924000000000001,0.9581,True
251,occipital_protuberance,669.004,388.956,0.0824596330434783,0.0823231669565217,0.4374,0.9659,True
251,tail_base,561.186,307.742,-0.2477672291304346,-0.1642832473913043,0.1573000000000002,0.967,True
251,tail_tip,567.0339999999999,288.55,-0.2405815917391308,-0.2355830760869564,-0.0049,0.9018,True
251,withers,623.838,396.266,-0.0489076173913044,0.1097440695652172,0.297,0.9565,True
252,occipital_protuberance,668.7520000000001,389.15,0.0816494295652175,0.0827796630434782,0.4404,0.9659,True
252,tail_base,561.3019999999999,307.808,-0.2468550960869568,-0.1637126886956522,0.1636999999999998,0.9675,True
252,tail_tip,567.202,288.482,-0.2399168869565217,-0.2356984521739129,-0.0035,0.9017,True
252,withers,623.8299999999999,396.386,-0.0487630956521741,0.1097275199999999,0.3065999999999999,0.9475,True
253,occipital_protuberance,668.488,389.286,0.0807758660869566,0.0830385430434782,0.4444000000000001,0.956,True
253,tail_base,561.414,307.91,-0.2466062847826087,-0.1634606847826088,0.1625,0.9681,True
253,tail_tip,567.412,288.452,-0.2391143399999998,-0.235688444347826,-0.0020999999999999,0.8955,True
253,withers,623.808,396.59,-0.0489984,0.1107245217391305,0.297,0.9489,True
254,occipital_protuberance,668.154,389.372,0.0796146156521739,0.0830589078260868,0.4514000000000001,0.9557,True
254,tail_base,561.502,307.99,-0.246210683478261,-0.1631304956521738,0.1639000000000001,0.9704,True
254,tail_tip,567.432,288.338,-0.2393797460869565,-0.2363911278260869,-0.0063000000000001,0.8831,True
254,withers,623.796,396.902,-0.0493059539130433,0.1122863682608695,0.2780999999999999,0.9409,True
255,occipital_protuberance,667.732,389.484,0.0780535226086955,0.0829846408695653,0.4635999999999999,0.9491,True
255,tail_base,561.665,307.938,-0.244788360326087,-0.1626880910869565,0.1745999999999999,0.9714,True
255,tail_tip,567.4,288.22200000000004,-0.2403849130434783,-0.2376631995652172,-0.0176999999999998,0.8817,True
255,withers,623.5959999999999,397.33,-0.0500821252173916,0.1139701130434784,0.2686999999999998,0.9454,True
256,occipital_protuberance,667.172,389.5220000000001,0.0764478313043479,0.0830595052173914,0.4645999999999999,0.9506,True
256,tail_base,561.8509999999999,307.86600000000004,-0.2434766072826091,-0.162425743695652,0.1831999999999998,0.9737,True
256,tail_tip,567.398,288.174,-0.2403915352173912,-0.2378221317391305,-0.0176999999999998,0.8768,True
256,withers,623.426,397.672,-0.0506840126086955,0.1152026139130435,0.2640999999999999,0.935,True
257,occipital_protuberance,666.396,389.56000000000006,0.0740006121739129,0.0828708173913045,0.4738000000000001,0.9454,True
257,tail_base,561.9770000000001,307.80600000000004,-0.2439490864130432,-0.1631913489130433,0.173,0.9781,False
257,tail_tip,567.434,288.188,-0.2404931891304348,-0.2379943347826087,-0.0205,0.876,True
257,withers,623.2040000000001,397.902,-0.0511912869565215,0.115518704347826,0.2735,0.9359,True
258,occipital_protuberance,665.5440000000001,389.634,0.0714676695652176,0.0829107782608696,0.479,0.9383,True
258,tail_base,562.1209999999999,307.788,-0.2455981985869569,-0.164655082173913,0.1481999999999998,0.988,True
258,tail_tip,567.614,288.396,-0.2398966456521737,-0.2373049956521738,-0.0205,0.8734,True
258,withers,623.06,398.13,-0.0515417913043479,0.1160146695652173,0.2783000000000001,0.9411,True
259,occipital_protuberance,664.732,389.802,0.0693571304347825,0.0835751739130435,0.473,0.9214,True
259,tail_base,562.2030000000001,307.728,-0.2450351814130432,-0.1646397547826086,0.1518000000000001,0.989,True
259,tail_tip,567.9359999999999,288.778,-0.2382811826086958,-0.2354970913043479,-0.0135,0.8858,True
259,withers,622.828,398.242,-0.0520236939130435,0.1158566330434783,0.2903000000000001,0.9486,True
260,occipital_protuberance,663.966,389.884,0.06739135,0.0840325086956522,0.466,0.9105,True
260,tail_base,562.27,307.764,-0.2447650108695652,-0.1644866217391304,0.156,0.9848,True
260,tail_tip,568.354,289.178,-0.2361202956521738,-0.2334046782608695,-0.0035,0.9164,True
260,withers,622.674,398.292,-0.0525128460869565,0.1160580573913042,0.2890999999999999,0.9444,True
261,occipital_protuberance,663.32,389.97,0.0655748260869566,0.0842743369565216,0.4695,0.9187,True
261,tail_base,562.24,307.874,-0.2458061217391303,-0.164774818695652,0.1413000000000001,0.9911,True
261,tail_tip,568.664,289.55600000000004,-0.2347729791304348,-0.2318373295652172,0.0006999999999998,0.9369,True
261,withers,622.566,398.312,-0.0530637899999999,0.1166100678260869,0.2773000000000001,0.9555,True
262,occipital_protuberance,662.9100000000001,390.034,0.0644219239130437,0.084454302173913,0.4695,0.9372,True
262,tail_base,562.278,307.854,-0.2440808721739129,-0.163761112173913,0.1638000000000002,0.9847,True
262,tail_tip,568.864,289.95,-0.2330477217391303,-0.2294898913043478,0.0145,0.9541,True
262,withers,622.382,398.234,-0.0539187400000001,0.1170126634782609,0.2654000000000001,0.955,True
263,occipital_protuberance,662.588,390.046,0.0634919217391303,0.0844553869565217,0.4705,0.9489,True
263,tail_base,562.264,307.86800000000005,-0.2431108904347825,-0.1630371634782607,0.1723000000000001,0.9822,True
263,tail_tip,568.972,290.15200000000004,-0.2312579034782609,-0.2274159773913042,0.0330999999999999,0.9406,True
263,withers,622.2,398.07,-0.0544060869565216,0.1163617826086956,0.269,0.9612,True
264,occipital_protuberance,662.3720000000001,389.914,0.0627875043478262,0.0839542913043479,0.4745,0.9525,True
264,tail_base,562.23,307.99,-0.2428959978260869,-0.1624407978260869,0.1760999999999999,0.9889,True
264,tail_tip,568.976,290.182,-0.22940752,-0.2255121399999999,0.0569,0.9351,True
264,withers,622.028,397.986,-0.0552131095652173,0.1166995982608695,0.2545999999999999,0.9647,True
265,occipital_protuberance,662.2560000000001,389.726,0.0624135652173915,0.0833620434782608,0.4765,0.9521,True
265,tail_base,562.1220000000001,308.048,-0.2432333099999997,-0.1622596486956521,0.1760999999999999,0.9816,True
265,tail_tip,568.888,290.082,-0.2286250799999999,-0.22478637,0.0706999999999998,0.9425,True
265,withers,621.932,397.96,-0.055460904347826,0.116520695652174,0.257,0.9642,True
266,occipital_protuberance,662.2479999999999,389.468,0.0623911304347824,0.0826385217391304,0.4765,0.9597,True
266,tail_base,561.992,308.06,-0.243113627826087,-0.1618721391304348,0.1823000000000001,0.9807,True
266,tail_tip,568.816,289.98999999999995,-0.2288565599999999,-0.2250821500000001,0.0706999999999998,0.9491,True
266,withers,621.82,397.892,-0.0557098434782607,0.1161142678260869,0.2618000000000002,0.9644,True
267,occipital_protuberance,662.2700000000001,389.216,0.0625496521739133,0.082058852173913,0.4725,0.9636,True
267,tail_base,561.8219999999999,308.136,-0.2439663456521742,-0.161849504347826,0.1785,0.9812,True
267,tail_tip,568.746,289.928,-0.22875632,-0.2249615860869565,0.0749,0.9492,True
267,withers,621.862,397.89,-0.0557743500000001,0.1165117499999999,0.252,0.9571,True
268,occipital_protuberance,662.2259999999999,388.95,0.0624019108695649,0.0812802717391304,0.4735,0.9673,True
268,tail_base,561.722,308.16,-0.243512647826087,-0.1612674782608696,0.1875,0.9726,True
268,tail_tip,568.6659999999999,289.89,-0.2291217065217393,-0.2251902717391305,0.0735,0.9398,True
268,withers,621.808,397.84,-0.0560353147826087,0.1165554260869566,0.2471999999999998,0.9649,True
269,occipital_protuberance,662.11,388.722,0.0621242934782609,0.0807025760869564,0.4715,0.971,True
269,tail_base,561.544,308.148,-0.2452432226086957,-0.1620825886956521,0.1736999999999998,0.9767,True
269,tail_tip,568.514,289.926,-0.2314592356521739,-0.2268874252173913,0.0496999999999998,0.9318,True
269,withers,621.844,397.786,-0.0558533817391302,0.1162412360869565,0.2508000000000002,0.9753,True
270,occipital_protuberance,661.966,388.444,0.0617435608695652,0.0799523739130435,0.4705,0.971,True
270,tail_base,561.3599999999999,308.156,-0.2472373217391307,-0.1629930278260869,0.1570999999999999,0.9789,True
270,tail_tip,568.37,290.062,-0.2321279152173913,-0.2266447317391304,0.0470999999999999,0.9419,True
270,withers,621.812,397.764,-0.0559518234782608,0.1161735573913043,0.2508000000000002,0.9802,True
271,occipital_protuberance,661.8839999999999,388.254,0.061608217391304,0.0795411521739131,0.4665,0.975,True
271,tail_base,561.23,308.154,-0.2481768717391303,-0.1633487126086956,0.1509000000000001,0.9612,True
271,tail_tip,568.1899999999999,290.246,-0.2330390608695654,-0.2263668939130435,0.0429,0.9374,True
271,withers,621.81,397.768,-0.0559342500000001,0.1161365999999999,0.252,0.9698,True
272,occipital_protuberance,661.7520000000001,387.922,0.0612129652173914,0.0785761499999999,0.4675,0.9813,True
272,tail_base,561.124,308.22,-0.249368188695652,-0.163703595652174,0.1409,0.9601,True
272,tail_tip,568.068,290.294,-0.2348423426086957,-0.2275749365217391,0.0249,0.9357,True
272,withers,621.7719999999999,397.834,-0.0558569321739132,0.1159365356521737,0.2618000000000002,0.959,True
273,occipital_protuberance,661.588,387.578,0.0606810521739129,0.0775181608695651,0.474,0.9811,True
273,tail_base,561.0179999999999,308.354,-0.2491710400000002,-0.1629319026086957,0.1505999999999999,0.9617,True
273,tail_tip,567.8779999999999,290.314,-0.2379085278260872,-0.2298729052173914,-0.0063000000000001,0.9297,True
273,withers,621.798,398.024,-0.0555873252173913,0.1161219895652174,0.2714000000000001,0.9559,True
274,occipital_protuberance,661.532,387.254,0.0605704521739131,0.0766666869565217,0.472,0.9903,True
274,tail_base,561.038,308.366,-0.2488847908695652,-0.1627481230434783,0.1531999999999998,0.9654,True
274,tail_tip,567.78,290.288,-0.238012,-0.229746504347826,-0.0035,0.9226,True
274,withers,621.704,398.036,-0.0557312069565218,0.1158609634782606,0.2785999999999999,0.9617,True
275,occipital_protuberance,661.56,386.968,0.0606726521739128,0.0758914695652174,0.471,0.9959,True
275,tail_base,561.066,308.372,-0.2476983239130433,-0.1620109086956523,0.166,0.964,True
275,tail_tip,567.702,290.34399999999994,-0.2384890982608696,-0.2297739443478263,-0.0063000000000001,0.9225,True
275,withers,621.7479999999999,398.114,-0.0558154095652176,0.1165542691304347,0.2675999999999999,0.9524,True
276,occipital_protuberance,661.4780000000001,386.492,0.0603485108695654,0.0744367608695652,0.475,0.992,True
276,tail_base,561.15,308.402,-0.2481032391304348,-0.1623542286956522,0.1581999999999998,0.966,True
276,tail_tip,567.872,290.37,-0.2373795200000001,-0.2291583847826086,0.0006999999999998,0.9127,True
276,withers,621.766,398.16,-0.055903065652174,0.1169935826086955,0.2604000000000001,0.9623,True
277,occipital_protuberance,661.504,386.08,0.0603514434782609,0.0731940869565218,0.478,0.9785,True
277,tail_base,561.228,308.418,-0.248303043478261,-0.1625954347826086,0.153,0.9606,True
277,tail_tip,568.146,290.546,-0.2362590760869566,-0.2283677717391304,0.0035,0.9159,True
277,withers,621.876,398.192,-0.05573524,0.1174487026086956,0.2518000000000002,0.9445,True
278,occipital_protuberance,661.6899999999999,385.66,0.0608263043478259,0.0719595652173912,0.48,0.9694,True
278,tail_base,561.274,308.378,-0.2484661017391304,-0.1629235208695652,0.1494000000000001,0.9604,True
278,tail_tip,568.486,290.73,-0.2334154773913044,-0.2260912565217391,0.0291999999999998,0.9502,True
278,withers,621.9440000000001,398.042,-0.0556909843478258,0.1173347600000001,0.2434000000000001,0.949,True
279,occipital_protuberance,661.876,385.054,0.0611814652173912,0.0700695021739129,0.487,0.9588,True
279,tail_base,561.314,308.47,-0.2496912047826088,-0.1635181326086957,0.1335999999999999,0.9645,True
279,tail_tip,568.8900000000001,290.87,-0.2324214891304344,-0.225949902173913,0.025,0.9612,True
279,withers,622.098,397.928,-0.0555740347826088,0.117741704347826,0.225,0.9351,True
280,occipital_protuberance,662.054,384.446,0.0616313413043477,0.0683159413043479,0.489,0.9404,True
280,tail_base,561.394,308.5,-0.25075314,-0.164285,0.1181999999999998,0.963,True
280,tail_tip,569.1740000000001,290.856,-0.2309697447826084,-0.2254845965217391,0.0318000000000001,0.9611,True
280,withers,622.07,397.646,-0.0556102847826085,0.1167598873913044,0.2275999999999999,0.9402,True
281,occipital_protuberance,662.408,383.952,0.0625719043478261,0.0668833565217389,0.491,0.9122,True
281,tail_base,561.458,308.454,-0.2502074930434784,-0.1642076269565217,0.1221999999999998,0.9595,True
281,tail_tip,569.1940000000001,290.786,-0.2314432643478258,-0.2262395008695651,0.0248000000000001,0.9738,True
281,withers,622.1220000000001,397.294,-0.0551497434782606,0.1150438826086956,0.243,0.9571,True
282,occipital_protuberance,662.932,383.434,0.0641098956521739,0.0655133130434781,0.488,0.9003,True
282,tail_base,561.46,308.42,-0.248903504347826,-0.1634637478260869,0.1374,0.9704,True
282,tail_tip,569.0880000000001,290.60600000000005,-0.2314660173913041,-0.2265110673913041,0.029,0.9542,True
282,withers,622.08,396.938,-0.0553766956521737,0.1141464499999999,0.238,0.9616,True
283,occipital_protuberance,663.274,382.966,0.0652177956521739,0.0643547260869565,0.482,0.8818,True
283,tail_base,561.426,308.332,-0.2496774256521737,-0.1641806860869565,0.1295999999999999,0.9769,True
283,tail_tip,568.9200000000001,290.412,-0.2334050869565214,-0.2285058130434783,0.011,0.9419,True
283,withers,622.1780000000001,396.794,-0.0550506082608692,0.113653466521739,0.2391999999999998,0.9623,True
284,occipital_protuberance,663.4200000000001,382.538,0.0657287391304349,0.0632533869565217,0.478,0.9026,True
284,tail_base,561.4540000000001,308.18,-0.2492469482608693,-0.1644383782608695,0.1300999999999999,0.9762,True
284,tail_tip,568.616,290.184,-0.2352723530434783,-0.2301044295652173,-0.0036999999999998,0.9295,True
284,withers,622.35,396.864,-0.0542814239130434,0.1133728278260868,0.2515999999999999,0.9654,True
285,occipital_protuberance,663.522,382.038,0.0660150043478262,0.0618501260869565,0.478,0.8799,True
285,tail_base,561.47,308.11600000000004,-0.2488718130434782,-0.1644271634782607,0.1339000000000001,0.9701,True
285,tail_tip,568.308,290.01800000000003,-0.2365991852173913,-0.2309558134782607,-0.0076999999999998,0.9196,True
285,withers,622.494,397.024,-0.0537472256521738,0.1136717286956521,0.2564000000000001,0.945,True
286,occipital_protuberance,663.358,381.478,0.0656562913043476,0.0603718565217391,0.474,0.9121,True
286,tail_base,561.482,308.094,-0.2485094700000001,-0.16428249,0.1376999999999998,0.9748,True
286,tail_tip,568.246,289.962,-0.2370221804347826,-0.2313537847826087,-0.0105,0.9108,True
286,withers,622.676,397.17,-0.053388048695652,0.1145482434782607,0.2423000000000001,0.9283,True
287,occipital_protuberance,663.062,380.936,0.0648242739130435,0.0588483652173914,0.474,0.9255,True
287,tail_base,561.536,308.108,-0.248969683478261,-0.164655572173913,0.1303000000000002,0.9716,True
287,tail_tip,568.218,289.982,-0.2372239052173914,-0.2313942686956522,-0.0119,0.9007,True
287,withers,622.8700000000001,397.482,-0.0521869173913039,0.1141897278260868,0.2746999999999998,0.9357,True
288,occipital_protuberance,662.7819999999999,380.332,0.0639629413043476,0.0570842999999999,0.477,0.9447,True
288,tail_base,561.6899999999999,308.156,-0.2481405565217393,-0.1642778573913043,0.1343000000000001,0.9697,True
288,tail_tip,568.324,290.082,-0.2365463817391305,-0.2307445995652174,-0.0076999999999998,0.9331,True
288,withers,622.898,397.778,-0.052235456521739,0.1153871521739131,0.2675,0.9095,True
289,occipital_protuberance,662.592,379.744,0.063282156521739,0.0553046608695652,0.4865,0.9398,True
289,tail_base,561.802,308.242,-0.2470036826086956,-0.1634877695652173,0.1435,0.975,True
289,tail_tip,568.446,290.238,-0.2355993226086955,-0.2296989678260869,-0.0006999999999998,0.9272,True
289,withers,622.95,398.058,-0.0520988695652172,0.1162920104347825,0.2663000000000002,0.9081,True
290,occipital_protuberance,662.3399999999999,379.22,0.0624305869565215,0.0537115434782607,0.4925,0.9427,True
290,tail_base,561.9540000000001,308.32,-0.2454377034782606,-0.1625223652173913,0.1598000000000002,0.9756,True
290,tail_tip,568.6179999999999,290.374,-0.2357933673913045,-0.2299928413043479,-0.007,0.94,True
290,withers,623.052,398.404,-0.0521077313043477,0.1180756026086956,0.2489000000000001,0.9178,True
291,occipital_protuberance,662.2239999999999,378.766,0.0619856347826085,0.0523408217391303,0.4975,0.9428,True
291,tail_base,562.0899999999999,308.42400000000004,-0.244908391304348,-0.1621280347826085,0.161,0.9807,True
291,tail_tip,568.728,290.494,-0.2349961791304349,-0.2291733699999999,-0.0014,0.9355,True
291,withers,623.092,398.784,-0.0520068026086957,0.1192945252173912,0.2476999999999998,0.8822,True
292,occipital_protuberance,662.082,378.386,0.0615175717391304,0.051220997826087,0.5005,0.9432,True
292,tail_base,562.25,308.47,-0.2436617391304348,-0.1614905391304348,0.1698000000000001,0.9864,True
292,tail_tip,568.8199999999999,290.52200000000005,-0.2343678869565219,-0.2287638669565215,0.0028000000000001,0.9323,True
292,withers,623.14,398.966,-0.0522696652173913,0.1208030708695652,0.2253000000000002,0.8694,True
293,occipital_protuberance,662.066,378.014,0.0615209673913044,0.0502238152173913,0.4985,0.9458,True
293,tail_base,562.362,308.54,-0.2427875282608696,-0.1609243695652173,0.1795,0.9859,True
293,tail_tip,568.876,290.412,-0.2345081973913044,-0.2294437382608696,-0.0014,0.9425,True
293,withers,623.308,399.006,-0.051683512173913,0.1207744473913042,0.2289000000000001,0.8704,True
294,occipital_protuberance,662.09,377.756,0.0615878804347827,0.0495044999999999,0.4985,0.9428,True
294,tail_base,562.448,308.572,-0.2429569286956522,-0.1611149799999999,0.1743000000000001,0.9889,True
294,tail_tip,568.96,290.344,-0.2340150260869563,-0.2294559495652174,0.0014,0.9406,True
294,withers,623.384,398.968,-0.0514698660869564,0.1207076156521739,0.2276999999999998,0.8776,True
295,occipital_protuberance,662.158,377.566,0.0617052130434783,0.0489174913043479,0.5015,0.9361,True
295,tail_base,562.5339999999999,308.566,-0.2425864630434786,-0.1610666891304348,0.1755,0.9904,True
295,tail_tip,569.1659999999999,290.33000000000004,-0.2330130626086958,-0.229184008695652,0.0055999999999999,0.9464,True
295,withers,623.574,398.744,-0.0506349304347827,0.1194325913043479,0.2415,0.8817,True
296,occipital_protuberance,662.3199999999999,377.46,0.062180608695652,0.0486412826086957,0.5005,0.9415,True
296,tail_base,562.608,308.562,-0.2419341217391306,-0.1607996608695651,0.1805,0.9889,True
296,tail_tip,569.2280000000001,290.178,-0.2325937165217389,-0.2294715208695652,0.0049,0.9499,True
296,withers,623.75,398.598,-0.0501559782608695,0.1191335660869565,0.2379,0.8766,True
297,occipital_protuberance,662.49,377.328,0.0625808695652174,0.0482170434782608,0.5035,0.9398,True
297,tail_base,562.608,308.57,-0.2420518921739132,-0.1608529152173913,0.1790999999999999,0.9914,True
297,tail_tip,569.344,290.184,-0.2329651199999998,-0.2301954939130434,-0.0049,0.9506,True
297,withers,623.966,398.632,-0.0494265478260869,0.1190873391304347,0.2415,0.8671,True
298,occipital_protuberance,662.5519999999999,377.21,0.062606313043478,0.047776456521739,0.5095,0.9366,True
298,tail_base,562.596,308.494,-0.2419884617391304,-0.1610234317391303,0.1803000000000001,0.9906,True
298,tail_tip,569.422,290.308,-0.2318487299999999,-0.22893822,0.0098000000000001,0.9469,True
298,withers,624.172,398.682,-0.0487502399999999,0.1191405599999998,0.2439000000000001,0.8704,True
299,occipital_protuberance,662.578,377.124,0.0626048673913042,0.0474818739130433,0.5125,0.9311,True
299,tail_base,562.59,308.434,-0.2415696847826086,-0.1609195499999999,0.1855,0.9859,True
299,tail_tip,569.4939999999999,290.44,-0.2315049182608698,-0.228398747826087,0.0111999999999998,0.9555,True
299,withers,624.304,398.572,-0.0483641530434783,0.1188520713043478,0.2426999999999998,0.8525,True
300,occipital_protuberance,662.764,377.038,0.0632195869565217,0.0473174891304348,0.5085,0.9296,True
300,tail_base,562.496,308.28,-0.2434805008695652,-0.1624795043478261,0.1663000000000001,0.9866,True
300,tail_tip,569.464,290.506,-0.2308673947826084,-0.2274568834782609,0.0208000000000001,0.971,True
300,withers,624.4219999999999,398.488,-0.048000559130435,0.1185932417391304,0.2426999999999998,0.8698,True
301,occipital_protuberance,662.838,376.97,0.0633258021739129,0.047054858695652,0.5125,0.9286,True
301,tail_base,562.4399999999999,308.18999999999994,-0.243757591304348,-0.1628298195652175,0.1615999999999999,0.9906,True
301,tail_tip,569.472,290.68,-0.2313778365217391,-0.2274148086956521,0.0138000000000001,0.9621,True
301,withers,624.53,398.444,-0.0476879565217392,0.1185078086956522,0.2415,0.8657,True
302,occipital_protuberance,662.9080000000001,377.008,0.0635946000000003,0.0472156869565216,0.5095,0.9009,True
302,tail_base,562.454,308.08,-0.2437135917391305,-0.1631755304347826,0.1615999999999999,0.9798,True
302,tail_tip,569.452,290.778,-0.23069196,-0.2263559400000001,0.0235999999999999,0.9585,True
302,withers,624.558,398.292,-0.0476016434782608,0.1180392521739131,0.2415,0.8859,True
303,occipital_protuberance,663.004,377.122,0.0639361173913044,0.0475879934782607,0.5065,0.9078,True
303,tail_base,562.46,308.078,-0.2443184260869564,-0.1635994495652174,0.1541999999999998,0.9827,True
303,tail_tip,569.3860000000001,290.812,-0.2312301482608693,-0.2265606182608695,0.0194,0.9595,True
303,withers,624.5260000000001,398.126,-0.047619553043478,0.1173286208695653,0.2463000000000001,0.8903,True
304,occipital_protuberance,663.1220000000001,377.184,0.0643143456521741,0.0477976695652173,0.5045,0.9118,True
304,tail_base,562.496,308.042,-0.2435647443478261,-0.1632836626086957,0.1618000000000002,0.988,True
304,tail_tip,569.316,290.808,-0.2313518052173911,-0.226468424347826,0.0208000000000001,0.9583,True
304,withers,624.552,398.128,-0.0473984939130434,0.1169866504347825,0.2546999999999998,0.8802,True
305,occipital_protuberance,663.124,377.282,0.0643199086956522,0.0480702586956522,0.5045,0.9144,True
305,tail_base,562.558,308.134,-0.2422756134782608,-0.162261653478261,0.1748000000000001,0.9867,True
305,tail_tip,569.242,290.74,-0.2319016539130435,-0.2269921217391303,0.0168000000000001,0.9556,True
305,withers,624.5539999999999,398.26,-0.0473923573913047,0.1173916608695651,0.2546999999999998,0.8873,True
306,occipital_protuberance,663.194,377.32,0.0644641934782607,0.048138304347826,0.5065,0.9095,True
306,tail_base,562.6139999999999,308.216,-0.2419994804347828,-0.1619375739130434,0.176,0.9953,True
306,tail_tip,569.176,290.546,-0.2316868591304346,-0.227205172173913,0.0224,0.9465,True
306,withers,624.5740000000001,398.39,-0.047351113043478,0.1178406086956521,0.2535,0.8784,True
307,occipital_protuberance,663.25,377.306,0.0644682065217391,0.0479865282608696,0.5125,0.9055,True
307,tail_base,562.58,308.378,-0.2429473260869564,-0.1619920804347826,0.1695,0.9866,True
307,tail_tip,569.188,290.418,-0.2324019052173913,-0.2283650986956521,0.0125999999999999,0.9484,True
307,withers,624.696,398.498,-0.0470997234782607,0.1184817795652173,0.2460999999999999,0.8784,True
308,occipital_protuberance,663.3140000000001,377.228,0.0645189608695654,0.0476766173913042,0.5175,0.9055,True
308,tail_base,562.5840000000001,308.52200000000005,-0.2423120799999998,-0.1611261399999998,0.1769,0.9885,True
308,tail_tip,569.202,290.3,-0.2323559578260869,-0.2287523695652173,0.0125999999999999,0.9428,True
308,withers,624.7940000000001,398.742,-0.046936955217391,0.1195864473913044,0.2376999999999998,0.8819,True
309,occipital_protuberance,663.384,377.182,0.0647380956521739,0.0475679934782607,0.5165,0.9064,True
309,tail_base,562.574,308.71000000000004,-0.2421413991304349,-0.1604038999999998,0.1793000000000001,0.9812,True
309,tail_tip,569.2040000000001,290.28000000000003,-0.232672593043478,-0.2291362956521738,0.0084,0.9622,True
309,withers,625.0260000000001,398.818,-0.0463770821739128,0.1202260969565218,0.2280999999999999,0.8832,True
310,occipital_protuberance,663.422,377.082,0.064843297826087,0.0472911456521739,0.5165,0.905,True
310,tail_base,562.59,308.902,-0.2417716239130434,-0.1595923839130435,0.1830999999999999,0.989,True
310,tail_tip,569.2620000000001,290.29200000000003,-0.2315593052173911,-0.2281876226086955,0.0204,0.9594,True
310,withers,625.162,398.964,-0.045955866521739,0.120678284347826,0.2280999999999999,0.8781,True
311,occipital_protuberance,663.366,376.938,0.064815252173913,0.0469845391304347,0.5115,0.9027,True
311,tail_base,562.566,309.03599999999994,-0.2418465821739129,-0.1591738669565219,0.1830999999999999,0.9929,True
311,tail_tip,569.35,290.492,-0.2311637282608694,-0.2274271539130434,0.0218000000000001,0.947,True
311,withers,625.2860000000001,399.016,-0.0455718169565215,0.1208393373913042,0.2280999999999999,0.901,True
312,occipital_protuberance,663.292,376.77199999999993,0.0647365695652174,0.0466152217391302,0.5065,0.8953,True
312,tail_base,562.594,309.09000000000003,-0.2413384460869563,-0.1587285260869564,0.1880999999999999,0.9866,True
312,tail_tip,569.368,290.63,-0.231104833043478,-0.2269756239130435,0.0218000000000001,0.9512,True
312,withers,625.326,399.132,-0.0454479299999999,0.1211986095652172,0.2280999999999999,0.8808,True
313,occipital_protuberance,663.21,376.548,0.0647104891304348,0.0461365434782608,0.4985,0.8876,True
313,tail_base,562.566,309.138,-0.2416277469565216,-0.1587115539130435,0.1856999999999998,0.9827,True
313,tail_tip,569.302,290.678,-0.2316435339130434,-0.22713504,0.0175999999999999,0.9535,True
313,withers,625.3520000000001,399.11,-0.0454279060869562,0.1212920130434783,0.2243000000000002,0.8824,True
314,occipital_protuberance,663.126,376.258,0.0646019782608695,0.0454163695652173,0.4935,0.8876,True
314,tail_base,562.5260000000001,309.16,-0.2418536173913041,-0.1587092173913044,0.1845,0.984,True
314,tail_tip,569.2679999999999,290.696,-0.2320778426086959,-0.2273924504347824,0.0134,0.9514,True
314,withers,625.316,399.318,-0.0458874999999999,0.1228687499999999,0.2025,0.8698,True
315,occipital_protuberance,663.0219999999999,375.954,0.0644365760869563,0.0446538586956522,0.4885,0.8827,True
315,tail_base,562.52,309.14,-0.2422934347826087,-0.1590480652173913,0.1795,0.9797,True
315,tail_tip,569.2879999999999,290.88199999999995,-0.2341182086956525,-0.2288406826086958,-0.014,0.9429,True
315,withers,625.3100000000001,399.364,-0.0459669260869563,0.1231750904347827,0.1986999999999998,0.8753,True
316,occipital_protuberance,662.942,375.668,0.0643872217391304,0.0439725826086956,0.478,0.8909,True
316,tail_base,562.5400000000001,309.119,-0.2428034217391302,-0.1594898128260869,0.1726999999999998,0.9821,True
316,tail_tip,569.292,290.852,-0.2347505599999999,-0.22957136,-0.0224,0.9432,True
316,withers,625.4680000000001,399.444,-0.0454725234782606,0.123425420869565,0.1986999999999998,0.8804,True
317,occipital_protuberance,662.8799999999999,375.198,0.0643375652173909,0.0427361152173912,0.473,0.899,True
317,tail_base,562.5840000000001,309.13500000000005,-0.2427664782608693,-0.1595060054347824,0.1715,0.9864,True
317,tail_tip,569.326,290.79,-0.2342074904347825,-0.2293559217391304,-0.0168000000000001,0.9446,True
317,withers,625.75,399.526,-0.0447264130434782,0.1240600843478259,0.1899000000000001,0.8799,True
318,occipital_protuberance,662.852,374.70200000000006,0.0643085086956521,0.041373345652174,0.471,0.9033,True
318,tail_base,562.6479999999999,309.177,-0.2429861739130437,-0.1596505108695651,0.1665,0.9929,False
318,tail_tip,569.426,290.806,-0.2338760991304346,-0.2293028991304349,-0.0168000000000001,0.948,True
318,withers,626.044,399.712,-0.04382184,0.1246956799999999,0.1886999999999998,0.8895,True
319,occipital_protuberance,662.9460000000001,374.122,0.0645979782608699,0.0397565,0.47,0.9264,True
319,tail_base,562.642,309.249,-0.2444008291304346,-0.1603400615217392,0.1499000000000001,0.9874,True
319,tail_tip,569.528,290.75,-0.2333235999999999,-0.2292777173913043,-0.014,0.9571,True
319,withers,626.3720000000001,399.728,-0.0424689956521736,0.1238045391304348,0.2105,0.8852,True
320,occipital_protuberance,663.0240000000001,373.36,0.0647675130434785,0.0375822608695652,0.472,0.9329,True
320,tail_base,562.662,309.29900000000004,-0.244236766521739,-0.1601159623913042,0.1510999999999999,0.9817,True
320,tail_tip,569.5540000000001,290.572,-0.2320583126086953,-0.2287048878260869,0.0014,0.958,True
320,withers,626.792,399.772,-0.0411601478260868,0.1239416565217391,0.2105,0.8854,True
321,occipital_protuberance,662.9860000000001,372.516,0.0645606782608698,0.0351536347826087,0.4725,0.9235,True
321,tail_base,562.7,309.32800000000003,-0.2441671739130433,-0.1600574260869564,0.1505,0.9798,True
321,tail_tip,569.6200000000001,290.574,-0.2315195999999996,-0.2283813547826086,0.0055999999999999,0.9616,True
321,withers,627.112,399.812,-0.0402161634782609,0.1242307495652174,0.2066999999999998,0.8789,True
322,occipital_protuberance,662.9800000000001,371.746,0.0644938695652177,0.032965404347826,0.4745,0.9361,True
322,tail_base,562.6959999999999,309.434,-0.2442806400000002,-0.1597885599999999,0.1493000000000001,0.9912,True
322,tail_tip,569.7,290.586,-0.2315773695652172,-0.2286587699999999,0.0014,0.9493,True
322,withers,627.462,399.754,-0.0389522952173913,0.1235053073913043,0.2158000000000001,0.8738,True
323,occipital_protuberance,663.0060000000001,370.90600000000006,0.0646168521739132,0.0306316347826088,0.469,0.9571,True
323,tail_base,562.6879999999999,309.448,-0.243684062608696,-0.1593377060869566,0.1566999999999998,0.9944,True
323,tail_tip,569.756,290.62600000000003,-0.2316066843478261,-0.2287381430434781,-0.0014,0.9486,True
323,withers,627.9280000000001,399.62,-0.0374074539130431,0.1227703217391304,0.2231999999999998,0.874,True
324,occipital_protuberance,662.898,370.116,0.0643384021739131,0.0284237608695653,0.468,0.9464,True
324,tail_base,562.766,309.4,-0.2431192000000001,-0.15928,0.1605,0.9861,True
324,tail_tip,569.8480000000001,290.724,-0.2304645704347823,-0.22758672,0.0165999999999999,0.9568,True
324,withers,628.3439999999999,399.526,-0.0361183965217393,0.1224790443478259,0.2231999999999998,0.8779,True
325,occipital_protuberance,662.808,369.446,0.0641846869565217,0.0265822760869565,0.464,0.932,True
325,tail_base,562.802,309.422,-0.2424856308695651,-0.1588698960869566,0.1666999999999998,0.9854,True
325,tail_tip,569.9599999999999,290.87800000000004,-0.2305229565217393,-0.2275015391304346,0.011,0.9555,True
325,withers,628.818,399.152,-0.0345305021739131,0.1209030782608695,0.233,0.873,True
326,occipital_protuberance,662.812,368.814,0.064146352173913,0.0247845847826085,0.466,0.9238,True
326,tail_base,562.826,309.532,-0.2434000852173912,-0.1591716834782609,0.1549000000000001,0.9937,True
326,tail_tip,570.128,290.98400000000004,-0.2306079791304346,-0.2277828069565216,0.0025999999999999,0.9596,True
326,withers,629.38,398.8200000000001,-0.0326818956521739,0.1194643304347827,0.2428000000000001,0.8796,True
327,occipital_protuberance,662.874,368.108,0.0642709673913044,0.0227817173913043,0.4645,0.9128,True
327,tail_base,562.8340000000001,309.594,-0.2440290873913042,-0.1594034960869565,0.1470999999999999,0.9888,True
327,tail_tip,570.2,291.074,-0.229839260869565,-0.2269613308695653,0.0095999999999999,0.9601,True
327,withers,629.904,398.404,-0.0308366956521739,0.1172991739130434,0.264,0.8981,True
328,occipital_protuberance,662.892,367.452,0.0640976000000001,0.0208655999999999,0.4735,0.901,True
328,tail_base,562.862,309.776,-0.2451143795652174,-0.1595922191304347,0.1365999999999999,0.9841,True
328,tail_tip,570.324,291.084,-0.2293249217391305,-0.2268235304347826,0.011,0.9683,True
328,withers,630.4960000000001,397.9,-0.0289293495652171,0.115364304347826,0.2735999999999999,0.9005,True
329,occipital_protuberance,662.9979999999999,366.76,0.0643444043478258,0.018913304347826,0.4755,0.9026,True
329,tail_base,562.866,310.01800000000003,-0.2462083743478261,-0.1595403708695651,0.1234,0.9772,True
329,tail_tip,570.478,291.082,-0.2297550965217392,-0.2277590078260869,-0.0014,0.9664,True
329,withers,631.2120000000001,397.31000000000006,-0.0266352817391301,0.113081743478261,0.2855999999999999,0.8888,True
330,occipital_protuberance,663.262,366.146,0.0649818913043476,0.0171687173913043,0.476,0.9227,True
330,tail_base,562.9159999999999,310.194,-0.2472217939130436,-0.1597365039130434,0.1094000000000001,0.9645,True
330,tail_tip,570.7059999999999,291.22,-0.2283839856521742,-0.2266899086956522,0.0068000000000001,0.9772,True
330,withers,631.868,396.862,-0.0246470313043476,0.1117239139130433,0.2855999999999999,0.8683,True
331,occipital_protuberance,663.7379999999999,365.452,0.0663115869565215,0.0152300434782608,0.476,0.9275,True
331,tail_base,562.982,310.33000000000004,-0.2471105786956522,-0.1593651152173911,0.1081999999999998,0.9729,True
331,tail_tip,570.8439999999999,291.32,-0.2271924939130437,-0.2256287304347826,0.0165999999999999,0.968,True
331,withers,632.51,396.196,-0.0225774652173913,0.1091073339130435,0.3008000000000002,0.8653,True
332,occipital_protuberance,664.3100000000001,365.068,0.0680151521739132,0.0141793826086956,0.472,0.9198,True
332,tail_base,563.1220000000001,310.46000000000004,-0.2466613917391302,-0.1589480130434781,0.1081999999999998,0.9741,True
332,tail_tip,571.012,291.51000000000005,-0.2264306139130436,-0.2247960913043477,0.0194,0.9636,True
332,withers,633.378,395.628,-0.019936538695652,0.107263515652174,0.3006999999999998,0.875,True
333,occipital_protuberance,665.1600000000001,364.71,0.0705300434782611,0.0132033586956521,0.467,0.9343,True
333,tail_base,563.3320000000001,310.634,-0.2459876113043474,-0.1583897378260869,0.1081999999999998,0.9716,True
333,tail_tip,571.2839999999999,291.896,-0.2251195913043482,-0.2231146260869564,0.0285,0.9692,True
333,withers,634.362,395.332,-0.0169667030434783,0.1063262773913043,0.3019000000000001,0.8758,True
334,occipital_protuberance,666.14,364.472,0.0734818130434782,0.0125711808695651,0.4598000000000002,0.9694,True
334,tail_base,563.742,310.704,-0.2432464421739131,-0.1572435234782608,0.1254000000000001,0.9604,True
334,tail_tip,571.47,292.458,-0.2244059543478259,-0.2211706839130435,0.0369,0.9759,True
334,withers,635.328,395.078,-0.0139438886956522,0.1046925786956522,0.3211999999999998,0.9054,True
335,occipital_protuberance,667.268,364.142,0.0769846773913044,0.0116939465217391,0.4485999999999999,0.9882,True
335,tail_base,564.11,310.958,-0.2426005326086955,-0.1567744804347826,0.119,0.9516,True
335,tail_tip,571.558,293.062,-0.2250402717391304,-0.220095054347826,0.0245,0.9858,True
335,withers,636.5699999999999,394.722,-0.0101975391304349,0.103230015652174,0.3318000000000002,0.9261,True
336,occipital_protuberance,668.424,363.84,0.0807241599999999,0.0109056,0.4366999999999998,0.9864,True
336,tail_base,564.49,311.184,-0.2426333282608695,-0.1568585426086955,0.1038000000000001,0.9618,True
336,tail_tip,571.732,293.844,-0.2250914686956522,-0.2181278373913043,0.0160999999999999,0.9529,True
336,withers,637.788,394.538,-0.0065393452173912,0.1021048395652174,0.3436999999999998,0.9196,True
337,occipital_protuberance,669.634,363.53,0.0845277639130435,0.0100689413043479,0.4218000000000002,0.979,True
337,tail_base,565.016,311.432,-0.2412691704347827,-0.1562728191304347,0.1068000000000001,0.9455,True
337,tail_tip,572.0699999999999,294.692,-0.2244938826086958,-0.2158287426086956,0.0090999999999999,0.9273,True
337,withers,638.95,394.426,-0.0031002391304346,0.1016465069565218,0.3470999999999999,0.8855,True
338,occipital_protuberance,671.2719999999999,363.208,0.0896894556521737,0.0092006834782607,0.4074000000000001,0.966,True
338,tail_base,565.5719999999999,311.786,-0.2394801800000003,-0.1551337856521739,0.1103000000000001,0.9395,True
338,tail_tip,572.192,295.714,-0.2244002573913043,-0.2127447343478261,0.0049,0.8938,True
338,withers,640.212,394.15600000000006,0.0006210678260869,0.1000622295652175,0.3648000000000002,0.8803,True
339,occipital_protuberance,673.3720000000001,362.568,0.0960170478260871,0.0073885826086957,0.4025,0.9398,True
339,tail_base,566.134,312.208,-0.2385068908695652,-0.1543162121739131,0.0999,0.9344,True
339,tail_tip,572.192,296.748,-0.2242970713043477,-0.2092266156521739,0.0098000000000001,0.839,True
339,withers,641.716,393.898,0.0050353408695652,0.0994685226086957,0.3604000000000001,0.8797,True
340,occipital_protuberance,675.83,362.372,0.1036733260869566,0.0068633304347824,0.3875,0.9726,True
340,tail_base,566.9100000000001,312.554,-0.2357946956521736,-0.1530649217391305,0.1025,0.9316,True
340,tail_tip,572.1279999999999,297.812,-0.2244054886956524,-0.2056124547826086,0.0111999999999998,0.8951,True
340,withers,642.9739999999999,393.896,0.0086582191304345,0.098681572173913,0.3815999999999999,0.93,True
341,occipital_protuberance,678.908,362.562,0.113086947826087,0.0074465086956522,0.3755,0.9385,True
341,tail_base,567.7439999999999,313.018,-0.2315019408695655,-0.1505262426086957,0.1264000000000001,0.8995,True
341,tail_tip,571.966,298.624,-0.2246305199999999,-0.2026475408695653,0.0154,0.9229,True
341,withers,644.1859999999999,393.852,0.0122931899999997,0.0994144930434781,0.3581999999999998,0.9477,True
342,occipital_protuberance,682.64,362.89,0.1249073913043477,0.0084658152173912,0.3545,0.9556,True
342,tail_base,568.664,313.448,-0.2284457860869565,-0.14907772,0.1278000000000002,0.9446,True
342,tail_tip,571.72,299.24,-0.225650556521739,-0.2007985913043478,0.0125999999999999,0.9385,True
342,withers,645.324,393.67,0.0157486234782607,0.0995973239130433,0.3385999999999999,0.9451,True
343,occipital_protuberance,686.676,363.892,0.1382218417391305,0.0115253965217391,0.3285999999999999,0.9845,True
343,tail_base,569.548,313.678,-0.2257067660869565,-0.14840159,0.1265999999999999,0.9606,True
343,tail_tip,571.3140000000001,299.772,-0.2270968204347823,-0.1991320982608696,0.0111999999999998,0.9661,True
343,withers,646.424,393.48,0.0191840191304347,0.0999814695652172,0.3125999999999999,0.937,True
344,occipital_protuberance,691.156,366.394,0.1523447921739129,0.0190416099999998,0.3236999999999998,0.9381,True
344,tail_base,570.582,314.124,-0.2216094195652174,-0.1464541434782609,0.137,0.9789,True
344,tail_tip,570.946,300.338,-0.2284186226086955,-0.1973515199999999,0.0098000000000001,1.0,True
344,withers,647.356,393.2099999999999,0.0219064878260869,0.0989008239130432,0.3201999999999998,0.9096,True
345,occipital_protuberance,695.662,369.398,0.1663809782608696,0.028091847826087,0.317,0.8856,True
345,tail_base,571.696,314.75,-0.2169097460869564,-0.1436982608695652,0.1524000000000001,0.9559,True
345,tail_tip,570.8100000000001,300.85200000000003,-0.2287631978260867,-0.1955612895652173,0.0111999999999998,1.0,True
345,withers,648.2500000000001,392.958,0.0246083152173916,0.0983079821739129,0.3158000000000002,0.9108,True
346,occipital_protuberance,699.914,372.902,0.1796768760869564,0.0386919760869564,0.3045,0.9797,True
346,tail_base,572.9300000000001,315.24,-0.2121453260869563,-0.1415778260869565,0.164,0.9614,True
346,tail_tip,571.3059999999999,301.466,-0.2270187365217393,-0.1934421452173912,0.0125999999999999,1.0,True
346,withers,649.482,392.892,0.0281203139130433,0.0975462313043478,0.3315999999999999,0.9388,True
347,occipital_protuberance,703.83,377.596,0.1911847260869566,0.0527038452173913,0.3044000000000001,0.9271,True
347,tail_base,573.99,315.884,-0.2075153499999999,-0.1386872773913043,0.1818000000000001,0.9385,True
347,tail_tip,571.9680000000001,302.216,-0.2248309704347823,-0.1909635582608695,0.0160999999999999,1.0,True
347,withers,651.0360000000001,392.926,0.032844095652174,0.0979906391304349,0.322,0.9535,True
348,occipital_protuberance,707.104,383.274,0.1998969808695653,0.069331222173913,0.3229000000000001,0.9728,True
348,tail_base,575.232,316.554,-0.2028928000000001,-0.1360993173913044,0.192,0.9461,True
348,tail_tip,573.24,302.604,-0.220424104347826,-0.1895066191304348,0.0224,0.9513,True
348,withers,652.876,393.112,0.0380149904347825,0.0977595808695651,0.3438000000000001,0.971,True
349,occipital_protuberance,709.798,388.924,0.2081801217391304,0.0862689739130436,0.323,0.9695,True
349,tail_base,576.47,317.25,-0.1983240869565216,-0.1334543478260869,0.202,0.9211,True
349,tail_tip,574.738,302.662,-0.2156767226086954,-0.1894896252173913,0.0300999999999999,0.9235,True
349,withers,655.0179999999999,393.768,0.0448417891304345,0.1008268434782609,0.3165,0.9251,True
350,occipital_protuberance,711.764,395.15,0.2149643817391305,0.1052895326086956,0.3181999999999998,0.9154,True
350,tail_base,577.714,317.98,-0.1941833752173911,-0.1310019173913044,0.2093000000000001,0.903,True
350,tail_tip,576.0980000000001,302.544,-0.2117656713043476,-0.190404187826087,0.0251999999999998,0.9719,True
350,withers,657.616,394.768,0.0532156382608695,0.1050295930434783,0.2843000000000001,0.9122,True
351,occipital_protuberance,713.284,401.82,0.2205529773913043,0.1258600173913043,0.3191999999999998,0.9167,True
351,tail_base,578.9159999999999,318.798,-0.1903563347826088,-0.1283979717391304,0.2105,0.9098,True
351,tail_tip,576.744,302.504,-0.2101061791304347,-0.1909742139130434,0.0181999999999998,0.9937,True
351,withers,660.1299999999999,396.08,0.06108142173913,0.1094792695652175,0.2754000000000001,0.9353,True
352,occipital_protuberance,714.5699999999999,408.366,0.2256553043478258,0.1463597217391304,0.3005,0.9025,True
352,tail_base,580.2099999999999,319.98,-0.1867267695652176,-0.1249841999999999,0.2043000000000001,0.8498,True
352,tail_tip,577.182,302.75600000000003,-0.2090337230434782,-0.1904856321739129,0.0125999999999999,1.0,True
352,withers,662.9739999999999,397.65199999999993,0.0689519660869563,0.1130051113043476,0.3058000000000002,0.925,True
353,occipital_protuberance,715.234,414.966,0.2293819239130436,0.1675865543478261,0.294,0.9361,True
353,tail_base,581.3679999999999,321.498,-0.1837603356521741,-0.12067029,0.1940999999999999,0.8443,True
353,tail_tip,577.772,303.516,-0.2075439078260867,-0.1883864191304347,0.0090999999999999,0.9807,True
353,withers,665.518,399.582,0.0768702013043479,0.1192364726086956,0.2955999999999999,0.8889,True
354,occipital_protuberance,714.958,421.958,0.2292085278260868,0.189456788695652,0.2898000000000001,0.9545,True
354,tail_base,582.258,323.226,-0.1831174556521738,-0.1166215460869565,0.1669000000000001,0.8604,True
354,tail_tip,578.7180000000001,304.468,-0.2051481560869563,-0.1858994060869566,-0.0023000000000001,0.9505,True
354,withers,667.9280000000001,402.01,0.0832618678260873,0.1252445956521739,0.3276999999999998,0.9278,True
355,occipital_protuberance,714.28,429.168,0.2275228695652173,0.2118645913043478,0.278,0.981,True
355,tail_base,582.9680000000001,325.034,-0.1833330834782606,-0.1124004873913043,0.1385999999999999,0.9498,True
355,tail_tip,579.6780000000001,305.542,-0.2025114447826083,-0.1828249769565218,-0.0110999999999999,0.9877,True
355,withers,669.912,404.832,0.0888256347826088,0.1331315478260869,0.342,0.9586,True
356,occipital_protuberance,713.03,436.71,0.2238845782608695,0.2351661782608697,0.2935999999999999,0.9408,True
356,tail_base,584.146,327.414,-0.1815619265217392,-0.1059257517391304,0.1054,0.8736,True
356,tail_tip,581.034,306.63,-0.1979591169565217,-0.1791723717391304,-0.0075999999999999,0.976,True
356,withers,671.562,407.964,0.0938832273913043,0.1426720460869565,0.3339000000000001,0.898,True
357,occipital_protuberance,711.1479999999999,444.27199999999993,0.2183934260869562,0.2586783999999998,0.308,0.9236,True
357,tail_base,585.638,329.428,-0.178531898695652,-0.1004024356521739,0.0780999999999999,0.8662,True
357,tail_tip,581.616,307.516,-0.197033307826087,-0.1771220904347827,-0.0273000000000001,1.0,True
357,withers,672.5040000000001,411.916,0.0968053913043482,0.1546193913043478,0.327,0.9379,True
358,occipital_protuberance,709.168,451.928,0.212586344347826,0.2825387095652173,0.2974000000000001,1.0,True
358,tail_base,587.5980000000001,331.744,-0.1733367026086954,-0.0934659339130433,0.0598000000000001,0.9544,True
358,tail_tip,582.074,308.432,-0.1961298804347827,-0.1746025217391306,-0.0375,0.9779,True
358,withers,673.134,416.518,0.0986816956521739,0.168325347826087,0.327,0.9177,True
359,occipital_protuberance,707.246,459.192,0.2071176799999999,0.30551136,0.2804000000000001,0.9824,True
359,tail_base,589.84,334.922,-0.1658442260869564,-0.0829155004347825,0.0646999999999998,0.9334,True
359,tail_tip,582.164,309.744,-0.1955485452173913,-0.1699199060869564,-0.0330999999999999,1.0,True
359,withers,673.644,421.352,0.101422032173913,0.1849496052173914,0.3005999999999999,0.9508,True
360,occipital_protuberance,705.15,466.508,0.2006619999999999,0.3280446399999999,0.2764000000000001,0.9805,True
360,tail_base,592.65,338.324,-0.1555653369565218,-0.0712150843478262,0.0839,0.8153,True
360,tail_tip,582.75,311.658,-0.1931067391304347,-0.1630596678260868,-0.0256999999999998,1.0,True
360,withers,674.126,426.17,0.1032756621739129,0.200250558695652,0.2933000000000001,0.9337,True
361,occipital_protuberance,702.884,473.372,0.19368272,0.34918576,0.2844000000000001,0.9414,True
361,tail_base,595.046,341.60200000000003,-0.1477618434782606,-0.0604734260869564,0.079,0.8287,True
361,tail_tip,583.562,314.494,-0.1907236326086956,-0.1537806021739129,-0.035,1.0,True
361,withers,674.606,431.098,0.1051345326086956,0.2159988152173911,0.297,0.9312,True
362,occipital_protuberance,700.074,479.974,0.1851062773913042,0.3696764078260869,0.2751999999999998,0.9493,True
362,tail_base,597.554,345.616,-0.1393889730434783,-0.0472358052173913,0.0783000000000001,0.878,True
362,tail_tip,585.21,318.488,-0.1849758043478259,-0.1401481217391304,-0.032,0.7747,True
362,withers,674.972,435.492,0.1072728086956521,0.2315635043478261,0.2845,0.9762,True
363,occipital_protuberance,696.76,485.83,0.1748207999999999,0.3875564000000001,0.2694000000000001,0.9433,True
363,tail_base,599.83,349.18,-0.1316702739130433,-0.0354660782608695,0.0839,0.8729,True
363,tail_tip,586.7699999999999,322.47,-0.1795355326086961,-0.1265821630434782,-0.022,0.9375,True
363,withers,675.244,439.494,0.1085515200000001,0.2448415199999999,0.2764000000000001,0.913,True
364,occipital_protuberance,692.676,491.436,0.1624482034782609,0.4053371947826086,0.2588000000000002,0.9831,True
364,tail_base,602.0120000000001,352.012,-0.1245758652173911,-0.0261954304347826,0.0825,0.8358,True
364,tail_tip,588.5540000000001,327.494,-0.1740999743478258,-0.1100045439130433,-0.0214,0.9556,True
364,withers,674.96,443.22,0.1074488000000001,0.2557748608695651,0.2864000000000001,0.9615,True
365,occipital_protuberance,688.078,496.512,0.1485296647826086,0.4217330504347825,0.2573000000000002,0.9042,True
365,tail_base,603.7760000000001,354.866,-0.1193817043478258,-0.0169198782608696,0.0675,0.8664,True
365,tail_tip,591.4060000000001,331.534,-0.1650717052173911,-0.0966977643478261,-0.0256999999999998,0.7901,True
365,withers,674.3399999999999,446.982,0.1052297043478258,0.2665431026086955,0.2873000000000001,0.9374,True
366,occipital_protuberance,683.1859999999999,500.974,0.1336418934782606,0.4362532369565217,0.2595,0.9906,True
366,tail_base,605.6220000000001,357.30600000000004,-0.1132456160869562,-0.0088743873913042,0.0654000000000001,0.9184,True
366,tail_tip,595.0699999999999,335.70000000000005,-0.1526936282608698,-0.0825830217391302,-0.0235999999999999,0.9329,True
366,withers,673.796,450.562,0.1027471869565219,0.2753281673913044,0.306,0.96,True
367,occipital_protuberance,677.674,505.2700000000001,0.1169368199999999,0.4509054478260872,0.2439000000000001,0.9894,True
367,tail_base,606.862,359.088,-0.1094634586956522,-0.0030125739130435,0.053,0.8981,True
367,tail_tip,598.104,338.812,-0.1425192626086955,-0.0720760486956521,-0.0265999999999999,0.9034,True
367,withers,672.914,455.092,0.099142692173913,0.2864336417391304,0.3248000000000002,0.8803,True
368,occipital_protuberance,671.5780000000001,509.27199999999993,0.0986263317391307,0.4662153965217389,0.2075999999999999,0.9625,True
368,tail_base,608.228,361.208,-0.1051445991304349,0.0039976921739129,0.0474,0.8954,True
368,tail_tip,601.042,341.922,-0.1325842369565216,-0.0615241499999999,-0.035,0.9315,True
368,withers,671.228,459.786,0.0933649313043476,0.2983384473913041,0.3339000000000001,0.8631,True
369,occipital_protuberance,665.254,512.976,0.07972578,0.4829385808695652,0.1695999999999999,0.97,True
369,tail_base,610.034,363.39,-0.0992135173913043,0.0112238478260869,0.042,0.9297,True
369,tail_tip,604.118,344.00200000000007,-0.1216009778260868,-0.0542158308695649,-0.0298000000000001,0.9691,True
369,withers,669.072,464.432,0.08703272,0.3126376243478259,0.3303000000000002,0.9238,True
370,occipital_protuberance,659.018,516.226,0.0604607026086957,0.4966628313043479,0.1491999999999998,0.9765,True
370,tail_base,612.4799999999999,365.69,-0.0910732521739133,0.0188301891304345,0.0364,0.9786,True
370,tail_tip,606.284,346.64,-0.114260592173913,-0.0452758782608696,-0.0403000000000001,0.9905,True
370,withers,666.488,469.2099999999999,0.0794006591304349,0.3273688456521737,0.3231999999999998,0.9266,True
371,occipital_protuberance,652.426,519.306,0.0400225252173914,0.5131038469565218,0.1468000000000001,0.9573,True
371,tail_base,615.52,368.722,-0.0803316521739131,0.0286214326086955,0.0585,0.8797,True
371,tail_tip,607.738,348.192,-0.1093892204347824,-0.0400368208695652,-0.0454,0.978,True
371,withers,663.8019999999999,474.014,0.0715250099999997,0.34261207,0.3094,0.9104,True
372,occipital_protuberance,645.7379999999999,521.3960000000001,0.0185536982608693,0.5218704573913046,0.3141999999999998,0.9799,True
372,tail_base,619.088,371.998,-0.0677957947826088,0.038896994347826,0.0984,0.9553,True
372,tail_tip,610.692,349.54,-0.0990419260869564,-0.0353479782608696,-0.035,0.9636,True
372,withers,660.9100000000001,477.67,0.063420939130435,0.3568982260869563,0.2835999999999999,0.937,True
373,occipital_protuberance,638.868,522.342,-0.0036430713043476,0.5224589060869566,0.4161999999999998,0.9448,True
373,tail_base,623.294,375.716,-0.0535100443478261,0.0503390313043478,0.1376999999999998,0.8767,True
373,tail_tip,614.3619999999999,350.546,-0.0865171030434787,-0.0319031395652174,-0.0375999999999999,0.9699,True
373,withers,658.8340000000001,481.388,0.0576443230434784,0.3715264460869567,0.2581999999999998,0.922,True
374,occipital_protuberance,632.4359999999999,522.4440000000001,-0.0240979173913045,0.5175253956521741,0.442,0.9352,True
374,tail_base,627.846,379.306,-0.0385413908695652,0.0612210047826086,0.1670999999999999,0.8992,True
374,tail_tip,618.38,351.30800000000005,-0.0729252,-0.0293184939130433,-0.0361999999999998,0.9643,True
374,withers,656.904,485.456,0.0516931669565217,0.3836499026086955,0.2570999999999999,0.8855,True
375,occipital_protuberance,625.862,521.508,-0.0447068147826088,0.5107163843478262,0.4468000000000002,0.9381,True
375,tail_base,632.208,383.072,-0.0244194504347827,0.0723056417391304,0.1908000000000002,0.8635,True
375,tail_tip,622.488,352.266,-0.0588174782608693,-0.0259761521739129,-0.03,0.9698,True
375,withers,655.418,489.53,0.0471690247826087,0.3962773239130436,0.2524,0.8798,True
376,occipital_protuberance,619.366,520.13,-0.0644453647826087,0.5001277630434783,0.4485999999999999,0.9611,True
376,tail_base,636.3720000000001,386.562,-0.0113595834782606,0.0831679317391304,0.1864000000000001,0.9176,True
376,tail_tip,626.9739999999999,354.32,-0.0436059508695654,-0.0190144173913043,-0.0268000000000001,0.9517,True
376,withers,653.574,494.386,0.041701688695652,0.4128571634782607,0.2335999999999999,0.9854,True
377,occipital_protuberance,613.8419999999999,518.7900000000001,-0.0814082452173917,0.4941820956521741,0.4338000000000002,0.9817,True
377,tail_base,641.086,390.14,0.0033871395652174,0.0940040391304347,0.1905999999999999,0.8392,True
377,tail_tip,631.8140000000001,357.236,-0.0273020895652171,-0.0092185408695652,-0.0154,0.998,True
377,withers,651.9,499.02,0.0364502173913042,0.4258243043478261,0.242,0.9443,True
378,occipital_protuberance,609.3720000000001,517.636,-0.0953196626086954,0.4905906469565216,0.4168000000000001,0.946,True
378,tail_base,645.4280000000001,393.332,0.0168928800000003,0.1037349808695651,0.1968000000000001,0.8832,True
378,tail_tip,629.55,362.578,-0.0350052282608697,0.0086357395652173,-0.0148000000000001,0.9311,True
378,withers,649.8219999999999,503.456,0.0299101252173909,0.4368547060869563,0.2619000000000001,0.9485,True
379,occipital_protuberance,605.304,516.352,-0.1079799860869566,0.4865946156521739,0.4008000000000001,1.0,True
379,tail_base,649.478,396.982,0.0294188878260868,0.1147889121739129,0.2114000000000001,0.9134,True
379,tail_tip,628.45,367.988,-0.0387251413043476,0.0267823747826085,-0.0105999999999999,0.9395,True
379,withers,648.01,506.55,0.024299902173913,0.4445880978260869,0.283,0.9137,True
380,occipital_protuberance,602.0620000000001,515.288,-0.1179212008695648,0.4826756139130435,0.3764,0.9554,True
380,tail_base,654.296,399.996,0.0443176000000001,0.1239875999999999,0.215,0.8937,True
380,tail_tip,635.596,371.96,-0.0147524426086956,0.0400633999999999,-0.0078000000000001,0.8683,True
380,withers,646.0939999999999,508.7780000000001,0.0184396491304345,0.4501828221739133,0.2936999999999998,0.9328,True
381,occipital_protuberance,599.69,514.0799999999999,-0.124969763043478,0.4776814956521736,0.3958000000000002,0.9488,True
381,tail_base,660.0840000000001,402.24,0.0620158991304349,0.1304297739130435,0.2261999999999998,0.922,True
381,tail_tip,643.268,374.806,0.0109321704347827,0.0495292886956521,-0.0105999999999999,0.8023,True
381,withers,644.222,509.494,0.0127210695652173,0.4504319217391305,0.316,0.9527,True
382,occipital_protuberance,597.69,512.478,-0.1304343717391302,0.4700631560869563,0.4438000000000002,0.9826,True
382,tail_base,665.7959999999999,404.306,0.0793507391304345,0.1362891086956521,0.237,0.9158,True
382,tail_tip,650.612,376.59,0.0354832982608694,0.0554719108695653,-0.0161999999999998,0.4781,True
382,withers,642.0640000000001,510.214,0.0061771930434784,0.4495643778260867,0.3460999999999999,0.943,True
383,occipital_protuberance,595.786,510.94,-0.1360637791304349,0.4645014434782606,0.4618000000000001,0.9458,True
383,tail_base,671.706,406.39,0.0973236347826087,0.1423971304347825,0.25,0.9427,True
383,tail_tip,665.24,376.132,0.0834182,0.05331626,0.0264,0.8161,True
383,withers,639.8820000000001,510.592,-0.0003534356521737,0.4510557773913042,0.3544000000000001,0.8974,True
384,occipital_protuberance,593.952,509.526,-0.1412872765217391,0.4587847747826087,0.4781999999999998,0.962,True
384,tail_base,677.49,408.06,0.11397775,0.1461128478260869,0.284,0.9485,True
384,tail_tip,678.616,375.682,0.1269794817391303,0.0515665069565217,0.0418000000000001,0.9403,True
384,withers,637.5260000000001,511.534,-0.007406940869565,0.4536796191304347,0.4075999999999999,0.9411,True
385,occipital_protuberance,591.8820000000001,508.414,-0.1476385765217389,0.4553728686956523,0.4901999999999998,0.9562,True
385,tail_base,682.284,410.476,0.1266313878260869,0.1511646469565217,0.3328000000000002,0.9784,True
385,tail_tip,683.728,376.772,0.143722528695652,0.0551251886956521,0.0396999999999998,0.9502,True
385,withers,634.9300000000001,512.626,-0.0152188173913041,0.4581434365217391,0.4544000000000001,0.9382,True
386,occipital_protuberance,589.858,507.116,-0.1538487365217392,0.4513902660869565,0.4991999999999998,0.9934,True
386,tail_base,686.298,413.72,0.1367502013043478,0.1586725304347825,0.3635999999999999,0.967,True
386,tail_tip,687.8100000000001,378.56,0.1572117521739132,0.0610301217391304,0.0313000000000001,0.903,True
386,withers,632.2760000000001,513.706,-0.023185433043478,0.4613853147826088,0.4944000000000001,0.9331,True
387,occipital_protuberance,587.6859999999999,506.116,-0.1609906486956524,0.4496561078260869,0.4908000000000002,1.0,True
387,tail_base,689.8520000000001,416.83600000000007,0.1459146365217394,0.1663565008695654,0.3881999999999998,0.9344,True
387,tail_tip,691.524,381.228,0.1685730869565217,0.0694524782608694,0.0465,0.99,True
387,withers,630.15,514.426,-0.0298176630434783,0.4674743586956523,0.512,1.0,True
388,occipital_protuberance,585.678,505.00200000000007,-0.1670991956521739,0.4460387608695654,0.483,0.9432,True
388,tail_base,693.132,419.61,0.1541290017391303,0.1729208347826087,0.4156999999999998,0.9307,True
388,tail_tip,694.7520000000001,384.24799999999993,0.1796222678260871,0.0795492539130432,0.0383000000000001,0.9281,True
388,withers,628.15,514.606,-0.0359467173913044,0.46899394,0.5141999999999998,0.9891,True
389,occipital_protuberance,583.7860000000001,503.778,-0.1730657973913041,0.4426487034782608,0.4895999999999999,0.8886,True
389,tail_base,696.216,422.044,0.1632830382608695,0.180210844347826,0.4158000000000001,0.8451,True
389,tail_tip,698.1580000000001,387.528,0.190884670434783,0.0903516834782607,0.0369,0.9912,True
389,withers,626.414,514.226,-0.0414225326086956,0.4702216630434783,0.508,0.9568,True
390,occipital_protuberance,582.0799999999999,501.952,-0.1780914086956524,0.4364715408695651,0.5101999999999998,0.9374,True
390,tail_base,698.588,424.068,0.1707203373913042,0.1866885808695653,0.4151999999999998,0.876,True
390,tail_tip,701.7940000000001,390.588,0.2025365517391307,0.1002554947826087,0.0515999999999999,0.9997,True
390,withers,625.158,513.218,-0.0451745308695651,0.4663489604347824,0.4968000000000002,0.927,True
391,occipital_protuberance,580.49,500.38,-0.1827474478260869,0.4310886695652173,0.5308000000000002,0.9669,True
391,tail_base,700.138,425.46,0.1756683273913044,0.1912143521739131,0.4120999999999999,0.9074,True
391,tail_tip,705.5559999999999,393.334,0.2146673973913041,0.1091543569565217,0.0614,0.9284,True
391,withers,624.1379999999999,512.16,-0.048420479130435,0.4644849391304347,0.4805999999999999,0.898,True
392,occipital_protuberance,578.88,498.816,-0.1878642782608696,0.4266781356521738,0.5451999999999998,0.968,True
392,tail_base,701.2379999999999,426.81000000000006,0.1799065939130433,0.1962761608695654,0.4001999999999998,0.9719,True
392,tail_tip,709.102,395.734,0.2264893160869564,0.1171220691304349,0.0620999999999999,0.9672,True
392,withers,623.12,511.012,-0.0515280347826086,0.4609805443478261,0.4805999999999999,0.9115,True
393,occipital_protuberance,577.746,496.75,-0.19143105,0.42050625,0.596,0.9567,True
393,tail_base,702.0640000000001,428.42,0.1821848243478263,0.2008424478260868,0.4059000000000001,0.9879,True
393,tail_tip,712.1659999999999,397.848,0.2356690547826085,0.1235984034782607,0.0765999999999999,0.9731,True
393,withers,622.3459999999999,509.682,-0.0541210234782612,0.4588729486956521,0.4595999999999999,0.9317,True
394,occipital_protuberance,576.754,494.674,-0.1948114291304347,0.4148251969565216,0.6091999999999999,0.91,True
394,tail_base,702.862,430.138,0.1853199091304346,0.2067698734782609,0.3943000000000002,0.9078,True
394,tail_tip,714.182,399.49,0.2422526095652174,0.1289606043478259,0.0800999999999999,0.9398,True
394,withers,621.944,508.20200000000006,-0.0552592104347827,0.453562555652174,0.4404,0.9656,True
395,occipital_protuberance,575.9460000000001,492.908,-0.1975508908695648,0.409905607826087,0.6055999999999999,0.9927,True
395,tail_base,704.216,431.778,0.19031668,0.212728146521739,0.3799,0.7735,True
395,tail_tip,715.17,400.926,0.2451359065217389,0.1334632447826088,0.0878000000000001,0.984,True
395,withers,621.5600000000001,506.93,-0.0564825217391302,0.4500529782608696,0.3945,0.9685,True
396,occipital_protuberance,575.476,491.054,-0.1989162704347826,0.4040166899999999,0.5888000000000002,0.9599,True
396,tail_base,705.8039999999999,433.96,0.1959814782608691,0.2202721739130436,0.37,0.8152,True
396,tail_tip,715.488,402.138,0.2457134400000001,0.1371591900000001,0.0934000000000001,1.0,True
396,withers,621.0440000000001,505.7679999999999,-0.0581866782608692,0.4474443826086953,0.377,0.9465,True
397,occipital_protuberance,575.41,488.99799999999993,-0.1986002086956522,0.3966408069565216,0.5786999999999998,0.9781,True
397,tail_base,707.3599999999999,436.33,0.2012013913043475,0.2279943913043479,0.362,0.8625,True
397,tail_tip,715.434,403.114,0.246210016521739,0.1407203469565216,0.0816999999999998,1.0,True
397,withers,620.596,504.754,-0.0595871530434782,0.4445206530434782,0.3758000000000002,0.9426,True
398,occipital_protuberance,575.1279999999999,487.574,-0.1992980660869567,0.3919295147826085,0.5296,0.9207,True
398,tail_base,709.092,438.77199999999993,0.2079819399999999,0.2371208443478259,0.3485999999999999,0.7908,True
398,tail_tip,715.28,404.282,0.2467220173913042,0.1451294417391303,0.0693000000000001,1.0,True
398,withers,620.298,503.886,-0.0604251773913043,0.4412921060869564,0.3404000000000001,0.9538,True
399,occipital_protuberance,575.108,486.104,-0.1991055843478262,0.3869199686956521,0.4991999999999998,0.9522,True
399,tail_base,710.892,441.192,0.2120749591304349,0.2428876330434782,0.3658000000000002,0.8247,True
399,tail_tip,715.4399999999999,405.75200000000007,0.2477055999999998,0.1502256973913046,0.0636999999999998,1.0,True
399,withers,619.94,503.226,-0.0613923217391302,0.438333832173913,0.3244000000000001,0.9308,True
400,occipital_protuberance,575.5199999999999,484.382,-0.1976732521739134,0.381311948695652,0.4685999999999999,0.959,True
400,tail_base,712.506,443.648,0.2180066273913042,0.2515077147826086,0.3698000000000002,0.7959,True
400,tail_tip,716.088,408.29,0.248824300869565,0.1579187978260868,0.0759,0.946,True
400,withers,619.774,502.376,-0.0620058808695652,0.4364752939130435,0.3195999999999999,0.9374,True
401,occipital_protuberance,575.932,482.166,-0.1959923686956521,0.3737217286956522,0.3635999999999999,0.9454,True
401,tail_base,714.07,446.596,0.2219845695652175,0.2595244469565217,0.3828000000000002,0.8357,True
401,tail_tip,717.1940000000001,411.562,0.2507630308695654,0.1674980360869565,0.0924000000000001,0.9582,True
401,withers,619.92,501.058,-0.0616106782608696,0.4328027417391304,0.2951999999999998,0.9623,True
402,occipital_protuberance,576.394,479.294,-0.1946620147826086,0.3650915069565218,0.3164,0.9287,True
402,tail_base,715.196,449.422,0.2250812443478261,0.2676633734782609,0.3821999999999998,0.8152,True
402,tail_tip,718.512,415.90600000000006,0.2548055756521737,0.1814392769565219,0.1061999999999998,0.6118,True
402,withers,619.964,499.464,-0.061501808695652,0.4280938434782607,0.286,0.9648,True
403,occipital_protuberance,577.1460000000001,475.982,-0.1929481160869563,0.356039526521739,0.2568000000000002,0.9849,True
403,tail_base,715.936,451.988,0.2282867269565218,0.2765439243478261,0.3661999999999998,0.7438,True
403,tail_tip,720.554,420.958,0.2603470256521738,0.1970136056521738,0.1260999999999999,0.8736,True
403,withers,620.1020000000001,497.65199999999993,-0.0613723530434779,0.4245666469565215,0.2654000000000001,0.9614,True
404,occipital_protuberance,578.242,472.096,-0.1898252960869566,0.344548987826087,0.2461999999999998,0.9122,True
404,tail_base,716.3900000000001,454.79,0.2307808326086959,0.2863688326086955,0.3525999999999999,0.8014,True
404,tail_tip,722.4480000000001,426.116,0.2646401565217394,0.2122179869565216,0.15,0.9315,True
404,withers,620.586,495.21400000000006,-0.0602087226086956,0.4193397660869566,0.2348000000000001,0.9613,True
405,occipital_protuberance,579.2540000000001,467.46400000000006,-0.1876919343478257,0.3320403982608697,0.2314,0.9751,True
405,tail_base,717.126,457.61800000000005,0.2340271104347825,0.2962069660869566,0.3404000000000001,0.7573,True
405,tail_tip,723.9,430.788,0.2705410217391303,0.2282605226086957,0.1399,0.8115,True
405,withers,620.8140000000001,492.074,-0.0596559473913041,0.4106640047826085,0.2239000000000001,0.9899,True
406,occipital_protuberance,580.722,462.38,-0.18465097,0.3189136999999999,0.2081999999999998,0.9465,True
406,tail_base,718.092,460.2,0.2367715486956521,0.3038020434782608,0.3505999999999999,0.8109,True
406,tail_tip,725.316,435.15600000000006,0.2772213591304349,0.2442079852173915,0.1285999999999999,0.8489,True
406,withers,621.46,488.294,-0.0578730130434781,0.40047251,0.2091999999999998,0.9294,True
407,occipital_protuberance,582.428,456.974,-0.1806008608695652,0.3042032217391304,0.188,0.928,True
407,tail_base,720.0519999999999,463.164,0.2435321060869562,0.3138428295652176,0.3521999999999998,0.8084,True
407,tail_tip,726.9100000000001,438.826,0.2822685652173916,0.2560131391304349,0.144,0.7668,True
407,withers,621.87,483.818,-0.0567666065217391,0.3876849247826088,0.1934000000000001,0.9439,True
408,occipital_protuberance,584.362,451.06,-0.1749089386956522,0.2862649260869563,0.1818000000000001,0.9436,True
408,tail_base,722.134,466.398,0.2480803904347827,0.3213682199999999,0.3796999999999998,0.8162,True
408,tail_tip,728.202,442.048,0.2864647565217391,0.2664776347826085,0.148,0.8552,True
408,withers,622.41,478.724,-0.0548616804347827,0.370289832173913,0.1975999999999999,0.9294,True
409,occipital_protuberance,586.64,444.706,-0.1681072,0.266860728695652,0.1755999999999999,0.9932,True
409,tail_base,724.196,469.53600000000006,0.2549674521739131,0.3317035826086958,0.384,0.7796,True
409,tail_tip,730.75,445.27,0.296614402173913,0.2787031413043478,0.1405,0.9658,True
409,withers,622.672,473.854,-0.0540219234782607,0.3549522204347825,0.1953000000000002,0.9416,True
410,occipital_protuberance,588.876,438.626,-0.1609294608695652,0.2475009739130435,0.1745,0.9504,True
410,tail_base,726.016,472.732,0.2557854052173912,0.3352306582608695,0.4421999999999998,0.8559,True
410,tail_tip,734.5699999999999,448.2480000000001,0.3092438999999997,0.2885709600000001,0.1500999999999999,0.876,True
410,withers,623.258,469.224,-0.0521731673913042,0.3403752260869565,0.1965,0.9457,True
411,occipital_protuberance,590.5640000000001,433.184,-0.1558201226086954,0.2306727860869566,0.1706999999999998,0.9092,True
411,tail_base,727.626,475.75200000000007,0.2609921360869564,0.344764815652174,0.4298000000000002,0.833,True
411,tail_tip,738.8399999999999,451.078,0.322605165217391,0.297270672173913,0.1521999999999998,0.7775,True
411,withers,623.586,465.448,-0.0511974069565216,0.3289060660869564,0.1939000000000001,0.8865,True
412,occipital_protuberance,592.266,428.384,-0.1496564669565218,0.2143987060869566,0.1895999999999999,0.9838,True
412,tail_base,728.606,477.878,0.2636798986956521,0.3507895526086956,0.4396999999999998,0.8091,True
412,tail_tip,743.3520000000001,453.73,0.3368825843478263,0.305519047826087,0.1561999999999998,0.8656,True
412,withers,624.0139999999999,462.70200000000006,-0.0501091595652177,0.3219261169565219,0.1831999999999998,0.9323,True
413,occipital_protuberance,593.8439999999999,424.296,-0.144086991304348,0.2007153391304347,0.209,0.915,True
413,tail_base,729.088,479.376,0.2640297182608694,0.3537941321739131,0.4469000000000001,0.8067,True
413,tail_tip,747.902,455.958,0.3538247321739132,0.3146587982608695,0.1416999999999998,0.9362,True
413,withers,624.342,460.20200000000006,-0.0492716413043478,0.3153095543478262,0.172,0.9737,True
414,occipital_protuberance,594.9100000000001,421.236,-0.1403377239130432,0.1905903939130434,0.2175999999999999,0.9885,True
414,tail_base,729.392,480.414,0.2622683547826088,0.3532842052173914,0.4743000000000001,0.8187,True
414,tail_tip,751.266,457.916,0.3651943626086955,0.3213773408695652,0.1584000000000001,0.8963,True
414,withers,624.6279999999999,457.838,-0.0485187104347828,0.3088065047826088,0.1631999999999998,0.9407,True
415,occipital_protuberance,596.05,418.5,-0.1363692065217392,0.1815153260869565,0.2194000000000001,0.9975,True
415,tail_base,729.48,480.6060000000001,0.2645301130434783,0.3565480421739132,0.4536999999999998,0.7804,True
415,tail_tip,753.404,459.65600000000006,0.3725567930434783,0.3273916243478263,0.1625999999999999,0.953,True
415,withers,625.0200000000001,455.916,-0.0476136043478257,0.3048669208695652,0.1428000000000001,0.9028,True
416,occipital_protuberance,597.256,416.08,-0.1317630260869566,0.172872695652174,0.231,0.9628,True
416,tail_base,729.2900000000001,480.184,0.2640848804347828,0.3554572434782609,0.4525,0.8031,True
416,tail_tip,754.406,460.866,0.3768931573913042,0.3322876878260869,0.1701999999999998,0.9379,True
416,withers,625.434,453.65,-0.0465922008695653,0.2995578478260868,0.1241999999999998,0.9563,True
417,occipital_protuberance,598.4200000000001,414.004,-0.1271624869565215,0.16515832,0.2534,0.976,True
417,tail_base,729.184,479.79800000000006,0.2618907547826086,0.351789431304348,0.4719000000000001,0.786,True
417,tail_tip,754.326,461.7299999999999,0.3790403969565218,0.3372791804347823,0.1623000000000002,0.9176,True
417,withers,626.156,450.874,-0.0445114695652175,0.2921796652173912,0.1055,0.9655,True
418,occipital_protuberance,599.438,411.944,-0.123520107826087,0.1581807721739129,0.2654000000000001,0.9812,True
418,tail_base,729.268,479.402,0.2623508895652175,0.3509120952173915,0.4696999999999998,0.8007,True
418,tail_tip,753.292,462.0280000000001,0.3721149626086957,0.3351176200000003,0.1871999999999998,0.9103,True
418,withers,626.9860000000001,448.2720000000001,-0.0420069286956518,0.2849266643478262,0.0939000000000001,0.9239,True
419,occipital_protuberance,600.338,409.83,-0.1202189708695653,0.1510390630434783,0.2854000000000001,0.9471,True
419,tail_base,729.284,479.018,0.2639118582608695,0.3518016839130436,0.4580999999999999,0.7821,True
419,tail_tip,751.876,461.684,0.367974756521739,0.3344519391304348,0.183,0.8966,True
419,withers,627.964,445.54,-0.0390358878260867,0.2774285347826086,0.0796999999999998,0.9737,True
420,occipital_protuberance,601.018,407.492,-0.1177510630434781,0.1434568130434783,0.295,0.9033,True
420,tail_base,729.196,478.8639999999999,0.2649896817391304,0.3531294399999997,0.4443000000000002,0.784,True
420,tail_tip,750.038,461.084,0.3606136630434783,0.3312698478260869,0.174,0.8943,True
420,withers,628.7059999999999,442.536,-0.0367128656521742,0.2682958278260867,0.0729,0.9865,True
421,occipital_protuberance,601.432,404.684,-0.1166011252173912,0.1350913886956522,0.2995999999999999,0.9514,True
421,tail_base,729.002,478.67,0.2634459199999998,0.3512631999999998,0.4543000000000002,0.765,True
421,tail_tip,748.052,460.596,0.3499240530434783,0.3257779591304348,0.2055999999999999,0.8936,True
421,withers,629.176,439.22,-0.0351685878260868,0.2573961130434781,0.0743000000000001,0.9205,True
422,occipital_protuberance,601.526,401.716,-0.1172536969565219,0.1271340443478261,0.2841999999999998,0.9483,True
422,tail_base,728.682,478.734,0.2620745886956522,0.3508847817391305,0.4586999999999998,0.7322,True
422,tail_tip,746.226,460.211,0.3388032084782609,0.3196186274999999,0.2436999999999998,0.8925,True
422,withers,629.496,435.434,-0.0339256365217391,0.2436354213043479,0.0955999999999999,0.9655,True
423,occipital_protuberance,601.178,398.42,-0.1192426169565217,0.1180078652173911,0.2621999999999998,0.9567,True
423,tail_base,728.288,478.882,0.2627719582608696,0.3538290134782607,0.4318000000000002,0.7485,True
423,tail_tip,744.642,460.207,0.3320449897826089,0.3179720598913043,0.2506999999999998,0.9116,True
423,withers,629.5260000000001,431.696,-0.033741080217391,0.2309624295652174,0.1103000000000001,0.9064,True
424,occipital_protuberance,600.4959999999999,394.876,-0.1224795756521743,0.1081307634782609,0.2355999999999999,0.9684,True
424,tail_base,727.818,479.16,0.2616021856521738,0.3549672782608696,0.4294000000000001,0.7488,True
424,tail_tip,743.156,460.705,0.3225531143478259,0.3148892103260871,0.2853000000000001,0.8832,False
424,withers,629.2760000000001,428.038,-0.0343366160869563,0.2178473223913044,0.1353000000000001,0.9801,True
425,occipital_protuberance,599.616,391.25,-0.1259541843478261,0.0974660326086956,0.2185999999999999,0.9281,True
425,tail_base,727.3219999999999,479.542,0.2608080343478258,0.3570407691304349,0.4221999999999998,0.7644,True
425,tail_tip,742.162,461.335,0.3205110658695653,0.3179165331521741,0.2916999999999998,0.8831,True
425,withers,628.9860000000001,424.378,-0.0350592380434779,0.2049249706521738,0.1525,0.938,False
426,occipital_protuberance,598.704,387.864,-0.1291846608695653,0.0871658608695651,0.21,0.9845,True
426,tail_base,726.87,480.07,0.2623851695652174,0.3626636043478261,0.3911999999999998,0.8035,True
426,tail_tip,741.338,462.051,0.3183224849999999,0.3205621575000001,0.2880999999999999,0.8595,True
426,withers,628.878,421.08600000000007,-0.0350282554347824,0.1923877010869567,0.1835,0.9846,True
427,occipital_protuberance,597.8100000000001,384.706,-0.1320455282608693,0.0773244091304348,0.2125999999999999,0.9253,True
427,tail_base,726.466,480.568,0.2630634065217391,0.3668150347826088,0.371,0.8204,True
427,tail_tip,740.9,462.884,0.3162776304347826,0.322496607826087,0.2976999999999998,0.7953,True
427,withers,628.8040000000001,418.434,-0.0350130560869562,0.1827396319565218,0.2004,0.9627,True
428,occipital_protuberance,597.154,381.984,-0.1338658069565217,0.0686856626086957,0.2215999999999999,0.9895,True
428,tail_base,726.066,480.926,0.2629690500000001,0.3694815065217392,0.359,0.8307,True
428,tail_tip,740.418,463.606,0.3143738299999999,0.3243543491304346,0.3013000000000002,0.817,True
428,withers,628.7800000000001,416.072,-0.0349185913043475,0.1745058156521739,0.2108000000000001,0.9211,True
429,occipital_protuberance,596.7160000000001,379.75,-0.1347073356521735,0.0614654347826087,0.2328000000000001,0.9837,True
429,tail_base,725.8779999999999,480.864,0.2638321513043476,0.371315227826087,0.3435999999999999,0.7933,True
429,tail_tip,740.278,464.354,0.3157449026086957,0.3285789860869565,0.2881999999999998,0.7748,True
429,withers,628.8520000000001,413.966,-0.0346048460869562,0.1675175030434783,0.2181999999999998,0.9777,True
430,occipital_protuberance,596.522,378.148,-0.1348479621739129,0.0562864165217392,0.2495999999999999,0.9719,True
430,tail_base,725.7479999999999,480.226,0.2606366382608693,0.3654347678260869,0.3735999999999999,0.8365,True
430,tail_tip,739.806,465.006,0.3069902378260871,0.3229847595652172,0.3551999999999998,0.8596,True
430,withers,629.102,412.3200000000001,-0.0336653434782609,0.1616233043478262,0.225,0.9813,True
431,occipital_protuberance,596.3960000000001,376.866,-0.1348311513043476,0.0521526052173912,0.2581999999999998,0.9542,True
431,tail_base,725.5319999999999,479.564,0.2599800921739128,0.3634225756521738,0.3735999999999999,0.7857,True
431,tail_tip,739.332,465.614,0.3034376660869565,0.3226278104347827,0.3745999999999999,0.9254,True
431,withers,629.362,411.028,-0.0328482939130435,0.1575655895652173,0.2261999999999998,0.9856,True
432,occipital_protuberance,596.202,375.578,-0.1351358726086956,0.0480649030434781,0.2644000000000001,0.9544,True
432,tail_base,725.2760000000001,478.732,0.2604254886956524,0.3625972034782608,0.3524000000000001,0.8176,True
432,tail_tip,738.5379999999999,465.988,0.3020618126086953,0.3248993017391304,0.3648000000000002,0.8906,True
432,withers,629.896,409.754,-0.0311598573913044,0.1534370095652174,0.2298000000000001,0.9501,True
433,occipital_protuberance,596.0840000000001,374.562,-0.1352039982608694,0.0448319660869565,0.2705999999999999,0.9839,True
433,tail_base,724.938,477.842,0.2593932660869565,0.3598792208695651,0.3524000000000001,0.8497,True
433,tail_tip,737.858,466.19,0.3040830982608694,0.3299738826086954,0.3261999999999998,0.9037,True
433,withers,630.6679999999999,408.448,-0.0286816991304351,0.1489038747826088,0.2394,0.9214,True
434,occipital_protuberance,595.952,373.554,-0.13566784,0.0417463199999999,0.2694000000000001,0.9927,True
434,tail_base,724.414,477.122,0.2577930156521739,0.3576804034782609,0.3524000000000001,0.8404,True
434,tail_tip,736.932,466.176,0.2993302304347827,0.3278761043478262,0.3405,0.8887,True
434,withers,631.55,406.95,-0.025829445652174,0.143513902173913,0.2548000000000002,0.8948,True
435,occipital_protuberance,595.914,372.51,-0.1360148939130435,0.0385960695652173,0.2680999999999999,1.0,True
435,tail_base,723.846,476.756,0.2598132356521739,0.3617913095652172,0.3111999999999998,0.863,True
435,tail_tip,736.012,466.018,0.2967188243478259,0.3276417147826088,0.3383000000000001,0.8856,True
435,withers,632.2760000000001,405.362,-0.0235397295652171,0.1382456256521738,0.2631999999999998,0.9312,True
436,occipital_protuberance,596.1080000000001,371.3,-0.135588113043478,0.0349071739130435,0.2645,1.0,True
436,tail_base,723.2900000000001,476.028,0.259683734782609,0.3617551252173912,0.2935999999999999,0.8632,True
436,tail_tip,735.4199999999998,465.72,0.2951382086956516,0.326996556521739,0.3324000000000001,0.8793,True
436,withers,632.8779999999999,403.314,-0.0216864900000002,0.1318911299999998,0.2690999999999999,0.9714,True
437,occipital_protuberance,596.364,369.73,-0.1354423495652172,0.0302010739130435,0.2544,0.9999,True
437,tail_base,722.686,475.268,0.259508213478261,0.3617661121739131,0.2745999999999999,0.8835,True
437,tail_tip,735.32,465.36800000000005,0.2936892086956523,0.3246479704347828,0.3434000000000001,0.8624,True
437,withers,633.292,401.22,-0.0203908617391303,0.1252998391304347,0.2739000000000001,0.9367,True
438,occipital_protuberance,596.742,367.72,-0.1348521130434783,0.0240662608695651,0.242,0.9508,True
438,tail_base,722.0559999999999,474.2720000000001,0.2598499460869563,0.3618696139130436,0.2450999999999999,0.868,True
438,tail_tip,735.0130588235294,464.9537647058824,0.2889952189198134,0.3192312360343012,0.3796941176470586,0.7609,True
438,withers,633.616,399.10800000000006,-0.0194642608695652,0.119236891304348,0.2655,0.9461,True
439,occipital_protuberance,597.0640000000001,365.148,-0.1348657095652171,0.0161703156521739,0.2201999999999998,0.999,True
439,tail_base,721.278,473.414,0.2606196739130436,0.3636644565217393,0.2085,0.8353,True
439,tail_tip,734.3911764705882,464.34729411764704,0.287084365879344,0.3173652229276364,0.3798823529411765,0.4429,True
439,withers,633.96,396.918,-0.0184613913043477,0.1128406695652174,0.2585,0.9767,True
440,occipital_protuberance,597.632,362.15,-0.1344631373913045,0.0068234456521738,0.1941999999999998,0.9997,True
440,tail_base,720.444,472.482,0.2595368269565216,0.3629011656521738,0.1903000000000002,0.8288,True
440,tail_tip,733.5803529411766,463.58458823529406,0.2878038624432077,0.3185716194343311,0.3440647058823533,0.0549,True
440,withers,634.612,394.484,-0.0165177339130435,0.1057159495652175,0.2500999999999999,0.9898,True
441,occipital_protuberance,598.258,358.584,-0.1340190430434781,-0.0045462834782608,0.1561999999999998,0.9756,True
441,tail_base,719.426,471.6,0.2587042952173914,0.3635006086956522,0.1619000000000001,0.8233,True
441,tail_tip,732.3205882352942,462.6376470588235,0.2856979840529564,0.3176254550925229,0.3149411764705883,0.0111,True
441,withers,635.552,392.0100000000001,-0.0136244173913042,0.0980480217391305,0.249,0.9714,True
442,occipital_protuberance,599.522,354.908,-0.1306559443478259,-0.0164360904347825,0.1334000000000001,0.9766,True
442,tail_base,718.144,470.854,0.2563802713043479,0.3636975147826087,0.1365999999999999,0.8394,True
442,tail_tip,730.3658823529412,461.5164705882353,0.2813706994132691,0.3160900949300436,0.2974117647058824,0.0121,True
442,withers,637.028,389.008,-0.0091227478260868,0.0890419478260869,0.243,0.9917,True
443,occipital_protuberance,601.25,350.344,-0.1256763586956521,-0.0313169269565217,0.1156999999999998,0.8832,True
443,tail_base,716.65,470.114,0.2526284021739129,0.3629213813043479,0.1228000000000001,0.8837,True
443,tail_tip,729.3885294117647,460.9558823529412,0.2791791237964494,0.3153063929216186,0.2816470588235297,0.0196,True
443,withers,638.786,385.486,-0.0037264521739132,0.0782309391304347,0.243,0.9787,True
444,occipital_protuberance,603.734,345.43100000000004,-0.1178566160869564,-0.0473460828260868,0.0981999999999998,0.9975,True
444,tail_base,715.198,468.712,0.2483005265217391,0.3589622973913043,0.1171999999999998,0.8907,True
444,tail_tip,728.4111764705882,460.395294117647,0.2769689259816457,0.3145120096284035,0.2728823529411766,0.0196,True
444,withers,640.6540000000001,381.658,0.0020126139130438,0.0666501408695652,0.2393000000000001,0.9374,True
445,occipital_protuberance,606.588,340.069,-0.1086325808695653,-0.0648017469565216,0.0968000000000001,0.9657,True
445,tail_base,713.4559999999999,467.066,0.2436503582608692,0.3551332669565217,0.0959000000000001,0.8939,True
445,tail_tip,727.4338235294117,459.83470588235286,0.2747401059688579,0.3137069450503984,0.2641176470588239,0.0204,True
445,withers,642.366,376.91,0.0072780217391303,0.0520166304347825,0.237,0.9383,True
446,occipital_protuberance,609.664,334.553,-0.0978006260869565,-0.0820389152173913,0.1185,0.9502,False
446,tail_base,711.7479999999999,465.266,0.2374390878260867,0.3483618082608695,0.1029,0.8549,True
446,tail_tip,726.4564705882353,459.2741176470588,0.2724926637580865,0.3128911991876033,0.2403529411764707,0.0236,True
446,withers,644.02,372.098,0.0123553826086955,0.03718294,0.2289000000000001,0.9389,True
447,occipital_protuberance,612.4979999999999,328.635,-0.0890765865217393,-0.1015885076086956,0.1011999999999998,0.9557,True
447,tail_base,710.0699999999999,463.086,0.2318860021739128,0.3411474299999998,0.0734,0.9059,True
447,tail_tip,,,,,,0.024,True
447,withers,645.302,367.412,0.0162955817391305,0.0227806208695651,0.2254000000000001,0.9495,True
448,occipital_protuberance,615.4440000000001,323.059,-0.079790985217391,-0.1200341580434782,0.0915999999999999,0.9539,True
448,tail_base,708.422,460.56000000000006,0.2273990295652175,0.3342089739130436,0.0564,0.9667,True
448,tail_tip,,,,,,0.0101,True
448,withers,646.478,362.78,0.0197931065217389,0.0084941086956522,0.2385,0.9368,True
449,occipital_protuberance,617.812,317.65,-0.0716093582608695,-0.1366800217391305,0.1118000000000001,0.9376,True
449,tail_base,706.832,458.112,0.2220129982608695,0.3259237982608695,0.0538000000000001,0.9663,True
449,tail_tip,,,,,,0.0225,True
449,withers,647.3820000000001,357.946,0.022468561304348,-0.0062517508695653,0.2458000000000001,0.9299,True
450,occipital_protuberance,619.784,312.512,-0.0645549617391304,-0.151641572173913,0.1501999999999998,0.924,True
450,tail_base,705.6120000000001,455.424,0.2184594330434785,0.3177204313043477,0.0473000000000001,0.9071,True
450,tail_tip,,,,,,0.0195,True
450,withers,647.646,353.92600000000004,0.0232920430434781,-0.0185032526086955,0.2434000000000001,0.921,True
451,occipital_protuberance,621.3860000000001,307.97400000000005,-0.0593381947826084,-0.1658498399999999,0.1591999999999998,0.98,True
451,tail_base,704.814,452.476,0.2162955899999998,0.3086084947826086,0.0478000000000001,0.9422,True
451,tail_tip,,,,,,0.0183,True
451,withers,647.6859999999999,350.014,0.0235158182608693,-0.0305528182608695,0.2311999999999998,0.9617,True
452,occipital_protuberance,622.6320000000001,303.72200000000004,-0.0545732765217389,-0.1768352634782607,0.2051999999999998,0.9002,True
452,tail_base,704.284,449.334,0.2149181817391304,0.2986668665217391,0.0421999999999998,0.9308,True
452,tail_tip,,,,,,0.0193,True
452,withers,647.466,346.13,0.022964442173913,-0.0426623108695652,0.2196999999999998,0.9372,True
453,occipital_protuberance,623.03,299.836,-0.0525664195652174,-0.1863645295652173,0.2461999999999998,0.9578,True
453,tail_base,704.0319999999999,445.95200000000006,0.2142705599999997,0.287621551304348,0.0464,0.9108,True
453,tail_tip,,,,,,0.0112,True
453,withers,647.028,342.254,0.021858607826087,-0.0551939178260869,0.1915999999999999,0.911,True
454,occipital_protuberance,623.516,296.38199999999995,-0.0507958043478262,-0.1960402500000001,0.268,0.881,True
454,tail_base,703.8779999999999,442.15600000000006,0.214449555217391,0.2758119800000002,0.0294,0.9222,True
454,tail_tip,703.0,445.82,0.2129673913043478,0.2901089130434782,0.015,0.0245,True
454,withers,646.632,338.5,0.0207221165217389,-0.067178152173913,0.1854000000000001,0.9211,True
455,occipital_protuberance,623.582,293.348,-0.0504425204347826,-0.2047810252173912,0.2799000000000001,0.9392,True
455,tail_base,703.6800000000001,438.436,0.2135910260869567,0.2630845747826086,0.0321999999999998,0.8988,True
455,tail_tip,703.225,445.03,0.2152742527173913,0.2895179076086955,-0.0075,0.0624,True
455,withers,646.942,334.636,0.0216816769565217,-0.0792183886956522,0.1830999999999999,0.8896,True
456,occipital_protuberance,623.386,290.294,-0.0507810521739131,-0.2130579043478261,0.298,0.9045,True
456,tail_base,703.276,434.558,0.2136390339130433,0.2517304995652173,0.0038000000000001,0.8825,True
456,tail_tip,703.29,443.4166666666667,0.216699456521739,0.2856114130434783,-0.025,0.7193,True
456,withers,647.4159999999999,330.466,0.0231217982608693,-0.0920818756521738,0.1845999999999999,0.9029,True
457,occipital_protuberance,623.1139999999999,287.618,-0.0515023000000002,-0.2207651,0.304,0.8758,True
457,tail_base,702.552,430.236,0.2110042139130435,0.2369243504347825,0.0030999999999999,0.9185,True
457,tail_tip,703.1075,442.045,0.2161603362771738,0.2810264198369565,-0.03325,0.8932,True
457,withers,648.206,326.142,0.0254296804347826,-0.1049229978260869,0.202,0.8855,True
458,occipital_protuberance,622.614,284.68,-0.0529365904347825,-0.2293330260869564,0.3088000000000002,0.9723,True
458,tail_base,701.292,426.168,0.2073668252173914,0.2238636052173913,-0.0130999999999999,0.9469,True
458,tail_tip,702.674,440.87,0.2144132039130434,0.276663302173913,-0.0294,0.8474,True
458,withers,649.1119999999999,321.386,0.0281125008695647,-0.1191325843478262,0.2145999999999999,0.8512,True
459,occipital_protuberance,621.61,281.558,-0.0557816673913043,-0.2379350491304348,0.3159,0.9852,True
459,tail_base,699.83,422.4860000000001,0.2032789282608697,0.2123029769565219,-0.0298000000000001,0.8831,True
459,tail_tip,702.014,438.33600000000007,0.2132742347826087,0.2694077217391307,-0.05,0.9197,True
459,withers,650.12,316.516,0.0311564,-0.1338740017391305,0.2345999999999999,0.9361,True
460,occipital_protuberance,620.422,278.276,-0.0592319621739129,-0.247250632173913,0.3230999999999999,0.9658,True
460,tail_base,698.488,418.9,0.1991770695652175,0.2005801086956521,-0.045,0.8413,True
460,tail_tip,700.9739999999999,435.608,0.2105061073913041,0.2610284017391304,-0.0621999999999998,0.9381,True
460,withers,650.766,311.372,0.0331592799999998,-0.1497742399999999,0.2334,0.9142,True
461,occipital_protuberance,619.088,274.942,-0.0632678921739131,-0.2573374317391304,0.3195999999999999,0.9744,True
461,tail_base,696.966,414.922,0.1933500343478261,0.1864124317391305,-0.0340999999999999,0.8965,True
461,tail_tip,699.706,433.066,0.2048694573913044,0.2507116834782608,-0.0468000000000001,0.9097,True
461,withers,651.1600000000001,306.076,0.0343582434782611,-0.1660155843478262,0.2380999999999999,0.9427,True
462,occipital_protuberance,617.6659999999999,271.54200000000003,-0.0674244039130436,-0.2670470099999999,0.3290999999999999,0.9386,True
462,tail_base,696.0179999999999,411.1700000000001,0.1905708004347823,0.1740781152173915,-0.0338000000000001,0.9102,True
462,tail_tip,698.6,430.63,0.200883347826087,0.2421227108695652,-0.0473000000000001,0.945,True
462,withers,651.442,301.034,0.0352264356521739,-0.1815383678260869,0.2345999999999999,0.9889,True
463,occipital_protuberance,616.144,268.54799999999994,-0.0718687930434782,-0.2755090904347828,0.3349000000000001,0.9277,True
463,tail_base,695.8100000000001,407.372,0.1886863304347828,0.1601585530434783,-0.0109,0.9061,True
463,tail_tip,697.932,428.352,0.1983163486956522,0.2339867269565216,-0.0464,0.9713,True
463,withers,651.6940000000001,296.5559999999999,0.0358649895652176,-0.1945799895652176,0.2454000000000001,0.962,True
464,occipital_protuberance,614.852,265.994,-0.0755424052173913,-0.2823858495652175,0.3429000000000001,0.9169,True
464,tail_base,696.25,403.754,0.1898070652173913,0.1476412147826087,-0.0014,0.9299,True
464,tail_tip,697.54,425.9,0.1962113999999998,0.2247189999999999,-0.0411999999999998,0.9798,True
464,withers,651.734,292.22400000000005,0.0359570573913044,-0.2076892382608694,0.2478000000000002,0.9929,True
465,occipital_protuberance,613.828,263.892,-0.0783282443478261,-0.2876345295652174,0.3530999999999999,0.9591,True
465,tail_base,697.124,399.822,0.1926693173913044,0.1343126804347826,0.0,0.9355,True
465,tail_tip,697.4639999999999,423.11800000000005,0.1946280695652172,0.2137779217391306,-0.024,0.9733,True
465,withers,651.8720000000001,288.412,0.0362715408695654,-0.2187169026086957,0.2491999999999998,0.9424,True
466,occipital_protuberance,612.908,261.98400000000004,-0.080675264347826,-0.2918746017391303,0.3634000000000001,0.9612,True
466,tail_base,698.866,396.318,0.197098724347826,0.1216021382608695,0.0075999999999999,0.9889,True
466,tail_tip,697.7520000000001,419.734,0.1959801565217393,0.2027060304347827,-0.034,0.932,True
466,withers,652.0559999999999,285.068,0.0368179756521736,-0.2288358121739131,0.2469000000000001,1.0,True
467,occipital_protuberance,611.9619999999999,260.34000000000003,-0.0834252404347829,-0.2965318304347825,0.3655999999999999,0.9638,True
467,tail_base,700.802,392.732,0.2028275413043478,0.1091896826086955,0.005,0.9741,True
467,tail_tip,698.546,415.75,0.1981145730434784,0.188653152173913,-0.0246999999999998,0.8615,True
467,withers,652.324,281.89,0.0374783556521737,-0.2375393021739131,0.2586999999999998,1.0,True
468,occipital_protuberance,611.0319999999999,258.764,-0.0866017252173915,-0.302651624347826,0.3525999999999999,0.9467,True
468,tail_base,702.528,389.318,0.2082046469565218,0.097622566521739,0.0035999999999999,0.9172,True
468,tail_tip,699.826,411.076,0.2023549421739131,0.1727590182608696,-0.0158000000000001,0.9924,True
468,withers,652.7059999999999,279.094,0.0385903317391301,-0.2457255926086956,0.2658000000000002,0.9883,True
469,occipital_protuberance,609.9060000000001,256.79,-0.0909362173913041,-0.3118736956521738,0.316,0.9374,True
469,tail_base,703.7880000000001,385.74,0.2113046834782612,0.0852665478260869,0.0124,0.9086,True
469,tail_tip,701.552,406.434,0.208594375652174,0.1573607882608696,-0.0148000000000001,0.9722,True
469,withers,653.216,276.52599999999995,0.0400214956521739,-0.2527810478260871,0.281,0.9838,True
470,occipital_protuberance,608.556,254.314,-0.0964647234782607,-0.324226267826087,0.2695999999999999,0.9075,True
470,tail_base,704.6700000000001,382.236,0.2129330043478263,0.0732144469565217,0.0308000000000001,0.9246,True
470,tail_tip,703.402,401.54,0.2146709021739132,0.1406490217391305,-0.0155,0.8753,True
470,withers,653.876,274.22799999999995,0.0419296521739129,-0.2591806086956523,0.287,0.9637,True
471,occipital_protuberance,607.51,251.366,-0.1015948173913044,-0.3396937947826088,0.2076999999999998,0.9919,True
471,tail_base,704.8820000000001,378.726,0.2137297708695654,0.0616858865217391,0.0329,0.917,True
471,tail_tip,701.334,396.58,0.2068022478260867,0.1233382173913044,-0.014,0.9313,True
471,withers,654.854,272.038,0.0448074139130436,-0.2653392852173912,0.2953000000000002,0.9236,True
472,occipital_protuberance,607.114,247.954,-0.1042057252173912,-0.3550396730434783,0.1658000000000001,0.9275,True
472,tail_base,704.5899999999999,375.568,0.211995613043478,0.051096883478261,0.0439,0.8746,True
472,tail_tip,698.9300000000001,392.006,0.1982353956521741,0.1076654008695653,-0.0243000000000001,0.8395,True
472,withers,655.7520000000001,269.892,0.0477593791304349,-0.2732035382608695,0.2810999999999999,0.9441,True
473,occipital_protuberance,607.6179999999999,244.166,-0.1031296304347828,-0.3689061086956522,0.151,0.9747,True
473,tail_base,704.62,372.58,0.2119957434782608,0.0412706043478262,0.0453000000000001,0.954,True
473,tail_tip,696.278,386.894,0.1888738617391304,0.0902586026086956,-0.0310999999999999,0.319,True
473,withers,656.558,267.494,0.0503543178260869,-0.2813187899999999,0.2726999999999998,0.9338,True
474,occipital_protuberance,608.6679999999999,239.746,-0.1005348521739133,-0.3858584869565217,0.1255,0.9015,True
474,tail_base,704.7760000000001,369.958,0.2123103808695654,0.0326384273913042,0.0480999999999999,0.8937,True
474,tail_tip,693.832,381.898,0.1793073704347826,0.0729393817391305,-0.0079,0.8469,True
474,withers,657.448,265.008,0.0533529495652173,-0.2904690156521739,0.2573000000000002,0.9336,True
475,occipital_protuberance,610.606,235.09,-0.09419499,-0.4002822413043478,0.1363000000000001,0.9701,True
475,tail_base,704.8960000000001,367.456,0.2133949773913045,0.0245172730434783,0.0418000000000001,0.8861,True
475,tail_tip,692.48,378.214,0.1744731826086956,0.0605536308695652,0.0014,0.9042,True
475,withers,658.316,261.87800000000004,0.0561027043478261,-0.3005519521739129,0.2525,0.9423,True
476,occipital_protuberance,612.906,230.27,-0.0860941300000001,-0.4122311760869566,0.1575999999999999,1.0,True
476,tail_base,705.064,365.068,0.2146404782608694,0.0167188913043477,0.032,0.9075,True
476,tail_tip,694.538,375.622,0.1820857834782609,0.0521571034782607,-0.0115999999999999,0.5161,True
476,withers,659.052,258.57,0.0581624426086957,-0.30964815,0.2619000000000001,0.9567,True
477,occipital_protuberance,615.192,224.93,-0.0782099165217391,-0.4258228565217392,0.1770999999999999,0.8946,True
477,tail_base,705.1800000000001,362.592,0.2146405739130437,0.0085355686956521,0.0339,0.9367,True
477,tail_tip,696.162,373.34800000000007,0.1875932891304349,0.0445852217391306,-0.0095,0.314,True
477,withers,659.77,255.344,0.0599503760869564,-0.3173579443478261,0.2806999999999998,0.9075,True
478,occipital_protuberance,617.438,219.724,-0.0714136347826087,-0.4440040347826087,0.162,0.9484,True
478,tail_base,704.85,359.98999999999995,0.2133565000000001,-3.2900000000157094e-05,0.0331999999999998,0.8931,True
478,tail_tip,697.27,372.172,0.1911199499999999,0.0406200808695653,-0.0031999999999998,0.6506,True
478,withers,660.1379999999999,252.168,0.060987495217391,-0.326566867826087,0.2843000000000001,0.9543,True
479,occipital_protuberance,619.958,214.47000000000003,-0.0633762895652174,-0.4601911695652173,0.1648000000000001,0.9993,True
479,tail_base,704.5060000000001,357.276,0.2125192239130438,-0.0089743956521738,0.0185,0.8979,True
479,tail_tip,697.566,371.034,0.1922829543478262,0.0368559586956521,-0.006,0.7535,True
479,withers,660.1659999999999,249.054,0.0608881682608693,-0.3349845639130435,0.2961999999999998,0.947,True
480,occipital_protuberance,622.172,209.016,-0.056375236521739,-0.4774376660869565,0.1683000000000001,0.9724,True
480,tail_base,704.34,354.78,0.2113848739130435,-0.0171499695652174,0.0234,0.8818,True
480,tail_tip,697.1519999999999,368.86800000000005,0.1905522226086954,0.0295670686956523,-0.0004,0.8324,True
480,withers,659.952,246.246,0.0601379304347826,-0.3428693934782608,0.301,0.9391,True
481,occipital_protuberance,624.382,203.822,-0.0495158504347827,-0.4951521634782609,0.1571999999999998,0.9683,True
481,tail_base,704.0780000000001,352.482,0.2100365400000003,-0.0246426965217392,0.0269,0.872,True
481,tail_tip,697.984,366.006,0.1928598260869566,0.0199764782608696,0.0035,0.8102,True
481,withers,659.4300000000001,243.488,0.0586870478260871,-0.3519168973913044,0.2951999999999998,0.9449,True
482,occipital_protuberance,626.426,198.904,-0.0430915482608694,-0.5114097582608695,0.1499000000000001,0.9778,True
482,tail_base,703.934,350.308,0.2116910334782607,-0.0320910547826087,-0.0036999999999998,0.8974,True
482,tail_tip,700.204,363.036,0.2003353539130433,0.0101026199999998,-0.0014,0.8686,True
482,withers,658.568,240.51800000000003,0.0563902086956521,-0.3628616391304347,0.28,0.9008,True
483,occipital_protuberance,628.222,194.23,-0.0371288647826087,-0.5225719065217391,0.1668000000000001,0.9869,True
483,tail_base,704.034,348.176,0.2116323699999999,-0.03907832,0.0054,0.9524,True
483,tail_tip,703.3399999999999,360.302,0.2107707347826084,0.001004937826087,-0.0049,0.7378,True
483,withers,657.7540000000001,237.47600000000003,0.0540802278260873,-0.3732187582608695,0.2715999999999999,0.9459,True
484,occipital_protuberance,629.7760000000001,190.42,-0.0320033426086954,-0.5308222652173913,0.1836999999999998,0.9197,True
484,tail_base,704.008,346.042,0.2109620191304349,-0.0460037473913044,0.0138000000000001,0.8964,True
484,tail_tip,706.6,357.716,0.2210106521739131,-0.007579404347826,0.0,0.5785,True
484,withers,656.928,234.878,0.0517407999999999,-0.3824381130434783,0.262,0.9087,True
485,occipital_protuberance,631.024,187.034,-0.0279719478260869,-0.5390146978260869,0.193,0.9242,True
485,tail_base,703.828,343.762,0.2101745034782607,-0.0534689099999999,0.0235999999999999,0.8443,True
485,tail_tip,709.168,355.842,0.2295325043478261,-0.0137982326086957,0.0,0.5795,True
485,withers,656.192,232.444,0.04961792,-0.3908759513043477,0.2548000000000002,0.8977,True
486,occipital_protuberance,631.878,184.052,-0.0251781999999998,-0.5454388,0.201,0.9164,True
486,tail_base,703.7119999999999,341.53200000000004,0.2092246678260865,-0.0606473060869563,0.0318000000000001,0.8829,True
486,tail_tip,710.0020000000001,354.418,0.231767491304348,-0.0184812739130434,0.0,0.5765,True
486,withers,655.508,230.222,0.0475219060869566,-0.397684932173913,0.2548000000000002,0.9252,True
487,occipital_protuberance,632.37,181.492,-0.0235617717391304,-0.5512404652173912,0.212,0.9406,True
487,tail_base,703.434,339.63800000000003,0.2061053399999999,-0.0661587939130433,0.0708000000000001,0.9092,True
487,tail_tip,708.902,353.302,0.2273915786956523,-0.0221048560869564,0.0098000000000001,0.7987,True
487,withers,654.9799999999999,228.38,0.0458648521739127,-0.402986104347826,0.2571999999999998,0.9379,True
488,occipital_protuberance,632.63,179.18200000000002,-0.0226066739130434,-0.5546395608695651,0.224,0.9289,True
488,tail_base,703.066,338.07800000000003,0.20490966,-0.0712274373913042,0.0708000000000001,0.8815,True
488,tail_tip,706.716,352.218,0.2198727304347826,-0.0256467652173914,0.014,0.8224,True
488,withers,654.6139999999999,226.904,0.044629885217391,-0.4064636104347826,0.2644000000000001,0.9385,True
489,occipital_protuberance,632.652,177.076,-0.0223123617391303,-0.5554527026086957,0.2524,0.9259,True
489,tail_base,702.75,336.728,0.2033236413043478,-0.0754063391304347,0.079,0.9059,True
489,tail_tip,704.836,351.684,0.2139728947826087,-0.0274446078260868,0.0098000000000001,0.8067,True
489,withers,654.48,225.314,0.0438523652173913,-0.4078936230434782,0.2878000000000001,0.9211,True
490,occipital_protuberance,632.686,175.638,-0.0219324599999998,-0.5528455278260871,0.2871999999999998,0.8903,True
490,tail_base,702.402,335.51,0.2019247326086957,-0.0792464456521739,0.083,0.9307,True
490,tail_tip,703.204,351.16600000000005,0.2086831199999998,-0.0291675634782606,0.0049,0.8225,True
490,withers,654.442,224.022,0.0435897234782608,-0.4104170765217391,0.2971999999999998,0.9106,True
491,occipital_protuberance,632.622,174.618,-0.0218661465217392,-0.5494158273913043,0.3159,0.9273,True
491,tail_base,702.106,334.63800000000003,0.2014259595652173,-0.0822555821739129,0.0761999999999998,0.9468,True
491,tail_tip,702.2360000000001,351.108,0.2055817434782612,-0.0293725956521739,0.0035,0.8857,True
491,withers,654.4979999999999,223.0,0.0435790969565215,-0.4118041304347826,0.3085999999999999,0.9732,True
492,occipital_protuberance,632.4300000000001,174.16199999999998,-0.0222113673913041,-0.5452729317391305,0.3430999999999999,0.9303,True
492,tail_base,702.002,333.758,0.201910860869565,-0.0854576434782609,0.064,0.9842,True
492,tail_tip,701.65,351.024,0.2039274782608695,-0.0296910469565217,-0.0006999999999998,0.8883,True
492,withers,654.7120000000001,222.118,0.0439441043478264,-0.4118475391304347,0.326,0.9902,True
493,occipital_protuberance,631.942,173.988,-0.0235065873913043,-0.5426293539130436,0.3586999999999998,0.9054,True
493,tail_base,701.938,332.74799999999993,0.2014331478260869,-0.088628243478261,0.068,0.9827,True
493,tail_tip,700.628,350.976,0.2008236600000001,-0.0298910191304347,-0.0049,0.893,True
493,withers,654.864,221.238,0.0442462504347827,-0.4130582752173913,0.3354000000000001,0.9955,True
494,occipital_protuberance,630.524,173.72,-0.02760812,-0.5427227304347826,0.3620999999999999,0.9057,True
494,tail_base,701.876,331.688,0.2015005391304347,-0.0921986434782609,0.0605,0.9795,True
494,tail_tip,699.124,350.598,0.1958418234782609,-0.0311431030434782,-0.0084,0.9162,True
494,withers,655.01,220.544,0.0448668478260869,-0.4168521739130434,0.324,0.9845,True
495,occipital_protuberance,628.5559999999999,173.788,-0.0333169669565219,-0.5421198052173912,0.3605999999999999,0.9511,True
495,tail_base,701.582,330.73999999999995,0.200181662173913,-0.0951140826086958,0.0624,0.9684,True
495,tail_tip,697.11,350.082,0.1891706673913044,-0.0328522969565217,-0.0084,0.8519,True
495,withers,654.9960000000001,219.734,0.0446033200000002,-0.417199872173913,0.3375999999999999,0.9782,True
496,occipital_protuberance,626.298,173.89,-0.0398251608695652,-0.5409327608695652,0.365,0.9778,True
496,tail_base,701.074,329.702,0.1974681743478259,-0.0979613378260869,0.0784000000000001,0.9756,True
496,tail_tip,695.102,349.52200000000005,0.1823516839130433,-0.0346753465217389,-0.0055999999999999,0.8853,True
496,withers,654.8900000000001,218.888,0.0441779826086959,-0.4186731686956521,0.3444000000000001,0.9624,True
497,occipital_protuberance,624.036,174.65,-0.0463997130434784,-0.5387238043478261,0.3615,0.9442,True
497,tail_base,700.516,328.576,0.194690496521739,-0.1010964730434782,0.0931999999999998,0.9653,True
497,tail_tip,693.2099999999999,348.886,0.1761713695652171,-0.036797004347826,-0.007,0.9697,True
497,withers,654.7660000000001,217.858,0.0438646500000002,-0.4222544413043478,0.341,0.9608,True
498,occipital_protuberance,621.882,175.984,-0.0526406673913045,-0.5346464869565217,0.3625,0.9552,True
498,tail_base,699.866,327.458,0.1919876591304347,-0.1043607791304347,0.0990999999999999,0.94,True
498,tail_tip,691.72,347.992,0.1710807652173913,-0.0397203756521738,-0.0041999999999998,0.9731,True
498,withers,654.548,216.558,0.0429672017391304,-0.4236528286956521,0.3533000000000001,0.9525,True
499,occipital_protuberance,620.016,177.83200000000002,-0.0579449113043479,-0.528207996521739,0.3714,0.9658,True
499,tail_base,698.912,326.544,0.1884927860869566,-0.1070446539130435,0.1059,0.9279,True
499,tail_tip,690.126,346.904,0.1654266969565216,-0.0432196469565217,0.0063000000000001,1.0,True
499,withers,654.2160000000001,215.24,0.0416559704347829,-0.4241782695652174,0.3746999999999998,0.9533,True
500,occipital_protuberance,618.12,180.106,-0.0634139478260869,-0.5213797408695652,0.3725999999999999,0.9645,True
500,tail_base,698.1020000000001,325.65200000000004,0.1867600373913046,-0.1104064191304346,0.0923000000000001,0.928,True
500,tail_tip,688.7539999999999,345.62,0.1604536534782605,-0.0473258304347825,0.0146999999999998,0.9412,True
500,withers,653.832,214.04399999999995,0.0404315373913043,-0.4266357339130436,0.3813000000000002,1.0,True
501,occipital_protuberance,616.142,182.732,-0.069234878695652,-0.5144240286956523,0.3726999999999998,0.8804,True
501,tail_base,697.616,324.838,0.185774024347826,-0.1133745182608695,0.0830999999999999,0.9067,True
501,tail_tip,687.528,344.276,0.1564911060869566,-0.0517729791304347,0.0133000000000001,0.871,True
501,withers,653.312,213.026,0.0388970852173913,-0.429451637826087,0.3823000000000002,1.0,True
502,occipital_protuberance,613.578,185.206,-0.0766123121739131,-0.5068266026086956,0.3749,0.9206,True
502,tail_base,697.466,324.188,0.1857900765217391,-0.1157817530434782,0.0750999999999999,0.8995,True
502,tail_tip,686.39,342.67999999999995,0.1527441173913043,-0.0570279826086958,0.0168000000000001,0.9302,True
502,withers,652.544,212.42200000000005,0.0364730434782608,-0.4290990760869564,0.3955,1.0,True
503,occipital_protuberance,610.826,187.942,-0.0845919156521738,-0.498893392173913,0.3819000000000001,0.9545,True
503,tail_base,697.484,323.58000000000004,0.1870354408695653,-0.1184995956521737,0.0560999999999999,0.9176,True
503,tail_tip,685.694,341.252,0.1503829273913042,-0.0617012982608695,0.0181999999999998,0.9455,True
503,withers,651.6780000000001,212.424,0.0339423608695655,-0.4289328521739131,0.3965,0.9849,True
504,occipital_protuberance,608.294,191.236,-0.0918577960869565,-0.4889386582608696,0.3875999999999999,0.8822,True
504,tail_base,698.0260000000001,322.688,0.1898459347826089,-0.1220751304347826,0.0395,0.9578,True
504,tail_tip,685.692,340.178,0.1510021269565217,-0.0655074008695652,0.0090999999999999,0.9418,True
504,withers,650.528,212.59,0.0305746852173913,-0.4280978673913044,0.3986999999999998,0.9795,True
505,occipital_protuberance,605.604,194.344,-0.0995315556521737,-0.4793580469565217,0.3978000000000002,0.9401,True
505,tail_base,698.916,321.784,0.1929370921739132,-0.1251490921739131,0.0366999999999998,0.9333,True
505,tail_tip,686.384,339.672,0.1537125426086957,-0.0673652243478262,0.0041999999999998,0.9604,True
505,withers,649.312,212.948,0.0270209947826087,-0.4267065426086956,0.3974000000000001,0.9569,True
506,occipital_protuberance,602.8799999999999,197.448,-0.1072364521739134,-0.4695985930434783,0.4021999999999998,0.9896,True
506,tail_base,699.904,320.748,0.1969799791304347,-0.1290708156521739,0.0208000000000001,0.9215,True
506,tail_tip,687.624,339.438,0.1581116800000001,-0.06826584,-0.0014,0.9281,True
506,withers,647.824,213.332,0.0226657878260868,-0.4248908191304349,0.4018000000000001,0.942,True
507,occipital_protuberance,600.594,200.88,-0.1137462756521737,-0.4593033391304347,0.4044000000000001,0.9251,True
507,tail_base,700.8879999999999,319.736,0.2013142591304345,-0.1331250382608696,0.0076999999999998,0.9589,True
507,tail_tip,689.394,339.362,0.1642135743478261,-0.0686123769565218,-0.0055999999999999,0.9415,True
507,withers,645.988,213.59,0.0173391652173914,-0.4239524347826087,0.403,0.9861,True
508,occipital_protuberance,597.9680000000001,204.03000000000003,-0.1209333739130432,-0.4487528152173912,0.406,0.9625,True
508,tail_base,702.11,318.542,0.2054490782608695,-0.1371358539130435,0.0028000000000001,0.9826,True
508,tail_tip,691.5600000000001,339.334,0.1718853478260871,-0.068894154347826,-0.014,0.9689,True
508,withers,643.692,213.854,0.0106907478260869,-0.4231879826086957,0.4065,1.0,True
509,occipital_protuberance,594.836,207.44,-0.1296304982608695,-0.4378803652173913,0.4089000000000001,0.9379,True
509,tail_base,703.5820000000001,317.0559999999999,0.2098344221739134,-0.1417245356521741,0.0098000000000001,0.9713,True
509,tail_tip,693.4280000000001,338.874,0.1778687808695656,-0.0703312095652175,-0.0098000000000001,0.9488,True
509,withers,641.1,214.332,0.0031866521739131,-0.4219938626086956,0.4053000000000001,0.9826,True
510,occipital_protuberance,591.926,211.21,-0.1379305765217389,-0.4268979173913043,0.4064000000000001,0.9393,True
510,tail_base,705.182,315.104,0.21405202,-0.14743456,0.0248000000000001,0.9523,True
510,tail_tip,694.904,337.416,0.1830332260869565,-0.0752881826086956,-0.0105,0.9151,True
510,withers,638.158,215.006,-0.0053430013043477,-0.4205771613043478,0.4019000000000001,0.9923,True
511,occipital_protuberance,588.966,215.432,-0.1463677308695652,-0.4146273095652173,0.3969000000000001,0.98,True
511,tail_base,707.054,312.83000000000004,0.2192957339130434,-0.154266408695652,0.0371999999999998,0.9452,True
511,tail_tip,696.216,335.104,0.1874070347826087,-0.0829956869565218,-0.007,0.8598,True
511,withers,635.192,216.144,-0.0139630591304347,-0.417776587826087,0.3986999999999998,1.0,True
512,occipital_protuberance,585.778,219.508,-0.1555110534782607,-0.4029371643478261,0.3864000000000001,1.0,True
512,tail_base,708.9599999999999,310.0,0.2245847304347823,-0.1628369565217391,0.0498000000000001,0.932,True
512,tail_tip,697.634,332.504,0.1922219191304348,-0.0917051373913042,-0.0084,0.9222,True
512,withers,632.114,217.538,-0.0229208304347825,-0.4140688999999999,0.4,0.9484,True
513,occipital_protuberance,582.504,223.494,-0.1652260052173912,-0.3922766986956522,0.3846999999999998,0.9129,True
513,tail_base,710.768,306.898,0.2292113982608696,-0.1719927604347825,0.0626999999999998,0.8993,True
513,tail_tip,699.146,329.61,0.1971747630434781,-0.1013110108695651,-0.0105,0.9613,True
513,withers,629.0559999999999,218.91,-0.031782803478261,-0.4097437630434782,0.4021999999999998,0.9973,True
514,occipital_protuberance,579.3120000000001,227.502,-0.1748210191304344,-0.3816806517391303,0.3853000000000002,0.9981,True
514,tail_base,712.37,303.984,0.2331415282608695,-0.1804567617391305,0.0751999999999998,0.9021,True
514,tail_tip,701.418,326.604,0.2046554573913043,-0.11128128,-0.0195999999999999,0.9721,True
514,withers,625.994,220.532,-0.0406752508695651,-0.4050332634782609,0.4021999999999998,0.9692,True
515,occipital_protuberance,576.178,231.162,-0.1842235904347826,-0.371893687826087,0.3834000000000001,0.9617,True
515,tail_base,714.0600000000001,301.102,0.2384732000000002,-0.18965156,0.0765999999999999,0.9453,True
515,tail_tip,704.534,323.41,0.2147438995652173,-0.1217572021739129,-0.0154,0.9349,True
515,withers,623.0440000000001,222.4,-0.0492608660869562,-0.3997579130434783,0.4046999999999998,0.9802,True
516,occipital_protuberance,573.3280000000001,234.676,-0.1929864521739127,-0.3627584913043478,0.376,1.0,True
516,tail_base,715.5699999999999,298.18600000000004,0.2426782695652172,-0.1985035669565216,0.0845999999999999,0.931,True
516,tail_tip,707.688,320.15400000000005,0.2245181530434782,-0.1321674495652172,-0.0090999999999999,0.9293,True
516,withers,620.304,224.19,-0.0571312452173913,-0.3939375717391304,0.4124000000000001,0.9546,True
517,occipital_protuberance,570.504,237.888,-0.2014930765217391,-0.3540451617391304,0.3750999999999999,0.9757,True
517,tail_base,716.734,295.238,0.2441475704347827,-0.2060557895652174,0.1118000000000001,0.8432,True
517,tail_tip,710.818,316.804,0.2337147952173912,-0.1425561904347827,0.0063000000000001,0.9312,True
517,withers,617.6479999999999,226.136,-0.0647284765217393,-0.3876526834782609,0.4168000000000001,0.9945,True
518,occipital_protuberance,568.15,241.238,-0.2087398695652174,-0.345029427826087,0.3696999999999998,0.964,True
518,tail_base,717.75,292.726,0.2459604347826087,-0.2128198365217391,0.1285999999999999,0.8815,True
518,tail_tip,713.5519999999999,312.93,0.2425137356521736,-0.1551979760869564,0.0090999999999999,0.9498,True
518,withers,615.296,228.236,-0.0715395617391302,-0.3815713573913042,0.4168000000000001,0.9992,True
519,occipital_protuberance,566.316,244.158,-0.2145005313043477,-0.3372261352173913,0.3643000000000002,0.9506,True
519,tail_base,718.402,290.36800000000005,0.247460573478261,-0.2197797843478259,0.1351999999999998,0.8584,True
519,tail_tip,715.51,309.31,0.2488546956521738,-0.1670566086956521,0.007,0.9359,True
519,withers,613.258,230.162,-0.0774413439130433,-0.3759939126086957,0.4168000000000001,1.0,True
520,occipital_protuberance,564.792,247.036,-0.2195583113043477,-0.3297812078260869,0.3531999999999998,0.9685,True
520,tail_base,718.4,288.39000000000004,0.2462441739130433,-0.2249176695652172,0.1424,0.842,True
520,tail_tip,716.466,306.35599999999994,0.2520053391304348,-0.1767919652173915,0.007,0.8793,True
520,withers,611.432,231.71,-0.082592572173913,-0.370897545652174,0.4211999999999998,0.9402,True
521,occipital_protuberance,563.1279999999999,249.756,-0.2250678469565219,-0.3227752591304347,0.3454000000000001,0.9665,True
521,tail_base,718.096,286.534,0.2443046608695652,-0.2298208130434783,0.1505,0.9067,True
521,tail_tip,716.786,303.76,0.2537610373913042,-0.1858609739130435,-0.0014,0.887,True
521,withers,609.916,232.974,-0.0869362199999998,-0.3670775256521739,0.4189000000000001,0.9165,True
522,occipital_protuberance,561.8979999999999,252.564,-0.2290256256521742,-0.315044392173913,0.3411999999999998,1.0,True
522,tail_base,717.662,285.074,0.2430482939130435,-0.234485803478261,0.1563000000000002,0.948,True
522,tail_tip,716.5719999999999,301.472,0.2535199043478257,-0.1937785739130435,-0.007,0.9437,True
522,withers,608.664,234.074,-0.0905951008695652,-0.3640630160869565,0.4141999999999998,0.9073,True
523,occipital_protuberance,560.97,255.30600000000004,-0.2316609826086955,-0.3068899773913042,0.3386999999999998,0.9086,True
523,tail_base,717.004,283.598,0.24140754,-0.2395202699999999,0.1548000000000002,0.9651,True
523,tail_tip,715.982,299.94199999999995,0.2515664913043477,-0.1988442043478262,-0.007,0.9499,True
523,withers,607.022,235.02400000000003,-0.0952275595652172,-0.360881784347826,0.4174000000000001,0.895,True
524,occipital_protuberance,560.198,257.836,-0.23421887,-0.2998513399999999,0.3318000000000002,0.9415,True
524,tail_base,716.116,282.056,0.2380114226086956,-0.2437274991304348,0.1621999999999998,0.9514,True
524,tail_tip,714.972,298.774,0.248564776521739,-0.2029908099999999,-0.0111999999999998,0.9179,True
524,withers,605.346,235.926,-0.0999014552173912,-0.3576837639130434,0.4218000000000002,0.955,True
525,occipital_protuberance,559.472,260.29800000000006,-0.2354918817391305,-0.2915633269565215,0.3450999999999999,0.9642,True
525,tail_base,715.0559999999999,280.496,0.2339952382608693,-0.2478623617391304,0.1708000000000001,0.9162,True
525,tail_tip,713.742,297.69,0.2445990078260868,-0.2066795608695652,-0.0125999999999999,0.947,True
525,withers,603.6800000000001,236.932,-0.1047042434782606,-0.3547836408695651,0.4218000000000002,1.0,True
526,occipital_protuberance,558.808,262.79,-0.2364628747826087,-0.2831135586956521,0.3560999999999999,0.9723,True
526,tail_base,713.506,279.048,0.2287634556521738,-0.2519367026086956,0.1793000000000001,0.8399,True
526,tail_tip,712.62,296.822,0.2406563652173913,-0.2093663982608695,-0.0098000000000001,0.9129,True
526,withers,601.704,237.962,-0.1102258782608697,-0.3512572,0.419,0.9726,True
527,occipital_protuberance,557.87,265.122,-0.2388197565217391,-0.275888723478261,0.3603000000000002,0.9763,True
527,tail_base,711.722,277.38,0.2221666908695651,-0.2559244304347826,0.1926999999999998,0.8722,True
527,tail_tip,711.248,295.942,0.2364349391304349,-0.2125750804347825,-0.014,0.8788,True
527,withers,599.44,239.034,-0.1166011826086955,-0.3477509530434782,0.4221999999999998,0.9225,True
528,occipital_protuberance,556.754,267.278,-0.2417753391304347,-0.2692969391304349,0.367,1.0,True
528,tail_base,709.644,275.714,0.2150637,-0.2602788326086956,0.205,0.925,True
528,tail_tip,709.826,294.962,0.2317160630434783,-0.2158271891304348,-0.0105,0.8872,True
528,withers,597.302,240.07,-0.1225061313043477,-0.3440948130434781,0.4274000000000001,0.9065,True
529,occipital_protuberance,555.302,269.498,-0.2441143660869564,-0.2608425034782609,0.3874000000000001,1.0,True
529,tail_base,707.396,274.092,0.2091473695652172,-0.2665949347826087,0.191,0.9349,True
529,tail_tip,708.5260000000001,293.716,0.2271934839130437,-0.2197602791304347,-0.0041999999999998,0.9381,True
529,withers,595.012,240.956,-0.1288710600000001,-0.3410093017391304,0.4245999999999999,0.959,True
530,occipital_protuberance,553.264,271.754,-0.249988236521739,-0.2543403191304347,0.3874000000000001,0.9744,True
530,tail_base,704.816,272.536,0.2019300208695652,-0.2724883878260869,0.1798000000000001,0.8783,True
530,tail_tip,706.992,292.362,0.2221076069565216,-0.224249377826087,-0.0041999999999998,0.9589,True
530,withers,592.3340000000001,241.62,-0.1358480999999998,-0.337383,0.431,0.9418,True
531,occipital_protuberance,550.904,273.564,-0.2567901669565217,-0.2491235843478261,0.3874000000000001,0.9402,True
531,tail_base,702.2180000000001,270.858,0.1940931086956524,-0.2780842826086956,0.176,0.926,True
531,tail_tip,705.186,290.84000000000003,0.2163183239130436,-0.229505956521739,-0.007,0.9417,True
531,withers,589.1600000000001,242.42,-0.1443855999999997,-0.3339272,0.4401999999999998,0.9824,True
532,occipital_protuberance,548.5600000000001,275.55,-0.2632080521739128,-0.2430874891304347,0.3873000000000002,1.0,True
532,tail_base,699.6560000000001,268.81000000000006,0.1866454678260871,-0.2853057565217389,0.1675999999999999,0.9652,True
532,tail_tip,703.228,289.29,0.2101093930434781,-0.234972404347826,-0.0111999999999998,0.8657,True
532,withers,586.116,242.966,-0.15195288,-0.3300358800000001,0.4550999999999999,0.9775,True
533,occipital_protuberance,546.078,277.63,-0.2702299282608696,-0.2369928152173913,0.385,0.9825,True
533,tail_base,697.3100000000001,266.456,0.1787822826086958,-0.2918166086956521,0.176,0.9241,True
533,tail_tip,700.956,287.29,0.2028377156521739,-0.2419504282608696,-0.0119,0.9419,True
533,withers,582.924,243.632,-0.1604455991304348,-0.3271205669565217,0.4598000000000002,0.9972,True
534,occipital_protuberance,543.244,279.496,-0.2801717217391304,-0.2331115826086957,0.361,0.9348,True
534,tail_base,694.5719999999999,264.1,0.169410469565217,-0.297706956521739,0.1935,0.9047,True
534,tail_tip,698.706,285.01000000000005,0.1957079369565218,-0.2499938369565216,-0.014,1.0,True
534,withers,579.316,244.372,-0.1697832782608694,-0.3235070347826086,0.472,0.9892,True
535,occipital_protuberance,540.55,281.264,-0.2887941521739131,-0.2286424973913043,0.3534000000000001,1.0,True
535,tail_base,692.018,261.242,0.1607130034782609,-0.3051192817391304,0.2105999999999999,0.94,True
535,tail_tip,696.472,282.552,0.1885182678260868,-0.2585416278260868,-0.0181999999999998,0.9597,True
535,withers,575.604,245.352,-0.1796788391304347,-0.3198928434782609,0.479,0.9181,True
536,occipital_protuberance,537.922,282.922,-0.2970247891304347,-0.2242802239130434,0.341,0.9848,True
536,tail_base,689.738,258.548,0.1518847143478262,-0.3098035313043478,0.2435999999999999,0.8799,True
536,tail_tip,694.414,279.818,0.1818965386956521,-0.2680344813043479,-0.0224,0.8969,True
536,withers,572.392,246.394,-0.1879796347826085,-0.3158740739130434,0.488,0.9558,True
537,occipital_protuberance,535.122,284.328,-0.3056737708695653,-0.2205509791304348,0.3365999999999999,0.9452,True
537,tail_base,687.418,256.266,0.1433054426086956,-0.3135021886956521,0.2725999999999999,0.8617,True
537,tail_tip,692.928,277.096,0.1767680139130434,-0.2768813373913043,-0.0195999999999999,0.9048,True
537,withers,569.168,247.52,-0.1964202156521738,-0.3119119304347826,0.4913000000000002,0.9033,True
538,occipital_protuberance,532.3140000000001,285.598,-0.3146303999999998,-0.2173832347826088,0.3195,0.9814,True
538,tail_base,685.0699999999999,254.106,0.1363269521739128,-0.3203063295652174,0.2736999999999998,0.9013,True
538,tail_tip,692.154,274.908,0.1741036573913043,-0.2840592939130434,-0.0181999999999998,0.8754,True
538,withers,566.176,248.51,-0.2043159443478259,-0.3085606934782609,0.4928000000000002,0.9247,True
539,occipital_protuberance,530.14,286.924,-0.3212449695652174,-0.2136837556521739,0.3003000000000002,0.928,True
539,tail_base,683.214,252.064,0.1304780969565219,-0.3258963269565217,0.2821999999999998,0.9291,True
539,tail_tip,691.192,273.746,0.1708922504347826,-0.2879383530434783,-0.0181999999999998,0.9231,True
539,withers,563.9820000000001,249.484,-0.2094956926086954,-0.3045676808695652,0.5035999999999999,0.9337,True
540,occipital_protuberance,528.3720000000001,288.046,-0.3258809591304345,-0.2100587534782609,0.3011999999999998,0.8999,True
540,tail_base,681.536,250.256,0.1242648765217389,-0.3283254191304348,0.3110999999999999,0.9602,True
540,tail_tip,690.646,273.316,0.1689924899999998,-0.2892418947826088,-0.0168000000000001,0.9521,True
540,withers,562.1980000000001,250.346,-0.2129576047826084,-0.3001420682608695,0.5208000000000002,0.9081,True
541,occipital_protuberance,526.996,289.21400000000006,-0.3285714130434782,-0.2058179891304346,0.312,0.9438,True
541,tail_base,679.62,248.504,0.1186274478260869,-0.3338335669565218,0.3124,0.9263,True
541,tail_tip,690.336,273.372,0.1675751095652174,-0.2883959113043478,-0.0098000000000001,0.9717,True
541,withers,560.5699999999999,251.0,-0.2164985521739132,-0.2970960869565217,0.5314000000000001,0.9057,True
542,occipital_protuberance,525.7879999999999,290.306,-0.3323569200000003,-0.20280954,0.3098000000000002,0.9867,True
542,tail_base,677.654,246.878,0.1125609030434782,-0.3381610047826086,0.3168000000000002,0.9621,True
542,tail_tip,690.0020000000001,273.56000000000006,0.1665392700000002,-0.2879015739130433,-0.0111999999999998,0.997,True
542,withers,559.1220000000001,251.658,-0.2201112352173911,-0.2948551082608696,0.5351999999999998,0.9684,True
543,occipital_protuberance,524.936,291.08000000000004,-0.3337606417391304,-0.1999129478260868,0.3184,1.0,True
543,tail_base,675.58,245.39,0.1061289521739131,-0.3418616978260869,0.3228000000000002,0.9642,True
543,tail_tip,689.47,273.95,0.1646920826086957,-0.2864716739130435,-0.0098000000000001,0.9907,True
543,withers,557.714,252.398,-0.2231560543478259,-0.2918119456521739,0.544,0.9955,True
544,occipital_protuberance,523.872,291.862,-0.3358876173913045,-0.1970817586956522,0.3295,1.0,True
544,tail_base,673.55,244.108,0.099016260869565,-0.3420325634782608,0.3588000000000002,0.9315,True
544,tail_tip,689.3059999999999,273.954,0.1641461052173911,-0.2864583573913043,-0.0098000000000001,0.9794,True
544,withers,556.196,253.142,-0.2271817130434782,-0.2896781,0.545,1.0,True
545,occipital_protuberance,522.442,292.7,-0.3394615030434783,-0.1943360652173913,0.3404000000000001,1.0,True
545,tail_base,671.364,242.996,0.0923056156521739,-0.3443478591304347,0.3664000000000001,0.8995,True
545,tail_tip,689.1720000000001,273.79200000000003,0.1635503478260874,-0.286735304347826,-0.007,0.9879,True
545,withers,554.716,254.098,-0.2325101399999999,-0.2887210830434782,0.5343000000000002,0.9836,True
546,occipital_protuberance,520.736,294.044,-0.3457878191304348,-0.1912293852173913,0.3330999999999999,1.0,True
546,tail_base,669.142,241.92200000000005,0.085487423478261,-0.3463792460869564,0.3751999999999998,0.9196,True
546,tail_tip,689.122,273.74799999999993,0.1633092926086955,-0.286750399130435,-0.0055999999999999,0.9811,True
546,withers,552.8720000000001,255.528,-0.2388254243478259,-0.2863668365217393,0.5206999999999998,0.9488,True
547,occipital_protuberance,518.9939999999999,295.722,-0.3505491208695654,-0.1862105713043479,0.3423000000000001,0.9395,True
547,tail_base,666.942,240.862,0.0798361743478261,-0.3530369734782609,0.3478000000000001,0.8986,True
547,tail_tip,688.982,273.782,0.1626202399999999,-0.28624376,-0.0014,0.9576,True
547,withers,550.87,257.214,-0.2447587304347826,-0.2822592939130435,0.5160999999999999,0.9007,True
548,occipital_protuberance,517.092,297.98,-0.3563263234782609,-0.1798040695652173,0.3438000000000001,0.9751,True
548,tail_base,664.436,239.386,0.0720437026086957,-0.3556015365217391,0.3615999999999999,0.8536,True
548,tail_tip,688.764,273.586,0.1616738617391304,-0.2864999813043477,0.0028000000000001,0.9728,True
548,withers,548.61,259.056,-0.2512430304347826,-0.2775082226086957,0.5133000000000002,0.9841,True
549,occipital_protuberance,515.08,300.868,-0.3620235913043477,-0.1713671069565217,0.3518000000000001,0.9858,True
549,tail_base,661.466,237.26,0.0631893708695652,-0.3613092043478261,0.3658000000000002,0.8807,True
549,tail_tip,688.402,273.274,0.1604000191304349,-0.2874024226086957,0.0041999999999998,0.9608,True
549,withers,545.9399999999999,261.366,-0.2603008260869566,-0.2729588739130435,0.4965,0.9694,True
550,occipital_protuberance,513.292,304.086,-0.3690232773913043,-0.1628434473913043,0.3525999999999999,0.91,True
550,tail_base,658.11,234.794,0.0533733195652174,-0.3690038569565217,0.3625999999999999,0.9489,True
550,tail_tip,687.72,272.75600000000003,0.1580673130434783,-0.2889862669565216,0.0055999999999999,0.9281,True
550,withers,543.0939999999999,263.756,-0.2676712252173914,-0.2658426660869566,0.4978000000000002,0.8989,True
551,occipital_protuberance,511.792,307.222,-0.3757609252173912,-0.1546854339130435,0.3425999999999999,0.9503,True
551,tail_base,654.5260000000001,232.452,0.042861173478261,-0.3763497834782608,0.3594000000000001,0.8938,True
551,tail_tip,686.6139999999999,271.868,0.1544038082608693,-0.2919276704347826,0.0055999999999999,0.9204,True
551,withers,540.2239999999999,265.842,-0.2763578295652176,-0.2607971908695652,0.4908000000000002,0.995,True
552,occipital_protuberance,510.172,310.482,-0.380367816521739,-0.1450769752173912,0.3505999999999999,0.9537,True
552,tail_base,650.536,230.054,0.0307376347826085,-0.3791033304347826,0.39,0.942,True
552,tail_tip,685.144,270.712,0.1494658956521739,-0.2956209217391304,0.007,0.9692,True
552,withers,537.362,267.872,-0.2850658886956522,-0.2558755060869564,0.4768000000000001,0.9953,True
553,occipital_protuberance,508.366,313.416,-0.3866033347826087,-0.1368151826086956,0.351,1.0,True
553,tail_base,646.5799999999999,228.362,0.0191563826086954,-0.3832382817391304,0.3955999999999999,0.9382,True
553,tail_tip,683.124,269.592,0.1429091860869566,-0.2996042504347826,0.0041999999999998,1.0,True
553,withers,534.8679999999999,269.766,-0.2940724878260871,-0.2524001908695653,0.4515999999999999,0.959,True
554,occipital_protuberance,506.784,315.802,-0.39171296,-0.129961336521739,0.3513000000000001,0.9989,True
554,tail_base,643.004,226.76400000000004,0.0087455582608696,-0.3878905460869564,0.3955999999999999,0.9419,True
554,tail_tip,680.366,268.346,0.1338922669565216,-0.3040123330434782,0.0014,1.0,True
554,withers,532.638,271.17,-0.3013838056521737,-0.2493612586956523,0.4354,0.9289,True
555,occipital_protuberance,505.212,317.946,-0.3950460469565218,-0.1232547886956521,0.3635999999999999,0.9514,True
555,tail_base,639.9680000000001,225.654,-9.297391304326155e-05,-0.3903335413043478,0.401,0.9238,True
555,tail_tip,677.064,267.21,0.1229960782608694,-0.307921597826087,0.0035,1.0,True
555,withers,530.45,272.19,-0.3103837282608694,-0.2487886369565217,0.4079000000000001,0.9085,True
556,occipital_protuberance,503.484,319.808,-0.3984189782608694,-0.1172994782608695,0.3785,0.8969,True
556,tail_base,637.108,224.086,-0.0083591373913045,-0.3928505530434782,0.4148000000000001,0.9041,True
556,tail_tip,673.452,266.482,0.1111624504347826,-0.3107643800000001,0.0028000000000001,1.0,True
556,withers,528.406,273.096,-0.3175577086956523,-0.2472985565217391,0.3965,0.9004,True
557,occipital_protuberance,502.113,321.183,-0.4053727922826087,-0.1141177607608695,0.3623000000000002,0.9646,True
557,tail_base,634.682,222.216,-0.0153840491304347,-0.3985851495652174,0.4125999999999999,0.9111,True
557,tail_tip,669.3520000000001,266.252,0.0975379721739133,-0.3115286799999999,0.0028000000000001,1.0,True
557,withers,526.356,274.022,-0.3257877017391304,-0.2464764969565217,0.3700999999999999,0.958,True
558,occipital_protuberance,500.941,322.38500000000005,-0.4128087335869566,-0.111663398369565,0.3359000000000001,0.9862,True
558,tail_base,632.404,219.956,-0.0218929930434782,-0.4036311634782608,0.4224000000000001,0.9097,True
558,tail_tip,664.514,266.202,0.0814237839130435,-0.3115520960869565,0.0111999999999998,1.0,True
558,withers,524.362,274.852,-0.3308503734782609,-0.2436158321739131,0.3583000000000002,0.978,True
559,occipital_protuberance,499.605,323.341,-0.4216885907608695,-0.1101084942391304,0.3036999999999998,0.9911,False
559,tail_base,630.144,218.02,-0.0283831373913043,-0.4088715347826087,0.4245999999999999,0.9361,True
559,tail_tip,659.2560000000001,266.496,0.0638713147826089,-0.3101487026086957,0.0154,1.0,True
559,withers,522.518,275.6,-0.3352067934782607,-0.2408152173913043,0.362,0.9783,True
560,occipital_protuberance,498.275,324.045,-0.430089160326087,-0.1091117005434784,0.2750999999999999,0.9954,True
560,tail_base,627.798,216.446,-0.0352107278260869,-0.4142469121739131,0.4191999999999998,0.9766,True
560,tail_tip,653.6300000000001,266.922,0.0453138239130438,-0.3094438813043479,0.0154,1.0,True
560,withers,520.7940000000001,276.264,-0.3399962434782606,-0.2388296347826086,0.36,0.9528,True
561,occipital_protuberance,497.109,324.47099999999995,-0.4363300938043477,-0.108490890978261,0.2576999999999998,0.9538,True
561,tail_base,625.6879999999999,215.57200000000003,-0.0413150104347829,-0.4169259591304347,0.4181999999999998,0.9614,True
561,tail_tip,647.47,266.842,0.0248458695652174,-0.3098516086956522,0.014,0.985,True
561,withers,519.28,276.722,-0.3417688173913044,-0.2357672595652174,0.3794,0.9632,True
562,occipital_protuberance,495.844,324.85,-0.4421201843478263,-0.1078035217391303,0.2419000000000001,0.9151,True
562,tail_base,623.5840000000001,215.288,-0.0472709426086954,-0.4167076417391304,0.4248000000000002,0.9015,True
562,tail_tip,640.936,265.98,0.0031217634782609,-0.3135771391304347,0.0125999999999999,0.9989,True
562,withers,518.016,276.912,-0.3439683617391305,-0.2342900973913043,0.3928000000000002,0.9931,True
563,occipital_protuberance,494.74799999999993,325.09399999999994,-0.4449131913043481,-0.1069185956521741,0.2455,0.9343,True
563,tail_base,621.5840000000001,215.186,-0.053030073043478,-0.4170013573913043,0.4248000000000002,0.9192,True
563,tail_tip,634.854,264.75,-0.0171865213043476,-0.3181142934782608,0.0154,1.0,True
563,withers,516.704,276.994,-0.3480699686956523,-0.2343295469565216,0.3898000000000002,1.0,True
564,occipital_protuberance,493.876,325.28000000000003,-0.4468217791304346,-0.1061677217391303,0.2468000000000001,0.9666,True
564,tail_base,619.764,215.29,-0.0583896582608695,-0.4175512673913042,0.4194000000000001,0.8945,True
564,tail_tip,629.428,263.14,-0.0353403573913043,-0.3237861347826087,0.0240999999999999,0.9809,True
564,withers,515.318,277.076,-0.3532566317391304,-0.234945324347826,0.3774,0.996,True
565,occipital_protuberance,493.07,325.29799999999994,-0.4457728434782608,-0.1052828504347827,0.2688000000000002,0.9716,True
565,tail_base,617.9060000000001,214.97,-0.0636979626086954,-0.418127795652174,0.4215999999999999,0.904,True
565,tail_tip,625.15,261.248,-0.0496183695652174,-0.3299604869565217,0.029,0.8984,True
565,withers,513.866,277.204,-0.357946355652174,-0.2349606486956521,0.3691999999999998,0.9709,True
566,occipital_protuberance,492.274,325.266,-0.4443341165217391,-0.1044738313043479,0.2928000000000001,0.9929,True
566,tail_base,615.8620000000001,214.48,-0.0691396278260867,-0.4168198956521738,0.4388000000000002,0.8835,True
566,tail_tip,621.99,259.524,-0.0602904326086956,-0.3363543313043478,0.0266999999999998,0.98,True
566,withers,512.21,277.464,-0.3648960108695651,-0.2356761652173913,0.3465,0.9297,True
567,occipital_protuberance,491.648,325.224,-0.440186184347826,-0.10318644,0.3301999999999998,1.0,True
567,tail_base,613.798,214.164,-0.0751769556521739,-0.4184225060869565,0.4344,0.9562,True
567,tail_tip,620.1619999999999,258.314,-0.0664745504347828,-0.3407365226086958,0.0236999999999998,0.9685,True
567,withers,510.524,277.728,-0.3704420947826086,-0.2353873460869564,0.3313000000000002,0.9599,True
568,occipital_protuberance,490.858,325.262,-0.4374399704347825,-0.101888064347826,0.3545999999999999,1.0,True
568,tail_base,611.696,214.048,-0.081306316521739,-0.4192629843478261,0.4311999999999998,0.9788,True
568,tail_tip,619.2639999999999,257.314,-0.0696143582608699,-0.3447347604347827,0.0179,0.9354,True
568,withers,508.768,277.954,-0.3765217252173912,-0.2354006756521738,0.3174,0.9746,True
569,occipital_protuberance,489.898,325.54200000000003,-0.4352631691304349,-0.0999207091304347,0.3851999999999998,1.0,True
569,tail_base,609.612,213.588,-0.0868700434782609,-0.4185473478260869,0.444,0.9587,True
569,tail_tip,618.9159999999999,256.296,-0.0710164121739132,-0.3493021252173913,0.0076999999999998,0.9459,True
569,withers,507.044,278.256,-0.3814681060869564,-0.2345341982608696,0.3239000000000001,0.9633,True
570,occipital_protuberance,489.026,325.982,-0.4352974265217391,-0.0980827682608695,0.3899000000000001,1.0,True
570,tail_base,607.652,213.392,-0.0923957330434781,-0.418757067826087,0.4461999999999998,0.9145,True
570,tail_tip,618.6659999999999,255.346,-0.0719605095652176,-0.353002492173913,0.0033000000000001,0.9768,True
570,withers,505.434,278.544,-0.386409194347826,-0.2339026747826087,0.3181999999999998,0.9389,True
571,occipital_protuberance,488.17,326.55600000000004,-0.4375674586956523,-0.0963841539130433,0.3770999999999999,0.939,True
571,tail_base,605.7879999999999,213.118,-0.0983595000000003,-0.42228575,0.4255,0.9699,True
571,tail_tip,618.472,254.604,-0.07247916,-0.3548408373913044,0.0090999999999999,1.0,True
571,withers,504.054,278.76000000000005,-0.3914949265217392,-0.2339535391304346,0.3070999999999999,0.9122,True
572,occipital_protuberance,487.312,327.134,-0.4403721078260869,-0.0947898308695651,0.3750999999999999,0.927,True
572,tail_base,604.12,212.72200000000004,-0.103155,-0.4234242499999999,0.422,0.9717,True
572,tail_tip,617.9219999999999,254.008,-0.0743980604347829,-0.3571699982608695,0.0028000000000001,1.0,True
572,withers,502.814,278.998,-0.3958412560869566,-0.2337259882608695,0.2954000000000001,0.9497,True
573,occipital_protuberance,486.592,327.804,-0.4427821773913044,-0.0929274547826087,0.3520999999999999,0.9294,True
573,tail_base,602.536,212.41,-0.1071959060869566,-0.4222999086956522,0.4345999999999999,0.9489,True
573,tail_tip,616.8520000000001,253.576,-0.0778577947826084,-0.3579548104347825,0.0085999999999999,1.0,True
573,withers,501.8179999999999,279.462,-0.3996764152173915,-0.2329474108695652,0.2825,0.9621,True
574,occipital_protuberance,486.194,328.33000000000004,-0.4444659039130436,-0.0915194152173911,0.3489000000000001,0.9123,True
574,tail_base,600.892,212.302,-0.1117638626086955,-0.4220951973913043,0.4308000000000002,0.9444,True
574,tail_tip,615.462,253.396,-0.0824156739130435,-0.3580503913043478,0.013,0.9715,True
574,withers,500.934,279.90200000000004,-0.4025658382608695,-0.2318662973913042,0.2933000000000001,0.9508,True
575,occipital_protuberance,485.79,328.838,-0.4470749043478261,-0.0903427026086955,0.3403000000000001,0.93,True
575,tail_base,599.1339999999999,211.96,-0.1157040834782611,-0.419146295652174,0.4516999999999998,0.9254,True
575,tail_tip,613.75,253.572,-0.0880801630434782,-0.3571122130434783,0.0125,1.0,True
575,withers,500.17,280.40600000000006,-0.4051118282608696,-0.2305976604347824,0.2845999999999999,0.9381,True
576,occipital_protuberance,485.43,329.268,-0.4481185913043478,-0.0890960765217391,0.3473000000000001,0.9503,True
576,tail_base,597.028,211.308,-0.1214239252173912,-0.4201518730434782,0.4534000000000001,0.9139,True
576,tail_tip,612.062,253.87,-0.0937441369565217,-0.356112293478261,0.009,1.0,True
576,withers,499.456,281.00200000000007,-0.4069970921739129,-0.2287679039130432,0.2858000000000001,0.9338,True
577,occipital_protuberance,485.142,329.632,-0.44986249,-0.0882190399999999,0.3179,0.9644,True
577,tail_base,594.736,210.442,-0.12774288,-0.4220786860869565,0.4530999999999999,0.9031,True
577,tail_tip,610.8340000000001,254.254,-0.0977251213043476,-0.3543180647826087,0.0134,0.9251,True
577,withers,498.666,281.61800000000005,-0.4098071504347826,-0.227273720869565,0.2859000000000001,0.9284,True
578,occipital_protuberance,485.034,329.914,-0.4503783595652175,-0.0874390726086957,0.3166999999999998,0.9664,True
578,tail_base,592.354,209.398,-0.1346310234782607,-0.4255488686956521,0.4464000000000001,0.8655,True
578,tail_tip,610.212,254.72,-0.0998092269565217,-0.3527566608695653,0.0134,0.952,True
578,withers,497.906,282.12600000000003,-0.4113312400000001,-0.2254283008695651,0.2903000000000001,0.9262,True
579,occipital_protuberance,484.852,330.154,-0.450738667826087,-0.0867091182608695,0.3176999999999998,0.9731,True
579,tail_base,589.732,208.258,-0.1414934921739131,-0.4271207426086957,0.4494000000000001,0.8509,True
579,tail_tip,610.1,255.176,-0.1002754999999999,-0.3515477930434783,0.0105999999999999,1.0,True
579,withers,497.192,282.692,-0.4140500643478261,-0.2241427817391304,0.2825999999999999,0.9206,True
580,occipital_protuberance,484.68,330.5,-0.4506981217391304,-0.085601304347826,0.3209000000000001,0.9689,True
580,tail_base,587.0716666666667,207.24566666666664,-0.1494554224033815,-0.4313372814613526,0.430666666666667,0.8364,True
580,tail_tip,610.4100000000001,255.498,-0.0994288326086953,-0.3511494378260871,0.0045999999999999,0.9935,True
580,withers,496.447,283.374,-0.4161008533695651,-0.2221071241304347,0.2833000000000001,0.9282,True
581,occipital_protuberance,484.56000000000006,330.928,-0.449965008695652,-0.08415712,0.3308000000000002,0.9814,True
581,tail_base,584.671,206.519,-0.156081906195652,-0.4329665644565217,0.4156999999999998,0.8201,True
581,tail_tip,610.7819999999999,255.924,-0.0982677560869567,-0.3500347382608696,0.0088000000000001,0.9919,True
581,withers,495.643,284.118,-0.4180861157608694,-0.2197691184782608,0.279,0.9601,True
582,occipital_protuberance,484.512,331.354,-0.4490223026086956,-0.0827246660869565,0.3371999999999998,0.9987,True
582,tail_base,582.216,205.916,-0.1625237808695652,-0.4333779982608696,0.4199000000000001,0.7938,False
582,tail_tip,610.878,256.296,-0.0979448830434781,-0.3487836052173913,0.0088000000000001,0.9827,True
582,withers,494.8850000000001,284.956,-0.4199344179347825,-0.2171626534782608,0.2876999999999998,0.9889,False
583,occipital_protuberance,484.3059999999999,331.868,-0.4485341060869567,-0.0810446226086956,0.3435999999999999,1.0,True
583,tail_base,579.7366666666667,205.2666666666667,-0.1695452113526569,-0.4353276570048307,0.4086666666666669,0.8313,False
583,tail_tip,610.858,256.622,-0.0980121482608697,-0.3476871821739132,0.0088000000000001,0.9733,True
583,withers,494.133,285.89399999999995,-0.4226496325,-0.2147221350000001,0.2778000000000001,0.9998,True
584,occipital_protuberance,484.07,332.26800000000003,-0.4475868956521739,-0.0796028973913042,0.3596999999999998,1.0,True
584,tail_base,577.345,204.685,-0.1773749429347825,-0.4396933885869564,0.3655,0.7964,False
584,tail_tip,610.5360000000001,257.032,-0.0988196939130432,-0.3453457182608696,0.0104,0.9669,True
584,withers,493.447,286.75199999999995,-0.4241275679347826,-0.2119813043478262,0.281,0.9809,True
585,occipital_protuberance,483.686,332.442,-0.4463784139130435,-0.0786960626086956,0.3328000000000002,1.0,True
585,tail_base,574.9533333333333,204.10333333333327,-0.1852887294685992,-0.4440795628019325,0.342333333333333,0.8296,False
585,tail_tip,610.054,257.462,-0.10029306,-0.3434131365217391,0.0218000000000001,0.9726,True
585,withers,492.774,287.63800000000003,-0.4258352021739131,-0.2092992195652173,0.276,0.9488,True
586,occipital_protuberance,483.074,332.56800000000004,-0.4443052660869567,-0.0776683408695651,0.3551999999999998,1.0,True
586,tail_base,572.7,203.714,-0.1916001739130433,-0.4449394469565217,0.3243000000000002,0.8419,False
586,tail_tip,609.23,257.55600000000004,-0.1032534173913042,-0.3437664313043477,0.0158000000000001,0.9639,True
586,withers,492.222,288.404,-0.428138566521739,-0.2074260634782608,0.2715999999999999,0.9396,True
587,occipital_protuberance,482.29,332.86,-0.4438850804347827,-0.0763872999999999,0.3705999999999999,1.0,True
587,tail_base,570.403,203.123,-0.1978597320652173,-0.4459910798913044,0.286,0.8358,True
587,tail_tip,608.16,257.612,-0.1066986086956522,-0.3431110913043479,0.013,0.9553,True
587,withers,491.828,289.14399999999995,-0.4290867852173913,-0.2051897339130436,0.2668000000000002,0.9561,True
588,occipital_protuberance,481.43,333.216,-0.4443751891304347,-0.0750592486956521,0.3558000000000001,1.0,True
588,tail_base,568.5621212121212,202.6749090909091,-0.2025795647582546,-0.4461337456078573,0.2766151515151514,0.842,True
588,tail_tip,606.726,257.65,-0.1115547017391304,-0.3431395000000001,0.0115999999999999,0.9134,True
588,withers,491.584,289.73799999999994,-0.4295997913043478,-0.203377941304348,0.268,0.9589,True
589,occipital_protuberance,480.676,333.796,-0.4435095260869564,-0.0729439608695652,0.328,0.9752,True
589,tail_base,567.1773636363637,202.3697272727273,-0.2057520117867408,-0.4453662672987782,0.2676454545454544,0.8603,True
589,tail_tip,604.9540000000001,257.416,-0.1175488552173911,-0.3440801165217391,0.0061999999999998,0.9613,True
589,withers,491.49000000000007,290.354,-0.4302270130434781,-0.2017614339130435,0.2623000000000002,0.9772,True
590,occipital_protuberance,480.07,334.59,-0.443110402173913,-0.0704022717391305,0.34,0.9421,True
590,tail_base,566.2487272727273,202.2074545454545,-0.2073780846568451,-0.4436901851239669,0.270590909090909,0.8545,False
590,tail_tip,602.832,256.76,-0.12431888,-0.3453153565217391,0.0073000000000001,0.9353,True
590,withers,491.614,290.88199999999995,-0.430222626521739,-0.2003971230434784,0.2600999999999999,0.9877,True
591,occipital_protuberance,479.806,335.508,-0.4457572173913042,-0.0681516521739131,0.329,0.928,True
591,tail_base,565.6378787878787,201.9957575757576,-0.2092794045694098,-0.4446757735656965,0.2683181818181815,0.7841,False
591,tail_tip,600.892,256.024,-0.1303146573913041,-0.3464661147826087,0.0154,0.8987,True
591,withers,491.8860000000001,291.46000000000004,-0.4292730104347823,-0.1986467999999998,0.2610999999999999,0.9912,True
592,occipital_protuberance,479.738,336.36,-0.4454238413043478,-0.0657037826086956,0.332,0.921,True
592,tail_base,565.5268181818182,202.1286363636364,-0.2097207482258355,-0.4445748079635286,0.266727272727273,0.6086,False
592,tail_tip,599.686,254.938,-0.1345173013043477,-0.3505644865217391,0.0041999999999998,0.9789,True
592,withers,492.18,291.97799999999995,-0.4291278869565217,-0.197470823478261,0.2471999999999998,0.9858,True
593,occipital_protuberance,479.79800000000006,337.014,-0.446476008695652,-0.0640609826086956,0.328,0.9284,True
593,tail_base,565.4712878787878,202.19507575757572,-0.2099415640926309,-0.4445241528270602,0.265931818181818,0.4219,False
593,tail_tip,599.518,253.446,-0.135139476521739,-0.3557050486956521,0.0028000000000001,1.0,True
593,withers,492.47,292.52000000000004,-0.4282860043478262,-0.1958973739130433,0.2471999999999998,0.9789,True
594,occipital_protuberance,479.928,337.546,-0.4501851008695652,-0.0631494343478261,0.3045999999999999,0.944,True
594,tail_base,565.4157575757575,202.26151515151517,-0.210162475985148,-0.4444733828003354,0.2651363636363635,0.434,False
594,tail_tip,600.602,251.708,-0.1316407086956522,-0.3618365304347826,0.0,0.9893,True
594,withers,492.776,292.984,-0.4268855895652173,-0.1943172626086957,0.2504,0.9722,True
595,occipital_protuberance,480.058,337.90399999999994,-0.45388758,-0.0627046052173914,0.2811999999999998,0.9559,True
595,tail_base,565.3602272727272,202.32795454545453,-0.2103834839033867,-0.4444224978833543,0.264340909090909,0.7447,False
595,tail_tip,602.7460000000001,249.692,-0.1246470247826083,-0.3690761799999999,-0.0041999999999998,1.0,True
595,withers,493.034,293.314,-0.4254346208695652,-0.1930414730434781,0.2738000000000001,0.9612,True
596,occipital_protuberance,480.258,338.076,-0.4551257939130435,-0.062464335652174,0.2708000000000002,0.9656,True
596,tail_base,565.304696969697,202.39439393939392,-0.2106045878473468,-0.444371498076117,0.2635454545454545,0.7718,False
596,tail_tip,605.4739999999999,247.552,-0.1155720321739132,-0.3764074573913044,-0.0020999999999999,0.9893,True
596,withers,493.194,293.408,-0.4244448689130435,-0.1925305008695651,0.2770999999999999,0.9587,True
597,occipital_protuberance,480.546,338.08399999999995,-0.4569397017391304,-0.0628036330434784,0.2555999999999999,0.9599,True
597,tail_base,,,,,,0.8503,False
597,tail_tip,608.024,245.582,-0.1070917947826087,-0.3832008060869566,-0.0001999999999998,0.9704,True
597,withers,493.3,293.26000000000005,-0.4236281413043478,-0.192726258695652,0.2803000000000001,0.9615,True
598,occipital_protuberance,480.866,337.824,-0.4560226930434783,-0.0635487026086956,0.3135999999999999,0.9732,True
598,tail_base,,,,,,0.8965,False
598,tail_tip,609.618,243.888,-0.1018985860869563,-0.3894295513043477,-0.0045999999999999,1.0,True
598,withers,493.49799999999993,292.854,-0.423406704130435,-0.1940592384782609,0.2780999999999999,0.972,False
599,occipital_protuberance,481.166,337.338,-0.4548177060869566,-0.064892144347826,0.3155999999999999,0.9714,True
599,tail_base,,,,,,0.9334,False
599,tail_tip,610.4159999999999,242.896,-0.0990871060869567,-0.3922220278260869,-0.0004,1.0,True
599,withers,493.63200000000006,292.336,-0.4230194295652172,-0.1955563147826086,0.2780999999999999,0.9742,True
600,occipital_protuberance,481.714,336.564,-0.4518033000000001,-0.0668944956521738,0.3175,0.9464,True
600,tail_base,,,,,,0.8869,False
600,tail_tip,610.5559999999999,242.766,-0.0986181973913045,-0.3926574430434782,-0.0004,0.9717,True
600,withers,493.804,291.612,-0.4238889456521739,-0.1982880326086957,0.2695,0.9659,True
601,occipital_protuberance,482.276,335.6,-0.4501991565217392,-0.0696460869565216,0.358,0.9507,True
601,tail_base,,,,,,0.8773,False
601,tail_tip,609.856,243.238,-0.1011003547826087,-0.3916095947826086,-0.0045999999999999,0.9874,True
601,withers,494.182,290.896,-0.4233159939130436,-0.2006119165217391,0.2661999999999998,0.9628,True
602,occipital_protuberance,482.956,334.59000000000003,-0.4489751399999999,-0.0726449804347825,0.3468000000000001,0.9893,True
602,tail_base,,,,,,0.926,False
602,tail_tip,608.542,244.296,-0.1053569452173912,-0.3875077878260869,-0.0001999999999998,0.9804,True
602,withers,494.638,290.1,-0.4233510247826086,-0.203576152173913,0.2705999999999999,0.9555,True
603,occipital_protuberance,483.768,333.76,-0.4488273652173912,-0.0753829565217391,0.334,1.0,True
603,tail_base,,,,,,0.9353,False
603,tail_tip,606.7819999999999,245.796,-0.1109408986956524,-0.3814165330434783,0.0049,0.9601,True
603,withers,495.096,289.366,-0.42167064,-0.20554494,0.2728000000000002,0.9341,True
604,occipital_protuberance,484.922,332.93,-0.4477034434782608,-0.0781499130434782,0.3445,0.9866,True
604,tail_base,,,,,,0.9469,False
604,tail_tip,604.7279999999998,247.494,-0.1180231791304353,-0.3764548591304348,-0.0009,0.9682,True
604,withers,495.74799999999993,288.462,-0.4201182704347828,-0.2083466491304348,0.2740999999999999,0.9076,True
605,occipital_protuberance,486.22,332.134,-0.4467977608695653,-0.0809628456521738,0.3485,0.979,True
605,tail_base,,,,,,0.9293,False
605,tail_tip,601.944,249.47600000000003,-0.1273386852173914,-0.3698229147826086,-0.0044,0.9773,True
605,withers,496.528,287.508,-0.4168485391304349,-0.2106207782608696,0.284,0.8991,True
606,occipital_protuberance,487.588,330.956,-0.4429887913043477,-0.0844170173913042,0.365,0.9786,True
606,tail_base,,,,,,0.9344,False
606,tail_tip,598.382,251.638,-0.1390041200000001,-0.3619290799999999,0.0011999999999998,0.9863,True
606,withers,497.316,286.226,-0.414217855652174,-0.2141691295652174,0.2861999999999998,0.9555,True
607,occipital_protuberance,488.9,329.546,-0.4395367608695652,-0.0885880378260869,0.3733000000000002,0.9845,True
607,tail_base,,,,,,0.9574,False
607,tail_tip,594.454,253.692,-0.1520543308695653,-0.3549069469565217,-0.0009,1.0,True
607,withers,498.46400000000006,284.782,-0.4095621078260867,-0.2176579995652174,0.3008000000000002,0.9803,True
608,occipital_protuberance,490.428,327.746,-0.434539175652174,-0.0937048817391305,0.3836999999999998,0.9568,True
608,tail_base,,,,,,0.9618,False
608,tail_tip,590.5740000000001,256.086,-0.1651580534782606,-0.3472308899999999,-0.0071999999999998,0.9103,True
608,withers,499.756,283.102,-0.4056710139130435,-0.2224358234782609,0.3018000000000002,0.9834,True
609,occipital_protuberance,491.918,325.716,-0.429148074347826,-0.0993565226086956,0.3938000000000002,1.0,True
609,tail_base,,,,,,0.955,False
609,tail_tip,586.1700000000001,259.418,-0.1796166673913041,-0.3356158952173913,-0.0028000000000001,0.9226,True
609,withers,501.052,281.576,-0.4003212704347825,-0.2259463634782609,0.3124,0.9436,True
610,occipital_protuberance,493.556,323.42600000000004,-0.4233823382608695,-0.1057386143478259,0.4001999999999998,1.0,True
610,tail_base,,,,,,0.9215,False
610,tail_tip,581.3120000000001,262.77,-0.1954693147826082,-0.3238393108695653,0.0028000000000001,0.9577,True
610,withers,502.378,280.104,-0.3958427569565217,-0.2298052121739131,0.3168000000000002,0.9066,True
611,occipital_protuberance,495.15199999999993,321.28200000000004,-0.4184217878260871,-0.1118445182608694,0.4094000000000001,0.9537,True
611,tail_base,,,,,,0.8403,False
611,tail_tip,577.008,265.716,-0.2093251547826085,-0.3133098313043478,0.0028000000000001,0.9554,True
611,withers,503.5559999999999,278.82800000000003,-0.3908823982608697,-0.2325401339130433,0.3209000000000001,0.8914,True
612,occipital_protuberance,496.708,319.05,-0.4137712252173914,-0.1182475760869564,0.4069000000000001,0.9611,True
612,tail_base,,,,,,0.8202,False
612,tail_tip,573.256,268.33000000000004,-0.2208791113043479,-0.3033679152173911,0.0084,0.986,True
612,withers,504.438,277.684,-0.38755997,-0.2353342860869564,0.3103000000000002,0.9409,True
613,occipital_protuberance,498.036,317.188,-0.4104611304347828,-0.1237825217391304,0.4,0.9958,True
613,tail_base,,,,,,0.7739,False
613,tail_tip,570.152,269.97799999999995,-0.2297847356521737,-0.2961528100000001,0.0194,0.9565,True
613,withers,505.222,276.704,-0.3837657052173912,-0.2371763060869564,0.3144,0.9737,True
614,occipital_protuberance,499.266,315.704,-0.4067518543478261,-0.1280250695652173,0.401,0.9942,True
614,tail_base,,,,,,0.6936,False
614,tail_tip,567.926,269.97,-0.2362303691304346,-0.2950831108695653,0.0235999999999999,0.9247,True
614,withers,505.916,275.712,-0.3820811026086956,-0.2401841530434783,0.3124,1.0,True
615,occipital_protuberance,500.28,314.77200000000005,-0.4038211739130434,-0.1307187521739128,0.401,0.9864,True
615,tail_base,,,,,,0.7981,False
615,tail_tip,566.92,269.34,-0.2388603913043479,-0.2963202391304348,0.032,0.9351,True
615,withers,506.4860000000001,274.76000000000005,-0.3801666026086955,-0.2427116347826085,0.3144,1.0,True
616,occipital_protuberance,501.216,314.27,-0.4000297947826087,-0.1318117543478261,0.4081999999999998,0.9783,True
616,tail_base,,,,,,0.807,False
616,tail_tip,566.512,268.714,-0.2397466121739132,-0.2978106526086956,0.0375999999999999,0.9482,True
616,withers,507.12,273.962,-0.3782169217391304,-0.2448903334782608,0.3154,1.0,True
617,occipital_protuberance,502.17599999999993,314.098,-0.397262699130435,-0.1323075256521738,0.4046999999999998,0.9617,True
617,tail_base,,,,,,0.7729,False
617,tail_tip,566.472,268.29,-0.2397652173913044,-0.2990543478260868,0.039,0.9281,True
617,withers,507.796,273.29200000000003,-0.37540188,-0.2462130208695651,0.3055999999999999,1.0,True
618,occipital_protuberance,503.064,313.986,-0.3938993808695654,-0.1323602713043478,0.4100999999999999,0.9464,True
618,tail_base,,,,,,0.8065,False
618,tail_tip,566.54,268.17600000000004,-0.2398628695652175,-0.2998253217391303,0.035,0.9122,True
618,withers,508.468,272.662,-0.374094164347826,-0.2484006639130435,0.3144,0.9948,True
619,occipital_protuberance,503.926,313.94,-0.3909169369565216,-0.1323223695652174,0.41,0.9245,True
619,tail_base,,,,,,0.798,False
619,tail_tip,566.6279999999999,268.25200000000007,-0.2386982565217393,-0.2984801782608693,0.046,0.9182,True
619,withers,509.108,272.092,-0.3725584686956521,-0.2502129226086957,0.2959000000000001,0.9759,True
620,occipital_protuberance,504.54,313.80600000000004,-0.3875922869565218,-0.1321750930434781,0.4205999999999999,0.937,True
620,tail_base,,,,,,0.7811,False
620,tail_tip,566.7239999999999,268.47400000000005,-0.237732831304348,-0.2969421791304347,0.0541999999999998,0.9147,True
620,withers,509.7200000000001,271.664,-0.3714112869565215,-0.2518344139130437,0.3081999999999998,0.9643,True
621,occipital_protuberance,505.112,313.52000000000004,-0.3868646486956522,-0.133306660869565,0.4144000000000001,0.9705,True
621,tail_base,,,,,,0.7634,False
621,tail_tip,566.892,268.684,-0.2366474173913041,-0.2955859217391304,0.061,0.9161,True
621,withers,510.23,271.23,-0.3714243086956521,-0.2540751782608695,0.2978000000000002,0.9705,True
622,occipital_protuberance,505.5179999999999,313.184,-0.3844723439130437,-0.1338428730434782,0.4228000000000002,0.9747,True
622,tail_base,,,,,,0.7464,False
622,tail_tip,566.874,268.784,-0.2359585256521738,-0.2943302365217392,0.0704,0.9163,True
622,withers,510.554,270.848,-0.3715100200000001,-0.2558662400000001,0.2905999999999999,0.9712,True
623,occipital_protuberance,505.81000000000006,312.778,-0.3833166521739129,-0.1348906695652173,0.425,0.9576,True
623,tail_base,,,,,,0.7365,False
623,tail_tip,566.966,268.83000000000004,-0.2350107104347825,-0.2933692043478259,0.0785999999999999,0.9249,True
623,withers,510.732,270.56000000000006,-0.3717298052173914,-0.2571983304347824,0.2724000000000001,0.9917,True
624,occipital_protuberance,505.982,312.226,-0.3828253304347827,-0.1364674695652174,0.425,0.9457,True
624,tail_base,,,,,,0.6962,False
624,tail_tip,567.168,268.90600000000006,-0.2343607095652173,-0.2931246495652172,0.0785999999999999,0.9082,True
624,withers,510.812,270.296,-0.3718086808695652,-0.258172012173913,0.2701999999999998,0.9978,True
625,occipital_protuberance,506.346,311.73799999999994,-0.3822504399999999,-0.1380293200000001,0.4218000000000002,0.9627,True
625,tail_base,,,,,,0.7315,False
625,tail_tip,567.374,269.044,-0.2339188730434781,-0.292957412173913,0.0758000000000001,0.9192,True
625,withers,510.8440000000001,270.026,-0.371576196521739,-0.2588512860869565,0.2711999999999998,0.9971,True
626,occipital_protuberance,506.75,311.434,-0.3826592391304347,-0.1394688826086957,0.411,0.9729,True
626,tail_base,,,,,,0.7492,False
626,tail_tip,567.5820000000001,269.28200000000004,-0.2335795360869562,-0.2926049926086955,0.0715999999999999,0.9302,True
626,withers,510.858,269.826,-0.3715359191304347,-0.2594266773913043,0.2711999999999998,0.9992,True
627,occipital_protuberance,507.33,311.378,-0.3828106326086954,-0.14029561,0.3984000000000001,0.9848,True
627,tail_base,,,,,,0.6947,False
627,tail_tip,567.85,269.504,-0.2335620978260868,-0.2929512904347825,0.0608000000000001,0.9139,True
627,withers,510.86,269.6,-0.3721477913043478,-0.2605092173913043,0.2668000000000002,0.9987,True
628,occipital_protuberance,508.014,311.43,-0.38143954,-0.1403673,0.3941999999999998,0.9804,True
628,tail_base,,,,,,0.7167,False
628,tail_tip,568.11,269.806,-0.2334705891304347,-0.2929148186956522,0.0511999999999998,0.9321,True
628,withers,510.86,269.398,-0.3721477913043478,-0.2610913286956521,0.2668000000000002,0.9989,True
629,occipital_protuberance,508.652,311.69999999999993,-0.3800811365217389,-0.1397655000000001,0.3908000000000002,0.9527,True
629,tail_base,,,,,,0.7238,False
629,tail_tip,568.2540000000001,270.18,-0.2339699447826082,-0.2929108304347826,0.0388000000000001,0.932,True
629,withers,510.816,269.244,-0.3728924243478261,-0.2619691669565216,0.2459000000000001,1.0,True
630,occipital_protuberance,509.122,311.966,-0.3796031034782608,-0.139319484347826,0.3845999999999999,0.9437,True
630,tail_base,,,,,,0.7285,False
630,tail_tip,568.446,270.384,-0.2339815799999999,-0.2930443199999999,0.0340999999999999,0.9298,True
630,withers,510.75200000000007,269.132,-0.3735267199999998,-0.26260852,0.2426999999999998,0.9995,True
631,occipital_protuberance,509.49,312.274,-0.3782236543478262,-0.1383120230434782,0.3868000000000002,0.9525,True
631,tail_base,,,,,,0.6857,False
631,tail_tip,568.6719999999999,270.528,-0.2338783095652176,-0.2933709078260869,0.0259,0.9231,True
631,withers,510.706,269.09000000000003,-0.374137485652174,-0.2630658717391303,0.2393000000000001,1.0,True
632,occipital_protuberance,509.708,312.512,-0.3763739339130435,-0.1371783791304348,0.3954000000000001,0.9565,True
632,tail_base,,,,,,0.6759,False
632,tail_tip,568.966,270.82,-0.233022404347826,-0.2925491739130434,0.0245,0.938,True
632,withers,510.698,269.128,-0.3746103813043479,-0.263271987826087,0.2360999999999999,1.0,True
633,occipital_protuberance,509.866,312.736,-0.37685109,-0.1368703791304348,0.3888000000000002,0.9614,True
633,tail_base,,,,,,0.7043,False
633,tail_tip,569.164,271.118,-0.2323728782608696,-0.2915716043478261,0.0245,0.9386,True
633,withers,510.712,269.206,-0.3747384573913044,-0.2631644352173912,0.2349,1.0,True
634,occipital_protuberance,510.016,312.882,-0.3761058782608696,-0.1363349086956521,0.391,0.9621,True
634,tail_base,,,,,,0.6844,False
634,tail_tip,569.49,271.27,-0.231518052173913,-0.2913430260869566,0.0216999999999998,0.9274,True
634,withers,510.78,269.286,-0.3742323565217391,-0.262715632173913,0.2535999999999999,1.0,True
635,occipital_protuberance,510.132,312.976,-0.3757702347826088,-0.1360629217391304,0.391,0.9605,True
635,tail_base,,,,,,0.6528,False
635,tail_tip,569.882,271.452,-0.2307644352173914,-0.2914191678260869,0.0181999999999998,0.8776,True
635,withers,510.896,269.358,-0.3737280139130434,-0.2623888852173913,0.2548000000000002,1.0,True
636,occipital_protuberance,510.156,313.056,-0.3750797982608697,-0.1356069286956522,0.3954000000000001,0.962,True
636,tail_base,,,,,,0.6409,False
636,tail_tip,570.162,271.628,-0.2300554813043477,-0.2911088947826087,0.0154,0.884,True
636,withers,510.984,269.408,-0.373164756521739,-0.2620275130434782,0.27,1.0,True
637,occipital_protuberance,510.158,313.13199999999995,-0.376767612173913,-0.1359987095652175,0.3834000000000001,0.9536,True
637,tail_base,,,,,,0.667,False
637,tail_tip,570.376,271.73,-0.2298802852173913,-0.2914445130434782,0.0084,0.8998,True
637,withers,511.04,269.432,-0.3722458434782609,-0.2614265008695653,0.2754000000000001,0.994,True
638,occipital_protuberance,510.216,313.11400000000003,-0.3758375356521738,-0.1357757404347825,0.3888000000000002,0.9636,True
638,tail_base,,,,,,0.6648,False
638,tail_tip,570.646,271.71000000000004,-0.229622047826087,-0.2923166739130433,0.0,0.9139,True
638,withers,511.04,269.406,-0.3722458434782609,-0.2615015504347825,0.2754000000000001,0.993,True
639,occipital_protuberance,510.404,313.086,-0.3742507095652174,-0.1354794730434782,0.3961999999999998,0.9627,True
639,tail_base,,,,,,0.6871,False
639,tail_tip,570.828,271.73,-0.2290194695652174,-0.292250456521739,0.0,0.8874,True
639,withers,511.038,269.422,-0.3720834052173912,-0.2613372208695653,0.2765999999999999,0.9971,True
640,occipital_protuberance,510.688,313.086,-0.3729807860869565,-0.1353162939130434,0.3994000000000001,0.9367,True
640,tail_base,,,,,,0.6846,False
640,tail_tip,570.91,271.84000000000003,-0.2285377043478261,-0.2916179478260868,0.0028000000000001,0.8808,True
640,withers,510.99,269.41,-0.3726986717391306,-0.2617066326086956,0.2731999999999998,1.0,True
641,occipital_protuberance,511.106,313.006,-0.3717751286956523,-0.1355470417391305,0.3994000000000001,0.9323,True
641,tail_base,,,,,,0.647,False
641,tail_tip,570.962,271.908,-0.2285758130434783,-0.2916611217391304,0.0,0.8848,True
641,withers,510.98,269.41400000000004,-0.3727275608695652,-0.2616950769565216,0.2731999999999998,1.0,True
642,occipital_protuberance,511.528,312.966,-0.3687425686956522,-0.1349978047826086,0.4124000000000001,0.9207,True
642,tail_base,,,,,,0.6204,False
642,tail_tip,571.0360000000001,271.908,-0.2281209182608693,-0.2913930156521738,0.0028000000000001,0.8704,True
642,withers,510.966,269.39,-0.37290826,-0.2618629,0.2721999999999998,1.0,True
643,occipital_protuberance,511.848,313.114,-0.3676569443478262,-0.1345118569565218,0.4135999999999999,0.9083,True
643,tail_base,,,,,,0.6449,False
643,tail_tip,571.0200000000001,271.928,-0.2279639043478257,-0.2910588139130435,0.0055999999999999,0.8765,True
643,withers,510.996,269.40200000000004,-0.3726532939130435,-0.261710048695652,0.2734000000000001,0.9984,True
644,occipital_protuberance,512.048,313.178,-0.3685573913043478,-0.1348677173913043,0.403,0.9171,True
644,tail_base,,,,,,0.6745,False
644,tail_tip,571.08,272.044,-0.2279753739130433,-0.2909431513043478,0.0028000000000001,0.8777,True
644,withers,511.016,269.392,-0.37259552,-0.2617389356521739,0.2734000000000001,1.0,True
645,occipital_protuberance,512.1780000000001,313.274,-0.3693777926086953,-0.135027982173913,0.3944000000000001,0.9283,True
645,tail_base,,,,,,0.6278,False
645,tail_tip,571.11,272.064,-0.2279809717391304,-0.2910108104347827,0.0014,0.8713,True
645,withers,511.072,269.444,-0.3721254469565217,-0.2613721765217391,0.2755999999999999,0.9978,True
646,occipital_protuberance,512.332,313.448,-0.3689327660869565,-0.13452516,0.3944000000000001,0.9253,True
646,tail_base,,,,,,0.6325,False
646,tail_tip,571.124,272.146,-0.2277250182608695,-0.2904720621739129,0.0041999999999998,0.8668,True
646,withers,511.062,269.442,-0.37215431,-0.2613779491304348,0.2755999999999999,0.997,True
647,occipital_protuberance,512.4119999999999,313.55600000000004,-0.3685629008695654,-0.1341625808695651,0.3954000000000001,0.9298,True
647,tail_base,,,,,,0.642,False
647,tail_tip,571.198,272.218,-0.227794447826087,-0.2906347521739131,0.0,0.86,True
647,withers,511.084,269.486,-0.3722589626086956,-0.2613690134782609,0.2744000000000001,0.9922,True
648,occipital_protuberance,512.488,313.614,-0.3677612399999999,-0.1337832743478261,0.3995999999999999,0.9325,True
648,tail_base,,,,,,0.6732,False
648,tail_tip,571.296,272.25,-0.2276790817391303,-0.2907958695652174,-0.0028000000000001,0.8858,True
648,withers,511.104,269.524,-0.372369335652174,-0.2613772965217391,0.2731999999999998,0.998,True
649,occipital_protuberance,512.446,313.824,-0.3681873939130434,-0.1332880278260869,0.3974000000000001,0.9354,True
649,tail_base,,,,,,0.7184,False
649,tail_tip,571.3860000000001,272.162,-0.2273808295652171,-0.2910874939130436,0.0006999999999998,0.8787,True
649,withers,511.14,269.602,-0.3722653347826088,-0.2611519613043479,0.2731999999999998,0.9948,True
650,occipital_protuberance,512.376,313.938,-0.3681120069565218,-0.1328588295652174,0.3994000000000001,0.9422,True
650,tail_base,,,,,,0.719,False
650,tail_tip,571.47,272.11800000000005,-0.2272067456521738,-0.2913670395652172,-0.0006999999999998,0.8903,True
650,withers,511.166,269.656,-0.3720221786956522,-0.26087812,0.2744000000000001,0.988,True
651,occipital_protuberance,512.136,314.052,-0.3692767913043479,-0.1326998217391304,0.396,0.9386,True
651,tail_base,,,,,,0.678,False
651,tail_tip,571.592,272.076,-0.2270104608695652,-0.2917738826086956,-0.0035,0.9019,True
651,withers,511.216,269.77599999999995,-0.3717098191304347,-0.260413923478261,0.2755999999999999,0.9826,True
652,occipital_protuberance,512.008,314.172,-0.3703698939130433,-0.132612284347826,0.3908000000000002,0.9346,True
652,tail_base,,,,,,0.7256,False
652,tail_tip,571.69,272.072,-0.2266852499999998,-0.2917871565217391,-0.0035,0.8831,True
652,withers,511.262,269.88,-0.3715770491304348,-0.260113747826087,0.2755999999999999,0.9822,True
653,occipital_protuberance,511.852,314.116,-0.3714063339130433,-0.1329838017391304,0.3865999999999999,0.9539,True
653,tail_base,558.53,210.5,-0.23829975,-0.4372874999999999,0.217,0.7389,False
653,tail_tip,571.822,272.08000000000004,-0.22635096,-0.2918943999999999,-0.0049,0.8907,True
653,withers,511.274,270.03000000000003,-0.3715424134782609,-0.259680802173913,0.2755999999999999,0.9772,True
654,occipital_protuberance,511.862,313.884,-0.3706252369565218,-0.1333855173913044,0.392,0.9455,True
654,tail_base,558.5799999999999,210.565,-0.2379322500000001,-0.4366913016304347,0.2195,0.6656,False
654,tail_tip,571.904,272.09800000000007,-0.22607872,-0.2918346399999998,-0.0049,0.8936,True
654,withers,511.274,270.10600000000005,-0.3717103169565217,-0.2595786960869564,0.2744000000000001,0.9776,True
655,occipital_protuberance,511.938,313.648,-0.3699321426086956,-0.1338968208695651,0.3954000000000001,0.9345,True
655,tail_base,558.632619047619,210.62476190476187,-0.2376247602533769,-0.4362344556837228,0.2212380952380954,0.682,True
655,tail_tip,572.05,272.112,-0.2254905978260871,-0.2916544173913045,-0.0035,0.8856,True
655,withers,511.226,270.156,-0.3720168882608696,-0.2595515034782609,0.2731999999999998,0.976,True
656,occipital_protuberance,512.052,313.404,-0.3692968686956521,-0.1344902373913043,0.3975999999999999,0.9202,True
656,tail_base,558.6858928571428,210.68321428571429,-0.2373323936196763,-0.4358125718444987,0.2227857142857142,0.6889,True
656,tail_tip,572.25,272.218,-0.22493,-0.2914362400000002,-0.0049,0.9023,True
656,withers,511.194,270.17600000000004,-0.3724173478260871,-0.2597085217391303,0.271,0.976,True
657,occipital_protuberance,512.0939999999999,313.062,-0.3688975873913045,-0.135375314347826,0.3995999999999999,0.9217,True
657,tail_base,558.7394285714286,210.74114285714285,-0.2370461718899734,-0.4354047736113576,0.2242571428571427,0.724,False
657,tail_tip,572.4739999999999,272.248,-0.2242890769565219,-0.2914701756521739,-0.0063000000000001,0.904,True
657,withers,511.11800000000005,270.15000000000003,-0.3726370869565216,-0.2597836956521738,0.271,0.9873,True
658,occipital_protuberance,512.224,312.70200000000006,-0.3689948660869564,-0.1365883982608694,0.3961999999999998,0.9165,True
658,tail_base,558.8457142857143,210.85857142857145,-0.2364563691215616,-0.4345481002661934,0.2534285714285715,0.7127,False
658,tail_tip,572.71,272.326,-0.2235051978260868,-0.2912110969565218,-0.0063000000000001,0.9054,True
658,withers,511.084,270.098,-0.3724271139130435,-0.2597190604347826,0.2731999999999998,0.9838,True
659,occipital_protuberance,512.248,312.28000000000003,-0.3689255582608694,-0.1378070608695651,0.3961999999999998,0.8991,True
659,tail_base,558.9535714285714,210.97285714285712,-0.2359029974489795,-0.4337754336734694,0.2561428571428573,0.7266,False
659,tail_tip,572.902,272.502,-0.2228674656521737,-0.2906265091304347,-0.0028000000000001,0.8895,True
659,withers,511.012,270.00600000000003,-0.3730837695652174,-0.2602978630434782,0.27,0.9981,True
660,occipital_protuberance,512.17,311.858,-0.3691508086956523,-0.1390257234782608,0.3961999999999998,0.923,True
660,tail_base,559.0075,211.03,-0.2356265502717389,-0.4333893532608696,0.2575,0.6686,False
660,tail_tip,573.05,272.642,-0.2225796413043479,-0.2904273682608695,-0.0055999999999999,0.8944,True
660,withers,510.97,269.93600000000004,-0.3735138,-0.2607157008695651,0.2678000000000002,0.9913,True
661,occipital_protuberance,512.144,311.402,-0.369225892173913,-0.1403425721739131,0.3961999999999998,0.95,True
661,tail_base,559.0614285714286,211.0871428571428,-0.2353502622005323,-0.4330034414374445,0.2588571428571431,0.6798,False
661,tail_tip,573.076,272.69,-0.2224932026086955,-0.2902677891304348,-0.0055999999999999,0.9155,True
661,withers,510.924,269.856,-0.37364696,-0.2609472834782608,0.2548000000000002,1.0,True
662,occipital_protuberance,512.112,310.99,-0.3699021391304348,-0.1417560978260869,0.385,0.95,True
662,tail_base,559.1153571428572,211.14428571428567,-0.2350741332353592,-0.4326176982031944,0.2602142857142858,0.6783,False
662,tail_tip,573.21,272.738,-0.2221493478260868,-0.290241,-0.007,0.8963,True
662,withers,510.946,269.866,-0.3734149434782607,-0.2608007695652174,0.269,1.0,True
663,occipital_protuberance,512.04,310.726,-0.3701103913043479,-0.1425196891304347,0.385,0.9512,True
663,tail_base,559.1692857142857,211.20142857142852,-0.2347981633762201,-0.4322321235581189,0.2615714285714284,0.6949,False
663,tail_tip,573.2360000000001,272.832,-0.2219612721739126,-0.2897957008695652,-0.0055999999999999,0.8987,True
663,withers,510.94,269.836,-0.3735725869565218,-0.2609855782608696,0.255,1.0,True
664,occipital_protuberance,512.102,310.49,-0.3699310630434783,-0.1432022934782608,0.385,0.9632,True
664,tail_base,,,,,,0.7204,False
664,tail_tip,573.3120000000001,272.83399999999995,-0.2216071234782604,-0.2896564078260871,-0.0041999999999998,0.8885,True
664,withers,510.95200000000006,269.858,-0.3727803965217389,-0.2603928034782608,0.2734000000000001,0.9952,True
665,occipital_protuberance,512.202,310.302,-0.3701141208695652,-0.1439297295652173,0.3815999999999999,0.9639,True
665,tail_base,,,,,,0.721,False
665,tail_tip,573.428,272.814,-0.2213229556521739,-0.2898555430434784,-0.0055999999999999,0.905,True
665,withers,510.974,269.856,-0.37224001,-0.26006544,0.2768000000000001,0.9959,True
666,occipital_protuberance,512.326,310.066,-0.3701990895652173,-0.1447868895652174,0.3784,0.9835,True
666,tail_base,,,,,,0.7244,False
666,tail_tip,573.5640000000001,272.79,-0.2207697165217388,-0.2898026217391305,-0.0041999999999998,0.8946,True
666,withers,511.0220000000001,269.88199999999995,-0.3719613365217389,-0.259892475652174,0.2778000000000001,1.0,True
667,occipital_protuberance,512.46,309.836,-0.369976904347826,-0.1455192208695652,0.3771999999999998,0.9873,True
667,tail_base,,,,,,0.7284,False
667,tail_tip,573.622,272.83,-0.2203749600000001,-0.2894044,-0.0014,0.9007,True
667,withers,511.03,269.908,-0.3719382652173912,-0.2598174939130434,0.2778000000000001,1.0,True
668,occipital_protuberance,512.548,309.46,-0.3694168513043478,-0.1464890913043478,0.3724,0.9942,True
668,tail_base,560.14,212.23,-0.2298579130434783,-0.4253206086956522,0.302,0.7464,False
668,tail_tip,573.758,272.85,-0.2200242430434781,-0.2894706195652173,-0.0028000000000001,0.8985,True
668,withers,511.026,269.908,-0.3719498008695652,-0.2598174939130434,0.2778000000000001,0.9948,True
669,occipital_protuberance,512.5640000000001,309.124,-0.3692042547826085,-0.1473966200000001,0.3735999999999999,0.9999,True
669,tail_base,560.1091666666666,212.1825,-0.230062443236715,-0.425671554347826,0.3006666666666669,0.7571,False
669,tail_tip,573.8539999999999,272.912,-0.2199066908695654,-0.2895297356521739,-0.0055999999999999,0.9033,True
669,withers,511.00200000000007,269.908,-0.3724677034782607,-0.2601308573913043,0.2745999999999999,0.9936,True
670,occipital_protuberance,512.548,308.78000000000003,-0.3692506095652174,-0.1483932478260868,0.3735999999999999,0.9997,True
670,tail_base,560.0783333333334,212.135,-0.2302670628019322,-0.4260226376811594,0.2993333333333335,0.748,True
670,tail_tip,573.9559999999999,272.986,-0.2192660800000003,-0.28888648,-0.0014,0.9069,True
670,withers,510.97,269.924,-0.37286865,-0.2603000582608696,0.2724000000000001,0.9981,True
671,occipital_protuberance,512.508,308.34800000000007,-0.369366496521739,-0.1496448269565215,0.3735999999999999,0.9963,True
671,tail_base,560.0475,212.0875,-0.2304717717391304,-0.4263738586956522,0.298,0.6819,False
671,tail_tip,574.1,273.07,-0.2188882826086955,-0.2887398847826087,-0.0028000000000001,0.9074,True
671,withers,510.894,269.888,-0.3732286060869566,-0.2605020382608696,0.2584000000000001,1.0,True
672,occipital_protuberance,512.41,307.914,-0.3707044239130436,-0.1513324760869565,0.366,0.99,True
672,tail_base,560.0166666666667,212.04,-0.2306765700483092,-0.4267252173913042,0.2966666666666669,0.6814,False
672,tail_tip,574.2439999999999,273.104,-0.2186101104347828,-0.2888914191304348,-0.0055999999999999,0.8808,True
672,withers,510.832,269.832,-0.37371672,-0.2608795460869565,0.2561999999999998,1.0,True
673,occipital_protuberance,512.3199999999999,307.692,-0.3712712347826088,-0.1521025669565217,0.3638000000000002,0.9899,True
673,tail_base,559.955,211.945,-0.2310864347826086,-0.427428347826087,0.294,0.6187,False
673,tail_tip,574.4620000000001,273.134,-0.2179850869565213,-0.2889238695652173,0.0,0.8922,True
673,withers,510.802,269.846,-0.3742809886956521,-0.2611722182608695,0.2528000000000002,1.0,True
674,occipital_protuberance,512.202,307.466,-0.3725311699999999,-0.1531366099999999,0.3571999999999998,0.9822,True
674,tail_base,559.8933333333333,211.85,-0.231496657004831,-0.4281320289855073,0.291333333333333,0.6354,False
674,tail_tip,574.6099999999999,273.108,-0.2173933195652177,-0.2888781208695651,0.0014,0.8999,True
674,withers,510.814,269.886,-0.3742462252173912,-0.2610563400000001,0.2528000000000002,1.0,True
675,occipital_protuberance,512.114,307.286,-0.3732325108695651,-0.1538446630434782,0.354,0.9842,True
675,tail_base,559.861,211.803,-0.2326034475,-0.4301417925000001,0.2796999999999998,0.6969,False
675,tail_tip,574.788,273.16,-0.2170992539130434,-0.2891016869565218,-0.0028000000000001,0.9017,True
675,withers,510.834,269.88,-0.3744971613043478,-0.2612892260869565,0.2505999999999999,0.9992,True
676,occipital_protuberance,512.004,307.232,-0.3741656982608695,-0.1542546295652173,0.3495999999999999,0.9836,True
676,tail_base,559.858,211.804,-0.2344066389130436,-0.4334571917391304,0.2590999999999999,0.6946,True
676,tail_tip,574.924,273.25199999999995,-0.2166464921739131,-0.2887954069565219,-0.0028000000000001,0.8825,True
676,withers,510.84800000000007,269.89,-0.3746250295652172,-0.2613777673913044,0.2494000000000001,0.997,True
677,occipital_protuberance,511.842,307.212,-0.3740263369565217,-0.1540606304347826,0.354,0.9802,True
677,tail_base,559.8658333333333,211.817,-0.2357439757095412,-0.4359345208876812,0.2434833333333331,0.72,False
677,tail_tip,574.9939999999999,273.316,-0.2165123752173915,-0.2887142530434783,-0.0041999999999998,0.9032,True
677,withers,510.864,269.88199999999995,-0.3745786191304346,-0.2614009726086958,0.2494000000000001,1.0,True
678,occipital_protuberance,511.804,307.11400000000003,-0.3741372391304349,-0.1543466413043477,0.354,0.974,True
678,tail_base,559.8845,211.842,-0.2366150335054348,-0.4375733801086957,0.2328499999999999,0.7078,True
678,tail_tip,575.0,273.364,-0.2162945652173913,-0.2882907069565218,-0.0014,0.8943,True
678,withers,510.858,269.856,-0.3745960230434783,-0.2614763895652174,0.2494000000000001,1.0,True
679,occipital_protuberance,511.754,307.072,-0.3744225608695651,-0.1545267478260869,0.353,0.9706,True
679,tail_base,559.914,211.879,-0.23701974,-0.4383737595652174,0.2271999999999998,0.7003,False
679,tail_tip,575.04,273.42600000000004,-0.2162603130434784,-0.2882161382608694,-0.0028000000000001,0.894,True
679,withers,510.854,269.772,-0.3744672495652174,-0.2616219704347826,0.2504,1.0,True
680,occipital_protuberance,511.792,307.014,-0.3752313704347825,-0.1550761995652173,0.3464000000000001,0.9743,True
680,tail_base,559.925,211.88,-0.2362647690217393,-0.4370345,0.2355,0.7009,False
680,tail_tip,574.99,273.45,-0.2162289130434782,-0.2878728260869565,0.0,0.918,True
680,withers,510.86800000000005,269.72799999999995,-0.3739775008695651,-0.2614355617391306,0.2535999999999999,1.0,True
681,occipital_protuberance,511.9,307.01000000000005,-0.3755279347826087,-0.1553413369565216,0.342,0.9733,True
681,tail_base,559.9396666666667,211.86066666666665,-0.2348146370772947,-0.4344883707729469,0.251666666666667,0.6957,False
681,tail_tip,575.034,273.432,-0.2160825652173913,-0.287932695652174,0.0,0.9096,True
681,withers,510.904,269.69,-0.3735645339130434,-0.261329654347826,0.2558000000000002,1.0,True
682,occipital_protuberance,512.202,307.034,-0.3747815260869565,-0.155328552173913,0.341,0.9822,True
682,tail_base,559.9765,211.857,-0.2338295368206522,-0.4328754562500001,0.26175,0.643,True
682,tail_tip,575.046,273.422,-0.2159438091304346,-0.2878342073913044,0.0014,0.8989,True
682,withers,510.934,269.674,-0.3731690869565217,-0.2611599565217392,0.258,0.9983,True
683,occipital_protuberance,512.452,307.012,-0.3749356643478261,-0.1557616817391304,0.3345999999999999,0.9893,True
683,tail_base,560.0355,211.869,-0.2333094664402175,-0.4321963442934782,0.26575,0.6949,False
683,tail_tip,575.086,273.402,-0.2159096086956521,-0.2880324782608696,0.0,0.9138,True
683,withers,510.9440000000001,269.626,-0.3731401739130432,-0.2612987391304349,0.271,0.9976,True
684,occipital_protuberance,512.702,306.99,-0.3749756304347826,-0.1561490217391304,0.329,0.9964,True
684,tail_base,560.1166666666666,211.89666666666668,-0.2332535446859906,-0.4324510012077294,0.263666666666667,0.6921,False
684,tail_tip,575.13,273.468,-0.2157632608695652,-0.287812956521739,0.0,0.8953,True
684,withers,510.954,269.616,-0.3734198491304347,-0.261543787826087,0.2688000000000002,0.9959,True
685,occipital_protuberance,512.948,306.966,-0.37364336,-0.1559660765217391,0.3334000000000001,1.0,True
685,tail_base,560.22,211.94,-0.2336600108695651,-0.4336387717391304,0.2555,0.6929,False
685,tail_tip,575.172,273.49,-0.2158208678260869,-0.2880030739130435,-0.0028000000000001,0.905,True
685,withers,510.948,269.59599999999995,-0.3731286086956522,-0.2613854782608697,0.271,1.0,True
686,occipital_protuberance,513.1400000000001,307.028,-0.3727753521739128,-0.1556570704347827,0.3355999999999999,1.0,True
686,tail_base,560.3233333333334,211.9833333333333,-0.2340646425120771,-0.4348257729468601,0.247333333333333,0.6974,False
686,tail_tip,575.164,273.538,-0.2159461643478261,-0.2879748482608695,-0.0041999999999998,0.9119,True
686,withers,510.96,269.57,-0.3732341739130433,-0.2615589456521739,0.27,0.9991,True
687,occipital_protuberance,513.366,307.054,-0.3719736104347826,-0.1555231200000001,0.3365999999999999,1.0,True
687,tail_base,560.432,212.036,-0.2341201913043477,-0.4353679869565217,0.243,0.6472,False
687,tail_tip,575.174,273.564,-0.215912857826087,-0.2878882513043477,-0.0041999999999998,0.8945,True
687,withers,510.99,269.508,-0.3733156760869566,-0.2618563069565218,0.2688000000000002,0.9968,True
688,occipital_protuberance,513.586,307.182,-0.3695410995652174,-0.1544007926086957,0.3495999999999999,1.0,True
688,tail_base,560.507,212.088,-0.2338476686956523,-0.4351185182608696,0.2435999999999999,0.6627,True
688,tail_tip,575.16,273.612,-0.2159594869565218,-0.2877283800000001,-0.0041999999999998,0.9064,True
688,withers,511.06000000000006,269.508,-0.3726365999999999,-0.2615218800000001,0.2721999999999998,0.9985,True
689,occipital_protuberance,513.82,307.398,-0.3672112304347824,-0.1530832552173912,0.3615999999999999,1.0,True
689,tail_base,560.5483333333334,212.13933333333333,-0.233248215338164,-0.4340782020772946,0.2491333333333332,0.6462,True
689,tail_tip,575.17,273.544,-0.2158275260869566,-0.2878233008695653,-0.0028000000000001,0.9001,True
689,withers,511.112,269.53200000000004,-0.3724863200000001,-0.2614525199999999,0.2721999999999998,0.993,True
690,occipital_protuberance,514.0899999999999,307.78000000000003,-0.3661243826086959,-0.1518466782608694,0.3638000000000002,1.0,True
690,tail_base,560.5286,212.16440000000003,-0.2327630924043478,-0.4329944033130433,0.2554200000000001,0.6846,False
690,tail_tip,575.18,273.61,-0.2157942347826089,-0.2876035782608695,-0.0028000000000001,0.9097,True
690,withers,511.174,269.548,-0.3726152021739131,-0.2616225782608695,0.27,0.9871,True
691,occipital_protuberance,514.4440000000001,308.086,-0.3640578104347823,-0.1505280286956521,0.3714,1.0,True
691,tail_base,560.4478,212.1632,-0.2323909995521738,-0.4318666450782608,0.26246,0.6877,True
691,tail_tip,575.212,273.5,-0.2154905217391304,-0.2877065217391304,0.0,0.905,True
691,withers,511.224,269.588,-0.3726385513043478,-0.2616248113043477,0.2688000000000002,0.9869,True
692,occipital_protuberance,514.748,308.486,-0.3637753739130433,-0.1496145739130435,0.3705,1.0,True
692,tail_base,560.3005999999999,212.1264,-0.2324779520130437,-0.4313376472695652,0.26642,0.6943,False
692,tail_tip,575.284,273.504,-0.2151525626086956,-0.2875615930434781,0.0014,0.9288,True
692,withers,511.292,269.64,-0.3722738999999999,-0.2613564782608696,0.27,0.9841,True
693,occipital_protuberance,515.014,308.932,-0.3636005765217391,-0.1485634730434782,0.3660999999999999,1.0,True
693,tail_base,560.126,212.064,-0.2330063491304349,-0.43155504,0.2661999999999998,0.6727,False
693,tail_tip,575.356,273.47200000000004,-0.2149131939130434,-0.2876679791304347,0.0014,0.9013,True
693,withers,511.34,269.65,-0.372610547826087,-0.2616614565217392,0.2665999999999999,0.9819,True
694,occipital_protuberance,515.21,309.336,-0.3636000804347825,-0.1476194765217391,0.3619000000000001,1.0,True
694,tail_base,559.924,211.97600000000003,-0.2339785904347826,-0.4325196921739129,0.2618000000000002,0.6489,False
694,tail_tip,575.378,273.45,-0.2149383913043477,-0.2878728260869565,0.0,0.9085,True
694,withers,511.432,269.712,-0.3721764104347826,-0.261364132173913,0.2678000000000002,0.9736,True
695,occipital_protuberance,515.4060000000001,309.568,-0.3627310539130433,-0.1468229008695652,0.3640999999999999,1.0,True
695,tail_base,559.6984,211.8296,-0.2345609736,-0.4328057384000001,0.2626799999999998,0.6598,False
695,tail_tip,575.3539999999999,273.396,-0.2150182173913045,-0.2880524347826086,0.0,0.9027,True
695,withers,511.5100000000001,269.79200000000003,-0.3719506173913041,-0.2611325495652172,0.2678000000000002,0.974,True
696,occipital_protuberance,515.59,309.724,-0.3621953739130433,-0.1463687373913043,0.3640999999999999,1.0,True
696,tail_base,559.5585333333333,211.72546666666668,-0.2347864906512076,-0.4327725335806762,0.2647733333333335,0.6828,True
696,tail_tip,575.278,273.504,-0.2152709999999999,-0.2876932173913042,0.0,0.9055,True
696,withers,511.568,269.834,-0.3713080799999999,-0.2606777465217391,0.2711999999999998,0.9601,True
697,occipital_protuberance,515.73,309.85,-0.3608962891304347,-0.1456421413043477,0.3741999999999998,1.0,True
697,tail_base,559.5044,211.6636,-0.2346551734260868,-0.4324199542260869,0.2680799999999999,0.6239,True
697,tail_tip,575.1899999999999,273.514,-0.2156623195652176,-0.2877915656521739,-0.0014,0.886,True
697,withers,511.5799999999999,269.87800000000004,-0.371440891304348,-0.2606680891304346,0.27,0.9597,True
698,occipital_protuberance,515.8720000000001,309.778,-0.3612124799999998,-0.1461460200000001,0.3688000000000002,1.0,True
698,tail_base,559.536,211.644,-0.2341677321739132,-0.4317482113043477,0.2725999999999999,0.6306,False
698,tail_tip,575.1039999999999,273.54,-0.215849739130435,-0.2875734782608697,0.0,0.8986,True
698,withers,511.582,269.894,-0.37112802,-0.26040634,0.2721999999999998,0.9623,True
699,occipital_protuberance,516.182,309.592,-0.3601757952173912,-0.1466324886956522,0.3663000000000002,1.0,True
699,tail_base,559.5319999999999,211.61,-0.2341793730434785,-0.4318471586956522,0.2725999999999999,0.6621,False
699,tail_tip,575.088,273.62800000000004,-0.2158041773913044,-0.2871493469565215,0.0014,0.878,True
699,withers,511.552,269.814,-0.3710751026086956,-0.2605395117391304,0.2731999999999998,0.9645,True
700,occipital_protuberance,516.414,309.556,-0.3595009273913043,-0.1467372095652174,0.3663000000000002,1.0,True
700,tail_base,559.595,211.624,-0.233996029347826,-0.431806415652174,0.2725999999999999,0.6271,True
700,tail_tip,575.068,273.714,-0.2156730495652174,-0.2866008247826087,0.0041999999999998,0.8959,True
700,withers,511.518,269.71400000000006,-0.3711733256521738,-0.2608284030434781,0.2731999999999998,0.9713,True
701,occipital_protuberance,516.554,309.528,-0.3595230569565218,-0.1469942139130434,0.3630999999999999,1.0,True
701,tail_base,559.6156666666667,211.58533333333332,-0.2335805628019322,-0.4312629082125602,0.2766666666666669,0.6597,True
701,tail_tip,575.0899999999999,273.758,-0.2155999760869568,-0.286454677826087,0.0041999999999998,0.8927,True
701,withers,511.484,269.606,-0.3714391782608694,-0.2612583108695652,0.272,0.9682,True
702,occipital_protuberance,516.7,309.442,-0.3588029999999998,-0.1471237799999999,0.3653000000000002,1.0,True
702,tail_base,559.6063333333334,211.5423333333333,-0.2332989252898549,-0.4308176939855073,0.2801999999999998,0.5966,False
702,tail_tip,575.2239999999999,273.764,-0.2149577478260871,-0.2861722913043478,0.007,0.89,True
702,withers,511.462,269.5,-0.3715027630434782,-0.2615646739130434,0.272,0.97,True
703,occipital_protuberance,516.912,309.428,-0.3574636069565216,-0.1468676843478261,0.3706999999999998,1.0,True
703,tail_base,559.567,211.495,-0.2331507873913043,-0.4304707978260871,0.2831999999999998,0.5851,True
703,tail_tip,575.232,273.754,-0.2151283200000001,-0.2864679639130434,0.0041999999999998,0.8895,True
703,withers,511.476,269.43600000000004,-0.3714623,-0.2617496478260868,0.272,0.9757,True
704,occipital_protuberance,517.0939999999999,309.49800000000005,-0.3562136504347828,-0.1463679704347824,0.3760999999999999,1.0,True
704,tail_base,559.619,211.5,-0.2322836158695651,-0.4291327173913043,0.2914000000000001,0.6697,False
704,tail_tip,575.2520000000001,273.732,-0.2149633599999998,-0.2864097600000001,0.0055999999999999,0.8991,True
704,withers,511.494,269.39,-0.3711029791304347,-0.2616659217391305,0.2741999999999998,0.9767,True
705,occipital_protuberance,517.3120000000001,309.42600000000004,-0.3549950608695648,-0.1463347695652172,0.3805,1.0,True
705,tail_base,559.6833333333333,211.5533333333333,-0.2317834239130436,-0.4283977173913043,0.295,0.6778,False
705,tail_tip,575.278,273.66,-0.2150740199999999,-0.2869115739130435,0.0028000000000001,0.9007,True
705,withers,511.554,269.37800000000004,-0.3709297095652175,-0.2617005756521738,0.2741999999999998,0.972,True
706,occipital_protuberance,517.55,309.372,-0.3540135978260871,-0.1463699504347827,0.3826999999999998,1.0,True
706,tail_base,559.76,211.65500000000003,-0.2316493913043478,-0.4282655652173912,0.294,0.673,False
706,tail_tip,575.2560000000001,273.572,-0.2150486034782605,-0.2870724808695652,0.0041999999999998,0.8946,True
706,withers,511.558,269.402,-0.3709181582608696,-0.261631267826087,0.2741999999999998,0.9712,True
707,occipital_protuberance,517.76,309.332,-0.3539910956521739,-0.1467279191304348,0.3783000000000002,1.0,True
707,tail_base,559.8366666666667,211.75666666666663,-0.2315151920289854,-0.4281331920289855,0.293,0.6506,False
707,tail_tip,575.24,273.586,-0.2152002956521738,-0.2871574791304349,0.0028000000000001,0.8553,True
707,withers,511.572,269.448,-0.3708777286956523,-0.261498427826087,0.2741999999999998,0.9619,True
708,occipital_protuberance,517.943,309.381,-0.3540979706521739,-0.1468501206521739,0.3735,1.0,True
708,tail_base,559.9190000000001,211.841,-0.2315820657608693,-0.4284532820652174,0.2895,0.6448,False
708,tail_tip,575.348,273.648,-0.2148414069565218,-0.2869514504347825,0.0028000000000001,0.8508,True
708,withers,511.56,269.476,-0.3709123826086958,-0.2614175686956522,0.2741999999999998,0.9771,True
709,occipital_protuberance,518.0989999999999,309.473,-0.3544934080434785,-0.1469347128260869,0.3670999999999999,1.0,True
709,tail_base,560.007,211.908,-0.2318492766304349,-0.4292253456521739,0.2835,0.6656,True
709,tail_tip,575.418,273.696,-0.2146087939130434,-0.2867919443478259,0.0028000000000001,0.8741,True
709,withers,511.514,269.49,-0.3714921304347826,-0.2616919565217391,0.271,0.9726,True
710,occipital_protuberance,518.201,309.547,-0.3547793045652173,-0.1469608145652174,0.3626999999999998,0.9854,False
710,tail_base,560.0296666666667,211.93266666666668,-0.2319139666666666,-0.4293952666666666,0.282,0.688,False
710,tail_tip,575.5799999999999,273.676,-0.2139724304347828,-0.2867270426086957,0.0041999999999998,0.88,True
710,withers,511.432,269.51,-0.3717292173913045,-0.2616341304347827,0.271,0.9722,True
711,occipital_protuberance,518.333,309.611,-0.3539716219565218,-0.1465991276086956,0.3659000000000001,0.9732,True
711,tail_base,559.9870000000001,211.915,-0.231776788043478,-0.4289636141304347,0.285,0.7067,True
711,tail_tip,575.7520000000001,273.724,-0.2135966660869562,-0.2868301886956521,0.0014,0.8887,True
711,withers,511.428,269.53000000000003,-0.3717407826086957,-0.261576304347826,0.271,0.9793,True
712,occipital_protuberance,518.4830000000001,309.619,-0.3528219678260867,-0.1462801382608694,0.3713000000000002,0.9778,True
712,tail_base,559.945,211.885,-0.2326467913043476,-0.4304350695652174,0.2764000000000001,0.7089,False
712,tail_tip,575.816,273.766,-0.2132862226086955,-0.2865593313043479,0.0028000000000001,0.8889,True
712,withers,511.404,269.5,-0.3716424400000001,-0.261545,0.2721999999999998,0.9744,True
713,occipital_protuberance,518.616,309.576,-0.3516441704347827,-0.1460761356521738,0.3773000000000002,0.9724,True
713,tail_base,559.9219999999999,211.912,-0.233035684130435,-0.4309521765217392,0.2726999999999998,0.7096,True
713,tail_tip,575.836,273.716,-0.21302448,-0.28646288,0.0055999999999999,0.8661,True
713,withers,511.374,269.496,-0.3717291400000001,-0.2615565600000001,0.2721999999999998,0.9716,True
714,occipital_protuberance,518.658,309.486,-0.35067838,-0.14598546,0.3836999999999998,0.9768,True
714,tail_base,559.88,211.9328,-0.2331335243478261,-0.4308465823304349,0.27298,0.7228,True
714,tail_tip,575.8820000000001,273.736,-0.2130669017391302,-0.2866590226086957,0.0063000000000001,0.8724,True
714,withers,511.36,269.48400000000004,-0.3716297739130435,-0.2614928530434782,0.2731999999999998,0.9783,True
715,occipital_protuberance,518.7030000000001,309.413,-0.349981398369565,-0.1459599907608695,0.388,0.9687,True
715,tail_base,559.89,211.9724,-0.2333430147826087,-0.4311722188869564,0.2702400000000002,0.7054,True
715,tail_tip,575.892,273.832,-0.2131312269565215,-0.2864711356521739,0.0049,0.8714,True
715,withers,511.338,269.456,-0.3718331799999999,-0.26167216,0.2721999999999998,0.9769,True
716,occipital_protuberance,518.737,309.341,-0.3498832972826088,-0.1461677342391304,0.388,0.9745,True
716,tail_base,559.952,212.0308,-0.233663592347826,-0.4319285282434782,0.26448,0.6991,False
716,tail_tip,575.98,273.824,-0.2127412434782608,-0.2863665947826088,0.0063000000000001,0.856,True
716,withers,511.312,269.396,-0.37190832,-0.26184556,0.2721999999999998,0.9823,True
717,occipital_protuberance,518.757,309.34700000000004,-0.3501155196739132,-0.146271549021739,0.3858000000000002,0.9757,False
717,tail_base,560.0,212.07800000000003,-0.2328869565217391,-0.4306138047826086,0.2718000000000002,0.6945,False
717,tail_tip,575.998,273.808,-0.212681428695652,-0.2864197634782608,0.0063000000000001,0.8561,True
717,withers,511.302,269.394,-0.3721050869565219,-0.2619695217391304,0.271,0.9832,True
718,occipital_protuberance,518.7149999999999,309.367,-0.3508168625000002,-0.1464559524999999,0.3814000000000001,0.9786,True
718,tail_base,560.01,212.062,-0.2323013934782609,-0.4296312482608696,0.2781999999999998,0.669,False
718,tail_tip,575.982,273.84000000000003,-0.2126371786956522,-0.2861823130434781,0.0076999999999998,0.8616,True
718,withers,511.284,269.4,-0.37198924,-0.2618340000000001,0.2721999999999998,0.9854,True
719,occipital_protuberance,518.749,309.415,-0.3514302081521738,-0.1466140244565217,0.376,0.9719,True
719,tail_base,560.0205,212.0432,-0.2318953441956522,-0.4289910922434783,0.28252,0.6529,False
719,tail_tip,575.982,273.818,-0.2124423413043479,-0.2859930934782609,0.0105,0.8654,True
719,withers,511.256,269.444,-0.3719022330434782,-0.2615887234782608,0.2734000000000001,0.9789,True
720,occipital_protuberance,518.836,309.428,-0.3513229199999999,-0.146636812173913,0.3749,0.9727,True
720,tail_base,560.0315,212.0216,-0.2316687444999998,-0.4286934248000001,0.2847599999999998,0.6895,True
720,tail_tip,576.0,273.766,-0.2120904347826087,-0.2857719773913045,0.0146999999999998,0.8737,True
720,withers,511.24,269.48999999999995,-0.371808495652174,-0.2613574630434784,0.2744000000000001,0.9823,True
721,occipital_protuberance,518.924,309.52200000000005,-0.351357287826087,-0.1464849613043477,0.3726999999999998,0.9636,True
721,tail_base,560.0429999999999,211.9972,-0.2316215234347829,-0.4287383719826088,0.28492,0.6925,False
721,tail_tip,575.9399999999999,273.75,-0.2123867521739132,-0.2859562499999999,0.0133000000000001,0.8792,True
721,withers,511.2360000000001,269.564,-0.3718200460869564,-0.2611437800000001,0.2744000000000001,0.9853,True
722,occipital_protuberance,519.03,309.558,-0.3511811695652175,-0.1464353191304348,0.3716999999999998,0.9543,True
722,tail_base,560.055,211.97,-0.2317536032608697,-0.4291260978260869,0.283,0.7024,False
722,tail_tip,575.968,273.842,-0.2123913600000001,-0.2857823400000001,0.0119,0.8636,True
722,withers,511.22,269.612,-0.3716982739130435,-0.2608872773913043,0.2755999999999999,0.9828,True
723,occipital_protuberance,519.256,309.534,-0.3502363460869566,-0.1463843126086956,0.3739,0.9483,True
723,tail_base,560.081,211.966,-0.2320517659782608,-0.4298295915217391,0.2786999999999998,0.6839,False
723,tail_tip,576.052,273.824,-0.2121127356521738,-0.2858420452173915,0.0119,0.8666,True
723,withers,511.228,269.62,-0.371675183478261,-0.2608641869565217,0.2755999999999999,0.9767,True
724,occipital_protuberance,519.5379999999999,309.432,-0.3488422395652176,-0.1464383321739129,0.3783000000000002,0.95,True
724,tail_base,560.1205,211.988,-0.2323364717934783,-0.4305057726086956,0.2740999999999999,0.6864,True
724,tail_tip,576.108,273.81800000000004,-0.2120242130434784,-0.2859930934782607,0.0105,0.882,True
724,withers,511.244,269.588,-0.3717969452173912,-0.2610744773913043,0.2744000000000001,0.9775,True
725,occipital_protuberance,519.812,309.374,-0.3483361773913043,-0.1467273547826088,0.3760999999999999,0.949,False
725,tail_base,560.1603,212.00680000000003,-0.2323456765195652,-0.4306827327043477,0.2726599999999998,0.703,False
725,tail_tip,576.096,273.81,-0.2123557704347826,-0.2864131173913044,0.0063000000000001,0.877,True
725,withers,511.268,269.558,-0.3717276426086956,-0.2611611056521739,0.2744000000000001,0.9772,True
726,occipital_protuberance,520.092,309.312,-0.3476549991304348,-0.1469621426086956,0.3750999999999999,0.9627,True
726,tail_base,560.2004000000001,212.0224,-0.2320797888608693,-0.4303606805565217,0.2743800000000001,0.7227,True
726,tail_tip,576.146,273.86400000000003,-0.2121896182608697,-0.2862336730434782,0.0063000000000001,0.899,True
726,withers,511.25,269.51,-0.3717796195652174,-0.2612997108695652,0.2744000000000001,0.9849,True
727,occipital_protuberance,520.3320000000001,309.29,-0.3470892295652171,-0.1470810478260869,0.3740999999999999,0.9697,True
727,tail_base,560.2408,212.0348,-0.2315392237043477,-0.4295397589652174,0.2792599999999998,0.7037,False
727,tail_tip,576.1320000000001,273.808,-0.2121389504347824,-0.2862886017391304,0.0076999999999998,0.8655,True
727,withers,511.25,269.476,-0.3720875,-0.26161436,0.2721999999999998,0.9804,True
728,occipital_protuberance,520.434,309.33,-0.3482229786956523,-0.1475708673913044,0.3630999999999999,0.9639,True
728,tail_base,560.268,212.01800000000003,-0.2307374747826086,-0.4282470399999999,0.2875999999999999,0.7216,False
728,tail_tip,576.112,273.812,-0.2124970434782609,-0.2866687826086956,0.0035,0.8732,True
728,withers,511.25200000000007,269.466,-0.3720817199999998,-0.26164326,0.2721999999999998,0.9874,True
729,occipital_protuberance,520.466,309.374,-0.3495589930434782,-0.1480480330434783,0.3520999999999999,0.9685,True
729,tail_base,560.2819999999999,211.97200000000004,-0.2296744900000002,-0.4264815399999998,0.2994000000000001,0.6984,False
729,tail_tip,576.108,273.86400000000003,-0.2127048017391306,-0.2867579791304346,0.0006999999999998,0.8823,True
729,withers,511.2900000000001,269.476,-0.3718040173913041,-0.2614962852173913,0.2734000000000001,0.9812,True
730,occipital_protuberance,520.612,309.3059999999999,-0.3493915773913044,-0.1483570930434784,0.3500999999999999,0.9577,True
730,tail_base,560.2592,211.8992,-0.230031406052174,-0.4272321730086957,0.2960399999999999,0.7046,False
730,tail_tip,576.162,273.912,-0.2124278839130433,-0.2864671773913044,0.0020999999999999,0.8687,True
730,withers,511.318,269.48600000000005,-0.3714154160869564,-0.2612509517391303,0.2755999999999999,0.9798,True
731,occipital_protuberance,520.768,309.146,-0.3490646399999999,-0.1488806126086956,0.3490999999999999,0.9641,True
731,tail_base,560.1976,211.8236,-0.2307052687304348,-0.428371529947826,0.2903200000000002,0.6874,True
731,tail_tip,576.1700000000001,273.88199999999995,-0.212401263043478,-0.2865670056521741,0.0020999999999999,0.8959,True
731,withers,511.39,269.514,-0.3712076021739131,-0.2611701352173913,0.2755999999999999,0.9752,True
732,occipital_protuberance,520.958,308.966,-0.3485083943478261,-0.149407582173913,0.3490999999999999,0.979,True
732,tail_base,560.0971999999999,211.7452,-0.2316972757913045,-0.4299002448347825,0.2822400000000002,0.6564,True
732,tail_tip,576.272,273.868,-0.2120618469565215,-0.2866135921739131,0.0020999999999999,0.8698,True
732,withers,511.448,269.5,-0.3709004660869564,-0.2611121739130435,0.2765999999999999,0.9715,True
733,occipital_protuberance,521.2180000000001,308.748,-0.3467401513043476,-0.1496112730434782,0.3569000000000001,0.9825,False
733,tail_base,559.958,211.664,-0.2330092221739131,-0.4318189947826087,0.2718000000000002,0.6994,False
733,tail_tip,576.33,273.874,-0.2118688456521737,-0.2865936265217392,0.0020999999999999,0.8662,True
733,withers,511.542,269.51000000000005,-0.3706292556521738,-0.2610833217391303,0.2765999999999999,0.9671,True
734,occipital_protuberance,521.484,308.5616,-0.3455617387826086,-0.1499809556869565,0.36002,0.9849,False
734,tail_base,559.8253333333334,211.60066666666663,-0.2344818512077291,-0.4340142821256039,0.259333333333333,0.6866,False
734,tail_tip,576.3599999999999,273.784,-0.2116721739130438,-0.2867619130434782,0.0035,0.9035,True
734,withers,511.61800000000005,269.524,-0.370884434347826,-0.2613772965217391,0.2731999999999998,0.9712,True
735,occipital_protuberance,521.612,308.4748,-0.3458267899130436,-0.1505118298782608,0.3585599999999999,0.9854,True
735,tail_base,559.736,211.582,-0.2346849565217391,-0.4339613260869566,0.26,0.6848,True
735,tail_tip,576.45,273.736,-0.2113728260869563,-0.2869215652173913,0.0035,0.8848,True
735,withers,511.674,269.53799999999995,-0.3713363882608696,-0.2617694960869566,0.2688000000000002,0.9567,True
736,occipital_protuberance,521.7439999999999,308.3996,-0.3463975318260872,-0.1511487890782608,0.3511199999999999,0.9912,False
736,tail_base,559.692,211.584,-0.2347263173913043,-0.4337941565217391,0.261,0.6717,False
736,tail_tip,576.446,273.722,-0.2114828430434781,-0.2870994230434783,0.0020999999999999,0.8789,True
736,withers,511.74,269.48799999999994,-0.3712848173913044,-0.262012563478261,0.2678000000000002,0.9553,True
737,occipital_protuberance,521.8799999999999,308.336,-0.3472728000000004,-0.1518921599999999,0.3411999999999998,0.9916,False
737,tail_base,559.7,211.613,-0.2341443260869563,-0.432677137173913,0.2674000000000001,0.6852,False
737,tail_tip,576.4359999999999,273.648,-0.2117095747826089,-0.287608476521739,-0.0006999999999998,0.9039,True
737,withers,511.808,269.516,-0.3713945182608695,-0.2621478843478262,0.2655999999999999,0.9587,True
738,occipital_protuberance,522.02,308.284,-0.3484513652173913,-0.1527420817391304,0.3288000000000002,0.9956,False
738,tail_base,559.76,211.669,-0.2329402086956522,-0.430611342173913,0.2791999999999998,0.6961,True
738,tail_tip,576.4399999999999,273.616,-0.2117929739130436,-0.2878465113043478,-0.0020999999999999,0.8557,True
738,withers,511.864,269.496,-0.371538688695652,-0.2624222504347826,0.2634000000000001,0.9543,True
739,occipital_protuberance,522.1699999999998,308.26640000000003,-0.3482542495652178,-0.1529020287304346,0.3268800000000001,0.9991,False
739,tail_base,559.8142666666666,211.71633333333332,-0.2317832538164252,-0.4286257582125603,0.2906666666666669,0.6736,False
739,tail_tip,576.4159999999999,273.63,-0.2119697043478263,-0.2879312934782609,-0.0035,0.8819,True
739,withers,511.91399999999993,269.464,-0.3713937104347827,-0.2625150365217391,0.2634000000000001,0.9494,True
740,occipital_protuberance,522.36,308.2732,-0.3474932156521738,-0.152794220226087,0.32844,1.0,True
740,tail_base,559.8628000000001,211.755,-0.2306731880869562,-0.4267200097826085,0.3018000000000002,0.7002,True
740,tail_tip,576.326,273.666,-0.2124635273913043,-0.2880740360869566,-0.0063000000000001,0.8911,True
740,withers,512.0319999999999,269.4,-0.3710515617391306,-0.2627006086956522,0.2634000000000001,0.9431,True
741,occipital_protuberance,522.5060000000001,308.3534,-0.3463288903043476,-0.1522350900130436,0.3341799999999998,1.0,True
741,tail_base,559.9055999999999,211.78500000000005,-0.2296097506086958,-0.4248937402173912,0.3125999999999999,0.7193,False
741,tail_tip,576.3199999999999,273.722,-0.212289739130435,-0.2876245934782609,-0.0035,0.8911,True
741,withers,512.0699999999999,269.402,-0.371108243478261,-0.2628129808695653,0.2621999999999998,0.9455,True
742,occipital_protuberance,522.608,308.50699999999995,-0.3447624400000001,-0.1512271051086958,0.3440999999999999,1.0,True
742,tail_base,559.936,211.8,-0.2290526608695651,-0.4239808695652173,0.318,0.6822,False
742,tail_tip,576.234,273.732,-0.2125764369565216,-0.2875912565217393,-0.0035,0.8882,True
742,withers,512.06,269.354,-0.3708313086956523,-0.2627354604347826,0.2644000000000001,0.9454,True
743,occipital_protuberance,522.766,308.59900000000005,-0.3424634510869566,-0.1501523777173911,0.3585,1.0,False
743,tail_base,559.954,211.8,-0.2290011652173914,-0.4239808695652173,0.318,0.6945,False
743,tail_tip,576.23,273.808,-0.2124927304347825,-0.2872067339130435,-0.0020999999999999,0.8648,True
743,withers,511.99,269.324,-0.3708950608695653,-0.2627238539130435,0.2654000000000001,0.9439,True
744,occipital_protuberance,522.97,308.781,-0.3414604663043478,-0.1494425670652173,0.3616999999999998,0.9922,True
744,tail_base,559.9684,211.811,-0.2291948440434782,-0.4243843024999998,0.3153000000000002,0.6937,False
744,tail_tip,576.2520000000001,273.848,-0.2122254069565215,-0.2868112452173912,0.0006999999999998,0.8492,True
744,withers,511.938,269.314,-0.37073949,-0.2625359700000001,0.2675999999999999,0.9563,True
745,occipital_protuberance,523.208,308.945,-0.3395219608695652,-0.148420214673913,0.3715,0.9987,True
745,tail_base,559.9792,211.833,-0.2296336022608695,-0.425190974673913,0.3099,0.6473,True
745,tail_tip,576.33,273.86,-0.211771956521739,-0.2865091304347826,0.0035,0.8667,True
745,withers,511.832,269.378,-0.3707398713043478,-0.2621339852173913,0.2698000000000002,0.9616,True
746,occipital_protuberance,523.5179999999999,309.07800000000003,-0.3391145530434785,-0.1482494399999999,0.3675999999999999,0.9897,True
746,tail_base,560.0083999999999,211.88900000000004,-0.2313583135217393,-0.4283788694565216,0.2890999999999999,0.6532,False
746,tail_tip,576.428,273.842,-0.21163948,-0.28683122,0.0006999999999998,0.8538,True
746,withers,511.808,269.45,-0.3705027478260869,-0.2617091847826087,0.272,0.9635,True
747,occipital_protuberance,523.8900000000001,309.126,-0.3377791347826084,-0.1479991017391305,0.3695999999999999,0.9864,True
747,tail_base,560.06,211.983,-0.2335203804347827,-0.4323866168478261,0.2625,0.6603,True
747,tail_tip,576.512,273.952,-0.2113598330434784,-0.2864650156521739,0.0006999999999998,0.8981,True
747,withers,511.818,269.49799999999993,-0.3704738456521738,-0.2615704543478263,0.272,0.9621,True
748,occipital_protuberance,524.1600000000001,309.306,-0.3373965913043475,-0.1476517852173913,0.3664000000000001,0.9835,True
748,tail_base,560.108,212.07233333333332,-0.2353253595652175,-0.4357273738043478,0.2400999999999999,0.7126,True
748,tail_tip,576.52,273.898,-0.2114298,-0.286775813478261,-0.0006999999999998,0.9056,True
748,withers,511.83600000000007,269.586,-0.3704218217391302,-0.2613161152173914,0.272,0.9535,True
749,occipital_protuberance,524.4219999999999,309.334,-0.3366334878260871,-0.147570232173913,0.3664000000000001,0.9815,True
749,tail_base,560.1560000000001,212.146,-0.2365291713043476,-0.4380014039130435,0.2245999999999999,0.7348,True
749,tail_tip,576.51,273.878,-0.2114631065217391,-0.2868424265217392,-0.0006999999999998,0.8976,True
749,withers,511.844,269.672,-0.3703987000000001,-0.261067556521739,0.272,0.9597,True
750,occipital_protuberance,524.586,309.28000000000003,-0.3364318099999999,-0.1478487999999999,0.3641999999999998,0.9752,True
750,tail_base,560.204,212.204,-0.237132895652174,-0.4392111565217391,0.216,0.6942,False
750,tail_tip,576.506,273.772,-0.2116696717391305,-0.2874579086956522,-0.0035,0.8878,True
750,withers,511.862,269.68999999999994,-0.3703466760869566,-0.2610155326086958,0.272,0.9592,True
751,occipital_protuberance,524.72,309.184,-0.3364672347826086,-0.1483164382608695,0.3608000000000002,0.9758,True
751,tail_base,560.219,212.236,-0.2365506649999998,-0.43812026,0.2221999999999998,0.71,False
751,tail_tip,576.45,273.742,-0.2117596521739129,-0.2874266573913043,-0.0020999999999999,0.8741,True
751,withers,511.854,269.72400000000005,-0.370369797826087,-0.2609172652173911,0.272,0.9581,True
752,occipital_protuberance,524.87,309.06800000000004,-0.3362797130434782,-0.148765728695652,0.3588000000000002,0.9819,True
752,tail_base,560.197,212.238,-0.2356270317391304,-0.4362833660869565,0.2335999999999999,0.7017,True
752,tail_tip,576.462,273.66,-0.2117196660869565,-0.287699895652174,-0.0020999999999999,0.8641,True
752,withers,511.844,269.75199999999995,-0.3702315400000002,-0.2607186243478263,0.2731999999999998,0.9586,True
753,occipital_protuberance,525.034,308.87800000000004,-0.3359256534782608,-0.1493762613043477,0.3578000000000002,0.9825,True
753,tail_base,560.1898,212.25426666666667,-0.2349091786695653,-0.4348670830202899,0.2551199999999999,0.7075,False
753,tail_tip,576.512,273.652,-0.2112632208695654,-0.2873323556521739,0.0020999999999999,0.858,True
753,withers,511.816,269.776,-0.3703124295652175,-0.2606492904347826,0.2731999999999998,0.9519,True
754,occipital_protuberance,525.0600000000001,308.808,-0.3355748260869563,-0.1494583826086956,0.36,0.98,True
754,tail_base,560.1974,212.2848,-0.2343975845913043,-0.4338716544000001,0.2607599999999997,0.7036,True
754,tail_tip,576.566,273.696,-0.2113731199999999,-0.2875799373913042,-0.0020999999999999,0.8831,True
754,withers,511.776,269.756,-0.3704279860869565,-0.2607070686956523,0.2731999999999998,0.9585,True
755,occipital_protuberance,525.126,308.764,-0.3356568334782609,-0.149709364347826,0.3578000000000002,0.9814,True
755,tail_base,560.2198000000001,212.3296,-0.2340924503217389,-0.4332970558608696,0.26352,0.7132,False
755,tail_tip,576.546,273.786,-0.2111500821739128,-0.2868864560869565,0.0020999999999999,0.8927,True
755,withers,511.752,269.8,-0.3704973200000002,-0.2605799565217391,0.2731999999999998,0.9628,True
756,occipital_protuberance,525.232,308.796,-0.3344988208695653,-0.1492373973913043,0.3645999999999999,0.981,True
756,tail_base,560.268,212.37600000000003,-0.2335454278260869,-0.4324099513043478,0.2681999999999998,0.7105,False
756,tail_tip,576.5959999999999,273.738,-0.2108872173913047,-0.2869149130434782,0.0035,0.8795,True
756,withers,511.722,269.802,-0.3705839873913042,-0.2605741786956521,0.2731999999999998,0.968,True
757,occipital_protuberance,525.278,308.84599999999995,-0.3339657178260869,-0.1489137421739132,0.3678000000000002,0.9824,True
757,tail_base,560.342,212.42400000000004,-0.2327572126086956,-0.4312106556521737,0.2748000000000001,0.7447,False
757,tail_tip,576.52,273.684,-0.21114,-0.2870945217391303,0.0035,0.8724,True
757,withers,511.732,269.84599999999995,-0.3707224043478261,-0.2605646586956523,0.272,0.9575,True
758,occipital_protuberance,525.3299999999999,308.886,-0.3324682152173915,-0.1481972647826087,0.3785999999999999,0.9724,True
758,tail_base,560.4332,212.4604,-0.2317573318434781,-0.4297443662086956,0.2832799999999997,0.749,False
758,tail_tip,576.518,273.694,-0.2113398582608694,-0.2873239313043478,0.0006999999999998,0.8691,True
758,withers,511.79,269.852,-0.3705547717391305,-0.2605473173913044,0.272,0.9576,True
759,occipital_protuberance,525.452,308.886,-0.3318405756521739,-0.148075035652174,0.3808000000000002,0.974,False
759,tail_base,560.5136,212.4972,-0.2290383336347826,-0.4250261116173912,0.31204,0.7344,True
759,tail_tip,576.556,273.666,-0.2111168060869564,-0.2872857691304348,0.0020999999999999,0.8324,True
759,withers,511.826,269.934,-0.3702835404347826,-0.2601928421739131,0.2731999999999998,0.9527,True
760,occipital_protuberance,525.5260000000001,308.942,-0.3317506291304346,-0.1479683039130434,0.3798000000000002,0.9801,True
760,tail_base,560.5852,212.4964,-0.2309693137565217,-0.4289981876,0.2872799999999997,0.7221,True
760,tail_tip,576.5840000000001,273.60600000000005,-0.2112166382608693,-0.2877483639130433,-0.0006999999999998,0.859,True
760,withers,511.872,269.976,-0.3701506504347826,-0.260071507826087,0.2731999999999998,0.9498,True
761,occipital_protuberance,525.524,308.96,-0.3313582478260869,-0.1477386086956522,0.383,0.9805,True
761,tail_base,560.634,212.49,-0.2307135113043477,-0.428805156521739,0.2885999999999999,0.7451,True
761,tail_tip,576.594,273.64,-0.211376306521739,-0.2878979565217392,-0.0035,0.862,True
761,withers,511.942,270.03,-0.3699484265217391,-0.2599155065217392,0.2731999999999998,0.9512,True
762,occipital_protuberance,525.5579999999999,308.99,-0.3322052230434786,-0.1480731586956521,0.3754,0.9796,True
762,tail_base,560.64,212.461,-0.2310756173913044,-0.4295950795652174,0.2841999999999998,0.6895,True
762,tail_tip,576.664,273.732,-0.2109501860869565,-0.2873287017391305,-0.0006999999999998,0.8456,True
762,withers,512.05,270.088,-0.3696364239130437,-0.2597479495652173,0.2731999999999998,0.9417,True
763,occipital_protuberance,525.624,309.03599999999994,-0.3328341599999999,-0.1483052400000001,0.3688000000000002,0.982,True
763,tail_base,560.586,212.421,-0.2322686860869565,-0.4316364926086957,0.2721999999999998,0.6914,True
763,tail_tip,576.722,273.72799999999995,-0.2106607156521739,-0.2872107408695654,0.0006999999999998,0.8365,True
763,withers,512.074,270.122,-0.3695670900000001,-0.2596497265217393,0.2731999999999998,0.9351,True
764,occipital_protuberance,525.634,309.004,-0.3330785439130434,-0.1485203069565217,0.3665999999999999,0.9771,True
764,tail_base,560.46,212.345,-0.2351617391304347,-0.4365452173913045,0.243,0.6766,False
764,tail_tip,576.768,273.698,-0.2104113530434781,-0.287179285652174,0.0020999999999999,0.8632,True
764,withers,512.1800000000001,270.11,-0.3695665217391303,-0.2598993478260869,0.271,0.9364,True
765,occipital_protuberance,525.686,308.974,-0.3326537399999999,-0.14848566,0.3688000000000002,0.9739,True
765,tail_base,560.26,212.271,-0.2333781782608696,-0.432364245,0.2704000000000001,0.6982,True
765,tail_tip,576.766,273.814,-0.2101293313043479,-0.2863998252173912,0.0063000000000001,0.8735,True
765,withers,512.202,270.084,-0.3691973091304348,-0.2597595052173913,0.2731999999999998,0.9378,True
766,occipital_protuberance,525.7760000000001,308.826,-0.3334844173913041,-0.1494058304347827,0.36,0.9785,True
766,tail_base,560.162,212.25,-0.2338559156521738,-0.4327790217391305,0.2681999999999998,0.6859,False
766,tail_tip,576.8199999999999,273.846,-0.2099498869565219,-0.2862934878260869,0.0063000000000001,0.8667,True
766,withers,512.202,270.03599999999994,-0.3690306160869565,-0.2597808286956523,0.2744000000000001,0.9372,True
767,occipital_protuberance,525.864,308.746,-0.3328305008695651,-0.1494611208695653,0.3631999999999998,0.9737,True
767,tail_base,560.186,212.299,-0.233785616521739,-0.4326354943478262,0.2681999999999998,0.6849,True
767,tail_tip,576.91,273.826,-0.2098428260869566,-0.2866222173913044,0.0035,0.8696,True
767,withers,512.134,269.962,-0.3692269734782609,-0.2599945117391304,0.2744000000000001,0.9403,True
768,occipital_protuberance,525.9060000000001,308.634,-0.3324351917391303,-0.1496648908695651,0.3654000000000001,0.9788,True
768,tail_base,560.192,212.326,-0.2315733217391304,-0.4284953728260869,0.2935,0.7244,False
768,tail_tip,576.914,273.818,-0.209925522173913,-0.2867799726086957,0.0020999999999999,0.8898,True
768,withers,512.13,269.912,-0.3695443,-0.2603543200000001,0.2721999999999998,0.9412,True
769,occipital_protuberance,526.014,308.47799999999995,-0.331327566521739,-0.149761013478261,0.3718000000000002,0.9717,True
769,tail_base,560.22,212.344,-0.2278672891304347,-0.4217344252173913,0.3353000000000002,0.7569,True
769,tail_tip,576.9780000000001,273.85,-0.2099043613043476,-0.2869356847826086,-0.0006999999999998,0.8969,True
769,withers,512.086,269.862,-0.3695324230434783,-0.2604008439130436,0.2731999999999998,0.944,True
770,occipital_protuberance,526.042,308.326,-0.3311223104347825,-0.1501466704347827,0.3728000000000002,0.9774,True
770,tail_base,560.3154999999999,212.3895,-0.2251650113315219,-0.4171039525271739,0.3633499999999999,0.7367,False
770,tail_tip,577.042,273.78599999999994,-0.209978616521739,-0.2875424321739133,-0.0049,0.8855,True
770,withers,512.0840000000001,269.854,-0.3696772399999998,-0.26052194,0.2721999999999998,0.9455,True
771,occipital_protuberance,526.0319999999999,308.28000000000003,-0.3306063026086959,-0.1500329739130434,0.3771999999999998,0.9797,True
771,tail_base,560.3165,212.3795,-0.2233519843749999,-0.4137786569293477,0.38425,0.7026,True
771,tail_tip,577.0600000000001,273.71,-0.2099185826086954,-0.2877959086956522,-0.0049,0.9045,True
771,withers,512.062,269.83,-0.370213634347826,-0.2609245369565218,0.2688000000000002,0.9427,True
772,occipital_protuberance,525.988,308.188,-0.3303373773913041,-0.1501196382608696,0.3769,0.9802,True
772,tail_base,560.223,212.314,-0.2224217445652175,-0.4117549891304348,0.398,0.719,False
772,tail_tip,577.066,273.622,-0.2097070330434781,-0.2878265182608697,-0.0020999999999999,0.8993,True
772,withers,512.07,269.802,-0.3700236195652172,-0.2608879108695651,0.27,0.9409,True
773,occipital_protuberance,525.962,308.112,-0.3312060173913044,-0.1507008000000001,0.3705,0.9794,True
773,tail_base,560.175,212.28500000000005,-0.2239872146739131,-0.4144850788043477,0.3815,0.7273,False
773,tail_tip,577.1020000000001,273.602,-0.2094913604347823,-0.2877616865217392,-0.0006999999999998,0.8643,True
773,withers,512.08,269.776,-0.3695219478260868,-0.2606296765217391,0.2734000000000001,0.9489,True
774,occipital_protuberance,525.9559999999999,308.128,-0.3316201182608698,-0.1508347547826087,0.3673000000000002,0.9804,True
774,tail_base,560.2016666666666,212.29700000000005,-0.2275437910024156,-0.4211729638768115,0.3396333333333332,0.7295,False
774,tail_tip,576.97,273.52,-0.2098350913043477,-0.2879032000000001,0.0006999999999998,0.875,True
774,withers,512.058,269.75600000000003,-0.3698914473913044,-0.2609032513043477,0.2711999999999998,0.9441,True
775,occipital_protuberance,526.026,308.096,-0.3318130017391305,-0.1511083408695651,0.3640999999999999,0.9834,True
775,tail_base,560.2574999999999,212.31350000000003,-0.230590173777174,-0.427062804646739,0.3026500000000001,0.7391,True
775,tail_tip,576.922,273.486,-0.2098989013043477,-0.2878847386956522,0.0020999999999999,0.8929,True
775,withers,512.068,269.688,-0.3698625365217392,-0.2610998452173914,0.2711999999999998,0.947,True
776,occipital_protuberance,526.0699999999999,307.93999999999994,-0.3308675804347828,-0.1511890304347828,0.3741999999999998,0.9739,True
776,tail_base,560.3425,212.3345,-0.2331237346467392,-0.4321543211684783,0.2705500000000002,0.7192,False
776,tail_tip,576.9359999999999,273.548,-0.2099482817391307,-0.2878099843478261,0.0006999999999998,0.8636,True
776,withers,512.11,269.654,-0.3694352869565216,-0.2609820973913043,0.2734000000000001,0.9519,True
777,occipital_protuberance,526.112,307.74,-0.3307456069565218,-0.1517698565217391,0.3741999999999998,0.9734,True
777,tail_base,560.309,212.303,-0.2347506294565218,-0.4350800431521739,0.2529,0.7086,False
777,tail_tip,576.9159999999999,273.658,-0.2103028565217393,-0.2878379499999999,-0.0035,0.8257,True
777,withers,512.12,269.612,-0.3695732,-0.2612213200000001,0.2721999999999998,0.9447,True
778,occipital_protuberance,526.228,307.612,-0.3298893339130435,-0.1519024226086957,0.3784,0.988,True
778,tail_base,560.1569999999999,212.219,-0.2354760998913046,-0.4358415079347826,0.2366999999999998,0.7041,True
778,tail_tip,576.796,273.716,-0.2109914399999998,-0.2880385008695652,-0.0076999999999998,0.8819,True
778,withers,512.1360000000001,269.548,-0.3696937391304346,-0.2615242608695652,0.271,0.9414,True
779,occipital_protuberance,526.322,307.432,-0.3292213730434782,-0.1522414991304347,0.3815999999999999,0.9859,True
779,tail_base,560.0113333333334,212.128,-0.2357477570893718,-0.4358178950724638,0.2385166666666668,0.741,False
779,tail_tip,576.8199999999999,273.818,-0.2109113217391306,-0.2876979982608696,-0.0076999999999998,0.9094,True
779,withers,512.1479999999999,269.46,-0.3694922800000003,-0.2616606000000001,0.2721999999999998,0.9422,True
780,occipital_protuberance,526.4300000000001,307.338,-0.3285135695652172,-0.1523305591304347,0.3848000000000002,0.9712,True
780,tail_base,559.8720000000001,212.03,-0.2355632556521737,-0.4350076744565218,0.2453499999999999,0.6512,True
780,tail_tip,576.8779999999999,273.822,-0.2110058682608698,-0.2880780665217392,-0.0119,0.8939,True
780,withers,512.14,269.366,-0.3698211521739131,-0.2621489934782609,0.27,0.9462,True
781,occipital_protuberance,526.54,307.24,-0.3287380173913044,-0.1528663652173912,0.3804,0.9703,True
781,tail_base,559.7389999999999,211.925,-0.2349204573913045,-0.4334090869565217,0.2571999999999998,0.6489,False
781,tail_tip,576.8340000000001,273.866,-0.2112490747826085,-0.2880620556521739,-0.0133000000000001,0.8653,True
781,withers,512.118,269.258,-0.3697179821739129,-0.2623430126086957,0.2711999999999998,0.9509,True
782,occipital_protuberance,526.656,307.18600000000004,-0.3293382400000001,-0.1534591139130433,0.3728000000000002,0.9647,True
782,tail_base,559.76,211.87,-0.2342223043478261,-0.4323946902173914,0.2645,0.6806,False
782,tail_tip,576.78,273.866,-0.2113334652173914,-0.2879309821739131,-0.0119,0.8852,True
782,withers,512.096,269.154,-0.3697815860869565,-0.2626436856521739,0.2581999999999998,0.9544,True
783,occipital_protuberance,526.742,307.01800000000003,-0.3288175195652175,-0.1538205673913042,0.375,0.9735,True
783,tail_base,559.9639999999999,211.9,-0.2333484378260871,-0.4317919891304347,0.2676999999999998,0.7,False
783,tail_tip,576.792,273.94199999999995,-0.2111971652173912,-0.2875459695652175,-0.0105,0.8847,True
783,withers,512.086,269.094,-0.3696436526086956,-0.2626985778260869,0.2594000000000001,0.9523,True
784,occipital_protuberance,526.846,306.872,-0.3301144956521739,-0.1549951652173912,0.362,0.9789,True
784,tail_base,560.1254999999999,211.93850000000003,-0.2326475042663047,-0.4312532592119564,0.2703499999999999,0.6053,True
784,tail_tip,576.7819999999999,273.906,-0.2113267795652176,-0.2877972691304348,-0.0119,0.8669,True
784,withers,512.11,269.088,-0.3694352869565216,-0.2626170991304347,0.2604000000000001,0.9543,True
785,occipital_protuberance,527.0,306.838,-0.3315567391304348,-0.155984242173913,0.3465999999999999,0.9679,True
785,tail_base,560.2445,211.9855,-0.2321188467663043,-0.4307785048641304,0.2724499999999998,0.6254,True
785,tail_tip,576.722,273.968,-0.2113347639130435,-0.2873281773913044,-0.0090999999999999,0.879,True
785,withers,512.116,269.12800000000004,-0.3692789504347827,-0.2624027773913042,0.2614000000000001,0.9511,True
786,occipital_protuberance,527.2560000000001,306.912,-0.3313448121739128,-0.1560210156521739,0.3421999999999998,0.9638,True
786,tail_base,560.321,212.041,-0.2317619608695651,-0.4303677,0.274,0.6749,False
786,tail_tip,576.6899999999999,273.97,-0.2114416369565219,-0.287321497826087,-0.0090999999999999,0.8726,True
786,withers,512.1560000000001,269.15200000000004,-0.3696359130434781,-0.2626692173913042,0.258,0.9484,True
787,occipital_protuberance,527.538,306.92,-0.3302471078260869,-0.1558705739130436,0.3444000000000001,0.9685,True
787,tail_base,560.3549999999999,212.105,-0.2315764945652176,-0.4300207880434782,0.275,0.6993,False
787,tail_tip,576.676,273.98,-0.2114883939130433,-0.2872880999999999,-0.0090999999999999,0.8996,True
787,withers,512.174,269.218,-0.3698895404347826,-0.2626954786956521,0.2558000000000002,0.9523,True
788,occipital_protuberance,527.786,307.038,-0.330714173478261,-0.1560882247826086,0.3345999999999999,0.9818,True
788,tail_base,560.302,212.13,-0.2316353067391303,-0.4297712967391303,0.2760999999999999,0.7003,False
788,tail_tip,576.708,273.93600000000004,-0.2112852069565218,-0.2873040834782607,-0.0076999999999998,0.8893,True
788,withers,512.148,269.236,-0.3704372730434782,-0.2629788243478261,0.2524,0.9436,True
789,occipital_protuberance,528.1600000000001,307.246,-0.3304385739130432,-0.1558651334782609,0.3278000000000002,0.9842,True
789,tail_base,560.2335,212.1425,-0.2316436500543476,-0.4293813942934782,0.2783000000000001,0.6934,True
789,tail_tip,576.75,273.944,-0.2111449999999999,-0.2872773773913042,-0.0076999999999998,0.8679,True
789,withers,512.1220000000001,269.29,-0.370651603043478,-0.2629209630434783,0.2644000000000001,0.9491,True
790,occipital_protuberance,528.432,307.404,-0.3319147999999999,-0.1564731,0.309,0.986,True
790,tail_base,560.1645000000001,212.0935,-0.2327118047282605,-0.4311313707065217,0.2683000000000002,0.7069,False
790,tail_tip,576.752,273.892,-0.2114270643478262,-0.2878440686956522,-0.0119,0.8679,True
790,withers,512.074,269.38199999999995,-0.3707907300000001,-0.2626543030434783,0.2644000000000001,0.9564,True
791,occipital_protuberance,528.738,307.558,-0.3323831313043476,-0.1566647747826087,0.2975999999999999,1.0,True
791,tail_base,560.1049999999999,212.065,-0.2325465554347829,-0.4305873293478262,0.2721999999999998,0.7127,True
791,tail_tip,576.802,273.872,-0.211562174347826,-0.2883228417391303,-0.0163000000000001,0.8695,True
791,withers,512.04,269.508,-0.3707223739130436,-0.2621710617391305,0.2655999999999999,0.9516,True
792,occipital_protuberance,529.0319999999999,307.74,-0.3310947391304349,-0.1559279347826086,0.301,1.0,True
792,tail_base,560.0550000000001,212.057,-0.2311453260869563,-0.4277482391304347,0.29,0.6862,True
792,tail_tip,576.924,273.806,-0.2114417217391305,-0.2889372782608696,-0.0205,0.8293,True
792,withers,512.01,269.584,-0.3708092891304348,-0.2619508765217391,0.2655999999999999,0.9571,True
793,occipital_protuberance,529.398,307.798,-0.3312289460869564,-0.1563336417391304,0.2908000000000001,1.0,True
793,tail_base,560.033,212.044,-0.2301137345652173,-0.425759472173913,0.3025999999999999,0.6759,False
793,tail_tip,576.972,273.72,-0.2112808173913044,-0.2892255652173914,-0.0205,0.8499,True
793,withers,512.0,269.684,-0.3708382608695652,-0.2616611591304347,0.2655999999999999,0.9453,True
794,occipital_protuberance,529.6980000000001,307.86400000000003,-0.3311457869565214,-0.1565213391304346,0.284,1.0,True
794,tail_base,560.039,212.026,-0.2294533043478261,-0.4246210434782609,0.31,0.7103,True
794,tail_tip,576.984,273.75200000000007,-0.2113364852173911,-0.2892495426086954,-0.0219,0.8469,True
794,withers,512.0020000000001,269.756,-0.3709994204347824,-0.2615702721739131,0.2644000000000001,0.9488,True
795,occipital_protuberance,529.988,307.692,-0.3294141930434781,-0.1566283460869565,0.2911999999999998,1.0,True
795,tail_base,560.077,212.102,-0.2283886597826087,-0.4226346108695652,0.321,0.7035,False
795,tail_tip,577.014,273.798,-0.2110441778260869,-0.2888329186956521,-0.0190999999999999,0.8042,True
795,withers,512.034,269.754,-0.3712126747826087,-0.2617918747826086,0.2621999999999998,0.9534,True
796,occipital_protuberance,530.1740000000001,307.444,-0.3302658821739127,-0.1580450321739131,0.2794000000000001,1.0,True
796,tail_base,560.1324999999999,212.15950000000004,-0.2285035218750002,-0.4229764913858695,0.3178499999999999,0.6438,True
796,tail_tip,576.9739999999999,273.844,-0.2105890478260871,-0.2878734173913043,-0.0105,0.8488,True
796,withers,511.996,269.716,-0.3711837730434783,-0.2618039730434782,0.2631999999999998,0.9425,True
797,occipital_protuberance,530.362,306.978,-0.332989673478261,-0.1610370352173913,0.2518000000000002,1.0,True
797,tail_base,560.2055,212.1985,-0.2297951500271738,-0.4256442219293478,0.3005500000000002,0.7062,True
797,tail_tip,576.868,273.966,-0.2107510852173911,-0.2872039356521738,-0.0076999999999998,0.8487,True
797,withers,511.988,269.696,-0.3712069713043479,-0.2618619686956521,0.2631999999999998,0.9459,True
798,occipital_protuberance,530.4979999999999,306.586,-0.3321719365217394,-0.1620302078260869,0.2551999999999998,1.0,True
798,tail_base,560.293,212.257,-0.2307084459782608,-0.4276356898913043,0.3000999999999999,0.671,False
798,tail_tip,576.798,274.10200000000003,-0.2109847634782608,-0.2867499321739129,-0.0076999999999998,0.8536,True
798,withers,511.974,269.682,-0.371080577826087,-0.2617847595652175,0.2644000000000001,0.9506,True
799,occipital_protuberance,530.5559999999999,306.17999999999995,-0.3314487747826089,-0.1629927000000001,0.2598000000000002,1.0,True
799,tail_base,560.395,212.33500000000004,-0.2312438722826087,-0.4289507744565216,0.2905,0.7248,False
799,tail_tip,576.7760000000001,274.15600000000006,-0.2108657843478258,-0.2863084017391302,-0.0049,0.8578,True
799,withers,511.982,269.642,-0.3711965400000001,-0.2619989139130435,0.2634000000000001,0.9476,True
800,occipital_protuberance,530.586,305.724,-0.3322142039130434,-0.1647984547826087,0.2525999999999999,1.0,True
800,tail_base,560.347,212.323,-0.2300153533695652,-0.4264494411956521,0.3063000000000002,0.7475,False
800,tail_tip,576.802,274.22400000000005,-0.2105867269565216,-0.2858205495652172,-0.0020999999999999,0.8775,True
800,withers,511.96400000000006,269.612,-0.3715270713043477,-0.2622823965217392,0.2614000000000001,0.9506,True
801,occipital_protuberance,530.662,305.36600000000004,-0.3292262256521738,-0.1645077247826085,0.2758000000000001,1.0,True
801,tail_base,560.3043,212.32070000000004,-0.2292126295184782,-0.4247401136880433,0.3169900000000002,0.7418,True
801,tail_tip,576.8100000000001,274.268,-0.2106562282608693,-0.285804395652174,-0.0035,0.8972,True
801,withers,512.008,269.568,-0.3717054626086955,-0.2626263234782609,0.2591999999999998,0.9414,True
802,occipital_protuberance,530.668,305.12,-0.327948464347826,-0.1646161391304347,0.2864000000000001,1.0,True
802,tail_base,560.2669000000001,212.3281,-0.2288365969923911,-0.4238231683880434,0.3225700000000002,0.6957,True
802,tail_tip,576.804,274.368,-0.2104838947826088,-0.2852104069565218,-0.0006999999999998,0.8964,True
802,withers,512.052,269.544,-0.3720227173913042,-0.263010652173913,0.256,0.9438,True
803,occipital_protuberance,530.6600000000001,304.88,-0.3275683782608692,-0.1651323304347826,0.2898000000000001,1.0,True
803,tail_base,560.2348000000001,212.34520000000003,-0.2288879754260867,-0.4236986584869564,0.3230399999999999,0.6955,False
803,tail_tip,576.812,274.47,-0.2103610939130434,-0.2847405260869566,0.0006999999999998,0.9063,True
803,withers,512.132,269.496,-0.3725406382608697,-0.2636814365217392,0.2505999999999999,0.9364,True
804,occipital_protuberance,530.656,304.508,-0.3277229843478262,-0.1663191747826087,0.2885999999999999,0.9956,True
804,tail_base,560.2080000000001,212.372,-0.2293673078260867,-0.4243663139130434,0.3184,0.7124,False
804,tail_tip,576.784,274.53000000000003,-0.2106467060869565,-0.284800904347826,-0.0020999999999999,0.9139,True
804,withers,512.1659999999999,269.392,-0.3723026300000002,-0.2638859513043479,0.2515999999999999,0.9326,True
805,occipital_protuberance,530.678,304.38800000000003,-0.3259696852173913,-0.165820476521739,0.3028000000000002,0.9938,True
805,tail_base,560.3320000000001,212.468,-0.231331625217391,-0.4283880269565218,0.2915999999999999,0.7283,False
805,tail_tip,576.7439999999999,274.534,-0.2109725113043481,-0.2850476895652174,-0.0049,0.9023,True
805,withers,512.226,269.314,-0.3718501169565217,-0.2639159743478261,0.2535999999999999,0.9299,True
806,occipital_protuberance,530.626,304.25,-0.328312215652174,-0.1673469565217391,0.2844000000000001,0.9937,True
806,tail_base,560.4399999999999,212.5408,-0.2328513652173914,-0.4315746107826087,0.2704000000000001,0.7517,False
806,tail_tip,576.752,274.53000000000003,-0.2110420765217393,-0.2851910934782608,-0.0063000000000001,0.9144,True
806,withers,512.296,269.242,-0.3714798313043476,-0.2640071299999999,0.2418000000000001,0.9349,True
807,occipital_protuberance,530.5959999999999,304.196,-0.3298054930434786,-0.1682247973913042,0.2725999999999999,0.9954,True
807,tail_base,560.5319999999999,212.5904,-0.2339296060869567,-0.4339289986086956,0.2548000000000002,0.7294,True
807,tail_tip,576.8019999999999,274.41,-0.2110675813043481,-0.2858519934782608,-0.0090999999999999,0.9018,True
807,withers,512.342,269.17400000000004,-0.3709019934782609,-0.2638890195652172,0.245,0.9343,True
808,occipital_protuberance,530.452,304.098,-0.3327401426086956,-0.1697962486956523,0.2480999999999999,0.9948,True
808,tail_base,560.608,212.6168,-0.2345688417391306,-0.4354532763478262,0.2448000000000001,0.7138,False
808,tail_tip,576.79,274.31600000000003,-0.2113000369565218,-0.2864267104347825,-0.0119,0.8967,True
808,withers,512.392,269.124,-0.3700077182608694,-0.2635008886956521,0.2504,0.9251,True
809,occipital_protuberance,530.326,304.08000000000004,-0.3342434360869565,-0.1704222782608694,0.2386999999999998,0.9909,True
809,tail_base,560.668,212.62,-0.2347709817391303,-0.4361486826086956,0.2404,0.7566,False
809,tail_tip,576.8399999999999,274.31000000000006,-0.2111328956521742,-0.2864467673913041,-0.0119,0.8969,True
809,withers,512.392,269.072,-0.3701464226086955,-0.2637505008695652,0.2494000000000001,0.9277,True
810,occipital_protuberance,530.226,303.95,-0.3353834339130435,-0.1712449347826087,0.2316999999999998,0.9848,True
810,tail_base,560.712,212.6,-0.2345373513043478,-0.4360156086956522,0.2415999999999999,0.7434,False
810,tail_tip,576.8399999999999,274.38,-0.2110367826086959,-0.2860824782608696,-0.0105,0.8817,True
810,withers,512.398,269.01800000000003,-0.3704064143478259,-0.2641049230434781,0.2474000000000001,0.9214,True
811,occipital_protuberance,530.1479999999999,303.782,-0.3340933652173916,-0.170976047826087,0.2445,0.9896,True
811,tail_base,560.7081999999999,212.55750000000003,-0.2343925938717393,-0.4358512484510868,0.2434099999999998,0.7528,False
811,tail_tip,576.8059999999999,274.456,-0.2112465517391307,-0.2859587147826086,-0.0119,0.9241,True
811,withers,512.362,268.97400000000005,-0.3709548743478262,-0.2645492595652173,0.2441999999999998,0.9331,True
812,occipital_protuberance,530.1179999999999,303.684,-0.3330380095652176,-0.1706864504347825,0.2505999999999999,0.9944,True
812,tail_base,560.6566,212.4925,-0.2343364197586955,-0.4356553845380434,0.2458299999999999,0.701,True
812,tail_tip,576.798,274.56,-0.2111771173913043,-0.2854810434782608,-0.0105,0.8966,True
812,withers,512.338,268.92,-0.3713021517391305,-0.2649042000000001,0.2421999999999998,0.933,True
813,occipital_protuberance,530.2379999999999,303.56600000000003,-0.3325311373913045,-0.1709704834782607,0.2518000000000002,0.9977,True
813,tail_base,560.5572,212.40500000000003,-0.2343683491217392,-0.4354277101086956,0.2488599999999996,0.7124,False
813,tail_tip,576.79,274.624,-0.211203847826087,-0.2852672,-0.0105,0.9046,True
813,withers,512.316,268.854,-0.3719768008695651,-0.2655320752173913,0.2378000000000001,0.9268,True
814,occipital_protuberance,530.29,303.37,-0.3322305000000001,-0.1714904130434782,0.253,0.9972,True
814,tail_base,560.41,212.295,-0.2344877119565218,-0.4351678288043479,0.2525,0.7371,False
814,tail_tip,576.734,274.582,-0.2110058634782607,-0.2848875991304348,-0.0049,0.9146,True
814,withers,512.39,268.856,-0.3714560652173913,-0.2653082956521739,0.24,0.9271,True
815,occipital_protuberance,530.348,303.254,-0.3320548608695653,-0.1718416913043477,0.253,1.0,True
815,tail_base,560.2819999999999,212.2036666666667,-0.2343391483333335,-0.4344623156642511,0.2455666666666666,0.7561,False
815,tail_tip,576.6899999999999,274.566,-0.2110562717391306,-0.2848109543478262,-0.0035,0.8974,True
815,withers,512.452,268.82,-0.3709983130434783,-0.2652148695652174,0.242,0.9227,True
816,occipital_protuberance,530.49,303.126,-0.3327199478260869,-0.1727980486956522,0.2438000000000001,1.0,True
816,tail_base,560.2209999999999,212.1535,-0.2338348504891308,-0.4333429125815218,0.2534499999999998,0.6775,True
816,tail_tip,576.772,274.48400000000004,-0.210782908695652,-0.2850843173913042,-0.0035,0.9042,True
816,withers,512.5179999999999,268.83,-0.3702243560869568,-0.2647695717391305,0.2591999999999998,0.9088,True
817,occipital_protuberance,530.578,302.922,-0.3308350382608696,-0.1725740921739131,0.2574000000000001,1.0,True
817,tail_base,560.2270000000001,212.1445,-0.2329761794021736,-0.431810380625,0.2631500000000001,0.6835,False
817,tail_tip,576.832,274.426,-0.2104867617391304,-0.2851474504347826,-0.0020999999999999,0.8913,True
817,withers,512.58,268.79,-0.3697672999999999,-0.2646874543478261,0.2611999999999998,0.9103,True
818,occipital_protuberance,530.602,302.778,-0.3300490095652174,-0.1726362860869566,0.2634000000000001,1.0,True
818,tail_base,560.3,212.17666666666668,-0.2317652898550725,-0.4298659685990337,0.2746666666666669,0.742,False
818,tail_tip,576.936,274.34000000000003,-0.2099482817391303,-0.2851733130434782,0.0006999999999998,0.9264,True
818,withers,512.6,268.738,-0.369404608695652,-0.2646201208695651,0.2634000000000001,0.9089,True
819,occipital_protuberance,530.692,302.7099999999999,-0.3286606408695652,-0.1722560847826089,0.2728000000000002,1.0,True
819,tail_base,560.4399999999999,212.25,-0.2302051304347827,-0.4275114130434782,0.301,0.7155,False
819,tail_tip,577.048,274.324,-0.2099586052173913,-0.2857480852173915,-0.0049,0.925,True
819,withers,512.58,268.67999999999995,-0.3699057999999999,-0.2651059304347827,0.2601999999999998,0.9114,True
820,occipital_protuberance,530.9,302.578,-0.3272051304347826,-0.172216067826087,0.2798000000000001,1.0,True
820,tail_base,560.58,212.32333333333332,-0.2286490289855071,-0.4251589830917874,0.314333333333333,0.7263,False
820,tail_tip,577.1919999999999,274.308,-0.2095739113043482,-0.2859318495652174,-0.0063000000000001,0.9108,True
820,withers,512.578,268.656,-0.3696069013043479,-0.264957172173913,0.2624000000000001,0.9131,True
821,occipital_protuberance,531.018,302.51,-0.3264484734782608,-0.1722075456521739,0.2831999999999998,1.0,True
821,tail_base,560.7255000000001,212.4045,-0.2268974058695648,-0.4224439897826086,0.3298000000000002,0.7381,False
821,tail_tip,577.172,274.378,-0.2094494304347825,-0.2854376891304348,-0.0035,0.9089,True
821,withers,512.58,268.616,-0.3700442999999999,-0.2653910556521739,0.2591999999999998,0.9114,True
822,occipital_protuberance,531.202,302.406,-0.3269616417391304,-0.1730824904347826,0.2741999999999998,1.0,True
822,tail_base,560.8765,212.4935,-0.2249515506521739,-0.419367392826087,0.3544000000000001,0.7435,True
822,tail_tip,577.116,274.446,-0.2097318104347826,-0.285341188695652,-0.0049,0.923,True
822,withers,512.5840000000001,268.614,-0.3700326834782607,-0.2653968639130435,0.2591999999999998,0.9154,True
823,occipital_protuberance,531.342,302.264,-0.3239898104347826,-0.1721536904347825,0.2958000000000002,1.0,True
823,tail_base,561.033,212.59033333333335,-0.2228128294202898,-0.4159302609178743,0.3741333333333332,0.6708,False
823,tail_tip,577.102,274.5,-0.209874217826087,-0.285291195652174,-0.0063000000000001,0.9055,True
823,withers,512.632,268.584,-0.3697548417391306,-0.2653846226086956,0.2601999999999998,0.9138,True
824,occipital_protuberance,531.596,302.03200000000004,-0.3216535208695652,-0.1720011373913042,0.3091999999999998,1.0,True
824,tail_base,561.1949999999999,212.695,-0.2204826847826088,-0.4121337717391304,0.396,0.7027,False
824,tail_tip,577.054,274.63800000000003,-0.2098428065217392,-0.2845709282608695,-0.0035,0.9104,True
824,withers,512.652,268.544,-0.3694199373913042,-0.2653019269565217,0.2621999999999998,0.9152,True
825,occipital_protuberance,531.696,301.87,-0.3223221217391303,-0.1729999347826086,0.301,1.0,True
825,tail_base,561.2189999999999,212.703,-0.2210492102173914,-0.4132961693478261,0.3885999999999999,0.7327,False
825,tail_tip,577.0020000000001,274.66,-0.2098244256521737,-0.2842378565217393,-0.0006999999999998,0.9048,True
825,withers,512.696,268.52599999999995,-0.3697350956521739,-0.2656723130434784,0.259,0.9192,True
826,occipital_protuberance,531.8720000000001,301.644,-0.3220568973913041,-0.1738120773913043,0.2988000000000002,1.0,True
826,tail_base,561.1295,212.6405,-0.2223462269565217,-0.4154256513043479,0.3764,0.7319,True
826,tail_tip,576.982,274.61,-0.209986935652174,-0.2845343304347825,-0.0020999999999999,0.8886,True
826,withers,512.702,268.522,-0.369579302173913,-0.2655844978260869,0.26,0.9167,True
827,occipital_protuberance,532.0699999999999,301.41600000000005,-0.3214671586956523,-0.1744911704347824,0.2988000000000002,1.0,True
827,tail_base,561.0493,212.5855,-0.224031192847826,-0.4183046670652173,0.3594000000000001,0.745,True
827,tail_tip,577.046,274.52200000000005,-0.2099652756521737,-0.2850877121739129,-0.0049,0.9024,True
827,withers,512.72,268.502,-0.3695270434782607,-0.2656425630434782,0.26,0.9144,True
828,occipital_protuberance,532.36,301.178,-0.3207203999999999,-0.1752639852173913,0.2978000000000002,1.0,True
828,tail_base,560.9784,212.538,-0.226104847652174,-0.4219336617391304,0.3375999999999999,0.6829,True
828,tail_tip,577.034,274.482,-0.2100052982608695,-0.2852211208695651,-0.0049,0.8732,True
828,withers,512.7059999999999,268.506,-0.369567689130435,-0.26563095,0.26,0.9138,True
829,occipital_protuberance,532.484,301.04200000000003,-0.3202106956521738,-0.175592304347826,0.299,1.0,True
829,tail_base,560.9168000000001,212.498,-0.2285676399999997,-0.4263128456521738,0.311,0.7265,False
829,tail_tip,576.99,274.294,-0.2101520478260869,-0.2858481417391305,-0.0049,0.9132,True
829,withers,512.704,268.502,-0.3692690921739132,-0.2654237634782608,0.2621999999999998,0.9162,True
830,occipital_protuberance,532.812,300.86,-0.3162045999999999,-0.1744629999999999,0.325,1.0,True
830,tail_base,561.008,212.57,-0.2283040521739129,-0.4261047499999999,0.311,0.723,False
830,tail_tip,576.958,274.25200000000007,-0.2105465752173914,-0.2863796791304345,-0.0090999999999999,0.8443,True
830,withers,512.65,268.46200000000005,-0.3691212065217392,-0.2653209030434781,0.2644000000000001,0.9161,True
831,occipital_protuberance,533.238,300.642,-0.3124877321739129,-0.1737382852173913,0.3426999999999998,1.0,True
831,tail_base,561.222,212.72000000000003,-0.2276855456521739,-0.4256712173913042,0.311,0.7235,False
831,tail_tip,576.966,274.254,-0.2102320930434782,-0.2859815504347825,-0.0049,0.8243,True
831,withers,512.644,268.444,-0.3694154582608696,-0.2655721104347825,0.2624000000000001,0.916,True
832,occipital_protuberance,533.5899999999999,300.472,-0.3100232217391306,-0.1734335339130435,0.3585999999999999,1.0,True
832,tail_base,561.3912,212.864,-0.2280338754782608,-0.4268223443478262,0.3011999999999998,0.7028,False
832,tail_tip,576.92,274.182,-0.2100975391304349,-0.2858299082608697,-0.0006999999999998,0.8335,True
832,withers,512.5939999999999,268.41400000000004,-0.369394309130435,-0.2655396699999999,0.2635999999999999,0.922,True
833,occipital_protuberance,534.0,300.356,-0.3092204347826087,-0.1739919208695652,0.3551999999999998,0.9829,True
833,tail_base,561.5396000000001,212.99,-0.2279615752173911,-0.4271279673913043,0.297,0.7422,True
833,tail_tip,576.9599999999999,274.18,-0.209580591304348,-0.2853141869565217,0.0049,0.7849,True
833,withers,512.568,268.368,-0.3693034765217391,-0.26555352,0.2648000000000002,0.9202,True
834,occipital_protuberance,534.5060000000001,300.262,-0.3077443447826085,-0.1742661352173913,0.3551999999999998,0.9929,True
834,tail_base,561.6312,213.076,-0.2281043180869564,-0.4276446600000002,0.2921999999999998,0.7534,True
834,tail_tip,577.0640000000001,274.246,-0.2088517478260866,-0.2845727847826088,0.0105,0.7618,True
834,withers,512.538,268.41600000000005,-0.3698337639130434,-0.2657329669565216,0.2615999999999999,0.9176,True
835,occipital_protuberance,534.976,300.146,-0.3066015860869565,-0.1747346447826086,0.3531999999999998,0.9879,True
835,tail_base,561.666,213.122,-0.2284628139130433,-0.4283728799999999,0.2868000000000001,0.749,True
835,tail_tip,577.104,274.168,-0.2079533182608694,-0.2837867147826087,0.0216999999999998,0.8068,True
835,withers,512.512,268.45,-0.3702140660869567,-0.2658532391304348,0.2594000000000001,0.9213,True
836,occipital_protuberance,535.3860000000001,300.118,-0.3054046534782606,-0.1748163865217391,0.3566999999999998,0.9835,True
836,tail_base,561.6020000000001,213.082,-0.2284619978260867,-0.4281382152173914,0.289,0.7662,False
836,tail_tip,577.146,274.032,-0.2071449217391305,-0.2833206260869566,0.0315,0.8424,True
836,withers,512.478,268.486,-0.3700355773913045,-0.2655497547826087,0.2614000000000001,0.9176,True
837,occipital_protuberance,535.966,300.182,-0.3027389399999999,-0.1740703799999999,0.3653000000000002,0.9924,True
837,tail_base,561.5319999999999,213.016,-0.2285636373913045,-0.4281388295652174,0.2901999999999998,0.76,True
837,tail_tip,577.1600000000001,274.044,-0.2057736782608693,-0.281468527826087,0.0509,0.8,True
837,withers,512.478,268.59,-0.3707840760869566,-0.2657845108695653,0.256,0.9183,True
838,occipital_protuberance,536.576,300.396,-0.3003343026086955,-0.1730848330434782,0.3709000000000001,1.0,True
838,tail_base,561.396,212.892,-0.2291050282608697,-0.42877185,0.2885,0.7613,True
838,tail_tip,577.104,273.95,-0.2047401530434781,-0.2801114565217392,0.0686999999999998,0.7232,True
838,withers,512.5400000000001,268.79200000000003,-0.3709085999999998,-0.2654152799999999,0.2538000000000002,0.912,True
839,occipital_protuberance,537.268,300.46000000000004,-0.2977218026086956,-0.172549508695652,0.3798000000000002,1.0,True
839,tail_base,561.23,212.73200000000003,-0.2294518728260869,-0.4289820795652173,0.2900999999999999,0.7349,True
839,tail_tip,577.042,273.754,-0.2038196817391303,-0.2792120504347825,0.0850999999999999,0.6357,True
839,withers,512.686,268.858,-0.370788186521739,-0.2654411682608695,0.2515999999999999,0.9078,True
840,occipital_protuberance,537.918,300.524,-0.2940849269565218,-0.1713425982608696,0.3955999999999999,1.0,True
840,tail_base,561.0139999999999,212.554,-0.2298063328260872,-0.4289877263043478,0.2933000000000001,0.7387,False
840,tail_tip,577.04,273.576,-0.2027175130434783,-0.2782664921739131,0.1013000000000001,0.6439,True
840,withers,512.902,268.976,-0.3706011899999998,-0.2654141113043478,0.2484000000000001,0.9115,True
841,occipital_protuberance,538.562,300.586,-0.2922296469565217,-0.1711639843478261,0.3955999999999999,1.0,True
841,tail_base,560.7789,212.457,-0.2308692295760868,-0.429975584021739,0.2889000000000001,0.7145,True
841,tail_tip,577.126,273.504,-0.2024406117391305,-0.2784983165217392,0.1013000000000001,0.5581,True
841,withers,513.168,269.076,-0.371645332173913,-0.2664270860869566,0.2351999999999998,0.9221,True
842,occipital_protuberance,539.192,300.562,-0.2907653356521739,-0.1714398660869565,0.3924000000000001,1.0,True
842,tail_base,560.4766999999999,212.387,-0.2311967070760871,-0.4291527077173913,0.2883000000000001,0.7001,True
842,tail_tip,577.204,273.38800000000003,-0.2018345347826088,-0.2783822652173912,0.1065,0.4511,True
842,withers,513.508,269.1,-0.3702090860869564,-0.2660405869565216,0.2384,0.9254,True
843,occipital_protuberance,539.8320000000001,300.32800000000003,-0.2892895391304344,-0.1723353304347825,0.3925,1.0,True
843,tail_base,560.1434,212.388,-0.2318445419565216,-0.4285561434782608,0.292,0.715,False
843,tail_tip,577.316,273.208,-0.2015699408695651,-0.279092883478261,0.1050999999999999,0.58,True
843,withers,513.854,269.06,-0.3694980878260868,-0.2663751217391304,0.2361999999999998,0.926,True
844,occipital_protuberance,540.458,300.1,-0.2886718000000001,-0.1737099999999999,0.3815,1.0,True
844,tail_base,559.779,212.46000000000004,-0.2328152934782608,-0.4281867391304346,0.293,0.7539,False
844,tail_tip,577.4060000000001,273.23400000000004,-0.2011852804347824,-0.2788772413043476,0.11,0.5349,True
844,withers,514.24,269.098,-0.3686681739130434,-0.2664811891304347,0.24,0.9254,True
845,occipital_protuberance,541.0899999999999,299.916,-0.2885376717391307,-0.1752754773913044,0.3656999999999998,1.0,True
845,tail_base,559.4035,212.585,-0.2339050597826086,-0.4278239673913044,0.293,0.751,False
845,tail_tip,577.344,273.38199999999995,-0.1999271234782607,-0.2763867400000002,0.1279000000000001,0.454,True
845,withers,514.624,269.104,-0.3671063791304347,-0.26614744,0.2431999999999998,0.9321,True
846,occipital_protuberance,541.8860000000001,299.714,-0.2867914878260867,-0.1762185991304347,0.3603000000000002,1.0,True
846,tail_base,559.21575,212.6475,-0.2344499429347827,-0.4276425815217392,0.2835,0.7586,False
846,tail_tip,577.134,273.382,-0.1982192313043478,-0.27311032,0.1626999999999998,0.4589,True
846,withers,515.0179999999999,269.172,-0.3654908400000002,-0.265612664347826,0.2465999999999999,0.9353,True
847,occipital_protuberance,542.7139999999999,299.62,-0.2842654621739131,-0.1764277347826086,0.3613000000000002,0.9854,True
847,tail_base,559.0279999999999,212.70999999999995,-0.2349948260869568,-0.427461195652174,0.2835,0.7273,False
847,tail_tip,577.0260000000001,273.38755555555554,-0.1971512111111109,-0.2711555295759528,0.1832777777777778,0.3969,True
847,withers,515.4480000000001,269.306,-0.3649644365217389,-0.2657531360869566,0.2411999999999998,0.9403,True
848,occipital_protuberance,543.546,299.554,-0.2817085847826085,-0.1765417413043479,0.3625,0.9469,True
848,tail_base,558.84025,212.7725,-0.2355397092391305,-0.4272798097826087,0.2835,0.7579,False
848,tail_tip,576.986,273.50466666666665,-0.1956493375362319,-0.2685554744444445,0.2070333333333333,0.3444,True
848,withers,515.896,269.416,-0.365000655652174,-0.2664154208695652,0.2376999999999998,0.9407,True
849,occipital_protuberance,544.304,299.562,-0.27847536,-0.1758745799999999,0.3758000000000002,0.9719,True
849,tail_base,558.6524999999999,212.835,-0.2360845923913045,-0.4270984239130435,0.2835,0.7507,False
849,tail_tip,577.026,273.51533333333333,-0.1940511866666668,-0.2664981134299517,0.2285666666666666,0.1312,True
849,withers,516.342,269.446,-0.3630975230434783,-0.2658941039130434,0.2420999999999999,0.9456,True
850,occipital_protuberance,544.9839999999999,299.6,-0.275835579130435,-0.1753438260869564,0.3821999999999998,0.9869,True
850,tail_base,,,,,,0.7276,False
850,tail_tip,577.28,273.4555555555555,-0.1934927149758454,-0.2669917015566292,0.2252777777777778,0.192,True
850,withers,516.7120000000001,269.496,-0.3620110904347823,-0.2657472886956522,0.2420999999999999,0.9471,True
851,occipital_protuberance,545.434,299.71000000000004,-0.2738508013043478,-0.1745919760869564,0.3888000000000002,0.9951,True
851,tail_base,,,,,,0.7365,False
851,tail_tip,577.66,273.5133333333333,-0.1925989782608697,-0.2671999299516909,0.2246666666666665,0.1312,True
851,withers,517.004,269.682,-0.3598435147826086,-0.2642390530434784,0.2654000000000001,0.9519,True
852,occipital_protuberance,545.874,299.778,-0.2726789295652173,-0.1744605156521738,0.3878000000000002,0.9907,True
852,tail_base,,,,,,0.7303,False
852,tail_tip,577.8499999999999,273.5422222222222,-0.1921508363526573,-0.2673038505099302,0.2226111111111108,0.0605,True
852,withers,517.1,270.088,-0.3601771521739129,-0.2635007982608695,0.2608000000000002,0.9467,True
853,occipital_protuberance,546.298,300.02,-0.27067656,-0.1732639652173913,0.3954000000000001,0.9944,True
853,tail_base,,,,,,0.698,False
853,tail_tip,578.04,273.5711111111111,-0.1917018454106281,-0.2674076419753086,0.2205555555555552,0.0556,True
853,withers,517.074,270.6,-0.3607076408695653,-0.2623306956521738,0.2574000000000001,0.9295,True
854,occipital_protuberance,546.668,300.406,-0.2694860052173913,-0.1720711973913043,0.3965999999999999,0.9964,True
854,tail_base,,,,,,0.7132,False
854,tail_tip,578.23,273.6,-0.1912520054347826,-0.267511304347826,0.2184999999999995,0.0502,True
854,withers,516.734,271.29,-0.362294852173913,-0.2607302608695652,0.253,0.9055,True
855,occipital_protuberance,547.034,300.854,-0.26832817,-0.1707133569565218,0.3975999999999999,1.0,True
855,tail_base,,,,,,0.7581,False
855,tail_tip,579.1800000000001,273.7444444444444,-0.1889900700483089,-0.2680276798174987,0.2082222222222221,0.175,True
855,withers,516.376,272.088,-0.3654432939130435,-0.259875516521739,0.2374,0.9038,True
856,occipital_protuberance,547.5400000000001,301.59,-0.2667671999999997,-0.168525547826087,0.3985999999999999,1.0,True
856,tail_base,,,,,,0.7249,False
856,tail_tip,580.5250000000001,274.185,-0.1884452445652171,-0.2719029619565217,0.152,0.2982,True
856,withers,516.13,272.86800000000005,-0.366897554347826,-0.2580811956521738,0.238,0.9304,True
857,occipital_protuberance,547.984,302.494,-0.2651661078260868,-0.1657172904347825,0.4018000000000001,1.0,True
857,tail_base,,,,,,0.7088,False
857,tail_tip,581.12,273.58666666666664,-0.1898026666666666,-0.2785577632850242,0.1013333333333334,0.4496,True
857,withers,515.9680000000001,273.756,-0.366460633043478,-0.2548135226086957,0.2588000000000002,0.941,True
858,occipital_protuberance,548.352,303.392,-0.2645439443478261,-0.1634002226086956,0.3974000000000001,0.9835,True
858,tail_base,,,,,,0.7246,False
858,tail_tip,581.6324999999999,273.37,-0.1894247425271741,-0.2811473070652173,0.08125,0.5238,True
858,withers,515.806,274.834,-0.3646983808695651,-0.2500918104347825,0.2754000000000001,0.9757,True
859,occipital_protuberance,549.0559999999999,304.462,-0.2629467826086958,-0.1605772608695652,0.3965,0.9718,True
859,tail_base,,,,,,0.7469,False
859,tail_tip,582.094,273.158,-0.1890379134782607,-0.2835013726086955,0.0705999999999999,0.5843,True
859,withers,515.914,276.17400000000004,-0.3640845091304349,-0.2459564178260868,0.2840999999999999,1.0,True
860,occipital_protuberance,550.0820000000001,305.678,-0.2606058208695649,-0.1574393269565217,0.3900999999999999,0.9992,True
860,tail_base,553.02,214.71,-0.2524310869565218,-0.4216568478260869,0.2445,0.8017,False
860,tail_tip,582.966,272.85,-0.1884973699999999,-0.2880307499999999,0.0334,0.771,True
860,withers,516.1659999999999,277.562,-0.3618375639130436,-0.2408802517391303,0.2988000000000002,1.0,True
861,occipital_protuberance,551.26,306.662,-0.2571916695652174,-0.1545874382608696,0.3900999999999999,1.0,True
861,tail_base,552.51,214.705,-0.2539111956521739,-0.4216713586956522,0.2445,0.8375,False
861,tail_tip,583.7059999999999,272.396,-0.1871530743478263,-0.2912452113043478,0.0154,0.813,True
861,withers,516.418,279.074,-0.3616922752173913,-0.2368492908695653,0.2979000000000001,0.9535,True
862,occipital_protuberance,552.37,307.394,-0.255651,-0.1534722869565217,0.3725,0.9951,True
862,tail_base,552.1266666666667,214.72333333333333,-0.253813845410628,-0.4196179661835749,0.2571666666666665,0.8504,True
862,tail_tip,584.204,272.302,-0.1853276269565219,-0.2912908134782608,0.0181999999999998,0.8422,True
862,withers,516.76,280.348,-0.3606913304347826,-0.2331206252173912,0.3014000000000001,0.9174,True
863,occipital_protuberance,553.688,308.11,-0.252312492173913,-0.1516880065217391,0.3635999999999999,1.0,True
863,tail_base,552.0025,214.8025,-0.2539493070652172,-0.4190210461956521,0.2595,0.8317,True
863,tail_tip,584.502,271.954,-0.1845067204347827,-0.2927146691304347,0.0154,0.8471,True
863,withers,517.298,281.41,-0.3599703239130434,-0.2305591413043479,0.295,0.9181,True
864,occipital_protuberance,554.714,308.48400000000004,-0.2507593804347824,-0.1514682391304346,0.3515,1.0,True
864,tail_base,551.847,214.798,-0.2545226238043479,-0.4192392093478261,0.2581999999999998,0.8232,True
864,tail_tip,584.6419999999999,271.64,-0.1839570408695654,-0.2936241217391305,0.0168000000000001,0.8101,True
864,withers,517.808,282.084,-0.3593507339130435,-0.2291407930434782,0.2884000000000001,0.9152,True
865,occipital_protuberance,555.524,308.708,-0.2478819669565217,-0.1505085686956522,0.3534000000000001,1.0,True
865,tail_base,551.4069999999999,214.76,-0.2558893248913045,-0.4195067956521739,0.2376999999999998,0.8252,True
865,tail_tip,584.77,271.148,-0.1837838282608696,-0.2956646878260869,0.0125999999999999,0.8209,True
865,withers,518.294,282.673,-0.3592575915217391,-0.228257536847826,0.2783000000000001,0.9101,True
866,occipital_protuberance,556.1600000000001,308.766,-0.2460157217391302,-0.1503383765217392,0.3534000000000001,1.0,True
866,tail_base,551.0745000000001,214.67800000000005,-0.2569995279076085,-0.4199884779347825,0.23615,0.8268,False
866,tail_tip,584.738,270.244,-0.1843107834782606,-0.2993557721739129,0.0055999999999999,0.8164,True
866,withers,518.746,283.029,-0.3594258515217391,-0.2281604501086956,0.2669000000000001,0.9121,True
867,occipital_protuberance,557.0559999999999,308.81,-0.241799791304348,-0.1492299782608695,0.371,0.9863,True
867,tail_base,550.7735,214.538,-0.2588101919293478,-0.4219267609782609,0.2264499999999998,0.8454,True
867,tail_tip,584.714,269.124,-0.1846432213043476,-0.303506084347826,0.0014,0.8063,True
867,withers,519.394,283.389,-0.3583964602173913,-0.2276595792391304,0.2600999999999999,0.9015,False
868,occipital_protuberance,558.082,308.434,-0.2380430230434783,-0.1498440699999999,0.3795999999999999,0.9803,True
868,tail_base,550.3219999999999,214.296,-0.2608070182608699,-0.4237452417391304,0.2194000000000001,0.8477,False
868,tail_tip,584.604,268.35600000000005,-0.1851791939130433,-0.3063499539130433,-0.0014,0.7024,True
868,withers,520.124,283.773,-0.3565268599999999,-0.2267090406521738,0.2578000000000002,0.903,True
869,occipital_protuberance,559.392,307.996,-0.2340435756521737,-0.1509924834782609,0.3818000000000002,0.9539,True
869,tail_base,549.855,214.06,-0.2626452961956521,-0.4252088804347826,0.1985,0.8479,False
869,tail_tip,584.54,267.696,-0.1853931347826088,-0.3085562191304347,-0.0014,0.6382,True
869,withers,521.0740000000001,284.239,-0.3532619269565215,-0.2250431095652174,0.2611999999999998,0.9583,True
870,occipital_protuberance,561.0219999999999,307.36800000000005,-0.2305299143478262,-0.1536282313043477,0.3640999999999999,1.0,True
870,tail_base,549.403,213.858,-0.2642773574999999,-0.4263057449999999,0.1953000000000002,0.8486,False
870,tail_tip,584.422,266.92999999999995,-0.1857875882608694,-0.3111168239130437,-0.0014,0.5349,True
870,withers,522.2900000000001,284.58000000000004,-0.3497906184782606,-0.2241203673913042,0.2565999999999999,0.966,False
871,occipital_protuberance,562.824,306.598,-0.2269477721739131,-0.1570367073913043,0.3440999999999999,1.0,True
871,tail_base,549.0323571428571,213.69147619047615,-0.2656130396970202,-0.427200821325668,0.1747261904761903,0.8472,True
871,tail_tip,584.27,266.624,-0.1860412782608696,-0.3117134469565218,0.0028000000000001,0.538,True
871,withers,523.682,284.78000000000003,-0.3446426480434783,-0.222871954347826,0.2645999999999999,0.9632,True
872,occipital_protuberance,564.8340000000001,305.77599999999995,-0.2224750195652172,-0.1604912521739131,0.33,1.0,True
872,tail_base,548.7430714285714,213.56042857142856,-0.2666509031427463,-0.4278934716359805,0.1727785714285714,0.8368,True
872,tail_tip,584.074,266.372,-0.1866104726086958,-0.312412211304348,0.0041999999999998,0.4641,True
872,withers,525.0519999999999,284.91600000000005,-0.3400086873913046,-0.2220935752173911,0.2656999999999998,0.9647,True
873,occipital_protuberance,566.832,304.88,-0.2169908382608696,-0.163466747826087,0.3245999999999999,0.9728,True
873,tail_base,548.5351428571428,213.46485714285717,-0.267389840443656,-0.4283832030346052,0.1644571428571425,0.844,False
873,tail_tip,583.868,265.836,-0.187297840869565,-0.314200703478261,0.0006999999999998,0.3986,True
873,withers,526.324,285.062,-0.3359620043478262,-0.2214743717391304,0.268,0.9591,True
874,occipital_protuberance,568.6699999999998,304.082,-0.2105010326086961,-0.1650188804347826,0.338,0.9473,True
874,tail_base,548.4085714285713,213.40476190476187,-0.2678290764566698,-0.4286696675046832,0.1637619047619045,0.8376,False
874,tail_tip,583.6221224489797,265.21334693877554,-0.1881996853733043,-0.3164152156591455,-0.0006285714285713,0.4056,True
874,withers,527.4739999999999,285.174,-0.332440943478261,-0.2210620304347826,0.269,0.9164,True
875,occipital_protuberance,570.334,303.204,-0.2046817369565219,-0.1668691173913043,0.35,0.9836,True
875,tail_base,548.332857142857,213.35214285714284,-0.2680125206299913,-0.428762810891748,0.1641428571428573,0.8124,False
875,tail_tip,583.3723673469387,264.84604081632654,-0.1890246205558373,-0.3176265753378122,-0.0039857142857144,0.3669,True
875,withers,528.3594999999999,285.316,-0.3283990251358698,-0.2196886684782609,0.28425,0.9033,True
876,occipital_protuberance,571.946,302.43999999999994,-0.1987028856521738,-0.1680626869565219,0.3738000000000002,0.9975,True
876,tail_base,548.2949999999998,213.3258333333333,-0.268104219202899,-0.4288093662439614,0.1643333333333335,0.8072,False
876,tail_tip,583.2167346938776,264.420081632653,-0.1896173101026745,-0.3191716242971227,-0.0051714285714288,0.2047,True
876,withers,529.0705,285.504,-0.3252344422010868,-0.218414984347826,0.2931500000000001,0.9159,True
877,occipital_protuberance,573.294,301.768,-0.1938099326086957,-0.1691892782608696,0.387,1.0,True
877,tail_base,548.2571428571428,213.29952380952372,-0.2681959020999707,-0.4288559107019621,0.1645238095238096,0.7953,False
877,tail_tip,583.1012244897959,264.19346938775504,-0.1900719499302829,-0.3200443933324886,-0.0062857142857146,0.125,True
877,withers,529.599,285.646,-0.3233669290217389,-0.2177844823913042,0.2958000000000002,0.9179,False
878,occipital_protuberance,574.484,301.256,-0.1898112460869564,-0.1701915843478261,0.4050999999999999,0.982,True
878,tail_base,548.2192857142857,213.27321428571423,-0.2682875693212068,-0.4289024442657498,0.1647142857142862,0.7848,False
878,tail_tip,583.1118367346938,264.0602040816326,-0.1900144155152746,-0.3204523261028016,-0.0059285714285715,0.0817,True
878,withers,530.0450000000001,285.70000000000005,-0.3216781331521737,-0.2173678804347824,0.299,0.9166,False
879,occipital_protuberance,575.572,300.69,-0.1863509869565217,-0.1715477282608696,0.4095,0.9589,True
879,tail_base,548.1814285714286,213.24690476190477,-0.2683792208666075,-0.4289489669353249,0.1649047619047619,0.7616,False
879,tail_tip,583.1171428571429,263.9935714285714,-0.1899856513975154,-0.3206562536878883,-0.00575,0.097,True
879,withers,530.425,285.73400000000004,-0.3208284538043479,-0.2174460045652172,0.2968000000000002,0.9148,False
880,occipital_protuberance,576.53,300.24800000000005,-0.1834283000000001,-0.1726832799999998,0.4151999999999998,0.994,True
880,tail_base,,,,,,0.79,False
880,tail_tip,583.1224489795918,263.92693877551017,-0.1899568893395868,-0.320860155406262,-0.0055714285714288,0.1024,True
880,withers,530.8014999999999,285.784,-0.3211207411141306,-0.2182474752173913,0.2915500000000002,0.9158,True
881,occipital_protuberance,577.222,299.838,-0.1809917034782609,-0.1734496617391304,0.4215999999999999,0.9968,True
881,tail_base,,,,,,0.7771,False
881,tail_tip,583.1277551020407,263.86030612244895,-0.1899281293414884,-0.3210640312579225,-0.0053928571428568,0.0876,True
881,withers,531.2544999999999,285.824,-0.3196585792663046,-0.2180411582608695,0.2926500000000001,0.921,True
882,occipital_protuberance,577.594,299.304,-0.1794715160869563,-0.1745537791304348,0.4281999999999998,0.9989,True
882,tail_base,,,,,,0.7654,False
882,tail_tip,583.1330612244898,263.7936734693877,-0.1898993714032197,-0.3212678812428699,-0.0052142857142857,0.0872,True
882,withers,531.694,285.948,-0.3180429234782609,-0.217455307826087,0.2954000000000001,0.9227,True
883,occipital_protuberance,577.864,299.05,-0.1784113669565216,-0.1750059999999999,0.4324000000000001,0.9953,True
883,tail_base,,,,,,0.813,False
883,tail_tip,,,,,,0.1015,True
883,withers,532.1066666666666,286.068,-0.31683111884058,-0.2171029252173913,0.3024000000000001,0.928,True
884,occipital_protuberance,578.03,298.768,-0.1778000130434783,-0.1756825947826087,0.4344,0.9878,True
884,tail_base,,,,,,0.8119,False
884,tail_tip,,,,,,0.0986,True
884,withers,532.5,286.16,-0.3154190217391305,-0.2166561913043479,0.3045999999999999,0.9189,True
885,occipital_protuberance,578.174,298.54200000000003,-0.1771718113043479,-0.1761172513043477,0.4375999999999999,0.9948,True
885,tail_base,,,,,,0.7944,False
885,tail_tip,,,,,,0.1071,True
885,withers,532.87,286.232,-0.3132853826086956,-0.2157232904347825,0.3135999999999999,0.9261,False
886,occipital_protuberance,578.4,298.352,-0.1763768695652174,-0.1765143060869566,0.4398000000000002,0.9917,True
886,tail_base,,,,,,0.8104,False
886,tail_tip,,,,,,0.1214,True
886,withers,533.134,286.256,-0.3125133547826086,-0.2156531060869566,0.3135999999999999,0.9264,False
887,occipital_protuberance,578.754,298.29400000000004,-0.1752301317391303,-0.1765462317391302,0.4418000000000002,0.9989,True
887,tail_base,,,,,,0.7873,False
887,tail_tip,,,,,,0.1442,True
887,withers,533.3399999999999,286.199,-0.3122935239130436,-0.2160845148913044,0.3103000000000002,0.9262,True
888,occipital_protuberance,579.024,298.196,-0.1743913599999999,-0.1767594399999999,0.4463000000000002,1.0,True
888,tail_base,,,,,,0.7842,False
888,tail_tip,,,,,,0.1167,True
888,withers,533.5013333333334,286.149,-0.3120758211594202,-0.216407511847826,0.3080999999999999,0.9362,True
889,occipital_protuberance,579.324,298.182,-0.1734542173913044,-0.1767188478260869,0.4475,1.0,True
889,tail_base,,,,,,0.7638,False
889,tail_tip,,,,,,0.1055,True
889,withers,533.618,286.111,-0.3117339497826085,-0.2165188642391304,0.3150999999999999,0.9362,False
890,occipital_protuberance,579.518,298.138,-0.1729653717391303,-0.1769118717391304,0.4465,1.0,True
890,tail_base,,,,,,0.7884,False
890,tail_tip,,,,,,0.1183,True
890,withers,533.6766666666667,286.03766666666667,-0.3109687839371979,-0.2163210664371981,0.3202333333333331,0.9332,True
891,occipital_protuberance,579.6120000000001,298.054,-0.1726965521739128,-0.1771520934782609,0.4465,1.0,True
891,tail_base,,,,,,0.7861,False
891,tail_tip,,,,,,0.1287,True
891,withers,533.6800000000001,285.983,-0.3105352956521737,-0.2161859572826087,0.3239000000000001,0.9385,True
892,occipital_protuberance,579.6099999999999,297.968,-0.1727679130434785,-0.1774654608695653,0.4455,1.0,True
892,tail_base,,,,,,0.7627,False
892,tail_tip,,,,,,0.127,True
892,withers,533.67,285.886,-0.3096745673913044,-0.2158489691304347,0.3315999999999999,0.9389,False
893,occipital_protuberance,579.562,297.908,-0.1731023152173912,-0.1778395869565217,0.4425,0.9944,True
893,tail_base,,,,,,0.7815,False
893,tail_tip,,,,,,0.1448,True
893,withers,533.6379999999999,285.745,-0.3092590760869567,-0.2159044836956521,0.336,0.9387,False
894,occipital_protuberance,579.5020000000001,297.846,-0.173274163043478,-0.1780171630434782,0.4425,0.987,True
894,tail_base,,,,,,0.7855,False
894,tail_tip,,,,,,0.1636,True
894,withers,533.5840000000001,285.555,-0.3094160869565215,-0.216456929347826,0.3325,0.941,True
895,occipital_protuberance,579.382,297.81,-0.1737628147826088,-0.1782689869565217,0.4403000000000002,0.9882,True
895,tail_base,,,,,,0.7992,False
895,tail_tip,,,,,,0.1381,True
895,withers,533.5833333333333,285.3823333333333,-0.3087394263285026,-0.2164831536473429,0.3383666666666668,0.9408,False
896,occipital_protuberance,579.31,297.928,-0.1741803000000001,-0.17814664,0.4370999999999999,0.9879,True
896,tail_base,,,,,,0.7795,False
896,tail_tip,,,,,,0.1619,True
896,withers,533.634,285.239,-0.3083920308695652,-0.216758142826087,0.3435999999999999,0.943,True
897,occipital_protuberance,579.292,298.02200000000005,-0.1743771313043477,-0.1780250682608694,0.4349,0.984,True
897,tail_base,,,,,,0.7837,False
897,tail_tip,,,,,,0.1327,True
897,withers,533.7139999999999,285.149,-0.308552879130435,-0.2172957073913043,0.3401999999999998,0.9495,True
898,occipital_protuberance,579.346,298.12,-0.1741560939130434,-0.1776763130434782,0.4359,0.9956,True
898,tail_base,,,,,,0.7951,False
898,tail_tip,,,,,,0.1166,True
898,withers,533.802,285.048,-0.3081819786956521,-0.2175074452173913,0.3411999999999998,0.9483,True
899,occipital_protuberance,579.4179999999999,298.236,-0.1740942300000003,-0.1774909382608696,0.4336999999999998,0.9942,True
899,tail_base,,,,,,0.791,False
899,tail_tip,,,,,,0.1015,True
899,withers,533.932,284.971,-0.3072974426086956,-0.2173720615217391,0.3455999999999999,0.9458,True
900,occipital_protuberance,579.5,298.342,-0.1737928260869565,-0.1771193069565218,0.4346999999999998,1.0,True
900,tail_base,,,,,,0.8055,False
900,tail_tip,,,,,,0.1239,True
900,withers,534.042,284.899,-0.3076006808695651,-0.2180214682608696,0.3401999999999998,0.948,True
901,occipital_protuberance,579.596,298.306,-0.1735170556521739,-0.1772227208695652,0.4346999999999998,0.9991,True
901,tail_base,,,,,,0.7986,False
901,tail_tip,,,,,,0.1004,True
901,withers,534.15,284.937,-0.3076553260869565,-0.2181722413043477,0.337,0.94,False
902,occipital_protuberance,579.674,298.256,-0.1732143060869565,-0.177285815652174,0.4359,1.0,True
902,tail_base,,,,,,0.7873,False
902,tail_tip,,,,,,0.096,True
902,withers,534.178,284.941,-0.3066997617391304,-0.2175405626086957,0.3445999999999999,0.944,True
903,occipital_protuberance,579.5840000000001,298.09800000000007,-0.1733413843478259,-0.1776049121739128,0.4379,0.9973,True
903,tail_base,,,,,,0.7569,False
903,tail_tip,,,,,,0.1003,True
903,withers,534.202,284.999,-0.3066302034782608,-0.2173724634782609,0.3445999999999999,0.9425,True
904,occipital_protuberance,579.3320000000001,297.824,-0.1737214991304345,-0.178039624347826,0.4430999999999999,0.9904,True
904,tail_base,,,,,,0.7484,False
904,tail_tip,,,,,,0.0884,True
904,withers,534.138,285.038,-0.306447476521739,-0.2169986939130434,0.3478000000000001,0.9471,True
905,occipital_protuberance,579.0060000000001,297.394,-0.1745754356521736,-0.17918926,0.4408000000000002,0.9878,True
905,tail_base,,,,,,0.7544,False
905,tail_tip,,,,,,0.0923,True
905,withers,534.046,285.05,-0.3069671647826086,-0.2171431847826086,0.3455999999999999,0.9503,True
906,occipital_protuberance,578.554,296.988,-0.1755886239130435,-0.1800636391304347,0.445,0.9708,True
906,tail_base,,,,,,0.7432,False
906,tail_tip,,,,,,0.1103,True
906,withers,533.8860000000001,285.026,-0.3071769617391301,-0.2170334313043478,0.3478000000000001,0.9466,True
907,occipital_protuberance,577.808,296.582,-0.1775176,-0.1810170304347826,0.448,0.9574,True
907,tail_base,,,,,,0.7717,False
907,tail_tip,,,,,,0.1564,True
907,withers,533.7520000000001,285.006,-0.3088121217391302,-0.2179716913043479,0.337,0.945,True
908,occipital_protuberance,577.29,296.226,-0.1790643152173914,-0.1821024978260869,0.4435,0.9483,True
908,tail_base,,,,,,0.773,False
908,tail_tip,,,,,,0.1172,True
908,withers,533.598,284.968,-0.3101386991304349,-0.2187019686956521,0.3294000000000001,0.946,True
909,occipital_protuberance,576.758,295.832,-0.1806521478260868,-0.1832972869565217,0.4425,0.9126,True
909,tail_base,,,,,,0.7881,False
909,tail_tip,,,,,,0.1014,True
909,withers,533.5620000000001,284.886,-0.3102436313043474,-0.2189409808695651,0.3259000000000001,0.9471,False
910,occipital_protuberance,576.158,295.53,-0.1820884869565217,-0.1838796521739131,0.4465,0.9257,True
910,tail_base,,,,,,0.7855,False
910,tail_tip,,,,,,0.112,True
910,withers,533.5040000000001,284.804,-0.3105515965217387,-0.2192780747826088,0.3246999999999998,0.9477,True
911,occipital_protuberance,575.604,295.196,-0.1833046139130434,-0.1844659947826086,0.4481999999999998,0.9336,True
911,tail_base,,,,,,0.8033,False
911,tail_tip,,,,,,0.1406,True
911,withers,533.453,284.652,-0.3115920690217392,-0.22035195,0.317,0.9503,True
912,occipital_protuberance,575.332,294.758,-0.1840788678260869,-0.1857127713043478,0.4481999999999998,0.9466,True
912,tail_base,545.38,211.3,-0.2751179347826087,-0.4323614130434782,0.131,0.7671,False
912,tail_tip,,,,,,0.1014,True
912,withers,533.415,284.51,-0.3122129527173914,-0.2211282619565218,0.3125999999999999,0.9469,True
913,occipital_protuberance,575.018,294.256,-0.1848314104347825,-0.1869988034782609,0.4501999999999998,0.9568,True
913,tail_base,545.375,211.28727272727275,-0.2750576704545454,-0.4322808595041321,0.1317272727272729,0.78,False
913,tail_tip,,,,,,0.1009,True
913,withers,533.4363333333333,284.4166666666667,-0.3118570260990338,-0.2211935295893719,0.3151333333333332,0.9435,False
914,occipital_protuberance,575.03,293.776,-0.1844300565217392,-0.1879897808695651,0.4554000000000001,0.971,True
914,tail_base,545.37,211.27454545454543,-0.2749973982213438,-0.4322002858426159,0.1324545454545455,0.7583,True
914,tail_tip,,,,,,0.0919,True
914,withers,533.4290000000001,284.436,-0.3124267870652171,-0.2215257221739131,0.3104,0.9515,True
915,occipital_protuberance,575.066,293.324,-0.1839608452173912,-0.1888960069565217,0.4605999999999999,0.9637,True
915,tail_base,545.365,211.2618181818182,-0.274937118083004,-0.4321196920589292,0.133181818181818,0.7788,False
915,tail_tip,,,,,,0.1156,True
915,withers,533.473,284.53200000000004,-0.311672528152174,-0.2208013213043477,0.3158000000000002,0.951,False
916,occipital_protuberance,575.408,292.834,-0.182991944347826,-0.1902841982608695,0.4570999999999999,0.9639,True
916,tail_base,545.36,211.2490909090909,-0.2748768300395256,-0.4320390781530722,0.133909090909091,0.771,False
916,tail_tip,,,,,,0.1377,True
916,withers,533.568,284.558,-0.3107583026086957,-0.2202742395652173,0.3213000000000002,0.9479,False
917,occipital_protuberance,575.8120000000001,292.366,-0.1813450539130431,-0.1910807530434783,0.4643000000000001,0.9704,True
917,tail_base,545.35,211.2236363636364,-0.274756230237154,-0.4318777899748472,0.1353636363636365,0.7661,False
917,tail_tip,,,,,,0.1565,True
917,withers,533.696,284.584,-0.3095064069565216,-0.2195753234782608,0.3324000000000001,0.9486,True
918,occipital_protuberance,576.1800000000001,291.898,-0.1798752826086954,-0.191944006521739,0.4775,0.9899,True
918,tail_base,545.345,211.2109090909091,-0.2746959184782608,-0.4317971157024793,0.136090909090909,0.7846,False
918,tail_tip,,,,,,0.1649,True
918,withers,533.8166666666666,284.5373333333333,-0.3078085555555557,-0.2187542403864734,0.3440666666666666,0.9455,True
919,occipital_protuberance,576.3280000000001,291.436,-0.179181313043478,-0.1929480391304348,0.478,0.9984,True
919,tail_base,545.34,211.19818181818184,-0.2746355988142291,-0.4317164213079409,0.1368181818181819,0.7833,False
919,tail_tip,,,,,,0.1593,True
919,withers,533.8799999999999,284.44800000000004,-0.3068252173913047,-0.2184438260869564,0.351,0.9451,True
920,occipital_protuberance,576.7120000000001,291.0,-0.1781006869565214,-0.194175,0.478,1.0,True
920,tail_base,545.335,211.18545454545452,-0.2745752712450592,-0.4316357067912325,0.1375454545454545,0.7844,False
920,tail_tip,,,,,,0.159,True
920,withers,533.946,284.342,-0.3060119004347825,-0.2183062247826087,0.3564000000000001,0.9432,True
921,occipital_protuberance,576.788,290.546,-0.1776806869565217,-0.1952261347826087,0.481,0.9969,True
921,tail_base,545.33,211.1727272727273,-0.2745149357707508,-0.4315549721523535,0.1382727272727275,0.7858,False
921,tail_tip,,,,,,0.1407,True
921,withers,533.9789999999999,284.26300000000003,-0.3054211481521741,-0.2181801859782607,0.3606999999999998,0.9448,True
922,occipital_protuberance,576.9580000000001,290.296,-0.1774769347826084,-0.1962319130434782,0.477,1.0,True
922,tail_base,,,,,,0.7791,False
922,tail_tip,,,,,,0.1504,True
922,withers,533.997,284.141,-0.3052310296739131,-0.2184326922826086,0.3619000000000001,0.9429,True
923,occipital_protuberance,577.11,290.142,-0.1772540978260869,-0.1968932543478261,0.474,0.9959,True
923,tail_base,,,,,,0.7591,False
923,tail_tip,,,,,,0.1438,True
923,withers,534.0150000000001,283.971,-0.3056860842391302,-0.219285816847826,0.3575,0.9417,False
924,occipital_protuberance,577.384,290.084,-0.1763457130434782,-0.1969047347826087,0.476,1.0,True
924,tail_base,,,,,,0.7829,False
924,tail_tip,,,,,,0.1328,True
924,withers,534.115,283.785,-0.305904066847826,-0.2201867918478262,0.3530999999999999,0.9346,True
925,occipital_protuberance,577.61,290.014,-0.1757092282608695,-0.1971018760869565,0.476,1.0,True
925,tail_base,,,,,,0.7634,False
925,tail_tip,,,,,,0.1276,True
925,withers,534.217,283.623,-0.3057013718478261,-0.2207212281521739,0.3523000000000001,0.9361,True
926,occipital_protuberance,577.9,290.024,-0.17496,-0.1971497739130434,0.475,1.0,True
926,tail_base,,,,,,0.7801,False
926,tail_tip,,,,,,0.1329,True
926,withers,534.3520000000001,283.55,-0.3046337113043476,-0.2204419130434782,0.3581999999999998,0.9345,True
927,occipital_protuberance,578.076,289.94,-0.1741275956521738,-0.1970056739130435,0.48,1.0,True
927,tail_base,,,,,,0.7553,False
927,tail_tip,,,,,,0.1253,True
927,withers,534.52,283.566,-0.3027046695652173,-0.2193489639130435,0.3708000000000002,0.9336,False
928,occipital_protuberance,578.274,289.738,-0.1736379217391304,-0.1976500608695652,0.479,1.0,True
928,tail_base,,,,,,0.7619,False
928,tail_tip,,,,,,0.1212,True
928,withers,534.721,283.612,-0.300571545,-0.2180877399999999,0.3844000000000001,0.9357,False
929,occipital_protuberance,578.4300000000001,289.414,-0.1733329347826085,-0.1987149347826087,0.477,1.0,True
929,tail_base,,,,,,0.7638,False
929,tail_tip,,,,,,0.121,True
929,withers,534.923,283.62600000000003,-0.2979618234782608,-0.2165700991304346,0.4021999999999998,0.9335,True
930,occipital_protuberance,578.662,289.03599999999994,-0.1725464608695651,-0.1996248173913045,0.479,1.0,True
930,tail_base,,,,,,0.758,False
930,tail_tip,,,,,,0.1141,True
930,withers,535.073,283.672,-0.2968521691304349,-0.2159418678260869,0.4081999999999998,0.9367,False
931,occipital_protuberance,578.904,288.43600000000004,-0.1717992956521739,-0.201234856521739,0.4835,0.9895,True
931,tail_base,,,,,,0.7765,False
931,tail_tip,,,,,,0.1044,True
931,withers,535.207,283.664,-0.2956073843478261,-0.2153338991304347,0.4228000000000002,0.9308,True
932,occipital_protuberance,579.2479999999999,287.708,-0.1709640521739132,-0.2034391173913044,0.4815,0.9808,True
932,tail_base,,,,,,0.7823,False
932,tail_tip,,,,,,0.1098,True
932,withers,535.365,283.61,-0.2940243499999999,-0.2146558999999999,0.4328000000000002,0.9326,True
933,occipital_protuberance,579.5820000000001,287.11400000000003,-0.1696957739130431,-0.2047145913043477,0.483,1.0,True
933,tail_base,,,,,,0.7773,False
933,tail_tip,,,,,,0.119,True
933,withers,535.468,283.504,-0.2940757852173913,-0.2152032034782607,0.4298000000000002,0.9346,True
934,occipital_protuberance,579.914,286.61600000000004,-0.1686326652173913,-0.2059537913043476,0.485,1.0,True
934,tail_base,,,,,,0.7912,False
934,tail_tip,,,,,,0.1081,True
934,withers,535.592,283.53,-0.2939539147826087,-0.215296297826087,0.4278000000000002,0.9298,True
935,occipital_protuberance,580.126,286.06,-0.1681027630434783,-0.2075945869565217,0.484,1.0,True
935,tail_base,,,,,,0.7766,False
935,tail_tip,,,,,,0.103,True
935,withers,535.672,283.36800000000005,-0.2940688799999999,-0.2160022852173911,0.4248000000000002,0.9269,True
936,occipital_protuberance,580.482,285.72,-0.1671032543478262,-0.2085491739130435,0.4875,1.0,True
936,tail_base,,,,,,0.7528,False
936,tail_tip,,,,,,0.0885,True
936,withers,535.796,283.15,-0.2925867095652172,-0.2157814347826087,0.4348000000000002,0.929,True
937,occipital_protuberance,580.8140000000001,285.5,-0.165849465217391,-0.2087619565217391,0.4925,1.0,True
937,tail_base,,,,,,0.7407,False
937,tail_tip,,,,,,0.0865,True
937,withers,535.9159999999999,282.842,-0.2929285791304349,-0.2171494495652174,0.4288000000000002,0.9254,True
938,occipital_protuberance,581.092,285.178,-0.1650704608695652,-0.2096642565217391,0.4925,1.0,True
938,tail_base,,,,,,0.7793,False
938,tail_tip,,,,,,0.0889,True
938,withers,536.118,282.55,-0.2901243595652172,-0.2163043804347825,0.4485999999999999,0.921,True
939,occipital_protuberance,581.35,284.92,-0.1645387499999999,-0.2106320434782609,0.4895,1.0,True
939,tail_base,,,,,,0.7597,False
939,tail_tip,,,,,,0.0868,True
939,withers,536.3219999999999,282.16400000000004,-0.2873458308695655,-0.2157241660869564,0.4681999999999998,0.9328,True
940,occipital_protuberance,581.836,284.788,-0.1631753086956521,-0.2110023608695652,0.4895,1.0,True
940,tail_base,,,,,,0.7628,False
940,tail_tip,,,,,,0.1092,True
940,withers,536.816,281.852,-0.2825447095652172,-0.2139896104347826,0.4988000000000002,0.9392,True
941,occipital_protuberance,582.1940000000001,284.682,-0.1622337956521737,-0.2113816043478261,0.492,1.0,True
941,tail_base,,,,,,0.7615,False
941,tail_tip,,,,,,0.1044,True
941,withers,537.284,281.67600000000004,-0.2810399078260869,-0.2143012747826085,0.5008000000000001,0.9495,True
942,occipital_protuberance,582.45,284.54200000000003,-0.1620157608695651,-0.2124306739130433,0.484,0.9918,True
942,tail_base,,,,,,0.7743,False
942,tail_tip,,,,,,0.1143,True
942,withers,537.85,281.48,-0.2772262173913043,-0.2130964521739131,0.5211999999999998,0.9644,True
943,occipital_protuberance,582.7320000000001,284.41600000000005,-0.1614708608695649,-0.2131140173913042,0.48,0.9797,True
943,tail_base,,,,,,0.7663,False
943,tail_tip,,,,,,0.106,True
943,withers,538.356,281.332,-0.2748144408695652,-0.2126943295652174,0.5375999999999999,0.9704,True
944,occipital_protuberance,583.024,284.334,-0.1604617565217391,-0.2130984847826087,0.483,0.9805,True
944,tail_base,,,,,,0.741,False
944,tail_tip,,,,,,0.0954,True
944,withers,538.74,281.178,-0.2733579739130434,-0.2127851295652174,0.5414000000000001,0.9701,True
945,occipital_protuberance,583.086,284.244,-0.1602871456521739,-0.2133519521739131,0.483,0.9828,True
945,tail_base,545.05,210.46,-0.2711235326086957,-0.4270017173913043,0.155,0.7912,False
945,tail_tip,,,,,,0.109,True
945,withers,538.9680000000001,281.02200000000005,-0.2731597791304346,-0.2135324752173912,0.5375999999999999,0.9663,True
946,occipital_protuberance,583.142,284.162,-0.1601294326086955,-0.2135828891304348,0.483,0.9819,True
946,tail_base,544.9969565217391,210.4267391304348,-0.2713333615106436,-0.4271885844702885,0.1544347826086959,0.7609,False
946,tail_tip,,,,,,0.1096,True
946,withers,539.198,280.822,-0.2699083117391305,-0.2120077013043478,0.5615999999999999,0.9649,True
947,occipital_protuberance,583.226,284.14,-0.1597077304347826,-0.2133974782608696,0.486,0.9783,True
947,tail_base,544.9439130434782,210.3934782608696,-0.271543255588888,-0.427375492418016,0.1538695652173914,0.7425,True
947,tail_tip,,,,,,0.116,True
947,withers,539.33,280.826,-0.2695548673913042,-0.2119969908695651,0.5615999999999999,0.9592,True
948,occipital_protuberance,583.33,284.108,-0.1594151739130433,-0.2134874956521739,0.486,0.9732,True
948,tail_base,544.8908695652174,210.3602173913044,-0.271753214843429,-0.4275624412344866,0.1533043478260869,0.734,False
948,tail_tip,,,,,,0.0933,True
948,withers,539.45,280.752,-0.2686433695652173,-0.2117299826086956,0.567,0.9595,True
949,occipital_protuberance,583.426,283.992,-0.1591451217391303,-0.2138138086956521,0.486,0.9768,True
949,tail_base,544.8378260869565,210.3269565217392,-0.2719632392742665,-0.4277494309197007,0.1527391304347825,0.7423,False
949,tail_tip,,,,,,0.0943,True
949,withers,539.6279999999999,280.648,-0.2659421600000001,-0.2102482991304347,0.5874000000000001,0.9716,True
950,occipital_protuberance,583.5899999999999,283.8,-0.1589290434782611,-0.2146852173913043,0.482,0.9729,True
950,tail_base,544.7317391304348,210.2604347826087,-0.272383483664831,-0.4281235328963589,0.151608695652174,0.774,False
950,tail_tip,,,,,,0.1093,True
950,withers,539.758,280.59399999999994,-0.263592876521739,-0.208803255652174,0.6058000000000002,0.9532,True
951,occipital_protuberance,583.69,283.65,-0.1586473043478259,-0.2151078260869565,0.482,0.9707,True
951,tail_base,544.6786956521739,210.22717391304352,-0.2725937036245582,-0.428310645187803,0.1510434782608695,0.7008,False
951,tail_tip,,,,,,0.1062,True
951,withers,539.926,280.476,-0.2651525895652172,-0.210704024347826,0.5874000000000001,0.9451,True
952,occipital_protuberance,583.7940000000001,283.55800000000005,-0.1582932021739127,-0.2152839369565216,0.483,0.9662,True
952,tail_base,544.6256521739131,210.19391304347832,-0.2728039887605818,-0.4284977983479903,0.1504782608695654,0.769,False
952,tail_tip,,,,,,0.1398,True
952,withers,539.908,280.336,-0.2633289965217391,-0.2095855930434783,0.6045999999999999,0.949,True
953,occipital_protuberance,583.9559999999999,283.506,-0.1578369608695655,-0.2154303847826087,0.483,0.9698,True
953,tail_base,544.5726086956522,210.1606521739131,-0.2730143390729019,-0.428684992376921,0.1499130434782609,0.703,False
953,tail_tip,,,,,,0.1378,True
953,withers,539.988,280.298,-0.2632272356521737,-0.2097721986956521,0.6035999999999999,0.9396,True
954,occipital_protuberance,583.946,283.396,-0.1581088369565216,-0.2160732391304347,0.479,0.964,True
954,tail_base,544.5195652173912,210.12739130434784,-0.273224754561519,-0.4288722272745952,0.1493478260869565,0.7443,False
954,tail_tip,,,,,,0.1611,True
954,withers,540.0020000000001,280.476,-0.2627338756521737,-0.2089406660869565,0.6078000000000002,0.955,True
955,occipital_protuberance,583.818,283.372,-0.1584088130434782,-0.2160576434782608,0.48,0.9767,True
955,tail_base,,,,,,0.7377,False
955,tail_tip,,,,,,0.182,True
955,withers,540.116,280.67,-0.2638240434782609,-0.2095346739130434,0.595,0.9421,True
956,occipital_protuberance,583.742,283.18,-0.1588065500000001,-0.2168494999999999,0.477,0.9801,True
956,tail_base,,,,,,0.7428,False
956,tail_tip,,,,,,0.1744,True
956,withers,540.132,280.88800000000003,-0.261328503478261,-0.2070154660869564,0.6175999999999999,0.9701,True
957,occipital_protuberance,583.866,282.906,-0.1585175347826087,-0.217706752173913,0.476,0.9843,True
957,tail_base,,,,,,0.7547,False
957,tail_tip,,,,,,0.1946,True
957,withers,540.26,281.084,-0.2628582652173913,-0.2079779713043478,0.6004,0.9641,True
958,occipital_protuberance,584.1,282.488,-0.1581119347826086,-0.2192410069565217,0.4718000000000001,0.975,True
958,tail_base,,,,,,0.7487,False
958,tail_tip,,,,,,0.1963,True
958,withers,540.242,281.188,-0.2621249882608696,-0.2070870965217391,0.6075999999999999,0.9636,True
959,occipital_protuberance,584.2819999999999,282.10200000000003,-0.1579726426086958,-0.220857764347826,0.4655999999999999,0.9662,True
959,tail_base,,,,,,0.7704,False
959,tail_tip,,,,,,0.1817,True
959,withers,540.27,281.242,-0.2641327369565218,-0.2085888508695651,0.5884000000000001,0.9677,True
960,occipital_protuberance,584.248,281.704,-0.1582629599999998,-0.2222585147826086,0.4624000000000001,0.9832,True
960,tail_base,,,,,,0.7839,False
960,tail_tip,,,,,,0.1791,True
960,withers,540.14,281.354,-0.2621542086956522,-0.2064628469565217,0.6098000000000002,0.9518,True
961,occipital_protuberance,584.204,281.446,-0.1582059191304349,-0.2227347439130434,0.4654000000000001,0.9558,True
961,tail_base,,,,,,0.7515,False
961,tail_tip,,,,,,0.1788,True
961,withers,539.9820000000001,281.49,-0.2630255969565215,-0.2064642326086956,0.6055999999999999,0.9656,True
962,occipital_protuberance,583.9979999999999,281.204,-0.1591065517391306,-0.2238662878260869,0.4601999999999998,0.9669,True
962,tail_base,,,,,,0.7425,False
962,tail_tip,,,,,,0.2042,True
962,withers,539.896,281.598,-0.2600963060869566,-0.2037088486956521,0.6345999999999999,0.9798,True
963,occipital_protuberance,583.768,280.994,-0.1598211234782608,-0.224548792173913,0.4591999999999998,0.9585,True
963,tail_base,,,,,,0.7554,False
963,tail_tip,,,,,,0.1911,True
963,withers,539.932,281.838,-0.2591543660869564,-0.2024225882608695,0.6424000000000001,0.9801,True
964,occipital_protuberance,583.8599999999999,280.766,-0.1594986217391307,-0.2251106839130434,0.4601999999999998,0.9575,True
964,tail_base,,,,,,0.7701,False
964,tail_tip,,,,,,0.1787,True
964,withers,540.0260000000001,282.12600000000003,-0.2570853143478259,-0.2002546839130434,0.6591999999999998,0.9774,True
965,occipital_protuberance,584.274,280.63800000000003,-0.1586373847826087,-0.2259229108695651,0.455,0.9342,True
965,tail_base,,,,,,0.7745,False
965,tail_tip,,,,,,0.1894,True
965,withers,540.154,282.666,-0.2567561595652174,-0.198866062173913,0.6591999999999998,0.9751,True
966,occipital_protuberance,584.982,280.536,-0.1572438360869566,-0.2271115669565217,0.4445999999999999,0.9273,True
966,tail_base,,,,,,0.7846,False
966,tail_tip,,,,,,0.1915,True
966,withers,540.4959999999999,283.576,-0.2573584434782612,-0.1976640304347825,0.6455,0.9748,True
967,occipital_protuberance,586.154,280.482,-0.1544443747826087,-0.2280783678260869,0.4351999999999998,0.9458,True
967,tail_base,,,,,,0.7575,False
967,tail_tip,,,,,,0.1966,True
967,withers,540.95,284.846,-0.2616104293478259,-0.1984964180434782,0.5951,0.9793,True
968,occipital_protuberance,587.826,280.558,-0.150011592173913,-0.22841302,0.4323000000000002,0.9593,True
968,tail_base,542.61,208.93,-0.2808431195652173,-0.435639902173913,0.089,0.6837,False
968,tail_tip,,,,,,0.1641,True
968,withers,541.5539999999999,286.41,-0.264252605434783,-0.1975331576086957,0.566,0.9535,False
969,occipital_protuberance,589.7719999999999,280.742,-0.1449951330434784,-0.2287971699999999,0.4251999999999998,0.9716,True
969,tail_base,541.79,208.825,-0.2793647500000001,-0.4300271467391304,0.125,0.6923,False
969,tail_tip,,,,,,0.1259,True
969,withers,542.34,288.128,-0.265815658695652,-0.1956246469565217,0.5314000000000001,0.9067,True
970,occipital_protuberance,592.098,280.814,-0.1386138091304349,-0.2291401839130435,0.4188000000000001,0.9223,True
970,tail_base,541.49,208.85,-0.2811461123188405,-0.4313799094202898,0.1163333333333334,0.7241,True
970,tail_tip,,,,,,0.1595,True
970,withers,543.67,289.842,-0.2652111489130436,-0.1931556502173913,0.5060999999999999,0.9229,False
971,occipital_protuberance,594.6539999999999,281.114,-0.1315329734782612,-0.2288208473913044,0.4159000000000001,0.9626,True
971,tail_base,540.6675,208.94,-0.2829896548913043,-0.4303568043478261,0.104,0.7741,True
971,tail_tip,584.12,251.4,-0.1845862173913043,-0.3587341304347826,0.021,0.136,True
971,withers,545.336,291.408,-0.2636598191304348,-0.1910436313043478,0.4765999999999999,0.9294,True
972,occipital_protuberance,597.188,281.68,-0.1242850973913043,-0.2273663652173913,0.4211999999999998,0.9901,True
972,tail_base,539.6360000000001,209.056,-0.2848373956521737,-0.4283856347826088,0.114,0.8128,True
972,tail_tip,585.575,249.98,-0.1806081793478259,-0.3650989782608695,0.007,0.169,True
972,withers,547.212,293.028,-0.2618033591304348,-0.1889629539130434,0.4431999999999998,0.9645,True
973,occipital_protuberance,599.478,282.412,-0.1178221195652175,-0.2255955434782609,0.421,0.9399,True
973,tail_base,537.8100000000001,209.232,-0.2894420673913042,-0.4270339721739131,0.1131999999999998,0.7972,False
973,tail_tip,586.4466666666667,248.12,-0.1778513961352655,-0.3715551014492753,-0.0023333333333334,0.3452,True
973,withers,549.3140000000001,294.58,-0.2594408173913041,-0.1871580869565218,0.407,0.9307,True
974,occipital_protuberance,602.046,283.17,-0.1103966347826085,-0.2234750869565218,0.4235,0.9508,True
974,tail_base,536.176,209.45,-0.2951084347826086,-0.4279220108695653,0.087,0.8024,True
974,tail_tip,586.625,246.095,-0.1772253057065217,-0.378207933423913,-0.00175,0.6053,True
974,withers,551.81,296.052,-0.2553867369565218,-0.1851850669565216,0.3783000000000002,0.8968,True
975,occipital_protuberance,604.6960000000001,283.802,-0.1028574365217387,-0.2220012165217391,0.4225999999999999,0.9751,True
975,tail_base,534.026,209.546,-0.3015881813043479,-0.4281724595652174,0.0788000000000001,0.9008,True
975,tail_tip,586.592,243.946,-0.1771520139130435,-0.384946072173913,0.0014,0.7696,True
975,withers,554.5719999999999,297.464,-0.2514368895652177,-0.1840597617391304,0.3381999999999998,0.9505,True
976,occipital_protuberance,607.368,284.06800000000004,-0.0950726226086955,-0.2212262313043477,0.4260999999999999,0.9447,True
976,tail_base,532.04,209.528,-0.3083196782608697,-0.4297284052173913,0.0665999999999999,0.938,True
976,tail_tip,586.392,239.844,-0.1779785599999998,-0.39891792,-0.0084,0.8894,True
976,withers,557.3019999999999,298.61,-0.2454512595652176,-0.1822081891304347,0.3154,1.0,True
977,occipital_protuberance,609.946,283.97400000000005,-0.0878491486956521,-0.2222273034782607,0.4213000000000002,0.9664,True
977,tail_base,530.18,209.534,-0.3159951130434784,-0.4329495599999999,0.0498000000000001,0.9324,True
977,tail_tip,585.14,235.528,-0.181884752173913,-0.4126787982608697,-0.0041999999999998,0.9976,True
977,withers,560.38,299.576,-0.2361252260869565,-0.1791965669565218,0.3175999999999999,0.9486,True
978,occipital_protuberance,612.494,284.004,-0.080670314347826,-0.2228830513043477,0.4198000000000002,0.9883,True
978,tail_base,528.484,209.6,-0.3219176008695651,-0.4341655652173913,0.0436999999999998,0.8884,True
978,tail_tip,582.952,231.23,-0.1886180504347826,-0.4257528108695652,0.0006999999999998,0.9064,True
978,withers,563.524,300.71000000000004,-0.2276657269565217,-0.1765037521739129,0.3071999999999998,0.9601,True
979,occipital_protuberance,614.7940000000001,284.142,-0.0739248143478258,-0.2224783213043478,0.4198000000000002,0.966,True
979,tail_base,526.838,209.884,-0.3278499943478262,-0.4349121591304347,0.0340999999999999,0.9165,True
979,tail_tip,580.766,227.164,-0.1940171039130436,-0.4350956547826088,0.0185999999999999,0.9758,True
979,withers,567.0699999999999,301.47799999999995,-0.2166813717391306,-0.1738739508695653,0.3160999999999999,0.9329,True
980,occipital_protuberance,617.27,283.896,-0.0666087826086957,-0.2230178086956521,0.422,0.9651,True
980,tail_base,525.652,210.566,-0.3318080660869564,-0.4336184852173914,0.0324,0.9381,True
980,tail_tip,578.624,223.662,-0.198738156521739,-0.4414683717391305,0.0425,0.9449,True
980,withers,570.7360000000001,301.832,-0.2048708660869561,-0.1720508278260869,0.3318000000000002,0.9164,True
981,occipital_protuberance,619.696,283.322,-0.0596937599999999,-0.22543332,0.4051999999999998,0.9759,True
981,tail_base,524.676,211.644,-0.3360190373913042,-0.4322642321739131,0.0214,0.9705,True
981,tail_tip,577.03,220.73,-0.2011754608695653,-0.4449373739130434,0.0753000000000001,1.0,True
981,withers,574.7639999999999,302.61,-0.1928007434782611,-0.169612402173913,0.3515,0.9623,True
982,occipital_protuberance,622.452,282.62800000000004,-0.0517666,-0.2282473999999998,0.3925,0.9596,True
982,tail_base,524.2560000000001,213.004,-0.3381989356521736,-0.4295159208695652,0.0138000000000001,0.9517,True
982,tail_tip,575.204,218.35,-0.2046567573913045,-0.4473984456521739,0.0981999999999998,0.9962,True
982,withers,578.736,303.10600000000005,-0.1798764313043478,-0.1670457313043476,0.3763000000000002,0.954,True
983,occipital_protuberance,625.48,281.488,-0.0429223826086955,-0.2320882991304347,0.3834000000000001,0.894,True
983,tail_base,524.0960000000001,214.748,-0.3391955756521735,-0.425083135652174,0.0095999999999999,0.9223,True
983,tail_tip,573.446,216.596,-0.2079378452173912,-0.4480439756521739,0.1225999999999999,0.98,True
983,withers,583.328,303.494,-0.1655438400000001,-0.1650589395652174,0.3935999999999999,0.8972,True
984,occipital_protuberance,628.892,280.092,-0.0330801069565215,-0.2379694982608696,0.3481999999999998,0.9343,True
984,tail_base,524.306,216.748,-0.3387067604347825,-0.4193858008695653,0.0085999999999999,0.9173,True
984,tail_tip,571.148,215.282,-0.2143692052173912,-0.4505763469565218,0.1360999999999999,0.9712,True
984,withers,587.8059999999999,304.332,-0.1527695686956524,-0.1629378156521739,0.3951999999999998,0.8683,True
985,occipital_protuberance,632.5640000000001,279.148,-0.0222999173913041,-0.2424681173913042,0.322,0.9326,True
985,tail_base,524.812,219.174,-0.3383522295652174,-0.413661067826087,0.0025999999999999,0.9531,True
985,tail_tip,568.13,213.49,-0.2236719391304348,-0.4559645999999999,0.1273000000000002,0.9437,True
985,withers,592.5759999999999,305.784,-0.1399626573913046,-0.1600079165217391,0.3808000000000002,0.8682,True
986,occipital_protuberance,636.77,278.546,-0.0097433652173913,-0.2457077617391304,0.2988000000000002,0.9789,True
986,tail_base,525.6700000000001,221.974,-0.3384167999999997,-0.40855696,0.0018000000000001,0.9104,True
986,tail_tip,564.114,211.882,-0.2359724660869564,-0.4605825808695653,0.1091999999999998,0.9865,True
986,withers,597.4559999999999,306.908,-0.1253475721739133,-0.1564251904347825,0.3854000000000001,0.942,True
987,occipital_protuberance,641.272,278.008,0.0038483530434784,-0.2480614486956522,0.2905999999999999,0.9215,True
987,tail_base,527.038,225.202,-0.3366267599999999,-0.40169804,0.0884,0.9142,True
987,tail_tip,560.0020000000001,209.924,-0.2482198813043476,-0.465659727826087,0.0699,0.9036,True
987,withers,602.3979999999999,308.198,-0.1121357034782611,-0.1544825730434783,0.3484000000000001,0.9518,True
988,occipital_protuberance,646.2819999999999,277.742,0.0190699669565215,-0.249706676521739,0.2811999999999998,0.9858,True
988,tail_base,528.722,228.848,-0.3333985643478261,-0.3929427965217391,0.1415999999999999,0.9105,True
988,tail_tip,556.128,208.056,-0.2598938017391303,-0.4708282121739131,0.0101999999999998,0.91,True
988,withers,606.992,309.14400000000006,-0.0984355965217392,-0.1516614365217389,0.3444000000000001,0.917,True
989,occipital_protuberance,651.608,277.66400000000004,0.0352984139130433,-0.250373036521739,0.2694000000000001,1.0,True
989,tail_base,530.098,232.87,-0.3343409973913045,-0.3867515695652175,0.1916999999999998,0.9114,True
989,tail_tip,552.596,206.746,-0.2703633730434782,-0.4740546013043478,-0.0158000000000001,0.9325,True
989,withers,611.2299999999999,309.762,-0.0855219521739133,-0.1493379156521739,0.3531999999999998,0.9761,True
990,occipital_protuberance,657.124,278.18,0.0519006104347826,-0.2479857478260869,0.2750999999999999,0.9331,True
990,tail_base,531.268,236.822,-0.3361000669565217,-0.3807539091304349,0.1916999999999998,0.9486,True
990,tail_tip,549.438,206.596,-0.2790490843478261,-0.472684412173913,-0.0348000000000001,0.9333,True
990,withers,615.2040000000001,310.062,-0.0731913234782606,-0.1474039486956521,0.3724,0.9203,True
991,occipital_protuberance,662.83,278.66400000000004,0.068792745652174,-0.2450865860869563,0.2948000000000002,0.9394,True
991,tail_base,532.51,240.96,-0.3347378804347826,-0.3707060869565218,0.174,0.9426,True
991,tail_tip,547.028,207.198,-0.2841103052173912,-0.4669429813043477,-0.0464,0.9593,True
991,withers,619.202,310.21,-0.0613179295652174,-0.1467939086956522,0.3795999999999999,0.9374,True
992,occipital_protuberance,668.77,279.728,0.0860097913043477,-0.2399783791304347,0.3165999999999999,0.9431,True
992,tail_base,533.364,245.056,-0.3357179460869565,-0.3618736973913045,0.1425999999999999,1.0,True
992,tail_tip,545.17,209.224,-0.2876028978260871,-0.4572773860869564,-0.0251999999999998,0.8996,True
992,withers,623.254,310.396,-0.048850994347826,-0.1447034947826086,0.4041999999999998,0.9017,True
993,occipital_protuberance,674.838,281.208,0.1033249639130433,-0.2336867947826086,0.3384000000000001,0.9233,True
993,tail_base,533.6659999999999,249.704,-0.3390436473913046,-0.3516763982608696,0.1055999999999999,0.928,True
993,tail_tip,543.162,212.426,-0.2939454334782607,-0.4479512526086956,0.0134,0.9665,True
993,withers,627.2239999999999,310.66200000000003,-0.0371309443478262,-0.1433912439130434,0.4106999999999998,0.9645,True
994,occipital_protuberance,680.9680000000001,283.262,0.120392483478261,-0.2255096269565217,0.3599000000000001,0.9446,True
994,tail_base,534.1800000000001,254.77,-0.3383019391304345,-0.3364157347826088,0.0768000000000001,0.9174,True
994,tail_tip,540.842,215.686,-0.3013756517391304,-0.438620442173913,0.0098000000000001,0.9443,True
994,withers,631.7860000000001,310.74,-0.0239205965217389,-0.1434536869565217,0.4018000000000001,0.8793,True
995,occipital_protuberance,687.0040000000001,285.432,0.1373947356521743,-0.2179655060869566,0.3708000000000002,0.9472,True
995,tail_base,535.362,260.312,-0.3359107273913044,-0.3200201513043478,0.0575999999999999,0.9649,True
995,tail_tip,538.7479999999999,219.57,-0.3092148034782611,-0.4288610086956522,0.0204,1.0,True
995,withers,636.4119999999999,310.78000000000003,-0.0105518400000002,-0.1447495999999999,0.3684000000000001,0.9376,True
996,occipital_protuberance,693.2280000000001,287.97400000000005,0.1550786208695654,-0.2098461852173911,0.3725999999999999,0.9525,True
996,tail_base,537.1320000000001,266.35,-0.3321518269565215,-0.3023877065217391,0.0614,0.8935,True
996,tail_tip,536.8720000000001,223.368,-0.3192708365217389,-0.4229948504347826,0.0308000000000001,0.9347,True
996,withers,641.4939999999999,311.046,0.0043900865217388,-0.1438502647826087,0.3705999999999999,0.9367,True
997,occipital_protuberance,699.1560000000001,290.606,0.1720025000000002,-0.2017705978260869,0.3745,1.0,True
997,tail_base,539.304,272.488,-0.3269336434782609,-0.2841286347826087,0.045,0.8934,True
997,tail_tip,535.326,226.91,-0.3290859539130434,-0.4184233869565218,0.0575999999999999,0.9953,True
997,withers,646.834,311.322,0.0200979026086954,-0.1431556486956521,0.3614000000000001,0.9338,True
998,occipital_protuberance,705.002,293.49,0.1890851656521737,-0.1934718065217391,0.3698000000000002,0.9888,True
998,tail_base,542.8300000000002,277.608,-0.3176614043478256,-0.2693501947826087,0.0174,0.6017,True
998,tail_tip,534.92,230.298,-0.3347483304347827,-0.4131854582608695,0.0871999999999998,0.9864,True
998,withers,652.87,311.89,0.0378042260869565,-0.1413178956521739,0.3645999999999999,0.9374,True
999,occipital_protuberance,710.8100000000001,295.744,0.2058108043478262,-0.1867614608695651,0.365,0.9523,True
999,tail_base,547.0120000000001,283.12,-0.3067391113043476,-0.2536037217391304,0.0041999999999998,0.6111,True
999,tail_tip,535.786,233.92,-0.3360221843478262,-0.4065257739130435,0.0725999999999999,0.9712,True
999,withers,658.7299999999999,312.938,0.0549766217391301,-0.1381372008695652,0.3665999999999999,0.8999,True
1000,occipital_protuberance,716.4379999999999,297.47200000000004,0.2222684104347822,-0.1818205495652173,0.3638000000000002,0.9847,True
1000,tail_base,551.3100000000001,288.178,-0.2915201739130433,-0.2360757913043478,0.015,0.323,True
1000,tail_tip,537.6179999999999,237.57,-0.3338098339130436,-0.3991750304347826,0.0464,0.9436,True
1000,withers,664.6780000000001,314.27,0.0717861560869568,-0.1330245934782609,0.3873000000000002,0.9738,True
1001,occipital_protuberance,721.606,299.228,0.2371009108695652,-0.1765690826086956,0.366,0.9844,True
1001,tail_base,555.45,292.608,-0.2786841521739129,-0.222129892173913,0.0065999999999999,0.3997,True
1001,tail_tip,540.356,240.98,-0.3276554660869565,-0.3913688086956521,0.0208000000000001,0.946,True
1001,withers,670.156,316.01,0.0874720669565215,-0.1275996891304348,0.3914000000000001,0.9868,True
1002,occipital_protuberance,726.848,300.794,0.2520102399999999,-0.1718003669565218,0.3624000000000001,0.9716,True
1002,tail_base,559.426,296.64,-0.2657015230434781,-0.2089364869565217,0.0086999999999998,0.6367,True
1002,tail_tip,544.0319999999999,244.498,-0.3175914921739133,-0.3822362926086957,0.0014,0.9701,True
1002,withers,675.498,317.668,0.102797577826087,-0.1225879504347825,0.3923000000000002,0.9114,True
1003,occipital_protuberance,731.4780000000001,301.808,0.2645702852173915,-0.1683013843478261,0.3676999999999998,0.9787,True
1003,tail_base,563.104,301.192,-0.2538069495652172,-0.1941047530434782,0.0094,0.9095,True
1003,tail_tip,548.4159999999999,247.908,-0.3032226782608697,-0.3711219913043478,0.0,0.9719,True
1003,withers,680.092,319.04,0.1162406530434782,-0.1187572869565218,0.3925999999999999,0.8875,True
1004,occipital_protuberance,735.8219999999999,302.94,0.2770297343478258,-0.1649654217391304,0.3686999999999998,0.8689,True
1004,tail_base,566.7479999999999,304.412,-0.2417793730434784,-0.1834766530434783,0.0164,0.9007,True
1004,tail_tip,553.5440000000001,251.044,-0.2863761026086953,-0.3609049069565217,-0.0049,0.9439,True
1004,withers,684.528,320.558,0.1288892,-0.1141674413043478,0.397,0.941,True
1005,occipital_protuberance,740.2460000000001,304.522,0.2894494286956524,-0.1601866947826087,0.3720999999999999,0.9271,True
1005,tail_base,570.2520000000001,307.508,-0.2320940513043475,-0.1746728356521739,-0.0014,1.0,True
1005,tail_tip,559.4159999999999,253.858,-0.2671709965217393,-0.3519068786956521,-0.0111999999999998,0.9508,True
1005,withers,688.4599999999999,322.12,0.1398703086956519,-0.1093332086956521,0.3975999999999999,0.932,True
1006,occipital_protuberance,744.552,306.122,0.3022461947826087,-0.1557542704347827,0.3689000000000001,0.922,True
1006,tail_base,573.868,309.958,-0.2203633252173911,-0.1667486469565218,0.0084,0.9733,True
1006,tail_tip,565.942,256.894,-0.2459852569565217,-0.3424688204347826,-0.0203000000000001,0.9562,True
1006,withers,692.134,323.562,0.1508485956521739,-0.1054325608695651,0.3875,0.9506,True
1007,occipital_protuberance,748.32,307.782,0.3131389913043479,-0.1509554269565217,0.3689000000000001,0.997,True
1007,tail_base,578.1020000000001,312.26800000000003,-0.2066316713043475,-0.1593418678260868,0.0028000000000001,0.9652,True
1007,tail_tip,572.922,260.252,-0.2229031104347825,-0.3314669408695652,-0.0041999999999998,0.9834,True
1007,withers,695.874,325.29200000000003,0.1615365926086957,-0.1003438460869564,0.3896999999999998,0.9073,True
1008,occipital_protuberance,752.418,309.946,0.3248635813043478,-0.1446451786956521,0.3734,0.9447,True
1008,tail_base,582.366,313.898,-0.1923973269565217,-0.1539005026086955,0.0028000000000001,0.9929,True
1008,tail_tip,579.658,263.838,-0.2008863886956521,-0.3201358408695651,0.0041999999999998,0.985,True
1008,withers,700.112,327.476,0.1735015269565216,-0.0938741626086956,0.3940999999999999,0.9385,True
1009,occipital_protuberance,756.3120000000001,312.274,0.3363945321739134,-0.138031892173913,0.3711999999999998,0.9424,True
1009,tail_base,586.866,315.728,-0.1772134408695652,-0.147656744347826,0.0055999999999999,0.9939,True
1009,tail_tip,586.2,268.374,-0.1796803043478259,-0.3060109213043479,0.0014,0.9958,True
1009,withers,704.778,329.634,0.1870394339130435,-0.087678524347826,0.3965999999999999,0.9154,True
1010,occipital_protuberance,760.3259999999999,314.78000000000003,0.3473236147826083,-0.1305285130434781,0.3729,0.9465,True
1010,tail_base,591.858,317.098,-0.1605640356521741,-0.1430874965217391,0.0090999999999999,0.954,True
1010,tail_tip,592.384,273.442,-0.1593169252173912,-0.2896117778260869,0.0098000000000001,0.9261,True
1010,withers,709.7120000000001,331.748,0.2015434539130438,-0.0816789886956522,0.3931999999999998,0.957,True
1011,occipital_protuberance,764.4739999999999,317.514,0.358566298695652,-0.1223873882608695,0.3818000000000002,0.9772,True
1011,tail_base,597.408,318.452,-0.1419239513043477,-0.1384451617391304,0.0189,0.9798,True
1011,tail_tip,597.9860000000001,279.04,-0.1408382347826083,-0.2713919999999999,0.012,0.953,True
1011,withers,714.7900000000001,333.764,0.216224393478261,-0.0758505573913043,0.3931999999999998,0.9939,True
1012,occipital_protuberance,769.126,320.512,0.3719670926086956,-0.1137511930434782,0.3853000000000002,0.8917,True
1012,tail_base,602.654,320.398,-0.124272874347826,-0.1317799595652173,0.0230999999999999,0.9187,True
1012,tail_tip,602.8340000000001,284.402,-0.1245868956521737,-0.2534176434782609,0.012,1.0,True
1012,withers,719.996,335.528,0.2316579817391303,-0.07086772,0.3888000000000002,0.9098,True
1013,occipital_protuberance,773.874,323.28799999999995,0.3857899443478261,-0.1057944069565218,0.3913000000000002,0.9774,True
1013,tail_base,607.816,322.61800000000005,-0.1070957582608694,-0.1243926682608694,0.0230999999999999,0.8913,True
1013,tail_tip,607.322,289.55,-0.1099046386956521,-0.2369417282608695,0.0158000000000001,0.9407,True
1013,withers,724.566,336.392,0.2448001860869566,-0.0683400278260869,0.3863000000000002,0.9423,True
1014,occipital_protuberance,778.974,326.006,0.4007889313043479,-0.09803574,0.3858000000000002,0.9518,True
1014,tail_base,612.6740000000001,325.06,-0.0910134013043475,-0.1163729869565217,0.0168000000000001,0.996,True
1014,tail_tip,611.574,294.148,-0.0960180843478262,-0.2224366034782609,0.0064,0.9748,True
1014,withers,728.7479999999999,336.746,0.2568097017391302,-0.0672899986956522,0.3838000000000002,0.9494,True
1015,occipital_protuberance,783.7900000000001,328.342,0.4156781347826088,-0.0915191486956522,0.3829000000000001,0.9069,True
1015,tail_base,617.124,327.862,-0.0759483199999999,-0.1066981600000001,0.0195999999999999,0.8944,True
1015,tail_tip,615.4440000000001,297.912,-0.0829085295652171,-0.2096279843478261,0.0038000000000001,0.9773,True
1015,withers,732.9159999999999,336.804,0.268325248695652,-0.0669860139130435,0.3891999999999998,0.9479,True
1016,occipital_protuberance,788.3340000000001,330.238,0.4293624369565219,-0.0861480499999999,0.376,0.9737,True
1016,tail_base,620.882,331.102,-0.0634717600000001,-0.09594136,0.0195999999999999,0.9439,True
1016,tail_tip,619.068,301.006,-0.0706045460869565,-0.1989893269565218,-0.0036999999999998,0.9788,True
1016,withers,736.914,336.572,0.2799761186956522,-0.0676814547826087,0.3916999999999998,0.9057,True
1017,occipital_protuberance,792.7860000000001,331.424,0.4426143991304349,-0.0827834295652174,0.3738000000000002,0.9535,True
1017,tail_base,624.1659999999999,334.444,-0.0525447847826088,-0.0848070304347827,0.014,0.8528,True
1017,tail_tip,622.284,303.52200000000005,-0.0600379834782609,-0.191399030869565,-0.0218000000000001,0.9391,True
1017,withers,740.336,335.994,0.2890331165217392,-0.0691529360869564,0.3993000000000001,0.8793,True
1018,occipital_protuberance,797.178,332.008,0.4555428469565217,-0.0811281182608696,0.3690999999999999,1.0,True
1018,tail_base,627.028,337.718,-0.0430472999999999,-0.0739423326086957,0.014,0.7927,True
1018,tail_tip,624.818,305.12600000000003,-0.0513052586956522,-0.1854383326086955,-0.021,0.9468,True
1018,withers,743.954,335.624,0.2995683095652172,-0.0702452730434783,0.3948000000000002,0.8841,True
1019,occipital_protuberance,801.098,332.196,0.4669040295652172,-0.0805832452173912,0.3655999999999999,0.9618,True
1019,tail_base,629.5840000000001,340.81,-0.0343773286956519,-0.0633353434782608,0.0235999999999999,0.7459,True
1019,tail_tip,626.47,306.32800000000003,-0.0454431521739129,-0.1802679130434781,-0.002,0.9603,True
1019,withers,747.15,335.63800000000003,0.3097799673913042,-0.0704326604347825,0.3896999999999998,0.9545,True
1020,occipital_protuberance,804.66,332.0,0.4768338826086955,-0.0810843478260869,0.3678000000000002,0.9845,True
1020,tail_base,632.466,343.046,-0.0248310813043478,-0.0558781726086956,0.0243000000000001,0.8567,True
1020,tail_tip,627.2679999999999,307.564,-0.0427629130434785,-0.1761165652173912,-0.002,0.7766,True
1020,withers,750.112,335.59000000000003,0.3185827408695652,-0.0706244978260868,0.3876999999999998,0.952,True
1021,occipital_protuberance,807.876,331.512,0.4863294730434782,-0.0825284973913043,0.3598000000000002,0.9559,True
1021,tail_base,635.04,345.336,-0.0163626086956522,-0.0483752608695651,0.018,0.842,True
1021,tail_tip,627.396,309.112,-0.0423741000000001,-0.1710832434782609,-0.005,0.9917,True
1021,withers,753.018,335.616,0.3268677113043479,-0.0705227686956522,0.3886999999999998,0.8534,True
1022,occipital_protuberance,810.472,330.72200000000004,0.4932570260869565,-0.084715256521739,0.363,0.9987,True
1022,tail_base,637.612,347.04799999999994,-0.0078850721739131,-0.0427669408695654,0.0151999999999998,0.7687,True
1022,tail_tip,627.252,311.08,-0.0426947147826088,-0.1638394608695652,0.0033000000000001,0.9995,True
1022,withers,755.846,335.77,0.3356008252173913,-0.0701932565217391,0.3878000000000002,0.8605,True
1023,occipital_protuberance,812.324,329.62,0.4980163599999999,-0.0877981999999999,0.3661999999999998,0.9956,True
1023,tail_base,640.38,348.628,0.0012547434782608,-0.0375498495652174,0.0151999999999998,0.8533,True
1023,tail_tip,627.39,313.92,-0.0422928434782609,-0.1545483130434783,-0.0045999999999999,1.0,True
1023,withers,758.278,335.788,0.3422348217391304,-0.0700568956521738,0.391,0.8852,True
1024,occipital_protuberance,813.89,328.482,0.5019372652173912,-0.0909773921739129,0.3694000000000001,0.9582,True
1024,tail_base,643.426,349.746,0.011337825652174,-0.0339340526086957,0.0084,0.8448,True
1024,tail_tip,627.778,316.962,-0.0410473213043477,-0.1445421873913044,-0.0193000000000001,1.0,True
1024,withers,760.6800000000001,335.42600000000004,0.3469550000000002,-0.0706502499999998,0.408,0.9118,True
1025,occipital_protuberance,815.4100000000001,327.08000000000004,0.5063247782608697,-0.0950242956521737,0.3659000000000001,0.9222,True
1025,tail_base,646.1020000000001,351.294,0.0202400686956524,-0.0288774234782609,-0.0055999999999999,0.8157,True
1025,tail_tip,628.6400000000001,320.314,-0.0381523130434779,-0.1332845682608697,-0.0298000000000001,0.9808,True
1025,withers,763.296,334.904,0.3542079652173914,-0.0720964434782608,0.41,0.9726,True
1026,occipital_protuberance,816.5840000000001,325.62600000000003,0.5092912886956523,-0.0991390995652173,0.3715999999999999,0.928,True
1026,tail_base,649.242,352.464,0.0306553121739129,-0.024996584347826,-0.0055999999999999,0.8763,True
1026,tail_tip,630.092,323.592,-0.0332284165217391,-0.1221013513043478,-0.0324,0.9977,True
1026,withers,766.02,334.10600000000005,0.3607185521739129,-0.0741187604347824,0.4195999999999999,0.9932,True
1027,occipital_protuberance,817.582,323.928,0.5125943034782608,-0.104122612173913,0.3694000000000001,0.981,True
1027,tail_base,652.468,353.48400000000004,0.0412988947826085,-0.0215835417391303,-0.0084,0.9239,True
1027,tail_tip,631.9780000000001,326.75,-0.0269417126086954,-0.111669402173913,-0.0368000000000001,0.937,True
1027,withers,769.152,333.06800000000004,0.3693747200000001,-0.0770255199999998,0.4253000000000002,0.9088,True
1028,occipital_protuberance,818.5319999999999,321.78000000000003,0.5165784608695649,-0.1105887391304347,0.363,0.9808,True
1028,tail_base,656.296,354.608,0.0535890417391306,-0.0177314747826086,0.0135999999999999,0.8981,True
1028,tail_tip,634.464,329.41,-0.0185323617391302,-0.1024033500000001,-0.0268000000000001,1.0,True
1028,withers,772.918,332.184,0.3807811747826087,-0.0796867930434781,0.4174000000000001,0.9228,True
1029,occipital_protuberance,819.0980000000001,318.664,0.5199292808695655,-0.1200002052173913,0.3541999999999998,0.9324,True
1029,tail_base,660.608,356.15,0.0677689599999998,-0.0126606413043479,0.0100999999999999,0.9573,True
1029,tail_tip,637.532,331.7,-0.0083053565217389,-0.095235652173913,-0.043,1.0,True
1029,withers,776.792,331.23400000000004,0.3936041113043479,-0.0827710382608694,0.4058000000000001,0.9311,True
1030,occipital_protuberance,819.392,315.04200000000003,0.5269445008695653,-0.1320592382608695,0.3225999999999999,1.0,True
1030,tail_base,664.8119999999999,357.83,0.0814426930434779,-0.0071227891304348,0.0191999999999998,0.855,True
1030,tail_tip,640.376,333.164,0.001261316521739,-0.090023112173913,-0.0296999999999998,0.9721,True
1030,withers,780.486,330.454,0.4052104886956521,-0.0852209408695651,0.3924000000000001,0.9776,True
1031,occipital_protuberance,819.4559999999999,310.622,0.5324381495652171,-0.1465023791304349,0.2884000000000001,0.9479,True
1031,tail_base,668.842,359.66,0.0949403399999999,-0.0011191913043479,0.0105999999999999,0.8126,True
1031,tail_tip,643.4620000000001,334.338,0.0116082365217394,-0.0860458017391303,-0.0248000000000001,0.9657,True
1031,withers,783.7280000000001,329.5,0.4108121182608697,-0.0871769565217391,0.4164000000000001,0.9192,True
1032,occipital_protuberance,818.9300000000001,305.76,0.533444786956522,-0.161705947826087,0.2716999999999998,0.9034,True
1032,tail_base,673.4739999999999,361.544,0.1097365043478258,0.0050616347826086,0.03,0.8268,True
1032,tail_tip,646.822,335.29,0.0227691665217391,-0.0824723108695651,-0.0105999999999999,0.9843,True
1032,withers,787.1139999999999,328.564,0.4208419839130433,-0.0899274617391305,0.4071999999999998,0.9328,True
1033,occipital_protuberance,818.034,300.964,0.5340245939130435,-0.177082332173913,0.2514,0.9534,True
1033,tail_base,677.8219999999999,363.332,0.1240397156521735,0.0109275113043478,0.0323000000000001,0.7838,True
1033,tail_tip,651.382,336.574,0.037850098695652,-0.0779016352173912,-0.0029,0.7996,True
1033,withers,790.018,327.326,0.4286275160869566,-0.0933553004347827,0.3964000000000001,0.8975,True
1034,occipital_protuberance,816.6659999999999,296.29200000000003,0.5327632069565216,-0.192121168695652,0.2365999999999999,0.8327,True
1034,tail_base,681.558,365.124,0.135795282173913,0.0167432269565216,0.0468000000000001,0.7282,True
1034,tail_tip,656.1679999999999,338.092,0.0532102939130431,-0.0721011330434783,0.0251999999999998,0.5597,True
1034,withers,792.772,325.972,0.4370275539130436,-0.0973422721739131,0.3826999999999998,0.9556,True
1035,occipital_protuberance,814.734,291.634,0.5260253113043479,-0.205811384347826,0.2144000000000001,0.8486,True
1035,tail_base,685.284,367.098,0.1481082130434782,0.0232150891304348,0.0545,0.7007,True
1035,tail_tip,660.8839999999999,340.42400000000004,0.0687946199999996,-0.0644858973913042,0.0189,0.3691,True
1035,withers,795.346,324.086,0.4440193930434782,-0.1026515808695653,0.3814000000000001,1.0,True
1036,occipital_protuberance,812.45,287.482,0.5195993478260871,-0.2184998869565216,0.205,0.8564,True
1036,tail_base,688.5699999999999,368.702,0.1584015521739128,0.0283798704347826,0.0665999999999999,0.7593,True
1036,tail_tip,665.03,343.572,0.0821473717391303,-0.0539159817391304,0.0195999999999999,0.6457,True
1036,withers,797.962,322.29200000000003,0.4601158343478261,-0.1098368460869564,0.3276999999999998,0.992,True
1037,occipital_protuberance,810.0640000000001,283.648,0.5158484765217394,-0.2315955339130434,0.1764,0.9377,True
1037,tail_base,691.672,369.988,0.1693718295652174,0.0327389269565215,0.0514,0.8298,True
1037,tail_tip,669.558,346.528,0.0970530504347825,-0.0442350191304349,0.0111999999999998,0.6501,True
1037,withers,799.6320000000001,320.726,0.4647720382608697,-0.1143471047826086,0.3254000000000001,0.8809,True
1038,occipital_protuberance,808.006,280.352,0.511322608695652,-0.2424069565217392,0.177,0.848,True
1038,tail_base,694.422,371.16,0.1798647100000001,0.0368838,0.0264,0.7944,True
1038,tail_tip,672.8879999999999,349.888,0.1082873147826084,-0.0332948591304348,0.0028000000000001,0.8251,True
1038,withers,800.97,319.444,0.4690175891304349,-0.1181678408695651,0.3234000000000001,0.9342,True
1039,occipital_protuberance,806.482,277.41,0.5071186486956522,-0.2515763217391305,0.1780999999999999,0.9464,True
1039,tail_base,696.876,371.95,0.1901636695652173,0.0399545652173912,-0.009,0.7739,True
1039,tail_tip,675.316,353.258,0.1167654443478262,-0.0222911039130435,-0.0063000000000001,0.6479,True
1039,withers,802.308,318.228,0.471963436521739,-0.1214657113043478,0.3288000000000002,0.9422,True
1040,occipital_protuberance,805.222,274.5,0.5016283591304347,-0.2595854347826086,0.1908000000000002,0.9566,True
1040,tail_base,699.3199999999999,372.7720000000001,0.1985156695652171,0.042741775652174,-0.0118000000000001,0.8124,True
1040,tail_tip,677.814,356.23999999999995,0.1252547647826085,-0.0124545913043479,-0.0084,0.6499,True
1040,withers,803.272,317.258,0.4769317095652176,-0.1248530986956522,0.3165999999999999,0.955,True
1041,occipital_protuberance,804.4399999999999,271.47799999999995,0.4953218782608694,-0.2666436591304349,0.2128000000000001,0.9429,True
1041,tail_base,701.954,373.538,0.2071418521739129,0.0452640086956522,-0.0125,0.9346,True
1041,tail_tip,680.626,358.112,0.1349401421739129,-0.0062710330434783,-0.0133000000000001,0.9313,True
1041,withers,804.1139999999999,315.864,0.4745391986956518,-0.1276202034782609,0.3438000000000001,0.963,True
1042,occipital_protuberance,803.87,268.0,0.4896863086956521,-0.27492,0.2313000000000001,0.9847,True
1042,tail_base,704.662,374.0700000000001,0.2163927886956523,0.0470855608695653,-0.0153000000000001,0.7782,True
1042,tail_tip,682.826,359.744,0.14250817,-0.000851867826087,-0.0154,0.9217,True
1042,withers,805.088,314.006,0.4764224347826085,-0.1327326847826087,0.3525,0.9495,True
1043,occipital_protuberance,802.836,264.394,0.4829149373913043,-0.2835341417391304,0.2315999999999999,0.9902,True
1043,tail_base,707.576,374.482,0.2263649095652175,0.0485115517391303,-0.0183000000000001,0.8551,True
1043,tail_tip,685.0799999999999,361.04,0.1502829999999997,0.0034670434782609,-0.021,0.961,True
1043,withers,805.892,311.84000000000003,0.4763264208695654,-0.1382820173913042,0.3659000000000001,0.9095,True
1044,occipital_protuberance,801.772,261.082,0.476524043478261,-0.2913780217391304,0.2435,0.9735,True
1044,tail_base,710.8979999999999,374.698,0.235720437391304,0.0488676547826086,0.0046999999999998,0.9334,True
1044,tail_tip,688.28,362.156,0.1609508260869564,0.0071874478260869,-0.021,0.9563,True
1044,withers,806.2180000000001,309.384,0.4761423013043481,-0.1449928330434783,0.3755999999999999,0.9388,True
1045,occipital_protuberance,800.8,257.84800000000007,0.473066608695652,-0.3005267426086954,0.2434000000000001,0.9006,True
1045,tail_base,714.174,374.544,0.2467252986956521,0.0483777704347827,-0.0001999999999998,0.9115,True
1045,tail_tip,692.064,362.544,0.1735655304347825,0.0084809217391305,-0.014,0.988,True
1045,withers,806.3879999999999,306.616,0.4730844895652172,-0.1517846382608696,0.3951999999999998,0.9396,True
1046,occipital_protuberance,799.76,254.648,0.4702153565217392,-0.3100784191304349,0.2421999999999998,0.8958,True
1046,tail_base,718.116,374.834,0.2594809739130434,0.0492746782608695,0.011,0.881,True
1046,tail_tip,696.092,362.422,0.1869082991304347,0.0080705252173913,-0.0090999999999999,0.9856,True
1046,withers,806.51,304.112,0.4743725108695652,-0.1592200521739131,0.39,0.9021,True
1047,occipital_protuberance,798.818,252.2,0.4689964591304347,-0.3183380869565217,0.2266999999999998,0.9702,True
1047,tail_base,722.38,375.926,0.2732687869565217,0.0528293117391303,0.0151999999999998,0.8572,True
1047,tail_tip,700.476,362.304,0.201332492173913,0.007670316521739,-0.0028000000000001,0.9893,True
1047,withers,806.586,301.66,0.4751684578260869,-0.1664085086956521,0.3868000000000002,0.9395,True
1048,occipital_protuberance,797.9259999999999,249.854,0.468902893043478,-0.3270378408695653,0.2089,0.9527,True
1048,tail_base,726.784,376.828,0.2865381286956521,0.0555616660869566,0.0259,0.8566,True
1048,tail_tip,704.4040000000001,361.454,0.2141152982608699,0.0048339178260869,0.0049,0.803,True
1048,withers,806.996,298.98,0.4787702713043477,-0.1749416869565217,0.3734,0.9371,True
1049,occipital_protuberance,796.758,247.414,0.467172917826087,-0.3355307552173913,0.1921999999999998,0.9583,True
1049,tail_base,731.2,378.152,0.3015349565217393,0.060016036521739,0.0146999999999998,0.749,True
1049,tail_tip,708.11,360.6,0.2264361369565217,0.0019947391304348,0.0049,0.7208,True
1049,withers,807.604,296.468,0.4805133808695653,-0.1821434817391304,0.3699000000000001,0.9033,True
1050,occipital_protuberance,795.6519999999999,245.362,0.4650272686956519,-0.3424934856521739,0.1889000000000001,0.9776,True
1050,tail_base,735.4739999999999,379.552,0.3156661013043476,0.0646448626086957,0.0111999999999998,0.5536,True
1050,tail_tip,711.382,360.542,0.2383227730434781,0.0018095730434781,-0.0045999999999999,0.3216,True
1050,withers,807.96,294.14,0.4824833565217393,-0.1891900086956522,0.3646999999999998,0.9489,True
1051,occipital_protuberance,794.4219999999999,243.48,0.4619231999999997,-0.3485467826086955,0.1915,0.9608,True
1051,tail_base,739.738,380.476,0.330523059130435,0.0678556834782608,0.0041999999999998,0.7431,True
1051,tail_tip,713.586,360.912,0.2474249265217391,0.0030665008695651,-0.0264,0.4129,True
1051,withers,808.134,291.602,0.4833486991304349,-0.1966293808695653,0.3591999999999998,0.949,True
1052,occipital_protuberance,793.288,241.524,0.4564650052173913,-0.3528009234782609,0.2009,0.9483,True
1052,tail_base,743.54,381.082,0.3434376782608694,0.0699280773913043,0.0014,0.8228,True
1052,tail_tip,714.6299999999999,361.70400000000006,0.2512759652173909,0.0057372939130436,-0.0305999999999999,0.6354,True
1052,withers,808.176,289.15000000000003,0.4832500800000001,-0.2035859347826085,0.3604000000000001,0.9038,True
1053,occipital_protuberance,792.312,239.388,0.4502144052173913,-0.35651334,0.2240999999999999,0.9173,True
1053,tail_base,746.676,381.776,0.3533526547826088,0.0721306330434782,0.0125999999999999,0.8983,True
1053,tail_tip,715.452,362.7720000000001,0.25427324,0.0093416400000001,-0.0334,0.5788,True
1053,withers,808.028,286.942,0.4832266113043479,-0.2101052786956521,0.3546999999999998,0.8884,True
1054,occipital_protuberance,791.644,237.268,0.4447784452173913,-0.3599782921739131,0.2420999999999999,0.9806,True
1054,tail_base,749.016,381.672,0.360937756521739,0.0717531652173913,0.0105,0.8388,True
1054,tail_tip,715.604,363.494,0.2549005295652176,0.0117800969565218,-0.0348000000000001,0.5579,True
1054,withers,808.046,284.752,0.484630051304348,-0.2170086886956521,0.3473000000000001,0.9165,True
1055,occipital_protuberance,790.762,235.62000000000003,0.4392745839130433,-0.3624054652173912,0.2469000000000001,0.9866,True
1055,tail_base,751.574,381.698,0.3683882417391302,0.0716411356521738,0.0189,0.7328,True
1055,tail_tip,715.762,363.786,0.2545932599999998,0.0127226060869565,-0.0245999999999999,0.5243,True
1055,withers,808.454,282.63,0.4852207608695651,-0.2228592391304348,0.32,0.9258,True
1056,occipital_protuberance,789.788,234.362,0.4340921365217391,-0.3641043865217391,0.2613000000000002,0.9662,True
1056,tail_base,753.23,381.686,0.3740282282608696,0.0716345152173914,0.0175,0.8288,True
1056,tail_tip,716.436,364.34,0.2553959391304349,0.0145012608695653,-0.0105,1.0,True
1056,withers,808.902,280.836,0.486511195652174,-0.2280267391304347,0.317,0.9262,True
1057,occipital_protuberance,788.4739999999999,233.166,0.4290575830434781,-0.3665226873913043,0.2689000000000001,1.0,True
1057,tail_base,754.912,381.51,0.3797591791304349,0.0710858739130434,0.0125999999999999,0.9142,True
1057,tail_tip,717.2,364.85,0.2581836521739132,0.0162200869565218,-0.0133000000000001,0.992,True
1057,withers,808.978,279.234,0.486730108695652,-0.2326411956521739,0.32,0.9557,True
1058,occipital_protuberance,786.764,232.386,0.4239565286956522,-0.3686380069565216,0.2734000000000001,0.9943,True
1058,tail_base,757.086,381.088,0.3883691713043479,0.0699479791304348,0.0014,0.8967,True
1058,tail_tip,717.6940000000001,365.216,0.2599539900000002,0.0174520556521739,-0.0146999999999998,0.9626,True
1058,withers,808.61,277.784,0.4841306260869565,-0.2360671582608695,0.3319000000000001,0.9829,True
1059,occipital_protuberance,784.598,231.9,0.4187055130434781,-0.3709330434782608,0.27,0.9206,True
1059,tail_base,759.6899999999999,381.012,0.3964601152173911,0.0695999660869565,0.0055999999999999,0.8294,True
1059,tail_tip,718.02,365.804,0.2610447434782608,0.0194194269565216,-0.0146999999999998,0.9705,True
1059,withers,807.502,276.212,0.480949220869565,-0.2405808486956522,0.3389000000000001,0.9583,True
1060,occipital_protuberance,781.952,231.114,0.4115373634782608,-0.3736573252173913,0.2763000000000001,0.9614,True
1060,tail_base,762.054,380.656,0.4050335456521738,0.0685464869565217,0.0,0.8866,True
1060,tail_tip,718.244,366.642,0.2615560843478262,0.0222030508695652,-0.0119,0.9575,True
1060,withers,805.918,274.51800000000003,0.4762207291304348,-0.2453519230434782,0.3434000000000001,0.9688,True
1061,occipital_protuberance,779.1099999999999,230.156,0.4039633434782606,-0.3770556852173912,0.2784000000000001,0.9741,True
1061,tail_base,764.7,380.306,0.413055195652174,0.0672614178260869,0.0055999999999999,0.8975,True
1061,tail_tip,718.46,367.346,0.2621587391304349,0.0245452217391304,-0.0105,0.938,True
1061,withers,803.87,272.77599999999995,0.4709481304347826,-0.250674191304348,0.34,0.9298,True
1062,occipital_protuberance,775.712,229.392,0.3948924173913043,-0.3800408869565218,0.286,0.9485,True
1062,tail_base,767.1780000000001,379.858,0.4212633013043482,0.0657774665217391,0.0055999999999999,0.8884,True
1062,tail_tip,718.9879999999999,367.82,0.263201753043478,0.0260575999999999,-0.0020999999999999,0.9074,True
1062,withers,801.852,271.004,0.4663096860869564,-0.2564052147826086,0.3334000000000001,0.9341,True
1063,occipital_protuberance,771.924,228.366,0.3846444973913043,-0.3837989582608695,0.2975999999999999,1.0,True
1063,tail_base,769.6479999999999,379.294,0.4294449078260867,0.063909277826087,0.0055999999999999,0.8812,True
1063,tail_tip,719.5559999999999,368.178,0.2653365547826085,0.0272754078260869,-0.0049,0.9073,True
1063,withers,799.5799999999999,268.962,0.4608392869565215,-0.2629019113043478,0.3201999999999998,1.0,True
1064,occipital_protuberance,767.812,227.332,0.3732666104347827,-0.3874482417391304,0.2936999999999998,0.9307,True
1064,tail_base,772.636,378.824,0.4419950530434782,0.0627289339130435,-0.0128000000000001,0.9212,True
1064,tail_tip,720.1940000000001,368.37,0.2670983204347828,0.0278775586956521,-0.0006999999999998,0.9285,True
1064,withers,797.074,266.838,0.4537731273913042,-0.2691369169565217,0.3091999999999998,1.0,True
1065,occipital_protuberance,763.662,226.378,0.3618995313043479,-0.391047687826087,0.2880999999999999,0.9744,True
1065,tail_base,775.888,378.126,0.4545158191304349,0.0606275295652175,-0.0241999999999998,0.8953,True
1065,tail_tip,721.164,368.486,0.2704525634782608,0.0282768278260869,-0.0020999999999999,0.9217,True
1065,withers,794.426,264.90400000000005,0.4468282739130436,-0.275158208695652,0.2915,0.9689,True
1066,occipital_protuberance,759.05,225.39,0.3491011847826086,-0.3947291934782608,0.2856999999999998,0.9527,True
1066,tail_base,779.4599999999999,377.212,0.4671000478260866,0.0576489747826086,-0.0214,0.905,True
1066,tail_tip,722.3860000000001,368.824,0.2742737400000002,0.0293762469565215,0.0006999999999998,0.9304,True
1066,withers,791.794,263.05,0.4392126391304347,-0.2805227173913043,0.2815,0.9486,True
1067,occipital_protuberance,754.598,224.444,0.3361956543478259,-0.3976800478260868,0.298,0.9588,True
1067,tail_base,783.0699999999999,375.86,0.4789734782608694,0.0530965217391304,-0.013,0.8633,True
1067,tail_tip,724.268,369.472,0.2804109295652174,0.0315191095652175,-0.0014,0.9864,True
1067,withers,788.966,261.026,0.4294754547826087,-0.2853463452173913,0.2910999999999999,1.0,True
1068,occipital_protuberance,750.54,223.558,0.3241465347826086,-0.4001013343478261,0.3096999999999998,0.927,True
1068,tail_base,786.3059999999999,374.436,0.488916485217391,0.0482413460869564,-0.0074,0.8816,True
1068,tail_tip,726.692,370.5,0.2872897495652174,0.0347960869565217,0.0111999999999998,1.0,True
1068,withers,786.2940000000001,259.13,0.4217719626086959,-0.2908125956521739,0.2945999999999999,0.9851,True
1069,occipital_protuberance,746.992,222.496,0.3131144139130434,-0.4024084452173913,0.3255999999999999,0.9503,True
1069,tail_base,789.392,372.802,0.4971505947826088,0.0426028295652174,0.0054,0.9265,True
1069,tail_tip,729.4879999999999,371.51,0.2957383860869563,0.0380380478260869,0.0160999999999999,1.0,True
1069,withers,783.9879999999999,257.482,0.4147793452173911,-0.2953186995652173,0.2998000000000002,0.9272,True
1070,occipital_protuberance,743.678,221.488,0.3030327630434782,-0.4048464869565217,0.336,0.9772,True
1070,tail_base,792.146,371.07,0.5051247199999999,0.0367523999999999,0.0160999999999999,0.9035,True
1070,tail_tip,732.382,372.076,0.3053024269565216,0.0399085547826085,0.0160999999999999,1.0,True
1070,withers,781.918,255.736,0.40801425,-0.2997589999999999,0.3085,0.967,True
1071,occipital_protuberance,741.146,220.788,0.2951484256521738,-0.4062266686956521,0.3439000000000001,1.0,True
1071,tail_base,794.242,369.194,0.5123181560869564,0.030538070869565,0.0181999999999998,0.9441,True
1071,tail_tip,735.2099999999999,371.932,0.3156832434782606,0.0395623617391303,0.0060999999999999,0.9933,True
1071,withers,779.946,253.97200000000004,0.4016754430434783,-0.3043234095652172,0.3164,1.0,True
1072,occipital_protuberance,739.008,220.17800000000005,0.2891464069565219,-0.408341032173913,0.3416999999999998,1.0,True
1072,tail_base,796.1020000000001,367.604,0.5189712795652176,0.0252799939130434,0.0154,0.9082,True
1072,tail_tip,737.662,370.9620000000001,0.3245563030434784,0.036429585652174,-0.0009,1.0,True
1072,withers,778.28,252.484,0.3980059130434782,-0.3094590956521739,0.312,1.0,True
1073,occipital_protuberance,737.076,219.856,0.2845804043478261,-0.4108351826086956,0.335,0.993,True
1073,tail_base,797.752,366.332,0.5249369269565216,0.0210704182608695,0.0125999999999999,0.9422,True
1073,tail_tip,740.1980000000001,368.992,0.3313504295652177,0.0297361530434783,0.0140999999999999,1.0,True
1073,withers,776.7860000000001,251.39,0.3942113047826089,-0.3130092978260869,0.3120999999999999,0.9398,True
1074,occipital_protuberance,735.2900000000001,219.84,0.281436943478261,-0.4139595130434782,0.3183000000000002,0.9903,True
1074,tail_base,799.1400000000001,364.994,0.5300399869565221,0.0166332769565216,0.0098000000000001,0.8865,True
1074,tail_tip,742.6179999999999,365.966,0.3407586847826085,0.0198110108695652,0.0015,0.9763,True
1074,withers,775.4480000000001,250.23,0.3916508365217394,-0.3174023413043477,0.3133000000000002,0.9169,True
1075,occipital_protuberance,733.8100000000001,219.926,0.2791663239130436,-0.4168419534782608,0.3011999999999998,1.0,True
1075,tail_base,800.5620000000001,363.74,0.5342875073913047,0.0124452565217389,0.0125999999999999,0.871,True
1075,tail_tip,744.8300000000002,361.944,0.3479444434782613,0.0064523895652174,-0.0005999999999999,0.974,True
1075,withers,774.2740000000001,249.15,0.3899784000000003,-0.3219469565217391,0.3085,0.9343,True
1076,occipital_protuberance,732.4159999999999,219.738,0.2769466434782607,-0.4203286239130435,0.282,1.0,True
1076,tail_base,802.08,362.502,0.5383522434782609,0.0083104473913043,0.0181999999999998,0.9209,True
1076,tail_tip,746.952,357.338,0.3534996104347827,-0.0087984886956521,0.0121999999999998,1.0,True
1076,withers,773.3520000000001,248.236,0.3903444956521741,-0.3271526652173913,0.291,0.9405,True
1077,occipital_protuberance,731.284,219.51400000000004,0.2749037504347826,-0.4230766430434781,0.2684000000000001,1.0,True
1077,tail_base,803.112,360.82,0.5407871982608694,0.0027186565217391,0.0238000000000001,0.9219,True
1077,tail_tip,748.868,352.31,0.3588383947826088,-0.0253469086956521,0.0205999999999999,0.9558,True
1077,withers,772.548,247.23,0.3881351217391304,-0.3302199782608697,0.29,0.9642,True
1078,occipital_protuberance,730.3340000000001,218.834,0.2717089617391306,-0.4246027773913044,0.2718000000000002,0.9804,True
1078,tail_base,804.018,358.718,0.5430422043478261,-0.0042445347826088,0.0175,0.9124,True
1078,tail_tip,750.608,347.146,0.3665452939130433,-0.0425970382608695,-0.0028000000000001,0.98,True
1078,withers,771.946,245.77,0.3863723086956522,-0.3344952391304348,0.29,0.9824,True
1079,occipital_protuberance,729.684,217.94,0.2680966704347825,-0.4246667521739131,0.2888000000000001,0.9463,True
1079,tail_base,804.598,356.412,0.5419925882608694,-0.01181466,0.0235999999999999,0.9685,True
1079,tail_tip,752.3340000000001,342.38,0.3717522786956523,-0.0583107086956521,0.0014,0.9518,True
1079,withers,771.272,243.802,0.3833142400000001,-0.33929816,0.3040999999999999,0.9822,True
1080,occipital_protuberance,729.2819999999999,216.464,0.2644882204347824,-0.4252097982608696,0.3135999999999999,0.8972,True
1080,tail_base,804.894,353.896,0.5427163391304348,-0.0200901217391303,0.018,0.9555,True
1080,tail_tip,753.7959999999999,338.504,0.3760710417391302,-0.0710396069565216,0.0055999999999999,0.9878,True
1080,withers,770.642,241.558,0.3800830186956523,-0.3445889752173913,0.3139,0.9491,True
1081,occipital_protuberance,728.9300000000001,215.17800000000005,0.2614928652173914,-0.4258396460869563,0.3338000000000002,0.944,True
1081,tail_base,805.086,351.322,0.5433482695652174,-0.0285619391304347,0.018,0.9079,True
1081,tail_tip,755.142,335.362,0.3799936308695654,-0.0813107560869566,0.0133000000000001,0.9253,True
1081,withers,770.126,239.192,0.3756115278260868,-0.3487149182608695,0.3414000000000001,0.9181,True
1082,occipital_protuberance,728.772,213.972,0.2591949417391306,-0.4263700147826088,0.3528000000000001,0.9548,True
1082,tail_base,805.492,348.862,0.5446845391304347,-0.036658547826087,0.018,0.9478,True
1082,tail_tip,756.382,332.99,0.384440106521739,-0.0892210760869565,0.014,0.9486,True
1082,withers,769.596,236.522,0.3734900373913044,-0.3558582273913044,0.3455999999999999,0.9359,True
1083,occipital_protuberance,728.5719999999999,213.154,0.2575519721739127,-0.4270026295652174,0.3603000000000002,0.9356,True
1083,tail_base,805.978,346.29200000000003,0.5462841130434781,-0.0451171999999999,0.018,0.9566,True
1083,tail_tip,757.0939999999999,331.252,0.3869702147826085,-0.0950058904347825,0.0125999999999999,0.9632,True
1083,withers,769.0,233.742,0.3711554347826086,-0.3632662239130434,0.35,0.9308,True
1084,occipital_protuberance,728.108,212.384,0.255800508695652,-0.428567756521739,0.3645,0.9331,True
1084,tail_base,806.534,343.756,0.5495984030434782,-0.0536087313043479,0.0098000000000001,0.9255,True
1084,tail_tip,757.408,330.024,0.387650587826087,-0.098972932173913,0.0119,0.9547,True
1084,withers,768.5840000000001,231.402,0.3696510469565219,-0.3696912939130435,0.3456999999999998,0.9312,True
1085,occipital_protuberance,727.53,212.044,0.254008254347826,-0.4293618791304348,0.3656999999999998,0.9426,True
1085,tail_base,806.854,341.386,0.5478977543478262,-0.0611227108695651,0.025,0.9335,True
1085,tail_tip,757.368,329.086,0.3873399147826089,-0.1020229204347825,0.0098000000000001,0.9658,True
1085,withers,768.152,229.238,0.3687155913043479,-0.3762250152173912,0.3335,0.984,True
1086,occipital_protuberance,726.9639999999999,211.808,0.252271220869565,-0.4298856626086957,0.3666999999999998,0.9668,True
1086,tail_base,807.096,339.0,0.5484381321739131,-0.068925652173913,0.0264,0.9215,True
1086,tail_tip,756.884,327.98400000000004,0.3864540773913044,-0.1058546399999998,0.0041999999999998,0.9598,True
1086,withers,767.662,227.01,0.3673057760869566,-0.3826353586956521,0.3335,0.9881,True
1087,occipital_protuberance,726.2180000000001,211.54,0.2501071721739132,-0.4306630956521738,0.3666999999999998,0.978,True
1087,tail_base,807.516,336.75600000000003,0.5500715608695651,-0.0763262217391303,0.018,0.8898,True
1087,tail_tip,756.016,326.72799999999995,0.3835842052173911,-0.1100073582608697,0.0041999999999998,0.9777,True
1087,withers,767.268,225.134,0.3663105043478262,-0.3881795304347826,0.3325,0.9437,True
1088,occipital_protuberance,725.2099999999999,211.414,0.2471830956521737,-0.4310286052173914,0.3666999999999998,0.9814,True
1088,tail_base,808.2180000000001,334.714,0.5510967956521741,-0.0828391347826087,0.025,0.8878,True
1088,tail_tip,754.9680000000001,325.43999999999994,0.3801191982608698,-0.1142658782608697,-0.0028000000000001,0.9977,True
1088,withers,766.952,223.806,0.3655389652173912,-0.392149897826087,0.3315,0.9367,True
1089,occipital_protuberance,724.1360000000001,211.47,0.2440675617391306,-0.4308661565217392,0.3666999999999998,0.9756,True
1089,tail_base,808.9040000000001,332.456,0.5530871634782613,-0.090194624347826,0.0194,0.8845,True
1089,tail_tip,753.97,324.256,0.3769929391304348,-0.118234935652174,-0.0041999999999998,0.9801,True
1089,withers,766.6899999999999,222.81000000000003,0.3649222826086954,-0.3951668478260868,0.3305,0.9618,True
1090,occipital_protuberance,723.0339999999999,211.564,0.2409791086956518,-0.4307870869565217,0.369,0.9566,True
1090,tail_base,810.378,330.082,0.5602102717391306,-0.0983716847826087,0.0,0.9174,True
1090,tail_tip,753.172,323.188,0.3743532939130435,-0.1217676939130435,-0.0041999999999998,0.9448,True
1090,withers,766.396,222.06,0.3645150730434782,-0.3978069652173913,0.3273000000000002,0.9733,True
1091,occipital_protuberance,721.952,211.48999999999995,0.2382130852173913,-0.4316798282608697,0.3648000000000002,0.9386,True
1091,tail_base,812.2940000000001,327.64399999999995,0.5659857900000003,-0.1062894600000001,-0.0041999999999998,0.9176,True
1091,tail_tip,752.7299999999999,322.53000000000003,0.3713718304347823,-0.1234392130434781,0.0081999999999998,0.9474,True
1091,withers,765.93,221.496,0.3637734434782607,-0.4000959026086956,0.3229000000000001,0.9782,True
1092,occipital_protuberance,720.862,211.294,0.2351326330434781,-0.4324111860869564,0.3638000000000002,0.9194,True
1092,tail_base,814.214,324.662,0.5709674486956523,-0.1158164539130435,0.0028000000000001,0.9492,True
1092,tail_tip,752.7900000000001,322.106,0.3708829434782611,-0.1246053573913043,0.0138000000000001,0.9556,True
1092,withers,765.29,220.87000000000003,0.3623604695652173,-0.402388156521739,0.3231999999999998,1.0,True
1093,occipital_protuberance,720.012,211.004,0.2327479504347824,-0.4334164078260869,0.3628000000000002,0.9091,True
1093,tail_base,816.012,321.586,0.578735108695652,-0.126306902173913,-0.007,0.9137,True
1093,tail_tip,753.2760000000001,321.816,0.3726534147826089,-0.1256170591304348,0.0124,0.969,True
1093,withers,764.624,220.206,0.3605968347826087,-0.4044909,0.322,1.0,True
1094,occipital_protuberance,719.44,210.51,0.2312567478260871,-0.4351783891304348,0.3608000000000002,0.9347,True
1094,tail_base,817.796,318.652,0.5843304191304349,-0.1358911008695652,-0.0020999999999999,0.9224,True
1094,tail_tip,754.172,321.53599999999994,0.3743848800000001,-0.1261284730434784,0.0186999999999998,0.9833,True
1094,withers,763.914,219.48200000000003,0.358704092173913,-0.4067690626086955,0.3273000000000002,1.0,True
1095,occipital_protuberance,719.05,209.812,0.2301214239130433,-0.437210327826087,0.3608000000000002,0.9739,True
1095,tail_base,819.1899999999999,315.828,0.5870420217391302,-0.1447113130434783,0.011,0.9418,True
1095,tail_tip,755.222,321.2,0.3774772913043477,-0.1271121739130435,0.0215,0.9976,True
1095,withers,763.294,218.802,0.3566144934782608,-0.4083998673913044,0.3295,1.0,True
1096,occipital_protuberance,718.776,209.15,0.2290497826086955,-0.4386127717391304,0.364,0.9506,True
1096,tail_base,820.1959999999999,313.14199999999994,0.5895151313043475,-0.1532969656521741,0.0081999999999998,0.8982,True
1096,tail_tip,756.32,320.612,0.3810744347826088,-0.1290385130434783,0.0215,0.9891,True
1096,withers,762.834,218.202,0.3548300417391302,-0.4096112660869565,0.3394000000000001,1.0,True
1097,occipital_protuberance,718.75,208.388,0.2289741847826087,-0.4408283695652173,0.364,0.9191,True
1097,tail_base,821.1020000000001,310.804,0.5916523600000002,-0.1607211930434783,0.0124,0.8512,True
1097,tail_tip,757.6800000000001,319.52599999999995,0.385708991304348,-0.1326579343478262,0.0165999999999999,0.9584,True
1097,withers,762.436,217.702,0.3535472582608697,-0.410900942173913,0.3404000000000001,1.0,True
1098,occipital_protuberance,718.9159999999999,207.30600000000004,0.2294568478260867,-0.4439744021739129,0.364,0.9156,True
1098,tail_base,822.354,308.496,0.5938001230434784,-0.1677126991304348,0.0256999999999998,0.8993,True
1098,tail_tip,759.064,318.024,0.3902452017391303,-0.1375809026086956,0.0165999999999999,0.9666,True
1098,withers,761.988,217.294,0.3520944947826089,-0.4118929482608696,0.3415999999999999,1.0,True
1099,occipital_protuberance,719.18,206.168,0.2298629826086955,-0.4465809843478261,0.3681999999999998,0.9663,True
1099,tail_base,823.5319999999999,306.394,0.5979153373913041,-0.1746390252173912,0.0208000000000001,0.8548,True
1099,tail_tip,760.064,316.132,0.393705516521739,-0.1438488939130434,0.0151999999999998,0.9561,True
1099,withers,761.492,216.988,0.3503723634782607,-0.4124341721739131,0.3473000000000001,0.9731,True
1100,occipital_protuberance,719.2479999999999,204.84,0.2295952382608693,-0.4495255043478261,0.3700999999999999,0.9939,True
1100,tail_base,824.598,304.27200000000005,0.6027525999999999,-0.1819640347826085,0.014,0.8276,True
1100,tail_tip,761.1919999999999,314.136,0.3972199530434779,-0.1503242452173914,0.0130999999999999,0.9733,True
1100,withers,760.924,216.786,0.3488920278260869,-0.4132035234782608,0.3460999999999999,0.9521,True
1101,occipital_protuberance,719.338,203.228,0.2292005830434781,-0.4529006756521739,0.3776999999999998,0.9775,True
1101,tail_base,825.628,302.254,0.605308695652174,-0.1883021739130434,0.018,0.8863,True
1101,tail_tip,762.674,312.278,0.4031707678260869,-0.1568393904347827,0.0014,0.9815,True
1101,withers,760.278,216.72,0.3471850617391304,-0.4135808347826087,0.3449000000000001,0.932,True
1102,occipital_protuberance,719.292,201.69,0.2285160965217392,-0.4562425369565218,0.3840999999999999,0.9577,True
1102,tail_base,826.262,300.446,0.6073760869565216,-0.1941978260869564,0.018,0.9097,True
1102,tail_tip,764.078,310.986,0.4072186013043478,-0.1608618169565217,0.0055999999999999,1.0,True
1102,withers,759.682,216.73,0.3454646947826087,-0.4135519695652173,0.3484000000000001,0.9148,True
1103,occipital_protuberance,719.374,200.206,0.2280104426086957,-0.4590256339130435,0.3926999999999998,0.9273,True
1103,tail_base,825.818,298.79200000000003,0.605120356521739,-0.1993251826086955,0.0185,0.9367,True
1103,tail_tip,765.644,310.322,0.4112109608695652,-0.162587454347826,0.014,0.9967,True
1103,withers,759.16,216.654,0.3442428782608695,-0.4141141291304349,0.3461999999999998,0.9164,True
1104,occipital_protuberance,719.5319999999999,198.886,0.2275479678260867,-0.4609611639130434,0.4033000000000001,0.9522,True
1104,tail_base,825.0020000000001,297.156,0.601377153478261,-0.2042839852173912,0.0204,0.8667,True
1104,tail_tip,767.324,310.878,0.4176780782608694,-0.1611415173913044,0.007,0.952,True
1104,withers,758.754,216.524,0.3430699795652174,-0.4144896878260871,0.3461999999999998,0.9273,True
1105,occipital_protuberance,720.018,197.844,0.2279469286956522,-0.4619330921739131,0.4181999999999998,0.9322,True
1105,tail_base,823.632,295.58399999999995,0.5921732799999998,-0.2077275965217393,0.0371999999999998,0.6851,True
1105,tail_tip,769.0,312.398,0.4227834782608695,-0.1560103808695651,0.0098000000000001,0.9207,True
1105,withers,758.4680000000001,216.27400000000003,0.3418316878260872,-0.4147119995652172,0.3529000000000001,0.918,True
1106,occipital_protuberance,720.672,197.23,0.2290032556521739,-0.4620544913043478,0.4274000000000001,0.8924,True
1106,tail_base,822.1120000000001,294.078,0.5816498921739133,-0.210549135652174,0.0585999999999999,0.5894,True
1106,tail_tip,770.4599999999999,314.916,0.4269728913043476,-0.1475520913043478,0.0105,0.9834,True
1106,withers,758.3720000000001,215.852,0.3414002878260871,-0.4157416339130435,0.3540999999999999,0.9355,True
1107,occipital_protuberance,721.5980000000001,196.818,0.2303547017391306,-0.4606698808695652,0.4418000000000002,0.889,True
1107,tail_base,820.5619999999999,292.684,0.5706151726086953,-0.2127331939130435,0.0765999999999999,0.6659,True
1107,tail_tip,771.884,317.988,0.432436167826087,-0.1377536947826086,0.0084,0.9865,True
1107,withers,758.394,215.448,0.3408975065217391,-0.4162154869565217,0.3585,0.9407,True
1108,occipital_protuberance,722.696,196.658,0.2323577826086957,-0.4589555108695652,0.454,0.9166,True
1108,tail_base,819.4879999999999,291.47400000000005,0.5614852869565216,-0.2143672043478259,0.1025,0.7369,True
1108,tail_tip,773.01,320.944,0.4363306304347825,-0.1281206608695653,0.014,0.9959,True
1108,withers,758.72,215.19,0.3414232347826088,-0.4164546717391305,0.3581999999999998,0.9475,True
1109,occipital_protuberance,723.828,196.782,0.2345361652173912,-0.4566555782608695,0.465,0.9448,True
1109,tail_base,818.528,290.446,0.5532039373913044,-0.2155266773913042,0.1296999999999998,0.7621,True
1109,tail_tip,773.958,322.918,0.4384212369565217,-0.1213629369565217,0.028,0.9686,True
1109,withers,759.2719999999999,215.076,0.3427254991304346,-0.4164359634782608,0.3604000000000001,0.9457,True
1110,occipital_protuberance,725.112,197.248,0.2372034434782607,-0.453582747826087,0.475,0.9775,True
1110,tail_base,817.978,289.604,0.5493329660869564,-0.2172787843478261,0.1374,0.8228,True
1110,tail_tip,774.294,323.82800000000003,0.4397252669565217,-0.1184397095652172,0.0300999999999999,0.9301,True
1110,withers,760.004,215.26800000000003,0.3448288852173913,-0.4158842556521738,0.3569000000000001,0.9373,True
1111,occipital_protuberance,726.394,197.732,0.2400250695652174,-0.4508228347826087,0.483,0.9695,True
1111,tail_base,817.0260000000001,288.84000000000003,0.5468564043478263,-0.2198225217391303,0.135,0.7812,True
1111,tail_tip,774.142,323.622,0.4394316952173915,-0.1191695830434782,0.0286999999999998,0.9687,True
1111,withers,761.042,215.672,0.3475484208695653,-0.4144096139130435,0.3589000000000001,0.9537,True
1112,occipital_protuberance,727.8599999999999,198.294,0.2434294999999997,-0.4480310804347825,0.49,0.9084,True
1112,tail_base,816.156,288.22,0.5441688608695651,-0.2217377826086957,0.128,0.7891,True
1112,tail_tip,773.396,322.324,0.4363789147826085,-0.1232496626086956,0.0294,0.9918,True
1112,withers,762.208,216.21600000000004,0.3507635269565216,-0.4126913373913042,0.3599000000000001,0.9575,True
1113,occipital_protuberance,729.326,198.92,0.2464426665217391,-0.4444057130434782,0.5008000000000001,0.9197,True
1113,tail_base,814.952,287.676,0.5413623408695653,-0.223795612173913,0.1231999999999998,0.8587,True
1113,tail_tip,771.984,320.65,0.4302104556521741,-0.1282638913043479,0.0366999999999998,0.9674,True
1113,withers,763.2099999999999,216.888,0.3532109282608693,-0.4102647704347826,0.3595999999999999,0.9957,True
1114,occipital_protuberance,731.178,199.698,0.2507791426086956,-0.4409001965217391,0.5085999999999999,0.9432,True
1114,tail_base,814.0319999999999,287.068,0.5390073704347824,-0.225883087826087,0.1205999999999999,0.873,True
1114,tail_tip,770.1139999999999,318.766,0.4249070669565215,-0.1346559017391305,0.0240999999999999,0.9612,True
1114,withers,764.282,217.622,0.3550412526086957,-0.4067368039130435,0.3688000000000002,1.0,True
1115,occipital_protuberance,733.268,200.284,0.2556556982608697,-0.4377954443478261,0.5171999999999998,0.9451,True
1115,tail_base,813.1479999999999,286.56800000000004,0.5398453513043476,-0.2289482052173912,0.1015999999999999,0.8504,True
1115,tail_tip,769.028,316.03000000000003,0.4213605686956522,-0.1435907260869564,0.0205999999999999,0.9145,True
1115,withers,765.58,218.366,0.3573297000000001,-0.4030103100000001,0.3726999999999998,1.0,True
1116,occipital_protuberance,735.558,200.958,0.2608317930434782,-0.4341155113043478,0.5278000000000002,0.9263,True
1116,tail_base,812.976,286.04200000000003,0.5405123965217392,-0.2311026721739129,0.0951999999999998,0.8486,True
1116,tail_tip,768.316,312.342,0.4190354243478261,-0.1556344513043479,0.0205999999999999,0.9683,True
1116,withers,766.682,219.102,0.3584825204347827,-0.39871071,0.3805999999999999,0.9879,True
1117,occipital_protuberance,737.9280000000001,201.72,0.2662790052173916,-0.4303839652173912,0.5374000000000001,0.9474,True
1117,tail_base,812.9280000000001,285.46000000000004,0.5420165008695655,-0.2336342869565216,0.0794000000000001,0.8393,True
1117,tail_tip,768.186,308.184,0.417858493478261,-0.1689088956521738,0.026,0.9262,True
1117,withers,767.808,219.988,0.3602518539130435,-0.3946512156521738,0.3873000000000002,0.9288,True
1118,occipital_protuberance,740.394,202.488,0.2724605860869565,-0.4274738713043479,0.5421999999999998,0.9699,True
1118,tail_base,813.396,284.708,0.5446896086956521,-0.2365150869565218,0.073,0.8018,True
1118,tail_tip,768.346,303.622,0.4191333939130435,-0.1841109382608695,0.0240999999999999,0.8519,True
1118,withers,769.028,220.87,0.3607174086956523,-0.3889590869565217,0.4085,0.9441,True
1119,occipital_protuberance,742.582,203.20800000000003,0.2780864217391304,-0.4250426608695652,0.545,0.963,True
1119,tail_base,813.958,283.89,0.5471357269565216,-0.2393824956521739,0.0664000000000001,0.7763,True
1119,tail_tip,768.9568888888889,299.4404,0.4197908061814278,-0.1971384663903381,0.0371422222222222,0.4579,True
1119,withers,770.112,221.774,0.3619093565217391,-0.3844786239130436,0.418,0.9456,True
1120,occipital_protuberance,744.5440000000001,204.214,0.2834051478260873,-0.4223155260869566,0.5415,0.915,True
1120,tail_base,814.6,283.086,0.5471812173913044,-0.2410417878260869,0.0738000000000001,0.7935,True
1120,tail_tip,769.0606666666666,296.35720000000003,0.4193873124444444,-0.2068095844985506,0.0424266666666667,0.5488,True
1120,withers,771.086,222.54,0.3620823295652174,-0.3796884260869564,0.4323000000000002,0.9505,True
1121,occipital_protuberance,746.238,205.374,0.2878818847826088,-0.419002845652174,0.539,0.949,True
1121,tail_base,815.144,282.682,0.5493429634782608,-0.2425095878260869,0.0714,0.709,True
1121,tail_tip,768.9813333333334,294.4184,0.4183967523864736,-0.2127372058202898,0.0511533333333332,0.2456,True
1121,withers,772.178,223.25,0.3634032969565217,-0.3759733152173913,0.4405999999999999,0.9479,True
1122,occipital_protuberance,747.7059999999999,206.564,0.2918598456521736,-0.4157782043478261,0.5355,0.9392,True
1122,tail_base,815.442,282.6,0.5532143934782608,-0.2440623913043477,0.056,0.6992,True
1122,tail_tip,768.5088888888888,293.444,0.416896493505099,-0.215914737584541,0.0509222222222224,0.2107,True
1122,withers,773.434,223.864,0.3647099308695651,-0.3720952017391304,0.4554000000000001,0.9259,True
1123,occipital_protuberance,748.904,207.866,0.2951061652173912,-0.4122500673913043,0.532,0.9255,True
1123,tail_base,815.484,282.86400000000003,0.5543005478260871,-0.2436491478260868,0.051,0.629,True
1123,tail_tip,768.2633333333333,293.136,0.416140161111111,-0.2169349182608694,0.0506333333333336,0.0351,True
1123,withers,774.598,224.466,0.3671891960869564,-0.3697426447826088,0.4531999999999998,0.9226,True
1124,occipital_protuberance,749.9359999999999,208.906,0.2976636695652171,-0.4091034282608696,0.5305,0.9436,True
1124,tail_base,815.2711999999999,283.4384,0.5554039508521736,-0.2426103953391304,0.0416799999999998,0.4982,True
1124,tail_tip,768.1405555555556,292.982,0.4157619370840044,-0.2174450811352656,0.050488888888889,0.0334,True
1124,withers,775.6479999999999,225.036,0.3696407999999997,-0.3677769,0.453,0.9207,True
1125,occipital_protuberance,750.664,209.724,0.2997550956521739,-0.4070519478260869,0.5295,0.9349,True
1125,tail_base,814.9456,284.08520000000004,0.5566997181913044,-0.2415707955304346,0.02944,0.3907,True
1125,tail_tip,768.0177777777777,292.82800000000003,0.4153836745034887,-0.2179552923671496,0.0503444444444448,0.0427,True
1125,withers,776.548,225.6,0.3723901434782609,-0.3665321739130435,0.451,0.9633,True
1126,occipital_protuberance,751.138,210.32200000000003,0.3009182152173913,-0.405269454347826,0.5305,0.9167,True
1126,tail_base,814.4832,284.6504,0.5573827892869565,-0.2407026591652174,0.0210799999999999,0.2563,True
1126,tail_tip,767.895,292.674,0.415005373369565,-0.2184655519565217,0.0502000000000007,0.0417,True
1126,withers,777.154,226.122,0.3740428108695652,-0.3651085891304347,0.4445,0.9822,True
1127,occipital_protuberance,751.524,210.862,0.3020845739130434,-0.403969452173913,0.5295,0.9151,True
1127,tail_base,814.192,285.094,0.5566949113043478,-0.2393898056521739,0.0228000000000001,0.2084,True
1127,tail_tip,767.7722222222222,292.52,0.4146270336822329,-0.2189758599033816,0.0500555555555556,0.0423,True
1127,withers,777.4639999999999,226.584,0.3753066034782606,-0.3642546834782609,0.4416999999999998,1.0,True
1128,occipital_protuberance,751.716,211.246,0.3024832130434782,-0.4027676239130435,0.5305,0.9261,True
1128,tail_base,813.968,285.496,0.5587398330434782,-0.2392874121739131,0.0081999999999998,0.1855,True
1128,tail_tip,,,,,,0.041,True
1128,withers,777.728,226.97600000000003,0.3765962573913042,-0.3637338852173912,0.4379,1.0,True
1129,occipital_protuberance,751.642,211.642,0.3022828500000001,-0.4016954108695653,0.5305,0.9165,True
1129,tail_base,813.7794666666666,285.88026666666667,0.5597486992193236,-0.2387418094647342,0.0066533333333331,0.2735,True
1129,tail_tip,,,,,,0.0386,True
1129,withers,778.062,227.248,0.3775095295652174,-0.3629901426086956,0.4379,1.0,True
1130,occipital_protuberance,751.566,211.952,0.3018345369565218,-0.4005342086956521,0.5325,0.9215,True
1130,tail_base,813.6264,286.2468,0.5597262197565217,-0.2377610768347826,0.0041599999999998,0.3054,True
1130,tail_tip,,,,,,0.0441,True
1130,withers,778.254,227.446,0.3778842482608696,-0.3623046613043478,0.4354,1.0,True
1131,occipital_protuberance,751.572,212.37600000000003,0.3018507695652173,-0.399387104347826,0.5325,0.9295,True
1131,tail_base,813.5088,286.5956,0.5586757044173911,-0.2363525935130435,0.0077200000000002,0.1311,True
1131,tail_tip,,,,,,0.0244,True
1131,withers,778.504,227.688,0.3784170156521739,-0.3614993947826087,0.4364,1.0,True
1132,occipital_protuberance,751.474,212.99,0.3013675356521739,-0.3974383391304347,0.5343000000000002,0.9326,True
1132,tail_base,813.368,286.87800000000004,0.5577550069565219,-0.235246190869565,0.0101999999999998,0.2919,True
1132,tail_tip,,,,,,0.0199,True
1132,withers,778.706,227.948,0.3782753847826087,-0.3601287695652174,0.441,1.0,True
1133,occipital_protuberance,751.378,213.776,0.3010111513043479,-0.3951862539130434,0.5316,0.9387,True
1133,tail_base,813.318,287.026,0.5573304034782609,-0.2346590017391304,0.0115999999999999,0.371,True
1133,tail_tip,,,,,,0.0274,True
1133,withers,778.8300000000002,228.24,0.3780401260869569,-0.3587882086956521,0.4448000000000002,1.0,True
1134,occipital_protuberance,751.352,214.774,0.3008440556521738,-0.3923627669565218,0.5324000000000001,0.9417,True
1134,tail_base,813.1773333333333,287.2593333333333,0.5587478816425119,-0.2346940712560387,0.0086666666666669,0.422,True
1134,tail_tip,,,,,,0.0293,True
1134,withers,778.774,228.682,0.3773144386956522,-0.3570422230434784,0.4485999999999999,1.0,True
1135,occipital_protuberance,751.368,216.1,0.301008335652174,-0.3889366739130434,0.5279,0.932,True
1135,tail_base,813.036,287.444,0.5610128052173912,-0.2352391704347827,-0.0058000000000001,0.3758,True
1135,tail_tip,,,,,,0.0318,True
1135,withers,778.672,229.256,0.3767657947826088,-0.3552257634782608,0.4504000000000001,1.0,True
1136,occipital_protuberance,751.346,217.358,0.3007310226086956,-0.3852574365217391,0.5296999999999998,0.936,True
1136,tail_base,812.9115090252707,287.5580866425993,0.5638914084922256,-0.2362443818069184,-0.0232635379061371,0.4604,True
1136,tail_tip,,,,,,0.0315,True
1136,withers,778.558,229.938,0.3760343634782609,-0.3529769582608695,0.4531999999999998,0.9924,True
1137,occipital_protuberance,751.3439999999999,218.312,0.3007256208695651,-0.3826808069565218,0.5261999999999998,0.97,True
1137,tail_base,812.8625270758123,287.65025992779783,0.5662357489775137,-0.2369918452027774,-0.0365906137184115,0.3272,True
1137,tail_tip,,,,,,0.0289,True
1137,withers,778.2900000000001,230.508,0.3753070347826089,-0.351430027826087,0.4601999999999998,0.9778,True
1138,occipital_protuberance,751.282,219.246,0.3006549339130435,-0.3802805895652174,0.5254000000000001,0.9922,True
1138,tail_base,812.7750541516245,287.78851985559567,0.5676752068031644,-0.2372603332455786,-0.0457812274368234,0.2362,True
1138,tail_tip,,,,,,0.0248,True
1138,withers,778.122,231.034,0.3747309913043477,-0.3498903652173912,0.461,0.9579,True
1139,occipital_protuberance,751.176,220.152,0.3004652243478262,-0.3779544208695652,0.5210999999999999,0.9776,True
1139,tail_base,812.7950902527075,287.7708664259928,0.5679014654523795,-0.2373853952970845,-0.0466353790613716,0.1123,True
1139,tail_tip,,,,,,0.03,True
1139,withers,777.936,231.642,0.3742263652173914,-0.3482408347826087,0.467,0.944,True
1140,occipital_protuberance,751.0419999999999,220.752,0.2998858186956519,-0.3760604139130434,0.5229000000000001,0.9817,True
1140,tail_base,812.8326353790615,287.73129963898924,0.5678966798608545,-0.2374618364342146,-0.0459530685920576,0.1632,True
1140,tail_tip,,,,,,0.0411,True
1140,withers,777.728,232.106,0.3736620521739129,-0.3469819826086956,0.467,0.944,True
1141,occipital_protuberance,751.0139999999999,221.306,0.2999308678260867,-0.3747150069565217,0.5184000000000001,0.9636,True
1141,tail_base,812.8514079422383,287.7115162454874,0.5678942661813148,-0.237500034994492,-0.0456119133574006,0.147,True
1141,tail_tip,,,,,,0.0307,True
1141,withers,777.464,232.41,0.3729458086956523,-0.3461572173913044,0.467,0.9423,True
1142,occipital_protuberance,750.892,221.956,0.299601255652174,-0.3729588765217391,0.5219000000000001,0.9495,True
1142,tail_base,812.8701805054152,287.6917328519856,0.5678918385792573,-0.2375382188825776,-0.0452707581227437,0.124,True
1142,tail_tip,,,,,,0.0247,True
1142,withers,777.358,232.802,0.3726582260869563,-0.3450937043478261,0.467,0.9357,True
1143,occipital_protuberance,750.7819999999999,222.38,0.2993040643478258,-0.3718133391304347,0.5219000000000001,0.931,True
1143,tail_base,812.8889530685922,287.6719494584838,0.5678893970546823,-0.2375763880984711,-0.0449296028880867,0.1335,True
1143,tail_tip,,,,,,0.0292,True
1143,withers,777.112,233.22200000000004,0.3716927478260869,-0.3436786217391303,0.469,0.9394,True
1144,occipital_protuberance,750.624,222.718,0.2987809947826088,-0.370780775652174,0.5226999999999998,0.9277,True
1144,tail_base,812.9077256317689,287.652166064982,0.567886941607589,-0.237614542642173,-0.0445884476534297,0.1236,True
1144,tail_tip,,,,,,0.026,True
1144,withers,777.0459999999999,233.49,0.3713648673913041,-0.3428145978260869,0.484,0.9403,True
1145,occipital_protuberance,750.3100000000001,222.922,0.298028843478261,-0.3703489965217392,0.5219000000000001,0.9466,True
1145,tail_base,,,,,,0.0837,True
1145,tail_tip,,,,,,0.0266,True
1145,withers,777.082,233.74,0.3713134173913043,-0.3419999130434782,0.485,0.9363,True
1146,occipital_protuberance,749.878,223.01,0.2969572382608697,-0.3702303652173914,0.5210999999999999,0.9259,True
1146,tail_base,,,,,,0.0522,True
1146,tail_tip,,,,,,0.0303,True
1146,withers,777.208,233.996,0.3716547130434782,-0.3413064869565217,0.485,0.9611,True
1147,occipital_protuberance,749.556,223.092,0.2961822643478261,-0.3701278017391303,0.5203000000000002,0.9427,True
1147,tail_base,,,,,,0.0685,True
1147,tail_tip,,,,,,0.1083,True
1147,withers,777.2639999999999,234.17200000000005,0.3715079999999997,-0.3405562173913043,0.487,0.9678,True
1148,occipital_protuberance,749.21,223.214,0.2952468608695653,-0.3697979773913043,0.5203000000000002,0.9452,True
1148,tail_base,,,,,,0.0601,True
1148,tail_tip,,,,,,0.0361,True
1148,withers,777.4780000000001,234.288,0.3719676495652175,-0.3401329460869565,0.4878000000000002,0.9772,True
1149,occipital_protuberance,749.042,223.206,0.2945556286956522,-0.3695222269565217,0.5223000000000002,0.9317,True
1149,tail_base,,,,,,0.0887,True
1149,tail_tip,,,,,,0.0287,True
1149,withers,777.618,234.374,0.3723464408695653,-0.33990026,0.4878000000000002,0.9671,True
1150,occipital_protuberance,748.9739999999999,223.498,0.2941587299999998,-0.3684663769565218,0.5240999999999999,0.929,True
1150,tail_base,,,,,,0.0889,True
1150,tail_tip,,,,,,0.0331,True
1150,withers,777.65,234.486,0.372283402173913,-0.3394607986956521,0.4888000000000002,0.9739,True
1151,occipital_protuberance,748.9159999999999,223.89,0.2936706843478259,-0.3669939847826087,0.5269000000000001,0.9263,True
1151,tail_base,,,,,,0.0849,True
1151,tail_tip,,,,,,0.03,True
1151,withers,777.758,234.536,0.3724257582608696,-0.339189196521739,0.4898000000000002,0.9791,True
1152,occipital_protuberance,748.8299999999999,224.254,0.2933441673913041,-0.36589449,0.5276999999999998,0.9117,True
1152,tail_base,,,,,,0.0755,True
1152,tail_tip,,,,,,0.0518,True
1152,withers,777.958,234.556,0.3731164082608695,-0.3392714791304348,0.4888000000000002,0.9702,True
1153,occipital_protuberance,748.902,224.756,0.2934435413043479,-0.3644237782608696,0.5285,0.9248,True
1153,tail_base,,,,,,0.0715,True
1153,tail_tip,,,,,,0.0475,True
1153,withers,778.08,234.6,0.3735664347826087,-0.3392615217391304,0.488,0.9875,True
1154,occipital_protuberance,748.856,225.258,0.2934379130434782,-0.3632175652173913,0.5275,0.9313,True
1154,tail_base,,,,,,0.0649,True
1154,tail_tip,,,,,,0.0548,True
1154,withers,778.18,234.55,0.3738369782608693,-0.3393967934782608,0.474,0.9858,True
1155,occipital_protuberance,748.8460000000001,225.688,0.2934109565217394,-0.3620584347826087,0.5275,0.9477,True
1155,tail_base,,,,,,0.0661,True
1155,tail_tip,,,,,,0.0641,True
1155,withers,778.4000000000001,234.446,0.3744321739130437,-0.3396781586956521,0.474,0.9876,True
1156,occipital_protuberance,748.92,226.124,0.2936104347826085,-0.3608831304347827,0.5275,0.9546,True
1156,tail_base,,,,,,0.0939,True
1156,tail_tip,,,,,,0.0623,True
1156,withers,778.4960000000001,234.342,0.3746918956521741,-0.3399595239130434,0.474,0.9832,True
1157,occipital_protuberance,748.912,226.58,0.293683575652174,-0.3597699304347826,0.5266999999999998,0.9508,True
1157,tail_base,,,,,,0.0946,True
1157,tail_tip,,,,,,0.081,True
1157,withers,778.618,234.226,0.3747507495652175,-0.3400272747826087,0.4758000000000001,0.9858,True
1158,occipital_protuberance,748.89,226.936,0.2937189391304347,-0.3589256765217391,0.5259000000000001,0.9525,True
1158,tail_base,,,,,,0.0594,True
1158,tail_tip,,,,,,0.0771,True
1158,withers,778.7139999999999,234.08,0.3750102834782607,-0.3404219826086956,0.4758000000000001,0.9848,True
1159,occipital_protuberance,748.836,227.36,0.29378622,-0.3580414956521739,0.5206,0.9565,True
1159,tail_base,,,,,,0.0525,True
1159,tail_tip,,,,,,0.1462,True
1159,withers,778.7740000000001,233.97200000000004,0.375051819130435,-0.3406043686956521,0.4765999999999999,0.9895,True
1160,occipital_protuberance,748.74,227.72,0.2936452782608695,-0.3572135130434783,0.5196,0.9646,True
1160,tail_base,,,,,,0.0684,True
1160,tail_tip,,,,,,0.2052,True
1160,withers,778.75,233.904,0.374866304347826,-0.3406784973913043,0.4774000000000001,0.9885,True
1161,occipital_protuberance,748.6020000000001,228.042,0.2932726182608697,-0.3563439730434782,0.5196,0.9635,True
1161,tail_base,,,,,,0.0557,True
1161,tail_tip,,,,,,0.1578,True
1161,withers,778.736,233.85,0.3748284799999999,-0.3408243913043478,0.4774000000000001,0.9831,True
1162,occipital_protuberance,748.674,228.428,0.2934670495652173,-0.3553016052173914,0.5196,0.9663,True
1162,tail_base,,,,,,0.0464,True
1162,tail_tip,,,,,,0.2197,True
1162,withers,778.6279999999999,233.912,0.3746572382608694,-0.3407665252173914,0.4765999999999999,0.9756,True
1163,occipital_protuberance,748.61,228.848,0.2930817239130434,-0.3539108208695651,0.5214000000000001,0.9655,True
1163,tail_base,,,,,,0.0586,True
1163,tail_tip,757.95,280.2,0.384234945652174,-0.2599571739130435,0.0315,0.2481,True
1163,withers,778.5400000000001,233.998,0.3745699956521741,-0.3406710595652173,0.4755999999999999,0.9812,True
1164,occipital_protuberance,748.5400000000001,229.22600000000003,0.2927984478260872,-0.3527770795652173,0.5221999999999998,0.9541,True
1164,tail_base,,,,,,0.1304,True
1164,tail_tip,757.935,280.095,0.3829041793478259,-0.2594306902173912,0.0415,0.2762,True
1164,withers,778.542,234.11000000000004,0.3748464634782609,-0.3406145521739129,0.4738000000000001,0.9772,True
1165,occipital_protuberance,748.442,229.61,0.2927462513043479,-0.3519963086956522,0.5204000000000001,0.9628,True
1165,tail_base,,,,,,0.1772,True
1165,tail_tip,757.7833333333333,280.0433333333333,0.3831372342995168,-0.2600909251207728,0.0358333333333334,0.3774,True
1165,withers,778.54,234.23,0.3748410521739129,-0.3402898739130434,0.4738000000000001,0.9829,True
1166,occipital_protuberance,748.3720000000001,230.048,0.2928871095652176,-0.3512094052173913,0.5176,0.9589,True
1166,tail_base,,,,,,0.0998,True
1166,tail_tip,757.665,280.0675,0.3833385013586955,-0.2604105278532609,0.03125,0.4011,True
1166,withers,778.4979999999999,234.452,0.3748779560869563,-0.339825684347826,0.4728000000000001,0.9849,True
1167,occipital_protuberance,748.068,230.396,0.291971544347826,-0.3501561982608695,0.5149000000000001,0.9517,True
1167,tail_base,,,,,,0.1177,True
1167,tail_tip,757.53675,280.054,0.3833167259375,-0.2607238925000001,0.02815,0.3493,True
1167,withers,778.5219999999999,234.6,0.3749429178260867,-0.3394250869565217,0.4728000000000001,0.9842,True
1168,occipital_protuberance,747.788,230.716,0.2914259469565218,-0.3495445886956522,0.5166,0.9368,True
1168,tail_base,,,,,,0.1144,True
1168,tail_tip,757.29425,279.986,0.3829721009375001,-0.2612500585869565,0.02465,0.321,True
1168,withers,778.526,234.67,0.3748031730434781,-0.3390993869565218,0.4738000000000001,0.9797,True
1169,occipital_protuberance,747.516,231.07800000000003,0.291017764347826,-0.3489582221739129,0.5138000000000001,0.9396,True
1169,tail_base,,,,,,0.1028,True
1169,tail_tip,757.0005,279.932,0.3830113107065216,-0.2621095604347827,0.0168000000000001,0.2673,True
1169,withers,778.438,234.786,0.3745650756521739,-0.3387855313043478,0.4808000000000001,0.978,True
1170,occipital_protuberance,747.172,231.382,0.2900866460869565,-0.3481353734782608,0.5138000000000001,0.9361,True
1170,tail_base,,,,,,0.1035,True
1170,tail_tip,756.7375,279.86,0.3825056453804346,-0.2625891630434784,0.014,0.249,True
1170,withers,778.35,234.944,0.3747480434782609,-0.3387386434782608,0.478,0.978,True
1171,occipital_protuberance,746.678,231.574,0.2887495169565217,-0.3476156795652173,0.5138000000000001,0.9319,True
1171,tail_base,,,,,,0.0663,True
1171,tail_tip,756.45125,279.72,0.3817892204483694,-0.263200597826087,0.00875,0.2046,True
1171,withers,778.244,235.092,0.3744609217391305,-0.3383377565217391,0.478,0.9772,True
1172,occipital_protuberance,746.1600000000001,231.842,0.2875551304347828,-0.3471410173913043,0.512,0.9259,True
1172,tail_base,,,,,,0.0846,True
1172,tail_tip,756.308125,279.65,0.3814305996093751,-0.2635065149456522,0.007875,0.1487,True
1172,withers,778.126,235.242,0.3742914326086956,-0.338067058695652,0.477,0.9798,True
1173,occipital_protuberance,745.756,232.042,0.2865757695652173,-0.3467383630434782,0.511,0.9288,True
1173,tail_base,,,,,,0.0696,True
1173,tail_tip,756.165,279.58,0.381071706521739,-0.2638125652173913,0.007,0.1675,True
1173,withers,777.934,235.432,0.3740710108695652,-0.3378230000000001,0.4855,0.9699,True
1174,occipital_protuberance,745.344,232.148,0.2852303304347828,-0.3461731869565217,0.513,0.9103,True
1174,tail_base,,,,,,0.0194,True
1174,tail_tip,755.6879166666666,279.34666666666664,0.3798734299894322,-0.2648336944444445,0.0040833333333334,0.1527,True
1174,withers,777.822,235.602,0.3737672717391305,-0.3373619673913043,0.4855,0.9636,True
1175,occipital_protuberance,744.976,232.284,0.2842339304347826,-0.345804952173913,0.513,0.911,True
1175,tail_base,,,,,,0.0195,True
1175,tail_tip,755.3495833333333,279.18666666666667,0.3799326901041664,-0.2661789166666666,-0.00525,0.1914,True
1175,withers,777.708,235.728,0.3731587434782608,-0.3367501043478261,0.4875,0.9592,True
1176,occipital_protuberance,744.716,232.42,0.2836437739130434,-0.3455753913043478,0.5155,0.8944,True
1176,tail_base,,,,,,0.0633,True
1176,tail_tip,755.0477777777778,279.1233333333333,0.3793519841653248,-0.2666781103059583,-0.0085555555555552,0.3108,True
1176,withers,777.6,235.758,0.3728660869565218,-0.3366688108695652,0.4875,0.9581,True
1177,occipital_protuberance,744.546,232.494,0.283183295652174,-0.3453749478260869,0.5155,0.8931,True
1177,tail_base,,,,,,0.1168,True
1177,tail_tip,754.985,279.1925,0.3785131222826087,-0.2660059932065218,-0.0035,0.354,True
1177,withers,777.55,235.86,0.3728801086956521,-0.336527347826087,0.4865,0.9628,True
1178,occipital_protuberance,744.3660000000001,232.676,0.2828091717391306,-0.3450203608695651,0.5145,0.8771,True
1178,tail_base,,,,,,0.1823,True
1178,tail_tip,754.912,279.264,0.3774859200000001,-0.2652177599999999,0.0028000000000001,0.2845,True
1178,withers,777.5440000000001,235.93400000000003,0.372714339130435,-0.3361918891304347,0.4875,0.9659,True
1179,occipital_protuberance,744.266,232.944,0.2825381934782607,-0.3442941391304347,0.5145,0.8835,True
1179,tail_base,,,,,,0.1074,True
1179,tail_tip,754.86,279.384,0.3767907391304348,-0.2644555304347825,0.007,0.2388,True
1179,withers,777.5559999999999,235.97600000000003,0.3728963739130433,-0.3362128869565217,0.4865,0.9675,True
1180,occipital_protuberance,744.144,233.094,0.2820944,-0.3437497304347826,0.5155,0.9076,True
1180,tail_base,,,,,,0.1035,True
1180,tail_tip,754.804,279.47400000000005,0.3764323330434782,-0.2640377517391303,0.0084,0.3617,True
1180,withers,777.622,236.056,0.3733744695652173,-0.3362654608695652,0.4845,0.9658,True
1181,occipital_protuberance,744.0139999999999,233.396,0.2816292108695649,-0.3427940913043478,0.5165,0.9199,True
1181,tail_base,,,,,,0.111,True
1181,tail_tip,754.6953333333333,279.582,0.375785130531401,-0.2634796704347826,0.0107333333333331,0.3419,True
1181,withers,777.618,236.146,0.3733636173913044,-0.3360212869565216,0.4845,0.9725,True
1182,occipital_protuberance,743.882,233.63,0.281271806521739,-0.3421605108695651,0.5165,0.8956,True
1182,tail_base,,,,,,0.0882,True
1182,tail_tip,754.6179999999999,279.668,0.3756480365217389,-0.2632793982608695,0.0098000000000001,0.377,True
1182,withers,777.578,236.154,0.373105554347826,-0.3358649673913044,0.4855,0.9536,True
1183,occipital_protuberance,743.78,233.91,0.2808828260869564,-0.3412653260869565,0.5175,0.9025,True
1183,tail_base,,,,,,0.0682,True
1183,tail_tip,754.542,279.73,0.3755732578260871,-0.2631983499999999,0.0084,0.3763,True
1183,withers,777.5840000000001,236.236,0.3729722782608697,-0.3355080608695652,0.4865,0.9383,True
1184,occipital_protuberance,743.758,234.18,0.2811390678260871,-0.3409174956521739,0.5146999999999998,0.8989,True
1184,tail_base,,,,,,0.0786,True
1184,tail_tip,754.4119999999999,279.794,0.3746495556521736,-0.262639777826087,0.0159,0.3541,True
1184,withers,777.51,236.332,0.372622206521739,-0.3351133956521738,0.4875,0.9495,True
1185,occipital_protuberance,743.7620000000001,234.51,0.2812626908695654,-0.3401597413043479,0.5136999999999998,0.9248,True
1185,tail_base,,,,,,0.0461,True
1185,tail_tip,754.482,279.92,0.3745303517391303,-0.2619834608695653,0.0186999999999998,0.3435,True
1185,withers,777.3979999999999,236.396,0.372318710869565,-0.3349399695652173,0.4875,0.9451,True
1186,occipital_protuberance,743.7879999999999,234.65,0.2812429173913041,-0.33967125,0.5145,0.9414,True
1186,tail_base,,,,,,0.0667,True
1186,tail_tip,754.574,280.024,0.3753543869565215,-0.2620083304347825,0.0145,0.3524,True
1186,withers,777.326,236.47200000000004,0.3722728739130436,-0.3348682956521738,0.4865,0.9413,True
1187,occipital_protuberance,743.892,234.862,0.2814118086956523,-0.3389607565217392,0.5155,0.9391,True
1187,tail_base,,,,,,0.0738,True
1187,tail_tip,754.679,280.159,0.3765709336956521,-0.2621735445652174,0.0075,0.3119,True
1187,withers,777.1400000000001,236.542,0.3717686521739133,-0.3346785347826087,0.4865,0.9484,True
1188,occipital_protuberance,743.958,234.98200000000003,0.2814775847826086,-0.3384998239130434,0.5165,0.935,True
1188,tail_base,,,,,,0.0718,True
1188,tail_tip,754.827,280.327,0.3786295513043478,-0.2627130573913043,-0.0050999999999999,0.3001,True
1188,withers,777.008,236.604,0.3715597391304349,-0.3346445869565218,0.4855,0.943,True
1189,occipital_protuberance,743.972,235.07200000000003,0.281108644347826,-0.3377672904347825,0.5200999999999999,0.9513,True
1189,tail_base,,,,,,0.0679,True
1189,tail_tip,755.01,280.497,0.3806080934782608,-0.2631030802173914,-0.0160999999999999,0.2501,True
1189,withers,776.8979999999999,236.6,0.3712614239130432,-0.3346554347826087,0.4855,0.9289,True
1190,occipital_protuberance,744.0319999999999,235.244,0.2811577878260868,-0.3371666504347826,0.5210999999999999,0.953,True
1190,tail_base,,,,,,0.0718,True
1190,tail_tip,754.98,280.637,0.3801588739130435,-0.2623982319565217,-0.0133000000000001,0.3329,True
1190,withers,776.918,236.624,0.3711668391304348,-0.3344562434782608,0.4865,0.9354,True
1191,occipital_protuberance,744.0440000000001,235.502,0.2812806921739132,-0.336577636521739,0.5203000000000002,0.9552,True
1191,tail_base,,,,,,0.0697,True
1191,tail_tip,755.0317918552037,280.7741040723982,0.379629920033445,-0.2614626795819398,-0.0076999999999998,0.2919,True
1191,withers,776.976,236.646,0.3713240695652174,-0.3343966043478261,0.4865,0.9459,True
1192,occipital_protuberance,743.97,235.696,0.2810806347826087,-0.3360531617391303,0.5203000000000002,0.958,True
1192,tail_base,,,,,,0.0405,True
1192,tail_tip,755.0903755656109,280.8953122171946,0.3787724338451703,-0.2603404061617154,0.0006999999999998,0.3124,True
1192,withers,777.124,236.736,0.3717252782608697,-0.3341526260869565,0.4865,0.9502,True
1193,occipital_protuberance,743.932,235.878,0.2806615878260869,-0.3351833660869565,0.5230999999999999,0.9442,True
1193,tail_base,,,,,,0.0314,True
1193,tail_tip,755.1557511312218,281.0006244343891,0.3775856944156996,-0.2590320829687193,0.0119,0.2602,True
1193,withers,777.16,236.802,0.3716737826086955,-0.3338397978260869,0.4875,0.9536,True
1194,occipital_protuberance,743.82,236.054,0.2804494173913044,-0.3348158686956521,0.5223000000000002,0.9325,True
1194,tail_base,,,,,,0.0392,True
1194,tail_tip,755.2279185520363,281.1110407239819,0.3771209377828057,-0.2581898438914027,0.0175,0.2035,True
1194,withers,777.1199999999999,236.92,0.3715653913043474,-0.3335200434782608,0.4875,0.9541,True
1195,occipital_protuberance,743.7360000000001,236.242,0.2802225078260872,-0.3343080234782608,0.5223000000000002,0.9375,True
1195,tail_base,,,,,,0.0325,True
1195,tail_tip,755.3068778280543,281.22656108597283,0.3773793577611647,-0.2578117658371041,0.0175,0.2424,True
1195,withers,777.01,236.998,0.3714162391304348,-0.3334423782608696,0.4865,0.9408,True
1196,occipital_protuberance,743.732,236.476,0.2802117026086955,-0.3336759182608696,0.5223000000000002,0.927,True
1196,tail_base,,,,,,0.0167,True
1196,tail_tip,755.3463574660634,281.2843212669683,0.3775085677503445,-0.2576227268099549,0.021,0.1869,True
1196,withers,776.914,237.076,0.3710071760869565,-0.3330973173913042,0.4875,0.9235,True
1197,occipital_protuberance,743.8019999999999,236.712,0.2803105313043475,-0.3329312034782609,0.5230999999999999,0.9239,True
1197,tail_base,,,,,,0.0278,True
1197,tail_tip,755.3858371040724,281.3420814479637,0.3776377777395238,-0.2574336877828057,0.021,0.175,True
1197,withers,776.8219999999999,237.106,0.3709065956521736,-0.3331496043478261,0.4865,0.9367,True
1198,occipital_protuberance,743.802,236.948,0.280536187826087,-0.3325614052173913,0.5210999999999999,0.9248,True
1198,tail_base,,,,,,0.0191,True
1198,tail_tip,755.4253167420816,281.3998416289592,0.377766987728704,-0.2572446487556563,0.021,0.1994,True
1198,withers,776.7239999999999,237.12600000000003,0.3706409304347824,-0.3330953869565217,0.4865,0.9361,True
1199,occipital_protuberance,743.836,237.162,0.2805377843478261,-0.3318762313043478,0.5219000000000001,0.929,True
1199,tail_base,,,,,,0.0254,True
1199,tail_tip,755.4647963800905,281.4576018099547,0.3778961977178833,-0.2570556097285069,0.021,0.1918,True
1199,withers,776.692,237.05,0.3705541826086957,-0.3333014130434782,0.4865,0.9378,True
1200,occipital_protuberance,743.814,237.318,0.2802752317391303,-0.33121473,0.5236999999999998,0.9205,True
1200,tail_base,,,,,,0.0165,True
1200,tail_tip,,,,,,0.2046,True
1200,withers,776.626,237.056,0.3702267586956521,-0.3331515130434783,0.4875,0.9313,True
1201,occipital_protuberance,743.6780000000001,237.452,0.2799080613043481,-0.3308529591304348,0.5236999999999998,0.9261,True
1201,tail_base,,,,,,0.0172,True
1201,tail_tip,,,,,,0.2162,True
1201,withers,776.538,237.038,0.3699882978260869,-0.3332002891304347,0.491,0.9295,True
1202,occipital_protuberance,743.65,237.516,0.2796071413043478,-0.3304139034782609,0.5256999999999998,0.919,True
1202,tail_base,,,,,,0.0179,True
1202,tail_tip,,,,,,0.2116,True
1202,withers,776.414,237.006,0.3693557326086956,-0.3330196239130435,0.493,0.9259,True
1203,occipital_protuberance,743.784,237.604,0.2799686208695652,-0.3301765139130435,0.5256999999999998,0.9258,True
1203,tail_base,,,,,,0.0195,True
1203,tail_tip,,,,,,0.2058,True
1203,withers,776.44,236.948,0.3695744347826088,-0.3333104173913043,0.492,0.9169,True
1204,occipital_protuberance,743.902,237.688,0.2799707152173914,-0.3295776608695652,0.5285,0.92,True
1204,tail_base,,,,,,0.0201,True
1204,tail_tip,,,,,,0.1214,True
1204,withers,776.488,236.932,0.369556095652174,-0.3332199869565219,0.493,0.9034,True
1205,occipital_protuberance,744.186,237.72200000000004,0.2805321295652174,-0.3292468060869564,0.5303000000000002,0.9329,True
1205,tail_base,,,,,,0.0217,True
1205,tail_tip,,,,,,0.0683,True
1205,withers,776.55,236.826,0.3697239673913042,-0.333506993478261,0.493,0.9266,True
1206,occipital_protuberance,744.6679999999999,237.754,0.2813066269565214,-0.3285494126086956,0.5349,0.9238,True
1206,tail_base,,,,,,0.0232,True
1206,tail_tip,,,,,,0.0529,True
1206,withers,776.6400000000001,236.744,0.3699676521739133,-0.3337290173913044,0.4895,0.9239,True
1207,occipital_protuberance,745.076,237.904,0.282197587826087,-0.3279073878260869,0.5331999999999998,0.9404,True
1207,tail_base,,,,,,0.0227,True
1207,tail_tip,,,,,,0.0538,True
1207,withers,776.738,236.67,0.3702329978260871,-0.3339293804347827,0.4895,0.9234,True
1208,occipital_protuberance,745.434,238.032,0.2823109952173911,-0.3265825773913043,0.5405999999999999,0.9449,True
1208,tail_base,,,,,,0.0219,True
1208,tail_tip,,,,,,0.0502,True
1208,withers,776.756,236.586,0.3701330869565217,-0.3340226739130434,0.4905,0.9274,True
1209,occipital_protuberance,745.816,238.048,0.2831038069565219,-0.3262746226086957,0.5425999999999999,0.9475,True
1209,tail_base,,,,,,0.0271,True
1209,tail_tip,,,,,,0.0489,True
1209,withers,776.776,236.494,0.3701872173913042,-0.3342716739130434,0.4905,0.9279,True
1210,occipital_protuberance,746.116,238.204,0.2833758573913043,-0.3252482747826087,0.5471999999999998,0.949,True
1210,tail_base,,,,,,0.0156,True
1210,tail_tip,,,,,,0.032,True
1210,withers,776.866,236.43400000000003,0.3700142556521738,-0.3340579947826086,0.4933000000000002,0.9223,True
1211,occipital_protuberance,746.3399999999999,238.278,0.2833498652173911,-0.3243362073913044,0.5525999999999999,0.9624,True
1211,tail_base,,,,,,0.0159,True
1211,tail_tip,,,,,,0.0337,True
1211,withers,777.0219999999999,236.392,0.3700189747826085,-0.3337953426086956,0.4960999999999999,0.9277,True
1212,occipital_protuberance,746.678,238.304,0.2836243347826087,-0.3235526260869565,0.558,0.9559,True
1212,tail_base,,,,,,0.02,True
1212,tail_tip,,,,,,0.0494,True
1212,withers,777.1899999999999,236.366,0.3702042326086954,-0.3336236613043478,0.4979,0.93,True
1213,occipital_protuberance,747.1139999999999,238.338,0.2845739552173911,-0.3232241960869566,0.5598000000000002,0.9622,True
1213,tail_base,,,,,,0.0229,True
1213,tail_tip,,,,,,0.0625,True
1213,withers,777.3520000000001,236.392,0.3703726539130437,-0.3333116591304348,0.4996999999999998,0.9491,True
1214,occipital_protuberance,747.606,238.574,0.2852494704347826,-0.3218844878260869,0.5651999999999998,0.9718,True
1214,tail_base,,,,,,0.0216,True
1214,tail_tip,,,,,,0.0526,True
1214,withers,777.6,236.534,0.3709217391304348,-0.3328213913043477,0.5005,0.9393,True
1215,occipital_protuberance,748.006,238.61,0.285981104347826,-0.3214196086956522,0.5645,0.9712,True
1215,tail_base,,,,,,0.0184,True
1215,tail_tip,,,,,,0.0378,True
1215,withers,777.734,236.608,0.3712829565217392,-0.3326219130434782,0.5005,0.9443,True
1216,occipital_protuberance,748.392,238.642,0.2865790226086958,-0.3208599991304347,0.5680999999999999,0.9573,True
1216,tail_base,,,,,,0.0226,True
1216,tail_tip,,,,,,0.0568,True
1216,withers,777.82,236.664,0.3715147826086958,-0.3324709565217391,0.5005,0.9579,True
1217,occipital_protuberance,748.596,238.776,0.2869059104347826,-0.3202685373913044,0.5699000000000001,0.976,True
1217,tail_base,,,,,,0.0203,True
1217,tail_tip,,,,,,0.0577,True
1217,withers,777.9199999999998,236.734,0.3715145043478256,-0.3320410882608695,0.5023000000000002,0.9568,True
1218,occipital_protuberance,748.6200000000001,238.856,0.2868512521739133,-0.3199255026086956,0.5709000000000001,0.9729,True
1218,tail_base,,,,,,0.0227,True
1218,tail_tip,,,,,,0.0828,True
1218,withers,778.04,236.746,0.3721078260869564,-0.3322499130434782,0.5005,0.9574,True
1219,occipital_protuberance,748.6400000000001,238.904,0.2868096000000003,-0.31969344,0.5716999999999998,0.9611,True
1219,tail_base,,,,,,0.0235,True
1219,tail_tip,,,,,,0.0709,True
1219,withers,778.076,236.742,0.372324935652174,-0.3323678765217391,0.4996999999999998,0.9574,True
1220,occipital_protuberance,748.6940000000001,238.986,0.2868576434782611,-0.3193717304347825,0.5725,0.9635,True
1220,tail_base,,,,,,0.022,True
1220,tail_tip,,,,,,0.0469,True
1220,withers,778.146,236.79,0.3726638508695651,-0.3323723673913043,0.4951999999999998,0.9493,True
1221,occipital_protuberance,748.692,239.06,0.2871595382608695,-0.3195182217391304,0.5699000000000001,0.9554,True
1221,tail_base,,,,,,0.0222,True
1221,tail_tip,,,,,,0.0516,True
1221,withers,778.23,236.862,0.37289045,-0.3321781395652174,0.4951999999999998,0.9634,True
1222,occipital_protuberance,748.6600000000001,239.008,0.2871694826086959,-0.3197608139130435,0.5690999999999999,0.9682,True
1222,tail_base,,,,,,0.024,True
1222,tail_tip,,,,,,0.0521,True
1222,withers,778.222,236.802,0.3731393034782608,-0.3325810356521739,0.4934000000000001,0.9576,True
1223,occipital_protuberance,748.608,238.952,0.2869376139130433,-0.3198035530434783,0.5699000000000001,0.9679,True
1223,tail_base,,,,,,0.0238,True
1223,tail_tip,,,,,,0.0519,True
1223,withers,778.21,236.81,0.3729867260869566,-0.3324523173913044,0.4941999999999998,0.9587,True
1224,occipital_protuberance,748.49,238.826,0.2866258630434783,-0.3201364395652173,0.5699000000000001,0.9682,True
1224,tail_base,,,,,,0.0196,True
1224,tail_tip,,,,,,0.0609,True
1224,withers,778.182,236.746,0.3724906086956522,-0.3322499130434782,0.497,0.9523,True
1225,occipital_protuberance,748.3439999999999,238.76400000000004,0.2863343495652172,-0.3204056634782607,0.5690999999999999,0.9686,True
1225,tail_base,,,,,,0.0194,True
1225,tail_tip,,,,,,0.0753,True
1225,withers,778.132,236.684,0.3720555391304347,-0.3321489652173914,0.499,0.9604,True
1226,occipital_protuberance,748.2360000000001,238.756,0.2863783382608698,-0.3207958095652173,0.5663000000000001,0.9725,True
1226,tail_base,,,,,,0.0219,True
1226,tail_tip,,,,,,0.065,True
1226,withers,778.0600000000001,236.608,0.371591491304348,-0.3321122504347826,0.5043000000000002,0.9592,True
1227,occipital_protuberance,748.172,238.844,0.2863265808695652,-0.3206946643478261,0.5653000000000001,0.9682,True
1227,tail_base,,,,,,0.0203,True
1227,tail_tip,,,,,,0.0524,True
1227,withers,778.1700000000001,236.666,0.372157891304348,-0.332197447826087,0.499,0.9646,True
1228,occipital_protuberance,748.06,238.916,0.2864529652173911,-0.3209778904347826,0.5616999999999999,0.966,True
1228,tail_base,,,,,,0.0197,True
1228,tail_tip,,,,,,0.0569,True
1228,withers,778.2059999999999,236.692,0.3721046326086953,-0.3319933869565217,0.5,0.9607,True
1229,occipital_protuberance,747.938,238.96,0.286340742173913,-0.3210980695652174,0.5599000000000001,0.9559,True
1229,tail_base,,,,,,0.0196,True
1229,tail_tip,,,,,,0.0485,True
1229,withers,778.25,236.766,0.3727941304347826,-0.33230316,0.4961999999999998,0.9643,True
1230,occipital_protuberance,747.8520000000001,239.082,0.2862298295652176,-0.3209058573913043,0.5624000000000001,0.9614,True
1230,tail_base,,,,,,0.0203,True
1230,tail_tip,,,,,,0.0565,True
1230,withers,778.3820000000001,236.862,0.373150071304348,-0.3320442939130435,0.4961999999999998,0.9701,True
1231,occipital_protuberance,747.75,239.16800000000003,0.2857483152173913,-0.3204412104347824,0.5641999999999998,0.9618,True
1231,tail_base,,,,,,0.0191,True
1231,tail_tip,,,,,,0.0474,True
1231,withers,778.5020000000001,236.954,0.3738951817391306,-0.3321707017391304,0.4934000000000001,0.9569,True
1232,occipital_protuberance,747.654,239.196,0.2854937273913043,-0.3203669556521739,0.5641999999999998,0.9528,True
1232,tail_base,,,,,,0.0164,True
1232,tail_tip,,,,,,0.0367,True
1232,withers,778.486,236.974,0.3737315660869565,-0.3320097313043478,0.4941999999999998,0.9648,True
1233,occipital_protuberance,747.606,239.228,0.2851559,-0.3200458,0.566,0.9532,True
1233,tail_base,,,,,,0.017,True
1233,tail_tip,,,,,,0.0353,True
1233,withers,778.566,237.01800000000003,0.3739474617391305,-0.3318909886956521,0.4941999999999998,0.9621,True
1234,occipital_protuberance,747.614,239.41800000000003,0.2851771000000001,-0.3195422999999999,0.566,0.9535,True
1234,tail_base,,,,,,0.0153,True
1234,tail_tip,,,,,,0.0395,True
1234,withers,778.5219999999999,237.058,0.3731361091304345,-0.3311683308695652,0.4988000000000002,0.9625,True
1235,occipital_protuberance,747.604,239.516,0.2854546982608696,-0.3196230982608696,0.5634000000000001,0.9605,True
1235,tail_base,,,,,,0.0199,True
1235,tail_tip,,,,,,0.0457,True
1235,withers,778.426,237.0,0.3730279773913044,-0.3314582608695651,0.4978000000000002,0.9586,True
1236,occipital_protuberance,747.552,239.636,0.2853167513043478,-0.3193047591304347,0.5634000000000001,0.941,True
1236,tail_base,,,,,,0.0146,True
1236,tail_tip,,,,,,0.037,True
1236,withers,778.308,236.966,0.3725596582608695,-0.3314161508695652,0.4988000000000002,0.9548,True
1237,occipital_protuberance,747.476,239.822,0.2851151365217391,-0.3188113334782609,0.5634000000000001,0.9426,True
1237,tail_base,,,,,,0.0178,True
1237,tail_tip,,,,,,0.0447,True
1237,withers,778.212,236.954,0.3724212478260869,-0.3315554717391304,0.498,0.951,True
1238,occipital_protuberance,747.446,240.0,0.2852457721739131,-0.3185739130434782,0.5615999999999999,0.9403,True
1238,tail_base,,,,,,0.0167,True
1238,tail_tip,,,,,,0.0469,True
1238,withers,778.086,236.948,0.3719316391304348,-0.3314378869565217,0.5025,0.9483,True
1239,occipital_protuberance,747.294,240.0,0.2848422452173912,-0.3185739130434782,0.5615999999999999,0.9286,True
1239,tail_base,,,,,,0.0135,True
1239,tail_tip,,,,,,0.0471,True
1239,withers,778.0780000000001,236.89,0.3724503965217393,-0.3320758434782608,0.4989,0.9522,True
1240,occipital_protuberance,747.152,240.002,0.2846749113043479,-0.3188033821739129,0.5598000000000002,0.93,True
1240,tail_base,,,,,,0.0139,True
1240,tail_tip,,,,,,0.0389,True
1240,withers,778.058,236.92200000000005,0.3722463856521739,-0.331855746521739,0.4999,0.9559,True
1241,occipital_protuberance,746.9939999999999,240.022,0.284557520869565,-0.3190893156521738,0.5571999999999998,0.9338,True
1241,tail_base,,,,,,0.0137,True
1241,tail_tip,,,,,,0.0408,True
1241,withers,778.0939999999999,236.944,0.3723434526086955,-0.3317964278260868,0.4999,0.9599,True
1242,occipital_protuberance,746.87,239.99,0.2845297586956522,-0.3195135804347826,0.5545999999999999,0.9401,True
1242,tail_base,,,,,,0.0152,True
1242,tail_tip,,,,,,0.0386,True
1242,withers,778.094,236.924,0.3720732686956522,-0.3316095530434783,0.5016999999999998,0.9553,True
1243,occipital_protuberance,746.74,239.958,0.2839748086956521,-0.319363912173913,0.5564000000000001,0.9327,True
1243,tail_base,,,,,,0.0175,True
1243,tail_tip,,,,,,0.0429,True
1243,withers,778.12,236.888,0.3724435826086957,-0.3319741843478261,0.4961999999999998,0.9525,True
1244,occipital_protuberance,746.7360000000001,240.12,0.2841729982608699,-0.3191674695652174,0.5545999999999999,0.9259,True
1244,tail_base,,,,,,0.0121,True
1244,tail_tip,,,,,,0.0336,True
1244,withers,778.112,236.912,0.3723019130434781,-0.3318024347826087,0.5005,0.95,True
1245,occipital_protuberance,746.7699999999999,240.31800000000004,0.2837528804347822,-0.3180679239130433,0.559,0.9306,True
1245,tail_base,,,,,,0.0125,True
1245,tail_tip,,,,,,0.0296,True
1245,withers,778.034,236.904,0.3723917260869565,-0.3320916,0.4985,0.9534,True
1246,occipital_protuberance,746.796,240.534,0.2838219782608697,-0.3174938804347825,0.559,0.9295,True
1246,tail_base,,,,,,0.0138,True
1246,tail_tip,,,,,,0.0334,True
1246,withers,777.868,236.912,0.372093743478261,-0.3322038086956522,0.4975,0.9533,True
1247,occipital_protuberance,746.786,240.694,0.2841204030434781,-0.3174317682608695,0.5561999999999998,0.9282,True
1247,tail_base,,,,,,0.0133,True
1247,tail_tip,,,,,,0.0285,True
1247,withers,777.712,236.964,0.3718223999999999,-0.3321971999999999,0.4965,0.9469,True
1248,occipital_protuberance,746.734,240.932,0.2846085313043479,-0.3174974104347827,0.5508000000000002,0.9381,True
1248,tail_base,,,,,,0.0135,True
1248,tail_tip,,,,,,0.0326,True
1248,withers,777.568,237.026,0.3711345391304348,-0.3317624652173913,0.4985,0.9336,True
1249,occipital_protuberance,746.6740000000001,241.052,0.2847500100000002,-0.3175135852173913,0.5481999999999998,0.9264,True
1249,tail_base,,,,,,0.016,True
1249,tail_tip,,,,,,0.0399,True
1249,withers,777.448,237.056,0.3705119999999999,-0.3314142608695652,0.5005,0.9385,True
1250,occipital_protuberance,746.57,241.186,0.2847735739130436,-0.3174916713043478,0.5455999999999999,0.9399,True
1250,tail_base,,,,,,0.0157,True
1250,tail_tip,,,,,,0.0356,True
1250,withers,777.392,237.08,0.370361043478261,-0.3313495652173913,0.5005,0.939,True
1251,occipital_protuberance,746.5899999999999,241.264,0.2852672804347824,-0.3177736730434782,0.5418000000000002,0.9427,True
1251,tail_base,,,,,,0.0192,True
1251,tail_tip,,,,,,0.0357,True
1251,withers,777.362,237.038,0.3701308673913043,-0.3313291282608695,0.5015,0.9376,True
1252,occipital_protuberance,746.576,241.454,0.2851139686956522,-0.3171363208695651,0.5428000000000002,0.9527,True
1252,tail_base,,,,,,0.0168,True
1252,tail_tip,,,,,,0.0364,True
1252,withers,777.408,237.01000000000005,0.3699561043478261,-0.331137206521739,0.5035,0.9403,True
1253,occipital_protuberance,746.586,241.488,0.2852565752173913,-0.3171741808695652,0.5418000000000002,0.9534,True
1253,tail_base,,,,,,0.0212,True
1253,tail_tip,,,,,,0.0438,True
1253,withers,777.4399999999999,236.99,0.3703410434782607,-0.3314584673913043,0.5015,0.9362,True
1254,occipital_protuberance,746.62,241.612,0.285579352173913,-0.3170996843478261,0.5398000000000002,0.9675,True
1254,tail_base,,,,,,0.0214,True
1254,tail_tip,,,,,,0.0415,True
1254,withers,777.448,236.962,0.3705119999999999,-0.3316676521739131,0.5005,0.9428,True
1255,occipital_protuberance,746.5799999999999,241.706,0.2863294869565215,-0.3177994026086957,0.5324000000000001,0.9481,True
1255,tail_base,,,,,,0.0229,True
1255,tail_tip,,,,,,0.034,True
1255,withers,777.5,236.92,0.3700842391304348,-0.3312724956521738,0.5043000000000002,0.9472,True
1256,occipital_protuberance,746.5260000000001,241.912,0.2861844147826088,-0.3172459791304348,0.5324000000000001,0.9637,True
1256,tail_base,,,,,,0.0217,True
1256,tail_tip,,,,,,0.0276,True
1256,withers,777.604,236.914,0.370214587826087,-0.3311548556521739,0.5053000000000002,0.9392,True
1257,occipital_protuberance,746.536,241.882,0.2866513199999999,-0.3178144534782609,0.5286,0.955,True
1257,tail_base,,,,,,0.0218,True
1257,tail_tip,,,,,,0.039,True
1257,withers,777.684,236.882,0.3707291356521738,-0.3315085973913043,0.5033000000000002,0.9403,True
1258,occipital_protuberance,746.464,241.98,0.286874191304348,-0.3180125869565217,0.525,0.9775,True
1258,tail_base,,,,,,0.0193,True
1258,tail_tip,,,,,,0.0354,True
1258,withers,777.75,236.754,0.3707571195652173,-0.3317192882608696,0.5043000000000002,0.9375,True
1259,occipital_protuberance,746.366,242.126,0.2869338465217391,-0.3179779273913045,0.5221999999999998,0.9529,True
1259,tail_base,,,,,,0.0224,True
1259,tail_tip,,,,,,0.0375,True
1259,withers,777.972,236.726,0.3713546373913043,-0.3317946508695653,0.5043000000000002,0.9299,True
1260,occipital_protuberance,746.334,242.374,0.2868475230434781,-0.3173089204347827,0.5221999999999998,0.9526,True
1260,tail_base,,,,,,0.0218,True
1260,tail_tip,,,,,,0.0399,True
1260,withers,778.14,236.664,0.3724975130434783,-0.3325782052173914,0.4961999999999998,0.9036,True
1261,occipital_protuberance,746.3439999999999,242.58,0.2870825634782607,-0.3169829478260869,0.5204000000000001,0.9882,True
1261,tail_base,,,,,,0.0211,True
1261,tail_tip,,,,,,0.0419,True
1261,withers,778.26,236.598,0.3732418869565217,-0.3331317469565217,0.4934000000000001,0.9212,True
1262,occipital_protuberance,746.354,242.922,0.2869939569565218,-0.315932437826087,0.5214000000000001,0.9957,True
1262,tail_base,,,,,,0.0168,True
1262,tail_tip,,,,,,0.0371,True
1262,withers,778.3599999999999,236.574,0.3737825478260867,-0.3334380221739131,0.4915999999999999,0.9038,True
1263,occipital_protuberance,746.5039999999999,243.426,0.2870745860869563,-0.3142176143478261,0.5241999999999998,1.0,True
1263,tail_base,,,,,,0.0119,True
1263,tail_tip,,,,,,0.0337,True
1263,withers,778.39,236.592,0.374134356521739,-0.3336308452173912,0.4898000000000002,0.9019,True
1264,occipital_protuberance,746.646,243.814,0.2874573378260868,-0.3131717856521739,0.5241999999999998,1.0,True
1264,tail_base,,,,,,0.0153,True
1264,tail_tip,,,,,,0.0331,True
1264,withers,778.304,236.556,0.374172452173913,-0.3339696913043478,0.488,0.8482,True
1265,occipital_protuberance,746.83,244.026,0.2879532978260871,-0.3126003534782608,0.5241999999999998,1.0,True
1265,tail_base,,,,,,0.011,True
1265,tail_tip,,,,,,0.0282,True
1265,withers,778.1780000000001,236.584,0.3739817608695655,-0.3340280869565218,0.487,0.8371,True
1266,occipital_protuberance,746.908,244.17,0.2883727095652174,-0.3124388347826087,0.5224000000000001,1.0,True
1266,tail_base,,,,,,0.0095,True
1266,tail_tip,,,,,,0.0292,True
1266,withers,778.118,236.636,0.3738193695652175,-0.3338873478260869,0.487,0.8455,True
1267,occipital_protuberance,746.9559999999999,244.412,0.2886184408695649,-0.3119117052173913,0.5214000000000001,1.0,True
1267,tail_base,,,,,,0.0122,True
1267,tail_tip,,,,,,0.0262,True
1267,withers,778.076,236.736,0.3735556130434783,-0.3334827130434782,0.4915,0.8755,True
1268,occipital_protuberance,746.9300000000001,244.592,0.2885482804347827,-0.3114259791304347,0.5214000000000001,1.0,True
1268,tail_base,,,,,,0.0109,True
1268,tail_tip,,,,,,0.0234,True
1268,withers,777.96,236.8,0.3733917391304349,-0.3334434782608695,0.4905,0.8826,True
1269,occipital_protuberance,746.9039999999999,244.784,0.2884781199999996,-0.3109078713043477,0.5214000000000001,1.0,True
1269,tail_base,,,,,,0.0092,True
1269,tail_tip,,,,,,0.0239,True
1269,withers,777.862,236.782,0.3730066199999999,-0.3333850495652174,0.4913000000000002,0.8956,True
1270,occipital_protuberance,746.886,245.162,0.2883366030434782,-0.3097879873913045,0.5221999999999998,1.0,True
1270,tail_base,,,,,,0.0087,True
1270,tail_tip,,,,,,0.0235,True
1270,withers,777.636,236.702,0.3725447469565216,-0.3337355213043478,0.4903000000000002,0.8499,True
1271,occipital_protuberance,746.846,245.508,0.2882286986956522,-0.3088546147826088,0.5221999999999998,1.0,True
1271,tail_base,,,,,,0.0094,True
1271,tail_tip,,,,,,0.0227,True
1271,withers,777.448,236.576,0.3721852799999999,-0.3342107269565216,0.4893000000000002,0.8442,True
1272,occipital_protuberance,746.8480000000001,245.844,0.2884431443478262,-0.3081715669565217,0.5204000000000001,0.9934,True
1272,tail_base,,,,,,0.0101,True
1272,tail_tip,,,,,,0.0283,True
1272,withers,777.198,236.388,0.3716574517391304,-0.3348541591304348,0.4883000000000002,0.7673,True
1273,occipital_protuberance,746.904,246.024,0.28891968,-0.3080325286956523,0.5176,0.9946,True
1273,tail_base,,,,,,0.0096,True
1273,tail_tip,,,,,,0.0267,True
1273,withers,777.174,236.324,0.3717415399999999,-0.33516196,0.4873000000000002,0.7654,True
1274,occipital_protuberance,746.952,246.27,0.2891424069565217,-0.3074665826086956,0.5168000000000001,0.9869,True
1274,tail_base,,,,,,0.0094,True
1274,tail_tip,,,,,,0.028,True
1274,withers,777.1859999999999,236.356,0.3720424673913041,-0.335317152173913,0.4855,0.7514,True
1275,occipital_protuberance,746.966,246.354,0.2893895369565217,-0.3074618413043479,0.515,0.9918,True
1275,tail_base,,,,,,0.0089,True
1275,tail_tip,,,,,,0.0235,True
1275,withers,777.354,236.53000000000003,0.3724980760869567,-0.3348452717391304,0.4855,0.7956,True
1276,occipital_protuberance,746.976,246.466,0.2894165913043478,-0.3071588326086957,0.515,0.9817,True
1276,tail_base,,,,,,0.0098,True
1276,tail_tip,,,,,,0.0275,True
1276,withers,777.488,236.674,0.3727120347826089,-0.3343207000000001,0.4865,0.8091,True
1277,occipital_protuberance,746.9799999999999,246.53000000000003,0.2894274130434779,-0.3069856847826086,0.515,0.983,True
1277,tail_base,,,,,,0.0087,True
1277,tail_tip,,,,,,0.0232,True
1277,withers,777.534,236.738,0.3729862282608696,-0.3342811847826087,0.4855,0.7608,True
1278,occipital_protuberance,746.902,246.714,0.2891234308695653,-0.3063893752173913,0.5158000000000001,0.9879,True
1278,tail_base,,,,,,0.0094,True
1278,tail_tip,,,,,,0.0245,True
1278,withers,777.552,236.802,0.3727360173913043,-0.3338397978260869,0.4875,0.792,True
1279,occipital_protuberance,746.7639999999999,246.862,0.2887502008695649,-0.3059890995652174,0.5158000000000001,0.9789,True
1279,tail_base,,,,,,0.009,True
1279,tail_tip,,,,,,0.0214,True
1279,withers,777.5060000000001,236.826,0.3727608304347828,-0.3339086478260871,0.4865,0.7757,True
1280,occipital_protuberance,746.554,247.086,0.2882980617391303,-0.3055060095652173,0.5148000000000001,0.9681,True
1280,tail_base,,,,,,0.009,True
1280,tail_tip,,,,,,0.0221,True
1280,withers,777.174,236.612,0.3717117195652173,-0.3343546565217391,0.4875,0.7506,True
1281,occipital_protuberance,746.3459999999999,247.284,0.2879664730434779,-0.3052153252173912,0.5163000000000002,0.9585,True
1281,tail_base,,,,,,0.0087,True
1281,tail_tip,,,,,,0.0251,True
1281,withers,777.172,236.64,0.3720045,-0.3345469565217391,0.4855,0.7303,True
1282,occipital_protuberance,746.0899999999999,247.64,0.2873885847826085,-0.3043734695652175,0.5153000000000002,0.9539,True
1282,tail_base,,,,,,0.0092,True
1282,tail_tip,,,,,,0.0236,True
1282,withers,776.918,236.598,0.3711668391304348,-0.3345267260869565,0.4865,0.723,True
1283,occipital_protuberance,745.8219999999999,247.872,0.2868696391304345,-0.3039643826086956,0.5135,0.9509,True
1283,tail_base,,,,,,0.0084,True
1283,tail_tip,,,,,,0.0222,True
1283,withers,776.548,236.502,0.3703122391304348,-0.3349212065217391,0.489,0.7275,True
1284,occipital_protuberance,745.632,248.046,0.2864693913043477,-0.3036143804347826,0.5125,0.9599,True
1284,tail_base,,,,,,0.0084,True
1284,tail_tip,,,,,,0.0202,True
1284,withers,776.586,236.576,0.3702668304347827,-0.3345863652173912,0.49,0.7669,True
1285,occipital_protuberance,745.5780000000001,248.228,0.2863229456521741,-0.3031208043478262,0.5125,0.9509,True
1285,tail_base,,,,,,0.0085,True
1285,tail_tip,,,,,,0.0189,True
1285,withers,776.942,236.85,0.37138075,-0.3339774456521739,0.4855,0.7645,True
1286,occipital_protuberance,745.5960000000001,248.53,0.2863717608695655,-0.3023017934782609,0.5125,0.9608,True
1286,tail_base,,,,,,0.0084,True
1286,tail_tip,,,,,,0.02,True
1286,withers,776.8399999999999,236.898,0.3713718608695651,-0.3340881234782609,0.4836999999999998,0.8165,True
1287,occipital_protuberance,745.566,248.632,0.286405147826087,-0.3021462260869564,0.5115,0.9677,True
1287,tail_base,,,,,,0.0075,True
1287,tail_tip,,,,,,0.0159,True
1287,withers,777.112,237.084,0.3721100452173912,-0.3335833356521739,0.4836999999999998,0.7948,True
1288,occipital_protuberance,745.5440000000001,248.768,0.2864601826086959,-0.3018981565217392,0.5105,0.9833,True
1288,tail_base,,,,,,0.0079,True
1288,tail_tip,,,,,,0.0216,True
1288,withers,777.454,237.288,0.3731876099999999,-0.33316308,0.4826999999999998,0.7958,True
1289,occipital_protuberance,745.49,248.908,0.2864282826086957,-0.3016389304347827,0.5095,0.9711,True
1289,tail_base,,,,,,0.0079,True
1289,tail_tip,,,,,,0.0187,True
1289,withers,777.384,237.252,0.3734156852173913,-0.3336344008695651,0.4799000000000001,0.7738,True
1290,occipital_protuberance,745.4780000000001,249.104,0.2863957000000002,-0.301106747826087,0.5095,0.9729,True
1290,tail_base,,,,,,0.0071,True
1290,tail_tip,,,,,,0.0166,True
1290,withers,777.408,237.252,0.37374976,-0.33387456,0.4780999999999999,0.748,True
1291,occipital_protuberance,745.456,249.196,0.2864276660869566,-0.3009532991304348,0.5086999999999998,0.973,True
1291,tail_base,,,,,,0.0074,True
1291,tail_tip,,,,,,0.0178,True
1291,withers,777.5600000000001,237.27000000000004,0.3738940608695654,-0.3335854760869564,0.4799000000000001,0.7551,True
1292,occipital_protuberance,745.57,249.256,0.2868291000000001,-0.3008866330434783,0.5079000000000001,1.0,True
1292,tail_base,,,,,,0.0072,True
1292,tail_tip,,,,,,0.0175,True
1292,withers,777.692,237.298,0.3746719052173913,-0.3338828117391305,0.4770999999999999,0.7705,True
1293,occipital_protuberance,745.744,249.414,0.2873938017391305,-0.3005535156521739,0.5070999999999999,0.9991,True
1293,tail_base,,,,,,0.0069,True
1293,tail_tip,,,,,,0.0191,True
1293,withers,777.768,237.358,0.3751482539130436,-0.3339594982608695,0.4753000000000001,0.7855,True
1294,occipital_protuberance,745.862,249.574,0.2878065591304347,-0.3002146860869564,0.5063000000000002,1.0,True
1294,tail_base,,,,,,0.0068,True
1294,tail_tip,,,,,,0.0167,True
1294,withers,777.888,237.47200000000004,0.3752052382608696,-0.3334093426086955,0.4770999999999999,0.8242,True
1295,occipital_protuberance,745.7860000000001,249.63,0.2875999382608697,-0.3000624391304347,0.5063000000000002,1.0,True
1295,tail_base,,,,,,0.0067,True
1295,tail_tip,,,,,,0.0165,True
1295,withers,777.9,237.508,0.3752378913043477,-0.3333113834782609,0.4770999999999999,0.7952,True
1296,occipital_protuberance,745.8019999999999,249.7,0.2875514356521736,-0.2997762173913044,0.5070999999999999,1.0,True
1296,tail_base,,,,,,0.0062,True
1296,tail_tip,,,,,,0.0162,True
1296,withers,777.39,237.378,0.3741189434782608,-0.3339050373913043,0.4753000000000001,0.7988,True
1297,occipital_protuberance,745.734,249.858,0.2872746808695653,-0.2992510252173913,0.5114000000000001,0.9924,True
1297,tail_base,,,,,,0.0058,True
1297,tail_tip,,,,,,0.017,True
1297,withers,776.8879999999999,237.258,0.3727519756521736,-0.3342318026086957,0.4753000000000001,0.7512,True
1298,occipital_protuberance,745.682,249.976,0.2871333991304348,-0.2989304243478262,0.5114000000000001,1.0,True
1298,tail_base,,,,,,0.0059,True
1298,tail_tip,,,,,,0.0138,True
1298,withers,776.372,237.128,0.3713468852173912,-0.3345857982608696,0.4788000000000001,0.708,True
1299,occipital_protuberance,745.754,250.142,0.28744397,-0.2985988204347826,0.5104000000000001,1.0,True
1299,tail_base,,,,,,0.0059,True
1299,tail_tip,,,,,,0.0156,True
1299,withers,775.8059999999999,236.942,0.3699237347826084,-0.3351992913043478,0.478,0.7089,True
1300,occipital_protuberance,745.866,250.33,0.2880705917391304,-0.2984216065217391,0.5075999999999999,1.0,True
1300,tail_base,,,,,,0.006,True
1300,tail_tip,,,,,,0.0153,True
1300,withers,775.148,236.68,0.36786698,-0.3356716782608695,0.4798000000000001,0.7166,True
1301,occipital_protuberance,746.0060000000001,250.582,0.2884515439130437,-0.2977358926086956,0.5075999999999999,1.0,True
1301,tail_base,,,,,,0.0065,True
1301,tail_tip,,,,,,0.0156,True
1301,withers,774.888,236.582,0.3670126539130435,-0.33580428,0.4873000000000002,0.7535,True
1302,occipital_protuberance,746.2160000000001,250.916,0.2890229721739134,-0.2968270495652174,0.5075999999999999,1.0,True
1302,tail_base,,,,,,0.0086,True
1302,tail_tip,,,,,,0.0146,True
1302,withers,774.6859999999999,236.502,0.3664630382608693,-0.3360219495652173,0.4873000000000002,0.7614,True
1303,occipital_protuberance,746.332,251.27,0.2894541965217391,-0.2959819695652174,0.5065999999999999,1.0,True
1303,tail_base,,,,,,0.0072,True
1303,tail_tip,,,,,,0.0142,True
1303,withers,774.65,236.374,0.3665114456521738,-0.3365045969565218,0.4863000000000002,0.7389,True
1304,occipital_protuberance,746.324,251.58,0.2895479886956521,-0.2952559434782609,0.5055999999999999,1.0,True
1304,tail_base,,,,,,0.0067,True
1304,tail_tip,,,,,,0.0133,True
1304,withers,774.6380000000001,236.36,0.3667714734782613,-0.3368114869565217,0.4843000000000002,0.7607,True
1305,occipital_protuberance,746.304,251.834,0.2894935234782608,-0.2945642352173913,0.5055999999999999,1.0,True
1305,tail_base,,,,,,0.0097,True
1305,tail_tip,,,,,,0.0146,True
1305,withers,774.6600000000001,236.36,0.3670948695652176,-0.3370533913043478,0.4825,0.7716,True
1306,occipital_protuberance,746.142,252.154,0.2893753960869566,-0.2940210186956521,0.5028000000000001,1.0,True
1306,tail_base,,,,,,0.0086,True
1306,tail_tip,,,,,,0.0137,False
1306,withers,774.6700000000001,236.416,0.3671221304347828,-0.3369007304347826,0.4825,0.7771,True
1307,occipital_protuberance,745.89,252.414,0.2890106413043478,-0.2936396152173913,0.5,0.9956,True
1307,tail_base,,,,,,0.0101,True
1307,tail_tip,,,,,,0.0171,False
1307,withers,774.716,236.47,0.3672475304347826,-0.3367535217391305,0.4825,0.7763,True
1308,occipital_protuberance,745.784,252.6,0.2888363130434782,-0.2932486956521739,0.499,0.9956,True
1308,tail_base,,,,,,0.0094,True
1308,tail_tip,,,,,,0.0131,True
1308,withers,774.65,236.58,0.36692125,-0.3363195000000001,0.4835,0.7404,True
1309,occipital_protuberance,745.766,252.882,0.2887871652173912,-0.2924787130434783,0.5025,0.9864,True
1309,tail_base,,,,,,0.0101,True
1309,tail_tip,,,,,,0.0193,True
1309,withers,774.5699999999999,236.692,0.3664107065217389,-0.3357462391304347,0.4855,0.758,True
1310,occipital_protuberance,745.902,253.182,0.2891585043478262,-0.2916595826086958,0.5025,0.9868,True
1310,tail_base,,,,,,0.0104,False
1310,tail_tip,,,,,,0.0162,True
1310,withers,774.592,236.874,0.3664706086956521,-0.3352506847826086,0.4855,0.7372,True
1311,occipital_protuberance,746.0219999999999,253.436,0.289693590869565,-0.2911745469565217,0.5006999999999998,0.985,True
1311,tail_base,,,,,,0.0112,False
1311,tail_tip,,,,,,0.0177,True
1311,withers,774.66,236.994,0.3669484999999999,-0.33519135,0.4835,0.7144,True
1312,occipital_protuberance,746.158,253.656,0.2902728965217392,-0.2907814852173913,0.4989,0.9902,True
1312,tail_base,,,,,,0.0101,False
1312,tail_tip,,,,,,0.0185,False
1312,withers,774.682,237.12,0.3670084500000001,-0.334848,0.4835,0.7242,True
1313,occipital_protuberance,746.188,254.004,0.2904703486956521,-0.2899451452173913,0.4979,0.9855,True
1313,tail_base,,,,,,0.0108,False
1313,tail_tip,,,,,,0.0201,False
1313,withers,774.702,237.174,0.36706295,-0.33470085,0.4835,0.7348,True
1314,occipital_protuberance,746.2320000000001,254.27,0.2907061773913045,-0.2893324434782608,0.4969,0.9785,True
1314,tail_base,,,,,,0.0114,True
1314,tail_tip,,,,,,0.0176,True
1314,withers,774.696,237.244,0.3671930086956522,-0.3346435304347826,0.4825,0.7469,True
1315,occipital_protuberance,746.1899999999999,254.592,0.2909144304347824,-0.2887720904347826,0.4940999999999999,0.9625,True
1315,tail_base,,,,,,0.0126,True
1315,tail_tip,,,,,,0.0209,True
1315,withers,774.5840000000001,237.32200000000003,0.3672972904347828,-0.3348042634782608,0.4796999999999998,0.7489,True
1316,occipital_protuberance,746.116,254.902,0.2909423895652174,-0.2881512991304348,0.4920999999999999,0.955,True
1316,tail_base,,,,,,0.013,False
1316,tail_tip,,,,,,0.0193,True
1316,withers,774.402,237.368,0.3673557273913044,-0.3351852469565216,0.4759000000000001,0.7603,True
1317,occipital_protuberance,746.0,255.22000000000003,0.2907395652173913,-0.2873933173913043,0.4910999999999999,0.9499,True
1317,tail_base,,,,,,0.0138,False
1317,tail_tip,,,,,,0.0214,True
1317,withers,774.266,237.4,0.3671299452173912,-0.3352310434782608,0.4749000000000001,0.7848,True
1318,occipital_protuberance,745.788,255.572,0.2905950365217391,-0.2868591756521739,0.4873000000000002,0.9305,True
1318,tail_base,,,,,,0.0135,True
1318,tail_tip,,,,,,0.0161,True
1318,withers,774.048,237.412,0.3666795617391304,-0.3353314791304348,0.4739000000000001,0.7613,True
1319,occipital_protuberance,745.636,255.89,0.2903841782608695,-0.2861893369565218,0.489,0.9231,True
1319,tail_base,,,,,,0.0122,False
1319,tail_tip,,,,,,0.0198,True
1319,withers,774.0,237.43,0.3668395652173912,-0.3355486978260869,0.4719000000000001,0.724,True
1320,occipital_protuberance,745.534,256.198,0.2899890782608695,-0.2852298434782609,0.49,0.9286,True
1320,tail_base,,,,,,0.0119,True
1320,tail_tip,,,,,,0.0183,True
1320,withers,774.01,237.42200000000005,0.3668669413043477,-0.335570598695652,0.4719000000000001,0.7206,True
1321,occipital_protuberance,745.496,256.256,0.2897699913043478,-0.2849577043478261,0.491,0.9271,True
1321,tail_base,,,,,,0.013,True
1321,tail_tip,,,,,,0.0204,True
1321,withers,774.094,237.458,0.3666887882608697,-0.3350990908695652,0.4746999999999998,0.736,True
1322,occipital_protuberance,745.5740000000001,256.39,0.290098991304348,-0.2847022608695652,0.49,0.9323,True
1322,tail_base,,,,,,0.0125,True
1322,tail_tip,,,,,,0.0193,True
1322,withers,774.0699999999999,237.442,0.366623158695652,-0.3351428439130434,0.4746999999999998,0.7051,True
1323,occipital_protuberance,745.922,256.452,0.2905025982608696,-0.2839916452173913,0.4948000000000002,0.9177,True
1323,tail_base,,,,,,0.014,True
1323,tail_tip,,,,,,0.0185,True
1323,withers,774.142,237.48,0.3669658539130437,-0.3351721043478262,0.4736999999999998,0.7156,True
1324,occipital_protuberance,746.238,256.63199999999995,0.2912537865217393,-0.2833856191304349,0.4958000000000002,0.9243,True
1324,tail_base,,,,,,0.0145,True
1324,tail_tip,,,,,,0.0183,True
1324,withers,774.13,237.448,0.3667872326086956,-0.3351264365217391,0.4746999999999998,0.7548,True
1325,occipital_protuberance,746.45,256.79,0.2916267173913044,-0.2827505260869565,0.4975999999999999,0.9461,True
1325,tail_base,,,,,,0.0122,True
1325,tail_tip,,,,,,0.0184,True
1325,withers,774.0,237.39,0.3663152173913043,-0.3351784239130435,0.4755,0.7487,True
1326,occipital_protuberance,746.6299999999999,257.10600000000005,0.2920039369565214,-0.2817729821739129,0.4985999999999999,0.9696,True
1326,tail_base,,,,,,0.0127,True
1326,tail_tip,,,,,,0.0189,True
1326,withers,773.758,237.32200000000003,0.3655082739130435,-0.3352309695652172,0.4765,0.7519,True
1327,occipital_protuberance,746.7679999999999,257.36,0.292056900869565,-0.2807650260869564,0.5014000000000001,0.9651,True
1327,tail_base,,,,,,0.0118,True
1327,tail_tip,,,,,,0.0178,True
1327,withers,773.53,237.244,0.3648852391304347,-0.3354441130434782,0.48,0.7142,True
1328,occipital_protuberance,746.8100000000001,257.534,0.2923807652173915,-0.2804895373913044,0.4995999999999999,0.9622,True
1328,tail_base,,,,,,0.0104,True
1328,tail_tip,,,,,,0.0187,True
1328,withers,773.406,237.204,0.3646624008695651,-0.3356601965217391,0.4791999999999998,0.6825,True
1329,occipital_protuberance,746.78,257.65,0.2922057913043477,-0.280083,0.5004000000000001,0.9753,True
1329,tail_base,,,,,,0.0117,True
1329,tail_tip,,,,,,0.0203,True
1329,withers,773.2339999999999,237.176,0.3641922426086955,-0.3357367339130435,0.4791999999999998,0.7103,True
1330,occipital_protuberance,746.8539999999999,257.75,0.2924082939130432,-0.2798093478260869,0.5004000000000001,0.9761,True
1330,tail_base,,,,,,0.0125,True
1330,tail_tip,,,,,,0.0213,True
1330,withers,773.046,237.07,0.3633891182608698,-0.3357592434782609,0.4811999999999998,0.7507,True
1331,occipital_protuberance,746.9159999999999,257.87800000000004,0.2924849878260868,-0.2793702713043478,0.5011999999999999,0.9865,True
1331,tail_base,,,,,,0.0129,True
1331,tail_tip,,,,,,0.0192,True
1331,withers,773.116,237.026,0.3635803095652173,-0.3358794208695652,0.4811999999999998,0.7084,True
1332,occipital_protuberance,746.964,257.982,0.2925000339130436,-0.278974874347826,0.5021999999999999,0.9744,True
1332,tail_base,,,,,,0.0129,True
1332,tail_tip,,,,,,0.0177,True
1332,withers,773.252,237.086,0.3639517669565217,-0.3357155426086958,0.4811999999999998,0.7828,True
1333,occipital_protuberance,746.9619999999999,258.086,0.2926108278260866,-0.2788012556521739,0.5011999999999999,0.9779,True
1333,tail_base,,,,,,0.0144,True
1333,tail_tip,,,,,,0.0181,True
1333,withers,773.144,237.086,0.3633962869565217,-0.3354750586956523,0.483,0.7708,True
1334,occipital_protuberance,746.8979999999999,258.17600000000004,0.2925287008695649,-0.2786435895652172,0.5004000000000001,0.9873,True
1334,tail_base,,,,,,0.0135,True
1334,tail_tip,,,,,,0.0175,True
1334,withers,773.032,237.08,0.3630906000000001,-0.3354914347826088,0.483,0.7754,True
1335,occipital_protuberance,746.836,258.218,0.2923590365217391,-0.2785286556521739,0.5004000000000001,0.9921,True
1335,tail_base,,,,,,0.0137,True
1335,tail_tip,,,,,,0.0168,True
1335,withers,773.034,237.196,0.3632406608695652,-0.3353083130434783,0.482,0.7739,True
1336,occipital_protuberance,746.7819999999999,258.252,0.2922112643478259,-0.2784356139130434,0.5004000000000001,0.9992,True
1336,tail_base,,,,,,0.0124,True
1336,tail_tip,,,,,,0.0192,True
1336,withers,772.8820000000001,237.244,0.3628256347826089,-0.335177252173913,0.482,0.7582,True
1337,occipital_protuberance,746.692,258.282,0.2919649773913043,-0.2783535182608695,0.5004000000000001,0.9863,True
1337,tail_base,,,,,,0.0118,True
1337,tail_tip,,,,,,0.0178,True
1337,withers,772.722,237.24,0.3623887652173913,-0.3351881739130434,0.482,0.7601,True
1338,occipital_protuberance,746.6020000000001,258.328,0.2913942495652176,-0.2779182017391305,0.5031999999999999,0.9849,True
1338,tail_base,,,,,,0.0128,True
1338,tail_tip,,,,,,0.0196,True
1338,withers,772.6960000000001,237.264,0.3624620086956526,-0.3352560521739131,0.481,0.7582,True
1339,occipital_protuberance,746.5980000000001,258.426,0.2913833156521741,-0.2776503208695652,0.5031999999999999,0.9782,True
1339,tail_base,,,,,,0.0135,True
1339,tail_tip,,,,,,0.0197,True
1339,withers,772.654,237.316,0.3626068252173913,-0.3353540469565218,0.4791999999999998,0.7412,True
1340,occipital_protuberance,746.504,258.572,0.2921451026086957,-0.2782214139130435,0.4944000000000001,0.9794,True
1340,tail_base,,,,,,0.0132,True
1340,tail_tip,,,,,,0.0195,True
1340,withers,772.616,237.314,0.3625029530434782,-0.3353595139130434,0.4791999999999998,0.7459,True
1341,occipital_protuberance,746.414,258.744,0.292453432173913,-0.2782779026086955,0.4895999999999999,1.0,True
1341,tail_base,,,,,,0.0121,True
1341,tail_tip,,,,,,0.0199,True
1341,withers,772.684,237.378,0.3626888295652173,-0.3351845713043479,0.4791999999999998,0.7572,True
1342,occipital_protuberance,746.558,258.96200000000005,0.2932893126086956,-0.2780961126086955,0.4858000000000002,0.9963,True
1342,tail_base,,,,,,0.0123,True
1342,tail_tip,,,,,,0.0224,True
1342,withers,772.654,237.392,0.3630105547826087,-0.3355194573913043,0.4764000000000001,0.7364,True
1343,occipital_protuberance,746.684,259.14000000000004,0.2938448434782608,-0.2778035217391303,0.484,0.9964,True
1343,tail_base,,,,,,0.0116,True
1343,tail_tip,,,,,,0.0207,True
1343,withers,772.662,237.436,0.3631478052173914,-0.3355056278260869,0.4755999999999999,0.7114,True
1344,occipital_protuberance,746.7059999999999,259.286,0.2940214239130432,-0.2775108586956522,0.483,1.0,True
1344,tail_base,,,,,,0.0144,True
1344,tail_tip,,,,,,0.0191,True
1344,withers,772.76,237.494,0.3631563217391304,-0.3351071734782608,0.4774000000000001,0.7002,True
1345,occipital_protuberance,746.82,259.408,0.2937550000000001,-0.2766279999999999,0.488,1.0,True
1345,tail_base,,,,,,0.0141,True
1345,tail_tip,,,,,,0.0194,True
1345,withers,772.886,237.62,0.363500986521739,-0.3347625086956522,0.4774000000000001,0.7626,True
1346,occipital_protuberance,746.93,259.496,0.2937088152173912,-0.2760582695652174,0.491,1.0,True
1346,tail_base,,,,,,0.0153,True
1346,tail_tip,,,,,,0.0189,True
1346,withers,772.884,237.642,0.3638999452173913,-0.3350747230434783,0.4745999999999999,0.7203,True
1347,occipital_protuberance,746.914,259.63,0.2934324456521738,-0.2754720108695652,0.493,1.0,True
1347,tail_base,,,,,,0.0107,True
1347,tail_tip,,,,,,0.0159,True
1347,withers,772.9399999999999,237.686,0.3639087999999998,-0.33482128,0.4755999999999999,0.6935,True
1348,occipital_protuberance,746.884,259.812,0.2934662869565217,-0.2750814,0.492,1.0,True
1348,tail_base,,,,,,0.0109,True
1348,tail_tip,,,,,,0.015,True
1348,withers,772.906,237.708,0.3635556952173912,-0.3345217904347826,0.4774000000000001,0.6863,True
1349,occipital_protuberance,746.948,260.03200000000004,0.2937582565217391,-0.2745860173913042,0.491,1.0,True
1349,tail_base,,,,,,0.0108,True
1349,tail_tip,,,,,,0.019,True
1349,withers,772.938,237.76800000000003,0.3634987313043478,-0.3342248034782608,0.4749000000000001,0.6757,True
1350,occipital_protuberance,747.0219999999999,260.38,0.2939615152173911,-0.273630152173913,0.4945,1.0,True
1350,tail_base,,,,,,0.0104,True
1350,tail_tip,,,,,,0.0153,True
1350,withers,772.862,237.786,0.3631465056521737,-0.3340427439130434,0.4759000000000001,0.6696,True
1351,occipital_protuberance,747.0780000000001,260.784,0.2939989434782611,-0.2724126260869565,0.4955,1.0,True
1351,tail_base,,,,,,0.0141,True
1351,tail_tip,,,,,,0.0149,True
1351,withers,772.8340000000001,237.886,0.3626656969565219,-0.3333977665217391,0.4786999999999998,0.6913,True
1352,occipital_protuberance,747.15,261.23400000000004,0.2941966304347825,-0.2711770826086955,0.4955,1.0,True
1352,tail_base,,,,,,0.0145,True
1352,tail_tip,,,,,,0.0156,True
1352,withers,772.8280000000001,238.004,0.3625338130434785,-0.3329695173913044,0.4795,0.6903,True
1353,occipital_protuberance,747.21,261.762,0.2942448369565218,-0.2696205978260869,0.4965,1.0,True
1353,tail_base,,,,,,0.012,True
1353,tail_tip,,,,,,0.0149,True
1353,withers,772.7819999999999,238.078,0.3628123821739129,-0.3331386126086957,0.4766999999999998,0.7043,True
1354,occipital_protuberance,747.2360000000001,262.212,0.2939898252173915,-0.268087927826087,0.4993000000000002,1.0,True
1354,tail_base,,,,,,0.0162,True
1354,tail_tip,,,,,,0.0133,True
1354,withers,772.586,238.092,0.3625650639130435,-0.3333653765217391,0.4746999999999998,0.7421,True
1355,occipital_protuberance,747.202,262.682,0.2938966134782608,-0.2667994126086957,0.4993000000000002,1.0,True
1355,tail_base,,,,,,0.0144,True
1355,tail_tip,,,,,,0.0136,True
1355,withers,772.538,238.07800000000003,0.3628371813043478,-0.3337747273913042,0.4719000000000001,0.7571,True
1356,occipital_protuberance,747.156,263.162,0.2938869773913042,-0.2655887408695652,0.4983000000000002,1.0,True
1356,tail_base,,,,,,0.0163,True
1356,tail_tip,,,,,,0.0164,True
1356,withers,772.5139999999999,238.064,0.363030745217391,-0.3340516243478261,0.4700999999999999,0.7652,True
1357,occipital_protuberance,747.0559999999999,263.522,0.2937290817391302,-0.2647062691304348,0.5008000000000001,0.9905,True
1357,tail_base,,,,,,0.02,True
1357,tail_tip,,,,,,0.0133,True
1357,withers,772.408,238.036,0.3627403513043478,-0.334128332173913,0.4700999999999999,0.7691,True
1358,occipital_protuberance,746.942,263.944,0.293881265652174,-0.263966064347826,0.4968000000000002,0.9819,True
1358,tail_base,,,,,,0.0219,True
1358,tail_tip,,,,,,0.0133,True
1358,withers,772.35,238.036,0.3623225108695652,-0.3338897069565217,0.4719000000000001,0.786,True
1359,occipital_protuberance,746.866,264.376,0.2938814999999999,-0.262966,0.495,0.9985,True
1359,tail_base,,,,,,0.0216,True
1359,tail_tip,,,,,,0.0135,True
1359,withers,772.3720000000001,238.112,0.3633611400000002,-0.3345825600000001,0.4650999999999999,0.8135,True
1360,occipital_protuberance,746.728,264.796,0.2931771756521737,-0.2615212486956521,0.4978000000000002,1.0,True
1360,tail_base,,,,,,0.0205,True
1360,tail_tip,,,,,,0.0138,True
1360,withers,772.324,238.248,0.3632293799999999,-0.33420924,0.4650999999999999,0.8161,True
1361,occipital_protuberance,746.626,265.298,0.293824168695652,-0.260965772173913,0.4898000000000002,1.0,True
1361,tail_base,,,,,,0.0206,True
1361,tail_tip,,,,,,0.0143,True
1361,withers,772.2900000000001,238.39,0.3630210152173915,-0.333713702173913,0.4659000000000001,0.8285,True
1362,occipital_protuberance,746.396,265.82800000000003,0.293306016521739,-0.2596076373913042,0.4888000000000002,1.0,True
1362,tail_base,,,,,,0.0208,True
1362,tail_tip,,,,,,0.0132,True
1362,withers,772.3039999999999,238.62,0.3636059060869561,-0.3335839043478261,0.4620999999999999,0.8389,True
1363,occipital_protuberance,746.216,266.3,0.2928098034782609,-0.2583064565217391,0.4888000000000002,1.0,True
1363,tail_base,,,,,,0.0233,True
1363,tail_tip,,,,,,0.0147,True
1363,withers,772.3720000000001,238.858,0.3644834243478262,-0.3335618634782608,0.4573000000000002,0.8376,True
1364,occipital_protuberance,745.9879999999999,266.842,0.2934485147826085,-0.2579261495652174,0.4778000000000001,1.0,True
1364,tail_base,,,,,,0.0243,True
1364,tail_tip,,,,,,0.0148,True
1364,withers,772.408,239.058,0.3633160382608695,-0.3318543313043479,0.4660999999999999,0.8651,True
1365,occipital_protuberance,745.808,267.286,0.2935021913043478,-0.2571805739130435,0.473,1.0,True
1365,tail_base,,,,,,0.0243,True
1365,tail_tip,,,,,,0.0145,True
1365,withers,772.46,239.228,0.3633435391304349,-0.3312828469565217,0.4669000000000001,0.8385,True
1366,occipital_protuberance,745.6020000000001,267.682,0.2927011956521742,-0.2558814130434783,0.475,1.0,True
1366,tail_base,,,,,,0.0251,True
1366,tail_tip,,,,,,0.0151,True
1366,withers,772.354,239.402,0.3631678669565218,-0.3309104252173913,0.4660999999999999,0.8382,True
1367,occipital_protuberance,745.434,268.12,0.2923501456521738,-0.2547672608695652,0.474,1.0,True
1367,tail_base,,,,,,0.0251,True
1367,tail_tip,,,,,,0.0149,True
1367,withers,772.3280000000001,239.644,0.3625499530434785,-0.3297492756521739,0.4699000000000001,0.8454,True
1368,occipital_protuberance,745.24,268.536,0.2924985652173913,-0.2542102695652173,0.468,0.9897,True
1368,tail_base,,,,,,0.0228,True
1368,tail_tip,,,,,,0.0158,True
1368,withers,772.3059999999999,239.886,0.3622020560869562,-0.3288251308695651,0.4719000000000001,0.797,True
1369,occipital_protuberance,745.0240000000001,268.932,0.2923548521739134,-0.2535055956521739,0.464,0.9608,True
1369,tail_base,,,,,,0.0237,True
1369,tail_tip,,,,,,0.0149,True
1369,withers,772.114,239.938,0.362222123478261,-0.3291786834782608,0.4680999999999999,0.8048,True
1370,occipital_protuberance,744.8520000000001,269.504,0.2929017826086958,-0.252798608695652,0.4585,0.9486,True
1370,tail_base,,,,,,0.0236,True
1370,tail_tip,,,,,,0.0168,True
1370,withers,771.9219999999999,240.12,0.3614089226086954,-0.3284190782608696,0.4700999999999999,0.812,True
1371,occipital_protuberance,744.736,270.10200000000003,0.29430816,-0.2526133799999999,0.4433000000000002,0.9297,True
1371,tail_base,,,,,,0.0216,True
1371,tail_tip,,,,,,0.0159,True
1371,withers,771.8720000000001,240.276,0.3611572730434784,-0.3278875982608695,0.4709000000000001,0.8113,True
1372,occipital_protuberance,744.684,270.63,0.2961191756521739,-0.2528005304347827,0.4260999999999999,0.9135,True
1372,tail_base,,,,,,0.0225,True
1372,tail_tip,,,,,,0.0164,True
1372,withers,771.7760000000001,240.332,0.3606078886956523,-0.3274740834782608,0.4729000000000001,0.8024,True
1373,occipital_protuberance,744.6560000000001,271.14,0.2975415582608697,-0.2526328434782608,0.4164000000000001,0.9048,True
1373,tail_base,,,,,,0.0213,True
1373,tail_tip,,,,,,0.0152,True
1373,withers,771.6699999999998,240.422,0.3597739630434778,-0.3267338873913045,0.4766999999999998,0.8038,True
1374,occipital_protuberance,744.728,271.672,0.2984520330434781,-0.2517155982608695,0.4101999999999998,0.9016,True
1374,tail_base,,,,,,0.0214,True
1374,tail_tip,,,,,,0.0152,True
1374,withers,771.698,240.69,0.35985047,-0.3260016065217391,0.4766999999999998,0.8083,True
1375,occipital_protuberance,744.698,272.132,0.2998914886956521,-0.2516845147826086,0.3968000000000002,0.9001,True
1375,tail_base,,,,,,0.022,True
1375,tail_tip,,,,,,0.017,True
1375,withers,771.672,240.846,0.3599225495652174,-0.3257048686956522,0.4756999999999998,0.8099,True
1376,occipital_protuberance,744.734,272.704,0.3007231895652175,-0.250653384347826,0.3939000000000001,0.921,True
1376,tail_base,,,,,,0.023,True
1376,tail_tip,,,,,,0.0158,True
1376,withers,771.7379999999999,241.016,0.360503900869565,-0.3256023026086956,0.4729000000000001,0.8141,True
1377,occipital_protuberance,744.708,273.26000000000005,0.3016045652173912,-0.2498489130434781,0.3855,0.9194,True
1377,tail_base,,,,,,0.0256,True
1377,tail_tip,,,,,,0.0151,True
1377,withers,771.756,241.118,0.360839584347826,-0.3255816165217391,0.4709000000000001,0.8302,True
1378,occipital_protuberance,744.602,273.85600000000005,0.3017995095652173,-0.2485441669565215,0.3845999999999999,0.9336,True
1378,tail_base,,,,,,0.0273,True
1378,tail_tip,,,,,,0.0178,True
1378,withers,771.742,241.174,0.3610589986956521,-0.3256607352173913,0.4690999999999999,0.8299,True
1379,occipital_protuberance,744.382,274.414,0.3020270478260868,-0.2476412304347826,0.377,0.9323,True
1379,tail_base,,,,,,0.0254,True
1379,tail_tip,,,,,,0.0172,True
1379,withers,771.8340000000001,241.212,0.3615977343478262,-0.3258148252173913,0.4670999999999999,0.8417,True
1380,occipital_protuberance,744.1479999999999,274.886,0.301848073043478,-0.2466825756521738,0.3725999999999999,0.9201,True
1380,tail_base,,,,,,0.0307,True
1380,tail_tip,,,,,,0.0165,True
1380,withers,771.9739999999999,241.19,0.3625268399999998,-0.326365904347826,0.4633000000000001,0.8259,True
1381,occipital_protuberance,743.888,275.238,0.300981603478261,-0.2455702552173913,0.3735999999999999,0.9308,True
1381,tail_base,,,,,,0.0333,True
1381,tail_tip,,,,,,0.0185,True
1381,withers,772.014,241.17,0.363354185652174,-0.3270666586956522,0.4583000000000002,0.8489,True
1382,occipital_protuberance,743.6940000000001,275.57000000000005,0.3000588769565219,-0.2443147239130433,0.3768000000000002,0.9402,True
1382,tail_base,,,,,,0.0375,True
1382,tail_tip,,,,,,0.0176,True
1382,withers,772.074,241.148,0.3644955282608694,-0.3280056826086956,0.4515,0.8466,True
1383,occipital_protuberance,743.5840000000001,275.794,0.2997405704347827,-0.2436665360869565,0.3768000000000002,0.9352,True
1383,tail_base,,,,,,0.0372,True
1383,tail_tip,,,,,,0.0159,True
1383,withers,772.154,241.088,0.3651472478260869,-0.3285590260869564,0.4485,0.8643,True
1384,occipital_protuberance,743.548,275.928,0.299141167826087,-0.2428766973913044,0.3811999999999998,0.9476,True
1384,tail_base,,,,,,0.0276,True
1384,tail_tip,,,,,,0.0153,True
1384,withers,772.104,241.004,0.3655834608695653,-0.3293084956521739,0.4445,0.8643,True
1385,occipital_protuberance,743.6560000000001,276.164,0.2990926278260871,-0.2419033104347826,0.3844000000000001,0.9507,True
1385,tail_base,,,,,,0.0286,True
1385,tail_tip,,,,,,0.016,True
1385,withers,771.978,240.942,0.3653782239130433,-0.3296094847826087,0.4435,0.8494,True
1386,occipital_protuberance,743.854,276.25,0.2999122904347827,-0.2418554347826087,0.3821999999999998,0.9534,True
1386,tail_base,,,,,,0.0284,True
1386,tail_tip,,,,,,0.0188,True
1386,withers,771.85,240.824,0.3643072826086956,-0.3292884695652174,0.4485,0.8637,True
1387,occipital_protuberance,744.0500000000001,276.326,0.3009759347826089,-0.2420361399999999,0.3778000000000002,0.9408,True
1387,tail_base,,,,,,0.0305,True
1387,tail_tip,,,,,,0.0163,True
1387,withers,771.738,240.734,0.3627377191304349,-0.3283963382608695,0.4573000000000002,0.8585,True
1388,occipital_protuberance,744.2180000000001,276.47,0.3018243904347828,-0.2419101434782608,0.3745999999999999,0.9665,True
1388,tail_base,,,,,,0.0315,True
1388,tail_tip,,,,,,0.0163,True
1388,withers,771.6020000000001,240.632,0.361533581304348,-0.327924655652174,0.4630999999999999,0.848,True
1389,occipital_protuberance,744.406,276.72,0.3034810056521737,-0.2420732347826086,0.3648000000000002,0.9662,True
1389,tail_base,,,,,,0.0312,True
1389,tail_tip,,,,,,0.0163,True
1389,withers,771.554,240.334,0.3612587234782608,-0.3286132417391305,0.4640999999999999,0.8476,True
1390,occipital_protuberance,744.654,276.958,0.3048161504347826,-0.2418688513043479,0.3594000000000001,0.9643,True
1390,tail_base,,,,,,0.0343,True
1390,tail_tip,,,,,,0.0161,True
1390,withers,771.498,240.002,0.3606761447826088,-0.3291336447826087,0.4670999999999999,0.8465,True
1391,occipital_protuberance,744.87,277.36,0.3060608152173913,-0.2411830434782608,0.354,0.9573,True
1391,tail_base,,,,,,0.0372,True
1391,tail_tip,,,,,,0.0142,True
1391,withers,771.558,239.72600000000003,0.3604403204347826,-0.3295246134782608,0.4699000000000001,0.8642,True
1392,occipital_protuberance,745.1879999999999,277.808,0.3071032260869561,-0.2399649043478261,0.353,0.9686,True
1392,tail_base,,,,,,0.0369,True
1392,tail_tip,,,,,,0.0199,True
1392,withers,771.664,239.49,0.3607307373913043,-0.330171202173913,0.4699000000000001,0.8454,True
1393,occipital_protuberance,745.506,278.358,0.309178452173913,-0.2392465565217391,0.343,0.9662,True
1393,tail_base,,,,,,0.0435,True
1393,tail_tip,,,,,,0.0154,True
1393,withers,771.7439999999999,239.32,0.3626396799999997,-0.3321848173913043,0.4580999999999999,0.8324,True
1394,occipital_protuberance,745.7119999999999,279.032,0.3117354956521735,-0.2387675913043478,0.326,0.9605,True
1394,tail_base,,,,,,0.0471,True
1394,tail_tip,,,,,,0.0154,True
1394,withers,771.7379999999999,239.53000000000003,0.3626231643478259,-0.3316067695652173,0.4580999999999999,0.8291,True
1395,occipital_protuberance,745.892,279.736,0.3154430600000001,-0.2390994765217391,0.2984000000000001,0.9432,True
1395,tail_base,,,,,,0.0475,True
1395,tail_tip,,,,,,0.0156,True
1395,withers,771.892,239.87,0.3636205095652175,-0.3311931869565218,0.4540999999999999,0.8277,True
1396,occipital_protuberance,746.0319999999999,280.444,0.3189258156521737,-0.2392906121739129,0.2718000000000002,0.9393,True
1396,tail_base,,,,,,0.0554,True
1396,tail_tip,,,,,,0.0193,True
1396,withers,771.924,240.256,0.3641102399999999,-0.3304934399999999,0.4513000000000002,0.8323,True
1397,occipital_protuberance,746.23,281.15600000000006,0.3215997782608696,-0.2386916399999998,0.2538000000000002,0.9723,True
1397,tail_base,,,,,,0.0469,True
1397,tail_tip,,,,,,0.0176,True
1397,withers,771.936,240.64,0.3654053565217392,-0.330575304347826,0.4425,0.8765,True
1398,occipital_protuberance,746.368,281.776,0.323196855652174,-0.2376819234782608,0.2435999999999999,0.9849,True
1398,tail_base,,,,,,0.0422,True
1398,tail_tip,,,,,,0.0189,True
1398,withers,772.0060000000001,240.976,0.3657427108695654,-0.3297741043478261,0.4415,0.8995,True
1399,occipital_protuberance,746.7620000000001,282.228,0.3243940160869566,-0.2363085313043477,0.2435999999999999,0.9964,True
1399,tail_base,,,,,,0.0392,True
1399,tail_tip,,,,,,0.0168,True
1399,withers,772.184,241.216,0.3653738173913043,-0.3283344695652175,0.4475,0.9014,True
1400,occipital_protuberance,747.092,282.616,0.3244189173913042,-0.234423052173913,0.252,0.9991,True
1400,tail_base,,,,,,0.0405,True
1400,tail_tip,,,,,,0.0188,True
1400,withers,772.238,241.36600000000004,0.3649481326086958,-0.3274040499999999,0.4515,0.9036,True
1401,occipital_protuberance,747.362,282.874,0.3241165421739129,-0.2328366873913044,0.2615999999999999,1.0,True
1401,tail_base,,,,,,0.0442,True
1401,tail_tip,,,,,,0.0171,True
1401,withers,772.298,241.43,0.3658327304347826,-0.3278718260869566,0.4465,0.9164,True
1402,occipital_protuberance,747.392,283.102,0.3246039930434785,-0.2324325634782609,0.2581999999999998,1.0,True
1402,tail_base,,,,,,0.044,True
1402,tail_tip,,,,,,0.0156,True
1402,withers,772.314,241.534,0.3660207934782607,-0.3277130108695651,0.4455,0.9187,True
1403,occipital_protuberance,747.384,283.334,0.3240428921739131,-0.2313479882608695,0.2628000000000002,1.0,True
1403,tail_base,,,,,,0.0434,True
1403,tail_tip,,,,,,0.0152,True
1403,withers,772.218,241.676,0.3653240826086955,-0.3269343565217391,0.4485,0.9148,True
1404,occipital_protuberance,746.9019999999999,283.53000000000003,0.3212637495652172,-0.2298089739130434,0.2741999999999998,1.0,True
1404,tail_base,,,,,,0.0413,True
1404,tail_tip,,,,,,0.016,True
1404,withers,772.0039999999999,241.784,0.3665980652173911,-0.3283063913043478,0.4355,0.9261,True
1405,occipital_protuberance,746.094,283.776,0.3181666804347827,-0.2285891478260869,0.28,0.9986,True
1405,tail_base,,,,,,0.0381,True
1405,tail_tip,,,,,,0.0158,True
1405,withers,771.518,241.958,0.3656772217391305,-0.3282080826086956,0.4325,0.9289,True
1406,occipital_protuberance,744.7959999999999,284.1,0.3132261313043476,-0.2268584999999999,0.2926999999999998,0.9546,True
1406,tail_base,,,,,,0.034,True
1406,tail_tip,,,,,,0.0152,True
1406,withers,770.5199999999999,242.198,0.3633279565217387,-0.3279249152173913,0.4295,0.9283,True
1407,occipital_protuberance,742.992,284.63199999999995,0.3060429669565216,-0.2239576504347827,0.3121999999999998,0.9127,True
1407,tail_base,,,,,,0.0266,True
1407,tail_tip,,,,,,0.019,True
1407,withers,769.124,242.458,0.3607050869565218,-0.3283510217391304,0.4205,0.9103,True
1408,occipital_protuberance,741.316,285.07,0.2988601747826088,-0.2210272108695652,0.3321999999999998,0.9492,True
1408,tail_base,,,,,,0.026,True
1408,tail_tip,,,,,,0.0186,True
1408,withers,767.8140000000001,242.708,0.3574624152173915,-0.3280351260869565,0.4175,0.9571,True
1409,occipital_protuberance,739.234,285.874,0.2921146943478261,-0.2182043839130435,0.3378000000000001,0.9082,True
1409,tail_base,,,,,,0.0259,True
1409,tail_tip,,,,,,0.0271,True
1409,withers,765.914,242.966,0.3517380217391304,-0.3269319347826087,0.427,0.9998,True
1410,occipital_protuberance,736.682,286.926,0.283299277826087,-0.2141227056521739,0.3466999999999998,0.9086,True
1410,tail_base,,,,,,0.0257,True
1410,tail_tip,,,,,,0.0257,True
1410,withers,763.694,243.32,0.3455364999999998,-0.3259430434782608,0.427,1.0,True
1411,occipital_protuberance,733.366,288.136,0.2733594104347825,-0.2104052939130434,0.3454000000000001,0.8987,True
1411,tail_base,,,,,,0.0303,True
1411,tail_tip,772.52,306.41,0.4337149130434782,-0.1753907499999999,0.007,0.0172,True
1411,withers,761.026,243.81800000000004,0.3401093699999998,-0.3264966769565216,0.4050999999999999,0.983,True
1412,occipital_protuberance,729.5840000000001,289.36400000000003,0.2640780521739132,-0.2082226434782607,0.32,0.9573,True
1412,tail_base,823.12,276.89,0.564487304347826,-0.2561956086956522,0.1175,0.0237,True
1412,tail_tip,774.105,309.155,0.4364243152173914,-0.1654673152173914,0.0205,0.2384,True
1412,withers,758.0219999999999,244.31,0.3324628426086955,-0.3258937,0.3989000000000001,0.9502,True
1413,occipital_protuberance,724.368,290.60600000000005,0.2515083443478262,-0.2068695482608694,0.2824000000000001,0.9689,True
1413,tail_base,823.185,276.25,0.5605062771739129,-0.2562567934782608,0.1385,0.2657,True
1413,tail_tip,775.8366666666667,311.38,0.4398942487922706,-0.1574512898550725,0.0281666666666665,0.8371,True
1413,withers,753.8459999999999,245.146,0.3223326747826084,-0.3251866295652174,0.3891999999999998,0.9934,True
1414,occipital_protuberance,718.698,291.48400000000004,0.2369836295652173,-0.206322528695652,0.2685999999999999,0.9199,True
1414,tail_base,823.2666666666668,275.31333333333333,0.5638106038647346,-0.2605342342995169,0.1231666666666665,0.3097,True
1414,tail_tip,777.3675000000001,312.725,0.4460337656250002,-0.1535024388586955,0.01675,0.8085,True
1414,withers,749.2139999999999,246.204,0.3110462204347824,-0.3240959556521738,0.3838000000000002,0.9608,True
1415,occipital_protuberance,712.524,292.086,0.2207725156521739,-0.206739074347826,0.2384,0.9184,True
1415,tail_base,823.3575,274.675,0.5649702968749999,-0.2629076562499999,0.11875,0.588,True
1415,tail_tip,779.302,313.42600000000004,0.452610367826087,-0.151325000869565,0.0148000000000001,0.9256,True
1415,withers,744.378,247.39,0.3003136586956523,-0.323998554347826,0.3605,0.9268,True
1416,occipital_protuberance,706.252,292.18600000000004,0.2038113156521737,-0.2086165030434781,0.2158000000000001,0.9583,True
1416,tail_base,823.5,273.922,0.5661772826086957,-0.2655880552173912,0.1149,0.57,True
1416,tail_tip,782.96,314.85,0.462195895652174,-0.1459719130434782,0.0260999999999999,0.9802,True
1416,withers,739.5319999999999,248.486,0.2870632704347823,-0.3216209213043478,0.3610999999999999,0.9512,True
1417,occipital_protuberance,699.5699999999999,291.96200000000005,0.1846022499999998,-0.2108438456521737,0.1985,0.9562,True
1417,tail_base,823.368,272.19000000000005,0.5657700052173914,-0.2709320282608694,0.1184,0.5493,True
1417,tail_tip,786.542,314.12600000000003,0.4729165195652175,-0.1480433760869564,0.028,0.9795,True
1417,withers,734.362,249.596,0.2731369630434782,-0.3195715782608695,0.3585,0.9656,True
1418,occipital_protuberance,693.2139999999999,291.248,0.1656806321739128,-0.2140578573913044,0.1885999999999999,0.9472,True
1418,tail_base,823.2860000000001,270.262,0.5625286408695653,-0.2754176269565217,0.1364000000000001,0.5406,True
1418,tail_tip,789.6759999999999,311.67600000000004,0.4854708521739128,-0.1567378434782607,0.013,0.9338,True
1418,withers,729.4220000000001,250.458,0.2595765143478264,-0.3179813752173913,0.3614000000000001,1.0,True
1419,occipital_protuberance,686.6299999999999,290.198,0.1457491608695648,-0.2181767730434783,0.1774,0.9315,True
1419,tail_base,822.7719999999999,268.496,0.5535607617391303,-0.2771377669565218,0.1735999999999999,0.5928,True
1419,tail_tip,792.53,308.176,0.4947277391304347,-0.1680900173913043,0.0165,0.9129,True
1419,withers,724.626,250.962,0.2462432630434782,-0.3172768760869566,0.362,0.9664,True
1420,occipital_protuberance,680.062,288.91400000000004,0.1258208073913043,-0.2232564004347824,0.1635999999999999,0.8971,True
1420,tail_base,821.766,266.608,0.5463253730434781,-0.2807038678260869,0.1948000000000002,0.541,True
1420,tail_tip,794.702,304.098,0.5027142382608696,-0.1816571947826086,0.0144,0.8039,True
1420,withers,719.426,251.334,0.2317685213043479,-0.3170921126086957,0.3544000000000001,0.9589,True
1421,occipital_protuberance,673.682,287.88199999999995,0.1062520656521739,-0.2275009343478262,0.1543000000000002,0.9124,True
1421,tail_base,819.966,264.85400000000004,0.5332862056521739,-0.281942418695652,0.2308000000000001,0.6873,True
1421,tail_tip,796.366,299.726,0.511112864347826,-0.1970173617391304,-0.0031999999999998,0.9758,True
1421,withers,713.704,252.08,0.2153438608695651,-0.3153140869565218,0.358,1.0,True
1422,occipital_protuberance,667.5319999999999,286.76800000000003,0.0869292973913041,-0.2312220799999999,0.1551999999999998,0.9671,True
1422,tail_base,818.086,263.15,0.5216758369565218,-0.2837073369565218,0.255,0.7193,True
1422,tail_tip,797.8639999999999,295.772,0.5169359634782605,-0.2103187747826087,-0.0050999999999999,0.9326,True
1422,withers,707.946,253.08,0.1991851760869566,-0.313438304347826,0.356,0.9495,True
1423,occipital_protuberance,661.358,286.136,0.0677930778260867,-0.2344539704347827,0.1398000000000001,0.9831,True
1423,tail_base,815.466,261.40600000000006,0.5114833900000001,-0.2874015099999998,0.2681999999999998,0.749,True
1423,tail_tip,799.46,292.15,0.5182103347826088,-0.2204977500000001,0.0211999999999998,0.8868,True
1423,withers,701.9620000000001,254.484,0.1819392900000003,-0.3098270895652174,0.3515999999999999,0.9783,True
1424,occipital_protuberance,655.3900000000001,285.736,0.0489803478260872,-0.236353252173913,0.1285,0.969,True
1424,tail_base,812.452,259.336,0.5014979139130435,-0.2927352886956523,0.2680999999999999,0.9091,True
1424,tail_tip,800.9440000000001,289.22,0.5227880973913046,-0.2299119043478261,0.0190999999999999,0.8539,True
1424,withers,695.992,256.25,0.1644825860869564,-0.304776902173913,0.3504000000000001,0.8833,True
1425,occipital_protuberance,649.6360000000001,285.454,0.0306403852173915,-0.2370400743478261,0.1345999999999999,0.9721,True
1425,tail_base,808.682,256.584,0.4861341900000001,-0.2980404156521739,0.2825999999999999,0.9124,True
1425,tail_tip,802.0840000000001,286.916,0.5243065043478263,-0.236410852173913,0.028,0.9461,True
1425,withers,690.2059999999999,258.29,0.1476711260869562,-0.2991600652173912,0.347,0.9582,True
1426,occipital_protuberance,643.9480000000001,285.482,0.0125100104347829,-0.2361248626086955,0.1518000000000001,1.0,True
1426,tail_base,804.818,253.582,0.47059122,-0.3038465243478262,0.3006999999999998,0.8801,True
1426,tail_tip,803.078,285.22,0.5265292295652173,-0.2414418608695653,0.0335999999999999,0.9803,True
1426,withers,685.3599999999999,260.024,0.133466869565217,-0.2941685130434782,0.346,0.9667,True
1427,occipital_protuberance,638.458,285.904,-0.0048777482608696,-0.2343849773913043,0.1638000000000002,1.0,True
1427,tail_base,800.674,250.81,0.4547772782608695,-0.3090551739130435,0.33,0.8927,True
1427,tail_tip,803.6780000000001,283.736,0.5296762408695656,-0.2467969356521739,0.0268000000000001,0.9978,True
1427,withers,680.738,261.838,0.1194243326086958,-0.2877640369565216,0.356,0.9259,True
1428,occipital_protuberance,633.184,286.75,-0.0214185391304348,-0.2301801630434782,0.197,0.9425,True
1428,tail_base,795.536,249.09,0.4391863269565216,-0.3131760847826087,0.3456999999999998,0.9245,True
1428,tail_tip,803.708,282.37,0.5338304347826086,-0.253141304347826,0.0005,1.0,True
1428,withers,676.48,263.514,0.1067674434782609,-0.2823893517391304,0.3674000000000001,0.9769,True
1429,occipital_protuberance,627.986,288.196,-0.0376012082608695,-0.2247309104347825,0.2165999999999999,0.9777,True
1429,tail_base,790.236,248.18400000000003,0.4203995199999999,-0.3128903373913043,0.3790999999999999,0.8921,True
1429,tail_tip,803.1600000000001,280.58000000000004,0.531795191304348,-0.2588574043478259,0.0019,0.9875,True
1429,withers,672.118,265.136,0.0939591143478262,-0.2775184452173913,0.3685999999999999,0.9012,True
1430,occipital_protuberance,622.8299999999999,290.324,-0.0536002608695654,-0.217510295652174,0.238,0.9276,True
1430,tail_base,785.02,247.926,0.4066234695652173,-0.3142457504347826,0.3774,0.8485,True
1430,tail_tip,801.458,278.118,0.5276868634782608,-0.2676117365217391,-0.0063000000000001,0.9692,True
1430,withers,667.586,266.946,0.0805331291304348,-0.2716569926086956,0.3741999999999998,0.9792,True
1431,occipital_protuberance,617.9219999999999,293.054,-0.0688017673913046,-0.2086241108695653,0.251,0.9768,True
1431,tail_base,779.182,248.316,0.3922209273913044,-0.314730367826087,0.3774,0.8928,True
1431,tail_tip,798.556,275.37800000000004,0.5165823417391306,-0.2757021552173912,0.0065999999999999,0.953,True
1431,withers,662.5899999999999,268.928,0.0658154739130432,-0.265336292173913,0.3865999999999999,0.9631,True
1432,occipital_protuberance,613.242,296.568,-0.083240647826087,-0.1973286782608696,0.248,0.9253,True
1432,tail_base,772.9639999999999,248.81800000000004,0.3781669591304346,-0.3162161099999999,0.3674000000000001,0.9288,True
1432,tail_tip,794.0440000000001,272.71000000000004,0.5023508791304351,-0.2846602804347825,-0.0031999999999998,0.9077,True
1432,withers,657.012,271.008,0.0496639452173911,-0.2597986017391305,0.3811999999999998,0.8999,True
1433,occipital_protuberance,608.62,300.36600000000004,-0.0976668391304347,-0.1856043430434781,0.2395999999999999,0.9535,True
1433,tail_base,767.408,248.748,0.3633897739130435,-0.317310052173913,0.38,0.8928,True
1433,tail_tip,788.464,270.432,0.4832503200000001,-0.2915438399999999,-0.0105999999999999,0.9965,True
1433,withers,651.4,273.204,0.0333896086956521,-0.2542179365217391,0.3794,0.9079,True
1434,occipital_protuberance,604.238,304.42600000000004,-0.1114530504347824,-0.1731975791304346,0.2288000000000001,0.9704,True
1434,tail_base,761.38,248.25600000000003,0.347648152173913,-0.3200493913043477,0.3725,0.8964,True
1434,tail_tip,782.504,268.446,0.464717935652174,-0.2985655552173912,-0.0096999999999998,0.8877,True
1434,withers,645.5240000000001,275.846,0.0161925252173916,-0.2466809860869565,0.3771999999999998,0.987,True
1435,occipital_protuberance,600.212,308.804,-0.1242683034782609,-0.1598984634782609,0.2185999999999999,0.9452,True
1435,tail_base,755.0939999999999,248.54,0.3297693304347824,-0.3193571304347825,0.368,0.9907,True
1435,tail_tip,776.836,266.972,0.4464423234782609,-0.3035139617391305,-0.0045999999999999,0.8951,True
1435,withers,639.5840000000001,278.284,-0.0012219547826085,-0.2400318678260869,0.3715999999999999,0.896,True
1436,occipital_protuberance,596.402,313.466,-0.1370114539130433,-0.1462381530434782,0.1933000000000002,0.9345,True
1436,tail_base,748.854,248.584,0.3099026052173914,-0.3171965078260869,0.3883000000000002,0.9721,True
1436,tail_tip,771.42,265.98400000000004,0.4307147652173911,-0.308127220869565,-0.0111999999999998,0.9539,True
1436,withers,633.0260000000001,280.966,-0.0206384917391302,-0.2338890960869565,0.3619000000000001,0.9414,True
1437,occipital_protuberance,593.206,318.04200000000003,-0.1471162669565217,-0.1319123034782608,0.1885999999999999,0.9345,True
1437,tail_base,742.5260000000001,248.662,0.2903491743478262,-0.3153043752173913,0.4055999999999999,0.9085,True
1437,tail_tip,767.132,265.36,0.4162743878260868,-0.3098842782608695,-0.0014,0.9322,True
1437,withers,626.89,283.49,-0.0389766,-0.227467556521739,0.3678000000000002,0.9495,True
1438,occipital_protuberance,590.596,322.73,-0.15545076,-0.1172708652173912,0.1861999999999998,0.9634,True
1438,tail_base,735.928,249.092,0.2713302626086956,-0.3137008669565216,0.4158000000000001,0.9285,True
1438,tail_tip,763.572,264.772,0.4049937982608695,-0.3120994191304348,-0.0006999999999998,0.9621,True
1438,withers,620.37,286.206,-0.058706502173913,-0.220692186521739,0.3665999999999999,0.9776,True
1439,occipital_protuberance,588.7139999999999,327.632,-0.1618073300000002,-0.1021210399999999,0.1894000000000001,0.9547,True
1439,tail_base,729.53,249.46,0.2547517760869565,-0.3145343608695653,0.4141999999999998,0.9323,True
1439,tail_tip,760.45,264.51,0.3949450760869566,-0.3131034065217391,0.0014,0.9274,True
1439,withers,614.528,288.6,-0.0769143652173912,-0.215596956521739,0.34,0.8791,True
1440,occipital_protuberance,587.096,332.39,-0.1679702,-0.08766175,0.1855,1.0,True
1440,tail_base,723.396,249.512,0.2376967295652172,-0.3149148191304347,0.4168000000000001,0.9709,True
1440,tail_tip,757.486,264.50600000000003,0.3862990760869564,-0.3139884239130433,-0.007,0.9589,True
1440,withers,609.124,290.976,-0.0937355086956521,-0.2095478608695652,0.325,0.9059,True
1441,occipital_protuberance,585.696,336.73,-0.1733005913043477,-0.0742616521739131,0.178,0.9339,True
1441,tail_base,717.432,249.39,0.2231724904347826,-0.318797256521739,0.3909000000000001,0.9538,True
1441,tail_tip,754.6220000000001,264.528,0.3777542434782611,-0.3146425043478262,-0.014,0.9683,True
1441,withers,604.5319999999999,293.12,-0.1081388478260872,-0.2039113043478261,0.298,0.9286,True
1442,occipital_protuberance,584.216,340.946,-0.1797700034782608,-0.0614035860869564,0.1491999999999998,0.9886,True
1442,tail_base,711.4459999999999,249.18400000000003,0.2064012813043476,-0.3201377878260869,0.3916999999999998,0.9285,True
1442,tail_tip,751.828,264.506,0.3687163643478259,-0.314860325652174,-0.0119,0.9245,True
1442,withers,600.112,295.288,-0.1218665113043479,-0.1977092278260869,0.2851999999999998,0.8802,True
1443,occipital_protuberance,583.3900000000001,345.224,-0.1833794804347822,-0.0478646034782609,0.1298000000000002,0.8785,True
1443,tail_base,705.652,248.63,0.1899626347826088,-0.3222466739130435,0.391,0.9498,True
1443,tail_tip,749.1719999999999,264.61400000000003,0.3599590704347823,-0.3145042308695651,-0.0119,1.0,True
1443,withers,596.65,297.188,-0.1325002173913044,-0.1919862434782609,0.28,0.9322,True
1444,occipital_protuberance,583.038,348.69,-0.1838758126086956,-0.0365091717391304,0.1401999999999998,0.9586,True
1444,tail_base,699.99,248.724,0.173292852173913,-0.3214424973913042,0.3989000000000001,0.936,True
1444,tail_tip,745.6479999999999,264.706,0.3488221356521736,-0.3146359286956521,-0.0125999999999999,0.9738,True
1444,withers,593.208,299.07800000000003,-0.14177976,-0.1845936599999998,0.3044000000000001,0.9375,True
1445,occipital_protuberance,582.99,351.87,-0.1822708847826087,-0.0259930239130434,0.1650999999999999,0.9399,True
1445,tail_base,694.33,248.936,0.1566239413043479,-0.320178196521739,0.4078000000000001,0.9622,True
1445,tail_tip,741.494,264.926,0.3352611586956523,-0.3140542239130435,-0.0105,0.9605,True
1445,withers,590.176,300.982,-0.1493745182608694,-0.17693853,0.3298000000000002,0.9871,True
1446,occipital_protuberance,583.26,355.112,-0.1791503826086956,-0.0154333286956521,0.2016999999999998,0.9446,True
1446,tail_base,689.072,249.574,0.1413486956521739,-0.3180748913043478,0.4135,0.9542,True
1446,tail_tip,737.018,265.27000000000004,0.3204757630434783,-0.3129179021739129,-0.007,0.9961,True
1446,withers,587.2560000000001,303.314,-0.1564662226086954,-0.1681602513043479,0.3553000000000001,0.9737,True
1447,occipital_protuberance,583.5440000000001,357.852,-0.1761795391304345,-0.0067031608695652,0.239,0.9502,True
1447,tail_base,683.8040000000001,250.592,0.1256317765217393,-0.3137869008695652,0.4214000000000001,1.0,True
1447,tail_tip,731.016,265.678,0.3013421043478259,-0.3122878391304347,-0.007,1.0,True
1447,withers,584.438,306.102,-0.1641977886956522,-0.1592803069565218,0.3656999999999998,0.8946,True
1448,occipital_protuberance,582.874,360.064,-0.1767056204347825,0.0001979686956522,0.2641999999999998,0.8918,True
1448,tail_base,678.674,251.988,0.1101368260869564,-0.3075993913043478,0.4435,0.9305,True
1448,tail_tip,723.58,266.148,0.2776127869565218,-0.3117314582608695,-0.0168000000000001,0.996,True
1448,withers,580.868,309.352,-0.173925208695652,-0.1489711826086957,0.3715,0.9905,True
1449,occipital_protuberance,581.226,362.798,-0.1808705965217391,0.0086105408695652,0.2788000000000001,0.9264,True
1449,tail_base,673.702,253.366,0.0959041695652173,-0.3034432739130435,0.4455,0.9835,True
1449,tail_tip,715.826,267.08000000000004,0.2518577073913044,-0.3086357999999998,-0.0133000000000001,0.9693,True
1449,withers,576.92,313.01,-0.1868813565217392,-0.1392129826086956,0.3484000000000001,0.8954,True
1450,occipital_protuberance,579.43,365.936,-0.1860815739130436,0.018236424347826,0.2835999999999999,0.9649,True
1450,tail_base,669.208,254.942,0.0828491269565216,-0.2979993008695651,0.4574000000000001,0.9526,True
1450,tail_tip,707.4780000000001,267.798,0.2240269600000002,-0.30611064,-0.0084,0.9976,True
1450,withers,572.728,317.328,-0.2018891217391305,-0.1280623826086957,0.313,0.9991,True
1451,occipital_protuberance,577.338,369.086,-0.1920998965217392,0.0278545156521737,0.2860999999999999,0.8873,True
1451,tail_base,664.6899999999999,256.616,0.0697546173913041,-0.2920822747826087,0.4678000000000001,0.8874,True
1451,tail_tip,698.694,268.694,0.1948640799999998,-0.3031359199999999,-0.0084,0.9817,True
1451,withers,568.824,321.466,-0.2167154469565218,-0.1173276530434782,0.2763000000000001,0.9068,True
1452,occipital_protuberance,575.432,372.932,-0.1976061530434782,0.0395775426086957,0.2839000000000001,0.9258,True
1452,tail_base,660.3839999999999,258.434,0.0575670747826084,-0.2868356317391303,0.4688000000000001,0.9926,True
1452,tail_tip,690.142,269.954,0.1661662278260871,-0.2984046139130434,0.0041999999999998,0.9258,True
1452,withers,565.456,325.586,-0.2259655513043477,-0.1043193078260869,0.3031999999999998,0.9897,True
1453,occipital_protuberance,573.626,377.324,-0.2032198730434783,0.0530415686956522,0.2751999999999998,0.9671,True
1453,tail_base,656.084,260.596,0.0455841539130433,-0.2817239017391305,0.4630999999999999,0.9568,True
1453,tail_tip,681.914,271.298,0.1374232495652173,-0.2908268617391304,0.0365999999999999,0.9353,True
1453,withers,562.7819999999999,329.807,-0.2346000345652175,-0.0917309285869566,0.2969000000000001,0.9236,True
1454,occipital_protuberance,572.146,381.88,-0.2081937730434784,0.0671335478260869,0.2726999999999998,0.9735,True
1454,tail_base,651.682,262.896,0.0331083117391304,-0.2752054017391304,0.4665999999999999,0.9519,True
1454,tail_tip,674.284,272.52,0.1109758173913043,-0.2831689565217392,0.082,0.9259,True
1454,withers,560.758,334.245,-0.241903431521739,-0.0786227364130434,0.2795,0.934,True
1455,occipital_protuberance,570.8460000000001,386.168,-0.2124531147826083,0.0803926469565217,0.2695999999999999,1.0,True
1455,tail_base,647.18,264.884,0.0204224173913042,-0.2705429878260869,0.4571999999999998,0.8327,True
1455,tail_tip,667.704,273.91400000000004,0.0884781443478259,-0.2749324839130433,0.1288000000000002,0.9295,True
1455,withers,559.128,338.095,-0.2455256339130433,-0.0665031038043479,0.2949000000000001,0.9426,False
1456,occipital_protuberance,569.674,390.536,-0.2165123504347827,0.0940110504347826,0.2705999999999999,0.9414,True
1456,tail_base,642.6479999999999,266.684,0.0075870956521736,-0.2673706260869564,0.438,0.9257,True
1456,tail_tip,662.0600000000001,275.166,0.0698966304347828,-0.2687946847826087,0.152,0.9889,True
1456,withers,557.798,342.291,-0.246275405,-0.0530557790217391,0.3356999999999998,0.911,True
1457,occipital_protuberance,568.6899999999999,394.762,-0.2200998652173914,0.1072936686956521,0.2634000000000001,0.933,True
1457,tail_base,637.836,268.13199999999995,-0.0062549008695651,-0.2655384626086958,0.4218000000000002,0.8746,True
1457,tail_tip,657.37,275.874,0.0543907565217391,-0.2634241095652175,0.1861999999999998,0.9763,True
1457,withers,556.624,346.67833333333334,-0.2513333269565217,-0.040157584963768,0.3296999999999998,1.0,True
1458,occipital_protuberance,567.92,399.154,-0.2231502782608696,0.1212156769565217,0.2473000000000002,0.8889,True
1458,tail_base,632.734,268.63800000000003,-0.0210935139130433,-0.2652278582608695,0.4101999999999998,0.8578,True
1458,tail_tip,654.086,276.53599999999994,0.0440309986956522,-0.2608975773913045,0.1911999999999998,0.9504,True
1458,withers,555.69,351.12600000000003,-0.2550377499999998,-0.0268438499999999,0.331,0.9861,True
1459,occipital_protuberance,567.78,403.42,-0.2243687,0.1348946130434783,0.2263000000000002,0.965,True
1459,tail_base,627.874,268.598,-0.0353156569565216,-0.2661983900000002,0.4085999999999999,0.8967,True
1459,tail_tip,651.4359999999999,276.69199999999995,0.0357300417391301,-0.2602831686956523,0.1925999999999999,0.937,True
1459,withers,554.9959999999999,355.634,-0.2573588495652178,-0.0132185395652175,0.3325999999999999,0.9712,False
1460,occipital_protuberance,567.854,407.88,-0.2248132095652172,0.1491982434782608,0.2141999999999998,0.9224,True
1460,tail_base,623.242,268.866,-0.0487876382608696,-0.2653188104347826,0.4175999999999999,0.937,True
1460,tail_tip,649.3219999999999,277.06,0.0291515152173909,-0.2593678043478261,0.19,0.9414,True
1460,withers,554.592,360.506,-0.2616455513043478,0.0015501199999999,0.2955999999999999,0.9896,False
1461,occipital_protuberance,568.432,412.334,-0.2234010678260869,0.1633617186956522,0.2091999999999998,0.9528,True
1461,tail_base,618.89,269.548,-0.0613061934782609,-0.2626844060869565,0.4311999999999998,0.8993,True
1461,tail_tip,647.17,277.16,0.0223610478260868,-0.258352747826087,0.2013000000000001,0.7707,True
1461,withers,554.3219999999999,365.43,-0.2666262108695655,0.0168979239130435,0.2435,0.985,True
1462,occipital_protuberance,568.95,416.988,-0.2226645217391303,0.1785954365217391,0.2048000000000001,0.9563,True
1462,tail_base,615.3199999999999,270.72,-0.0716471130434784,-0.2591837217391304,0.4356999999999998,0.8745,True
1462,tail_tip,645.3900000000001,277.706,0.0169070239130437,-0.2581348099999999,0.1881999999999998,0.8766,True
1462,withers,554.132,369.9366666666666,-0.2703161973913044,0.0312810586956519,0.2068000000000001,0.9621,True
1463,occipital_protuberance,570.1659999999999,421.57,-0.2204325391304349,0.1943470434782608,0.192,1.0,True
1463,tail_base,612.3019999999999,272.658,-0.0809142878260872,-0.255152564347826,0.4224000000000001,0.9386,True
1463,tail_tip,643.26,278.264,0.0102803391304347,-0.2577526991304347,0.1728000000000001,0.8774,True
1463,withers,554.1139999999999,374.524,-0.2712130513043481,0.0458642660869565,0.1978000000000001,0.917,True
1464,occipital_protuberance,571.514,426.09,-0.2161775478260869,0.2086145217391303,0.188,1.0,True
1464,tail_base,609.208,275.16,-0.0905083982608696,-0.2493742695652173,0.4058000000000001,0.9928,True
1464,tail_tip,640.96,279.06800000000004,0.0030434086956522,-0.2565720339130433,0.1574000000000001,0.9168,True
1464,withers,554.35,379.22,-0.2702443695652173,0.0606432782608694,0.2001999999999998,0.9869,True
1465,occipital_protuberance,572.9979999999999,430.7,-0.2120613300000002,0.2237655,0.1761999999999998,0.9581,True
1465,tail_base,606.14,277.75,-0.0999679695652174,-0.2428341847826086,0.3903000000000002,0.9597,True
1465,tail_tip,638.53,279.338,-0.0046825891304348,-0.2569435404347825,0.1434,0.9453,True
1465,withers,554.614,383.922,-0.2682234130434781,0.0751462826086955,0.22,0.9304,True
1466,occipital_protuberance,574.768,435.20200000000006,-0.2061898434782607,0.2377037130434784,0.173,0.9377,True
1466,tail_base,603.134,280.496,-0.1092836469565217,-0.2356775095652174,0.3758000000000002,0.9432,True
1466,tail_tip,636.848,279.704,-0.0100850295652175,-0.2569122886956521,0.1304000000000001,0.9483,True
1466,withers,555.032,388.554,-0.2653772295652173,0.0891815908695651,0.2555999999999999,0.9671,True
1467,occipital_protuberance,576.868,439.21400000000006,-0.1990304921739129,0.2497307452173915,0.1735999999999999,0.9337,True
1467,tail_base,600.254,283.484,-0.1180110582608695,-0.2271859843478261,0.3644000000000001,0.9371,True
1467,tail_tip,635.852,280.14,-0.0132898313043479,-0.2558644956521739,0.1299000000000001,0.9125,True
1467,withers,555.5139999999999,393.632,-0.2621269982608699,0.1043469356521739,0.2855999999999999,1.0,True
1468,occipital_protuberance,578.972,442.534,-0.1906063643478261,0.2577752126086957,0.2005999999999999,1.0,True
1468,tail_base,597.358,286.48,-0.1271009700000001,-0.2191375478260869,0.3458000000000001,0.9481,True
1468,tail_tip,635.434,280.652,-0.014682667826087,-0.2551555686956522,0.1190999999999999,0.9399,True
1468,withers,555.914,398.344,-0.2598805786956522,0.1185079669565217,0.2815999999999999,0.9808,True
1469,occipital_protuberance,581.0840000000001,445.706,-0.1832927991304345,0.266638818695652,0.2118000000000001,0.983,True
1469,tail_base,594.4280000000001,289.714,-0.136359349565217,-0.2103079356521739,0.3316999999999998,0.9915,True
1469,tail_tip,635.486,281.284,-0.0145674630434782,-0.2540302217391304,0.1085,0.9997,True
1469,withers,555.87,402.838,-0.2590106652173913,0.1318851643478261,0.2740999999999999,0.9832,True
1470,occipital_protuberance,583.332,448.398,-0.1753628217391304,0.2735533760869565,0.227,0.914,True
1470,tail_base,591.1700000000001,293.322,-0.1458106260869562,-0.1991063060869565,0.3373000000000001,0.9168,True
1470,tail_tip,635.5640000000001,282.402,-0.0143610678260867,-0.2512150904347828,0.0990999999999999,1.0,True
1470,withers,555.798,407.296,-0.2589028452173913,0.1454249182608695,0.2706999999999998,0.9366,True
1471,occipital_protuberance,585.296,451.122,-0.1694396939130433,0.2822404904347826,0.2244000000000001,0.9981,True
1471,tail_base,587.72,297.036,-0.1573741652173912,-0.1895353278260869,0.3115999999999999,0.8302,True
1471,tail_tip,635.118,283.844,-0.0157985765217389,-0.2464474382608695,0.1003000000000001,1.0,True
1471,withers,555.5360000000001,411.626,-0.2588270747826085,0.1582000208695653,0.2838000000000001,1.0,True
1472,occipital_protuberance,587.0219999999999,453.912,-0.1639553930434784,0.290637224347826,0.2198000000000002,1.0,True
1472,tail_base,584.1,300.85,-0.1685506521739129,-0.1783501086956521,0.3105,0.8082,True
1472,tail_tip,633.688,285.458,-0.0203987373913043,-0.2409002982608696,0.1113000000000001,1.0,True
1472,withers,555.308,415.5559999999999,-0.2585315356521739,0.1695907286956519,0.2945999999999999,0.947,True
1473,occipital_protuberance,588.954,456.862,-0.1577765278260871,0.2993878078260868,0.2164000000000001,0.993,True
1473,tail_base,580.69,304.82,-0.1779299999999998,-0.16554,0.321,0.8468,True
1473,tail_tip,631.414,287.286,-0.0275741256521739,-0.2335225917391304,0.1334000000000001,0.945,True
1473,withers,555.004,419.338,-0.2600138504347825,0.1815226817391305,0.2920999999999999,0.9893,True
1474,occipital_protuberance,590.658,459.634,-0.1522522495652173,0.3074358686956522,0.2176999999999998,1.0,True
1474,tail_base,577.7700000000001,308.796,-0.1865276608695649,-0.1534784243478261,0.3164,0.7379,True
1474,tail_tip,628.64,289.312,-0.0364162086956522,-0.2266011408695651,0.1468000000000001,0.9938,True
1474,withers,554.73,422.956,-0.261982806521739,0.1934254669565217,0.2799000000000001,0.9476,True
1475,occipital_protuberance,591.922,462.148,-0.1478503017391303,0.3141273060869565,0.2238000000000002,0.9348,True
1475,tail_base,574.5620000000001,312.81000000000006,-0.1969399286956518,-0.1420213826086954,0.3051999999999998,0.8036,True
1475,tail_tip,625.708,291.808,-0.0457934321739131,-0.2184960626086956,0.1516999999999998,0.9775,True
1475,withers,554.462,426.326,-0.2633826591304348,0.2042264052173913,0.2736999999999998,1.0,True
1476,occipital_protuberance,593.354,464.662,-0.1427671813043477,0.3203339778260869,0.2371999999999998,0.9578,True
1476,tail_base,571.26,316.812,-0.2041578,-0.1282683599999999,0.3415999999999999,0.8795,True
1476,tail_tip,622.314,294.80600000000004,-0.0566682508695653,-0.2088900795652172,0.1586999999999998,0.9966,True
1476,withers,554.5540000000001,429.82400000000007,-0.2649197504347824,0.2164847582608698,0.2505999999999999,0.976,True
1477,occipital_protuberance,594.7620000000001,467.198,-0.1376808695652172,0.3262547826086957,0.2495,0.979,True
1477,tail_base,567.778,320.748,-0.2163676917391303,-0.117593872173913,0.3213000000000002,0.8798,True
1477,tail_tip,618.6600000000001,298.088,-0.0686544913043475,-0.1991816713043477,0.1466999999999998,0.9757,True
1477,withers,554.736,433.446,-0.2661534295652175,0.229263285652174,0.2311999999999998,0.9165,True
1478,occipital_protuberance,596.04,470.05,-0.1329503304347827,0.3328294782608695,0.2635999999999999,0.9957,True
1478,tail_base,564.335,324.51200000000006,-0.2282862396739129,-0.1070696104347824,0.3123000000000002,0.9754,True
1478,tail_tip,614.464,302.056,-0.0825589982608693,-0.1873354713043478,0.1285999999999999,0.961,True
1478,withers,555.374,437.246,-0.2640515169565217,0.2410243126086955,0.2359,0.9753,True
1479,occipital_protuberance,597.162,473.342,-0.1291751952173912,0.3417754091304347,0.2718000000000002,0.9715,True
1479,tail_base,560.871,328.044,-0.2391502005434783,-0.0965800630434783,0.3115,0.8959,True
1479,tail_tip,609.758,306.818,-0.0979512082608694,-0.1722518734782609,0.1121999999999998,0.9982,True
1479,withers,556.29,440.576,-0.2608476391304349,0.2510818226086957,0.2396999999999998,0.9768,True
1480,occipital_protuberance,598.522,477.018,-0.124704508695652,0.3518171608695653,0.28,0.9669,True
1480,tail_base,557.957,331.49600000000004,-0.2477609422826087,-0.0860789817391303,0.3171999999999998,0.9526,False
1480,tail_tip,604.702,311.922,-0.1141736830434782,-0.155511426521739,0.1086999999999998,0.9574,True
1480,withers,557.446,444.212,-0.2567967795652173,0.2619542408695652,0.2411999999999998,1.0,True
1481,occipital_protuberance,599.25,480.566,-0.1228346739130434,0.3634278599999999,0.2763000000000001,0.9193,True
1481,tail_base,555.505,334.71000000000004,-0.2568923527173913,-0.0768898467391303,0.2984000000000001,0.9405,True
1481,tail_tip,599.4599999999999,317.332,-0.131543486956522,-0.1384483843478261,0.0993000000000001,0.9586,True
1481,withers,558.6700000000001,447.69,-0.2532191869565215,0.273020908695652,0.2385999999999999,0.975,True
1482,occipital_protuberance,600.046,484.21400000000006,-0.1209042782608694,0.3758823652173914,0.2725,0.9637,True
1482,tail_base,553.0043333333333,337.80400000000003,-0.261683595736715,-0.0667657288405796,0.3281333333333332,0.9195,True
1482,tail_tip,594.452,323.008,-0.1471398434782609,-0.1195002434782609,0.1125,1.0,True
1482,withers,559.87,450.874,-0.24960495,0.2830725099999999,0.2301999999999998,0.9539,True
1483,occipital_protuberance,600.4100000000001,487.688,-0.1207150739130432,0.3893373669565216,0.2618000000000002,0.9121,True
1483,tail_base,550.198,340.992,-0.2670633391304349,-0.0565281391304347,0.36,0.9519,True
1483,tail_tip,589.6479999999999,328.85,-0.1615861356521742,-0.0999644130434781,0.1395999999999999,0.9538,True
1483,withers,560.7819999999999,453.644,-0.2480556678260872,0.2932278643478259,0.2151999999999998,0.9363,True
1484,occipital_protuberance,601.004,490.792,-0.119404056521739,0.4004794173913044,0.2605,0.961,True
1484,tail_base,547.086,344.274,-0.2729853717391304,-0.0462036717391304,0.4035,0.9448,False
1484,tail_tip,585.3480000000001,334.366,-0.1748269956521737,-0.0820009369565217,0.167,0.9706,True
1484,withers,561.957,456.73,-0.2449192930434783,0.3035639739130435,0.2123000000000001,0.9387,True
1485,occipital_protuberance,601.594,493.876,-0.1182403852173911,0.4121634591304349,0.2635999999999999,0.9471,True
1485,tail_base,543.7444,347.0828,-0.2830291292347824,-0.0379816225565216,0.4013400000000001,0.8673,False
1485,tail_tip,581.2639999999999,339.736,-0.1871380034782612,-0.0645628660869565,0.1788000000000001,0.9755,True
1485,withers,563.2049999999999,459.568,-0.2413199402173915,0.3128816173913045,0.2155,0.9673,True
1486,occipital_protuberance,602.42,496.72,-0.1157464000000001,0.4210975999999999,0.3284000000000001,0.9516,True
1486,tail_base,539.9632,349.8084,-0.2958131670260869,-0.0301370043130434,0.39352,0.7868,True
1486,tail_tip,577.714,344.392,-0.196850840869565,-0.0493280660869565,0.1954000000000001,0.9683,True
1486,withers,564.4109999999998,462.17,-0.2367085967391309,0.3199475760869564,0.229,0.976,False
1487,occipital_protuberance,603.006,499.05,-0.113748507826087,0.4275485217391305,0.4191999999999998,1.0,True
1487,tail_base,536.1430666666668,352.3367999999999,-0.3113781378628016,-0.0229753842086958,0.3517066666666665,0.7625,False
1487,tail_tip,574.326,348.012,-0.2075583939130434,-0.037887292173913,0.1954000000000001,0.9512,True
1487,withers,565.5849999999999,464.742,-0.2345043130434785,0.3300739200000001,0.2108000000000001,0.9489,True
1488,occipital_protuberance,603.408,500.888,-0.1122260730434782,0.4320973704347827,0.4464000000000001,1.0,True
1488,tail_base,532.284,354.668,-0.3300090408695652,-0.0163356252173912,0.2844000000000001,0.887,False
1488,tail_tip,571.336,349.904,-0.2176798069565216,-0.0320065147826087,0.1864000000000001,0.9236,True
1488,withers,566.713,467.2720000000001,-0.2313638726086957,0.3386530400000001,0.2055999999999999,0.9658,True
1489,occipital_protuberance,603.45,502.274,-0.1123912499999998,0.43749255,0.46,0.9632,True
1489,tail_base,528.3860000000001,356.802,-0.3519965865217389,-0.0100855186956521,0.1940999999999999,0.9866,False
1489,tail_tip,568.3280000000001,350.342,-0.2265146817391301,-0.0305234791304348,0.1954000000000001,0.9053,True
1489,withers,567.4159999999999,469.332,-0.231116923478261,0.3481273486956521,0.1775999999999999,0.9332,True
1490,occipital_protuberance,603.326,503.466,-0.1133146873913042,0.4432787517391305,0.4584000000000001,0.9663,True
1490,tail_base,525.1456000000001,358.5652,-0.370135781843478,-0.0046238613391304,0.1231599999999998,0.9521,False
1490,tail_tip,565.538,349.336,-0.2362873508695651,-0.0338396539130434,0.1835999999999999,0.9899,True
1490,withers,568.012,470.924,-0.2306119930434784,0.3553426226086955,0.1598000000000002,0.8933,True
1491,occipital_protuberance,603.3520000000001,504.404,-0.114851645217391,0.4525495791304347,0.4178000000000001,0.9701,True
1491,tail_base,522.5548000000001,360.22860000000003,-0.3822483818086953,0.000744023426087,0.0901799999999998,0.928,True
1491,tail_tip,562.654,347.97200000000004,-0.2473054278260869,-0.0384582226086955,0.1614000000000001,0.9953,True
1491,withers,568.472,472.196,-0.2310509895652174,0.3624174704347827,0.1311999999999998,0.8881,True
1492,occipital_protuberance,603.706,505.036,-0.1145233499999999,0.4576516391304346,0.41,0.9908,True
1492,tail_base,520.6136,361.7922,-0.387985037147826,0.0058243383130434,0.0911599999999998,0.9318,True
1492,tail_tip,560.082,346.69,-0.2570406108695652,-0.0428090108695652,0.1405,0.9179,True
1492,withers,568.868,473.009,-0.2298259456521737,0.3651296222826088,0.1305,0.9265,True
1493,occipital_protuberance,604.5,505.414,-0.1126816304347826,0.4615630030434784,0.3928000000000002,1.0,True
1493,tail_base,519.31,363.16,-0.3897827853260872,0.0102055978260868,0.10975,0.9567,False
1493,tail_tip,557.9939999999999,345.76800000000003,-0.2655568208695654,-0.046086928695652,0.1203000000000001,0.9635,True
1493,withers,569.2760000000001,473.503,-0.2291226978260867,0.3677127081521739,0.13,0.9592,True
1494,occipital_protuberance,605.3979999999999,505.47,-0.1103578134782611,0.4639544282608694,0.3748000000000002,0.9883,True
1494,tail_base,518.644,364.332,-0.3876202976086957,0.0138367376086956,0.1424499999999998,0.9672,True
1494,tail_tip,556.2059999999999,345.27,-0.2738970834782611,-0.0481478869565217,0.0923000000000001,0.9918,True
1494,withers,569.962,473.917,-0.2270068610869565,0.3692272851086958,0.1210999999999999,0.9572,False
1495,occipital_protuberance,606.528,504.90600000000006,-0.1071831652173912,0.4640142130434785,0.355,0.9481,True
1495,tail_base,517.9579999999999,365.679,-0.3861700719565222,0.017969714021739,0.1699,0.9543,False
1495,tail_tip,554.8340000000001,345.27,-0.280029510869565,-0.0484328804347826,0.0745,0.9934,True
1495,withers,570.6780000000001,474.24300000000005,-0.2248820749999996,0.3706067755434784,0.1185,0.9669,True
1496,occipital_protuberance,607.726,503.812,-0.1027716417391304,0.4579474295652174,0.3464000000000001,0.9057,True
1496,tail_base,517.26,366.93,-0.3873647717391305,0.0218709293478261,0.1775,0.9116,False
1496,tail_tip,553.904,345.338,-0.2840045008695652,-0.0483654756521738,0.0681999999999998,0.9667,True
1496,withers,571.3860000000001,474.405,-0.2208401254347823,0.3682224407608697,0.1349000000000001,0.9832,True
1497,occipital_protuberance,608.83,502.55,-0.0989579739130433,0.4525652608695653,0.3271999999999998,0.9722,True
1497,tail_base,516.55,368.085,-0.3912492798913045,0.0256237377717392,0.16525,0.932,False
1497,tail_tip,553.018,345.254,-0.2873242369565217,-0.0487098847826086,0.064,0.9604,True
1497,withers,572.2220000000001,474.538,-0.2162854917391301,0.3655007178260869,0.1601999999999998,0.9912,True
1498,occipital_protuberance,609.726,501.246,-0.0963700395652173,0.4496228647826086,0.2724000000000001,1.0,True
1498,tail_base,516.1949999999999,368.6625,-0.3931986243206523,0.0275116762907609,0.159125,0.9606,False
1498,tail_tip,552.1600000000001,345.23999999999995,-0.2904257739130432,-0.0488010521739132,0.0611999999999998,0.964,True
1498,withers,572.996,474.624,-0.2126648695652174,0.363806608695652,0.168,0.979,True
1499,occipital_protuberance,610.722,500.164,-0.0927094234782609,0.4438323530434784,0.2343000000000001,1.0,True
1499,tail_base,515.8399999999999,369.24,-0.3951526956521741,0.0294073043478261,0.153,0.9654,False
1499,tail_tip,551.554,345.33000000000004,-0.2924293943478262,-0.0485034847826085,0.0611999999999998,0.9659,True
1499,withers,573.734,474.676,-0.2084209756521738,0.3606809495652175,0.1944000000000001,0.9671,True
1500,occipital_protuberance,611.508,499.0799999999999,-0.0895082373913042,0.4369228434782605,0.2573000000000002,1.0,True
1500,tail_base,514.6566666666666,371.165,-0.4017004054951691,0.0357816000905795,0.1360833333333334,0.9814,False
1500,tail_tip,551.058,345.40599999999995,-0.2940693213043479,-0.048252205652174,0.0611999999999998,1.0,True
1500,withers,574.336,474.58600000000007,-0.2049716034782608,0.3576826900000003,0.2161999999999998,0.9626,True
1501,occipital_protuberance,612.2139999999999,498.354,-0.0867829265217393,0.432115634347826,0.2365999999999999,1.0,True
1501,tail_base,513.2341666666666,373.01416666666665,-0.4097843351449277,0.0420697083333332,0.1215,0.9599,False
1501,tail_tip,550.6940000000001,345.426,-0.2952728160869563,-0.0481860795652174,0.0611999999999998,0.9935,True
1501,withers,574.816,474.39,-0.2036433182608694,0.3573692804347825,0.2068000000000001,0.9455,True
1502,occipital_protuberance,612.92,497.914,-0.0843954086956523,0.4298119791304349,0.2428000000000001,0.9985,True
1502,tail_base,511.57249999999993,374.7875,-0.419448402853261,0.0482964572010868,0.09475,0.8761,True
1502,tail_tip,550.344,345.688,-0.2968393217391302,-0.0473851652173913,0.057,0.9932,True
1502,withers,575.1279999999999,474.16,-0.202936539130435,0.3571222608695651,0.203,0.9264,True
1503,occipital_protuberance,613.5899999999999,497.34,-0.0817619152173915,0.4251867260869564,0.2618000000000002,0.9934,True
1503,tail_base,510.85875,375.25125,-0.4237271801970109,0.0500410918817935,0.084375,0.8339,False
1503,tail_tip,550.02,346.23999999999995,-0.2977751173913044,-0.0455366260869566,0.0654000000000001,1.0,True
1503,withers,575.564,473.892,-0.201404523478261,0.3559867773913043,0.2054,0.9131,True
1504,occipital_protuberance,614.162,496.648,-0.0796540604347824,0.4212620191304347,0.2558000000000002,0.9816,True
1504,tail_base,510.145,375.715,-0.4280274864130435,0.0517997146739131,0.0705,0.8124,False
1504,tail_tip,549.594,346.978,-0.2990473252173911,-0.0430745113043477,0.0668000000000001,1.0,True
1504,withers,575.902,473.546,-0.1999996943478259,0.3542882039130434,0.2069,0.9081,True
1505,occipital_protuberance,614.662,496.034,-0.0777821517391303,0.4175948073913043,0.2678000000000002,0.9288,True
1505,tail_base,508.659,376.721,-0.4360949485869565,0.0555191725,0.0633000000000001,0.7513,False
1505,tail_tip,548.972,347.634,-0.3009662721739131,-0.0408857595652173,0.0721999999999998,1.0,True
1505,withers,576.232,473.24799999999993,-0.1988036713043479,0.3530629495652171,0.2093000000000001,0.8883,True
1506,occipital_protuberance,615.12,495.476,-0.0762085217391304,0.4149688782608695,0.27,0.9213,True
1506,tail_base,507.26450000000006,377.8635,-0.4433582116576084,0.0596670025271738,0.0630500000000001,0.7264,True
1506,tail_tip,548.122,348.112,-0.3034970021739132,-0.0392691652173914,0.075,1.0,True
1506,withers,576.56,473.00200000000007,-0.1982224173913045,0.3530821186956523,0.2029,0.8697,True
1507,occipital_protuberance,615.484,494.72,-0.0749336869565216,0.4117746086956521,0.276,0.929,True
1507,tail_base,505.9455,378.9465,-0.4477493155706522,0.063282339701087,0.08215,0.7504,True
1507,tail_tip,547.1519999999999,348.25600000000003,-0.3058534226086958,-0.0386862678260868,0.0834,1.0,True
1507,withers,576.954,472.634,-0.1966486973913045,0.3513201373913043,0.2079,0.8735,True
1508,occipital_protuberance,616.0089999999999,494.151,-0.0728883088043481,0.4075711522826086,0.2894000000000001,0.9257,True
1508,tail_base,504.654,379.992,-0.4557335204347826,0.0673165408695652,0.0606999999999998,0.7864,True
1508,tail_tip,545.75,348.122,-0.3103283695652173,-0.0391096060869564,0.0848000000000001,0.9936,True
1508,withers,577.3459999999999,472.3200000000001,-0.1947449765217394,0.3491198608695653,0.2179000000000001,0.8838,True
1509,occipital_protuberance,616.749,493.709,-0.0701497833695651,0.4034087731521739,0.3088000000000002,0.9621,True
1509,tail_base,503.524,380.888,-0.4622086095652174,0.0707422069565218,0.0576999999999998,0.849,True
1509,tail_tip,544.254,348.008,-0.3158369139130434,-0.0395579582608696,0.0791999999999998,0.9501,True
1509,withers,577.782,471.92,-0.1931327873913042,0.3474142782608694,0.2181999999999998,0.9025,True
1510,occipital_protuberance,617.577,493.449,-0.0677393955434782,0.4031465279347825,0.3051999999999998,1.0,False
1510,tail_base,502.58,381.74,-0.4631053999999998,0.0732638,0.0775999999999999,0.898,True
1510,tail_tip,542.806,348.05800000000005,-0.3204655213043477,-0.039374850869565,0.0805999999999999,0.9835,True
1510,withers,578.222,471.546,-0.19202214,0.3467140669565217,0.2144000000000001,0.9256,True
1511,occipital_protuberance,618.277,492.921,-0.0652044179347824,0.3989797190217391,0.323,1.0,True
1511,tail_base,501.722,382.278,-0.4677704256521737,0.0753625995652174,0.0883000000000001,0.9151,True
1511,tail_tip,541.4620000000001,348.18600000000004,-0.3250468721739127,-0.0389707904347824,0.0751999999999998,1.0,True
1511,withers,578.574,471.102,-0.1899265213043479,0.3435225534782609,0.2294000000000001,0.9421,True
1512,occipital_protuberance,618.917,492.371,-0.0629121303260868,0.3949979416304348,0.3391999999999998,1.0,True
1512,tail_base,501.006,382.81,-0.4723378713043478,0.0775143304347826,0.0740999999999999,0.925,True
1512,tail_tip,540.3820000000001,348.398,-0.329367426521739,-0.0383597430434781,0.0646999999999998,1.0,True
1512,withers,578.81,470.78600000000006,-0.1887977543478262,0.3418229778260871,0.2354,0.9485,True
1513,occipital_protuberance,619.4200000000001,491.882,-0.0611897086956519,0.3921195899999999,0.3490999999999999,1.0,True
1513,tail_base,500.42,383.276,-0.4709611260869566,0.07853626,0.1003000000000001,0.8968,True
1513,tail_tip,539.792,348.688,-0.3317756173913042,-0.0374525565217391,0.0605,1.0,True
1513,withers,578.9459999999999,470.41,-0.1883781352173915,0.3406628543478261,0.2354,0.9578,True
1514,occipital_protuberance,619.8299999999999,491.43,-0.0598742065217393,0.3901470978260868,0.3535,1.0,True
1514,tail_base,499.938,383.628,-0.469420837826087,0.0791897556521738,0.1255999999999999,0.892,True
1514,tail_tip,539.296,348.824,-0.3332645634782606,-0.0369852713043479,0.0654000000000001,1.0,True
1514,withers,579.0459999999999,470.128,-0.1878310760869567,0.3393618260869565,0.239,0.9604,True
1515,occipital_protuberance,620.152,490.958,-0.0586422104347824,0.3869239517391303,0.3628000000000002,1.0,True
1515,tail_base,499.614,383.834,-0.4731008199999998,0.08032058,0.1085999999999999,0.8694,True
1515,tail_tip,538.88,348.90599999999995,-0.3347951304347826,-0.0367307869565219,0.064,1.0,True
1515,withers,579.0619999999999,469.836,-0.1873711026086959,0.3377218226086955,0.2451999999999998,0.9677,True
1516,occipital_protuberance,620.538,490.64,-0.0574298234782608,0.3855016,0.3661999999999998,1.0,True
1516,tail_base,499.416,384.054,-0.4746849321739131,0.0812188539130434,0.1025999999999999,0.8587,True
1516,tail_tip,538.618,349.024,-0.3358168552173911,-0.0363568069565217,0.0625999999999999,1.0,True
1516,withers,579.094,469.61,-0.1871138243478259,0.3367409826086956,0.2475999999999999,0.9697,True
1517,occipital_protuberance,620.89,490.378,-0.0563911173913043,0.384728472173913,0.3661999999999998,1.0,True
1517,tail_base,499.322,384.236,-0.479681397826087,0.0826394913043477,0.072,0.8841,True
1517,tail_tip,538.3779999999999,349.108,-0.3361479026086958,-0.0360288417391304,0.0668000000000001,0.9961,True
1517,withers,579.17,469.39400000000006,-0.1868803391304349,0.3360773930434784,0.2475999999999999,0.9718,True
1518,occipital_protuberance,621.13,490.098,-0.05557215,0.3831386099999999,0.3715999999999999,0.9915,True
1518,tail_base,499.3440000000001,384.252,-0.4827864313043477,0.0832423539130435,0.0511999999999998,0.8895,True
1518,tail_tip,538.1400000000001,349.062,-0.3369351652173909,-0.0361810017391303,0.0668000000000001,0.9974,True
1518,withers,579.326,469.186,-0.1864010799999999,0.3354383808695653,0.2475999999999999,0.9737,True
1519,occipital_protuberance,621.25,489.89400000000006,-0.0551535326086956,0.3820860247826089,0.3748000000000002,0.9856,True
1519,tail_base,499.364,384.35,-0.4880374930434781,0.0844997934782609,0.0164,0.9039,True
1519,tail_tip,537.938,349.04200000000003,-0.3376033460869565,-0.0362471582608694,0.0633000000000001,1.0,True
1519,withers,579.51,468.948,-0.18490215,0.3330256147826088,0.2618000000000002,0.976,True
1520,occipital_protuberance,621.3799999999999,489.608,-0.0544796913043481,0.3792161026086956,0.3891999999999998,0.9801,True
1520,tail_base,499.354,384.4,-0.4873995404347826,0.084556608695652,0.0208000000000001,0.8854,True
1520,tail_tip,537.78,348.96200000000005,-0.3381259826086957,-0.0365117843478259,0.0633000000000001,0.9908,True
1520,withers,579.736,468.716,-0.1838183008695652,0.3316074339130435,0.2678000000000002,0.9809,True
1521,occipital_protuberance,621.544,489.356,-0.053710972173913,0.376454080869565,0.4035999999999999,0.9757,True
1521,tail_base,499.376,384.42,-0.487323300869565,0.0846259173913041,0.0208000000000001,0.8808,True
1521,tail_tip,537.5060000000001,348.928,-0.3390323269565214,-0.0366242504347826,0.0633000000000001,0.9786,True
1521,withers,579.9820000000001,468.5,-0.1824416726086954,0.3298164130434782,0.2774000000000001,0.98,True
1522,occipital_protuberance,621.8979999999999,489.198,-0.0524210308695654,0.3741405560869564,0.4168000000000001,0.9673,True
1522,tail_base,499.324,384.48,-0.4817235547826088,0.0838280347826085,0.0585999999999999,0.8806,True
1522,tail_tip,537.1980000000001,348.95200000000006,-0.3403640130434779,-0.0365784869565215,0.0605,0.9752,True
1522,withers,580.2280000000001,468.3280000000001,-0.1801865921739128,0.3265618208695655,0.3005999999999999,0.9805,True
1523,occipital_protuberance,622.326,489.096,-0.0510778599999999,0.37308744,0.4221999999999998,0.9614,True
1523,tail_base,499.316,384.55,-0.4829131217391305,0.0842705434782609,0.051,0.8895,True
1523,tail_tip,536.76,349.022,-0.3411857565217392,-0.0362799034782609,0.0660999999999999,0.9697,True
1523,withers,580.356,468.254,-0.1790227626086956,0.3249267343478261,0.3125999999999999,0.98,True
1524,occipital_protuberance,622.764,489.03,-0.0498120399999999,0.3728967000000001,0.4221999999999998,0.9415,True
1524,tail_base,499.312,384.666,-0.4765347234782607,0.0835480317391304,0.0928000000000001,0.8807,True
1524,tail_tip,536.518,349.04200000000003,-0.3424579317391303,-0.0362638334782607,0.0584,0.9731,True
1524,withers,580.482,468.224,-0.1794079539130435,0.3262247791304347,0.2973000000000002,0.9818,True
1525,occipital_protuberance,623.238,489.074,-0.0484421799999998,0.3730238599999999,0.4221999999999998,0.9261,True
1525,tail_base,499.38,384.768,-0.475448447826087,0.0837427617391303,0.0984,0.8753,True
1525,tail_tip,536.194,349.12600000000003,-0.3435301604347827,-0.0359858482608694,0.0584,0.9666,True
1525,withers,580.58,468.124,-0.179267556521739,0.3262054069565216,0.2949000000000001,0.9815,True
1526,occipital_protuberance,623.67,489.074,-0.0471759500000001,0.372883562173913,0.4231999999999998,0.9142,True
1526,tail_base,499.462,384.792,-0.471993817826087,0.0832633930434783,0.1191999999999998,0.8869,True
1526,tail_tip,535.934,349.134,-0.3442322295652174,-0.0359428382608695,0.0598000000000001,0.9574,True
1526,withers,580.642,468.006,-0.178564348695652,0.3249102234782607,0.3029000000000001,0.9784,True
1527,occipital_protuberance,623.9,489.096,-0.0465675,0.3733961478260869,0.42,0.9257,True
1527,tail_base,499.5100000000001,384.812,-0.4724739782608694,0.0834438347826087,0.115,0.8917,True
1527,tail_tip,535.702,349.184,-0.3449996452173913,-0.0357774469565218,0.0598000000000001,0.9625,True
1527,withers,580.71,467.882,-0.1797775913043477,0.3271169860869564,0.2809000000000001,0.9737,True
1528,occipital_protuberance,624.0519999999999,489.16399999999993,-0.0461659930434785,0.373901700869565,0.4178000000000001,0.9317,True
1528,tail_base,499.526,384.91,-0.4711986565217391,0.0835568043478259,0.123,0.8472,True
1528,tail_tip,535.698,349.258,-0.3453303173913044,-0.0355653608695652,0.057,0.9646,True
1528,withers,580.7700000000001,467.75,-0.1801364565217388,0.3277005434782609,0.2725,0.9744,True
1529,occipital_protuberance,624.14,489.214,-0.0459491782608696,0.3743554299999998,0.4155999999999999,0.9248,True
1529,tail_base,499.56000000000006,384.962,-0.4779539565217389,0.0849521978260869,0.078,0.8809,True
1529,tail_tip,535.5939999999999,349.29200000000003,-0.3451980117391307,-0.0354039069565216,0.0611999999999998,0.9698,True
1529,withers,580.798,467.654,-0.1796652,0.3267064869565217,0.2785,0.9742,True
1530,occipital_protuberance,624.188,489.218,-0.0458307382608696,0.3745355639130435,0.4144000000000001,0.9277,True
1530,tail_base,499.558,384.978,-0.4843722456521739,0.0861469499999998,0.036,0.8933,False
1530,tail_tip,535.582,349.324,-0.3452376873913044,-0.0352981052173914,0.0611999999999998,0.9636,True
1530,withers,580.8520000000001,467.634,-0.1791155739130432,0.3259438304347826,0.2845,0.9765,True
1531,occipital_protuberance,624.2760000000001,489.302,-0.0455927634782606,0.3749195817391305,0.4134000000000001,0.9278,True
1531,tail_base,499.48,385.122,-0.4878182347826086,0.0872115691304348,0.0151999999999998,0.8969,True
1531,tail_tip,535.648,349.384,-0.3450194713043478,-0.0350997269565218,0.0611999999999998,0.9649,True
1531,withers,580.9100000000001,467.634,-0.1804557217391302,0.3287048765217392,0.2609000000000001,0.9759,True
1532,occipital_protuberance,624.3419999999999,489.398,-0.0453094865217395,0.3744384299999999,0.4188000000000001,0.938,True
1532,tail_base,499.45200000000006,385.168,-0.4872738052173911,0.0872563617391304,0.0194,0.8737,True
1532,tail_tip,535.672,349.38199999999995,-0.3447813599999999,-0.0350901817391306,0.0625999999999999,0.968,True
1532,withers,580.932,467.65199999999993,-0.1797079695652173,0.3275195086956519,0.2715,0.9719,True
1533,occipital_protuberance,624.3720000000001,489.496,-0.0452022913043476,0.374553104347826,0.42,0.9505,True
1533,tail_base,499.46,385.142,-0.4841297478260868,0.086608724347826,0.0398000000000001,0.8941,True
1533,tail_tip,535.582,349.48400000000004,-0.3452376873913044,-0.034769096521739,0.0611999999999998,0.9609,True
1533,withers,580.946,467.62,-0.1795113221739129,0.327141404347826,0.2739000000000001,0.9719,True
1534,occipital_protuberance,624.3979999999999,489.598,-0.0450897800000002,0.3745382199999998,0.4221999999999998,0.9384,True
1534,tail_base,499.354,385.236,-0.4820794526086957,0.0864991330434782,0.0555999999999999,0.882,True
1534,tail_tip,535.4280000000001,349.558,-0.3459059895652169,-0.03454032,0.0598000000000001,0.9714,True
1534,withers,580.9739999999999,467.56000000000006,-0.1796571795652176,0.3273799043478262,0.2703000000000002,0.9729,True
1535,occipital_protuberance,624.47,489.718,-0.0447905456521738,0.3741236317391305,0.4275999999999999,0.938,True
1535,tail_base,499.168,385.24799999999993,-0.481982212173913,0.0864085356521736,0.0604,0.8627,True
1535,tail_tip,535.2339999999999,349.576,-0.3467071343478263,-0.0344966417391305,0.0584,0.9738,True
1535,withers,580.9580000000001,467.512,-0.1797058786956519,0.3272338069565217,0.2703000000000002,0.9712,True
1536,occipital_protuberance,624.582,489.928,-0.0444306539130434,0.3744186017391304,0.4298000000000002,0.938,True
1536,tail_base,499.006,385.224,-0.4862147439130436,0.0869844156521738,0.0364,0.8952,True
1536,tail_tip,534.8879999999999,349.564,-0.3470524034782611,-0.0344569495652173,0.0654000000000001,0.9747,True
1536,withers,580.9639999999999,467.47,-0.1780320417391306,0.3240921391304347,0.2960999999999999,0.9734,True
1537,occipital_protuberance,624.6600000000001,490.134,-0.0442592347826084,0.37546488,0.4265999999999999,0.9526,True
1537,tail_base,498.75200000000007,385.156,-0.4936310539130432,0.0879147513043478,-0.0061999999999998,0.8559,True
1537,tail_tip,534.492,349.62800000000004,-0.348681003478261,-0.0342772052173911,0.0625999999999999,0.9764,True
1537,withers,580.9800000000001,467.45200000000006,-0.178817769565217,0.3255562008695654,0.2830999999999999,0.9732,True
1538,occipital_protuberance,624.688,490.334,-0.0441784486956522,0.3760419234782608,0.4265999999999999,0.9675,True
1538,tail_base,498.472,385.226,-0.4973170852173911,0.0886419704347826,-0.0238000000000001,0.8601,True
1538,tail_tip,534.0840000000001,349.596,-0.3500293547826085,-0.0343829582608695,0.0625999999999999,0.9877,True
1538,withers,580.982,467.468,-0.1787347300000001,0.3254645017391305,0.2843000000000001,0.9717,True
1539,occipital_protuberance,624.726,490.554,-0.0439791586956521,0.3759103760869564,0.432,0.9573,True
1539,tail_base,498.322,385.1,-0.4985833617391304,0.0883301739130435,-0.0285999999999999,0.8543,True
1539,tail_tip,533.7040000000001,349.68600000000004,-0.3512851721739128,-0.0340855278260868,0.0625999999999999,0.9758,True
1539,withers,580.912,467.504,-0.1784200695652172,0.3246153391304349,0.2925,0.9743,True
1540,occipital_protuberance,624.6940000000001,490.81000000000006,-0.0440346965217389,0.3763346826086958,0.4341999999999998,0.9468,True
1540,tail_base,498.3,385.132,-0.5022032826086956,0.0890710860869565,-0.0515999999999999,0.8596,True
1540,tail_tip,533.244,349.86,-0.3526429173913043,-0.0334950652173912,0.057,0.9737,True
1540,withers,580.8019999999999,467.54800000000006,-0.1790610808695655,0.3253093200000002,0.2876999999999998,0.9731,True
1541,occipital_protuberance,624.5,490.916,-0.0445759782608695,0.37649734,0.4351999999999998,0.9467,True
1541,tail_base,498.326,385.036,-0.5018647456521738,0.0886873086956521,-0.05,0.8449,True
1541,tail_tip,532.9399999999999,350.05999999999995,-0.3544616956521741,-0.032910043478261,0.05,0.9613,True
1541,withers,580.682,467.544,-0.1792048360869564,0.324899775652174,0.2910999999999999,0.9737,True
1542,occipital_protuberance,624.32,491.092,-0.0450936347826085,0.3770034930434783,0.4351999999999998,0.9524,True
1542,tail_base,498.382,384.956,-0.4971099665217393,0.0876009852173913,-0.0204,0.8731,True
1542,tail_tip,532.692,350.308,-0.3547929069565217,-0.0320447017391304,0.0611999999999998,0.9697,True
1542,withers,580.57,467.534,-0.1796982326086955,0.3251500882608695,0.2886999999999998,0.9722,True
1543,occipital_protuberance,624.244,491.292,-0.0453704295652173,0.3780638765217392,0.4353000000000002,0.9462,True
1543,tail_base,498.44000000000005,384.864,-0.5018301999999998,0.0881428800000001,-0.0524,0.8518,True
1543,tail_tip,532.442,350.57,-0.3556194830434783,-0.03117845,0.0611999999999998,0.9538,True
1543,withers,580.504,467.558,-0.1795873826086955,0.3246614847826087,0.2935,0.9732,True
1544,occipital_protuberance,624.202,491.588,-0.0455840986956521,0.3796885921739131,0.4299000000000001,0.9572,True
1544,tail_base,498.476,384.736,-0.504656124347826,0.0882053495652173,-0.0715999999999999,0.8526,True
1544,tail_tip,532.1719999999999,350.866,-0.356348099130435,-0.0301858843478261,0.0625999999999999,0.9504,True
1544,withers,580.4780000000001,467.59800000000007,-0.1793682530434781,0.3242442339130437,0.2980999999999999,0.9742,True
1545,occipital_protuberance,624.1,491.846,-0.0459509999999999,0.38103494,0.4256999999999998,0.9514,True
1545,tail_base,498.474,384.594,-0.4976177226086957,0.0864746426086956,-0.0258000000000001,0.8683,True
1545,tail_tip,531.9979999999999,351.082,-0.3570874821739133,-0.029485622173913,0.0576999999999998,0.9395,True
1545,withers,580.498,467.68,-0.1787776395652172,0.3235315826086956,0.3063000000000002,0.972,True
1546,occipital_protuberance,623.9220000000001,492.166,-0.0465038673913039,0.3822757891304347,0.4235,0.9493,True
1546,tail_base,498.5,384.522,-0.4972802173913043,0.0861788373913043,-0.0241999999999998,0.841,True
1546,tail_tip,531.6940000000001,351.444,-0.357927785217391,-0.0282757200000001,0.0590999999999999,0.9358,True
1546,withers,580.4159999999999,467.75,-0.1797623373913045,0.3250770652173913,0.2949000000000001,0.9716,True
1547,occipital_protuberance,623.864,492.432,-0.0466716260869564,0.3830451652173912,0.4235,0.9532,True
1547,tail_base,498.624,384.456,-0.4992109495652174,0.0863562626086957,-0.0395999999999999,0.8611,True
1547,tail_tip,531.408,351.73400000000004,-0.3590382017391304,-0.0273299117391303,0.0576999999999998,0.9374,True
1547,withers,580.328,467.806,-0.1794829982608696,0.3242616991304349,0.3068000000000002,0.9737,True
1548,occipital_protuberance,623.7239999999999,492.648,-0.0470376400000002,0.3833527200000001,0.4256999999999998,0.9754,True
1548,tail_base,498.61800000000005,384.324,-0.4964659665217389,0.0854142547826087,-0.0215999999999999,0.854,True
1548,tail_tip,531.2560000000001,351.996,-0.3590443199999997,-0.02642712,0.0619,0.9224,True
1548,withers,580.266,467.846,-0.1801369669565218,0.3252260243478261,0.2995999999999999,0.9717,True
1549,occipital_protuberance,623.5980000000001,492.75200000000007,-0.0474017799999998,0.3836532800000002,0.4291999999999998,0.9677,True
1549,tail_base,498.674,384.28,-0.4918759260869565,0.084504956521739,0.007,0.86,True
1549,tail_tip,531.132,352.162,-0.3589567295652175,-0.0258432491304348,0.0660999999999999,0.9081,True
1549,withers,580.17,467.922,-0.1816490826086957,0.3276605765217391,0.2808000000000001,0.9706,True
1550,occipital_protuberance,623.496,492.872,-0.0477180869565218,0.3841733913043479,0.428,0.9757,True
1550,tail_base,498.70200000000006,384.194,-0.4938365099999998,0.08455803,-0.0064,0.8548,True
1550,tail_tip,531.084,352.394,-0.3589492521739132,-0.0250667304347825,0.0675,0.9261,True
1550,withers,580.124,467.94,-0.1821662217391303,0.3283957173913041,0.275,0.9732,True
1551,occipital_protuberance,623.5020000000001,492.97,-0.0477007391304345,0.3844567391304347,0.428,0.9675,True
1551,tail_base,498.63,384.226,-0.4951023260869565,0.0848436652173913,-0.013,0.8695,True
1551,tail_tip,531.1379999999999,352.44199999999995,-0.358771286956522,-0.0249085391304349,0.0675,0.913,True
1551,withers,580.12,467.98,-0.1823996869565217,0.3289164695652175,0.2715999999999999,0.9735,True
1552,occipital_protuberance,623.518,493.0100000000001,-0.0476365630434781,0.3844278152173914,0.429,0.9721,True
1552,tail_base,498.466,384.24,-0.4978612291304347,0.0852668347826087,-0.0271999999999998,0.8693,True
1552,tail_tip,531.138,352.56,-0.358936946521739,-0.0245309739130434,0.0660999999999999,0.9466,True
1552,withers,580.1099999999999,468.004,-0.1817531304347829,0.3277686608695653,0.282,0.9745,True
1553,occipital_protuberance,623.626,493.2219999999999,-0.0473030621739131,0.3848667734782607,0.4301999999999998,0.9754,True
1553,tail_base,498.44,384.236,-0.4997068000000002,0.0855530799999999,-0.0385999999999999,0.8551,True
1553,tail_tip,531.016,352.7,-0.3598367373913044,-0.0241026956521739,0.0619,0.9496,True
1553,withers,580.082,468.086,-0.1817599504347826,0.3278765313043477,0.2831999999999998,0.9716,True
1554,occipital_protuberance,623.6279999999999,493.404,-0.0472759295652175,0.3852185504347826,0.4314000000000001,0.9581,True
1554,tail_base,498.39,384.276,-0.4982824913043476,0.0854198556521739,-0.0281999999999998,0.846,True
1554,tail_tip,530.858,352.976,-0.360690583478261,-0.0232127930434782,0.0590999999999999,0.9301,True
1554,withers,580.064,468.112,-0.1818927304347827,0.3280964173913042,0.282,0.97,True
1555,occipital_protuberance,623.554,493.6360000000001,-0.0474324091304348,0.3854236547826089,0.4345999999999999,0.9449,True
1555,tail_base,498.408,384.352,-0.495017944347826,0.0851367095652173,-0.0074,0.8415,True
1555,tail_tip,530.61,353.272,-0.3618430956521738,-0.0222550539130435,0.0598000000000001,0.9465,True
1555,withers,579.982,468.132,-0.1824547200000001,0.3287212799999998,0.2771999999999998,0.9738,True
1556,occipital_protuberance,623.562,493.992,-0.0474093360869564,0.3864504052173913,0.4345999999999999,0.9561,True
1556,tail_base,498.39400000000006,384.342,-0.4922963373913041,0.0846254921739129,0.0105999999999999,0.844,True
1556,tail_tip,530.3120000000001,353.752,-0.3626619113043474,-0.0206577895652173,0.0576999999999998,0.9565,True
1556,withers,579.93,468.16,-0.1825344478260871,0.3286653217391303,0.2784000000000001,0.9743,True
1557,occipital_protuberance,623.4300000000001,494.392,-0.0477504173913041,0.3872826852173913,0.4368000000000002,0.9547,True
1557,tail_base,498.478,384.35,-0.4883739626086958,0.0840286739130435,0.0341999999999998,0.8532,True
1557,tail_tip,530.068,354.212,-0.3633013617391304,-0.0191280817391304,0.0590999999999999,0.9816,True
1557,withers,579.958,468.234,-0.1836763095652175,0.331101923478261,0.2595999999999999,0.9757,True
1558,occipital_protuberance,623.256,494.686,-0.04825184,0.388129916521739,0.4368000000000002,0.9297,True
1558,tail_base,498.554,384.436,-0.4888496756521739,0.0844529408695653,0.0294,0.8447,True
1558,tail_tip,529.874,354.612,-0.3634397404347825,-0.0177815713043479,0.0633000000000001,0.9702,True
1558,withers,579.972,468.2600000000001,-0.1841032660869566,0.3320287130434784,0.2524,0.9737,True
1559,occipital_protuberance,623.184,495.114,-0.0484812591304348,0.3895395365217392,0.4355999999999999,0.9375,True
1559,tail_base,498.6820000000001,384.418,-0.494920213043478,0.0855160826086956,-0.013,0.8529,True
1559,tail_tip,529.7239999999999,355.004,-0.3639347730434785,-0.0164878860869564,0.0598000000000001,0.984,True
1559,withers,580.0060000000001,468.314,-0.1838424834782606,0.3319117704347825,0.2548000000000002,0.9774,True
1560,occipital_protuberance,623.206,495.432,-0.0484945004347825,0.391074620869565,0.4314000000000001,0.9334,True
1560,tail_base,498.746,384.366,-0.4953716365217392,0.0854505026086956,-0.0174,0.8512,True
1560,tail_tip,529.6859999999999,355.354,-0.3638923121739133,-0.01532574,0.0611999999999998,0.9866,True
1560,withers,580.04,468.4,-0.183738295652174,0.332175304347826,0.2548000000000002,0.9782,True
1561,occipital_protuberance,623.172,495.64,-0.0485707295652173,0.3914983217391304,0.4325999999999999,0.9077,True
1561,tail_base,498.754,384.402,-0.4904920878260869,0.0847385973913045,0.0141999999999998,0.8633,True
1561,tail_tip,529.686,355.544,-0.3643959195652173,-0.0147193304347826,0.057,0.996,True
1561,withers,580.1020000000001,468.482,-0.184017073043478,0.3332755704347825,0.2475999999999999,0.9803,True
1562,occipital_protuberance,623.196,495.814,-0.0485197234782607,0.3921481626086957,0.4390999999999999,0.9144,True
1562,tail_base,498.776,384.438,-0.4911218104347826,0.0849858013043478,0.0095999999999999,0.8596,True
1562,tail_tip,529.668,355.752,-0.363783792173913,-0.0140063947826086,0.0625999999999999,0.9962,True
1562,withers,580.11,468.484,-0.1835237913043478,0.3324327095652175,0.2548000000000002,0.9789,True
1563,occipital_protuberance,623.226,495.958,-0.0484950926086956,0.3930664004347826,0.4356999999999998,0.907,True
1563,tail_base,498.79,384.35800000000006,-0.4905819586956523,0.0846228691304349,0.0128000000000001,0.864,True
1563,tail_tip,529.664,356.03000000000003,-0.3628135513043478,-0.0130543956521738,0.0708000000000001,1.0,True
1563,withers,580.13,468.458,-0.1832282304347826,0.3319286356521738,0.2584000000000001,0.9792,True
1564,occipital_protuberance,623.232,496.05,-0.0484558747826087,0.3931549239130435,0.4369,0.9106,True
1564,tail_base,498.71,384.35,-0.4852697195652173,0.0836316630434783,0.0491999999999998,0.8679,True
1564,tail_tip,529.67,356.254,-0.3619543543478262,-0.0122893230434781,0.0778000000000001,0.996,True
1564,withers,580.162,468.42,-0.1825058999999999,0.3306809999999999,0.268,0.9837,True
1565,occipital_protuberance,623.2819999999999,496.194,-0.0482532360869567,0.393097334347826,0.4400999999999999,0.9089,True
1565,tail_base,498.58,384.414,-0.4846094478260868,0.0836604091304349,0.0564,0.8699,True
1565,tail_tip,529.558,356.49,-0.3616495317391304,-0.0114937239130434,0.0834,0.9832,True
1565,withers,580.188,468.41,-0.1814384017391304,0.3288593782608697,0.2831999999999998,0.984,True
1566,occipital_protuberance,623.332,496.274,-0.04817052,0.39383186,0.4366999999999998,0.8963,True
1566,tail_base,498.54,384.412,-0.4905894304347827,0.0846618773913044,0.0184,0.86,True
1566,tail_tip,529.376,356.862,-0.3620771617391304,-0.0102708104347827,0.0848000000000001,0.982,True
1566,withers,580.1800000000001,468.46,-0.1816967478260867,0.3294354608695653,0.2795999999999999,0.9821,True
1567,occipital_protuberance,623.3979999999999,496.404,-0.0479797800000002,0.39420756,0.4366999999999998,0.8876,True
1567,tail_base,498.518,384.426,-0.4906657273913042,0.0847104300000001,0.0184,0.8558,True
1567,tail_tip,529.3619999999999,357.09000000000003,-0.3624597086956526,-0.0095334130434781,0.082,0.968,True
1567,withers,580.1600000000001,468.538,-0.1811460869565215,0.3285634021739131,0.289,0.9837,True
1568,occipital_protuberance,623.404,496.49799999999993,-0.0479011069565217,0.393974770869565,0.4400999999999999,0.8913,True
1568,tail_base,498.476,384.478,-0.4871502208695653,0.084257533043478,0.0421999999999998,0.8594,True
1568,tail_tip,529.2760000000001,357.342,-0.3632228608695649,-0.0087193956521739,0.078,0.9214,True
1568,withers,580.1,468.638,-0.1814058478260869,0.3290078213043479,0.2878000000000001,0.9839,True
1569,occipital_protuberance,623.366,496.582,-0.0480107865217391,0.3942172204347826,0.4400999999999999,0.882,True
1569,tail_base,498.438,384.532,-0.4918664013043479,0.0852380339130434,0.0124,0.8604,True
1569,tail_tip,529.114,357.564,-0.3632721782608694,-0.007980547826087,0.082,0.9625,True
1569,withers,580.05,468.756,-0.1822610326086958,0.3306418826086957,0.277,0.9819,True
1570,occipital_protuberance,623.26,496.6060000000001,-0.0483349304347826,0.3944349765217393,0.4390999999999999,0.8799,True
1570,tail_base,498.418,384.502,-0.4930439256521739,0.0853255517391304,0.0051999999999998,0.8643,True
1570,tail_tip,529.014,357.944,-0.3626105639130434,-0.0067173095652175,0.0861999999999998,0.9093,True
1570,withers,580.056,468.862,-0.1833895460869564,0.3330467230434782,0.2594000000000001,0.9816,True
1571,occipital_protuberance,623.1980000000001,496.684,-0.0484518543478258,0.3941550565217392,0.4425,0.8873,True
1571,tail_base,498.458,384.46,-0.48795066,0.0843231913043477,0.0374,0.8733,True
1571,tail_tip,528.898,358.316,-0.3605259899999999,-0.00546458,0.1065999999999999,0.8562,True
1571,withers,580.0799999999999,468.918,-0.1833161217391306,0.3332180465217391,0.2594000000000001,0.9805,True
1572,occipital_protuberance,623.1120000000001,496.72800000000007,-0.0487218799999997,0.3944602800000001,0.4413000000000002,0.8953,True
1572,tail_base,498.45200000000006,384.41399999999993,-0.4865866356521737,0.0839257786956519,0.0464,0.8758,True
1572,tail_tip,528.734,358.878,-0.3587844734782607,-0.003617962173913,0.1254000000000001,0.7756,True
1572,withers,580.0759999999999,468.954,-0.1846440817391307,0.3357204339130435,0.2391999999999998,0.9828,True
1573,occipital_protuberance,623.1600000000001,496.79,-0.0485833999999997,0.3946391499999999,0.4413000000000002,0.8904,True
1573,tail_base,498.5100000000001,384.376,-0.4842956630434781,0.0834348086956522,0.06,0.8874,True
1573,tail_tip,528.5799999999999,359.448,-0.3576582000000002,-0.00177192,0.1348000000000001,0.6841,True
1573,withers,580.0840000000001,468.99000000000007,-0.184463128695652,0.335547039130435,0.2415999999999999,0.9817,True
1574,occipital_protuberance,623.1959999999999,496.816,-0.0484612747826089,0.3945654469565216,0.4423000000000002,0.8899,True
1574,tail_base,498.54,384.354,-0.4800721869565218,0.0826500639130434,0.0868000000000001,0.8977,True
1574,tail_tip,528.55,360.034,-0.3566157717391306,0.0001087926086956,0.1441999999999998,0.5367,True
1574,withers,580.072,469.0280000000001,-0.1841092382608695,0.3349529773913046,0.2475999999999999,0.9825,True
1575,occipital_protuberance,623.286,496.91399999999993,-0.0482017226086958,0.3948480704347824,0.4423000000000002,0.8888,True
1575,tail_base,498.604,384.36,-0.4826214339130435,0.0831470347826087,0.0688000000000001,0.9027,True
1575,tail_tip,528.596,360.514,-0.3548701765217391,0.0016373134782609,0.1574000000000001,0.6105,True
1575,withers,580.024,469.03,-0.1841784730434782,0.3348169086956523,0.2488000000000002,0.9794,True
1576,occipital_protuberance,623.292,496.966,-0.0482062121739129,0.3951766852173913,0.4410999999999999,0.893,True
1576,tail_base,498.612,384.38,-0.4880344921739131,0.0841533999999999,0.0334,0.9011,True
1576,tail_tip,528.346,361.27,-0.3545742678260869,0.0040330782608696,0.1664000000000001,0.6074,True
1576,withers,580.028,469.016,-0.1842444139130434,0.3349161113043477,0.2475999999999999,0.9786,True
1577,occipital_protuberance,623.306,497.0100000000001,-0.0481440443478259,0.3951249260869566,0.4423000000000002,0.8931,True
1577,tail_base,498.64400000000006,384.38,-0.4922261756521737,0.0848953999999999,0.0054,0.9067,True
1577,tail_tip,528.0459999999999,361.896,-0.354431761304348,0.0060024886956522,0.1754,0.5423,True
1577,withers,580.0300000000001,469.0200000000001,-0.1840818260869562,0.3346440000000003,0.25,0.9792,True
1578,occipital_protuberance,623.288,497.108,-0.0482177530434782,0.3955863860869565,0.4410999999999999,0.8938,True
1578,tail_base,498.622,384.392,-0.4911963469565217,0.084746292173913,0.0125999999999999,0.9094,True
1578,tail_tip,527.3480000000001,362.88,-0.3549272686956519,0.0090738782608695,0.1859000000000001,0.3854,True
1578,withers,580.074,469.036,-0.1841812582608697,0.3351197756521737,0.2464000000000001,0.9813,True
1579,occipital_protuberance,623.3059999999999,497.178,-0.0482456600000002,0.39644442,0.4366999999999998,0.8962,True
1579,tail_base,498.648,384.378,-0.4957153182608697,0.0854925860869566,-0.0174,0.9049,True
1579,tail_tip,527.006,363.412,-0.3547520321739132,0.010712196521739,0.1960999999999999,0.4375,True
1579,withers,580.118,468.99,-0.1844365599999998,0.3356891999999999,0.2404,0.9805,True
1580,occipital_protuberance,623.29,497.226,-0.0483899804347827,0.3973885969565217,0.4313000000000002,0.8974,True
1580,tail_base,498.668,384.374,-0.4937709939130434,0.0851553378260868,-0.0051999999999998,0.9093,True
1580,tail_tip,526.746,363.648,-0.3547804652173913,0.0114277565217392,0.2025,0.338,True
1580,withers,580.172,468.96400000000006,-0.1845043495652173,0.3360355008695654,0.2368000000000001,0.9788,True
1581,occipital_protuberance,623.292,497.246,-0.0484023495652173,0.3975956947826086,0.4303000000000002,0.8951,True
1581,tail_base,498.668,384.372,-0.4915895652173913,0.0847721739130433,0.009,0.9152,True
1581,tail_tip,526.7360000000001,363.696,-0.3557720730434779,0.0116094573913044,0.1946999999999998,0.3967,True
1581,withers,580.2,468.93,-0.1843399999999998,0.3357885652173913,0.238,0.9794,True
1582,occipital_protuberance,623.348,497.4,-0.0483016600000001,0.3985496086956521,0.4309000000000001,0.9004,True
1582,tail_base,498.662,384.422,-0.4929009121739131,0.0851690704347827,0.0005999999999999,0.9086,True
1582,tail_tip,526.6406666666668,363.778,-0.3569093966666662,0.0118949508695652,0.1879000000000001,0.4051,True
1582,withers,580.24,468.944,-0.1843725913043478,0.3361159234782608,0.2355999999999999,0.9788,True
1583,occipital_protuberance,623.352,497.47,-0.048329867826087,0.3990813869565217,0.4286999999999998,0.8951,True
1583,tail_base,498.666,384.438,-0.4955907434782609,0.0856923782608695,-0.017,0.9026,True
1583,tail_tip,526.956,363.446,-0.3569487173913042,0.0108811195652174,0.1795,0.3569,True
1583,withers,580.2560000000001,468.93,-0.1841673739130432,0.3357885652173913,0.238,0.9766,True
1584,occipital_protuberance,623.366,497.574,-0.0482494482608696,0.3990543221739129,0.4309000000000001,0.9125,True
1584,tail_base,498.626,384.478,-0.4895228417391303,0.0847577356521737,0.0234,0.9224,True
1584,tail_tip,526.7879999999999,363.594,-0.3577745313043481,0.0113578213043478,0.1770999999999999,0.2633,True
1584,withers,580.292,468.94,-0.1833554799999999,0.3345405304347824,0.2488000000000002,0.979,True
1585,occipital_protuberance,623.3679999999999,497.692,-0.0482255686956523,0.3992469339130435,0.4319000000000001,0.9088,True
1585,tail_base,498.72800000000007,384.44,-0.4905823756521737,0.0848705565217391,0.0141999999999998,0.91,True
1585,tail_tip,526.434,363.986,-0.3584488595652175,0.0125810291304347,0.1806999999999998,0.2503,True
1585,withers,580.322,468.906,-0.1832633539130434,0.334436120869565,0.2488000000000002,0.9824,True
1586,occipital_protuberance,623.3879999999999,497.838,-0.0481675773913045,0.3996702704347826,0.4319000000000001,0.91,True
1586,tail_base,498.802,384.456,-0.4905402691304346,0.0849633339130435,0.0128000000000001,0.9076,True
1586,tail_tip,526.0699999999999,364.267,-0.358012641304348,0.0134085836956521,0.1935,0.332,True
1586,withers,580.3119999999999,468.93,-0.1831383547826089,0.3342256565217392,0.2511999999999998,0.9812,True
1587,occipital_protuberance,623.336,497.876,-0.048376316521739,0.4002600226086957,0.4286999999999998,0.9192,True
1587,tail_base,498.846,384.434,-0.4819181673913043,0.0834208630434781,0.068,0.9128,True
1587,tail_tip,525.6313333333334,364.583,-0.3582225542028984,0.0143547530434781,0.1994,0.3858,True
1587,withers,580.308,468.896,-0.1829949095652174,0.3338372591304348,0.2535999999999999,0.9813,True
1588,occipital_protuberance,623.3100000000001,497.912,-0.0484880782608693,0.4006643408695651,0.4266999999999998,0.915,True
1588,tail_base,498.84800000000007,384.444,-0.4819113391304345,0.0834550043478261,0.068,0.9219,True
1588,tail_tip,525.35,364.709,-0.3582812499999999,0.014715625,0.206,0.2502,True
1588,withers,580.3059999999999,468.838,-0.1832346260869567,0.3340853391304348,0.25,0.981,True
1589,occipital_protuberance,623.2760000000001,497.934,-0.0485868556521737,0.400728255652174,0.4266999999999998,0.9209,True
1589,tail_base,498.8860000000001,384.454,-0.4815668634782605,0.0834519330434782,0.0694,0.9238,True
1589,tail_tip,525.226,364.645,-0.3581946834782609,0.0144964391304347,0.2098000000000001,0.384,True
1589,withers,580.316,468.782,-0.1827627878260868,0.3331094026086955,0.2568000000000002,0.9798,True
1590,occipital_protuberance,623.266,497.948,-0.0485977186956522,0.4006189852173914,0.4276999999999998,0.9137,True
1590,tail_base,498.838,384.47,-0.4833877878260869,0.0837937913043477,0.0585999999999999,0.9206,True
1590,tail_tip,525.37,364.247,-0.3591656934782609,0.0133069589130433,0.1984000000000001,0.2591,True
1590,withers,580.3219999999999,468.758,-0.1821216878260873,0.331901044347826,0.2664000000000001,0.9802,True
1591,occipital_protuberance,623.2320000000001,497.968,-0.048678233043478,0.4005271026086958,0.4286999999999998,0.9166,True
1591,tail_base,498.82,384.426,-0.4824979956521739,0.0834785100000001,0.0648000000000001,0.9163,True
1591,tail_tip,525.912,363.346,-0.3598484330434782,0.0105537204347826,0.1791999999999998,0.3534,True
1591,withers,580.35,468.7219999999999,-0.1811933586956521,0.3302548926086954,0.2794000000000001,0.9832,True
1592,occipital_protuberance,623.2239999999999,497.96,-0.0485811078260871,0.3995141652173913,0.4353000000000002,0.9201,True
1592,tail_base,498.7720000000001,384.406,-0.4862234426086955,0.0840256134782609,0.0415999999999999,0.9106,True
1592,tail_tip,525.95,363.164,-0.3595798152173912,0.0099755417391303,0.1804000000000001,0.4982,True
1592,withers,580.4019999999999,468.682,-0.1790790339130437,0.3265657834782607,0.3060999999999999,0.9835,True
1593,occipital_protuberance,623.208,497.988,-0.0485690347826087,0.3991152913043478,0.4385,0.9234,True
1593,tail_base,498.774,384.432,-0.4901156226086956,0.0847896626086957,0.0161999999999998,0.8974,True
1593,tail_tip,525.74,363.3333333333333,-0.3600680347826087,0.0105043478260868,0.1818000000000001,0.6257,True
1593,withers,580.424,468.632,-0.1786243895652174,0.3257070747826085,0.3120999999999999,0.9844,True
1594,occipital_protuberance,623.1899999999999,498.0100000000001,-0.0485991717391306,0.3989989108695653,0.4396999999999998,0.9253,True
1594,tail_base,498.704,384.486,-0.4973004869565217,0.0861800739130434,-0.029,0.9111,True
1594,tail_tip,525.282,363.854,-0.3613118226086955,0.012138424347826,0.1834000000000001,0.3193,True
1594,withers,580.466,468.5940000000001,-0.1796373739130434,0.3276705913043479,0.2945,0.9853,True
1595,occipital_protuberance,623.1759999999999,498.03,-0.0486177026086958,0.3988766934782609,0.4409,0.9257,True
1595,tail_base,498.61,384.608,-0.4916990934782608,0.0855769947826087,0.0095999999999999,0.9158,True
1595,tail_tip,524.4280000000001,364.894,-0.3628709556521735,0.0153660960869565,0.1924000000000001,0.1783,True
1595,withers,580.474,468.554,-0.1790826769565216,0.3265823491304347,0.3026999999999998,0.9869,True
1596,occipital_protuberance,623.178,498.046,-0.0486521495652174,0.3992530399999998,0.4386999999999998,0.93,True
1596,tail_base,498.564,384.728,-0.4945340486956521,0.0864619895652174,-0.0078000000000001,0.9221,True
1596,tail_tip,523.3815999999999,366.2668,-0.3638139154434784,0.0195505087130434,0.2108800000000001,0.2001,True
1596,withers,580.45,468.516,-0.1791548804347825,0.3264680269565216,0.3026999999999998,0.982,True
1597,occipital_protuberance,623.17,498.098,-0.0486972391304348,0.3995835608695651,0.4375,0.9305,True
1597,tail_base,498.578,384.788,-0.492210047826087,0.0862730173913043,0.007,0.9213,True
1597,tail_tip,523.0448,366.7504,-0.3648951389913042,0.0210609545043478,0.2106400000000003,0.3095,True
1597,withers,580.434,468.482,-0.1803813869565218,0.3285117956521738,0.2845,0.9856,True
1598,occipital_protuberance,623.14,498.16,-0.0487840434782609,0.3997629565217392,0.4375,0.9287,True
1598,tail_base,498.586,384.828,-0.4873556830434783,0.0855648443478259,0.0384,0.9306,True
1598,tail_tip,522.9295999999999,366.9374666666666,-0.365173117704348,0.0216397683072462,0.2112799999999997,0.2301,True
1598,withers,580.4820000000001,468.488,-0.1795502795652171,0.3272799947826088,0.2950999999999999,0.985,True
1599,occipital_protuberance,623.116,498.24,-0.0489342365217391,0.4006555826086955,0.4330999999999999,0.9316,True
1599,tail_base,498.638,384.836,-0.4795552195652173,0.0842534304347824,0.088,0.928,True
1599,tail_tip,523.036,366.828,-0.364647983478261,0.0212870321739129,0.2128000000000001,0.2313,True
1599,withers,580.444,468.512,-0.1789657800000001,0.32607856,0.3059000000000001,0.984,True
1600,occipital_protuberance,623.11,498.31000000000006,-0.0489332673913043,0.4007081239130436,0.4340999999999999,0.9352,True
1600,tail_base,498.678,384.776,-0.4878373995652174,0.0855256747826085,0.0331999999999998,0.9291,True
1600,tail_tip,523.364,366.422,-0.3633211399999999,0.02000453,0.2151999999999998,0.2836,True
1600,withers,580.482,468.532,-0.1790068543478261,0.3264217869565217,0.3035,0.982,True
1601,occipital_protuberance,623.088,498.362,-0.0489565634782609,0.4005279113043477,0.4363000000000002,0.9341,True
1601,tail_base,498.698,384.736,-0.4880141030434781,0.0854306156521738,0.0315999999999999,0.9352,True
1601,tail_tip,523.6544,366.0618666666667,-0.3621737357913043,0.0188700638144927,0.2171199999999999,0.267,True
1601,withers,580.53,468.526,-0.1791598391304348,0.3269463713043476,0.2989000000000001,0.9829,True
1602,occipital_protuberance,623.12,498.43,-0.0488822782608695,0.4008752239130435,0.4353000000000002,0.9341,True
1602,tail_base,498.658,384.786,-0.4918701599999999,0.08625528,0.0074,0.9245,True
1602,tail_tip,523.9072,365.7476,-0.3612050809043479,0.0178827827652174,0.2185599999999999,0.3423,True
1602,withers,580.55,468.558,-0.1782853804347827,0.325556002173913,0.3115,0.9854,True
1603,occipital_protuberance,623.182,498.484,-0.0487246708695651,0.4012122321739131,0.4340999999999999,0.9344,True
1603,tail_base,498.598,384.794,-0.4905112421739132,0.0860082299999999,0.0175999999999999,0.9297,True
1603,tail_tip,524.1224,365.4792000000001,-0.3604146030956522,0.0170419795826088,0.21952,0.1834,True
1603,withers,580.524,468.572,-0.1784409295652173,0.3257396026086956,0.3103000000000002,0.9832,True
1604,occipital_protuberance,623.2239999999999,498.514,-0.0485227565217393,0.4006366891304347,0.4385,0.9252,True
1604,tail_base,498.542,384.818,-0.4970403595652172,0.0872028986956523,-0.0235999999999999,0.9395,True
1604,tail_tip,523.788,365.758,-0.3618487991304347,0.0179286595652173,0.2164000000000001,0.2471,True
1604,withers,580.488,468.558,-0.1790923078260867,0.3266887813043477,0.3019000000000001,0.9847,True
1605,occipital_protuberance,623.22,498.546,-0.0485744521739129,0.4010605513043477,0.4363000000000002,0.9254,True
1605,tail_base,498.486,384.848,-0.4940376795652175,0.0867465286956522,-0.0028000000000001,0.9279,True
1605,tail_tip,523.114,366.334,-0.3639474299999998,0.0197221482608693,0.2164000000000001,0.3743,True
1605,withers,580.446,468.532,-0.1795941495652173,0.3272947617391303,0.2960999999999999,0.984,True
1606,occipital_protuberance,623.262,498.55,-0.0484528713043479,0.4010721304347826,0.4363000000000002,0.9256,True
1606,tail_base,498.414,384.802,-0.4961050321739129,0.0869040513043478,-0.0145999999999999,0.9321,True
1606,tail_tip,522.4725000000001,366.8688333333333,-0.3660598383152171,0.0213941759963767,0.2155,0.3262,True
1606,withers,580.39,468.494,-0.1802295391304348,0.3280292504347825,0.2889000000000001,0.9837,True
1607,occipital_protuberance,623.238,498.508,-0.0484822630434781,0.4006193347826086,0.4385,0.9324,True
1607,tail_base,498.39400000000006,384.702,-0.4963905978260867,0.08659125,-0.016,0.9251,True
1607,tail_tip,521.8635,367.3625,-0.3681878113586955,0.0229461915760869,0.2136999999999998,0.3023,True
1607,withers,580.332,468.48,-0.18168906,0.3303216,0.2725999999999999,0.9814,True
1608,occipital_protuberance,623.206,498.47,-0.0485748195652173,0.4005094239130434,0.4385,0.9254,True
1608,tail_base,498.374,384.706,-0.4989545556521739,0.0870403121739131,-0.0321999999999998,0.9213,True
1608,tail_tip,521.287,367.81500000000005,-0.3703329456521738,0.0243794021739132,0.211,0.2531,True
1608,withers,580.312,468.46,-0.181594252173913,0.3299777608695654,0.275,0.9849,True
1609,occipital_protuberance,623.186,498.424,-0.0486948060869564,0.4008879408695652,0.4350999999999999,0.9293,True
1609,tail_base,498.388,384.654,-0.4986589513043477,0.0868142373913043,-0.0305999999999999,0.921,True
1609,tail_tip,521.255,367.725,-0.3704327717391305,0.0240986413043478,0.211,0.2765,True
1609,withers,580.332,468.436,-0.1815334043478261,0.329904743478261,0.275,0.9842,True
1610,occipital_protuberance,623.2199999999999,498.356,-0.0486145782608698,0.4008413939130433,0.4340999999999999,0.9286,True
1610,tail_base,498.412,384.588,-0.49857444,0.0865818313043478,-0.0305999999999999,0.9266,True
1610,tail_tip,521.9549999999999,366.729,-0.3695321739130436,0.0210646956521738,0.201,0.2938,True
1610,withers,580.304,468.436,-0.1816185913043479,0.3299047434782608,0.275,0.9854,True
1611,occipital_protuberance,623.208,498.284,-0.0486894991304348,0.4009634765217391,0.4319000000000001,0.9259,True
1611,tail_base,498.41,384.584,-0.493133345652174,0.0856217965217391,0.0048000000000001,0.9177,True
1611,tail_tip,522.5565,365.8935,-0.3683257940760869,0.018483169076087,0.1956999999999998,0.407,True
1611,withers,580.32,468.432,-0.1818034434782607,0.3303168730434781,0.2714000000000001,0.9855,True
1612,occipital_protuberance,623.236,498.212,-0.0486702652173913,0.4012654913043477,0.4285,0.9227,True
1612,tail_base,498.376,384.556,-0.4952221826086955,0.0858659260869564,-0.008,0.9081,True
1612,tail_tip,523.0915,365.1985,-0.3670545676630435,0.0163215948369564,0.1925,0.5505,True
1612,withers,580.35,468.416,-0.1808691739130434,0.3287361669565217,0.2844000000000001,0.9864,True
1613,occipital_protuberance,623.266,498.162,-0.0485613404347827,0.4009401169565217,0.4296999999999998,0.9235,True
1613,tail_base,498.338,384.422,-0.4982498908695651,0.0858964213043479,-0.0268000000000001,0.9074,True
1613,tail_tip,523.788,364.188,-0.3651583147826087,0.013159424347826,0.1901999999999998,0.5478,True
1613,withers,580.368,468.388,-0.1805942156521737,0.3282507017391305,0.2878000000000001,0.9851,True
1614,occipital_protuberance,623.29,498.115,-0.048490785326087,0.4007962187499999,0.42975,0.9185,True
1614,tail_base,498.31500000000005,384.3525,-0.4969370366847824,0.0854124232336957,-0.01775,0.9071,True
1614,tail_tip,524.27,363.495,-0.3640148777173914,0.0109931046195652,0.18725,0.4933,True
1614,withers,580.3725000000001,468.3850000000001,-0.1800653281249998,0.3273050285326088,0.29575,0.9877,True
1615,occipital_protuberance,623.2833333333334,498.05,-0.048478333333333,0.4003449999999999,0.4315,0.9204,True
1615,tail_base,498.2466666666667,384.33,-0.4980883429951688,0.0854899782608695,-0.0236666666666665,0.8917,True
1615,tail_tip,524.3100000000001,363.49,-0.3631659999999997,0.0109555652173913,0.193,0.5959,True
1615,withers,580.4033333333333,468.36666666666673,-0.1796321268115942,0.3266312681159422,0.2975,0.9837,True
