frame,body_part,color_x,color_y,x_m,y_m,h_m,confidence,valid
0,left_shoulder,,,,,,0.0124,True
0,left_toe_tip,,,,,,0.0097,True
0,right_shoulder,,,,,,0.0055,True
0,right_toe_tip,,,,,,0.014,True
1,left_shoulder,,,,,,0.0137,True
1,left_toe_tip,,,,,,0.0164,True
1,right_shoulder,,,,,,0.0097,True
1,right_toe_tip,,,,,,0.0064,True
2,left_shoulder,,,,,,0.0196,True
2,left_toe_tip,,,,,,0.039,True
2,right_shoulder,,,,,,0.0036,True
2,right_toe_tip,,,,,,0.0856,True
3,left_shoulder,,,,,,0.0137,True
3,left_toe_tip,,,,,,0.013,True
3,right_shoulder,,,,,,0.0035,True
3,right_toe_tip,,,,,,0.0074,True
4,left_shoulder,,,,,,0.009,True
4,left_toe_tip,,,,,,0.0174,False
4,right_shoulder,,,,,,0.0042,False
4,right_toe_tip,,,,,,0.0182,True
5,left_shoulder,,,,,,0.01,True
5,left_toe_tip,,,,,,0.0098,True
5,right_shoulder,,,,,,0.0048,False
5,right_toe_tip,,,,,,0.0064,True
6,left_shoulder,,,,,,0.008,True
6,left_toe_tip,,,,,,0.0143,True
6,right_shoulder,,,,,,0.0045,False
6,right_toe_tip,,,,,,0.0157,True
7,left_shoulder,,,,,,0.0119,True
7,left_toe_tip,,,,,,0.0105,True
7,right_shoulder,,,,,,0.0078,True
7,right_toe_tip,,,,,,0.0127,True
8,left_shoulder,,,,,,0.0096,False
8,left_toe_tip,,,,,,0.0097,True
8,right_shoulder,,,,,,0.0094,False
8,right_toe_tip,,,,,,0.009,True
9,left_shoulder,,,,,,0.0122,True
9,left_toe_tip,,,,,,0.0239,True
9,right_shoulder,,,,,,0.0067,False
9,right_toe_tip,,,,,,0.0082,True
10,left_shoulder,,,,,,0.0053,True
10,left_toe_tip,,,,,,0.0123,True
10,right_shoulder,,,,,,0.0048,True
10,right_toe_tip,,,,,,0.0187,True
11,left_shoulder,,,,,,0.0125,True
11,left_toe_tip,,,,,,0.0088,True
11,right_shoulder,,,,,,0.0075,False
11,right_toe_tip,,,,,,0.0069,True
12,left_shoulder,,,,,,0.01,True
12,left_toe_tip,,,,,,0.0136,True
12,right_shoulder,,,,,,0.0048,True
12,right_toe_tip,,,,,,0.0112,True
13,left_shoulder,,,,,,0.0076,False
13,left_toe_tip,,,,,,0.0118,True
13,right_shoulder,,,,,,0.007,False
13,right_toe_tip,,,,,,0.0081,True
14,left_shoulder,,,,,,0.0064,True
14,left_toe_tip,,,,,,0.0122,True
14,right_shoulder,,,,,,0.0067,True
14,right_toe_tip,,,,,,0.0171,True
15,left_shoulder,,,,,,0.0074,False
15,left_toe_tip,,,,,,0.0142,True
15,right_shoulder,,,,,,0.0102,True
15,right_toe_tip,,,,,,0.0172,True
16,left_shoulder,,,,,,0.0073,True
16,left_toe_tip,,,,,,0.0107,True
16,right_shoulder,,,,,,0.0072,False
16,right_toe_tip,,,,,,0.0078,True
17,left_shoulder,,,,,,0.013,True
17,left_toe_tip,,,,,,0.0635,False
17,right_shoulder,,,,,,0.0127,False
17,right_toe_tip,,,,,,0.0307,False
18,left_shoulder,,,,,,0.0121,True
18,left_toe_tip,,,,,,0.0121,True
18,right_shoulder,,,,,,0.0042,False
18,right_toe_tip,,,,,,0.017,True
19,left_shoulder,,,,,,0.0098,True
19,left_toe_tip,,,,,,0.0383,True
19,right_shoulder,,,,,,0.0074,False
19,right_toe_tip,,,,,,0.0256,True
20,left_shoulder,,,,,,0.0087,True
20,left_toe_tip,,,,,,0.0131,True
20,right_shoulder,,,,,,0.0048,True
20,right_toe_tip,,,,,,0.0096,False
21,left_shoulder,,,,,,0.0095,True
21,left_toe_tip,,,,,,0.0173,True
21,right_shoulder,,,,,,0.0043,False
21,right_toe_tip,,,,,,0.0168,True
22,left_shoulder,,,,,,0.0097,False
22,left_toe_tip,,,,,,0.0121,True
22,right_shoulder,,,,,,0.0062,False
22,right_toe_tip,,,,,,0.0077,True
23,left_shoulder,,,,,,0.0082,True
23,left_toe_tip,,,,,,0.0124,True
23,right_shoulder,,,,,,0.0045,False
23,right_toe_tip,,,,,,0.01,True
24,left_shoulder,,,,,,0.0097,True
24,left_toe_tip,,,,,,0.0157,True
24,right_shoulder,,,,,,0.0039,False
24,right_toe_tip,,,,,,0.0115,True
25,left_shoulder,,,,,,0.0059,True
25,left_toe_tip,,,,,,0.0113,True
25,right_shoulder,,,,,,0.0061,True
25,right_toe_tip,,,,,,0.0072,True
26,left_shoulder,,,,,,0.019,True
26,left_toe_tip,,,,,,0.0287,False
26,right_shoulder,,,,,,0.0078,False
26,right_toe_tip,,,,,,0.0259,False
27,left_shoulder,,,,,,0.0154,True
27,left_toe_tip,,,,,,0.0157,True
27,right_shoulder,,,,,,0.0061,False
27,right_toe_tip,,,,,,0.0312,True
28,left_shoulder,,,,,,0.01,True
28,left_toe_tip,,,,,,0.0128,True
28,right_shoulder,,,,,,0.014,True
28,right_toe_tip,,,,,,0.0141,True
29,left_shoulder,,,,,,0.0076,True
29,left_toe_tip,,,,,,0.0126,True
29,right_shoulder,,,,,,0.0049,False
29,right_toe_tip,,,,,,0.0201,True
30,left_shoulder,,,,,,0.0075,True
30,left_toe_tip,,,,,,0.0176,True
30,right_shoulder,,,,,,0.0058,True
30,right_toe_tip,,,,,,0.0247,True
31,left_shoulder,,,,,,0.009,True
31,left_toe_tip,,,,,,0.0095,True
31,right_shoulder,,,,,,0.0035,False
31,right_toe_tip,,,,,,0.0139,True
32,left_shoulder,,,,,,0.0087,False
32,left_toe_tip,,,,,,0.0177,True
32,right_shoulder,,,,,,0.0066,False
32,right_toe_tip,,,,,,0.0126,True
33,left_shoulder,,,,,,0.0211,False
33,left_toe_tip,,,,,,0.0112,True
33,right_shoulder,,,,,,0.0104,False
33,right_toe_tip,1071.09,702.46,1.9014817608695649,1.510546391304348,-0.056,0.0122,True
34,left_shoulder,,,,,,0.012,True
34,left_toe_tip,,,,,,0.0444,True
34,right_shoulder,,,,,,0.005,True
34,right_toe_tip,1072.65,699.29,1.8937842934782612,1.4851313369565216,-0.043,0.1748,True
35,left_shoulder,,,,,,0.0102,True
35,left_toe_tip,,,,,,0.0967,True
35,right_shoulder,,,,,,0.0126,False
35,right_toe_tip,1073.8766666666668,696.4900000000001,1.8905075338164252,1.466169833333334,-0.0366666666666665,0.6072,True
36,left_shoulder,,,,,,0.0208,True
36,left_toe_tip,,,,,,0.2141,True
36,right_shoulder,,,,,,0.0136,False
36,right_toe_tip,1074.4525,694.0925,1.8915211834239123,1.4545733790760866,-0.0335,0.6091,True
37,left_shoulder,,,,,,0.0063,True
37,left_toe_tip,,,,,,0.2319,True
37,right_shoulder,,,,,,0.0064,False
37,right_toe_tip,1074.556,692.598,1.8888071008695653,1.4456444373913042,-0.0268000000000001,0.73,True
38,left_shoulder,,,,,,0.0058,False
38,left_toe_tip,,,,,,0.2132,True
38,right_shoulder,,,,,,0.0048,False
38,right_toe_tip,1075.33,689.4440000000001,1.886303817391304,1.4274951756521743,-0.0144,0.7766,True
39,left_shoulder,,,,,,0.0098,True
39,left_toe_tip,,,,,,0.2264,True
39,right_shoulder,,,,,,0.0156,True
39,right_toe_tip,1075.262,687.49,1.893011211304348,1.4242967260869566,-0.0231999999999998,0.7175,True
40,left_shoulder,,,,,,0.0081,True
40,left_toe_tip,,,,,,0.2164,True
40,right_shoulder,,,,,,0.0054,True
40,right_toe_tip,1074.674,686.5800000000002,1.8881860582608692,1.418635121739131,-0.0184,0.7316,True
41,left_shoulder,,,,,,0.0103,True
41,left_toe_tip,1072.23,686.39,1.8548304782608696,1.4006388260869564,0.018,0.2352,True
41,right_shoulder,,,,,,0.0113,True
41,right_toe_tip,1074.1640000000002,686.4380000000001,1.8814402556521748,1.4146119765217398,-0.0088000000000001,0.7015,True
42,left_shoulder,,,,,,0.0065,False
42,left_toe_tip,1072.1725,686.3625,1.8518826501358705,1.3984810495923912,0.02375,0.2872,True
42,right_shoulder,,,,,,0.0048,False
42,right_toe_tip,1073.8300000000002,686.3720000000001,1.8822563347826091,1.4160287773913047,-0.0195999999999999,0.659,True
43,left_shoulder,,,,,,0.0074,True
43,left_toe_tip,1072.115,686.335,1.8489355407608696,1.3963236168478264,0.0295,0.3488,True
43,right_shoulder,,,,,,0.0072,True
43,right_toe_tip,1073.3780000000002,686.316,1.8747367004347837,1.4116004530434785,-0.0078000000000001,0.6946,True
44,left_shoulder,,,,,,0.0105,True
44,left_toe_tip,1072.055,686.3,1.8493832500000005,1.3967058695652173,0.028,0.1802,True
44,right_shoulder,,,,,,0.0032,False
44,right_toe_tip,1073.1920000000002,686.2479999999999,1.864703215652175,1.404355793043478,0.0118000000000001,0.7327,True
45,left_shoulder,,,,,,0.0069,True
45,left_toe_tip,1071.994,686.262,1.851188201739131,1.3981035965217388,0.0235999999999999,0.3387,True
45,right_shoulder,,,,,,0.008,True
45,right_toe_tip,1073.066,686.1899999999999,1.865290577826087,1.404957058695652,0.0094,0.5517,True
46,left_shoulder,,,,,,0.0067,True
46,left_toe_tip,1071.874,686.214,1.854053859130435,1.4004508852173914,0.0164,0.2497,True
46,right_shoulder,,,,,,0.007,True
46,right_toe_tip,1072.794,686.206,1.8630840843478265,1.404245915652174,0.0115999999999999,0.6803,True
47,left_shoulder,,,,,,0.0126,True
47,left_toe_tip,1071.753,686.1850000000001,1.8602453442391305,1.4053964364130438,0.0020999999999999,0.3601,True
47,right_shoulder,,,,,,0.0208,True
47,right_toe_tip,1072.602,686.24,1.863386093043479,1.4052433391304349,0.0091999999999998,0.5361,True
48,left_shoulder,,,,,,0.0107,True
48,left_toe_tip,1071.733,686.135,1.8691692525,1.411987302717391,-0.0170999999999999,0.2677,True
48,right_shoulder,,,,,,0.0057,True
48,right_toe_tip,1072.584,686.176,1.87120792,1.4109239234782611,-0.0075999999999999,0.6578,True
49,left_shoulder,,,,,,0.0099,True
49,left_toe_tip,1067.5493333333334,686.8706666666667,1.8472609746859907,1.412270770241546,-0.0209333333333333,0.3104,True
49,right_shoulder,,,,,,0.005,True
49,right_toe_tip,1072.444,686.1800000000001,1.8683460991304344,1.4092394173913043,-0.0088000000000001,0.6738,True
50,left_shoulder,,,,,,0.0106,True
50,left_toe_tip,1059.202,688.392,1.795004737826087,1.4061602660869563,-0.0084,0.3573,True
50,right_shoulder,,,,,,0.004,True
50,right_toe_tip,1072.398,686.102,1.8681473591304345,1.4089024234782608,-0.0088000000000001,0.5458,True
51,left_shoulder,,,,,,0.0128,True
51,left_toe_tip,1046.69,690.674,1.7130490086956522,1.392856396521739,0.0438000000000001,0.2461,True
51,right_shoulder,,,,,,0.0048,False
51,right_toe_tip,1072.328,685.906,1.870006568695652,1.4096851482608692,-0.0134,0.7059,True
52,left_shoulder,,,,,,0.0137,True
52,left_toe_tip,1031.354,690.1659999999999,1.6225877147826089,1.3688969460869564,0.0700999999999999,0.0604,True
52,right_shoulder,,,,,,0.0071,False
52,right_toe_tip,1072.0179999999998,685.598,1.8608705765217384,1.4024779939130432,0.0031999999999998,0.851,True
53,left_shoulder,,,,,,0.0092,False
53,left_toe_tip,1014.151,686.961,1.520598466304348,1.3288121510869564,-0.0085,0.5736,True
53,right_shoulder,,,,,,0.0042,True
53,right_toe_tip,1071.656,685.26,1.8639093756521736,1.4044868217391304,-0.0065999999999999,0.9115,True
54,left_shoulder,,,,,,0.0069,True
54,left_toe_tip,999.3476666666666,680.2583333333333,1.4356199680193236,1.2794552487922708,-0.0024666666666671,0.4206,True
54,right_shoulder,,,,,,0.0047,False
54,right_toe_tip,1071.572,684.9739999999999,1.8570730799999997,1.3983772513043475,0.0071999999999998,0.8972,True
55,left_shoulder,,,,,,0.0128,True
55,left_toe_tip,988.1323333333332,671.5023333333334,1.3758038451449277,1.2310436777536231,0.0171999999999998,0.1104,True
55,right_shoulder,,,,,,0.0075,True
55,right_toe_tip,1071.616,684.7860000000001,1.857262413913044,1.3975682791304351,0.0071999999999998,0.8582,True
56,left_shoulder,,,,,,0.0099,True
56,left_toe_tip,980.505,660.693,1.3398131521739134,1.1831615869565215,-0.007,0.3465,True
56,right_shoulder,,,,,,0.0051,True
56,right_toe_tip,1071.836,684.712,1.8537968460869567,1.393932144347826,0.0165999999999999,0.8279,True
57,left_shoulder,,,,,,0.0144,True
57,left_toe_tip,975.125,651.381,1.3099016304347826,1.1389196478260868,0.002,0.2281,True
57,right_shoulder,,,,,,0.0145,True
57,right_toe_tip,1072.348,684.6940000000001,1.857122637391304,1.394701901304348,0.0141999999999998,0.8638,True
58,left_shoulder,,,,,,0.0101,True
58,left_toe_tip,971.604,643.91,1.2918138434782611,1.1060146086956522,0.014,0.1534,True
58,right_shoulder,,,,,,0.0051,True
58,right_toe_tip,1072.602,685.004,1.8424143004347828,1.3841637747826083,0.0538000000000001,0.8098,True
59,left_shoulder,,,,,,0.0067,True
59,left_toe_tip,969.676,637.78,1.2754877765217392,1.074706665217391,0.0245999999999999,0.3176,True
59,right_shoulder,,,,,,0.0065,True
59,right_toe_tip,1072.692,685.2180000000001,1.847124522608696,1.3883273621739134,0.0445999999999999,0.8822,True
60,left_shoulder,,,,,,0.0101,True
60,left_toe_tip,968.0006666666666,632.3726666666666,1.2690060575362316,1.0537861627536231,0.0245999999999999,0.4738,True
60,right_shoulder,,,,,,0.0056,False
60,right_toe_tip,1072.594,685.428,1.831659421304348,1.3779045991304346,0.0765999999999999,0.8411,True
61,left_shoulder,,,,,,0.0182,True
61,left_toe_tip,966.79,628.118,1.254305269565217,1.029106827826087,0.0428000000000001,0.4395,True
61,right_shoulder,,,,,,0.0094,False
61,right_toe_tip,1072.362,685.6020000000001,1.8180822099999996,1.3691564100000004,0.0974000000000001,0.8067,True
62,left_shoulder,,,,,,0.0162,True
62,left_toe_tip,966.108,625.1099999999999,1.2475757791304345,1.0142186478260866,0.0544,0.5065,True
62,right_shoulder,,,,,,0.0119,True
62,right_toe_tip,1061.352,679.4370000000001,1.74659563826087,1.3241358078260876,0.1114000000000001,0.8267,True
63,left_shoulder,,,,,,0.013,True
63,left_toe_tip,965.388,622.976,1.242062585217391,1.0038251269565217,0.0521999999999998,0.4735,True
63,right_shoulder,,,,,,0.0089,False
63,right_toe_tip,1039.886,666.691,1.626579770869565,1.2474989784782609,0.0803000000000001,0.6902,True
64,left_shoulder,,,,,,0.0142,True
64,left_toe_tip,964.83,622.2520000000001,1.249253810869565,1.0085869852173917,0.0258000000000001,0.5251,True
64,right_shoulder,,,,,,0.0066,True
64,right_toe_tip,1018.304,654.001,1.5114889599999994,1.174661821521739,-0.0028000000000001,0.5698,True
65,left_shoulder,,,,,,0.014,True
65,left_toe_tip,964.6560000000002,622.054,1.2492198260869574,1.0083382173913042,0.024,0.4722,True
65,right_shoulder,,,,,,0.0259,True
65,right_toe_tip,996.72,641.2549999999999,1.4091990956521736,1.1110795347826083,-0.0314,0.6118,True
66,left_shoulder,,,,,,0.0168,True
66,left_toe_tip,964.606,621.992,1.25622522,1.01390904,0.0035999999999999,0.5052,True
66,right_shoulder,,,,,,0.0258,True
66,right_toe_tip,991.308,632.775,1.3878193426086955,1.077579847826087,-0.0314,0.6049,True
67,left_shoulder,,,,,,0.0086,True
67,left_toe_tip,964.548,621.972,1.2593873478260869,1.0165652608695652,-0.006,0.6603,True
67,right_shoulder,,,,,,0.0159,True
67,right_toe_tip,993.962,627.51,1.4007661408695646,1.0586417478260868,-0.0378000000000001,0.6223,True
68,left_shoulder,,,,,,0.0116,True
68,left_toe_tip,964.376,621.922,1.258085264347826,1.0158587830434784,-0.0041999999999998,0.5874,True
68,right_shoulder,,,,,,0.012,True
68,right_toe_tip,1004.678,625.144,1.4557787204347832,1.05844332,-0.0595999999999999,0.6986,True
69,left_shoulder,,,,,,0.0114,True
69,left_toe_tip,964.174,621.862,1.2566675582608695,1.0151137356521738,-0.0024,0.7424,True
69,right_shoulder,,,,,,0.0191,True
69,right_toe_tip,1012.668,619.83,1.4884846008695651,1.0377949108695652,-0.0365999999999999,0.8781,True
70,left_shoulder,,,,,,0.0073,True
70,left_toe_tip,963.864,621.824,1.254128137391304,1.013884980869565,0.0014,0.8329,True
70,right_shoulder,,,,,,0.006,True
70,right_toe_tip,1017.468,611.194,1.5052767373913043,1.0017179860869565,-0.0308000000000001,0.8985,True
71,left_shoulder,,,,,,0.0079,True
71,left_toe_tip,963.512,621.8320000000001,1.2527650556521737,1.0139159600000005,0.0014,0.8041,True
71,right_shoulder,,,,,,0.0054,True
71,right_toe_tip,1003.984,595.254,1.4278459304347828,0.9228605282608696,-0.03,0.8198,True
72,left_shoulder,,,,,,0.0082,False
72,left_toe_tip,962.5986666666664,615.2873333333333,1.2417710995169078,0.9826712425120774,-0.0053333333333334,0.8145,True
72,right_shoulder,,,,,,0.006,False
72,right_toe_tip,990.334,594.078,1.3622661430434784,0.910207214347826,-0.0034,0.7831,True
73,left_shoulder,,,,,,0.0189,True
73,left_toe_tip,961.126,602.238,1.22593341,0.9247698952173916,0.0283000000000001,0.7508,True
73,right_shoulder,,,,,,0.0181,True
73,right_toe_tip,979.254,596.1780000000001,1.3088566821739134,0.911184992608696,0.0195999999999999,0.7078,True
74,left_shoulder,,,,,,0.0107,True
74,left_toe_tip,959.076,582.6279999999999,1.1993095739130435,0.8367908956521737,0.0265,0.2933,True
74,right_shoulder,,,,,,0.0165,True
74,right_toe_tip,970.886,601.21,1.275205871304348,0.9296023652173914,-9.999999999990904e-05,0.6361,True
75,left_shoulder,,,,,,0.0116,True
75,left_toe_tip,957.48,566.9092,1.178113066086956,0.7678040569913046,0.0290399999999999,0.2299,True
75,right_shoulder,,,,,,0.0206,True
75,right_toe_tip,965.692,609.6139999999999,1.2538433973913046,0.9609596360869564,-0.0058000000000001,0.8712,True
76,left_shoulder,,,,,,0.0119,True
76,left_toe_tip,956.32,555.0175999999999,1.163466219130435,0.7173001698782605,0.0366199999999998,0.5336,True
76,right_shoulder,,,,,,0.0253,True
76,right_toe_tip,962.686,621.1119999999999,1.247532135652174,1.0094816973913037,-0.0018000000000001,0.8532,True
77,left_shoulder,,,,,,0.0144,True
77,left_toe_tip,956.1833333333332,553.5518666666667,1.1607456756038643,0.7105513433294688,0.0300733333333328,0.1214,True
77,right_shoulder,,,,,,0.0217,True
77,right_toe_tip,962.538,621.0020000000001,1.244926563043479,1.0074109804347828,0.004,0.7359,True
78,left_shoulder,,,,,,0.0159,True
78,left_toe_tip,957.07,562.512,1.1699193717391307,0.7472252556521737,0.0664000000000001,0.2684,True
78,right_shoulder,,,,,,0.016,True
78,right_toe_tip,962.61,621.002,1.245905793478261,1.0079783760869565,0.002,0.6488,True
79,left_shoulder,,,,,,0.0106,True
79,left_toe_tip,958.98,581.8979999999999,1.1911129260869562,0.828596075217391,0.0490999999999999,0.2823,True
79,right_shoulder,,,,,,0.0232,True
79,right_toe_tip,962.814,621.05,1.2419917765217392,1.0043615,0.0154,0.6322,True
80,left_shoulder,,,,,,0.0106,True
80,left_toe_tip,959.366,596.1471333333333,1.20182517142029,0.8886593093777775,0.0738933333333334,0.2954,True
80,right_shoulder,,,,,,0.0244,True
80,right_toe_tip,962.20625,618.19225,1.223902191745924,0.9807446648437498,0.045875,0.6569,True
81,left_shoulder,,,,,,0.0368,False
81,left_toe_tip,958.2279999999998,605.2594,1.2019056479999992,0.9263127634434782,0.0512800000000002,0.4146,True
81,right_shoulder,,,,,,0.0142,True
81,right_toe_tip,960.77075,612.38275,1.188342312995924,0.9349889318002716,0.1177249999999999,0.4834,True
82,left_shoulder,,,,,,0.0474,False
82,left_toe_tip,955.566,609.2348,1.1913439715652172,0.9409263877739126,0.0387600000000006,0.3972,False
82,right_shoulder,,,,,,0.0112,True
82,right_toe_tip,958.4575,603.6674999999999,1.1395759332880435,0.8719456088315214,0.2338499999999999,0.1703,True
83,left_shoulder,,,,,,0.0241,False
83,left_toe_tip,951.38,608.0733333333333,1.1702698333333328,0.9323422777777776,0.0263333333333334,0.3255,False
83,right_shoulder,,,,,,0.0063,False
83,right_toe_tip,955.1725,592.1324999999999,1.0699592506793478,0.7880519898097823,0.39375,0.0277,False
84,left_shoulder,,,,,,0.013,True
84,left_toe_tip,945.6699999999998,601.775,1.1389529999999994,0.9008746739130434,0.024,0.1339,False
84,right_shoulder,,,,,,0.0097,False
84,right_toe_tip,951.01375,577.6737499999999,0.9892857202785328,0.6923858914741845,0.498625,0.0432,False
85,left_shoulder,,,,,,0.0106,True
85,left_toe_tip,939.96,595.4766666666667,1.1080044202898551,0.8698132669082125,0.0221666666666669,0.2074,True
85,right_shoulder,,,,,,0.0065,True
85,right_toe_tip,948.934375,570.4443749999999,0.9496164175016985,0.6468734127462633,0.5795625,0.0667,False
86,left_shoulder,,,,,,0.0089,True
86,left_toe_tip,933.346,587.3439999999999,1.077600153913043,0.8351432417391301,-0.0110999999999999,0.2662,True
86,right_shoulder,,,,,,0.0058,True
86,right_toe_tip,946.855,563.2149999999998,0.910392089673913,0.6029079809782601,0.6695,0.0656,True
87,left_shoulder,,,,,,0.0179,True
87,left_toe_tip,925.528,576.939,1.0407495599999996,0.790742655,-0.0189,0.3239,True
87,right_shoulder,,,,,,0.0448,True
87,right_toe_tip,939.92375,539.1170833333332,0.782858038213315,0.4675296586843293,0.967125,0.1076,True
88,left_shoulder,,,,,,0.0112,True
88,left_toe_tip,917.5916,564.0848666666667,0.9984648006666664,0.7340696033864733,0.0128666666666672,0.7041,True
88,right_shoulder,,,,,,0.0078,True
88,right_toe_tip,929.4220833333331,518.7954166666667,0.6833882818224133,0.3749504036018016,1.1746805555555555,0.2865,True
89,left_shoulder,,,,,,0.0119,True
89,left_toe_tip,909.5368,548.7816,0.9512305241739126,0.6662348900869567,0.0661999999999998,0.8164,True
89,right_shoulder,,,,,,0.005,True
89,right_toe_tip,915.35,502.25,0.6112570471014493,0.3157846920289854,-0.0375833333333332,0.3331,True
90,left_shoulder,,,,,,0.0116,True
90,left_toe_tip,901.3636,531.0292000000001,0.8995453293913043,0.5886378900869567,-1.3454000000000002,0.6449,False
90,right_shoulder,,,,,,0.0065,True
90,right_toe_tip,907.915,500.685,0.609361019021739,0.3199819157608695,0.13625,0.5935,False
91,left_shoulder,,,,,,0.0207,True
91,left_toe_tip,893.976,512.662,0.8439180782608695,0.5072692760869566,-0.925,0.2337,True
91,right_shoulder,,,,,,0.0048,True
91,right_toe_tip,902.212,494.988,0.621385437391304,0.3198922147826086,0.0758000000000001,0.3125,False
92,left_shoulder,1111.1,718.08,0.9887979347826084,0.7515787826086958,2.177,0.0105,True
92,left_toe_tip,887.674,494.11800000000005,0.7906723239130433,0.4281571369565218,-0.8185,0.0259,False
92,right_shoulder,,,,,,0.0056,True
92,right_toe_tip,891.3520000000001,485.344,0.636904111304348,0.3176107965217389,-0.1051999999999998,0.4818,True
93,left_shoulder,1107.91,714.71,0.9922743586956518,0.7522165326086958,2.17,0.087,True
93,left_toe_tip,882.7804,476.3568,0.7491358690434783,0.3590366128695653,-0.4628000000000001,0.2886,True
93,right_shoulder,,,,,,0.0094,False
93,right_toe_tip,883.29,473.784,0.6511004550724635,0.3045123686956521,-0.0291333333333332,0.6272,True
94,left_shoulder,1102.4566666666667,708.4866666666667,0.9885849033816426,0.7449533816425121,2.154333333333333,0.364,True
94,left_toe_tip,880.2592000000001,459.5044,0.7123685280000003,0.2950305459999999,-0.0773000000000001,0.4642,True
94,right_shoulder,,,,,,0.0103,True
94,right_toe_tip,878.0595000000001,461.4735,0.6629051413858698,0.2825650934510867,0.06015,0.4648,True
95,left_shoulder,1097.9625,703.19,0.9836238043478264,0.7371124347826088,2.1065,0.3061,True
95,left_toe_tip,879.0484,445.1048,0.6871602159130435,0.2446392979130433,0.1084000000000001,0.4673,True
95,right_shoulder,,,,,,0.0087,True
95,right_toe_tip,875.6605,448.4125,0.6737713001902172,0.2527780645380435,0.08865,0.5217,True
96,left_shoulder,1093.542,697.774,0.9768900295652172,0.727535824347826,2.0824000000000003,0.8562,True
96,left_toe_tip,878.2479999999999,434.076,0.6688035704347823,0.2079442147826087,0.2534,0.8117,True
96,right_shoulder,,,,,,0.0175,True
96,right_toe_tip,874.3610000000001,438.733,0.6699922457608699,0.2250822427173913,0.2239000000000001,0.1057,True
97,left_shoulder,1084.756,687.33,0.964153659130435,0.7095945130434784,2.0201,0.9325,True
97,left_toe_tip,877.7520000000001,426.042,0.6558854086956523,0.1821897782608696,0.268,0.8193,True
97,right_shoulder,,,,,,0.0124,True
97,right_toe_tip,873.615,430.68500000000006,0.6565343288043478,0.1986478994565219,0.2755,0.0584,True
98,left_shoulder,1075.902,676.512,0.9466654304347828,0.6873814956521738,1.962,0.9345,True
98,left_toe_tip,876.622,420.15600000000006,0.6397538726086955,0.162643515652174,0.3065999999999999,0.8996,True
98,right_shoulder,,,,,,0.0108,True
98,right_toe_tip,872.5790000000001,424.265,0.6402748188043479,0.1769173538043479,0.3283000000000002,0.167,True
99,left_shoulder,1068.346,666.9359999999999,0.9283002769565218,0.6651836921739129,1.9312,0.9591,True
99,left_toe_tip,874.7059999999999,416.91,0.634369499565217,0.1538178326086957,0.3464000000000001,0.5799,True
99,right_shoulder,,,,,,0.0133,True
99,right_toe_tip,871.7345000000001,419.1725,0.6296251553532612,0.1607723256793478,0.3483499999999999,0.6058,True
100,left_shoulder,1060.594,657.6940000000001,0.9104031430434784,0.6443780778260871,1.9216,0.9569,True
100,left_toe_tip,872.742,414.924,0.6293141295652173,0.1485097199999999,0.3544000000000001,0.5471,True
100,right_shoulder,,,,,,0.0114,False
100,right_toe_tip,871.0815,415.4075,0.6245103125271739,0.1497417800271738,0.3711500000000001,0.6399,True
101,left_shoulder,1053.552,648.908,0.8911146573913048,0.6225339339130436,1.8401,0.9278,True
101,left_toe_tip,871.5559999999999,413.128,0.6275670982608694,0.1439884295652173,0.3545999999999999,0.883,True
101,right_shoulder,,,,,,0.0152,True
101,right_toe_tip,870.6200000000001,412.97,0.624879930434783,0.1435256695652173,0.3551999999999998,0.2008,True
102,left_shoulder,1047.378,640.674,0.8739143704347824,0.6021067460869564,1.8159,0.9089,True
102,left_toe_tip,871.35,412.016,0.6301269891304349,0.1416757530434781,0.3421999999999998,0.8639,True
102,right_shoulder,,,,,,0.0136,False
102,right_toe_tip,870.35,411.86,0.6307083152173913,0.1419949347826087,0.329,0.2322,True
103,left_shoulder,1041.34,632.2819999999999,0.8576461304347823,0.5818547956521737,1.8395,0.8671,True
103,left_toe_tip,871.626,411.668,0.63581337,0.14182866,0.3195999999999999,0.8756,True
103,right_shoulder,,,,,,0.0184,True
103,right_toe_tip,870.595,411.61500000000007,0.642156945652174,0.1437365543478262,0.283,0.2064,True
104,left_shoulder,1035.818,624.4060000000001,0.841629534347826,0.5622076273913045,1.8118,0.9027,True
104,left_toe_tip,871.542,411.438,0.6452974869565218,0.1433554695652173,0.281,0.8943,True
104,right_shoulder,,,,,,0.0144,True
104,right_toe_tip,870.8399999999999,411.37,0.6536284782608693,0.1454552717391304,0.24,0.1362,True
105,left_shoulder,1031.1560000000002,616.2239999999999,0.8255942617391309,0.5407997426086955,1.7782,0.8992,True
105,left_toe_tip,871.558,411.254,0.6609470739130434,0.1462967434782609,0.219,0.8426,True
105,right_shoulder,,,,,,0.0144,True
105,right_toe_tip,871.074,411.202,0.6708178686956522,0.1486416321739128,0.1741999999999998,0.1861,True
106,left_shoulder,1026.8719999999998,608.438,0.8132722260869562,0.5222598826086956,1.734,0.9172,True
106,left_toe_tip,871.6959999999999,411.076,0.6764515826086954,0.1491197130434783,0.159,0.6447,True
106,right_shoulder,,,,,,0.0136,False
106,right_toe_tip,871.2950000000001,410.855,0.6861416456521741,0.1508624630434782,0.1158000000000001,0.6318,True
107,left_shoulder,1022.196,600.562,0.7998697591304347,0.5034544291304348,1.6876,0.9422,True
107,left_toe_tip,871.814,410.946,0.6919143956521738,0.1520627347826087,0.09,0.752,True
107,right_shoulder,,,,,,0.0152,True
107,right_toe_tip,874.9063333333334,412.6343333333333,0.7015018045652176,0.1571821384782608,0.0585999999999999,0.5413,True
108,left_shoulder,1018.446,593.494,0.7889776391304351,0.4867842304347826,1.69,0.9284,True
108,left_toe_tip,871.9860000000001,410.824,0.7078094586956525,0.1550684434782607,0.029,0.7493,True
108,right_shoulder,,,,,,0.0147,True
108,right_toe_tip,881.908,416.54,0.7166261556521739,0.1674936043478259,-0.0064,0.461,True
109,left_shoulder,1014.874,586.726,0.7803898747826087,0.4719843860869565,1.7028,0.9613,True
109,left_toe_tip,872.256,410.768,0.7156514226086956,0.1564316591304348,0.0011999999999998,0.8781,True
109,right_shoulder,,,,,,0.0121,True
109,right_toe_tip,892.3,422.572,0.7303536521739129,0.1811323373913043,0.0118000000000001,0.1817,True
110,left_shoulder,1011.264,580.494,0.7708570573913042,0.4578126508695653,1.7028,0.9835,True
110,left_toe_tip,872.432,410.666,0.7158905600000001,0.15605128,0.0024,0.9329,True
110,right_shoulder,,,,,,0.0108,True
110,right_toe_tip,902.206,426.496,0.7479141143478257,0.1896726121739129,-0.0581999999999998,0.0758,True
111,left_shoulder,1008.166,575.0640000000001,0.7630640530434781,0.4457435165217393,1.6862,0.9466,True
111,left_toe_tip,872.4959999999999,410.71,0.7160876799999997,0.1561868000000001,0.0024,0.9601,True
111,right_shoulder,,,,,,0.0155,False
111,right_toe_tip,911.492,428.68,0.7651352799999999,0.1935581565217391,-0.0808000000000001,0.8705,True
112,left_shoulder,1006.128,570.462,0.7558951339130437,0.4345125247826087,1.6796,0.9875,True
112,left_toe_tip,872.5960000000001,410.79,0.7160922939130439,0.1563669521739129,0.0035999999999999,0.9641,True
112,right_shoulder,,,,,,0.0162,True
112,right_toe_tip,916.5106666666668,427.85466666666673,0.7777163055072465,0.1908486255072465,-0.0945999999999999,0.9355,True
113,left_shoulder,1003.84,566.1659999999999,0.750301356521739,0.4251501469565216,1.6767999999999998,0.986,True
113,left_toe_tip,872.5600000000001,411.00200000000007,0.7156781217391306,0.156953111304348,0.0048000000000001,0.9288,True
113,right_shoulder,,,,,,0.0158,True
113,right_toe_tip,917.718,424.416,0.7890813608695654,0.1830254608695652,-0.126,1.0,True
114,left_shoulder,1002.134,562.0540000000001,0.7454449665217391,0.4159237665217393,1.6802,0.9662,True
114,left_toe_tip,872.4,411.126,0.7151857391304347,0.157334707826087,0.0048000000000001,0.9037,True
114,right_shoulder,,,,,,0.0142,True
114,right_toe_tip,914.918,418.57,0.8007285573913042,0.1705914913043478,-0.1725999999999999,0.9701,True
115,left_shoulder,1001.41,558.664,0.7443474652173916,0.4091614643478261,1.6692,0.9149,True
115,left_toe_tip,872.2880000000001,411.354,0.7148410713043482,0.1580363530434781,0.0048000000000001,0.9079,True
115,right_shoulder,,,,,,0.0105,True
115,right_toe_tip,912.266,414.462,0.7989231452173912,0.1598104513043477,-0.1875999999999999,0.9791,True
116,left_shoulder,1000.826,555.518,0.7431446791304348,0.4026820721739131,1.6602,0.9472,True
116,left_toe_tip,872.2040000000001,411.488,0.7130681965217393,0.158112932173913,0.0108000000000001,0.8761,True
116,right_shoulder,,,,,,0.0133,True
116,right_toe_tip,910.266,411.532,0.7937007378260869,0.1513360408695651,-0.1808000000000001,1.0,True
117,left_shoulder,1000.742,552.864,0.7461085626086956,0.3988930643478262,1.6422,0.9099,True
117,left_toe_tip,872.0960000000001,411.554,0.7094569252173916,0.1575871291304346,0.0238000000000001,0.8715,True
117,right_shoulder,,,,,,0.0162,True
117,right_toe_tip,908.944,409.392,0.7898183686956525,0.1450514191304347,-0.1658000000000001,0.9976,True
118,left_shoulder,1001.336,550.42,0.7462373913043479,0.3932586956521738,1.6405,0.9618,True
118,left_toe_tip,871.7239999999999,411.65600000000006,0.7071108234782607,0.1576294069565219,0.0285999999999999,0.886,True
118,right_shoulder,,,,,,0.0162,True
118,right_toe_tip,908.26,406.718,0.7871681478260869,0.1370868617391304,-0.1460999999999999,1.0,True
119,left_shoulder,1002.464,548.464,0.748566956521739,0.3892191304347827,1.631,0.9991,True
119,left_toe_tip,871.2939999999999,411.33,0.7010722265217387,0.1555856934782609,0.0564,0.839,True
119,right_shoulder,,,,,,0.015,True
119,right_toe_tip,908.104,404.026,0.7832133808695653,0.1286133452173913,-0.1165999999999999,0.9604,True
120,left_shoulder,1003.598,546.6,0.7500394395652172,0.384923347826087,1.6282,0.9667,True
120,left_toe_tip,870.9200000000001,411.142,0.6966756000000002,0.1542931904347826,0.0694,0.7936,True
120,right_shoulder,,,,,,0.0158,True
120,right_toe_tip,908.31,401.948,0.777982343478261,0.1216309617391303,-0.0765999999999999,0.9247,True
121,left_shoulder,1005.144,544.9200000000001,0.7532285686956522,0.3814578000000001,1.6282,0.9233,True
121,left_toe_tip,870.6800000000001,411.0559999999999,0.6953497565217392,0.1539005426086954,0.0718000000000001,0.7193,True
121,right_shoulder,,,,,,0.0151,True
121,right_toe_tip,908.326,400.806,0.775170481304348,0.117884985652174,-0.0518000000000001,0.9059,True
122,left_shoulder,1006.43,542.658,0.7561203391304346,0.3769108121739131,1.6276,0.98,True
122,left_toe_tip,870.186,410.836,0.6971132969565218,0.153955720869565,0.0713000000000001,0.6876,True
122,right_shoulder,,,,,,0.0157,True
122,right_toe_tip,908.444,399.856,0.7748694417391306,0.1150452104347826,-0.0495999999999999,0.9061,True
123,left_shoulder,1008.388,540.518,0.7584788582608699,0.3716708647826087,1.6368,0.9403,True
123,left_toe_tip,869.848,410.27,0.6972888782608694,0.1525038804347825,0.0665,0.7243,True
123,right_shoulder,,,,,,0.0146,False
123,right_toe_tip,908.532,399.5,0.7747731965217388,0.1139660869565217,-0.0324,0.9387,True
124,left_shoulder,1010.492,538.3340000000001,0.7611194347826086,0.3663600652173914,1.646,0.9318,True
124,left_toe_tip,869.558,409.9440000000001,0.7005012273913043,0.1524052017391306,0.0465999999999999,0.7664,True
124,right_shoulder,,,,,,0.011,True
124,right_toe_tip,908.632,399.434,0.7753537095652172,0.113818525652174,-0.0334,0.9397,True
125,left_shoulder,1012.886,536.412,0.7658754191304349,0.362334907826087,1.6554,0.9101,True
125,left_toe_tip,869.316,409.382,0.7018066626086957,0.1511303904347824,0.0384,0.753,True
125,right_shoulder,,,,,,0.0127,True
125,right_toe_tip,908.454,399.606,0.7751901047826089,0.1143666299999999,-0.0345999999999999,0.9176,True
126,left_shoulder,1015.376,534.358,0.7716424904347826,0.3584194017391303,1.6683,0.9335,True
126,left_toe_tip,869.082,408.912,0.7031821391304347,0.1501385739130434,0.03,0.7394,True
126,right_shoulder,,,,,,0.0153,True
126,right_toe_tip,908.044,400.378,0.775579486956522,0.1168328652173914,-0.056,0.9267,True
127,left_shoulder,1018.278,532.8720000000001,0.7753876656521737,0.3543500191304349,1.6782,0.9584,True
127,left_toe_tip,869.144,408.792,0.7036713356521738,0.149833867826087,0.0288000000000001,0.7484,True
127,right_shoulder,,,,,,0.0146,True
127,right_toe_tip,907.738,400.394,0.7746940826086954,0.1168791608695652,-0.04,0.9557,True
128,left_shoulder,1020.764,531.478,0.7836288669565216,0.3529091795652173,1.6756,0.9861,True
128,left_toe_tip,869.484,408.714,0.7038174504347827,0.14940372,0.0264,0.7868,True
128,right_shoulder,,,,,,0.0151,True
128,right_toe_tip,907.636,400.358,0.7747480382608697,0.1168276365217391,-0.0411999999999998,0.9783,True
129,left_shoulder,1023.128,530.304,0.7902431443478262,0.3512705113043478,1.6814,0.9414,True
129,left_toe_tip,870.186,408.642,0.7053699686956523,0.1490560069565217,0.0288000000000001,0.8643,True
129,right_shoulder,,,,,,0.0147,True
129,right_toe_tip,908.318,400.112,0.7764306299999999,0.1160719199999998,-0.0561999999999998,0.9202,True
130,left_shoulder,1025.092,529.012,0.7936243826086958,0.3483116869565216,1.688,0.8995,True
130,left_toe_tip,871.0640000000001,407.798,0.7074576904347829,0.1463450069565217,0.0251999999999998,0.9304,True
130,right_shoulder,,,,,,0.0162,True
130,right_toe_tip,910.913,398.187,0.7774908629347824,0.1095925392391304,-0.0183000000000001,0.5327,True
131,left_shoulder,1026.696,527.66,0.7918020921739128,0.3433020739130434,1.7097,0.957,True
131,left_toe_tip,871.76,405.94,0.7083794782608696,0.1404166086956521,0.018,0.9274,True
131,right_shoulder,,,,,,0.0135,True
131,right_toe_tip,915.559,394.347,0.7767469072826086,0.0968174729347827,-0.0073000000000001,0.6811,True
132,left_shoulder,1028.124,525.9680000000001,0.7942198286956521,0.3396210400000001,1.7204000000000002,0.9698,True
132,left_toe_tip,871.7760000000001,403.034,0.7081260660869567,0.1314782252173912,0.0161999999999998,1.0,True
132,right_shoulder,,,,,,0.0122,True
132,right_toe_tip,920.599,390.679,0.7794247222826085,0.085217591847826,-0.027,0.1943,True
133,left_shoulder,1029.606,524.2059999999999,0.7958126034782608,0.3354086034782607,1.7238,0.9664,True
133,left_toe_tip,872.868,396.502,0.6974902834782609,0.1093314252173913,0.0684,0.9342,True
133,right_shoulder,,,,,,0.0097,True
133,right_toe_tip,925.691,386.737,0.7768000396739132,0.0726984842391303,-0.0225,0.5296,True
134,left_shoulder,1031.0,522.23,0.79713,0.3307375956521739,1.7274,0.9012,True
134,left_toe_tip,873.882,387.478,0.6867995773913043,0.0806897443478259,0.1344000000000001,0.9675,True
134,right_shoulder,,,,,,0.0124,True
134,right_toe_tip,926.754,386.42,0.7716176113043481,0.0710927739130435,-0.0200999999999999,0.6279,True
135,left_shoulder,1032.202,520.022,0.7997510347826087,0.3263057304347826,1.727,0.9305,True
135,left_toe_tip,874.634,377.168,0.6851822873913044,0.050134292173913,0.1614000000000001,0.9645,True
135,right_shoulder,,,,,,0.0149,True
135,right_toe_tip,922.847,390.629,0.7671609990217392,0.0830745040217392,0.0166999999999998,0.4307,True
136,left_shoulder,1033.514,517.5360000000001,0.8073880721739128,0.323222775652174,1.7104,0.9713,True
136,left_toe_tip,875.6359999999999,365.196,0.687800993913043,0.0151666721739131,0.1385999999999999,0.9443,True
136,right_shoulder,,,,,,0.0147,True
136,right_toe_tip,917.243,395.535,0.7638346001086957,0.0979027874999999,0.0188000000000001,0.2363,True
137,left_shoulder,1034.59,514.61,0.8080516956521742,0.3166143913043478,1.7,0.9775,True
137,left_toe_tip,877.818,351.586,0.6941700621739131,-0.0245597343478262,0.0905999999999999,0.9455,True
137,right_shoulder,,,,,,0.0153,True
137,right_toe_tip,911.273,400.927,0.7575888248913042,0.1142975446739131,0.0016999999999998,0.7299,True
138,left_shoulder,1035.31,511.236,0.8107292478260868,0.3101653095652174,1.6872,0.9386,True
138,left_toe_tip,879.4559999999999,339.83000000000004,0.7105596521739128,-0.0598522826086955,0.023,0.9739,True
138,right_shoulder,,,,,,0.0117,True
138,right_toe_tip,904.907,406.853,0.7550137442391303,0.1335361427173913,-0.0335999999999999,0.8798,True
139,left_shoulder,1035.55,507.45,0.8119093695652173,0.302657152173913,1.6756,1.0,True
139,left_toe_tip,882.626,329.046,0.7287219165217391,-0.0929696660869565,-0.0441999999999998,0.935,True
139,right_shoulder,,,,,,0.0128,True
139,right_toe_tip,902.004,409.402,0.7544006478260873,0.1422455413043477,-0.043,0.8811,True
140,left_shoulder,1035.9299999999998,503.23,0.8115704282608692,0.2935903630434783,1.6687,0.956,True
140,left_toe_tip,886.332,318.798,0.7423161269565218,-0.1241613313043478,-0.0754,0.996,True
140,right_shoulder,,,,,,0.0146,True
140,right_toe_tip,902.408,408.278,0.7552786782608696,0.1389566782608694,-0.031,0.8909,True
141,left_shoulder,1035.952,498.28,0.8114433704347828,0.2833838173913044,1.6596,0.9659,True
141,left_toe_tip,890.626,310.758,0.7552560026086956,-0.1483896965217392,-0.0974000000000001,0.931,True
141,right_shoulder,,,,,,0.0133,True
141,right_toe_tip,902.908,407.362,0.7570035782608696,0.1363716717391303,-0.032,0.882,True
142,left_shoulder,1035.646,493.362,0.81546081,0.2748706786956521,1.6348,0.9707,True
142,left_toe_tip,894.342,304.062,0.7628601247826088,-0.1677775186956521,-0.0954000000000001,0.9198,True
142,right_shoulder,,,,,,0.0116,False
142,right_toe_tip,903.408,406.302,0.7587295652173913,0.1333698913043479,-0.044,0.8973,True
143,left_shoulder,1034.99,488.012,0.8145380739130436,0.2639830069565217,1.6338,0.927,True
143,left_toe_tip,897.518,299.086,0.7743454295652175,-0.1831657495652175,-0.1134,0.9618,True
143,right_shoulder,,,,,,0.0134,True
143,right_toe_tip,903.798,405.148,0.7598529347826087,0.1300458695652174,-0.028,0.8959,True
144,left_shoulder,1034.378,482.164,0.8162767256521739,0.2528529226086957,1.6173,0.9721,True
144,left_toe_tip,899.0699999999999,295.728,0.7872348826086953,-0.1953030469565217,-0.1525999999999999,0.9551,True
144,right_shoulder,,,,,,0.0128,True
144,right_toe_tip,904.036,404.122,0.7608828730434783,0.1271480939130433,-0.0241999999999998,0.8295,True
145,left_shoulder,1033.074,475.88,0.8184484286956524,0.2412823130434782,1.5734,0.9932,True
145,left_toe_tip,899.9399999999999,293.856,0.797055152173913,-0.2028176347826087,-0.184,0.9682,True
145,right_shoulder,,,,,,0.0113,True
145,right_toe_tip,904.8,402.888,0.7636601739130434,0.1236852626086957,-0.0261999999999998,0.8036,True
146,left_shoulder,1031.9519999999998,469.24,0.8213950608695647,0.2289290434782607,1.5425,0.9299,True
146,left_toe_tip,900.124,291.866,0.8046879391304349,-0.210771047826087,-0.2115,0.9623,True
146,right_shoulder,,,,,,0.0124,True
146,right_toe_tip,905.65,401.638,0.7658227499999999,0.1200351126086955,-0.0301999999999998,0.7986,True
147,left_shoulder,1030.964,462.394,0.8129501434782608,0.2129127413043477,1.59,0.9554,True
147,left_toe_tip,900.1599999999999,290.636,0.8152622608695648,-0.2173656652173912,-0.2535,0.9659,True
147,right_shoulder,,,,,,0.0106,True
147,right_toe_tip,906.156,400.858,0.7679179199999998,0.117884212173913,-0.0199,0.8439,True
148,left_shoulder,1030.008,454.92,0.8119796991304349,0.1976193130434781,1.5321,0.8903,True
148,left_toe_tip,899.99,289.502,0.8235465847826086,-0.2233100778260869,-0.2871999999999998,0.9401,True
148,right_shoulder,,,,,,0.009,True
148,right_toe_tip,907.158,399.896,0.7711573747826087,0.1151606713043478,-0.0335999999999999,0.8565,True
149,left_shoulder,1029.2140000000002,447.34,0.8080421086956525,0.1813254347826087,1.5195,0.9261,True
149,left_toe_tip,899.5719999999999,288.45,0.8257775321739127,-0.2276223260869565,-0.2998000000000002,0.9124,True
149,right_shoulder,,,,,,0.0087,True
149,right_toe_tip,908.4740000000002,398.572,0.7740222147826091,0.1112047530434782,-0.0304,0.8585,True
150,left_shoulder,1028.466,439.162,0.8126539821739128,0.1656034621739129,1.5319,0.8798,True
150,left_toe_tip,899.208,287.412,0.8246195373913042,-0.23092452,-0.2998000000000002,0.9325,True
150,right_shoulder,,,,,,0.0097,True
150,right_toe_tip,908.8,398.02,0.7749620869565217,0.1096133130434782,-0.0179,0.9244,True
151,left_shoulder,1027.822,431.1940000000001,0.8123184717391306,0.1491204760869567,1.5295,0.9006,True
151,left_toe_tip,898.71,286.856,0.8208418369565219,-0.2320731913043478,-0.2735,0.9371,True
151,right_shoulder,,,,,,0.0164,True
151,right_toe_tip,908.934,397.844,0.7753484147826086,0.1091058973913043,-0.0179,0.9038,True
152,left_shoulder,1026.9,422.9093333333333,0.8202280000000003,0.1333677866666666,1.4526,0.8746,True
152,left_toe_tip,898.326,286.612,0.8174333165217392,-0.2322251582608696,-0.2656999999999998,0.9311,True
152,right_shoulder,,,,,,0.0109,True
152,right_toe_tip,909.2900000000002,397.602,0.7763747782608701,0.1084082008695651,-0.0179,0.8706,True
153,left_shoulder,1025.762,414.992,0.8193249434782608,0.1167982260869565,1.445,0.8835,True
153,left_toe_tip,898.0259999999998,286.406,0.8125014369565212,-0.2317411065217391,-0.2515,0.9258,True
153,right_shoulder,,,,,,0.0106,True
153,right_toe_tip,908.936,397.778,0.7750033947826087,0.1088663408695651,-0.0166999999999998,0.9127,True
154,left_shoulder,1024.054,406.90600000000006,0.8175340799999997,0.0998485982608697,1.4361,0.8234,False
154,left_toe_tip,897.726,286.346,0.8090915578260869,-0.2312255247826087,-0.2426999999999998,0.9138,True
154,right_shoulder,,,,,,0.0125,True
154,right_toe_tip,908.204,398.176,0.7738268452173914,0.1101460591304349,-0.0199,0.8544,True
155,left_shoulder,1022.86,399.314,0.8089165956521739,0.0830636447826087,1.4122,0.9133,False
155,left_toe_tip,897.484,286.21,0.8058689452173914,-0.2309466586956522,-0.2339,0.9044,True
155,right_shoulder,,,,,,0.0143,True
155,right_toe_tip,908.004,398.192,0.7732498017391308,0.1101922226086956,-0.0199,0.8657,True
156,left_shoulder,1021.304,391.66,0.8056290382608697,0.0668920739130435,1.3822,0.8392,True
156,left_toe_tip,897.3059999999999,286.054,0.803577825217391,-0.2309365730434783,-0.2171999999999998,0.8816,True
156,right_shoulder,,,,,,0.0117,True
156,right_toe_tip,907.588,398.05,0.7733293200000002,0.1099645,-0.0108000000000001,0.951,True
157,left_shoulder,1020.032,384.2266666666667,0.7964975026086956,0.0507759333333333,1.4148,0.9112,True
157,left_toe_tip,897.208,285.96400000000006,0.800084624347826,-0.2303002443478259,-0.2058000000000001,0.9004,True
157,right_shoulder,,,,,,0.0176,True
157,right_toe_tip,907.112,397.738,0.7731731043478262,0.109235102173913,-0.015,0.9479,True
158,left_shoulder,1019.1560000000002,377.059,0.7908699608695656,0.0355828489130435,1.437,0.913,True
158,left_toe_tip,897.0959999999999,285.968,0.7973329426086952,-0.2295957634782608,-0.1971999999999998,0.912,True
158,right_shoulder,,,,,,0.0193,True
158,right_toe_tip,907.03,397.24,0.77421285,0.1079717130434783,-0.0194,0.9357,True
159,left_shoulder,1018.676,370.157,0.788716251304348,0.0211552645652173,1.4523,0.928,True
159,left_toe_tip,897.108,285.85400000000004,0.7959728321739129,-0.2295463447826085,-0.1921999999999998,0.9221,True
159,right_shoulder,,,,,,0.1806,True
159,right_toe_tip,907.088,396.598,0.7753100139130437,0.1062376291304348,-0.0175999999999999,0.9257,True
160,left_shoulder,1017.574,363.677,0.7852718386956521,0.0076473606521739,1.4510999999999998,0.9214,False
160,left_toe_tip,897.122,285.808,0.7936685386956521,-0.2290113495652174,-0.1838000000000001,0.9152,True
160,right_shoulder,1159.6,385.32,0.8641173913043476,0.0421082608695652,2.02,0.2174,True
160,right_toe_tip,907.116,395.982,0.7751009495652174,0.1044103773913044,-0.0165999999999999,0.9463,True
161,left_shoulder,1016.652,357.573,0.7779501417391306,-0.0050128102173913,1.4388,0.8766,True
161,left_toe_tip,897.1139999999999,285.81800000000004,0.7912403878260866,-0.2282870417391303,-0.1751999999999998,0.9101,True
161,right_shoulder,1159.435,382.5416666666666,0.8631842853260869,0.0374591862922704,2.0116666666666667,0.2385,True
161,right_toe_tip,907.3,395.338,0.7743564782608694,0.1023726495652174,-0.0121999999999998,0.9503,True
162,left_shoulder,1016.0740000000002,351.883,0.775693502608696,-0.0167421947826087,1.4244,0.8996,True
162,left_toe_tip,897.0960000000001,285.808,0.7895082817391308,-0.2278339547826087,-0.1691999999999998,0.9081,True
162,right_shoulder,1159.2699999999998,379.7633333333333,0.8622515978260866,0.0328171582125603,1.9983333333333333,0.6096,True
162,right_toe_tip,907.188,394.278,0.7737415973913039,0.0992646169565216,-0.0051999999999998,0.9705,True
163,left_shoulder,1015.362,346.634,0.7757753334782612,-0.0276240352173912,1.4116,0.8321,True
163,left_toe_tip,897.1940000000001,285.718,0.7908156382608699,-0.2284010017391305,-0.1758000000000001,0.9108,True
163,right_shoulder,1159.105,376.985,0.8613193288043478,0.0281821766304348,1.9805,0.8827,False
163,right_toe_tip,906.51,393.312,0.7720678826086956,0.0965034156521739,-0.0011999999999998,0.9438,True
164,left_shoulder,1014.362,341.888,0.7752548721739132,-0.0375075895652174,1.4078,0.8331,True
164,left_toe_tip,896.9559999999999,285.66,0.7863970799999996,-0.2275127217391305,-0.1625999999999999,0.9059,True
164,right_shoulder,1158.9609999999998,374.38,0.8614752599999996,0.0238707999999999,1.9573,0.8094,False
164,right_toe_tip,906.132,392.23,0.7718985095652173,0.0934810130434783,0.0015999999999999,0.876,True
165,left_shoulder,1014.012,337.524,0.7752618304347828,-0.0465888391304347,1.406,0.8593,True
165,left_toe_tip,896.716,285.562,0.788006504347826,-0.2284922956521738,-0.171,0.9178,True
165,right_shoulder,1158.673,369.17,0.861786465,0.015236154347826,1.9234,0.8682,True
165,right_toe_tip,905.83,390.808,0.7738542456521738,0.0896847669565217,-0.0081999999999998,0.8663,True
166,left_shoulder,1013.924,333.784,0.7723969234782608,-0.0541531373913043,1.4126,0.9181,True
166,left_toe_tip,896.6719999999999,285.43,0.7872018643478258,-0.2287029478260869,-0.1685999999999999,0.8924,True
166,right_shoulder,1158.809,364.28533333333337,0.8622755959420288,0.0071223482125604,1.9139333333333333,0.921,False
166,right_toe_tip,905.904,388.164,0.772566730434783,0.0818286652173912,0.002,0.8575,True
167,left_shoulder,1013.982,330.396,0.7721102291304348,-0.0611193886956521,1.4306,0.8665,True
167,left_toe_tip,896.5899999999999,285.324,0.7859463260869562,-0.2287358347826088,-0.165,0.9075,True
167,right_shoulder,1158.895,359.862,0.863170552173913,-0.00022956,1.8946,0.8751,True
167,right_toe_tip,908.814,383.90199999999993,0.7720221204347825,0.0686455047826084,0.0058000000000001,0.8327,True
168,left_shoulder,1014.252,327.372,0.7674606773913045,-0.0669086791304348,1.4604,0.7902,True
168,left_toe_tip,896.4379999999999,285.288,0.7841428060869561,-0.2284563026086956,-0.1601999999999998,0.9126,True
168,right_shoulder,1159.119,355.914,0.865574506521739,-0.0068129608695653,1.882,0.8936,True
168,right_toe_tip,912.148,379.578,0.7713620921739133,0.0554908617391305,-0.0390999999999999,0.4721,True
169,left_shoulder,1014.756,324.758,0.7640948965217391,-0.0718553734782609,1.4717,0.8426,True
169,left_toe_tip,896.6199999999999,285.23400000000004,0.7850340521739128,-0.2287189460869564,-0.1614000000000001,0.9038,True
169,right_shoulder,1159.678,352.23,0.8677492865217392,-0.0129742108695651,1.8843,0.8617,True
169,right_toe_tip,915.151,372.0126666666666,0.7680899980434784,0.0335336201449274,-0.0511999999999998,0.5671,True
170,left_shoulder,1015.186,322.284,0.76162758,-0.07656348,1.4839,0.8238,True
170,left_toe_tip,896.784,285.246,0.7818514573913042,-0.2276096791304348,-0.1481999999999998,0.8997,True
170,right_shoulder,1160.572,348.81000000000006,0.8696947434782607,-0.0186945978260868,1.9105,0.8616,True
170,right_toe_tip,918.089,361.362,0.7632333967391303,0.0037380978260868,-0.037,0.3248,True
171,left_shoulder,1015.436,320.15600000000006,0.7593601182608697,-0.080588820869565,1.4907,0.8595,True
171,left_toe_tip,896.7459999999999,285.286,0.7803962113043474,-0.2270980756521739,-0.1434,0.9003,True
171,right_shoulder,1161.024,345.444,0.8720356034782607,-0.0243623139130435,1.9122,0.7643,False
171,right_toe_tip,920.804,348.49,0.7612840617391305,-0.0312046108695651,-0.0266999999999998,0.181,True
172,left_shoulder,1015.626,318.12,0.7580295995652172,-0.0845156608695652,1.4949,0.8769,True
172,left_toe_tip,896.7700000000001,285.278,0.7797993260869568,-0.2269274652173912,-0.141,0.8962,True
172,right_shoulder,1161.352,342.356,0.8749646608695654,-0.0296112347826087,1.8855,0.3621,True
172,right_toe_tip,921.16,334.0766666666667,0.7582151739130437,-0.0699084673913042,0.003,0.061,True
173,left_shoulder,1016.16,316.338,0.7578806260869566,-0.0879694382608695,1.4934,0.9048,True
173,left_toe_tip,896.79,285.2,0.7736636108695651,-0.2253593913043478,-0.1188000000000001,0.9215,True
173,right_shoulder,1162.218,339.138,0.8780073939130436,-0.0350753713043478,1.8737,0.6816,True
173,right_toe_tip,921.575,316.41,0.755355543478261,-0.1169349130434782,0.002,0.1087,True
174,left_shoulder,1017.07,314.62,0.7530743673913043,-0.090631752173913,1.5055999999999998,0.8342,True
174,left_toe_tip,896.7860000000001,285.124,0.7676784939130437,-0.2238466852173914,-0.0974000000000001,0.9135,True
174,right_shoulder,1161.8423795620438,336.47820437956204,0.8798012445790816,-0.0396566202211556,1.8739240875912409,0.7943,True
174,right_toe_tip,921.99,298.74333333333334,0.752484184782609,-0.1634620833333333,0.015,0.0559,True
175,left_shoulder,1018.2126666666668,313.067,0.7445582257487923,-0.0923933921014492,1.5318666666666667,0.8571,True
175,left_toe_tip,897.01,285.112,0.7611407021739129,-0.22178244,-0.0715999999999999,0.8972,True
175,right_shoulder,1160.2251386861312,334.37661313868614,0.8803270929445174,-0.0433599993341008,1.8771722627737224,0.312,True
175,right_toe_tip,922.196,281.198,0.7606715873913048,-0.2124142171739131,-0.0509,0.0371,True
176,left_shoulder,1019.346,311.409,0.735353974347826,-0.094192597173913,1.5596,0.827,True
176,left_toe_tip,897.2860000000001,284.952,0.755358136956522,-0.2203311391304348,-0.048,0.9333,True
176,right_shoulder,1157.7402773722629,332.89122627737225,0.8798520336980963,-0.046068870306889,1.8885445255474451,0.1841,True
176,right_toe_tip,922.193,263.774,0.7799262403260869,-0.2659498371739131,-0.1366999999999998,0.7369,True
177,left_shoulder,1020.292,309.902,0.7228854886956523,-0.095229763478261,1.5942,0.8355,False
177,left_toe_tip,897.394,284.782,0.7514785695652174,-0.2196038565217391,-0.0405,0.9222,True
177,right_shoulder,1154.543795620438,331.66204379562043,0.8779454542585253,-0.048351918815021,1.9102408759124088,0.0483,True
177,right_toe_tip,921.525,247.22733333333332,0.7995616005434782,-0.320286631231884,-0.3699000000000001,0.2639,True
178,left_shoulder,1020.9466666666664,308.29999999999995,0.707373792270531,-0.0960009057971015,1.6386666666666667,0.8937,False
178,left_toe_tip,897.3779999999999,284.804,0.7492497386956519,-0.2189020947826087,-0.0326999999999998,0.9765,True
178,right_shoulder,1149.785693430657,331.0830656934307,0.8739160203758742,-0.0495717562817503,1.929861313868613,0.0387,True
178,right_toe_tip,920.542,231.714,0.804637147173913,-0.3679437697826087,-0.2141999999999998,0.9563,True
179,left_shoulder,1021.41,306.68499999999995,0.691927489130435,-0.0967203641304348,1.687,0.9226,False
179,left_toe_tip,897.4040000000001,284.842,0.7502207452173917,-0.2190528926086957,-0.0359,0.9578,True
179,right_shoulder,1147.4066423357665,330.7935766423358,0.8718726789424395,-0.0501851581168763,1.9311715328467156,0.0293,True
179,right_toe_tip,919.34,218.52,0.8011896282608693,-0.4057861695652173,-0.2076999999999998,0.8821,True
180,left_shoulder,1021.8733333333332,305.07,0.6764415676328501,-0.0973017282608695,1.7263333333333335,0.8772,False
180,left_toe_tip,897.274,284.704,0.7538687491304349,-0.2206336486956521,-0.0428000000000001,0.9617,True
180,right_shoulder,1145.0275912408758,330.5040875912409,0.8698102545142662,-0.050800882019843,1.9324817518248172,0.0159,True
180,right_toe_tip,917.9779999999998,207.718,0.7744708799999995,-0.4242708939130434,-0.1386999999999998,0.9629,True
181,left_shoulder,1022.39,303.414,0.6667717804347826,-0.0986687621739131,1.7518,0.7697,False
181,left_toe_tip,897.174,284.604,0.7541907086956521,-0.2211069652173913,-0.045,0.9509,True
181,right_shoulder,1142.648540145985,330.214598540146,0.8677287470913526,-0.0514189279906505,1.9332919708029197,0.0183,True
181,right_toe_tip,915.546,195.888,0.7520608760869567,-0.4479187304347826,-0.148,1.0,True
182,left_shoulder,1023.542,301.409,0.66160995,-0.101069475,1.769,0.7894,True
182,left_toe_tip,897.076,284.646,0.7532885660869566,-0.2208036013043478,-0.0428000000000001,0.9539,True
182,right_shoulder,1140.2694890510948,329.92510948905107,0.8656281566737009,-0.052039296029299,1.9296021897810216,0.0328,True
182,right_toe_tip,913.798,185.894,0.7234814543478261,-0.4600561804347826,-0.1415,0.8959,True
183,left_shoulder,1024.7893333333334,299.269,0.661029038067633,-0.1043296968840579,1.7755333333333334,0.7638,True
183,left_toe_tip,897.174,284.474,0.7532961904347826,-0.2212255052173913,-0.0418000000000001,0.9537,True
183,right_shoulder,,,,,,0.0257,True
183,right_toe_tip,912.014,177.844,0.7064676647826085,-0.4730908113043479,-0.0714,0.9304,True
184,left_shoulder,1026.206,296.822,0.6661213921739132,-0.1089683156521739,1.7647,0.7348,True
184,left_toe_tip,897.24,284.38199999999995,0.7532099043478261,-0.2214127917391305,-0.0408000000000001,0.947,True
184,right_shoulder,,,,,,0.0263,True
184,right_toe_tip,910.062,170.796,0.7026895821739129,-0.4923005817391305,-0.0218000000000001,0.8986,True
185,left_shoulder,1027.778,293.931,0.6767147597826088,-0.1152975864130435,1.7415,0.5927,True
185,left_toe_tip,897.2620000000001,284.384,0.7504779952173916,-0.2205850226086956,-0.0308000000000001,0.972,True
185,right_shoulder,,,,,,0.0172,True
185,right_toe_tip,908.224,164.738,0.7141755547826084,-0.5199062991304347,0.0244,0.9357,True
186,left_shoulder,1029.452,290.63700000000006,0.6869171308695652,-0.1223427609782607,1.7248,0.7025,True
186,left_toe_tip,897.158,284.48400000000004,0.7510690717391305,-0.2205559695652172,-0.034,0.9723,True
186,right_shoulder,,,,,,0.0217,True
186,right_toe_tip,907.47,163.176,0.7124586760869567,-0.5242792330434783,0.0424,0.9366,True
187,left_shoulder,1031.4160000000002,287.021,0.6982946530434785,-0.1301961224999999,1.7102,0.2745,True
187,left_toe_tip,897.1700000000001,284.476,0.751719091304348,-0.2207599356521739,-0.0361999999999998,0.9554,True
187,right_shoulder,,,,,,0.0109,True
187,right_toe_tip,906.474,162.302,0.7167571308695649,-0.5317646421739131,0.0044,0.9427,True
188,left_shoulder,1033.644,282.881,0.7098856091304349,-0.1390740575,1.6924,0.5964,True
188,left_toe_tip,897.094,284.488,0.7530059700000001,-0.2211680817391304,-0.0415999999999999,0.9527,True
188,right_shoulder,,,,,,0.0113,True
188,right_toe_tip,905.464,162.006,0.730776224347826,-0.5450430482608696,-0.0370999999999999,0.9288,True
189,left_shoulder,1035.496,278.719,0.7195017991304345,-0.1478695757608696,1.6823,0.5519,True
189,left_toe_tip,896.9159999999999,284.494,0.7537133521739128,-0.2215116239130435,-0.046,0.9383,True
189,right_shoulder,,,,,,0.0182,True
189,right_toe_tip,904.63,161.702,0.7398134347826084,-0.5543722347826088,-0.065,0.9168,True
190,left_shoulder,1037.702,274.034,0.7284863156521739,-0.1574672860869565,1.6787999999999998,0.4527,True
190,left_toe_tip,896.698,284.3860000000001,0.7536876495652172,-0.2220092791304345,-0.0481999999999998,0.9327,True
190,right_shoulder,,,,,,0.0123,True
190,right_toe_tip,903.832,161.358,0.7456695286956521,-0.5614227482608695,-0.0931999999999998,0.9334,True
191,left_shoulder,1040.379,268.6975,0.7361968862500002,-0.167882471875,1.6598499999999998,0.4042,True
191,left_toe_tip,896.5220000000002,284.152,0.7522786478260874,-0.2224325043478261,-0.045,0.917,True
191,right_shoulder,,,,,,0.0183,True
191,right_toe_tip,903.078,160.90200000000002,0.7493147730434778,-0.5670830426086956,-0.1134,0.9369,True
192,left_shoulder,1042.757,262.9365,0.7423643290760872,-0.178908076222826,1.63875,0.6082,True
192,left_toe_tip,896.324,283.93600000000004,0.7489675834782606,-0.2222557008695651,-0.0351999999999998,0.9237,True
192,right_shoulder,,,,,,0.0238,True
192,right_toe_tip,902.458,160.554,0.7527409552173912,-0.5720197995652173,-0.1315999999999999,0.9489,True
193,left_shoulder,1045.402,256.739,0.7479226245652175,-0.1905053209782609,1.6327,0.1956,True
193,left_toe_tip,895.9860000000001,283.826,0.7461991900000002,-0.2220472099999999,-0.0288000000000001,0.9165,True
193,right_shoulder,,,,,,0.018,True
193,right_toe_tip,902.106,160.138,0.7459194882608695,-0.5687811830434782,-0.1111999999999998,0.9588,True
194,left_shoulder,1048.88,249.775,0.7539836086956518,-0.2032572961956521,1.6425,0.2123,True
194,left_toe_tip,895.71,283.57000000000005,0.7432822630434783,-0.2221620717391302,-0.0151999999999998,0.919,True
194,right_shoulder,,,,,,0.013,True
194,right_toe_tip,901.918,159.974,0.7469218095652173,-0.5704219713043478,-0.1165999999999999,0.959,True
195,left_shoulder,1052.056,242.711,0.7588548704347827,-0.2160029920652173,1.6357000000000002,0.2912,True
195,left_toe_tip,895.3059999999999,283.482,0.7417749326086954,-0.2223180586956521,-0.014,0.9331,True
195,right_shoulder,,,,,,0.0123,True
195,right_toe_tip,901.834,159.89,0.7422993900000001,-0.56731185,-0.0911999999999998,0.9515,True
196,left_shoulder,1054.774263157895,236.23581578947363,0.7630363410557929,-0.2276818468792154,1.616528947368421,0.3584,True
196,left_toe_tip,894.896,283.42600000000004,0.7408607652173912,-0.2225639956521737,-0.015,0.9415,True
196,right_shoulder,,,,,,0.0153,True
196,right_toe_tip,901.888,159.928,0.7404029217391302,-0.5656383391304348,-0.094,0.956,True
197,left_shoulder,1057.0347894736842,230.34944736842107,0.7665340394563711,-0.2383052069873087,1.6099868421052634,0.3006,True
197,left_toe_tip,894.5439999999999,283.404,0.7409997182608692,-0.2229776165217391,-0.0191999999999998,0.9391,True
197,right_shoulder,,,,,,0.0304,True
197,right_toe_tip,901.918,160.014,0.7407724304347826,-0.5656125782608695,-0.095,0.9583,True
198,left_shoulder,1058.8375789473685,225.0518947368421,0.7693528768529447,-0.2478829938588462,1.6070736842105264,0.1756,True
198,left_toe_tip,894.25,283.378,0.7422441847826087,-0.2236862691304348,-0.0243000000000001,0.9673,True
198,right_shoulder,,,,,,0.0208,True
198,right_toe_tip,901.946,160.084,0.7428446891304346,-0.5669356999999999,-0.102,0.9558,True
199,left_shoulder,1060.1826315789472,220.3431578947369,0.7714966567806811,-0.2564237040828615,1.619789473684211,0.289,True
199,left_toe_tip,894.046,283.334,0.7428084130434783,-0.2241647173913043,-0.0285,0.9775,True
199,right_shoulder,,,,,,0.0281,True
199,right_toe_tip,901.936,160.172,0.7366095860869565,-0.561951088695652,-0.0801999999999998,0.9546,True
200,left_shoulder,1061.4889473684211,216.19473684210524,0.7734852662290741,-0.2639007569553174,1.6246842105263155,0.166,True
200,left_toe_tip,894.0139999999999,283.18600000000004,0.7439296973913041,-0.2249648278260868,-0.0329,1.0,True
200,right_shoulder,,,,,,0.039,True
200,right_toe_tip,901.998,160.23000000000002,0.7411695595652172,-0.5651319586956521,-0.0955999999999999,0.9459,True
201,left_shoulder,1062.142105263158,214.12052631578945,0.7744786181199566,-0.267636257512345,1.6251315789473684,0.0534,True
201,left_toe_tip,893.942,283.026,0.745871817826087,-0.2260860247826086,-0.0406999999999998,0.9858,True
201,right_shoulder,,,,,,0.0294,False
201,right_toe_tip,901.938,160.178,0.7395762486956518,-0.5641930730434782,-0.0905999999999999,0.9656,True
202,left_shoulder,1062.7952631578946,212.04631578947365,0.7754713347886305,-0.2713697408165724,1.6300789473684207,0.2907,True
202,left_toe_tip,893.8700000000001,282.704,0.7472056369565222,-0.227502292173913,-0.0463000000000001,0.9701,True
202,right_shoulder,,,,,,0.0896,False
202,right_toe_tip,901.618,160.01,0.740435813478261,-0.5660151760869565,-0.0868000000000001,0.9592,True
203,left_shoulder,1063.4484210526314,209.97210526315783,0.7764634162350955,-0.2751012068679996,1.6305263157894734,0.0264,False
203,left_toe_tip,893.9680000000001,282.12,0.7471628139130436,-0.2291195739130434,-0.0450999999999999,0.9727,True
203,right_shoulder,,,,,,0.0415,True
203,right_toe_tip,901.188,159.97,0.7415468000000003,-0.5679112608695653,-0.095,0.9472,True
204,left_shoulder,1064.1015789473684,207.8978947368421,0.7774548624593519,-0.2788306556666265,1.6309736842105262,0.0157,False
204,left_toe_tip,893.8700000000001,281.716,0.7468745021739133,-0.230308124347826,-0.0450999999999999,0.945,True
204,right_shoulder,,,,,,0.0552,True
204,right_toe_tip,900.432,159.928,0.7408158086956522,-0.5691178521739131,-0.1,0.9556,True
205,left_shoulder,,,,,,0.0282,True
205,left_toe_tip,893.7,281.45,0.7454919347826089,-0.2308174673913044,-0.0419,0.9241,True
205,right_shoulder,,,,,,0.0378,False
205,right_toe_tip,899.452,159.90400000000002,0.7345311730434783,-0.5664891756521739,-0.0735999999999999,0.9588,True
206,left_shoulder,,,,,,0.0249,True
206,left_toe_tip,893.608,280.97,0.7427957791304346,-0.231471997826087,-0.0355999999999999,0.9375,True
206,right_shoulder,,,,,,0.0331,True
206,right_toe_tip,898.376,159.866,0.7300807060869563,-0.565509072173913,-0.0635999999999999,0.9433,True
207,left_shoulder,,,,,,0.0281,True
207,left_toe_tip,893.3380000000001,280.758,0.738975931304348,-0.2311454686956522,-0.0245999999999999,0.9546,True
207,right_shoulder,,,,,,0.0463,True
207,right_toe_tip,897.3539999999999,159.796,0.7185211786956519,-0.5589608634782609,-0.0250999999999999,0.9376,True
208,left_shoulder,,,,,,0.0231,True
208,left_toe_tip,893.008,280.842,0.7362532800000001,-0.23034978,-0.0181999999999998,0.9241,True
208,right_shoulder,,,,,,0.017,True
208,right_toe_tip,896.434,159.64600000000002,0.7089842634782607,-0.5539352547826086,-0.0265999999999999,0.9057,True
209,left_shoulder,,,,,,0.0196,True
209,left_toe_tip,893.14,279.506,0.7372427347826087,-0.234430025652174,-0.0204,0.9307,True
209,right_shoulder,,,,,,0.0451,True
209,right_toe_tip,895.744,159.458,0.7065205982608695,-0.5540190730434782,-0.0155999999999999,0.9146,True
210,left_shoulder,,,,,,0.0266,True
210,left_toe_tip,893.268,275.756,0.7370098800000001,-0.24515004,-0.0181999999999998,0.839,True
210,right_shoulder,,,,,,0.0447,True
210,right_toe_tip,895.1020000000001,159.31,0.6995895065217393,-0.5503705108695652,0.003,0.9256,True
211,left_shoulder,,,,,,0.0128,True
211,left_toe_tip,893.1479999999999,271.106,0.7301118513043476,-0.2563818908695652,0.0055999999999999,0.785,True
211,right_shoulder,,,,,,0.043,True
211,right_toe_tip,894.61,159.046,0.69480855,-0.5483859917391304,0.0154,0.9359,True
212,left_shoulder,,,,,,0.022,True
212,left_toe_tip,892.466,264.236,0.7246871878260869,-0.2748843165217391,0.0231999999999998,0.5375,True
212,right_shoulder,,,,,,0.05,True
212,right_toe_tip,893.934,158.827,0.686256635,-0.5436700325000001,0.0396999999999998,0.941,True
213,left_shoulder,,,,,,0.0376,True
213,left_toe_tip,890.7280000000001,255.404,0.7223691704347828,-0.3013501713043478,0.0024,0.8251,True
213,right_shoulder,,,,,,0.0588,True
213,right_toe_tip,892.8620000000001,158.543,0.6708263950000002,-0.5344522824999999,0.0853000000000001,0.9624,True
214,left_shoulder,1082.39,149.82,0.8049574565217393,-0.3824362173913043,1.656,0.0352,True
214,left_toe_tip,887.6279999999999,244.416,0.7155910878260867,-0.3340126330434783,0.0114,0.9054,True
214,right_shoulder,,,,,,0.0162,True
214,right_toe_tip,891.9619999999999,158.311,0.6544712949999997,-0.5238871774999999,0.1363000000000001,0.9696,False
215,left_shoulder,1082.6275,149.1,0.8052091844429349,-0.383660339673913,1.656375,0.1028,True
215,left_toe_tip,882.372,235.602,0.708569273043478,-0.3636748486956521,0.0184,0.9041,True
215,right_shoulder,,,,,,0.0468,True
215,right_toe_tip,891.256,157.68099999999998,0.644189432173913,-0.5187209926449277,0.1532333333333331,0.8601,True
216,left_shoulder,1082.865,148.38,0.80546071875,-0.384883875,1.65675,0.3159,True
216,left_toe_tip,876.298,226.138,0.7033461339130436,-0.3984431530434783,0.0375999999999999,0.7561,True
216,right_shoulder,,,,,,0.0374,True
216,right_toe_tip,890.606,156.865,0.6355313680434783,-0.5151459440217391,0.1789000000000001,0.3198,True
217,left_shoulder,1083.1025,147.66,0.8057120594429347,-0.3861068233695652,1.661625,0.265,True
217,left_toe_tip,868.314,215.052,0.6894586465217389,-0.4377114495652174,0.0158000000000001,0.7948,True
217,right_shoulder,,,,,,0.036,True
217,right_toe_tip,890.434,155.768,0.6343602104347825,-0.517328535652174,0.1650999999999999,0.215,True
218,left_shoulder,1083.34,146.94,0.8059632065217395,-0.3873291847826087,1.662,0.1316,True
218,left_toe_tip,859.668,203.714,0.6644479460869566,-0.4727311747826088,-0.0123000000000001,0.7393,True
218,right_shoulder,,,,,,0.0093,True
218,right_toe_tip,890.793,156.865,0.6452467728260869,-0.5226310271739131,0.145,0.2347,True
219,left_shoulder,1083.654,145.53400000000002,0.806244698478261,-0.3897453319565218,1.6626,0.1449,True
219,left_toe_tip,850.222,193.272,0.6328139204347826,-0.5018875252173913,0.0725999999999999,0.8628,True
219,right_shoulder,,,,,,0.0096,True
219,right_toe_tip,891.189,160.015,0.6585520304347825,-0.5243085,0.139,0.343,True
220,left_shoulder,1083.065,144.366,0.8054391948369566,-0.3919968296739131,1.66205,0.3537,True
220,left_toe_tip,841.552,181.294,0.5980398365217393,-0.5302517813043478,-0.0048000000000001,0.9359,True
220,right_shoulder,,,,,,0.0085,True
220,right_toe_tip,891.5229999999999,162.78900000000002,0.6732432299999997,-0.52786811,0.1514666666666667,0.0948,True
221,left_shoulder,1081.141,143.346,0.8026608445108697,-0.3942043079347826,1.65205,0.5511,True
221,left_toe_tip,832.608,168.83599999999998,0.563838984347826,-0.5596118313043479,-0.0426999999999998,0.9372,True
221,right_shoulder,,,,,,0.0087,True
221,right_toe_tip,891.595,165.77300000000002,0.6854869858695651,-0.5291841284782608,0.1414,0.6018,True
222,left_shoulder,1078.932,142.31199999999998,0.7994287600000001,-0.3964761008695652,1.6459,0.454,True
222,left_toe_tip,825.374,157.746,0.5284367960869566,-0.5765558047826086,-0.0415999999999999,0.9577,True
222,right_shoulder,,,,,,0.0129,True
222,right_toe_tip,891.6709999999999,169.103,0.702490356521739,-0.5328516260869566,0.091,0.82,True
223,left_shoulder,1076.132,140.89600000000002,0.7948031643478262,-0.399293224347826,1.6364,0.484,True
223,left_toe_tip,819.3720000000001,147.652,0.4967434582608698,-0.5880654721739131,-0.0288000000000001,1.0,True
223,right_shoulder,,,,,,0.0258,True
223,right_toe_tip,891.5799999999999,170.304,0.7135574478260867,-0.5380355895652174,0.0495999999999999,0.8669,True
224,left_shoulder,1072.744,139.36999999999998,0.7886289026086959,-0.4020741934782608,1.6204,0.4256,True
224,left_toe_tip,814.668,138.128,0.4709201165217391,-0.5981862052173913,-0.0039,0.9594,True
224,right_shoulder,,,,,,0.0597,True
224,right_toe_tip,891.35,169.362,0.7190795652173914,-0.5453904521739131,0.027,0.9234,True
225,left_shoulder,1069.946,137.326,0.782688653043478,-0.4053634947826087,1.6142,0.625,True
225,left_toe_tip,810.63,129.802,0.4477553760869564,-0.6040695778260868,0.0078000000000001,0.9742,True
225,right_shoulder,,,,,,0.026,True
225,right_toe_tip,891.0319999999999,168.83,0.7212804226086955,-0.5492812804347826,0.0155999999999999,0.9069,True
226,left_shoulder,1067.566,135.06799999999998,0.7773335778260869,-0.4089361556521739,1.6074000000000002,0.7069,True
226,left_toe_tip,807.196,123.682,0.4275855965217392,-0.6043575982608697,-0.0288000000000001,0.8737,True
226,right_shoulder,,,,,,0.0141,True
226,right_toe_tip,890.932,168.164,0.7243206730434782,-0.5537387843478261,0.0004,0.912,True
227,left_shoulder,1064.44,132.858,0.7706354086956524,-0.4124108660869565,1.6016,0.6955,True
227,left_toe_tip,804.3399999999999,120.08599999999998,0.4145297869565215,-0.6051569873913043,-0.0425999999999999,0.9312,True
227,right_shoulder,,,,,,0.0154,True
227,right_toe_tip,890.7059999999999,167.33599999999998,0.7182726899999997,-0.5519823600000001,0.0201999999999998,0.8857,True
228,left_shoulder,1060.818,130.76600000000002,0.7632357769565217,-0.4157607091304347,1.5954000000000002,0.5574,True
228,left_toe_tip,801.652,117.466,0.4062736460869566,-0.6095512117391304,-0.0751999999999998,0.909,True
228,right_shoulder,,,,,,0.0171,True
228,right_toe_tip,890.592,166.2,0.7109730852173912,-0.549844304347826,0.0378000000000001,0.9162,True
229,left_shoulder,1056.786,128.76600000000002,0.7553793221739131,-0.4190864908695652,1.5806,0.507,True
229,left_toe_tip,799.326,116.832,0.3969988286956523,-0.6059112208695653,-0.0474,0.925,True
229,right_shoulder,,,,,,0.0144,True
229,right_toe_tip,890.3799999999999,164.86200000000002,0.6995399478260866,-0.5451986034782609,0.0665999999999999,0.911,True
230,left_shoulder,1051.996,126.678,0.7473249182608693,-0.4232258191304348,1.5632,0.7473,True
230,left_toe_tip,797.458,116.76399999999998,0.3932000099999999,-0.6074025939130435,-0.0154,0.9731,True
230,right_shoulder,,,,,,0.0103,True
230,right_toe_tip,890.2719999999999,163.686,0.6915668243478258,-0.542466794347826,0.0718000000000001,0.9421,True
231,left_shoulder,1047.06,124.488,0.7380174782608695,-0.4269934956521738,1.548,0.6021,True
231,left_toe_tip,796.1879999999999,116.77,0.3894513826086953,-0.6064887173913043,0.0135,0.9982,True
231,right_shoulder,,,,,,0.0137,True
231,right_toe_tip,890.1539999999999,162.76600000000002,0.674382555217391,-0.5317171378260869,0.1338000000000001,0.9476,True
232,left_shoulder,1041.258,122.264,0.72810881,-0.4313874765217391,1.5431,0.4403,True
232,left_toe_tip,794.996,116.844,0.3885345382608695,-0.6095286599999999,0.0013000000000001,1.0,True
232,right_shoulder,,,,,,0.0236,True
232,right_toe_tip,890.0690000000001,162.099,0.6618674076086959,-0.523792320652174,0.151,0.9631,True
233,left_shoulder,1035.538,119.832,0.71790147,-0.43590492,1.5347,0.5971,True
233,left_toe_tip,793.7879999999999,117.296,0.389986308695652,-0.6154656869565218,-0.005,1.0,True
233,right_shoulder,,,,,,0.0135,True
233,right_toe_tip,889.8969999999999,161.831,0.6522854954347824,-0.5172641702173914,0.1845999999999999,0.9817,True
234,left_shoulder,1029.784,116.944,0.7074579600000002,-0.44114664,1.5312,0.7172,True
234,left_toe_tip,792.384,117.83599999999998,0.3937470052173912,-0.6257307182608696,-0.0141999999999998,0.9761,True
234,right_shoulder,,,,,,0.0322,True
234,right_toe_tip,889.6110000000001,162.02100000000002,0.6439963800000001,-0.51078582,0.2124000000000001,0.9761,False
235,left_shoulder,1023.1180000000002,114.302,0.6955257430434787,-0.4460486952173913,1.5228,0.6372,True
235,left_toe_tip,790.78,118.132,0.3952402695652173,-0.6340096399999999,-0.0315999999999999,0.9409,True
235,right_shoulder,,,,,,0.0211,True
235,right_toe_tip,889.575,162.905,0.6293630434782609,-0.4970221739130434,0.294,0.9764,True
236,left_shoulder,1016.378,111.47,0.6832897126086958,-0.4511900065217392,1.5188,0.785,True
236,left_toe_tip,788.808,118.53,0.3963792226086957,-0.6432025891304348,-0.0505999999999999,0.9787,True
236,right_shoulder,,,,,,0.0141,True
236,right_toe_tip,889.617,163.901,0.6257789660869564,-0.4916116669565217,0.3075999999999999,0.9062,True
237,left_shoulder,1009.668,108.718,0.67094742,-0.45607683,1.5117,0.7719,True
237,left_toe_tip,786.912,118.408,0.3959917147826088,-0.6511954799999999,-0.0328000000000001,1.0,True
237,right_shoulder,,,,,,0.0171,True
237,right_toe_tip,889.47,164.332,0.6196617869565217,-0.4860222973913043,0.3518000000000001,0.9011,True
238,left_shoulder,1002.946,106.162,0.6589047926086956,-0.4608263343478261,1.5268,0.7684,True
238,left_toe_tip,785.1380000000001,118.064,0.3926929452173917,-0.6545946643478261,-0.0221999999999998,0.9639,True
238,right_shoulder,,,,,,0.0146,True
238,right_toe_tip,889.3399999999999,164.69,0.6121296999999999,-0.47948605,0.3784,0.9156,True
239,left_shoulder,996.236,103.806,0.6470329956521742,-0.4653262760869565,1.553,0.6898,True
239,left_toe_tip,783.72,117.714,0.3903247739130435,-0.6580171734782608,-0.0515999999999999,0.9343,True
239,right_shoulder,,,,,,0.038,False
239,right_toe_tip,889.268,164.78400000000002,0.6084848634782609,-0.4765392313043478,0.3911999999999998,0.9281,True
240,left_shoulder,990.234,101.242,0.635750847826087,-0.4697020217391303,1.57,0.8278,True
240,left_toe_tip,782.762,117.504,0.3893678373913042,-0.6613814817391305,-0.0621999999999998,0.9484,True
240,right_shoulder,,,,,,0.0135,True
240,right_toe_tip,888.832,164.29000000000002,0.6080155826086957,-0.4782131304347826,0.389,0.8754,True
241,left_shoulder,984.334,98.662,0.6254901965217393,-0.4747261582608695,1.5533,0.8712,True
241,left_toe_tip,782.3340000000001,117.18999999999998,0.389221605652174,-0.6639797804347826,-0.0533000000000001,0.9622,True
241,right_shoulder,,,,,,0.0145,True
241,right_toe_tip,887.8639999999999,163.434,0.6071590330434781,-0.4815012365217391,0.3579000000000001,0.8304,True
242,left_shoulder,978.454,95.94,0.6149562026086958,-0.4797855391304347,1.5444,0.8179,True
242,left_toe_tip,782.044,117.15,0.3885829773913044,-0.6643531304347827,-0.0543000000000001,0.9551,True
242,right_shoulder,,,,,,0.0199,True
242,right_toe_tip,887.47,163.406,0.6102287413043478,-0.4847751613043478,0.3429000000000001,0.7456,True
243,left_shoulder,972.628,93.014,0.6035028886956523,-0.4844054686956521,1.5398,0.8657,True
243,left_toe_tip,781.96,117.106,0.3885074869565219,-0.6647375143478262,-0.0553000000000001,0.9599,True
243,right_shoulder,,,,,,0.0455,True
243,right_toe_tip,887.2180000000001,162.676,0.6110584043478263,-0.487733452173913,0.307,0.6557,True
244,left_shoulder,965.948,90.39,0.5920207695652173,-0.4896938152173913,1.538,0.8496,True
244,left_toe_tip,781.9159999999999,117.028,0.3888189886956519,-0.66569046,-0.0580999999999999,0.9681,True
244,right_shoulder,,,,,,0.0247,True
244,right_toe_tip,887.0619999999999,161.814,0.6088467026086953,-0.4883992382608695,0.3138000000000002,0.4393,True
245,left_shoulder,959.182,87.83200000000001,0.5799398165217392,-0.4945174226086957,1.5604,0.8136,True
245,left_toe_tip,781.868,116.96399999999998,0.3899211139130435,-0.6679791626086956,-0.0660999999999999,0.9646,True
245,right_shoulder,,,,,,0.0159,True
245,right_toe_tip,886.774,161.3,0.6126432782608695,-0.4932943478260869,0.292,0.8619,True
246,left_shoulder,952.234,85.172,0.5669083408695653,-0.4989920556521739,1.5456,0.8109,True
246,left_toe_tip,781.784,116.934,0.3903066939130434,-0.6691184256521738,-0.0700999999999999,0.9731,True
246,right_shoulder,,,,,,0.0368,True
246,right_toe_tip,886.8399999999999,161.122,0.6138266869565216,-0.4945577047826087,0.2631999999999998,0.823,True
247,left_shoulder,945.754,82.22999999999999,0.5544117639130434,-0.5036694717391305,1.5208,0.7735,True
247,left_toe_tip,781.6700000000001,116.934,0.3916251565217393,-0.671918968695652,-0.0806999999999998,0.9699,True
247,right_shoulder,,,,,,0.0427,True
247,right_toe_tip,886.618,160.42799999999997,0.6156871982608697,-0.4982358365217392,0.2541999999999998,0.8345,True
248,left_shoulder,939.024,79.608,0.5419484973913044,-0.5081800226086957,1.4646,0.7395,True
248,left_toe_tip,781.5740000000001,116.93800000000002,0.3930217347826089,-0.6747612478260868,-0.0915,0.9621,True
248,right_shoulder,,,,,,0.0421,True
248,right_toe_tip,886.3399999999999,160.36999999999998,0.6204019347826085,-0.5027638152173914,0.234,0.8171,True
249,left_shoulder,932.6939999999998,77.242,0.5302215439130432,-0.5122222639130435,1.4434,0.7824,True
249,left_toe_tip,781.46,116.93000000000002,0.3940891086956523,-0.6771613152173913,-0.1005,0.9597,True
249,right_shoulder,,,,,,0.0422,True
249,right_toe_tip,886.1879999999999,160.31,0.6252640008695648,-0.5071691891304347,0.2144000000000001,0.8239,True
250,left_shoulder,926.736,75.218,0.5191168278260871,-0.5155792382608696,1.4224,0.8341,True
250,left_toe_tip,781.324,116.954,0.3918668739130433,-0.6739242891304348,-0.0885,0.9425,True
250,right_shoulder,,,,,,0.0201,True
250,right_toe_tip,886.1379999999999,159.714,0.6212844169565215,-0.5055479882608696,0.2088000000000001,0.7705,True
251,left_shoulder,920.992,73.482,0.5079846678260869,-0.5179747147826087,1.4108,0.8229,True
251,left_toe_tip,781.162,117.014,0.39172455,-0.67428615,-0.0905,0.9547,True
251,right_shoulder,,,,,,0.0138,True
251,right_toe_tip,885.9279999999999,159.11,0.6190970086956519,-0.5057187391304347,0.215,0.8003,True
252,left_shoulder,915.55,72.194,0.4982662826086955,-0.520428327826087,1.4034,0.8638,True
252,left_toe_tip,781.092,117.026,0.3921437434782608,-0.6753092586956521,-0.083,0.9541,True
252,right_shoulder,,,,,,0.0257,True
252,right_toe_tip,885.6899999999999,158.368,0.6120885652173911,-0.5023266782608695,0.239,0.7877,True
253,left_shoulder,910.352,71.434,0.4898072973913045,-0.5228063139130436,1.3967,0.8303,True
253,left_toe_tip,780.9680000000001,117.042,0.3892861965217393,-0.6709337986956522,-0.0665999999999999,0.9602,True
253,right_shoulder,,,,,,0.0107,True
253,right_toe_tip,885.1980000000001,157.534,0.6040399426086959,-0.4987705895652174,0.2475999999999999,0.8013,True
254,left_shoulder,906.078,70.566,0.4827580408695653,-0.5251339486956521,1.3908,0.8443,True
254,left_toe_tip,780.854,117.08,0.3871647773913045,-0.6677131478260871,-0.0548000000000001,0.9551,True
254,right_shoulder,,,,,,0.0165,True
254,right_toe_tip,884.874,156.478,0.5986104630434784,-0.497522802173913,0.258,0.9317,True
255,left_shoulder,902.226,69.66799999999999,0.4763962352173913,-0.5274575052173913,1.3851,0.8849,True
255,left_toe_tip,780.732,117.144,0.3856668678260868,-0.6655310295652173,-0.0471999999999998,0.968,True
255,right_shoulder,,,,,,0.0141,True
255,right_toe_tip,883.0540000000001,154.94400000000002,0.5890360852173915,-0.4969487582608695,0.2634000000000001,0.9105,True
256,left_shoulder,898.8399999999999,69.068,0.471989113043478,-0.5305081773913044,1.3754000000000002,0.9087,True
256,left_toe_tip,780.6,117.236,0.3779389130434783,-0.6525601869565217,0.001,0.9565,True
256,right_shoulder,,,,,,0.0145,True
256,right_toe_tip,881.1880000000001,153.22,0.5811057834782611,-0.4982049434782609,0.2534,0.5833,True
257,left_shoulder,896.03,68.52000000000001,0.4674773847826086,-0.5322044608695652,1.3732,0.8382,True
257,left_toe_tip,780.4419999999999,117.374,0.3686907808695649,-0.6369459947826087,0.0588000000000001,0.9513,True
257,right_shoulder,,,,,,0.0116,True
257,right_toe_tip,878.6700000000001,151.324,0.5742607739130436,-0.5020926017391304,0.2309,0.4605,True
258,left_shoulder,893.774,67.86600000000001,0.4638547373913044,-0.5339701460869565,1.3714000000000002,0.8773,True
258,left_toe_tip,780.4039999999999,117.528,0.3620591843478258,-0.6252614921739131,0.1015999999999999,0.9603,True
258,right_shoulder,,,,,,0.0128,True
258,right_toe_tip,875.182,148.794,0.5655104569565218,-0.5078586013043478,0.1723000000000001,0.6045,True
259,left_shoulder,891.6220000000001,67.432,0.460194757826087,-0.5350814313043477,1.3704,0.9126,True
259,left_toe_tip,780.39,117.612,0.3576282652173913,-0.6174570834782608,0.1304000000000001,0.9635,True
259,right_shoulder,,,,,,0.0097,True
259,right_toe_tip,868.2806666666668,144.01533333333333,0.5504458930193239,-0.5207969402657006,0.1596333333333332,0.8102,True
260,left_shoulder,889.6200000000001,67.22200000000001,0.457130191304348,-0.5361656243478261,1.3647,0.9424,True
260,left_toe_tip,780.374,117.83599999999998,0.3529795778260871,-0.6089371713043479,0.1745999999999999,0.9615,True
260,right_shoulder,,,,,,0.0203,True
260,right_toe_tip,859.802,137.32,0.5370097341304348,-0.5440411260869565,0.1158000000000001,0.797,True
261,left_shoulder,887.7059999999999,67.40400000000001,0.4545943591304346,-0.536977267826087,1.3576,0.931,True
261,left_toe_tip,780.516,117.83,0.3543141486956521,-0.6106369195652176,0.1681999999999998,0.9546,True
261,right_shoulder,,,,,,0.0142,True
261,right_toe_tip,848.4200000000001,128.12400000000002,0.5159301173913046,-0.5739939156521738,-0.0424,0.2716,True
262,left_shoulder,886.0260000000001,67.586,0.4525273882608697,-0.5378510552173913,1.3503,0.9159,True
262,left_toe_tip,780.664,117.598,0.3555435495652174,-0.6126974030434783,0.1485999999999999,0.9598,True
262,right_shoulder,,,,,,0.0265,True
262,right_toe_tip,834.4466666666667,116.77333333333335,0.4885824758454108,-0.6111510628019323,-0.1846666666666669,0.0122,False
263,left_shoulder,884.436,67.788,0.4501873460869566,-0.5381782747826087,1.3411,0.9342,True
263,left_toe_tip,780.825,117.326,0.3599762527173913,-0.6203222236956522,0.1223000000000001,0.974,True
263,right_shoulder,,,,,,0.0221,True
263,right_toe_tip,818.42,103.57,0.4564255108695651,-0.6559869619565217,-0.317,0.0267,True
264,left_shoulder,883.434,67.488,0.4486594460869564,-0.5391123339130435,1.3224,0.9178,True
264,left_toe_tip,781.059,117.088,0.3645608524999998,-0.6277955026086955,0.0963000000000001,0.9739,True
264,right_shoulder,,,,,,0.0107,True
264,right_toe_tip,802.3933333333333,90.36666666666666,0.4228110483091786,-0.7020235990338163,-0.412333333333333,0.0414,True
265,left_shoulder,882.5540000000001,67.252,0.4469321095652175,-0.5394200104347826,1.3228,0.8427,True
265,left_toe_tip,781.343,116.798,0.3699345757608694,-0.6365283650000001,0.0545999999999999,0.992,False
265,right_shoulder,,,,,,0.0115,True
265,right_toe_tip,786.414,78.054,0.3824588313043477,-0.7364919860869565,-0.5626999999999999,0.2293,True
266,left_shoulder,881.816,66.78399999999999,0.4447311652173913,-0.5392624695652174,1.302,0.8281,True
266,left_toe_tip,781.525,116.774,0.3765334157608694,-0.6471133480434782,0.0148000000000001,0.9128,True
266,right_shoulder,,,,,,0.0114,True
266,right_toe_tip,771.404,66.973,0.3406363039130434,-0.7596087959782608,-0.4919000000000001,0.8412,True
267,left_shoulder,881.0620000000001,66.38399999999999,0.442558389130435,-0.5390406782608695,1.308,0.8421,True
267,left_toe_tip,781.793,116.93200000000002,0.3834730035869564,-0.6573668378260868,-0.0255999999999999,0.9175,True
267,right_shoulder,,,,,,0.0135,True
267,right_toe_tip,757.3633333333335,57.123666666666665,0.2985663667874399,-0.7705020287077294,-0.4724333333333333,0.9335,True
268,left_shoulder,880.202,65.938,0.4417628086956521,-0.5408183739130434,1.292,0.8307,True
268,left_toe_tip,781.882,117.114,0.3866901378260868,-0.6619699526086957,-0.0449,0.9517,True
268,right_shoulder,,,,,,0.0146,True
268,right_toe_tip,744.144,48.945,0.25829976,-0.7714840206521739,-0.2868000000000001,0.9324,False
269,left_shoulder,879.134,65.74,0.4389148613043478,-0.5400950391304347,1.2784,0.8003,True
269,left_toe_tip,781.8700000000001,117.28600000000002,0.3878294021739134,-0.6635062065217391,-0.0525,0.9255,True
269,right_shoulder,,,,,,0.0149,True
269,right_toe_tip,732.3340000000001,43.05499999999999,0.2241909665217392,-0.7695562402173912,-0.1033000000000001,0.9411,True
270,left_shoulder,877.942,65.31,0.4360545782608696,-0.5400514565217391,1.281,0.761,True
270,left_toe_tip,781.932,117.282,0.3899427426086957,-0.6668413226086956,-0.0650999999999999,0.9426,True
270,right_shoulder,,,,,,0.0127,True
270,right_toe_tip,721.99,38.379000000000005,0.196740352173913,-0.7717505647826085,-0.0835999999999999,0.9131,True
271,left_shoulder,876.6720000000001,64.53399999999999,0.4326467060869567,-0.5401246943478261,1.2752,0.7894,True
271,left_toe_tip,781.926,117.254,0.3891857747826088,-0.6656517486956521,-0.0603000000000001,0.9447,True
271,right_shoulder,,,,,,0.0131,True
271,right_toe_tip,712.574,35.262,0.1733729752173912,-0.7757708439130435,-0.0723000000000001,0.9653,True
272,left_shoulder,875.4359999999999,62.888,0.4289029739130433,-0.5412605565217392,1.268,0.7771,True
272,left_toe_tip,781.774,117.312,0.3921592121739131,-0.6712961113043479,-0.0823000000000001,0.9141,True
272,right_shoulder,,,,,,0.0107,True
272,right_toe_tip,704.6139999999999,32.97,0.153050900869565,-0.7746345391304347,-0.0661999999999998,0.871,True
273,left_shoulder,874.4380000000001,60.386,0.4232115547826089,-0.5408684034782608,1.2637,0.8421,True
273,left_toe_tip,781.6879999999999,117.494,0.3958947530434779,-0.6775933952173913,-0.1080999999999999,0.9233,True
273,right_shoulder,,,,,,0.0149,True
273,right_toe_tip,698.43,31.878,0.1373867130434781,-0.7715146852173912,-0.0861999999999998,0.7601,True
274,left_shoulder,872.9860000000001,57.58399999999999,0.4185644139130436,-0.5432969182608696,1.2422,0.8139,True
274,left_toe_tip,781.6099999999999,117.778,0.3973699739130432,-0.6796959947826087,-0.0935999999999999,0.9308,True
274,right_shoulder,,,,,,0.0298,True
274,right_toe_tip,693.462,31.774,0.1240085956521738,-0.7613416130434781,-0.0925,0.9146,True
275,left_shoulder,871.394,54.474,0.4130885930434783,-0.5454303286956522,1.2526,0.8223,True
275,left_toe_tip,781.4459999999999,118.154,0.3984472321739128,-0.6812696669565218,-0.1035999999999999,0.9202,True
275,right_shoulder,,,,,,0.0303,True
275,right_toe_tip,689.6600000000001,32.302,0.1136458304347828,-0.7499297491304348,-0.0449,0.8303,True
276,left_shoulder,869.588,50.772000000000006,0.4076185208695652,-0.5490141469565218,1.2521,0.8868,True
276,left_toe_tip,781.268,118.546,0.4014775139130435,-0.6862017699999999,-0.1265999999999999,0.9217,True
276,right_shoulder,,,,,,0.0186,True
276,right_toe_tip,686.8700000000001,32.962,0.1060077130434785,-0.7396746417391304,-0.0268000000000001,0.6234,True
277,left_shoulder,867.4699999999999,46.83,0.4016328999999999,-0.5529492913043479,1.2546,0.8362,True
277,left_toe_tip,781.186,119.172,0.3990652982608696,-0.6807055773913043,-0.1124000000000001,0.9223,True
277,right_shoulder,,,,,,0.0126,True
277,right_toe_tip,684.878,34.564,0.1017267186956522,-0.7376785156521738,-0.0184,0.8562,True
278,left_shoulder,864.838,42.94,0.3961059026086956,-0.5585770086956522,1.2212,0.8035,True
278,left_toe_tip,781.174,119.62,0.3982334399999999,-0.6780806260869565,-0.0971999999999998,0.9246,True
278,right_shoulder,,,,,,0.0154,True
278,right_toe_tip,683.592,36.184,0.0993423773913043,-0.7379485060869566,-0.0230999999999999,0.9184,True
279,left_shoulder,862.076,37.648,0.3883916130434783,-0.5637656173913043,1.11,0.6792,True
279,left_toe_tip,781.064,120.11,0.3977698139130433,-0.67643765,-0.0961999999999998,0.918,True
279,right_shoulder,,,,,,0.036,True
279,right_toe_tip,682.7180000000001,37.288,0.0975734839130436,-0.7371163008695653,-0.0144,0.8925,True
280,left_shoulder,859.0139999999999,31.674,0.3798464547826085,-0.569431484347826,1.0659,0.7688,True
280,left_toe_tip,780.958,120.534,0.3948662582608694,-0.6708171469565217,-0.0791999999999998,0.9013,True
280,right_shoulder,,,,,,0.0136,True
280,right_toe_tip,681.996,38.468,0.096289524347826,-0.7372169573913043,-0.0164,0.8968,True
281,left_shoulder,855.6,25.746,0.3711600869565217,-0.5754255273913044,1.0777,0.7649,True
281,left_toe_tip,780.832,120.81799999999998,0.3912680347826087,-0.6645099913043478,-0.049,0.9431,True
281,right_shoulder,,,,,,0.0292,True
281,right_toe_tip,681.126,39.618,0.0945361573913042,-0.7364607104347827,-0.0263000000000001,0.8828,True
282,left_shoulder,851.7639999999999,19.336,0.3621164399999999,-0.58253544,1.0803,0.8775,True
282,left_toe_tip,780.598,120.71,0.3903122739130433,-0.6642898478260869,-0.056,0.9425,True
282,right_shoulder,,,,,,0.0186,True
282,right_toe_tip,679.8,40.48,0.0914880869565216,-0.7344792347826088,-0.0248000000000001,0.8673,True
283,left_shoulder,846.7175,14.09425,0.3518747531929347,-0.588801143634511,1.039975,0.7627,True
283,left_toe_tip,780.2299999999999,120.73600000000002,0.387004315217391,-0.6603166260869565,-0.041,0.9301,True
283,right_shoulder,,,,,,0.0154,True
283,right_toe_tip,678.202,41.154,0.0877317234782608,-0.7322367704347826,-0.0393000000000001,0.9286,True
284,left_shoulder,840.5645000000001,10.97875,0.3421096258016306,-0.5953373066236414,0.986725,0.8472,True
284,left_toe_tip,779.9620000000001,120.816,0.3844391021739133,-0.656976052173913,-0.02,0.9167,True
284,right_shoulder,,,,,,0.0209,True
284,right_toe_tip,676.604,41.854,0.0840857539130435,-0.7308366917391305,-0.0399,0.9583,True
285,left_shoulder,833.3530000000001,9.3495,0.3323885186413045,-0.6027948894293478,0.94945,0.254,True
285,left_toe_tip,779.628,121.09,0.3826717817391306,-0.6547692108695653,-0.0144,0.8845,True
285,right_shoulder,,,,,,0.0344,True
285,right_toe_tip,675.2479999999999,42.54,0.0809401356521737,-0.7289847782608695,-0.0570999999999999,0.9552,True
286,left_shoulder,825.175,8.942499999999999,0.3214899660326086,-0.609485425951087,0.91225,0.0465,True
286,left_toe_tip,779.24,121.476,0.3806095130434783,-0.6520001686956522,-0.0028000000000001,0.9876,True
286,right_shoulder,,,,,,0.0297,True
286,right_toe_tip,674.1899999999999,43.318,0.0785626739130433,-0.7276801608695652,-0.044,0.9601,True
287,left_shoulder,816.0625,10.50375,0.3097121178668478,-0.6147999930366848,0.888625,0.0155,True
287,left_toe_tip,778.89,122.13,0.3763918999999999,-0.6446276999999999,0.0188000000000001,1.0,True
287,right_shoulder,,,,,,0.0114,True
287,right_toe_tip,673.54,44.178,0.0773169913043477,-0.7280383669565218,-0.0683000000000001,0.9482,True
288,left_shoulder,811.5062499999999,11.284375,0.3036662631623639,-0.6174303895635189,0.8780625,0.0143,True
288,left_toe_tip,778.606,122.636,0.3714942117391304,-0.6361871208695653,0.0556999999999998,0.9839,True
288,right_shoulder,,,,,,0.0061,False
288,right_toe_tip,673.126,45.012,0.0767370991304347,-0.7296765495652172,-0.0671999999999998,0.9186,True
289,left_shoulder,806.9499999999999,12.064999999999998,0.2975157880434781,-0.6200428614130434,0.8675,0.0317,True
289,left_toe_tip,778.236,123.098,0.3678580165217391,-0.630416822173913,0.0733000000000001,0.9806,True
289,right_shoulder,,,,,,0.0071,True
289,right_toe_tip,672.826,45.792,0.0761920004347826,-0.7293040904347827,-0.0584,0.9026,True
290,left_shoulder,791.7625000000002,14.667083333333332,0.2762586124320655,-0.6286216449086655,0.8372916666666668,0.136,True
290,left_toe_tip,777.918,123.626,0.3632640191304348,-0.6225885617391304,0.1028000000000001,0.9717,True
290,right_shoulder,,,,,,0.0143,True
290,right_toe_tip,672.616,46.486,0.0761512695652173,-0.7319870347826087,-0.071,0.9125,True
291,left_shoulder,778.7862089201877,16.687717136150237,0.2568085781368966,-0.6352615285420684,0.7996414319248827,0.1282,True
291,left_toe_tip,777.516,123.898,0.3600228669565216,-0.6181253013043478,0.1274000000000001,0.9482,True
291,right_shoulder,,,,,,0.0262,True
291,right_toe_tip,672.552,46.816,0.0762707513043478,-0.733803728695652,-0.0785999999999999,0.89,True
292,left_shoulder,768.0211267605633,18.126901408450703,0.2396848695048427,-0.6400647385051275,0.787049295774648,0.3607,True
292,left_toe_tip,776.976,123.812,0.3584900139130435,-0.6181450721739131,0.1281999999999998,0.9602,True
292,right_shoulder,,,,,,0.0197,True
292,right_toe_tip,672.476,47.064,0.0762197599999999,-0.7344471860869564,-0.0821999999999998,0.8744,True
293,left_shoulder,766.7816901408451,18.03535211267605,0.2372576090190869,-0.6399482025887719,0.790323943661972,0.072,True
293,left_toe_tip,776.22,123.504,0.3572813695652174,-0.6202878782608696,0.118,0.9252,True
293,right_shoulder,,,,,,0.022,True
293,right_toe_tip,672.31,47.24400000000001,0.0759284999999998,-0.7349766,-0.108,0.8683,True
294,left_shoulder,765.5422535211268,17.943802816901407,0.2348324357658505,-0.6398315125018328,0.7910985915492958,0.0153,True
294,left_toe_tip,775.254,122.53,0.353571597826087,-0.620777554347826,0.126,0.8987,True
294,right_shoulder,,,,,,0.0096,True
294,right_toe_tip,672.162,47.312,0.0756016752173913,-0.7350207269565217,-0.0955999999999999,0.8587,True
295,left_shoulder,763.0633802816901,17.76070422535211,0.2299883509569356,-0.6395976698162027,0.7926478873239436,0.0237,True
295,left_toe_tip,774.4780000000001,121.494,0.3517769073913045,-0.6239005865217391,0.1169,0.8945,True
295,right_shoulder,,,,,,0.0167,True
295,right_toe_tip,672.086,47.352,0.0751788930434782,-0.7325478573913043,-0.0885999999999999,0.8509,True
296,left_shoulder,761.8239436619718,17.669154929577463,0.2275694394012575,-0.6394805172175121,0.7934225352112676,0.02,True
296,left_toe_tip,773.8280000000001,120.158,0.3478073347826089,-0.623328502173913,0.121,0.8933,True
296,right_shoulder,,,,,,0.0184,True
296,right_toe_tip,671.938,47.456,0.0746863186956521,-0.7308773495652174,-0.0844,0.8507,True
297,left_shoulder,760.5845070422534,17.577605633802815,0.2251526150780985,-0.6393632104482375,0.7941971830985914,0.1187,True
297,left_toe_tip,773.3299999999999,119.012,0.3436435826086954,-0.6211203756521739,0.1358000000000001,0.882,True
297,right_shoulder,,,,,,0.0112,True
297,right_toe_tip,671.858,47.516,0.0743538017391303,-0.7293104834782607,-0.0801999999999998,0.8604,True
298,left_shoulder,759.3450704225352,17.48605633802817,0.2227378779874592,-0.6392457495083791,0.7949718309859156,0.0153,True
298,left_toe_tip,771.86,117.396,0.3385075521739131,-0.6228066600000001,0.1426999999999998,0.8987,True
298,right_shoulder,,,,,,0.0113,True
298,right_toe_tip,671.59,47.44799999999999,0.0733437391304348,-0.7256642086956522,-0.069,0.8489,True
299,left_shoulder,758.1056338028169,17.39450704225352,0.2203252281293393,-0.6391281343979369,0.7957464788732396,0.0099,False
299,left_toe_tip,768.846,115.39466666666668,0.3319651833333333,-0.630213233816425,0.1366666666666669,0.9351,True
299,right_shoulder,,,,,,0.0069,False
299,right_toe_tip,671.2940000000001,47.312,0.0725884739130437,-0.725300208695652,-0.067,0.8416,True
300,left_shoulder,,,,,,0.0191,True
300,left_toe_tip,763.8219999999999,112.3,0.3224486386956519,-0.6450431086956523,0.1231999999999998,0.8635,True
300,right_shoulder,,,,,,0.011,True
300,right_toe_tip,670.8700000000001,47.114,0.0715781347826089,-0.725487407826087,-0.1041999999999998,0.8607,True
301,left_shoulder,,,,,,0.0172,True
301,left_toe_tip,757.048,108.792,0.3106352139130434,-0.666684187826087,0.1244000000000001,0.8153,False
301,right_shoulder,,,,,,0.0133,True
301,right_toe_tip,669.8639999999999,47.394,0.0693364173913041,-0.7257895826086956,-0.104,0.8723,True
302,left_shoulder,,,,,,0.0082,True
302,left_toe_tip,747.546,105.458,0.2945123830434784,-0.6970577334782608,0.1205999999999999,0.8499,False
302,right_shoulder,,,,,,0.0058,True
302,right_toe_tip,670.0888571428571,48.05857142857143,0.0703294330434782,-0.7291291826086956,-0.1184,0.873,True
303,left_shoulder,,,,,,0.0253,True
303,left_toe_tip,736.642,102.768,0.2753876817391306,-0.7329993600000001,0.0424,0.9229,True
303,right_shoulder,,,,,,0.0067,True
303,right_toe_tip,671.7865714285714,49.29571428571429,0.0752443426708073,-0.7354910798136648,-0.0908000000000001,0.8385,True
304,left_shoulder,,,,,,0.0352,True
304,left_toe_tip,725.182,100.34333333333332,0.2537744613043479,-0.7735698939613526,0.0211333333333332,0.946,True
304,right_shoulder,,,,,,0.0081,True
304,right_toe_tip,674.8051428571429,51.03142857142858,0.0837063685714286,-0.7430694142857143,-0.0855999999999999,0.7103,False
305,left_shoulder,,,,,,0.0085,True
305,left_toe_tip,712.722,99.112,0.2230984486956521,-0.8003590121739133,0.0475999999999999,0.8901,True
305,right_shoulder,,,,,,0.0058,True
305,right_toe_tip,679.1785714285713,53.19571428571429,0.0961152562111798,-0.752670948757764,-0.037,0.2306,False
306,left_shoulder,,,,,,0.0293,True
306,left_toe_tip,699.7520000000001,98.586,0.1868289165217393,-0.8173733830434782,0.1139,0.8963,True
306,right_shoulder,,,,,,0.0068,True
306,right_toe_tip,685.4628571428573,55.248571428571424,0.1140524720496897,-0.7645285838509316,-0.009,0.1573,True
307,left_shoulder,,,,,,0.0292,True
307,left_toe_tip,688.078,97.768,0.1511739547826086,-0.8245486191304348,0.0316999999999998,0.8561,True
307,right_shoulder,,,,,,0.0067,True
307,right_toe_tip,688.605,56.275,0.1232823559782609,-0.7703720516304348,0.0175,0.0376,True
308,left_shoulder,,,,,,0.0109,True
308,left_toe_tip,676.0973333333334,96.382,0.1108005030917875,-0.8091735407246377,0.0120666666666666,0.8799,True
308,right_shoulder,,,,,,0.0058,True
308,right_toe_tip,696.4603571428571,58.84107142857143,0.1471191208268632,-0.7847317842585405,0.10075,0.0315,True
309,left_shoulder,,,,,,0.0107,True
309,left_toe_tip,663.5959999999999,94.978,0.0685156026086953,-0.7695432291304347,-0.0154,0.7968,True
309,right_shoulder,,,,,,0.006,True
309,right_toe_tip,698.8983928571429,59.57142857142858,0.154464236267469,-0.7878902562111801,0.13325,0.1826,True
310,left_shoulder,,,,,,0.0106,False
310,left_toe_tip,651.018,92.628,0.0298204565217392,-0.7236481304347826,-0.164,0.9466,False
310,right_shoulder,512.2,253.5,-0.3564508695652172,-0.2970423913043478,0.051,0.0277,True
310,right_toe_tip,695.9191071428572,58.46607142857143,0.1446602989130437,-0.7800551630434783,0.118,0.3472,True
311,left_shoulder,,,,,,0.0125,True
311,left_toe_tip,638.3580000000001,89.16,-0.0041289160869563,-0.681044843478261,-0.2119000000000001,0.9042,False
311,right_shoulder,537.0150000000001,253.49,-0.2820893478260867,-0.2917447826086956,0.1415,0.0903,True
311,right_toe_tip,690.87375,56.625,0.1291336137907608,-0.770061379076087,0.03675,0.2599,True
312,left_shoulder,,,,,,0.0185,True
312,left_toe_tip,625.802,85.604,-0.0332943099999999,-0.64345862,-0.1534000000000001,0.9126,True
312,right_shoulder,544.402389380531,252.75811209439527,-0.2600158148374517,-0.2916870692456784,0.1726932153392331,0.5433,True
312,right_toe_tip,688.163,55.798,0.1212032365217391,-0.7655309460869565,0.0168000000000001,0.8799,True
313,left_shoulder,,,,,,0.0126,True
313,left_toe_tip,614.3646666666666,82.094,-0.0561711021256039,-0.6089363498550725,-0.0208666666666667,0.9201,True
313,right_shoulder,547.4328761061947,251.84575221238936,-0.2507050016416285,-0.2929205286776398,0.1913097345132741,0.3967,True
313,right_toe_tip,680.855,53.272000000000006,0.1002901434782609,-0.75295056,-0.0194,0.9523,True
314,left_shoulder,,,,,,0.0108,True
314,left_toe_tip,604.6379999999999,78.96199999999999,-0.0739834539130436,-0.5879803721739131,-0.0137999999999999,0.9047,True
314,right_shoulder,548.7206017699116,250.861203539823,-0.2464448925596296,-0.2946634124374589,0.2070955752212385,0.0984,True
314,right_toe_tip,676.476,51.722,0.088414652173913,-0.7472390652173914,-0.079,0.9831,True
315,left_shoulder,,,,,,0.0213,False
315,left_toe_tip,597.2180000000001,76.46199999999999,-0.0870892713043476,-0.5771847460869566,-0.0357999999999999,0.9676,True
315,right_shoulder,556.5243362831859,249.10867256637167,-0.2231922127554163,-0.29649456671899,0.2821592920353982,0.0076,True
315,right_toe_tip,675.0360000000001,51.144,0.0848632852173914,-0.7481029460869566,-0.1014,0.9747,True
316,left_shoulder,,,,,,0.0244,False
316,left_toe_tip,591.682,75.28999999999999,-0.0957011517391304,-0.5639114804347827,0.0047999999999999,0.9464,True
316,right_shoulder,553.8715044247788,246.92300884955748,-0.2296224133380095,-0.3014683053216521,0.2777389380530972,0.0099,True
316,right_toe_tip,673.692,50.29,0.0814980182608695,-0.7491615586956522,-0.1124000000000001,0.9642,True
317,left_shoulder,,,,,,0.0333,True
317,left_toe_tip,587.3700000000001,74.418,-0.1011411304347823,-0.5488141043478261,0.046,0.8939,True
317,right_shoulder,552.5450884955753,245.8301769911504,-0.2328222029413965,-0.3039425601729053,0.2812787610619466,0.0045,True
317,right_toe_tip,672.438,49.366,0.0782319939130434,-0.7491681730434784,-0.1318000000000002,0.94,True
318,left_shoulder,,,,,,0.0335,False
318,left_toe_tip,584.596,74.28,-0.104725604347826,-0.5400729130434784,0.058,0.8953,True
318,right_shoulder,551.2186725663718,244.73734513274331,-0.236011785419511,-0.3064084053907732,0.276318584070796,0.0059,True
318,right_toe_tip,671.934,48.846,0.0768082121739129,-0.7483930121739131,-0.1258000000000002,0.9087,True
319,left_shoulder,,,,,,0.0377,True
319,left_toe_tip,582.718,74.574,-0.106581877826087,-0.5310785073913044,0.0702,0.9131,True
319,right_shoulder,549.8922566371682,243.64451327433625,-0.2391911607723527,-0.3088658409752562,0.2798584070796455,0.0081,True
319,right_toe_tip,671.62,48.464,0.0755511782608695,-0.7443678643478261,-0.1311999999999998,0.896,True
320,left_shoulder,,,,,,0.0345,True
320,left_toe_tip,581.4399999999999,75.03,-0.1081959652173914,-0.52651305,0.0732,0.9406,True
320,right_shoulder,548.5658407079646,242.5516814159292,-0.2423603289999216,-0.3113148669263536,0.2693982300884954,0.0079,True
320,right_toe_tip,671.4280000000001,48.14,0.0747918078260872,-0.7421590043478261,-0.1224,0.8952,True
321,left_shoulder,,,,,,0.1602,True
321,left_toe_tip,580.7239999999999,75.78399999999999,-0.1085395104347827,-0.5204242104347826,0.1044,0.9245,True
321,right_shoulder,,,,,,0.0124,True
321,right_toe_tip,671.662,47.804,0.0748049165217392,-0.7375969843478262,-0.1065999999999999,0.8796,True
322,left_shoulder,,,,,,0.1643,True
322,left_toe_tip,580.3679999999999,76.942,-0.109035815652174,-0.5175653995652174,0.0997999999999999,0.9307,True
322,right_shoulder,,,,,,0.0131,True
322,right_toe_tip,671.7719999999999,47.428,0.0746641999999998,-0.7345442,-0.095,0.8552,True
323,left_shoulder,,,,,,0.0152,False
323,left_toe_tip,580.324,78.23400000000001,-0.1102319504347826,-0.5204708047826087,0.0975999999999999,0.9288,True
323,right_shoulder,,,,,,0.0086,True
323,right_toe_tip,671.664,47.028,0.0741625947826086,-0.7330348539130435,-0.1008000000000001,0.9251,True
324,left_shoulder,,,,,,0.0131,True
324,left_toe_tip,580.494,80.074,-0.1119747686956521,-0.5267477078260869,0.0897999999999999,0.8791,True
324,right_shoulder,,,,,,0.0116,True
324,right_toe_tip,671.6139999999999,46.592,0.0739217791304345,-0.7328296626086956,-0.0971999999999998,0.9153,True
325,left_shoulder,,,,,,0.0792,True
325,left_toe_tip,580.824,82.33,-0.1134506834782609,-0.5323416804347827,0.0667,0.9167,True
325,right_shoulder,,,,,,0.0129,True
325,right_toe_tip,671.6479999999999,46.17,0.0739806399999997,-0.7336117369565217,-0.0965999999999999,0.9391,True
326,left_shoulder,,,,,,0.0367,True
326,left_toe_tip,581.0440000000001,84.582,-0.1162458521739128,-0.543052447826087,0.018,0.9481,True
326,right_shoulder,,,,,,0.0105,True
326,right_toe_tip,671.476,46.234,0.0739207017391304,-0.73687263,-0.1065999999999999,0.9065,True
327,left_shoulder,,,,,,0.0777,True
327,left_toe_tip,580.9440000000001,86.61800000000001,-0.1181248382608694,-0.5468234308695653,-0.0047,0.919,True
327,right_shoulder,,,,,,0.0214,True
327,right_toe_tip,671.492,46.374,0.0742526591304346,-0.7394755643478261,-0.1151999999999998,0.9057,True
328,left_shoulder,,,,,,0.0144,True
328,left_toe_tip,580.74,88.488,-0.1197180826086956,-0.548513264347826,-0.0230999999999999,0.9254,True
328,right_shoulder,,,,,,0.0127,True
328,right_toe_tip,671.742,46.548,0.0747662108695651,-0.7383157434782608,-0.113,0.9238,True
329,left_shoulder,,,,,,0.009,True
329,left_toe_tip,580.51,89.75,-0.1200792717391304,-0.54549375,-0.0215,0.9514,True
329,right_shoulder,,,,,,0.0164,True
329,right_toe_tip,671.85,46.592,0.0752906304347826,-0.7408692591304349,-0.1208000000000001,0.9346,True
330,left_shoulder,,,,,,0.0102,True
330,left_toe_tip,580.024,90.468,-0.1208255634782608,-0.5429897921739131,-0.0154,0.9635,True
330,right_shoulder,,,,,,0.0139,True
330,right_toe_tip,671.792,46.622,0.07502912,-0.7395720799999999,-0.1171999999999998,0.929,True
331,left_shoulder,,,,,,0.0076,False
331,left_toe_tip,579.528,90.974,-0.1216933269565217,-0.5413855830434783,-0.0144,0.9648,True
331,right_shoulder,,,,,,0.0107,True
331,right_toe_tip,671.784,46.592,0.0747891339130434,-0.7374626504347828,-0.1108000000000001,0.9422,True
332,left_shoulder,,,,,,0.011,True
332,left_toe_tip,579.1039999999999,91.248,-0.1226922017391305,-0.5414768556521738,-0.0165999999999999,0.9615,True
332,right_shoulder,,,,,,0.0107,True
332,right_toe_tip,671.6940000000001,46.39,0.0742810900000001,-0.7350063934782608,-0.1021999999999998,0.9379,True
333,left_shoulder,,,,,,0.0119,False
333,left_toe_tip,578.61,91.462,-0.1240478369565217,-0.542621893478261,-0.021,0.9573,True
333,right_shoulder,,,,,,0.0124,True
333,right_toe_tip,671.5260000000001,46.162,0.0738873491304349,-0.7355407560869565,-0.1021999999999998,0.9557,True
334,left_shoulder,,,,,,0.0178,True
334,left_toe_tip,578.284,91.732,-0.124773652173913,-0.5423679130434784,-0.022,0.9642,True
334,right_shoulder,,,,,,0.0139,True
334,right_toe_tip,671.028,46.128,0.0724099086956522,-0.7324817217391303,-0.093,0.9782,True
335,left_shoulder,,,,,,0.0109,True
335,left_toe_tip,578.0360000000001,92.018,-0.1254097478260868,-0.5423722652173913,-0.024,0.9562,True
335,right_shoulder,,,,,,0.0102,True
335,right_toe_tip,670.6179999999999,46.23,0.071379876521739,-0.7314933652173913,-0.1158000000000001,0.9766,True
336,left_shoulder,,,,,,0.0073,True
336,left_toe_tip,577.856,92.256,-0.1258416,-0.5421816,-0.026,0.958,True
336,right_shoulder,,,,,,0.0095,True
336,right_toe_tip,670.146,46.326,0.0702532869565216,-0.7309968,-0.115,0.969,True
337,left_shoulder,,,,,,0.0082,True
337,left_toe_tip,577.6980000000001,92.456,-0.125870355869565,-0.5405261226086956,-0.0217,0.966,True
337,right_shoulder,,,,,,0.0101,True
337,right_toe_tip,669.53,46.69,0.0690937804347825,-0.7330772891304348,-0.1235999999999999,0.9627,True
338,left_shoulder,,,,,,0.009,True
338,left_toe_tip,577.676,92.68,-0.1252644656521738,-0.5372841434782608,-0.0120999999999999,0.9451,True
338,right_shoulder,,,,,,0.0111,True
338,right_toe_tip,668.8539999999999,47.484,0.0680138960869563,-0.7366545626086958,-0.1505999999999999,0.9259,True
339,left_shoulder,,,,,,0.0081,True
339,left_toe_tip,577.622,92.81,-0.1252780767391305,-0.5366162641304348,-0.0107,0.9347,False
339,right_shoulder,,,,,,0.0087,True
339,right_toe_tip,668.472,48.308,0.0678376347826086,-0.7426400695652174,-0.174,0.9226,True
340,left_shoulder,,,,,,0.0129,True
340,left_toe_tip,577.6217333333333,92.98293333333334,-0.1251791686908213,-0.5358432707053139,-0.0092333333333331,0.9105,True
340,right_shoulder,,,,,,0.0089,True
340,right_toe_tip,668.268,48.894000000000005,0.0678432,-0.7466544,-0.182,0.9319,True
341,left_shoulder,,,,,,0.0371,False
341,left_toe_tip,577.6852,93.1788,-0.1245144530869565,-0.5331493608260869,-0.0012999999999999,0.9179,True
341,right_shoulder,,,,,,0.0132,False
341,right_toe_tip,668.162,49.84400000000001,0.0681275513043479,-0.7503078191304348,-0.1995999999999999,0.9277,True
342,left_shoulder,,,,,,0.0412,False
342,left_toe_tip,577.7603999999999,93.3876,-0.124140941304348,-0.5317758195652174,0.002,0.9219,False
342,right_shoulder,,,,,,0.0129,False
342,right_toe_tip,668.23,50.66,0.0686111739130435,-0.751830695652174,-0.198,0.9181,True
343,left_shoulder,,,,,,0.0263,True
343,left_toe_tip,577.8473333333334,93.60933333333334,-0.1240576234299515,-0.5317196314009662,0.0006666666666667,0.9127,False
343,right_shoulder,,,,,,0.0123,False
343,right_toe_tip,668.276,50.77,0.0687229739130433,-0.751563347826087,-0.198,0.9175,True
344,left_shoulder,,,,,,0.0271,True
344,left_toe_tip,577.946,93.844,-0.1241754499999999,-0.5326013,-0.004,0.9061,False
344,right_shoulder,,,,,,0.0101,False
344,right_toe_tip,668.054,50.774,0.0679516669565216,-0.7489991504347827,-0.1904000000000001,0.9498,True
345,left_shoulder,,,,,,0.0617,True
345,left_toe_tip,577.9953333333333,93.96133333333331,-0.1242339879227053,-0.5330412415458937,-0.0063333333333332,0.9028,False
345,right_shoulder,,,,,,0.012,True
345,right_toe_tip,666.99,49.535,0.0646762543478261,-0.7439686293478263,-0.1945999999999999,0.9295,True
346,left_shoulder,,,,,,0.0495,True
346,left_toe_tip,578.0446666666667,94.07866666666666,-0.1242922756038647,-0.5334805879227054,-0.0086666666666667,0.8988,False
346,right_shoulder,,,,,,0.011,True
346,right_toe_tip,665.246,46.605,0.0591908934782608,-0.7347750163043478,-0.18,0.917,True
347,left_shoulder,,,,,,0.1283,True
347,left_toe_tip,578.094,94.196,-0.1243503130434781,-0.5339193391304348,-0.011,0.9052,False
347,right_shoulder,,,,,,0.0118,True
347,right_toe_tip,660.501,44.42775,0.0474670572010869,-0.7306612380774457,-0.241125,0.6868,False
348,left_shoulder,,,,,,0.0585,True
348,left_toe_tip,578.1433333333333,94.31333333333332,-0.1244081002415459,-0.5343574951690822,-0.0133333333333332,0.868,False
348,right_shoulder,,,,,,0.0093,True
348,right_toe_tip,652.797,43.251250000000006,0.0295662861684783,-0.7318187220448369,-0.3015749999999998,0.5182,True
349,left_shoulder,,,,,,0.0934,True
349,left_toe_tip,,,,,,0.8698,False
349,right_shoulder,,,,,,0.0096,True
349,right_toe_tip,642.434,42.8475,0.0056779664130434,-0.7398443889945652,-0.3091500000000001,0.5043,False
350,left_shoulder,,,,,,0.1358,True
350,left_toe_tip,,,,,,0.8859,False
350,right_shoulder,,,,,,0.0112,True
350,right_toe_tip,629.74,44.5975,-0.0246267880434782,-0.7570517072010869,-0.63525,0.279,True
351,left_shoulder,,,,,,0.1147,True
351,left_toe_tip,,,,,,0.873,False
351,right_shoulder,,,,,,0.0126,True
351,right_toe_tip,614.7149999999999,48.50125,-0.0635388688858697,-0.7827675789741848,-0.659375,0.5929,False
352,left_shoulder,,,,,,0.0968,True
352,left_toe_tip,,,,,,0.8768,False
352,right_shoulder,,,,,,0.0155,True
352,right_toe_tip,607.2025,50.453125,-0.0842641747622282,-0.7952957381538723,-0.6936875,0.6208,False
353,left_shoulder,,,,,,0.1175,True
353,left_toe_tip,,,,,,0.89,False
353,right_shoulder,,,,,,0.0193,True
353,right_toe_tip,599.6899999999999,52.405,-0.1058356576086958,-0.8076040461956524,-0.7395,0.0486,True
354,left_shoulder,,,,,,0.1027,True
354,left_toe_tip,579.13,96.66,-0.1255112934782608,-0.5429956304347827,-0.0615,0.901,False
354,right_shoulder,,,,,,0.0256,True
354,right_toe_tip,574.6483333333334,58.91125,-0.183851878547705,-0.8470439258944747,-0.9122083333333336,0.0255,False
355,left_shoulder,,,,,,0.1626,False
355,left_toe_tip,579.0991666666666,96.66916666666664,-0.1271139404438406,-0.5496315572916667,-0.08475,0.8984,False
355,right_shoulder,,,,,,0.0298,False
355,right_toe_tip,550.5916666666667,66.22625,-0.2653459544836955,-0.8718614159307065,-0.782375,0.0208,False
356,left_shoulder,,,,,,0.1419,True
356,left_toe_tip,579.0683333333333,96.67833333333331,-0.1287181458333334,-0.5562670208333333,-0.108,0.8712,True
356,right_shoulder,,,,,,0.0266,True
356,right_toe_tip,527.6066666666667,74.83,-0.3399083888888888,-0.8624326050724638,0.0176666666666665,0.7666,True
357,left_shoulder,,,,,,0.1391,False
357,left_toe_tip,579.0375,96.6875,-0.1303239096467391,-0.5629020210597826,-0.13125,0.9106,False
357,right_shoulder,,,,,,0.0262,False
357,right_toe_tip,521.5,78.235,-0.3540509510869564,-0.8418495040760868,-0.04375,0.8604,True
358,left_shoulder,,,,,,0.1153,True
358,left_toe_tip,579.0066666666667,96.69666666666669,-0.1319312318840579,-0.5695365579710145,-0.1545,0.8951,False
358,right_shoulder,,,,,,0.0237,True
358,right_toe_tip,515.5260000000001,81.236,-0.3684700995652172,-0.8252020408695654,-0.0509,0.9343,True
359,left_shoulder,,,,,,0.1213,True
359,left_toe_tip,578.9449999999999,96.715,-0.1351505516304349,-0.5828042418478261,-0.201,0.8925,False
359,right_shoulder,,,,,,0.0239,True
359,right_toe_tip,504.506,87.896,-0.3952595621739131,-0.7937746904347825,-0.0223000000000001,0.8961,True
360,left_shoulder,,,,,,0.176,True
360,left_toe_tip,578.8833333333334,96.73333333333332,-0.1383761050724635,-0.5960700724637681,-0.2475,0.8929,False
360,right_shoulder,,,,,,0.0268,True
360,right_toe_tip,494.182,94.344,-0.4161518921739132,-0.7581591234782609,0.02365,0.8778,True
361,left_shoulder,594.5,5.31,-0.0798228260869565,-0.6222496304347825,1.398,0.2135,True
361,left_toe_tip,578.8246,96.7558,-0.1410412145999999,-0.6069152258,-0.2855799999999999,0.9144,False
361,right_shoulder,,,,,,0.0266,True
361,right_toe_tip,485.092,100.12,-0.4379181808695652,-0.7346694608695652,0.0261999999999998,0.8819,True
362,left_shoulder,594.0550000000001,5.64,-0.0823014782608694,-0.6347666086956522,1.364,0.2658,True
362,left_toe_tip,578.7688,96.7824,-0.1431439033565216,-0.6153398054608696,-0.3152400000000002,0.9198,True
362,right_shoulder,,,,,,0.0282,True
362,right_toe_tip,477.896,105.154,-0.45297496,-0.7121283660869566,0.0301999999999998,0.8528,True
363,left_shoulder,593.1466666666666,5.69,-0.0845057584541063,-0.639041731884058,1.3556666666666668,0.301,True
363,left_toe_tip,578.7159333333333,96.81313333333334,-0.1446823555637682,-0.6213441420246377,-0.33648,0.9169,False
363,right_shoulder,,,,,,0.0209,True
363,right_toe_tip,472.36800000000005,109.452,-0.4639033391304346,-0.693364356521739,0.005,0.8563,True
364,left_shoulder,592.4100000000001,5.71,-0.0864379239130433,-0.6434984673913043,1.3545,0.324,True
364,left_toe_tip,578.6659999999999,96.84799999999998,-0.1456549165217392,-0.6249287930434784,-0.3493000000000001,0.9086,False
364,right_shoulder,,,,,,0.0207,True
364,right_toe_tip,468.112,112.47,-0.4711973217391305,-0.6785550652173912,0.009,0.9468,True
365,left_shoulder,590.8324444444445,5.700074074074074,-0.0895973793379852,-0.6456360196051768,1.3554962962962964,0.3917,True
365,left_toe_tip,578.6189999999999,96.887,-0.1460600926086958,-0.6260945430434783,-0.3536999999999998,0.9119,False
365,right_shoulder,,,,,,0.0222,True
365,right_toe_tip,466.02,114.8325,-0.4675334282608696,-0.6588343589673913,0.0511999999999998,0.9305,True
366,left_shoulder,587.7013333333333,5.748222222222222,-0.0961790165539452,-0.6514809988620504,1.347088888888889,0.3989,True
366,left_toe_tip,578.5955,96.9065,-0.1462628492391304,-0.6266772781521739,-0.3559000000000001,0.912,False
366,right_shoulder,,,,,,0.0179,True
366,right_toe_tip,465.50200000000007,116.7115,-0.4515515093478259,-0.6295618825543479,0.1403000000000001,0.9096,True
367,left_shoulder,583.6126666666667,5.642444444444445,-0.1037172809983897,-0.6517953588298443,1.346777777777778,0.2858,True
367,left_toe_tip,578.572,96.926,-0.1464657182608695,-0.6272599200000001,-0.3580999999999999,0.8905,False
367,right_shoulder,,,,,,0.0173,True
367,right_toe_tip,466.042,118.465,-0.426915622173913,-0.5927583945652174,-0.4848000000000002,0.8616,False
368,left_shoulder,578.8444444444445,5.55074074074074,-0.1124090320271961,-0.6515074186497286,1.3479629629629628,0.1798,True
368,left_toe_tip,578.5485000000001,96.9455,-0.1466686996739128,-0.6278424685869566,-0.3603000000000002,0.9025,False
368,right_shoulder,,,,,,0.1602,True
368,right_toe_tip,467.67,120.395,-0.39205075,-0.545101375,-0.337,0.8636,False
369,left_shoulder,573.1666666666667,5.441111111111111,-0.1223017713365538,-0.6488256382179279,1.3624444444444446,0.1264,True
369,left_toe_tip,578.525,96.965,-0.1468717934782609,-0.6284249239130434,-0.3625,0.9058,False
369,right_shoulder,,,,,,0.0165,True
369,right_toe_tip,469.59,122.443,-0.3563791739130435,-0.4968039869565217,-0.247,0.8383,False
370,left_shoulder,570.3277777777779,5.386296296296296,-0.1272135120325637,-0.6474840793672094,1.3661851851851852,0.142,True
370,left_toe_tip,578.29,97.16,-0.1489089130434783,-0.6342443478260872,-0.3845,0.9374,False
370,right_shoulder,,,,,,0.0182,True
370,right_toe_tip,471.0759999999999,124.2605,-0.330264781304348,-0.4608963463586956,-0.1262,0.8145,True
371,left_shoulder,567.488888888889,5.3314814814814815,-0.1321021667561278,-0.646142074759945,1.376925925925926,0.1453,True
371,left_toe_tip,578.3779999999999,97.075,-0.1485760004347827,-0.6339350380434783,-0.3826999999999998,0.9581,False
371,right_shoulder,,,,,,0.0271,True
371,right_toe_tip,472.258,126.0895,-0.312820597173913,-0.4362176574456522,-0.0432,0.8546,True
372,left_shoulder,564.6500000000001,5.2766666666666655,-0.1369677355072461,-0.6447996243961351,1.394666666666667,0.1521,True
372,left_toe_tip,578.466,96.99,-0.148243432173913,-0.633625395652174,-0.3809,0.9495,True
372,right_shoulder,,,,,,0.0222,True
372,right_toe_tip,472.86,127.646,-0.3043038043478262,-0.4230358152173913,-0.001,0.8777,True
373,left_shoulder,561.8111111111111,5.221851851851851,-0.1418102182859187,-0.6434567282757798,1.398407407407407,0.0719,True
373,left_toe_tip,578.554,96.905,-0.1479112082608696,-0.6333154206521739,-0.3790999999999999,0.9551,False
373,right_shoulder,,,,,,0.0166,True
373,right_toe_tip,472.862,128.93800000000002,-0.3045181691304349,-0.4209849178260869,-0.0012,0.9335,True
374,left_shoulder,,,,,,0.0805,True
374,left_toe_tip,578.642,96.82,-0.147579328695652,-0.6330051130434784,-0.3773000000000002,0.9567,False
374,right_shoulder,,,,,,0.0221,True
374,right_toe_tip,472.634,129.792,-0.3054065660869565,-0.4200795547826086,-0.0027999999999999,0.9493,True
375,left_shoulder,,,,,,0.0506,True
375,left_toe_tip,578.818,96.65,-0.1469166026086956,-0.6323834999999999,-0.3736999999999998,0.9759,False
375,right_shoulder,,,,,,0.0141,True
375,right_toe_tip,472.358,130.578,-0.3061288695652174,-0.4189445217391304,-0.004,0.9358,True
376,left_shoulder,,,,,,0.059,False
376,left_toe_tip,578.8688,96.4,-0.1463108825043479,-0.630897947826087,-0.3664200000000001,0.969,False
376,right_shoulder,,,,,,0.0138,False
376,right_toe_tip,471.89,131.08599999999998,-0.3069834782608696,-0.4180168695652174,-0.004,0.9393,True
377,left_shoulder,,,,,,0.0403,True
377,left_toe_tip,578.8224,96.184,-0.145985712973913,-0.6295337975652173,-0.3598599999999997,0.9486,True
377,right_shoulder,,,,,,0.02,False
377,right_toe_tip,471.558,131.50799999999998,-0.3079925352173913,-0.4177926547826088,-0.0042,0.9487,True
378,left_shoulder,,,,,,0.0305,True
378,left_toe_tip,578.7468,96.17,-0.1458749396637681,-0.6283130568115943,-0.3554866666666667,0.9674,True
378,right_shoulder,,,,,,0.0142,True
378,right_toe_tip,471.376,131.96800000000002,-0.3085452626086956,-0.4172489878260869,-0.0054,0.9533,True
379,left_shoulder,,,,,,0.0487,True
379,left_toe_tip,578.6419999999999,96.358,-0.1459786852173914,-0.6272387060869565,-0.3533000000000001,0.94,True
379,right_shoulder,,,,,,0.0259,True
379,right_toe_tip,471.3,132.428,-0.3093077826086956,-0.4172483147826086,-0.0087999999999999,0.9506,True
380,left_shoulder,,,,,,0.0456,True
380,left_toe_tip,578.508,96.748,-0.1462974886956521,-0.6263108452173914,-0.3533000000000001,0.9107,False
380,right_shoulder,,,,,,0.0187,True
380,right_toe_tip,471.312,132.81199999999998,-0.3104225913043478,-0.4180753086956522,-0.013,0.9439,True
381,left_shoulder,,,,,,0.0772,True
381,left_toe_tip,578.4219999999999,97.324,-0.1470375547826089,-0.6272246052173913,-0.3613000000000002,0.927,False
381,right_shoulder,,,,,,0.0291,True
381,right_toe_tip,471.384,133.09199999999998,-0.3105833408695652,-0.4179546704347825,-0.0145999999999999,0.9344,True
382,left_shoulder,,,,,,0.029,True
382,left_toe_tip,578.654,97.966,-0.1470170226086956,-0.6279701773913043,-0.3693000000000002,0.9386,True
382,right_shoulder,,,,,,0.0119,True
382,right_toe_tip,471.438,133.48399999999998,-0.3108869582608695,-0.417774292173913,-0.0167999999999999,0.9263,True
383,left_shoulder,,,,,,0.0536,True
383,left_toe_tip,578.225,98.88642857142858,-0.1484042056159419,-0.6272821067324755,-0.3746476190476192,0.9286,True
383,right_shoulder,,,,,,0.0193,True
383,right_toe_tip,471.50200000000007,133.774,-0.3111718499999998,-0.4177804065217391,-0.019,0.911,True
384,left_shoulder,,,,,,0.0594,True
384,left_toe_tip,577.135,100.08528571428572,-0.1512069197981366,-0.6251634988842059,-0.3788428571428571,0.9332,True
384,right_shoulder,,,,,,0.0213,True
384,right_toe_tip,471.572,134.06199999999998,-0.3106398156521739,-0.4167082591304347,-0.0167999999999999,0.9008,True
385,left_shoulder,,,,,,0.1237,True
385,left_toe_tip,575.384,101.56257142857145,-0.1554215470807453,-0.6216222757852706,-0.3788857142857146,0.9101,False
385,right_shoulder,,,,,,0.0271,True
385,right_toe_tip,471.58,134.33200000000002,-0.3102406239130434,-0.4156951734782608,-0.0127,0.8821,True
386,left_shoulder,,,,,,0.1529,True
386,left_toe_tip,573.0200000000001,103.41428571428573,-0.1607624006211178,-0.6158455567879326,-0.3768928571428573,0.88,False
386,right_shoulder,,,,,,0.0209,True
386,right_toe_tip,471.568,134.58,-0.3114710452173913,-0.4168554847826087,-0.0192999999999999,0.8761,True
387,left_shoulder,,,,,,0.1439,True
387,left_toe_tip,569.7450000000001,105.64642857142856,-0.168170178959627,-0.6088489876330966,-0.3754642857142853,0.8846,False
387,right_shoulder,,,,,,0.0323,True
387,right_toe_tip,471.6060000000001,134.706,-0.3111445223913043,-0.4162796419565218,-0.0179,0.8794,False
388,left_shoulder,,,,,,0.1882,True
388,left_toe_tip,568.1075000000001,106.76250000000002,-0.1718582398097824,-0.6053614911684783,-0.37225,0.8556,False
388,right_shoulder,,,,,,0.0316,True
388,right_toe_tip,471.746,134.75,-0.3114710732608696,-0.4169818206521739,-0.0180999999999999,0.879,True
389,left_shoulder,,,,,,0.1439,True
389,left_toe_tip,566.4700000000001,107.87857142857143,-0.1755357484472045,-0.6018811867790593,-0.3672857142857137,0.8342,False
389,right_shoulder,,,,,,0.0278,True
389,right_toe_tip,471.906,134.846,-0.3123807736956522,-0.4184193410869565,-0.0247,0.8756,True
390,left_shoulder,,,,,,0.1439,True
390,left_toe_tip,564.8325000000001,108.99464285714288,-0.1792027048718941,-0.5984080744648401,-0.3643214285714279,0.8186,False
390,right_shoulder,,,,,,0.0291,True
390,right_toe_tip,472.064,134.916,-0.312287944347826,-0.4185583773913043,-0.0257999999999999,0.8983,True
391,left_shoulder,436.9,2.81,-0.332024347826087,-0.583928,0.989,0.1411,True
391,left_toe_tip,563.195,110.11071428571428,-0.1828591090838508,-0.5949421542258208,-0.3583571428571426,0.82,False
391,right_shoulder,,,,,,0.0305,True
391,right_toe_tip,472.294,134.98399999999998,-0.3129539791304346,-0.4198994226086956,-0.0317999999999999,0.886,True
392,left_shoulder,435.28,2.915,-0.3342276521739131,-0.5829800760869566,0.991,0.1033,True
392,left_toe_tip,,,,,,0.8182,False
392,right_shoulder,,,,,,0.0295,True
392,right_toe_tip,472.34800000000007,135.17399999999998,-0.3148941913043477,-0.4222818782608696,-0.043,0.8838,True
393,left_shoulder,433.6216666666666,2.848333333333333,-0.3354769538043478,-0.5805655624999999,0.9925,0.3202,True
393,left_toe_tip,,,,,,0.8359,False
393,right_shoulder,,,,,,0.0225,True
393,right_toe_tip,472.132,135.504,-0.3148984721739131,-0.4211252139130435,-0.0407999999999999,0.8678,True
394,left_shoulder,431.95375,2.73875,-0.3364639284986413,-0.5777826981997284,1.000125,0.3045,True
394,left_toe_tip,,,,,,0.888,False
394,right_shoulder,,,,,,0.0293,True
394,right_toe_tip,471.558,135.936,-0.3146203617391304,-0.4185125843478261,-0.0324,0.8358,True
395,left_shoulder,430.405,2.9370000000000003,-0.3393844255434782,-0.5781703816304348,0.9983,0.252,True
395,left_toe_tip,,,,,,0.9854,False
395,right_shoulder,,,,,,0.0302,True
395,right_toe_tip,471.11,136.3496,-0.3147742447826087,-0.416835725947826,-0.0286799999999998,0.8618,True
396,left_shoulder,427.671,3.293,-0.3424728294565217,-0.5753451275,1.0001,0.3648,True
396,left_toe_tip,533.72,130.2,-0.246869956521739,-0.5337854347826088,-0.139,0.942,False
396,right_shoulder,,,,,,0.0329,True
396,right_toe_tip,470.71400000000006,136.7208,-0.3135912746086955,-0.4136101563130435,-0.0182400000000002,0.808,True
397,left_shoulder,424.677,3.4210000000000003,-0.344540204673913,-0.5705651585869566,1.0094,0.4636,True
397,left_toe_tip,529.255,133.92,-0.2564589375,-0.5235472173913044,-0.1385,0.876,False
397,right_shoulder,,,,,,0.028,True
397,right_toe_tip,470.574,136.9016,-0.3121268900869566,-0.4110054523826086,-0.0088799999999998,0.2936,True
398,left_shoulder,422.126,3.982,-0.348503672173913,-0.5694740095652174,1.0074,0.5381,True
398,left_toe_tip,525.1633333333333,139.22,-0.2653725579710145,-0.5101937826086956,-0.0525,0.9379,True
398,right_shoulder,,,,,,0.0252,True
398,right_toe_tip,470.7099999999999,136.916,-0.312229643478261,-0.4114444904347826,-0.0107999999999999,0.117,True
399,left_shoulder,420.15199999999993,5.036,-0.3518523860869567,-0.5680967321739131,1.0015999999999998,0.4074,True
399,left_toe_tip,519.9025,144.32999999999998,-0.2778886447010869,-0.4990299048913044,-0.03675,0.9852,True
399,right_shoulder,,,,,,0.0321,True
399,right_toe_tip,471.28,136.724,-0.3125354608695651,-0.4135945208695652,-0.0182,0.0245,True
400,left_shoulder,417.982,5.696,-0.3537325917391304,-0.5644986991304347,1.0042,0.6076,True
400,left_toe_tip,514.012,149.246,-0.2917443860869567,-0.4880329582608695,-0.0174,0.9862,True
400,right_shoulder,,,,,,0.0283,True
400,right_toe_tip,471.565,136.628,-0.3126849309782609,-0.4146706943478261,-0.0219,0.0267,True
401,left_shoulder,415.526,6.414,-0.3565232704347826,-0.5615868078260869,1.0013,0.6846,True
401,left_toe_tip,503.046,159.01999999999998,-0.3215739465217391,-0.4719097782608695,0.0128000000000001,0.8336,True
401,right_shoulder,,,,,,0.0239,True
401,right_toe_tip,471.8500000000001,136.532,-0.312832108695652,-0.41574764,-0.0226000000000001,0.0278,True
402,left_shoulder,413.704,7.644,-0.3617292365217391,-0.5632334060869565,0.9894,0.6215,True
402,left_toe_tip,491.852,168.728,-0.3505954626086956,-0.4526493460869565,0.0098000000000001,0.8654,True
402,right_shoulder,,,,,,0.0195,True
402,right_toe_tip,472.1350000000001,136.43600000000004,-0.312976994021739,-0.4168253578260869,-0.0262999999999999,0.0469,True
403,left_shoulder,411.758,8.96,-0.3634009582608695,-0.5589167304347826,0.9907,0.712,True
403,left_toe_tip,480.236,177.814,-0.3760011008695652,-0.4287707904347826,0.0548000000000001,0.9522,True
403,right_shoulder,,,,,,0.0171,True
403,right_toe_tip,472.42,136.34,-0.3131195869565218,-0.4179038478260869,-0.03,0.0195,False
404,left_shoulder,409.42,10.1,-0.3656698043478261,-0.5548957608695652,0.988,0.9053,True
404,left_toe_tip,469.478,185.844,-0.3968343500000001,-0.4052913,-0.017,0.9369,True
404,right_shoulder,,,,,,0.0155,True
404,right_toe_tip,475.27,135.38,-0.3144194347826087,-0.4287312173913044,-0.067,0.2741,True
405,left_shoulder,407.484,12.176,-0.3679818434782608,-0.5504692869565218,0.995,0.901,True
405,left_toe_tip,460.328,192.164,-0.4131674817391304,-0.3859498278260869,-0.0740999999999999,0.9404,True
405,right_shoulder,,,,,,0.0124,True
405,right_toe_tip,475.325,135.64499999999998,-0.3172678668478261,-0.4322491711956522,-0.0835,0.095,True
406,left_shoulder,405.8,15.04,-0.3710033478260869,-0.5464616347826087,1.0126,0.9056,True
406,left_toe_tip,450.758,199.604,-0.4234495447826086,-0.3589034843478261,-0.0265999999999999,0.9096,True
406,right_shoulder,,,,,,0.0117,True
406,right_toe_tip,475.1333333333334,135.72333333333333,-0.3195187681159419,-0.4346579311594202,-0.094,0.6823,True
407,left_shoulder,404.074,18.472,-0.3725066386956522,-0.5392430139130435,1.0314,0.8379,True
407,left_toe_tip,441.9,205.702,-0.4348295,-0.33868411,-0.0034,0.9096,True
407,right_shoulder,,,,,,0.0155,True
407,right_toe_tip,475.015,135.64,-0.3187617798913044,-0.433478152173913,-0.0885,0.7821,True
408,left_shoulder,402.296,22.336,-0.3771742382608696,-0.5357846817391304,1.0242,0.818,True
408,left_toe_tip,434.228,210.286,-0.4494328878260871,-0.3269949039130436,-0.0024,0.8687,True
408,right_shoulder,,,,,,0.0145,True
408,right_toe_tip,475.03,135.57999999999998,-0.3186431413043477,-0.4334721086956522,-0.088,0.899,True
409,left_shoulder,400.504,26.984,-0.3805903826086956,-0.5292058608695652,1.017,0.8215,True
409,left_toe_tip,428.128,214.61,-0.4622033739130435,-0.317171445652174,-0.006,0.8817,True
409,right_shoulder,,,,,,0.015,True
409,right_toe_tip,475.066,135.58599999999998,-0.3207249195652174,-0.4363876586956522,-0.1,0.8849,True
410,left_shoulder,398.662,32.0,-0.3849865747826087,-0.523231304347826,1.0024000000000002,0.8769,True
410,left_toe_tip,423.19000000000005,218.84,-0.4724101369565216,-0.3075753652173913,-0.0185999999999999,0.9235,True
410,right_shoulder,,,,,,0.0161,True
410,right_toe_tip,474.904,135.498,-0.3212193913043478,-0.4368028043478261,-0.101,0.8981,True
411,left_shoulder,396.464,36.85,-0.3894458295652174,-0.516759,0.9888,0.8455,True
411,left_toe_tip,421.12,219.992,-0.4772059826086956,-0.305247876521739,-0.0272999999999999,0.954,True
411,right_shoulder,,,,,,0.0152,True
411,right_toe_tip,474.872,135.382,-0.3213534469565218,-0.43712616,-0.1014,0.8942,True
412,left_shoulder,394.576,42.808,-0.3940122260869566,-0.5092310695652175,0.997,0.8912,True
412,left_toe_tip,420.436,221.328,-0.4786972513043478,-0.3023351060869566,-0.0227999999999999,0.9544,True
412,right_shoulder,,,,,,0.0257,False
412,right_toe_tip,474.654,135.292,-0.3231435956521739,-0.4391575913043478,-0.1105,0.8896,True
413,left_shoulder,392.854,48.99,-0.3973140586956522,-0.4999823804347826,1.009,0.8279,True
413,left_toe_tip,420.694,222.748,-0.4775626526086957,-0.2988811486956522,-0.0204,0.9425,True
413,right_shoulder,,,,,,0.0231,False
413,right_toe_tip,474.264,135.25,-0.3244102052173914,-0.4399236956521739,-0.1132999999999999,0.891,True
414,left_shoulder,391.44,55.662,-0.4028293043478261,-0.4932260413043479,1.011,0.8367,True
414,left_toe_tip,421.07,223.77400000000003,-0.4768866521739131,-0.2967357652173912,-0.018,0.9126,True
414,right_shoulder,,,,,,0.0288,False
414,right_toe_tip,473.726,135.23000000000002,-0.3241620069565217,-0.4382037739130434,-0.1060999999999999,0.8827,True
415,left_shoulder,390.124,62.462,-0.4068089921739131,-0.4844048004347827,1.0142,0.7798,True
415,left_toe_tip,421.4440000000001,224.984,-0.4764995921739128,-0.2943642313043477,-0.0197999999999999,0.9295,True
415,right_shoulder,,,,,,0.0201,False
415,right_toe_tip,473.45,135.156,-0.3247000869565217,-0.4383480417391304,-0.1060999999999999,0.8939,True
416,left_shoulder,389.044,69.38199999999999,-0.4114587286956522,-0.4764871643478262,1.0376,0.8392,True
416,left_toe_tip,421.75200000000007,226.304,-0.4751164069565216,-0.2910503791304348,-0.0122999999999999,0.9536,True
416,right_shoulder,,,,,,0.0298,False
416,right_toe_tip,473.224,135.132,-0.3251406886956521,-0.4383948313043477,-0.1060999999999999,0.8964,True
417,left_shoulder,387.602,75.312,-0.4155787939130435,-0.4687449808695652,1.0337,0.8293,True
417,left_toe_tip,421.99,227.404,-0.4741717500000001,-0.2883963,-0.003,0.9485,True
417,right_shoulder,,,,,,0.0548,False
417,right_toe_tip,473.064,135.118,-0.3245816486956522,-0.4372488278260869,-0.1037999999999999,0.9075,True
418,left_shoulder,386.154,81.468,-0.4198943943478261,-0.4607282582608695,1.0167,0.8098,True
418,left_toe_tip,422.186,228.04,-0.474597765652174,-0.2875293652173912,-0.0065999999999999,0.945,True
418,right_shoulder,,,,,,0.2537,False
418,right_toe_tip,472.778,135.15,-0.3240108013043479,-0.4356713152173913,-0.0975999999999999,0.8913,True
419,left_shoulder,384.318,86.85799999999999,-0.4251546995652174,-0.4541876430434782,1.0012,0.7032,True
419,left_toe_tip,422.342,228.408,-0.474683707826087,-0.286984987826087,-0.0084,0.9484,True
419,right_shoulder,,,,,,0.0981,False
419,right_toe_tip,472.566,135.074,-0.3241667834782609,-0.4354762947826087,-0.0962,0.8924,True
420,left_shoulder,382.258,91.918,-0.4300369239130435,-0.4472889891304347,1.001,0.8314,True
420,left_toe_tip,422.474,228.55,-0.4746795626086956,-0.2868467608695652,-0.0095999999999999,0.9186,True
420,right_shoulder,,,,,,0.027,False
420,right_toe_tip,472.13,134.99,-0.3235511782608696,-0.4336823173913043,-0.0882,0.8876,True
421,left_shoulder,380.164,97.094,-0.4351688139130434,-0.4403103965217391,1.0352,0.8057,True
421,left_toe_tip,422.582,228.584,-0.4755782426086957,-0.2874582156521739,-0.0144,0.9214,True
421,right_shoulder,,,,,,0.1789,False
421,right_toe_tip,471.57,134.868,-0.3224702195652174,-0.4310298965217391,-0.0794000000000001,0.8916,True
422,left_shoulder,378.038,102.308,-0.4416337630434782,-0.4344351,1.063,0.7397,True
422,left_toe_tip,422.668,228.528,-0.4756736034782608,-0.2877521947826087,-0.0155999999999999,0.917,True
422,right_shoulder,,,,,,0.0774,True
422,right_toe_tip,470.976,134.828,-0.3223949078260869,-0.4294911147826086,-0.0727999999999999,0.9095,True
423,left_shoulder,376.078,107.302,-0.4461429286956522,-0.4271694886956522,1.0928,0.9035,True
423,left_toe_tip,422.686,228.526,-0.4753507539130434,-0.287585084347826,-0.0144,0.9052,True
423,right_shoulder,,,,,,0.2352,True
423,right_toe_tip,470.598,134.76,-0.3214587082608696,-0.4274173826086956,-0.0637999999999999,0.9133,True
424,left_shoulder,374.446,112.206,-0.4515572582608695,-0.4213575365217391,1.0916,0.8482,True
424,left_toe_tip,422.762,228.554,-0.475184512173913,-0.2875238373913043,-0.0144,0.9006,True
424,right_shoulder,262.06,6.5,-0.6876864782608696,-0.6432163043478261,2.608,0.1515,False
424,right_toe_tip,470.438,134.844,-0.3190345891304348,-0.4236359086956522,-0.049,0.9201,True
425,left_shoulder,372.948,116.702,-0.4552656052173913,-0.4147701991304348,1.1016,0.8697,True
425,left_toe_tip,422.822,228.636,-0.4749116308695653,-0.2872587991304347,-0.0137999999999999,0.8903,True
425,right_shoulder,260.58500000000004,9.49,-0.7087224755434782,-0.6547298206521738,2.5365,0.2772,False
425,right_toe_tip,470.484,135.01399999999998,-0.3168475147826086,-0.42052818,-0.0375999999999999,0.9205,True
426,left_shoulder,371.586,120.832,-0.460096606521739,-0.4099651478260869,1.12,0.8954,True
426,left_toe_tip,422.802,228.64,-0.4743887621739132,-0.2869073739130435,-0.0114,0.8847,True
426,right_shoulder,258.69,12.49,-0.7181338333333334,-0.6544771666666667,2.507333333333333,0.6821,True
426,right_toe_tip,470.535,135.26000000000002,-0.3148364978260869,-0.4175278347826087,-0.0272,0.9234,True
427,left_shoulder,370.264,124.398,-0.4643563878260869,-0.4055939647826087,1.1522,0.9018,True
427,left_toe_tip,422.77,228.7,-0.4741753108695652,-0.2866050652173913,-0.0102,0.8647,True
427,right_shoulder,257.3525,15.3575,-0.7296297574728261,-0.6571620713315217,2.43175,0.6956,True
427,right_toe_tip,470.6929999999999,135.54,-0.3127394736956523,-0.4146166565217392,-0.0174,0.9149,True
428,left_shoulder,369.304,127.682,-0.4732472243478261,-0.4061524686956522,1.1505999999999998,0.7641,True
428,left_toe_tip,422.704,228.782,-0.474461092173913,-0.2865116504347825,-0.0092999999999999,0.8489,True
428,right_shoulder,255.652,18.148,-0.7391179147826088,-0.6573962591304348,2.3393,0.9442,True
428,right_toe_tip,470.815,135.856,-0.3117785315217393,-0.4130584104347826,-0.0094,0.9,False
429,left_shoulder,368.396,130.588,-0.4772554634782607,-0.4031167817391304,1.1654,0.7833,True
429,left_toe_tip,422.67,228.826,-0.4738266456521739,-0.2859878360869564,-0.0062999999999999,0.8386,True
429,right_shoulder,252.31200000000004,23.7,-0.7618912,-0.6609026086956522,2.25,0.9323,True
429,right_toe_tip,470.449,136.126,-0.3124530058695652,-0.4125608473913043,-0.0094,0.8941,True
430,left_shoulder,367.69000000000005,133.366,-0.4826990739130434,-0.4017333991304348,1.1572,0.817,True
430,left_toe_tip,422.646,228.864,-0.4738789708695651,-0.285904987826087,-0.0062999999999999,0.8316,True
430,right_shoulder,248.962,29.110000000000003,-0.7803758347826087,-0.660341347826087,2.222,0.9124,True
430,right_toe_tip,469.707,136.38000000000002,-0.3144127063043478,-0.4128705782608695,-0.0155999999999999,0.9056,True
431,left_shoulder,366.948,135.676,-0.4837175539130435,-0.3973948426086956,1.1672,0.8863,True
431,left_toe_tip,422.704,228.874,-0.4733273739130434,-0.2856266347826087,-0.0045,0.8542,True
431,right_shoulder,246.048,34.272000000000006,-0.8002364104347827,-0.6616527026086957,2.2462,0.9059,True
431,right_toe_tip,468.824,136.56,-0.3165267513043479,-0.413169704347826,-0.0182,0.8886,True
432,left_shoulder,366.676,138.2,-0.4847935904347825,-0.3934056956521739,1.1652,0.9596,True
432,left_toe_tip,422.754,228.84,-0.4730767786956522,-0.2856151565217391,-0.0039,0.8512,True
432,right_shoulder,242.868,39.39,-0.817832920869565,-0.660247506521739,2.3464,0.8977,True
432,right_toe_tip,467.344,136.5,-0.3192634643478262,-0.4132806521739131,-0.0192,0.8369,True
433,left_shoulder,366.222,140.46,-0.4836943056521739,-0.3878699086956522,1.1686,0.9584,True
433,left_toe_tip,422.784,228.856,-0.4723031373913043,-0.2851526713043478,-0.0009,0.8432,True
433,right_shoulder,239.892,44.384,-0.83918304,-0.6619702539130434,2.3944,0.9178,True
433,right_toe_tip,465.572,136.28000000000003,-0.3223884469565217,-0.4134929217391304,-0.0204,0.7119,True
434,left_shoulder,366.084,142.85399999999998,-0.4872131982608695,-0.3862366460869565,1.1576,0.9874,True
434,left_toe_tip,422.7600000000001,228.856,-0.4730637130434782,-0.2855803147826087,-0.0039,0.832,True
434,right_shoulder,237.056,49.352,-0.8570443686956521,-0.6607347895652175,2.3742,0.9568,True
434,right_toe_tip,463.02199999999993,135.764,-0.3266013569565218,-0.4138129139130435,-0.0177999999999999,0.4127,True
435,left_shoulder,366.04,144.96800000000002,-0.4875296869565217,-0.3826634678260869,1.1598,0.9467,True
435,left_toe_tip,422.736,228.802,-0.4729742817391305,-0.2856123417391304,-0.0032999999999999,0.8272,True
435,right_shoulder,234.57800000000003,54.072,-0.8712166239130434,-0.6574126695652174,2.361,0.9567,True
435,right_toe_tip,460.4123333333334,136.07966666666667,-0.3314303401932367,-0.4132465977777778,-0.0178666666666667,0.4631,True
436,left_shoulder,366.14,146.962,-0.492531256521739,-0.3831442117391304,1.1454000000000002,0.9463,True
436,left_toe_tip,422.674,228.768,-0.4735344560869565,-0.2859431165217392,-0.0050999999999999,0.8282,True
436,right_shoulder,232.152,58.722,-0.8892859652173912,-0.6569170304347826,2.3185,0.9313,True
436,right_toe_tip,457.641,137.267,-0.3378398691304348,-0.4126370926086957,-0.0244,0.4071,True
437,left_shoulder,365.978,148.25,-0.4967542300000001,-0.3838659239130434,1.1412,0.957,True
437,left_toe_tip,422.706,228.788,-0.4740315847826087,-0.2862418304347826,-0.0075,0.8204,True
437,right_shoulder,229.854,63.2,-0.912396525652174,-0.6602509565217392,2.3204,0.8892,True
437,right_toe_tip,455.164,139.49200000000002,-0.3454424113043478,-0.4121102773913043,-0.0374,0.2771,True
438,left_shoulder,365.738,149.17199999999997,-0.4969508195652175,-0.3820111695652174,1.142,0.9528,True
438,left_toe_tip,422.794,228.708,-0.4745478913043476,-0.2868444782608695,-0.012,0.8284,True
438,right_shoulder,227.946,67.46200000000002,-0.926136153478261,-0.6575109526086957,2.3282,0.9598,True
438,right_toe_tip,452.6433333333333,142.63666666666666,-0.3544842439613527,-0.4112577270531402,-0.0566666666666667,0.3291,False
439,left_shoulder,365.09,149.634,-0.4972285217391304,-0.3804880695652173,1.145,0.9647,True
439,left_toe_tip,422.95200000000006,228.626,-0.4733533773913042,-0.2865095582608696,-0.0084,0.8502,True
439,right_shoulder,226.12,71.5,-0.941577,-0.6563375,2.303,0.8979,True
439,right_toe_tip,450.805,146.89499999999998,-0.3635834347826087,-0.4095322173913044,-0.083,0.2317,False
440,left_shoulder,364.36533333333335,149.894,-0.500736311111111,-0.3816925666666666,1.1406666666666667,0.9309,True
440,left_toe_tip,423.168,228.546,-0.4725994852173912,-0.2865125660869565,-0.0072,0.8574,True
440,right_shoulder,224.086,75.208,-0.9575967769565218,-0.6557026243478261,2.2853000000000003,0.9171,True
440,right_toe_tip,448.9666666666667,151.15333333333334,-0.3727918599033816,-0.4075536763285024,-0.1113333333333334,0.0548,True
441,left_shoulder,363.616,149.974,-0.5006155408695653,-0.3804210069565217,1.1456,0.9416,True
441,left_toe_tip,423.3280000000001,228.444,-0.4728159860869563,-0.2870780713043478,-0.0095999999999999,0.8594,True
441,right_shoulder,222.22200000000004,78.676,-0.9705164582608694,-0.6535278834782609,2.2588000000000004,0.9293,True
441,right_toe_tip,444.82,156.458,-0.3868382739130435,-0.4034113943478261,-0.1344000000000001,0.015,True
442,left_shoulder,362.854,150.01399999999998,-0.4998267860869566,-0.3787051860869566,1.1618,0.9414,False
442,left_toe_tip,423.634,228.342,-0.4722893491304347,-0.2873865169565217,-0.0057,0.8565,True
442,right_shoulder,220.376,81.812,-0.9728891217391304,-0.6449728304347826,2.278,0.9618,True
442,right_toe_tip,439.797,161.88299999999998,-0.4011458806521739,-0.3969661715217392,-0.0964000000000001,0.4447,True
443,left_shoulder,361.888,149.838,-0.5076148591304347,-0.3835913373913043,1.1418,0.944,False
443,left_toe_tip,423.916,228.298,-0.4719556408695653,-0.2876543465217391,-0.0069,0.838,True
443,right_shoulder,218.25,84.58400000000002,-0.9701166847826086,-0.6335166730434781,2.3088,0.9932,True
443,right_toe_tip,434.56221212121216,169.1250606060606,-0.4211650586379606,-0.3913099720962591,-0.054078787878788,0.6748,True
444,left_shoulder,360.968,149.722,-0.5148746991304348,-0.3880086226086956,1.1324,0.9526,True
444,left_toe_tip,424.234,228.324,-0.4725744456521738,-0.2883990652173913,-0.0125,0.8682,True
444,right_shoulder,216.44,86.99000000000001,-0.9604683391304348,-0.61907985,2.3538,0.9813,True
444,right_toe_tip,429.1156363636363,178.18418181818183,-0.4473124083938197,-0.3856543468307581,-0.0529363636363636,0.4357,True
445,left_shoulder,360.06466666666665,149.636,-0.5241687690821256,-0.393898968115942,1.1073333333333335,0.953,True
445,left_toe_tip,424.424,228.394,-0.4724394904347826,-0.28841741,-0.0137,0.9064,True
445,right_shoulder,214.908,89.326,-0.9522984913043476,-0.606368602173913,2.379,0.9788,True
445,right_toe_tip,423.4572727272727,189.06036363636363,-0.4800358549586777,-0.3789420938842975,-0.1169727272727273,0.2379,True
446,left_shoulder,359.164,149.446,-0.5351146826086957,-0.4011969152173913,1.08,0.9274,True
446,left_toe_tip,424.54,228.566,-0.4726536652173914,-0.2883261943478262,-0.0157,0.9045,True
446,right_shoulder,213.242,91.612,-0.9334867382608696,-0.5870695773913044,2.4351,0.9556,True
446,right_toe_tip,419.8954545454546,200.7072727272727,-0.514244256198347,-0.3721657355371901,-0.2074545454545455,0.1295,True
447,left_shoulder,358.22200000000004,149.25,-0.5469556004347825,-0.4090840760869565,1.0532,0.935,True
447,left_toe_tip,424.52,228.708,-0.4695121826086956,-0.2860738513043478,-0.0020999999999999,0.9084,True
447,right_shoulder,211.908,94.014,-0.9181642765217392,-0.5704821469565218,2.4818,0.9133,True
447,right_toe_tip,416.9981818181818,214.0509090909091,-0.5551246841537908,-0.3633151678045274,-0.368181818181818,0.0114,True
448,left_shoulder,357.3,149.06199999999998,-0.5583939565217392,-0.4166484060869566,1.0218,0.9134,True
448,left_toe_tip,424.5220000000001,228.776,-0.4640740317391303,-0.2826165582608696,0.0225999999999999,0.8552,True
448,right_shoulder,210.836,96.572,-0.903296923478261,-0.5544586730434783,2.5336,0.8773,True
448,right_toe_tip,415.5495454545454,220.72272727272727,-0.5758972828781892,-0.3573590576715774,-0.4435454545454545,0.2322,True
449,left_shoulder,356.474,148.826,-0.5690859908695652,-0.4238629439130434,0.9954,0.9371,True
449,left_toe_tip,424.386,228.836,-0.4607577434782609,-0.2802917652173913,0.038,0.8649,True
449,right_shoulder,209.42400000000004,99.54,-0.8953172695652173,-0.5415869347826088,2.588,0.9397,True
449,right_toe_tip,414.10090909090906,227.39454545454544,-0.5968914714337046,-0.3503823966942149,-0.5199090909090905,0.48,False
450,left_shoulder,355.61,148.618,-0.5782390586956523,-0.4297947491304347,0.9714,0.9415,True
450,left_toe_tip,424.256,228.878,-0.4606134400000001,-0.27994547,0.0397999999999999,0.9075,True
450,right_shoulder,207.826,102.96599999999998,-0.8888691769565218,-0.5286518856521739,2.7028000000000003,0.8623,True
450,right_toe_tip,412.6522727272727,234.06636363636363,-0.6181072498203377,-0.3423851848724398,-0.6042727272727271,0.7875,False
451,left_shoulder,354.158,148.678,-0.5916929400000001,-0.43743654,0.9436,0.9339,True
451,left_toe_tip,424.14400000000006,228.834,-0.4576147199999999,-0.27807192,0.0535999999999999,0.9374,False
451,right_shoulder,206.298,107.106,-0.8818293056521739,-0.5141994743478261,2.7244,0.8335,True
451,right_toe_tip,411.2036363636364,240.73818181818183,-0.6395446180380884,-0.3333674222062522,-0.6686363636363635,0.8217,False
452,left_shoulder,352.54200000000003,148.898,-0.6074737430434782,-0.4461135960869565,0.9098,0.9189,True
452,left_toe_tip,424.0940000000001,228.778,-0.4586594417391303,-0.2787611704347826,0.0495999999999999,0.9407,True
452,right_shoulder,204.5415882352941,112.20282352941176,-0.8727432987091923,-0.4966337068271401,2.799641176470588,0.8089,True
452,right_toe_tip,,,,,,0.8725,False
453,left_shoulder,350.668,149.138,-0.6237620530434782,-0.4545909682608695,0.9116,0.9008,True
453,left_toe_tip,424.09,228.824,-0.4606392913043477,-0.2798611443478261,0.0412,0.9615,True
453,right_shoulder,202.77876470588237,118.3964705882353,-0.8710095570528057,-0.481310069474951,2.8687235294117643,0.7985,True
453,right_toe_tip,393.82,320.8,-0.9140770434782608,-0.145551304347826,-0.363,0.8772,False
454,left_shoulder,348.232,149.57,-0.6445535686956522,-0.4648673173913043,0.9081,0.9074,True
454,left_toe_tip,424.276,228.898,-0.462399704347826,-0.2810142869565217,0.032,0.9416,True
454,right_shoulder,201.18752941176476,125.42494117647058,-0.8655828495922973,-0.4627128020941778,2.8122470588235293,0.4665,False
454,right_toe_tip,394.0191891891892,320.8166216216216,-0.9085717478046496,-0.1447304383654366,-0.3451756756756758,0.89,False
455,left_shoulder,345.66200000000003,150.21599999999998,-0.6703228017391303,-0.4777602573913043,0.8953000000000002,0.9463,True
455,left_toe_tip,424.642,229.04,-0.4607724860869566,-0.2801974608695652,0.0355999999999999,0.9282,True
455,right_shoulder,199.62588235294115,133.20823529411763,-0.8551817583872423,-0.4404168463968708,2.7684117647058826,0.5741,False
455,right_toe_tip,394.2183783783783,320.83324324324326,-0.9030741704195384,-0.1439102164464699,-0.3273513513513512,0.913,True
456,left_shoulder,343.44,151.18599999999998,-0.7087784000000001,-0.4990654600000001,0.8261999999999998,0.8562,True
456,left_toe_tip,425.112,229.266,-0.4616821965217392,-0.2808791569565217,0.0274,0.9517,True
456,right_shoulder,197.98382352941172,141.30235294117648,-0.8517855206296073,-0.4214404338047239,2.774117647058824,0.1459,False
456,right_toe_tip,394.4175675675676,320.8498648648649,-0.8975843113229268,-0.1430906385909262,-0.3095270270270271,0.9067,False
457,left_shoulder,341.42,152.416,-0.7609246391304348,-0.5290233113043478,0.8064000000000001,0.9001,True
457,left_toe_tip,425.46400000000006,229.484,-0.4619053356521738,-0.2810066226086956,0.0232,0.934,True
457,right_shoulder,197.16279411764705,145.34941176470588,-0.8500690545781934,-0.4120426653001355,2.7809705882352938,0.0403,True
457,right_toe_tip,394.61675675675673,320.8664864864865,-0.8921021705148157,-0.1422717047988057,-0.2917027027027025,0.8378,False
458,left_shoulder,338.97799999999995,154.034,-0.8263053900000003,-0.56537667,0.7305999999999999,0.9521,True
458,left_toe_tip,425.7900000000001,229.81,-0.4624141956521737,-0.2810405869565217,0.018,0.9208,True
458,right_shoulder,196.34176470588235,149.39647058823527,-0.8483403570783813,-0.4027051886565368,2.7418235294117648,0.0387,False
458,right_toe_tip,395.0151351351352,320.89972972972976,-0.8811610437640931,-0.1406357694048336,-0.8530540540540542,0.8807,False
459,left_shoulder,336.659,156.007,-0.8514649982608696,-0.5725994817391304,0.8825999999999999,0.9539,True
459,left_toe_tip,426.104,230.166,-0.4604808886956522,-0.279510022173913,0.0234,0.9284,True
459,right_shoulder,195.52073529411769,153.4435294117647,-0.8465994281301715,-0.3934280038739282,2.717676470588235,0.0312,True
459,right_toe_tip,395.2143243243243,320.9163513513513,-0.8757020578214818,-0.1398187678029821,-0.8352297297297295,0.8818,False
460,left_shoulder,334.071,158.283,-0.8367158149999999,-0.551695995,1.2408,0.9871,True
460,left_toe_tip,426.47,230.464,-0.4605285065217391,-0.2793753599999999,0.0212999999999999,0.94,True
460,right_shoulder,194.69970588235293,157.49058823529413,-0.844846267733564,-0.3842111109523092,2.6800294117647057,0.0271,True
460,right_toe_tip,395.4135135135136,320.93297297297295,-0.8702507901673704,-0.1390024102645537,-0.8174054054054054,0.8703,False
461,left_shoulder,331.134,160.871,-0.8024472969565216,-0.5173457997826086,1.4888,0.9257,False
461,left_toe_tip,426.74799999999993,230.756,-0.4609488339130436,-0.2793637156521739,0.0169,0.9064,True
461,right_shoulder,,,,,,0.0138,False
461,right_toe_tip,395.6127027027027,320.94959459459454,-0.8648072408017594,-0.1381866967895482,-0.7995810810810808,0.8918,False
462,left_shoulder,327.614,163.84499999999997,-0.75026968,-0.4711131391304348,1.6749,0.9033,True
462,left_toe_tip,427.259,231.093,-0.4610467454347826,-0.2793638876086955,0.0117,0.8863,True
462,right_shoulder,,,,,,0.0135,True
462,right_toe_tip,395.8118918918919,320.9662162162162,-0.8593714097246482,-0.1373716273779655,-0.7817567567567567,0.8966,False
463,left_shoulder,324.225,167.5435,-0.6705413478260869,-0.4086771939130434,1.9654,0.898,False
463,left_toe_tip,427.9690000000001,231.305,-0.461443987173913,-0.2800794880434782,0.0047999999999999,0.8742,True
463,right_shoulder,,,,,,0.0126,True
463,right_toe_tip,,,,,,0.9115,False
464,left_shoulder,320.716,171.8455,-0.6188556834782609,-0.3646925047826087,2.2498,0.9022,True
464,left_toe_tip,428.727,231.291,-0.4624582254347825,-0.2817328089130435,-0.0067999999999999,0.8755,False
464,right_shoulder,,,,,,0.02,True
464,right_toe_tip,,,,,,0.9203,False
465,left_shoulder,317.087,176.75100000000003,-0.5961254773913044,-0.3382935886956521,2.5416,0.9577,False
465,left_toe_tip,429.357,231.163,-0.464834150652174,-0.2843096493478261,-0.0232,0.8485,True
465,right_shoulder,,,,,,0.0129,True
465,right_toe_tip,,,,,,0.9281,False
466,left_shoulder,313.5,182.03500000000005,-0.5660516304347827,-0.3085371467391303,2.694,0.9401,False
466,left_toe_tip,430.335,231.085,-0.4652739826086955,-0.2860792,-0.0345999999999999,0.8532,True
466,right_shoulder,,,,,,0.0148,True
466,right_toe_tip,,,,,,0.9249,False
467,left_shoulder,310.156,187.72125000000003,-0.5363057287499999,-0.2801144800781249,2.8141375,0.982,False
467,left_toe_tip,431.27,230.988,-0.4689164826086957,-0.2898282626086956,-0.0568000000000001,0.8383,True
467,right_shoulder,,,,,,0.0227,True
467,right_toe_tip,,,,,,0.9376,False
468,left_shoulder,307.01300000000003,193.43125000000003,-0.5138088944157608,-0.257020560207201,2.8904125,0.9193,True
468,left_toe_tip,432.538,230.67400000000004,-0.4729231591304347,-0.2948070513043477,-0.0841999999999998,0.8435,True
468,right_shoulder,,,,,,0.0267,True
468,right_toe_tip,,,,,,0.9479,False
469,left_shoulder,304.071,199.165,-0.4988454364945651,-0.2388356044836956,2.971825,0.9313,False
469,left_toe_tip,434.574,230.018,-0.4761417417391305,-0.3012756704347826,-0.1164,0.8474,True
469,right_shoulder,,,,,,0.0114,False
469,right_toe_tip,,,,,,0.9329,False
470,left_shoulder,301.33000000000004,204.9225,-0.4916696942934782,-0.2251362890625,3.075375,0.9513,False
470,left_toe_tip,437.162,229.19,-0.4760078717391304,-0.3069769456521739,-0.124,0.8803,True
470,right_shoulder,,,,,,0.0157,False
470,right_toe_tip,,,,,,0.9479,False
471,left_shoulder,298.79,210.70375,-0.4925060373641304,-0.2154957488960598,3.2350625,0.8815,False
471,left_toe_tip,439.544,228.338,-0.4758651130434783,-0.3125541391304348,-0.13,0.8229,True
471,right_shoulder,,,,,,0.0339,False
471,right_toe_tip,,,,,,0.9452,False
472,left_shoulder,297.52000000000004,213.594375,-0.4929082907608695,-0.2107117098123302,3.38590625,0.9196,False
472,left_toe_tip,441.816,227.51400000000004,-0.4724534226086957,-0.3158351034782607,-0.0961999999999998,0.8341,True
472,right_shoulder,,,,,,0.0235,False
472,right_toe_tip,,,,,,0.9269,False
473,left_shoulder,296.25,216.485,-0.4932999320652174,-0.2059518247282608,3.49275,0.8911,False
473,left_toe_tip,443.676,226.72200000000004,-0.4695557930434781,-0.3187662078260869,-0.0934000000000001,0.8405,True
473,right_shoulder,,,,,,0.0227,True
473,right_toe_tip,,,,,,0.9353,False
474,left_shoulder,294.98,219.375625,-0.4936809612771738,-0.2012160936438519,3.53159375,0.8842,False
474,left_toe_tip,444.488,226.35,-0.467146172173913,-0.3193363369565217,-0.0911999999999998,0.8765,True
474,right_shoulder,,,,,,0.0171,False
474,right_toe_tip,,,,,,0.947,False
475,left_shoulder,293.71000000000004,222.26625,-0.4940513783967391,-0.1965045165591032,3.5444375,0.9337,False
475,left_toe_tip,444.476,226.28000000000003,-0.4645395208695652,-0.3177012782608694,-0.0788000000000001,0.8748,True
475,right_shoulder,,,,,,0.0264,True
475,right_toe_tip,,,,,,0.9533,False
476,left_shoulder,,,,,,0.9587,False
476,left_toe_tip,444.008,226.456,-0.4627541547826086,-0.3153089965217391,-0.0651999999999998,0.8891,True
476,right_shoulder,,,,,,0.0334,True
476,right_toe_tip,,,,,,0.949,False
477,left_shoulder,,,,,,0.9311,False
477,left_toe_tip,443.552,226.446,-0.4605424417391304,-0.3130970295652174,-0.0498000000000001,0.8959,True
477,right_shoulder,,,,,,0.0227,False
477,right_toe_tip,,,,,,0.9396,False
478,left_shoulder,,,,,,0.9503,False
478,left_toe_tip,443.642,226.056,-0.4561481713043478,-0.311157735652174,-0.0301999999999998,0.86,True
478,right_shoulder,,,,,,0.0116,True
478,right_toe_tip,,,,,,0.9484,False
479,left_shoulder,,,,,,0.9219,False
479,left_toe_tip,443.48,226.912,-0.4525086608695652,-0.3064495860869566,-0.0114,0.786,True
479,right_shoulder,,,,,,0.0362,True
479,right_toe_tip,,,,,,0.9539,False
480,left_shoulder,,,,,,0.8921,False
480,left_toe_tip,442.824,228.95,-0.4576197773913044,-0.3041499565217391,-0.0351999999999998,0.6546,True
480,right_shoulder,,,,,,0.1276,True
480,right_toe_tip,,,,,,0.9661,False
481,left_shoulder,,,,,,0.9519,False
481,left_toe_tip,441.50200000000007,232.848,-0.4650462926086955,-0.2978950226086956,-0.0584,0.6016,True
481,right_shoulder,,,,,,0.0286,True
481,right_toe_tip,,,,,,0.9529,False
482,left_shoulder,265.77,285.86,-0.4995156956521739,-0.0989607826086956,2.972,0.9557,False
482,left_toe_tip,439.974,239.206,-0.4744094913043478,-0.2864918565217391,-0.075,0.8395,True
482,right_shoulder,,,,,,0.0259,False
482,right_toe_tip,,,,,,0.9458,False
483,left_shoulder,264.83,287.3,-0.5010762364130434,-0.0970979619565217,2.95925,0.9979,False
483,left_toe_tip,437.9440000000001,249.598,-0.4849783252173911,-0.2649888004347825,-0.1081999999999998,0.8628,True
483,right_shoulder,,,,,,0.0331,False
483,right_toe_tip,,,,,,0.9544,False
484,left_shoulder,263.89,288.74,-0.5026383097826087,-0.0952327934782608,2.9585,0.9557,True
484,left_toe_tip,437.116,261.922,-0.4965365373913044,-0.2400352443478261,-0.1715999999999999,0.8169,True
484,right_shoulder,,,,,,0.0303,True
484,right_toe_tip,,,,,,0.9432,False
485,left_shoulder,263.27875,290.12375,-0.5045812612092392,-0.0935924011548913,2.92775,0.937,False
485,left_toe_tip,437.34,275.434,-0.5079716956521739,-0.2119665173913043,-0.213,0.9732,True
485,right_shoulder,147.08,392.22,-0.7222349565217391,0.0472093043478261,1.744,0.0328,False
485,right_toe_tip,,,,,,0.8904,False
486,left_shoulder,262.799,291.485,-0.5066793432608696,-0.0920335184782608,2.8722,0.9312,True
486,left_toe_tip,438.971,289.785,-0.5160764045652174,-0.1802541163043479,-0.2178000000000002,0.9705,True
486,right_shoulder,147.05,393.805,-0.7206714673913043,0.0494214402173913,1.74,0.0479,True
486,right_toe_tip,,,,,,0.824,False
487,left_shoulder,262.30417647058823,294.5006470588236,-0.5092663085519784,-0.0883160776658642,2.774017647058824,0.9273,False
487,left_toe_tip,441.037,304.871,-0.5227969089130436,-0.1448574397826087,-0.1894000000000001,0.9358,True
487,right_shoulder,147.3077777777778,395.26,-0.720740886674718,0.0515805253623188,1.7461666666666666,0.3053,True
487,right_toe_tip,,,,,,0.2371,False
488,left_shoulder,262.6685294117647,297.7419411764706,-0.5106882291353242,-0.0842613465567172,2.7028529411764706,0.928,True
488,left_toe_tip,442.66100000000006,319.407,-0.524192443695652,-0.1078273623913044,-0.2198000000000002,0.8958,False
488,right_shoulder,147.63750000000002,396.6825,-0.7212174065896739,0.0537328848505434,1.744375,0.3519,True
488,right_toe_tip,,,,,,0.0303,False
489,left_shoulder,263.89205882352945,301.20888235294115,-0.5109320570464119,-0.0798660793534677,2.6982058823529416,0.9449,False
489,left_toe_tip,443.541,334.079,-0.520958017826087,-0.0687357299999999,-0.1965999999999999,0.9111,True
489,right_shoulder,147.996,398.092,-0.7218554339130435,0.0558875886956521,1.7387,0.3292,False
489,right_toe_tip,,,,,,0.0343,True
490,left_shoulder,265.7117647058824,304.9464705882353,-0.5096925086505191,-0.0749699532871972,2.707176470588235,0.9446,False
490,left_toe_tip,444.143,348.949,-0.5085895358695651,-0.0286965641304347,-0.139,0.894,True
490,right_shoulder,148.6266666666667,400.95,-0.7226392608695652,0.0602232065217391,1.739,0.2333,True
490,right_toe_tip,408.56,322.03,-0.5275322608695652,-0.0865468369565218,-0.0445,0.0429,True
491,left_shoulder,268.1276470588235,308.9547058823529,-0.5069732934406499,-0.0695900103054009,2.7177647058823533,0.9277,False
491,left_toe_tip,443.854,363.738,-0.4999164573913044,0.009527024347826,-0.0728000000000001,0.892,True
491,right_shoulder,149.43,403.73,-0.7243905923913043,0.0645730489130435,1.7595,0.2478,True
491,right_toe_tip,408.82,323.815,-0.5231703913043478,-0.0818882282608695,-0.02725,0.2473,True
492,left_shoulder,269.3355882352941,310.95882352941175,-0.5056109054084549,-0.0668954257559801,2.7170588235294115,0.942,False
492,left_toe_tip,442.69,377.764,-0.4961059695652175,0.0446648747826087,-0.0741999999999998,0.9137,True
492,right_shoulder,150.23333333333332,406.51,-0.7261323188405797,0.0689561304347826,1.8175,0.2015,True
492,right_toe_tip,409.1166666666666,325.79,-0.5237538224637682,-0.0776046413043477,-0.03,0.7331,True
493,left_shoulder,270.5435294117647,312.96294117647057,-0.5042466637580864,-0.0641977658342109,2.7103529411764704,0.914,False
493,left_toe_tip,441.006,390.858,-0.4982204126086957,0.0772590404347826,-0.0214,0.8759,True
493,right_shoulder,151.148,409.592,-0.7278581191304346,0.0738381756521738,1.8312,0.1826,False
493,right_toe_tip,409.15,327.35,-0.5251210190217391,-0.0742698777173912,-0.03075,0.7909,True
494,left_shoulder,271.7514705882353,314.9670588235294,-0.5028805684895441,-0.0614970305400933,2.7036470588235297,0.9618,False
494,left_toe_tip,438.856,402.092,-0.5048714400000002,0.1056509199999999,0.0148000000000001,0.9274,True
494,right_shoulder,152.484,412.796,-0.728359502173913,0.0788783717391304,1.838,0.4484,True
494,right_toe_tip,409.202,328.986,-0.52621944,-0.07071192,-0.0335999999999999,0.8609,True
495,left_shoulder,272.95941176470586,316.97117647058826,-0.5015126196028283,-0.0587932198736271,2.6909411764705884,0.9752,False
495,left_toe_tip,436.994,411.848,-0.5138258386956521,0.131231796521739,0.0014,0.8882,True
495,right_shoulder,153.96333333333334,416.006,-0.731538013405797,0.0842951176086956,1.8278,0.3444,True
495,right_toe_tip,409.128,331.862,-0.5283957426086956,-0.0643993182608696,-0.0385999999999999,0.8731,True
496,left_shoulder,,,,,,0.9043,False
496,left_toe_tip,436.082,419.086,-0.51905997,0.1503995595652172,0.0051999999999998,0.9234,True
496,right_shoulder,155.72599999999997,418.958,-0.7342014947826088,0.0893854547826086,1.7907,0.507,True
496,right_toe_tip,408.792,334.06800000000004,-0.5321805008695653,-0.0596886991304346,-0.0475999999999999,0.8745,True
497,left_shoulder,,,,,,0.9005,False
497,left_toe_tip,435.946,424.002,-0.5190512726086955,0.1628016091304346,0.0088000000000001,0.9104,True
497,right_shoulder,157.868,422.112,-0.7295914895652175,0.0939916591304347,1.7928,0.5267,True
497,right_toe_tip,408.3,335.602,-0.5351766304347826,-0.0563540760869565,-0.048,0.8263,True
498,left_shoulder,,,,,,0.8976,False
498,left_toe_tip,436.55,426.972,-0.5196820652173914,0.1710697826086957,0.001,0.9092,True
498,right_shoulder,160.424,425.217,-0.7264012565217391,0.0987824885869565,1.7845,0.3768,True
498,right_toe_tip,407.982,336.70400000000006,-0.5364155282608695,-0.0538593391304346,-0.05,0.8566,True
499,left_shoulder,,,,,,0.9695,False
499,left_toe_tip,437.40199999999993,428.476,-0.5187830091304351,0.1753432182608696,-0.0008000000000001,0.8935,True
499,right_shoulder,163.084,428.453,-0.7257935778260869,0.1041750492391303,1.8159,0.4552,True
499,right_toe_tip,407.548,336.89400000000006,-0.5369135869565218,-0.0533698369565215,-0.045,0.8707,True
500,left_shoulder,,,,,,0.9168,False
500,left_toe_tip,437.612,428.758,-0.5182452721739131,0.176065322173913,-0.0008000000000001,0.91,True
500,right_shoulder,166.37,431.8469999999999,-0.7237787141304348,0.1097931492391303,1.8501,0.1601,True
500,right_toe_tip,407.314,336.688,-0.5357342230434783,-0.0536733460869565,-0.0411999999999998,0.8817,True
501,left_shoulder,,,,,,0.9311,False
501,left_toe_tip,437.492,428.698,-0.518376456521739,0.175851945652174,0.0,0.9294,True
501,right_shoulder,170.076,435.843,-0.7220995204347825,0.1165426620652174,1.8748,0.3839,True
501,right_toe_tip,407.264,336.476,-0.5338255513043477,-0.0539568965217391,-0.0331999999999998,0.8865,True
502,left_shoulder,,,,,,0.9524,False
502,left_toe_tip,437.314,428.794,-0.5188320978260869,0.1760976847826088,0.0,0.9304,True
502,right_shoulder,174.06066666666666,439.949,-0.7264095497826086,0.124642229021739,1.8627,0.419,True
502,right_toe_tip,407.195,336.36100000000005,-0.5319341201086957,-0.0540125455434781,-0.0250999999999999,0.8866,True
503,left_shoulder,,,,,,0.9023,False
503,left_toe_tip,437.322,428.706,-0.5182828943478262,0.1756931908695651,0.0024,0.9347,True
503,right_shoulder,178.178,444.114,-0.7282732147826086,0.1326441208695652,1.8667,0.6302,True
503,right_toe_tip,406.995,336.473,-0.5313780331521739,-0.0536543464130434,-0.0210999999999999,0.8854,True
504,left_shoulder,,,,,,0.9057,False
504,left_toe_tip,437.598,428.724,-0.5183251217391306,0.1759932,-0.001,0.9394,True
504,right_shoulder,182.428,448.338,-0.7277384243478261,0.140495827826087,1.8968,0.1834,True
504,right_toe_tip,407.005,336.427,-0.5293291842391304,-0.0535542688043477,-0.0130999999999999,0.948,False
505,left_shoulder,,,,,,0.8827,False
505,left_toe_tip,438.362,428.964,-0.5178589852173914,0.1771175426086955,-0.0078000000000001,0.9378,True
505,right_shoulder,186.74266666666665,452.96066666666667,-0.724620528115942,0.1486158136231884,1.9497,0.2576,True
505,right_toe_tip,407.045,336.68100000000004,-0.5285799592391305,-0.0529113179347825,-0.0105,0.9065,True
506,left_shoulder,,,,,,0.8053,False
506,left_toe_tip,439.148,429.092,-0.5180671695652176,0.1782123,-0.014,0.8979,True
506,right_shoulder,191.188,457.802,-0.7202456921739131,0.1569509486956522,1.9846,0.4644,True
506,right_toe_tip,406.993,336.877,-0.5283433725000001,-0.0524314024999999,-0.0060999999999999,0.8802,True
507,left_shoulder,,,,,,0.9226,False
507,left_toe_tip,439.632,429.208,-0.5194322608695653,0.1794142173913042,-0.026,0.8889,True
507,right_shoulder,195.8093333333333,462.89400000000006,-0.7154366628985507,0.1657264447826087,2.0167,0.0473,True
507,right_toe_tip,407.002,336.89,-0.5291587186956521,-0.0524848195652174,-0.0094,0.8896,True
508,left_shoulder,,,,,,0.9906,False
508,left_toe_tip,440.038,429.39,-0.5217704099999999,0.1810626456521738,-0.0350999999999999,0.8891,True
508,right_shoulder,199.27085714285715,465.58542857142857,-0.7144465776042591,0.1711598820053238,2.006628571428571,0.1213,True
508,right_toe_tip,407.094,336.584,-0.5284434613043478,-0.0531288678260869,-0.0104,0.9017,True
509,left_shoulder,,,,,,0.8986,False
509,left_toe_tip,440.386,429.5,-0.522511342173913,0.1819238043478261,-0.0426999999999998,0.8683,True
509,right_shoulder,201.57257142857145,465.8762857142857,-0.7172645499911269,0.1732129458118899,1.9838857142857145,0.3372,True
509,right_toe_tip,407.102,336.624,-0.5294379100000001,-0.0531397460869566,-0.0144,0.9064,True
510,left_shoulder,,,,,,0.9219,False
510,left_toe_tip,440.552,429.468,-0.5224236852173912,0.1819608547826087,-0.0443000000000001,0.8773,True
510,right_shoulder,202.5384761904762,463.5159047619048,-0.7242977086601596,0.1713895475332742,1.9747714285714288,0.0552,True
510,right_toe_tip,407.134,336.578,-0.5295170347826087,-0.0532595913043478,-0.015,0.8894,True
511,left_shoulder,,,,,,0.9838,False
511,left_toe_tip,440.584,429.482,-0.5217762991304348,0.1818011634782607,-0.0416999999999998,0.9217,True
511,right_shoulder,202.16857142857145,458.5042857142856,-0.735611188997338,0.1654994365572314,1.9522857142857144,0.1426,True
511,right_toe_tip,407.244,336.622,-0.5299246930434781,-0.0532256073913044,-0.0175999999999999,0.8849,True
512,left_shoulder,,,,,,0.9867,False
512,left_toe_tip,440.756,429.372,-0.522105907826087,0.1817848017391303,-0.0453000000000001,0.9192,True
512,right_shoulder,200.46285714285716,450.8414285714286,-0.7513082094055014,0.155276777284827,1.8979285714285716,0.1684,False
512,right_toe_tip,407.324,336.672,-0.5285791739130435,-0.0529951304347825,-0.013,0.8839,True
513,left_shoulder,,,,,,0.9079,False
513,left_toe_tip,440.87,429.318,-0.5208115282608695,0.1812967082608696,-0.0406999999999998,0.9109,True
513,right_shoulder,199.61,447.0100000000001,-0.7591940652173913,0.1499976739130435,1.875,0.6539,False
513,right_toe_tip,407.466,336.824,-0.528104934347826,-0.0526347113043479,-0.0094,0.8784,True
514,left_shoulder,,,,,,0.9579,False
514,left_toe_tip,441.006,429.226,-0.5214507991304347,0.1814022182608695,-0.0453000000000001,0.91,True
514,right_shoulder,197.47785714285712,437.43142857142857,-0.7790176294365573,0.1363105754214729,1.8069285714285717,0.8136,False
514,right_toe_tip,407.634,337.088,-0.5280264778260868,-0.0520650295652173,-0.0105999999999999,0.8937,True
515,left_shoulder,,,,,,0.9166,False
515,left_toe_tip,441.124,429.11,-0.5217036286956523,0.1812935586956522,-0.0479,0.9097,True
515,right_shoulder,196.5471428571429,431.60607142857145,-0.7863713708961846,0.1269784682786158,1.7585714285714285,0.3607,False
515,right_toe_tip,407.848,337.336,-0.5268841043478261,-0.0514374260869566,-0.008,0.8818,True
516,left_shoulder,,,,,,0.9209,False
516,left_toe_tip,441.278,428.984,-0.5238052717391305,0.1818328260869565,-0.0595,0.9421,True
516,right_shoulder,196.07285714285717,428.7989285714286,-0.7939161313775509,0.1230395124362245,1.7446785714285713,0.4534,True
516,right_toe_tip,408.096,337.372,-0.525161732173913,-0.0512425817391305,-0.0034,0.8797,True
517,left_shoulder,,,,,,0.8708,False
517,left_toe_tip,441.36800000000005,428.976,-0.5235680434782607,0.1818117391304347,-0.0595,0.9368,True
517,right_shoulder,196.56,429.055,-0.7975091666666667,0.124192665307971,1.7354166666666668,0.6346,True
517,right_toe_tip,408.246,337.332,-0.5248220473913044,-0.0513331643478261,-0.0034,0.8832,True
518,left_shoulder,,,,,,0.8573,False
518,left_toe_tip,441.5,428.872,-0.5251619565217392,0.1822113565217391,-0.0685,0.9331,True
518,right_shoulder,197.47600000000003,431.47,-0.7975052086956522,0.1288013695652173,1.7365,0.7592,True
518,right_toe_tip,408.388,337.156,-0.5250039834782608,-0.0517813886956521,-0.0084,0.8831,True
519,left_shoulder,,,,,,0.9467,False
519,left_toe_tip,441.584,428.88200000000006,-0.5262768730434783,0.1827020178260871,-0.0661999999999998,0.9377,True
519,right_shoulder,199.404,436.576,-0.7940306173913043,0.1380032695652174,1.777,0.8972,False
519,right_toe_tip,408.448,336.946,-0.5235592069565216,-0.0521270986956521,-0.0031999999999998,0.8743,True
520,left_shoulder,343.02,433.21,-0.4190000434782609,0.1032897608695651,2.4325,0.998,False
520,left_toe_tip,441.674,428.904,-0.5272022452173912,0.1831648069565217,-0.0715999999999999,0.9471,True
520,right_shoulder,201.0004,441.0056000000001,-0.7959635356173913,0.1468737187478262,1.79292,0.89,False
520,right_toe_tip,408.492,336.91,-0.5241139808695652,-0.0522737521739129,-0.0058000000000001,0.8786,True
521,left_shoulder,344.895,434.1,-0.4182792608695652,0.1050286956521739,2.453,0.9127,False
521,left_toe_tip,441.688,428.982,-0.5277685878260869,0.183582096521739,-0.0744,0.9451,True
521,right_shoulder,202.8612,445.3468,-0.7931408375130437,0.154852491773913,1.80126,0.8201,True
521,right_toe_tip,408.418,337.61800000000005,-0.5252883886956522,-0.0507682147826085,-0.0098000000000001,0.8783,True
522,left_shoulder,345.57,434.96,-0.4213762681159421,0.1072797101449275,2.451333333333333,0.891,True
522,left_toe_tip,441.736,428.964,-0.5246237843478261,0.182484740869565,-0.0604,0.9568,True
522,right_shoulder,204.5824,449.56360000000006,-0.7888694144000001,0.1622671768057972,1.8131866666666665,0.7787,False
522,right_toe_tip,408.38,338.764,-0.5250221173913043,-0.048136472173913,-0.0069,0.9006,True
523,left_shoulder,346.2775,435.7775,-0.4235829639945653,0.1092802153532609,2.44125,0.914,True
523,left_toe_tip,441.806,429.092,-0.5217672478260869,0.1818921999999999,-0.048,0.9361,True
523,right_shoulder,206.164,453.65600000000006,-0.783168292173913,0.1690694400000001,1.8462,0.8581,False
523,right_toe_tip,408.706,340.398,-0.5234283782608695,-0.0443601782608695,-0.002,0.9222,True
524,left_shoulder,346.676,436.53,-0.4281255078260869,0.1117005260869565,2.4572,0.872,True
524,left_toe_tip,441.838,429.176,-0.51918444,0.1812411200000001,-0.0364,0.9382,True
524,right_shoulder,207.606,457.624,-0.7760532313043478,0.1752138573913042,1.8468,0.7817,False
524,right_toe_tip,409.176,342.446,-0.5238701217391305,-0.0398399478260869,-0.0045,0.9224,True
525,left_shoulder,347.736,438.086,-0.4345203252173912,0.1160935117391303,2.4322,0.9006,True
525,left_toe_tip,441.9440000000001,429.262,-0.5189067199999998,0.18146644,-0.0364,0.9428,True
525,right_shoulder,209.0596,461.4744,-0.7801520163130434,0.1837039594434781,1.82348,0.6186,False
525,right_toe_tip,409.75,344.886,-0.5225673913043478,-0.0343022086956522,0.002,0.9446,True
526,left_shoulder,348.298,439.412,-0.4421821839130434,0.1203782339130434,2.4164,0.9091,True
526,left_toe_tip,442.0220000000001,429.324,-0.5190897082608694,0.1817645139130433,-0.0381999999999998,0.9588,True
526,right_shoulder,210.4208,465.4252,-0.7852707775999999,0.1927172656,1.80274,0.8235,True
526,right_toe_tip,410.3200000000001,349.338,-0.5222723478260869,-0.0242444608695651,0.005,0.9206,True
527,left_shoulder,348.938,440.572,-0.4486151260869565,0.1241859739130434,2.393,0.9332,True
527,left_toe_tip,442.09,429.398,-0.5211486586956523,0.1827430378260868,-0.0485999999999999,0.9656,True
527,right_shoulder,211.5526,469.2164,-0.7881662485956523,0.2009130648782608,1.78758,0.7346,True
527,right_toe_tip,410.92800000000005,355.57800000000003,-0.5255210469565216,-0.0101446447826086,-0.0035999999999999,0.902,True
528,left_shoulder,349.104,441.842,-0.4551257634782609,0.1280471465217391,2.3716,0.9768,True
528,left_toe_tip,442.149,429.426,-0.5231868617391305,0.1835864921739131,-0.0588000000000001,0.9733,True
528,right_shoulder,212.455,472.84800000000007,-0.7888669972826087,0.2082168260869566,1.7685,0.7952,True
528,right_toe_tip,411.18,362.352,-0.5297183000000001,0.0054448799999999,-0.0098000000000001,0.8514,True
529,left_shoulder,349.25,443.028,-0.4595114130434782,0.1312203391304347,2.357,1.0,True
529,left_toe_tip,442.289,429.462,-0.5255244341304347,0.1846330160869565,-0.0714,0.9665,True
529,right_shoulder,213.213,476.0100000000001,-0.785798368804348,0.2135971076086957,1.7491,0.756,False
529,right_toe_tip,411.94000000000005,372.028,-0.5334025930434781,0.0281319231304346,-0.0277599999999997,0.6443,True
530,left_shoulder,349.122,444.264,-0.4639504100000001,0.13440108,2.3606,1.0,True
530,left_toe_tip,442.3970000000001,429.5879999999999,-0.5244641363043477,0.1846956286956519,-0.0678000000000001,0.9716,False
530,right_shoulder,213.901,479.008,-0.7799927455434782,0.2178493182608695,1.7409,0.6892,True
530,right_toe_tip,413.1940000000001,384.53,-0.5375992479130433,0.0581435656521739,-0.0296799999999998,0.5461,True
531,left_shoulder,348.428,445.592,-0.4685435269565218,0.1375426226086956,2.3496,1.0,True
531,left_toe_tip,442.613,429.85,-0.5223460763043478,0.1848443586956522,-0.0545999999999999,0.9923,True
531,right_shoulder,214.489,481.812,-0.7681861085869566,0.2199103813043478,1.7601,0.8653,True
531,right_toe_tip,415.162,397.788,-0.5406767366086956,0.0908702822608695,-0.0213599999999996,0.0304,True
532,left_shoulder,347.764,446.9980000000001,-0.4725329060869564,0.1406719834782609,2.2914,1.0,True
532,left_toe_tip,442.715,430.224,-0.5222905934782609,0.1859104069565217,-0.0555999999999999,0.9547,True
532,right_shoulder,214.913,484.686,-0.7646021386956521,0.2242721660869565,1.7662,0.8031,True
532,right_toe_tip,417.81000000000006,412.19,-0.5404047217391303,0.1269351565217389,-0.0135999999999999,0.0268,True
533,left_shoulder,347.014,448.2900000000001,-0.4780767208695652,0.1440662478260871,2.2778,0.96,True
533,left_toe_tip,443.404,430.284,-0.5170047417391305,0.1848316408695652,-0.0174,0.9068,True
533,right_shoulder,215.173,487.63,-0.7692139310869565,0.2310935369565217,1.7502,0.8429,True
533,right_toe_tip,421.0,429.04,-0.5399778260869565,0.1702286260869564,-0.0064,0.0209,True
534,left_shoulder,346.11400000000003,449.658,-0.4843369056521738,0.147760282173913,2.2408,0.9031,True
534,left_toe_tip,443.872,430.328,-0.5127041739130435,0.1838465652173912,-0.003,0.8581,True
534,right_shoulder,215.587,490.766,-0.7717858141304348,0.2377951282608695,1.726,0.8981,False
534,right_toe_tip,425.308,445.594,-0.5296451640000001,0.2111603979999999,0.0853599999999996,0.017,True
535,left_shoulder,345.29200000000003,450.87,-0.4909450878260868,0.1513775673913043,2.2249,0.9099,True
535,left_toe_tip,444.306,430.298,-0.5121652317391304,0.1839820917391303,-0.0058000000000001,0.8581,True
535,right_shoulder,215.769,493.982,-0.7788327815217392,0.2459734760869564,1.688,0.8553,True
535,right_toe_tip,430.1253333333334,460.7633333333333,-0.5241665424927535,0.2516586155072464,0.0402799999999997,0.8836,True
536,left_shoulder,344.904,451.91,-0.498327332173913,0.1552080173913043,2.1664,0.9495,True
536,left_toe_tip,444.838,430.092,-0.5134881926086956,0.1844181469565217,0.0084,0.8865,True
536,right_shoulder,216.049,497.0280000000001,-0.7831112276086957,0.2531145469565219,1.6776,0.8588,True
536,right_toe_tip,435.45200000000006,474.54800000000006,-0.5230737029565218,0.2929241377391306,-0.1136400000000003,0.3062,True
537,left_shoulder,344.25,452.91,-0.5064397282608697,0.1590982760869565,2.1496,0.9393,True
537,left_toe_tip,445.53,429.74799999999993,-0.514542254347826,0.1845441104347824,-0.0166999999999998,0.8796,True
537,right_shoulder,216.342,500.224,-0.7861618886956523,0.2602069704347826,1.6743,0.9118,True
537,right_toe_tip,441.288,486.948,-0.5258092313043479,0.3359154469565217,-0.1804000000000001,0.7894,True
538,left_shoulder,343.54200000000003,453.92,-0.5135812613043477,0.1627061913043477,2.1637,0.952,True
538,left_toe_tip,445.54800000000006,429.788,-0.5199477391304346,0.1866070434782609,-0.031,0.8593,True
538,right_shoulder,217.03000000000003,503.45,-0.7804715999999999,0.2646964347826087,1.6924,0.7681,True
538,right_toe_tip,447.424,497.178,-0.5302538295652175,0.3777166408695652,-0.1861999999999998,0.8007,True
539,left_shoulder,342.852,454.93,-0.5198798052173913,0.1660862260869565,2.1049,0.9177,True
539,left_toe_tip,445.666,429.842,-0.5240681021739131,0.188345654347826,-0.052,0.8793,True
539,right_shoulder,217.698,507.068,-0.782176747826087,0.2723955130434783,1.686,0.7781,True
539,right_toe_tip,452.398,505.024,-0.5417211665217391,0.4187725634782609,0.0389,0.864,True
540,left_shoulder,342.284,456.032,-0.5268925991304348,0.1699557634782608,2.1078,0.894,True
540,left_toe_tip,445.726,429.936,-0.526820407826087,0.189648187826087,-0.0658000000000001,0.8919,True
540,right_shoulder,219.0604,511.6488,-0.7705317679721739,0.2775937877426085,1.6974360000000002,0.5717,True
540,right_toe_tip,456.6286666666667,511.0466666666666,-0.5426595566666667,0.446999624637681,-0.0340999999999999,0.8268,True
541,left_shoulder,341.53599999999994,457.528,-0.5332773078260871,0.1742570939130434,2.0922,0.8864,True
541,left_toe_tip,445.828,429.908,-0.5263749652173915,0.1895114695652174,-0.065,0.8817,True
541,right_shoulder,220.9212,517.2544,-0.7659084148799998,0.28739814144,1.708608,0.612,True
541,right_toe_tip,460.346,515.616,-0.5398602699999999,0.4676260799999999,-0.0785999999999999,0.9095,True
542,left_shoulder,340.578,459.556,-0.5396756091304349,0.1794388686956522,2.1098000000000003,0.8943,True
542,left_toe_tip,445.778,429.922,-0.5267216195652175,0.1896254239130435,-0.066,0.8631,True
542,right_shoulder,223.5664,523.5608,-0.7559102707199998,0.2968955641599999,1.703016,0.4967,False
542,right_toe_tip,463.212,518.3369999999999,-0.5313824526086958,0.4759231588043475,-0.0903000000000001,0.8635,True
543,left_shoulder,339.848,461.802,-0.5452326330434782,0.1849255460869564,2.0968,0.8968,True
543,left_toe_tip,445.744,429.832,-0.52740504,0.18959388,-0.0688000000000001,0.8746,True
543,right_shoulder,226.614,530.6879999999999,-0.7479770337391306,0.3088413829565215,1.65736,0.5697,False
543,right_toe_tip,465.436,519.9949999999999,-0.5188535413043478,0.4755503559782605,-0.0645,0.8481,True
544,left_shoulder,339.564,464.046,-0.5498631921739131,0.1904267986956521,2.0897,0.7756,True
544,left_toe_tip,445.74,429.75,-0.5269935956521741,0.1892196195652174,-0.0783000000000001,0.8796,True
544,right_shoulder,230.076,538.462,-0.7378453772173912,0.3212238407826087,1.6530400000000005,0.234,False
544,right_toe_tip,467.158,520.6709999999999,-0.5053186167391304,0.469735639891304,-0.0366999999999998,0.8687,False
545,left_shoulder,339.308,466.766,-0.5524234982608697,0.1961477099999999,2.0778000000000003,0.8781,True
545,left_toe_tip,445.912,429.552,-0.5265269895652175,0.18868248,-0.0783000000000001,0.8785,True
545,right_shoulder,231.807,542.3489999999999,-0.7328040463695651,0.327360060195652,1.65338,0.2392,False
545,right_toe_tip,468.776,520.915,-0.4979454478260869,0.4679653070652173,-0.0385,0.8847,True
546,left_shoulder,338.872,469.666,-0.5556466226086957,0.2023576104347826,2.0064,0.92,True
546,left_toe_tip,445.85,429.506,-0.5256822282608695,0.1881950499999999,-0.0735,0.8928,True
546,right_shoulder,233.538,546.236,-0.7277790471304347,0.3334596066086956,1.6537200000000003,0.1678,False
546,right_toe_tip,470.238,520.585,-0.4875306306521739,0.461175683152174,-0.0200999999999999,0.8581,True
547,left_shoulder,338.598,472.852,-0.5579213108695653,0.2088988652173912,1.91,0.8311,True
547,left_toe_tip,445.91,429.4320000000001,-0.5255197717391304,0.1879946869565219,-0.0735,0.917,True
547,right_shoulder,235.2690000000001,550.123,-0.7227703794999998,0.3395224800217391,1.6580600000000003,0.0372,True
547,right_toe_tip,471.704,519.9860000000001,-0.4774484347826087,0.4538733260869568,-0.014,0.8398,True
548,left_shoulder,338.41,476.3179999999999,-0.5595150130434783,0.215795176521739,1.8572,0.7849,True
548,left_toe_tip,445.98,429.358,-0.5259629130434782,0.1880204913043478,-0.0765,0.8992,True
548,right_shoulder,237.0,554.01,-0.7177780434782608,0.3455486804347825,1.6704,0.0648,True
548,right_toe_tip,473.0,519.298,-0.4687254347826087,0.4471079299999999,0.0138000000000001,0.8673,True
549,left_shoulder,338.32000000000005,480.324,-0.5617150434782608,0.224038056521739,1.8415,0.8084,True
549,left_toe_tip,445.948,429.332,-0.5260496608695652,0.1879500086956521,-0.0765,0.8776,True
549,right_shoulder,,,,,,0.1277,False
549,right_toe_tip,474.288,518.874,-0.4624085286956521,0.4433275356521739,0.0038000000000001,0.906,True
550,left_shoulder,338.206,484.884,-0.5626489878260869,0.2328272139130435,1.8638,0.8972,True
550,left_toe_tip,445.634,429.516,-0.5263093252173912,0.1882372382608694,-0.0736999999999998,0.8808,True
550,right_shoulder,,,,,,0.0463,True
550,right_toe_tip,475.358,518.836,-0.4549487960869565,0.4389053034782609,0.0138000000000001,0.9198,True
551,left_shoulder,338.536,490.018,-0.5609196469565217,0.2419182743478261,1.9517,0.8296,True
551,left_toe_tip,445.404,429.74,-0.5267629113043478,0.1887831478260868,-0.0729,0.9087,True
551,right_shoulder,,,,,,0.051,True
551,right_toe_tip,476.012,518.7520000000001,-0.4508244017391304,0.4364299547826089,0.0268000000000001,0.9216,True
552,left_shoulder,338.77,495.53,-0.5587161652173914,0.2513786869565218,2.0241,0.823,True
552,left_toe_tip,445.282,429.91,-0.52514598,0.1885442304347826,-0.0521999999999998,0.8532,True
552,right_shoulder,,,,,,0.1285,True
552,right_toe_tip,476.402,518.8320000000001,-0.448365214347826,0.4353032660869568,0.0130999999999999,0.9201,True
553,left_shoulder,339.28000000000003,501.384,-0.5570511130434782,0.2618984921739131,2.1068,0.9291,True
553,left_toe_tip,445.25200000000007,429.948,-0.5215012747826085,0.1873085791304347,-0.0345999999999999,0.8608,True
553,right_shoulder,,,,,,0.1036,True
553,right_toe_tip,476.708,518.8520000000001,-0.4471715921739131,0.4350127486956524,0.0150999999999999,0.915,True
554,left_shoulder,339.474,507.632,-0.5539478160869565,0.2721242886956521,2.1097,0.8955,True
554,left_toe_tip,445.47800000000007,429.7600000000001,-0.5197120391304346,0.1863805217391305,-0.029,0.8576,True
554,right_shoulder,,,,,,0.0726,False
554,right_toe_tip,476.9,518.9159999999999,-0.4461494130434782,0.4347043539130433,0.0179,0.9104,True
555,left_shoulder,339.548,513.784,-0.5530929426086957,0.2830962852173913,2.0314,0.8914,True
555,left_toe_tip,445.8320000000001,429.378,-0.5136587808695652,0.1835349743478262,-0.0163000000000001,0.8441,True
555,right_shoulder,,,,,,0.0729,True
555,right_toe_tip,477.02,518.866,-0.4456440086956522,0.4343949017391303,0.0189,0.9172,True
556,left_shoulder,339.808,519.656,-0.5526143165217391,0.2939058713043477,2.0104,0.8887,True
556,left_toe_tip,446.216,428.86,-0.5072506834782609,0.1802485347826087,0.0388000000000001,0.8906,True
556,right_shoulder,,,,,,0.0661,True
556,right_toe_tip,477.11800000000005,518.882,-0.4453760426086955,0.4344386513043476,0.0189,0.9228,True
557,left_shoulder,340.252,525.286,-0.5531002226086956,0.3049886017391303,1.9504,0.9341,True
557,left_toe_tip,446.456,428.334,-0.5024149791304346,0.1773861508695652,0.0588000000000001,0.8924,True
557,right_shoulder,,,,,,0.0793,True
557,right_toe_tip,477.218,518.842,-0.445421094347826,0.4346400552173913,0.0170999999999999,0.9229,True
558,left_shoulder,340.396,530.892,-0.5544627939130434,0.3162616513043479,1.9004,0.94,True
558,left_toe_tip,446.69,427.842,-0.4976471782608698,0.1746489052173913,0.0645999999999999,0.8977,True
558,right_shoulder,,,,,,0.016,True
558,right_toe_tip,477.28,518.81,-0.4449330782608695,0.4342417782608694,0.0189,0.9074,True
559,left_shoulder,340.732,536.1,-0.5563131886956522,0.3273545869565217,1.8538,0.8818,True
559,left_toe_tip,446.7600000000001,427.552,-0.4921738782608694,0.1720520069565217,0.0898000000000001,0.9016,True
559,right_shoulder,,,,,,0.0257,True
559,right_toe_tip,477.336,518.742,-0.4450982104347827,0.4343664247826087,0.0170999999999999,0.9037,True
560,left_shoulder,341.052,541.0200000000001,-0.5590977486956521,0.3385467521739132,1.7594,0.9528,True
560,left_toe_tip,447.072,427.072,-0.4893241252173913,0.1701150052173913,0.0995999999999999,0.9095,True
560,right_shoulder,,,,,,0.0139,False
560,right_toe_tip,477.378,518.654,-0.4454782221739131,0.43460849,0.0143000000000001,0.9139,True
561,left_shoulder,340.954,545.972,-0.55999614,0.348252784347826,1.7987,0.9434,True
561,left_toe_tip,447.7,426.674,-0.4884420000000001,0.1693519599999999,0.1101999999999998,0.9157,True
561,right_shoulder,,,,,,0.0148,True
561,right_toe_tip,477.404,518.5980000000001,-0.4466441426086956,0.4356618104347827,0.0073000000000001,0.922,True
562,left_shoulder,341.128,550.6,-0.5618793599999999,0.358328,1.8299,0.8987,True
562,left_toe_tip,448.416,426.14,-0.490205147826087,0.1692321304347825,0.093,0.9318,True
562,right_shoulder,,,,,,0.0242,True
562,right_toe_tip,477.42800000000005,518.446,-0.4483453026086955,0.4369665121739131,-0.0026999999999998,0.9189,True
563,left_shoulder,341.616,554.568,-0.5627133043478262,0.3669298695652173,1.829,0.9195,True
563,left_toe_tip,449.228,425.72,-0.4950948121739131,0.1705576869565216,0.0824,0.9223,True
563,right_shoulder,,,,,,0.0335,True
563,right_toe_tip,477.494,518.3860000000001,-0.4484812326086956,0.4371109282608698,-0.0045,0.9297,True
564,left_shoulder,341.61400000000003,558.37,-0.5646630717391303,0.3753936630434783,1.828,0.8954,True
564,left_toe_tip,449.974,425.408,-0.49877694,0.1716817808695652,0.0551999999999998,0.9031,True
564,right_shoulder,306.24,709.49,-0.5314765217391305,0.5565248369565218,1.861,0.1029,True
564,right_toe_tip,477.594,518.378,-0.4490878956521741,0.4379496000000001,-0.0095,0.9072,True
565,left_shoulder,341.642,562.122,-0.565064107826087,0.3828014921739129,1.8316,0.905,True
565,left_toe_tip,450.516,425.422,-0.5029976356521739,0.1736669656521739,0.0278000000000001,0.9333,True
565,right_shoulder,306.78,711.89,-0.5403959130434783,0.5706737826086956,1.83,0.1315,True
565,right_toe_tip,477.702,518.3340000000001,-0.4494948956521741,0.4385163391304349,-0.0135,0.9094,True
566,left_shoulder,341.7,565.3299999999999,-0.5681966521739131,0.3911090130434781,1.8311,0.9035,True
566,left_toe_tip,450.726,425.968,-0.5042094773913044,0.1757330156521739,0.0351999999999998,0.9275,True
566,right_shoulder,308.03502732240435,712.4038114754098,-0.5416558846554255,0.5750052384172504,1.8248674863387977,0.4287,True
566,right_toe_tip,477.878,518.208,-0.4484787934782609,0.4376514782608695,-0.014,0.916,True
567,left_shoulder,341.016,568.738,-0.571449419130435,0.3989618469565218,1.8256,0.893,True
567,left_toe_tip,450.886,427.512,-0.5060443969565219,0.1806533060869565,0.0261999999999998,0.8917,True
567,right_shoulder,309.46881147540984,712.4460758196722,-0.5409926674936082,0.5768615771372323,1.824201844262295,0.4452,True
567,right_toe_tip,478.224,518.3019999999999,-0.4454466991304348,0.4358811156521736,-0.0046999999999998,0.9052,True
568,left_shoulder,340.096,571.9559999999999,-0.5786191304347825,0.4089368478260868,1.809,0.8833,True
568,left_toe_tip,451.2720000000001,430.046,-0.5038627321739129,0.1870075926086956,0.0368000000000001,0.8963,True
568,right_shoulder,310.9740983606557,712.2997213114753,-0.5395585069447204,0.5777244608426613,1.830322950819672,0.1889,True
568,right_toe_tip,478.83,518.283,-0.4410101717391304,0.4331104610869566,0.0110999999999999,0.8957,True
569,left_shoulder,339.136,575.376,-0.5843956173913044,0.4183444695652173,1.797,0.8491,True
569,left_toe_tip,453.116,434.164,-0.4985333834782608,0.1978405313043479,0.0578000000000001,0.859,True
569,right_shoulder,313.77016393442625,712.572868852459,-0.5389157613515534,0.5824331653446069,1.827204918032787,0.1031,True
569,right_toe_tip,479.744,518.207,-0.4322731408695653,0.4267461860869564,0.0444,0.8562,True
570,left_shoulder,338.008,578.942,-0.5908539130434782,0.4283647826086957,1.7835,0.8639,True
570,left_toe_tip,457.918,440.356,-0.4886922547826088,0.2156685165217389,0.0478000000000001,0.9193,True
570,right_shoulder,316.9952459016393,711.7143032786886,-0.5337276569112732,0.5811668361201626,1.8358073770491805,0.0437,True
570,right_toe_tip,480.0874285714285,517.7207142857142,-0.4253674400000001,0.4195370999999996,0.0788000000000001,0.786,False
571,left_shoulder,336.686,582.708,-0.5969351395652174,0.4382990269565217,1.7534,0.8386,True
571,left_toe_tip,464.064,446.9599999999999,-0.4820263930434784,0.2382514956521736,-0.0345999999999999,0.6856,True
571,right_shoulder,318.6077868852459,711.2850204918033,-0.5311325594990755,0.5805333932620144,1.843608606557377,0.0313,True
571,right_toe_tip,479.77228571428566,516.8421428571428,-0.4201101004347827,0.4112332793478259,0.1138000000000001,0.5788,True
572,left_shoulder,335.928,585.8520000000001,-0.5992201478260869,0.4450757347826088,1.751,0.8719,True
572,left_toe_tip,471.996,454.228,-0.4721277626086957,0.2648011643478259,-0.1014,0.9012,True
572,right_shoulder,320.2203278688525,710.8557377049179,-0.5285367652921725,0.5798997649065818,1.8479098360655737,0.0298,True
572,right_toe_tip,478.6845714285714,515.3992857142857,-0.4177368228571428,0.4024165850931677,0.1535999999999999,0.0742,True
573,left_shoulder,335.00600000000003,589.472,-0.5987164826086957,0.4504635130434782,1.725,0.8476,True
573,left_toe_tip,481.41,463.036,-0.4519814999999999,0.2936525999999998,0.1485,0.8971,True
573,right_shoulder,321.83286885245906,710.4264549180328,-0.5259402742905643,0.5792659510538656,1.8522110655737705,0.0127,True
573,right_toe_tip,476.7242857142857,513.5171428571429,-0.4199025434782609,0.3948060434782608,0.195,0.0172,True
574,left_shoulder,334.494,592.566,-0.5995223178260869,0.4563854960869566,1.7211,0.8974,True
574,left_toe_tip,491.782,471.704,-0.4269645039130435,0.3217803704347826,0.2903000000000001,0.9172,True
574,right_shoulder,323.44540983606555,709.9971721311475,-0.5233430864942512,0.5786319517038648,1.8825122950819675,0.0168,True
574,right_toe_tip,473.8914285714286,511.1957142857143,-0.426646254658385,0.388342905279503,0.218,0.026,True
575,left_shoulder,334.386,595.158,-0.5987376886956522,0.4607051947826087,1.7191,0.9061,True
575,left_toe_tip,501.234,479.824,-0.4016974034782607,0.3468644313043476,0.2613000000000002,0.9084,True
575,right_shoulder,,,,,,0.0158,True
575,right_toe_tip,472.475,510.035,-0.4300111820652173,0.3851170135869566,0.2655,0.031,True
576,left_shoulder,334.764,597.784,-0.5985279826086957,0.4662634086956522,1.713,0.9024,True
576,left_toe_tip,511.406,488.456,-0.3674713326086958,0.3670769826086955,-0.0305,0.8833,True
576,right_shoulder,,,,,,0.0318,True
576,right_toe_tip,468.9339285714286,507.1332142857143,-0.438403293381211,0.3770688434588509,0.29825,0.037,True
577,left_shoulder,335.51,600.094,-0.6000438804347826,0.4731417630434784,1.704,0.8223,True
577,left_toe_tip,521.436,496.704,-0.3290408747826086,0.3793833182608696,-0.0461999999999998,0.9373,True
577,right_shoulder,,,,,,0.0246,True
577,right_toe_tip,466.8235714285714,505.7642857142857,-0.4450351861413044,0.3745904483695652,0.29725,0.1256,True
578,left_shoulder,336.77599999999995,601.9179999999999,-0.5995265826086957,0.4783139586956519,1.712,0.868,True
578,left_toe_tip,531.2059999999999,504.068,-0.2953757100000003,0.3911446200000001,-0.0598000000000001,0.8965,True
578,right_shoulder,,,,,,0.0177,False
578,right_toe_tip,465.58142857142855,504.9482142857143,-0.4494121995341615,0.3734779803959627,0.2885,0.6378,True
579,left_shoulder,338.374,603.816,-0.5974161926086958,0.4829146904347827,1.7278,0.9145,True
579,left_toe_tip,539.4639999999999,511.146,-0.2663111217391306,0.4003726108695652,-0.08,0.9552,True
579,right_shoulder,,,,,,0.0231,False
579,right_toe_tip,465.495,504.9175,-0.4530491222826087,0.3762341834239131,0.2705,0.8151,True
580,left_shoulder,340.326,605.642,-0.595374062173913,0.4880265734782609,1.7362,0.9231,True
580,left_toe_tip,546.566,517.662,-0.2408159791304347,0.4063566678260871,-0.0611999999999998,0.9356,True
580,right_shoulder,,,,,,0.0369,True
580,right_toe_tip,466.728,505.494,-0.4527296017391306,0.3801505186956523,0.2576999999999998,0.8178,True
581,left_shoulder,342.568,607.0040000000001,-0.5886567234782608,0.4888531339130437,1.7532,0.8561,True
581,left_toe_tip,552.364,523.37,-0.2210522843478259,0.4120830673913043,-0.0735999999999999,0.9605,True
581,right_shoulder,,,,,,0.0276,True
581,right_toe_tip,468.984,507.08600000000007,-0.4510732886956521,0.3879553126086958,0.2294000000000001,0.8339,True
582,left_shoulder,345.14,608.1859999999999,-0.5817716000000002,0.489681768695652,1.7778,0.8912,True
582,left_toe_tip,557.128,528.2700000000001,-0.2057387478260868,0.4177485652173915,-0.058,0.9678,True
582,right_shoulder,,,,,,0.0536,True
582,right_toe_tip,470.746,508.422,-0.4500684626086957,0.3946734573913044,0.1935999999999999,0.9089,True
583,left_shoulder,347.994,609.246,-0.5762674930434784,0.4918815626086956,1.7874,0.9438,True
583,left_toe_tip,560.572,531.816,-0.1951511426086956,0.4221444417391305,-0.0479,0.9139,True
583,right_shoulder,,,,,,0.0405,True
583,right_toe_tip,472.724,510.216,-0.4494269747826087,0.4035912052173913,0.1551999999999998,0.9,True
584,left_shoulder,351.206,610.088,-0.5702425873913043,0.4938150660869564,1.8064,0.9257,True
584,left_toe_tip,563.3520000000001,534.384,-0.1881375147826084,0.4280369008695652,-0.0546999999999998,0.9252,True
584,right_shoulder,,,,,,0.0155,True
584,right_toe_tip,474.438,511.934,-0.4469454165217391,0.4101557417391305,0.0974000000000001,0.8746,True
585,left_shoulder,354.96,610.518,-0.5625202434782609,0.4943918269565218,1.8324,0.9428,True
585,left_toe_tip,565.384,536.238,-0.1830849547826086,0.4324344143478262,-0.0954000000000001,0.8998,True
585,right_shoulder,,,,,,0.0135,True
585,right_toe_tip,475.50999999999993,513.58,-0.4442302760869567,0.4147661608695653,0.0864,0.9528,True
586,left_shoulder,359.292,610.9440000000001,-0.5565951452173914,0.4975783095652175,1.8958,0.9403,True
586,left_toe_tip,566.842,537.516,-0.1799368721739131,0.4366121791304347,-0.1388000000000001,0.9111,True
586,right_shoulder,,,,,,0.0136,True
586,right_toe_tip,476.19,514.822,-0.4438894891304349,0.4195339630434783,0.068,0.9423,True
587,left_shoulder,363.99799999999993,611.6899999999999,-0.5489439778260871,0.5005895239130433,1.9702,0.9701,True
587,left_toe_tip,567.614,538.574,-0.1779279352173912,0.4389426560869564,-0.1444,0.926,True
587,right_shoulder,,,,,,0.027,True
587,right_toe_tip,476.804,515.7360000000001,-0.4409130191304348,0.4207580452173916,0.0634000000000001,0.9241,True
588,left_shoulder,369.294,612.432,-0.5370571643478261,0.5008031373913044,1.9653,0.9136,True
588,left_toe_tip,568.0640000000001,539.432,-0.1780728765217389,0.4441722139130435,-0.1989000000000001,0.9203,True
588,right_shoulder,,,,,,0.0244,True
588,right_toe_tip,477.256,516.3,-0.4378521182608695,0.4205149565217389,0.0738000000000001,0.9294,True
589,left_shoulder,374.892,613.1479999999999,-0.5272767591304348,0.5034893591304346,1.9067,0.8791,True
589,left_toe_tip,568.4780000000001,540.058,-0.1772190773913042,0.4461524095652173,-0.2460999999999999,0.9237,True
589,right_shoulder,,,,,,0.0187,True
589,right_toe_tip,477.712,516.748,-0.4399063200000001,0.4248893069565219,0.0551999999999998,0.9293,True
590,left_shoulder,381.41,613.5,-0.514031947826087,0.5039139130434782,1.9502,0.9248,True
590,left_toe_tip,568.884,540.4639999999999,-0.1756874399999999,0.4458245426086955,-0.2393000000000001,0.9272,True
590,right_shoulder,,,,,,0.0156,True
590,right_toe_tip,478.232,516.958,-0.4409936347826088,0.4278811565217391,0.023,0.9356,True
591,left_shoulder,387.91600000000005,614.082,-0.499674328695652,0.503634712173913,1.9499,0.873,True
591,left_toe_tip,569.598,540.572,-0.1747193982608696,0.4481325982608695,-0.2496999999999998,0.9573,True
591,right_shoulder,,,,,,0.0183,True
591,right_toe_tip,478.45,517.076,-0.439591597826087,0.4274174547826087,0.0275999999999999,0.9278,True
592,left_shoulder,394.688,614.29,-0.4877442504347826,0.5055948565217391,1.9013,0.9433,True
592,left_toe_tip,570.632,540.466,-0.1721532800000001,0.4478695339130435,-0.2956999999999998,0.9728,True
592,right_shoulder,,,,,,0.0209,True
592,right_toe_tip,478.636,517.0139999999999,-0.439085475652174,0.4272487473913041,0.0275999999999999,0.9212,True
593,left_shoulder,401.278,614.8860000000001,-0.4759909095652174,0.5082205200000002,1.8646,0.8311,True
593,left_toe_tip,571.874,540.21,-0.1692042499999999,0.447586793478261,-0.328,1.0,True
593,right_shoulder,,,,,,0.0117,True
593,right_toe_tip,478.888,516.962,-0.435457716521739,0.4242409882608695,0.0444,0.9517,True
594,left_shoulder,407.766,615.552,-0.4613378895652174,0.5076596034782609,1.8559,0.8502,True
594,left_toe_tip,573.05,539.8700000000001,-0.1659486739130436,0.4458429869565221,-0.3414000000000001,0.9899,True
594,right_shoulder,,,,,,0.031,True
594,right_toe_tip,479.152,517.0139999999999,-0.4300585982608694,0.4198076491304345,0.0711999999999998,0.9525,True
595,left_shoulder,413.778,616.912,-0.4495424569565218,0.5105288243478262,1.8398,0.8874,True
595,left_toe_tip,574.0640000000001,539.452,-0.1647253286956519,0.4483179095652174,-0.3594000000000001,0.9645,True
595,right_shoulder,,,,,,0.0172,True
595,right_toe_tip,479.388,517.05,-0.4282404739130434,0.4187430978260868,0.073,0.9098,True
596,left_shoulder,419.416,618.2180000000001,-0.4387223947826086,0.5135731482608696,1.8232,0.8778,True
596,left_toe_tip,574.618,539.238,-0.1613798321739129,0.4424061417391306,-0.2908000000000001,0.9588,True
596,right_shoulder,,,,,,0.0167,True
596,right_toe_tip,479.882,517.1479999999999,-0.4306478034782611,0.4226597947826085,0.0515999999999999,0.8791,True
597,left_shoulder,425.148,619.45,-0.4264812199999999,0.5150082500000002,1.8318,0.8648,True
597,left_toe_tip,574.9979999999999,539.172,-0.161261483478261,0.4445023617391305,-0.3024000000000001,0.9515,True
597,right_shoulder,,,,,,0.0281,True
597,right_toe_tip,480.376,517.26,-0.4317482191304347,0.4253541130434782,0.0375999999999999,0.9249,True
598,left_shoulder,430.782,620.7059999999999,-0.4137968182608695,0.5156311278260867,1.8484,0.7753,True
598,left_toe_tip,575.154,539.126,-0.1611000191304348,0.4450112886956521,-0.3055999999999999,0.953,True
598,right_shoulder,,,,,,0.0133,True
598,right_toe_tip,480.677,517.2760000000001,-0.4365623377173913,0.4309533352173915,0.0050999999999999,0.9398,True
599,left_shoulder,436.7,621.8860000000001,-0.4028875652173914,0.5189897339130437,1.8398,0.9127,True
599,left_toe_tip,575.246,539.1099999999999,-0.1613782295652174,0.4463732695652171,-0.3128000000000002,0.9476,True
599,right_shoulder,,,,,,0.0157,True
599,right_toe_tip,480.923,517.216,-0.4396577042391305,0.4345142643478261,-0.0256999999999998,0.9406,True
600,left_shoulder,442.442,622.7700000000001,-0.3917231560869565,0.5210272108695654,1.8188,0.8892,True
600,left_toe_tip,575.404,539.012,-0.1600857391304347,0.4436384347826085,-0.3,0.95,True
600,right_shoulder,,,,,,0.0148,True
600,right_toe_tip,481.035,517.342,-0.4384496603260869,0.433973179347826,-0.0205,0.9604,False
601,left_shoulder,448.50200000000007,623.7360000000001,-0.3797072299999999,0.5229426208695654,1.7988,0.8627,True
601,left_toe_tip,575.522,538.9559999999999,-0.1620640513043477,0.4498020156521737,-0.3324000000000001,0.9451,True
601,right_shoulder,,,,,,0.016,True
601,right_toe_tip,481.163,517.6220000000001,-0.4317086070652174,0.428406316304348,0.0165,0.9304,True
602,left_shoulder,454.296,624.754,-0.36769392,0.52421292,1.0734,0.8839,True
602,left_toe_tip,575.53,538.962,-0.1629128869565218,0.4522291930434783,-0.3448000000000001,0.9091,True
602,right_shoulder,,,,,,0.0117,True
602,right_toe_tip,481.327,517.9780000000001,-0.4271580642391305,0.4252870789130435,0.0403000000000001,0.9288,False
603,left_shoulder,460.296,625.136,-0.3556185895652173,0.5246810886956521,1.0584,0.9356,True
603,left_toe_tip,575.598,539.0199999999999,-0.1626290504347827,0.452064417391304,-0.3431999999999998,0.9105,True
603,right_shoulder,,,,,,0.0194,True
603,right_toe_tip,481.48,518.3199999999999,-0.4220422695652174,0.4215097913043477,0.0625999999999999,0.9397,True
604,left_shoulder,466.014,625.7839999999999,-0.3442275186956521,0.5258478660869563,1.4688,0.9298,True
604,left_toe_tip,575.828,539.048,-0.1625644165217392,0.453575292173913,-0.3505999999999999,0.9282,True
604,right_shoulder,,,,,,0.0115,True
604,right_toe_tip,481.608,518.646,-0.4160888973913044,0.416756144347826,0.0951999999999998,0.9435,True
605,left_shoulder,471.50200000000007,626.562,-0.3331864799999999,0.5270973808695653,0.8777999999999999,0.8953,True
605,left_toe_tip,576.04,539.126,-0.1624723043478262,0.4550189804347826,-0.3435,0.8971,True
605,right_shoulder,,,,,,0.0124,False
605,right_toe_tip,481.74,518.8219999999999,-0.4121296826086958,0.4135932039130432,0.1161999999999998,0.9326,True
606,left_shoulder,476.86800000000005,627.0039999999999,-0.3214409669565216,0.526113968695652,0.8732000000000001,0.9616,True
606,left_toe_tip,576.265,539.163,-0.1613465380434783,0.4535550293478261,-0.3355,0.891,True
606,right_shoulder,,,,,,0.0436,True
606,right_toe_tip,481.94,518.854,-0.410131339130435,0.4121915965217392,0.1248000000000001,0.9393,True
607,left_shoulder,482.23,627.4060000000001,-0.3105325173913043,0.5263247660869567,1.0312,0.955,True
607,left_toe_tip,576.539,539.165,-0.1599769034782609,0.4516515956521738,-0.3256999999999998,0.8879,True
607,right_shoulder,,,,,,0.0132,True
607,right_toe_tip,482.132,518.828,-0.4078828652173914,0.4103632130434781,0.135,0.9665,True
608,left_shoulder,487.078,628.5,-0.3003587543478261,0.5273690217391304,1.011,0.945,True
608,left_toe_tip,576.795,539.119,-0.1579987597826088,0.4477585610869566,-0.3063000000000002,0.8908,False
608,right_shoulder,,,,,,0.0104,True
608,right_toe_tip,482.602,518.9159999999999,-0.4068053960869566,0.4107287660869563,0.1291999999999998,0.9835,True
609,left_shoulder,491.65199999999993,629.53,-0.2901493382608697,0.5271655239130435,0.9886,0.9629,True
609,left_toe_tip,576.897,539.063,-0.1565777482608694,0.4443098004347826,-0.2893000000000001,0.9042,True
609,right_shoulder,,,,,,0.0311,False
609,right_toe_tip,483.244,519.0020000000001,-0.4071225939130434,0.4129558465217393,0.1175999999999999,0.9783,True
610,left_shoulder,495.792,630.1879999999999,-0.2825222817391303,0.5293335339130433,0.9836,0.8591,True
610,left_toe_tip,577.033,538.881,-0.1557611941304347,0.4424971519565217,-0.2823000000000001,0.904,True
610,right_shoulder,,,,,,0.0179,True
610,right_toe_tip,484.29800000000006,519.438,-0.4089885360869563,0.4188020334782608,0.0834,0.9078,True
611,left_shoulder,499.904,630.2460000000001,-0.2758977530434782,0.5322083726086958,0.9827,0.9067,True
611,left_toe_tip,577.216,538.594,-0.1545032347826086,0.4394965391304348,-0.2705,0.908,True
611,right_shoulder,,,,,,0.0109,True
611,right_toe_tip,486.936,521.2059999999999,-0.4026248695652174,0.4240418695652171,0.0475,0.8441,True
612,left_shoulder,503.408,630.2760000000001,-0.2689971582608695,0.5322674530434783,0.9747,0.8849,True
612,left_toe_tip,577.286,538.256,-0.1534584313043479,0.4361846817391303,-0.2576999999999998,0.899,True
612,right_shoulder,,,,,,0.0198,True
612,right_toe_tip,489.816,523.286,-0.3954410017391305,0.4299391373913042,-0.0119,0.7684,True
613,left_shoulder,506.5100000000001,630.1,-0.2632364760869564,0.5326254565217392,0.9418,0.9446,True
613,left_toe_tip,577.3199999999999,537.972,-0.1529119478260871,0.4341743008695651,-0.2509,0.8989,True
613,right_shoulder,,,,,,0.0272,True
613,right_toe_tip,495.238,526.37,-0.3770106,0.4332853478260869,-0.024,0.6769,True
614,left_shoulder,509.162,629.732,-0.2573242143478261,0.5304924791304347,0.9356,0.9376,True
614,left_toe_tip,577.278,537.646,-0.1524962713043477,0.4319114921739129,-0.0563000000000001,0.8909,True
614,right_shoulder,,,,,,0.0177,True
614,right_toe_tip,503.2600000000001,531.0944,-0.3479735739130433,0.4353980535652172,0.0008000000000001,0.8116,True
615,left_shoulder,511.61800000000005,629.764,-0.2522148117391303,0.5299689713043478,0.9316,0.8739,True
615,left_toe_tip,577.086,537.432,-0.1523886495652173,0.4297711617391305,-0.0479,0.9033,True
615,right_shoulder,,,,,,0.0139,True
615,right_toe_tip,513.652,537.1072,-0.3096624678260868,0.4340666462608697,-0.0063000000000001,0.4834,True
616,left_shoulder,513.4860000000001,630.3720000000001,-0.248627513043478,0.5313397565217393,0.931,0.8715,True
616,left_toe_tip,576.826,537.3040000000001,-0.1528124126086956,0.4288829582608697,-0.0449,0.8822,True
616,right_shoulder,,,,,,0.0149,True
616,right_toe_tip,525.178,543.4204,-0.2715041073913044,0.4337094979999999,0.0045999999999999,0.2461,True
617,left_shoulder,514.992,631.6859999999999,-0.2453961391304348,0.5333314304347825,0.933,0.8918,True
617,left_toe_tip,576.7180000000001,537.309,-0.1519524632608693,0.4257535998913042,-0.0285999999999999,0.879,True
617,right_shoulder,,,,,,0.0259,True
617,right_toe_tip,539.25,551.014,-0.2277826086956521,0.4318577391304348,-0.0685,0.2695,True
618,left_shoulder,516.6539999999999,632.54,-0.2428575482608698,0.5366075608695652,0.9276,0.9046,True
618,left_toe_tip,576.6400000000001,537.3990000000001,-0.1506108521739128,0.4216889925000002,-0.0064,0.9078,True
618,right_shoulder,,,,,,0.0222,True
618,right_toe_tip,553.26,559.126,-0.1869624130434782,0.4292031065217391,-0.151,0.1716,True
619,left_shoulder,518.394,633.0120000000001,-0.2406476995652174,0.540267007826087,0.9214,0.8727,True
619,left_toe_tip,576.318,537.6110000000001,-0.1503656615217392,0.4193743209782611,0.0081999999999998,0.9308,False
619,right_shoulder,,,,,,0.0241,True
619,right_toe_tip,567.622,567.0176,-0.1493504295652175,0.4271763172173913,-0.1444,0.0329,True
620,left_shoulder,519.8439999999999,633.3100000000001,-0.2376999130434783,0.5406784782608697,0.933,0.8787,True
620,left_toe_tip,576.136,537.7470000000001,-0.1512119034782609,0.4208546631521741,0.0021999999999998,0.9364,True
620,right_shoulder,,,,,,0.0261,True
620,right_toe_tip,581.5459999999999,574.1068,-0.1164378265217392,0.4264914366086956,-0.0825999999999999,0.6668,True
621,left_shoulder,521.008,633.6800000000001,-0.2353972173913043,0.5414104347826089,0.933,0.8809,True
621,left_toe_tip,575.9399999999999,537.9170000000001,-0.1518848673913045,0.4218373392391308,-0.1878000000000002,0.8916,True
621,right_shoulder,,,,,,0.0293,True
621,right_toe_tip,595.0020000000001,580.8376000000001,-0.0880297830434781,0.4320255570434783,-0.0457999999999999,0.8835,True
622,left_shoulder,522.142,633.388,-0.2340506152173912,0.5429129086956522,0.932,0.8361,True
622,left_toe_tip,575.9080000000001,538.048,-0.1532077460869562,0.4256121321739129,-0.2056999999999998,0.9252,True
622,right_shoulder,,,,,,0.0283,True
622,right_toe_tip,608.316,587.374,-0.0618044634782608,0.4435275873913044,-0.0205999999999999,0.9094,True
623,left_shoulder,522.842,633.532,-0.235131012173913,0.5489668313043479,0.9126,0.8021,True
623,left_toe_tip,575.882,538.058,-0.155235253478261,0.4310939013043478,-0.2339,0.9445,True
623,right_shoulder,,,,,,0.0298,False
623,right_toe_tip,620.7239999999999,593.1600000000001,-0.0381580991304349,0.4615554260869567,0.0057999999999999,0.9406,True
624,left_shoulder,523.1859999999999,634.296,-0.2361166460869566,0.5544356973913044,0.9344,0.792,True
624,left_toe_tip,576.152,537.966,-0.1558029999999999,0.4342757282608696,-0.2515,0.9436,True
624,right_shoulder,,,,,,0.0279,True
624,right_toe_tip,631.604,598.162,-0.0170876852173912,0.4847114443478261,-0.0224,0.9005,True
625,left_shoulder,523.492,635.48,-0.2358780443478261,0.5577272260869566,0.9494,0.8315,True
625,left_toe_tip,576.414,538.016,-0.1553295395652174,0.4348621286956521,-0.2539,0.9278,True
625,right_shoulder,,,,,,0.0238,True
625,right_toe_tip,641.306,603.2239999999999,0.0027323791304348,0.5088669078260868,-0.0137999999999999,0.9778,True
626,left_shoulder,523.9691999999999,637.0348,-0.236036916104348,0.5635610531478262,0.95248,0.8299,True
626,left_toe_tip,576.726,537.978,-0.1547186852173913,0.4351949008695651,-0.2560999999999999,0.9212,True
626,right_shoulder,,,,,,0.0311,False
626,right_toe_tip,648.8779999999999,607.14,0.0189854099999998,0.5285035173913043,-0.0364,0.9378,True
627,left_shoulder,524.5196,639.2764,-0.2366795902434783,0.5723830530260868,0.94744,0.8044,True
627,left_toe_tip,576.778,537.9860000000001,-0.1543303995652173,0.4344793030434785,-0.2523000000000002,0.9268,True
627,right_shoulder,,,,,,0.019,True
627,right_toe_tip,653.768,609.6139999999999,0.0298915252173913,0.5419336995652172,-0.0394,0.875,True
628,left_shoulder,525.3012000000001,641.6428,-0.2358456673217389,0.5791188234956521,0.95028,0.8033,False
628,left_toe_tip,576.822,538.03,-0.1535088056521739,0.4325741978260869,-0.2419000000000001,0.9251,True
628,right_shoulder,,,,,,0.0162,False
628,right_toe_tip,656.894,610.898,0.0371741452173913,0.5520846860869566,-0.0474,0.8971,True
629,left_shoulder,526.312,644.1479999999999,-0.2359273147826086,0.5896688713043476,0.9448,0.8106,False
629,left_toe_tip,576.816,538.0559999999999,-0.1530151652173912,0.4312051826086955,-0.2345,0.9404,True
629,right_shoulder,,,,,,0.0158,False
629,right_toe_tip,658.514,611.246,0.040968262173913,0.5559637030434782,-0.0452999999999999,0.9018,True
630,left_shoulder,527.5179999999999,646.6919999999999,-0.2374103778260871,0.6051070930434781,0.9252,0.8421,False
630,left_toe_tip,576.816,537.97,-0.1528503373913043,0.4305326434782609,-0.2320999999999999,0.944,True
630,right_shoulder,,,,,,0.0142,False
630,right_toe_tip,658.942,609.932,0.0423724304347826,0.5590870173913043,-0.057,0.9073,True
631,left_shoulder,528.9087999999999,649.3792,-0.2354505533217392,0.6133203418434782,0.96162,0.7538,False
631,left_toe_tip,576.778,537.972,-0.1517327999999999,0.4271328,-0.2145,0.9447,True
631,right_shoulder,,,,,,0.0126,False
631,right_toe_tip,659.1139999999999,607.5980000000001,0.0436505586956519,0.5654384760869566,-0.081,0.8909,True
632,left_shoulder,530.6883999999999,652.2266,-0.231602764330435,0.6191519323739131,0.9912599999999998,0.8038,True
632,left_toe_tip,576.854,537.876,-0.1502051156521738,0.423112867826087,-0.1949000000000001,0.9327,True
632,right_shoulder,,,,,,0.0166,False
632,right_toe_tip,659.326,605.0764,0.0450413436521739,0.5711771889391305,-0.0671599999999998,0.9359,True
633,left_shoulder,532.8568,655.2342,-0.2259184248,0.622520565104348,0.9716199999999996,0.8585,True
633,left_toe_tip,576.9100000000001,537.67,-0.148947260869565,0.4194556956521739,0.0085,0.9258,True
633,right_shoulder,,,,,,0.0122,True
633,right_toe_tip,659.4240000000001,602.6712,0.0458930003478263,0.5733581891478261,-0.0736799999999998,0.9428,True
634,left_shoulder,535.082,658.799,-0.2180925904347826,0.621112182173913,0.7955999999999999,0.8569,False
634,left_toe_tip,577.092,537.438,-0.1485175826086957,0.4189079739130434,0.0085,0.9509,True
634,right_shoulder,,,,,,0.0117,True
634,right_toe_tip,659.42,600.3824000000001,0.0463749599999999,0.5740331712000002,-0.07696,0.9882,False
635,left_shoulder,537.854,662.745,-0.2096546649999999,0.6213841125,0.8147000000000001,0.8407,True
635,left_toe_tip,577.262,537.194,-0.1471206100000001,0.4155199299999999,0.0230999999999999,0.9416,True
635,right_shoulder,,,,,,0.0206,True
635,right_toe_tip,659.4399999999999,598.6740000000001,0.0465841565217389,0.5719355439130437,-0.0705999999999999,0.9669,False
636,left_shoulder,540.988,666.929,-0.2036310926086955,0.6312395227173913,0.8669000000000001,0.8866,True
636,left_toe_tip,577.462,536.9219999999999,-0.1468419430434782,0.4154205482608693,0.0268000000000001,0.9548,True
636,right_shoulder,,,,,,0.0164,True
636,right_toe_tip,659.53,597.6659999999999,0.0463497847826086,0.5640434178260869,-0.0199,0.9728,False
637,left_shoulder,544.146,671.0626666666667,-0.1974349292028986,0.6407102006280193,0.9050333333333334,0.8757,False
637,left_toe_tip,577.608,536.6360000000001,-0.1460379704347827,0.4134434373913045,0.0335999999999999,0.9596,True
637,right_shoulder,,,,,,0.0183,False
637,right_toe_tip,659.5486666666667,596.8822666666667,0.0465932554009662,0.5645968668328505,-0.0292733333333335,0.9953,False
638,left_shoulder,547.328,675.146,-0.1910755617391305,0.649783095,0.9271,0.927,True
638,left_toe_tip,577.742,536.4440000000001,-0.146292765652174,0.4146050426086959,0.0251999999999998,0.9639,True
638,right_shoulder,,,,,,0.0123,True
638,right_toe_tip,659.496,596.3228,0.0473142490434782,0.5735246108869566,-0.0692200000000002,0.9942,True
639,left_shoulder,550.866,678.7819999999999,-0.1847883458695652,0.6608835963043477,0.9107,0.7495,False
639,left_toe_tip,577.8100000000001,536.32,-0.1460789021739129,0.414160347826087,0.026,0.9701,True
639,right_shoulder,,,,,,0.0297,False
639,right_toe_tip,659.3720000000001,595.9876,0.0484982231304349,0.5908000867652176,-0.1122400000000002,1.0,False
640,left_shoulder,554.7560000000001,682.5620000000001,-0.175472920869565,0.6639868647826089,0.9482,0.8288,False
640,left_toe_tip,577.822,536.1020000000001,-0.1465373256521739,0.4150264743478262,0.0578000000000001,0.9781,True
640,right_shoulder,,,,,,0.0244,True
640,right_toe_tip,659.3779999999999,595.856,0.0500879173913041,0.6096364869565218,-0.187,1.0,False
641,left_shoulder,558.958,686.342,-0.1646209669565217,0.6628999234782609,0.9982,0.8323,True
641,left_toe_tip,577.8299999999999,535.98,-0.1468158065217393,0.4155805956521739,0.0534,0.9802,True
641,right_shoulder,,,,,,0.024,False
641,right_toe_tip,659.36,595.8960000000001,0.0514849739130435,0.6273295147826089,-0.2555999999999999,1.0,True
642,left_shoulder,563.3140000000001,690.6573333333333,-0.1542166573913042,0.6649566894685992,1.0108666666666664,0.8766,True
642,left_toe_tip,577.7540000000001,535.796,-0.1485243686956518,0.4194645426086957,0.0308000000000001,0.9527,True
642,right_shoulder,,,,,,0.0131,True
642,right_toe_tip,659.4193333333333,595.7683333333334,0.05226263263285,0.6345157982487926,-0.2849666666666667,0.9885,True
643,left_shoulder,568.274,694.832,-0.1418147760869565,0.6620210956521738,1.0475,0.7761,True
643,left_toe_tip,577.674,535.5799999999999,-0.1499617756521739,0.4224607478260868,0.0124,0.9487,True
643,right_shoulder,,,,,,0.0164,True
643,right_toe_tip,659.5559999999999,595.473,0.0524207082608693,0.6311956144565216,-0.2750999999999999,0.9867,True
644,left_shoulder,573.53,699.52,-0.12801255,0.6538712347826087,1.0952,0.8306,True
644,left_toe_tip,577.5120000000001,535.226,-0.1516964121739129,0.4253801613043478,-0.0074,0.9362,True
644,right_shoulder,,,,,,0.0323,True
644,right_toe_tip,659.882,595.089,0.0516780723913042,0.6110525279347828,-0.2003000000000001,0.983,False
645,left_shoulder,578.332,703.8349999999999,-0.1167469082608695,0.6509319777173912,1.1253,0.8699,True
645,left_toe_tip,577.368,534.968,-0.1535709408695651,0.4290139286956521,-0.0298000000000001,0.946,True
645,right_shoulder,,,,,,0.0178,True
645,right_toe_tip,660.091,594.5409999999999,0.0507472454347826,0.5924199736956521,-0.1128000000000001,0.9927,True
646,left_shoulder,582.72,707.921,-0.1068583304347825,0.6490617525000001,1.1537,0.8843,True
646,left_toe_tip,577.246,534.552,-0.155016022173913,0.4311813860869565,-0.0225999999999999,0.9564,True
646,right_shoulder,,,,,,0.0178,True
646,right_toe_tip,660.337,593.861,0.0502677586956521,0.5780433847826086,-0.063,0.984,True
647,left_shoulder,586.3,710.8629999999999,-0.0984402717391305,0.6431852711956522,1.196,0.8394,False
647,left_toe_tip,577.196,534.22,-0.1561362052173912,0.4331260695652174,-0.0371999999999998,0.9483,True
647,right_shoulder,,,,,,0.0371,False
647,right_toe_tip,660.557,593.3240000000001,0.0499021175,0.5663940100000002,-0.0223000000000001,0.9392,False
648,left_shoulder,588.98,713.457,-0.092595754347826,0.6414860357608696,1.2188,0.7267,True
648,left_toe_tip,577.22,533.888,-0.1564586782608694,0.4333591373913044,-0.0428000000000001,0.9567,True
648,right_shoulder,,,,,,0.0258,True
648,right_toe_tip,660.561,592.7620000000001,0.0492413601086957,0.5574396897826088,0.0166999999999998,0.9154,True
649,left_shoulder,591.79,715.013,-0.0875797532608696,0.6449274205434784,1.2237,0.7271,True
649,left_toe_tip,577.3399999999999,533.63,-0.1570586521739132,0.4352073695652174,-0.056,0.9562,True
649,right_shoulder,,,,,,0.0254,True
649,right_toe_tip,660.513,592.25,0.0493672101086957,0.5589399184782607,0.0059,0.9154,True
650,left_shoulder,594.0,716.3100000000001,-0.08432,0.6531317217391306,1.2056,0.6155,True
650,left_toe_tip,577.5060000000001,533.45,-0.1571452386956519,0.4361513369565218,-0.0634000000000001,0.9787,True
650,right_shoulder,,,,,,0.017,True
650,right_toe_tip,660.362,591.924,0.0487005921739129,0.5547017060869566,0.0195999999999999,0.9228,True
651,left_shoulder,596.0999999999999,716.98,-0.0816158260869567,0.6636723826086958,1.1786,0.5939,True
651,left_toe_tip,577.7860000000001,533.534,-0.1573743704347824,0.4389655704347825,-0.0771999999999998,1.0,True
651,right_shoulder,,,,,,0.0125,True
651,right_toe_tip,660.174,591.8340000000001,0.0482684878260868,0.5546880443478261,0.0188000000000001,0.9422,True
652,left_shoulder,598.6139459459458,717.635027027027,-0.0780540493136852,0.6744992407202974,1.150881081081081,0.4473,True
652,left_toe_tip,578.2059999999999,533.72,-0.1560029830434785,0.4385674695652174,-0.0725999999999999,1.0,True
652,right_shoulder,,,,,,0.023,True
652,right_toe_tip,659.952,591.8399999999999,0.0481060069565217,0.5589863999999999,0.0018000000000001,0.9393,True
653,left_shoulder,601.1838378378378,718.1550810810811,-0.0743395643402039,0.6859280055191032,1.1170432432432431,0.4032,True
653,left_toe_tip,578.7460000000001,534.182,-0.1541736547826084,0.4384085208695652,-0.0655999999999999,0.9814,True
653,right_shoulder,,,,,,0.022,True
653,right_toe_tip,659.9280000000001,591.982,0.0478618573913046,0.5571602469565217,0.0104,0.9435,True
654,left_shoulder,603.0876756756755,718.5761621621621,-0.0717829763737417,0.6973189753784098,1.0898864864864868,0.2827,True
654,left_toe_tip,579.4199999999998,534.842,-0.1506466565217395,0.4347864430434783,-0.0618000000000001,0.9257,True
654,right_shoulder,,,,,,0.0139,True
654,right_toe_tip,659.966,592.21,0.0478446126086956,0.5564458326086957,0.0154,0.916,True
655,left_shoulder,605.3194594594594,718.5902702702703,-0.0678226669736718,0.7012736278464128,1.0798108108108109,0.2073,True
655,left_toe_tip,580.81,535.844,-0.144938295652174,0.4305884382608697,-0.0178000000000001,0.8776,True
655,right_shoulder,,,,,,0.0274,True
655,right_toe_tip,660.018,592.506,0.0480170895652174,0.5577111313043478,0.0131999999999998,0.9126,True
656,left_shoulder,607.3891891891892,718.5654054054054,-0.0636897565662018,0.7002875063677073,1.0822162162162163,0.185,True
656,left_toe_tip,582.8,537.006,-0.1371929565217392,0.4245450430434781,0.0024,0.8258,True
656,right_shoulder,,,,,,0.0103,True
656,right_toe_tip,660.302,592.152,0.0486321169565217,0.5561049756521741,0.0161999999999998,0.8994,True
657,left_shoulder,608.4240540540541,718.552972972973,-0.061627359954108,0.699794494386572,1.0834189189189192,0.2241,True
657,left_toe_tip,586.71,538.7059999999999,-0.1283246369565216,0.4303318178260867,-0.0244,0.7428,False
657,right_shoulder,,,,,,0.0092,True
657,right_toe_tip,660.9,591.5519999999999,0.049564804347826,0.5491306017391302,0.0421999999999998,0.9079,True
658,left_shoulder,609.4589189189188,718.5405405405405,-0.059567669069775,0.6993015149109155,1.0846216216216216,0.0587,False
658,left_toe_tip,592.338,540.518,-0.1171759908695653,0.4437995786956523,-0.0748000000000001,0.9257,True
658,right_shoulder,,,,,,0.0077,True
658,right_toe_tip,661.882,591.2479999999999,0.0519792639130433,0.5493145426086955,0.0385999999999999,0.9207,True
659,left_shoulder,610.4937837837838,718.5281081081081,-0.0575106839132022,0.6988085679407373,1.0858243243243246,0.0775,False
659,left_toe_tip,599.97,542.636,-0.0996659978260869,0.454723936521739,-0.0705999999999999,0.9613,True
659,right_shoulder,,,,,,0.0103,False
659,right_toe_tip,662.5640000000001,590.392,0.053780803478261,0.549134323478261,0.0311999999999998,0.872,True
660,left_shoulder,611.5286486486486,718.5156756756757,-0.0554564044843904,0.6983156534760376,1.0840270270270271,0.0378,True
660,left_toe_tip,608.696,544.9399999999999,-0.0795053547826086,0.4697073956521737,-0.0525999999999999,0.9137,True
660,right_shoulder,,,,,,0.0126,False
660,right_toe_tip,663.428,589.4,0.0562832234782608,0.5511085652173913,0.0138000000000001,0.7746,True
661,left_shoulder,,,,,,0.0422,True
661,left_toe_tip,619.094,546.672,-0.054964600869565,0.4907850365217391,-0.0698000000000001,0.975,True
661,right_shoulder,,,,,,0.0093,True
661,right_toe_tip,663.8489999999999,589.0539999999999,0.0573283298913041,0.5506010010869562,0.0125,0.6885,True
662,left_shoulder,,,,,,0.0457,True
662,left_toe_tip,629.622,547.88,-0.0277746865217392,0.5028240608695652,-0.0291999999999998,0.9522,True
662,right_shoulder,,,,,,0.009,True
662,right_toe_tip,663.7749999999999,588.9300000000001,0.0573675244565214,0.5523931597826088,0.0040999999999999,0.6175,True
663,left_shoulder,,,,,,0.0426,True
663,left_toe_tip,639.624,548.5640000000001,-0.0010175704347825,0.5103115730434785,0.0171999999999998,0.9226,True
663,right_shoulder,,,,,,0.0085,True
663,right_toe_tip,663.094,588.6139999999999,0.0560029500000001,0.5543889499999998,0.004,0.1809,True
664,left_shoulder,,,,,,0.0422,False
664,left_toe_tip,651.216,548.914,0.0309220243478261,0.5208276843478261,0.0545999999999999,0.9627,True
664,right_shoulder,,,,,,0.01,False
664,right_toe_tip,662.35,588.85,0.0542473369565217,0.5554587500000001,-0.005,0.0599,True
665,left_shoulder,,,,,,0.0281,False
665,left_toe_tip,662.932,548.802,0.0642395113043478,0.5288918634782609,0.0523000000000001,0.9552,True
665,right_shoulder,,,,,,0.0098,False
665,right_toe_tip,661.265,589.2,0.0516716385869564,0.5569310869565219,-0.0075,0.0273,True
666,left_shoulder,,,,,,0.0459,True
666,left_toe_tip,674.676,549.168,0.0982235391304349,0.5358389217391304,0.0055,0.9515,True
666,right_shoulder,,,,,,0.0093,True
666,right_toe_tip,660.1800000000001,589.55,0.049090043478261,0.5584053260869564,-0.01,0.0627,True
667,left_shoulder,,,,,,0.0498,True
667,left_toe_tip,686.502,549.46,0.1326924460869563,0.5406199913043479,-0.0216999999999998,0.9146,True
667,right_shoulder,,,,,,0.0096,True
667,right_toe_tip,659.378,589.6099999999999,0.0471475165217392,0.558651113043478,-0.0104,0.2367,True
668,left_shoulder,,,,,,0.0617,False
668,left_toe_tip,698.5840000000001,549.866,0.1663276173913045,0.5390543391304348,-0.066,0.9349,True
668,right_shoulder,,,,,,0.0096,False
668,right_toe_tip,658.6209999999999,589.492,0.0456882427173909,0.563078577826087,-0.0293000000000001,0.7887,True
669,left_shoulder,,,,,,0.0468,True
669,left_toe_tip,709.226,550.7819999999999,0.1948410917391304,0.5369683813043477,-0.0849,0.9351,True
669,right_shoulder,,,,,,0.008,False
669,right_toe_tip,658.017,589.18,0.0443316118478262,0.5639073543478258,-0.0356999999999998,0.9013,True
670,left_shoulder,,,,,,0.0371,False
670,left_toe_tip,719.594,551.492,0.2223095026086957,0.5348454817391303,-0.1275999999999999,0.913,True
670,right_shoulder,,,,,,0.0071,True
670,right_toe_tip,657.7900000000001,588.8960000000001,0.0438407478260871,0.5640793600000001,-0.0391999999999998,0.8689,True
671,left_shoulder,,,,,,0.0363,False
671,left_toe_tip,728.3520000000001,551.794,0.2417771686956523,0.5248484504347825,-0.1605999999999999,0.8771,True
671,right_shoulder,,,,,,0.0113,False
671,right_toe_tip,658.03,588.576,0.0444596282608694,0.5636386017391304,-0.0335999999999999,0.8468,True
672,left_shoulder,,,,,,0.028,False
672,left_toe_tip,735.27,551.518,0.2574568195652173,0.517556577826087,-0.1601999999999998,0.8551,True
672,right_shoulder,,,,,,0.0097,False
672,right_toe_tip,658.1500000000001,588.442,0.0451303695652176,0.5680259991304347,-0.0525999999999999,0.8441,True
673,left_shoulder,,,,,,0.0655,True
673,left_toe_tip,740.684,550.928,0.2681696452173912,0.5085325773913044,-0.1264000000000001,0.8372,True
673,right_shoulder,,,,,,0.009,True
673,right_toe_tip,658.568,588.404,0.045927544347826,0.5649523286956522,-0.0405999999999999,0.905,True
674,left_shoulder,,,,,,0.0822,False
674,left_toe_tip,743.984,549.516,0.2754219686956523,0.5019702052173912,-0.1108000000000001,0.9259,True
674,right_shoulder,,,,,,0.01,False
674,right_toe_tip,659.114,588.5539999999999,0.0473902543478261,0.566664863043478,-0.046,0.8944,True
675,left_shoulder,,,,,,0.0517,False
675,left_toe_tip,745.8399999999999,548.1800000000001,0.2789574260869563,0.4959770260869567,-0.0928000000000001,0.9469,True
675,right_shoulder,,,,,,0.0112,False
675,right_toe_tip,659.5699999999999,588.75,0.048639958695652,0.5685432065217392,-0.0515999999999999,0.8855,True
676,left_shoulder,,,,,,0.0637,True
676,left_toe_tip,746.886,546.692,0.2817143182608695,0.492055175652174,-0.0868000000000001,0.9366,True
676,right_shoulder,,,,,,0.0121,True
676,right_toe_tip,659.924,589.068,0.0495717782608695,0.5699311434782608,-0.061,0.8859,True
677,left_shoulder,,,,,,0.0341,True
677,left_toe_tip,747.7180000000001,545.7040000000001,0.2827363330434784,0.4874326295652175,-0.0768000000000001,0.914,True
677,right_shoulder,,,,,,0.2107,True
677,right_toe_tip,660.178,589.452,0.0497212239130434,0.5653996565217392,-0.039,0.8796,True
678,left_shoulder,,,,,,0.0173,False
678,left_toe_tip,748.414,545.104,0.2848695691304347,0.4863808800000002,-0.0754,0.8993,True
678,right_shoulder,,,,,,0.0904,True
678,right_toe_tip,660.274,589.796,0.0499048917391304,0.5656478495652174,-0.0365999999999999,0.9031,True
679,left_shoulder,,,,,,0.0113,True
679,left_toe_tip,748.86,544.7180000000001,0.2845979043478261,0.4829171017391305,-0.0631999999999998,0.8959,True
679,right_shoulder,,,,,,0.0323,True
679,right_toe_tip,660.286,590.164,0.0498682799999998,0.5658031547826087,-0.0335999999999999,0.8894,True
680,left_shoulder,,,,,,0.0245,True
680,left_toe_tip,748.952,544.408,0.2831567739130435,0.4792603565217391,-0.049,0.8932,True
680,right_shoulder,,,,,,0.0064,False
680,right_toe_tip,660.1980000000001,590.314,0.0495290086956523,0.5647699826086956,-0.032,0.8862,True
681,left_shoulder,,,,,,0.0171,True
681,left_toe_tip,748.844,544.5020000000001,0.2832073556521741,0.4800661821739133,-0.0518000000000001,0.8943,True
681,right_shoulder,,,,,,0.0108,False
681,right_toe_tip,660.0360000000001,590.316,0.0490141539130436,0.5634230321739131,-0.0265999999999999,0.8855,True
682,left_shoulder,,,,,,0.01,True
682,left_toe_tip,748.65,544.904,0.282915152173913,0.4814739373913043,-0.0535999999999999,0.8919,True
682,right_shoulder,,,,,,0.0272,False
682,right_toe_tip,659.888,590.0020000000001,0.0486996591304348,0.5632048973913045,-0.0248000000000001,0.8969,True
683,left_shoulder,,,,,,0.0259,False
683,left_toe_tip,748.6719999999999,545.3040000000001,0.2837992904347824,0.4839254243478263,-0.0705999999999999,0.9037,True
683,right_shoulder,,,,,,0.0108,True
683,right_toe_tip,659.568,589.7900000000001,0.0478012208695651,0.5613370065217395,-0.0194,0.9015,True
684,left_shoulder,,,,,,0.0224,True
684,left_toe_tip,748.7479999999999,545.704,0.2865036982608694,0.4892492991304347,-0.0918000000000001,0.9137,True
684,right_shoulder,,,,,,0.0092,True
684,right_toe_tip,659.28,589.4680000000001,0.046871356521739,0.5578566617391306,-0.0085999999999999,0.85,True
685,left_shoulder,,,,,,0.0465,True
685,left_toe_tip,749.104,545.932,0.2895525286956523,0.4934473599999999,-0.1095999999999999,0.9062,True
685,right_shoulder,,,,,,0.0095,True
685,right_toe_tip,659.0519999999999,589.388,0.0461928165217389,0.5561661660869566,-0.0025999999999999,0.8429,True
686,left_shoulder,,,,,,0.0477,True
686,left_toe_tip,749.5139999999999,545.6160000000001,0.2917119656521736,0.4944245321739133,-0.1205999999999999,0.9084,True
686,right_shoulder,,,,,,0.0099,True
686,right_toe_tip,658.868,589.2620000000001,0.0456851704347827,0.5551130773913044,0.0004,0.8458,True
687,left_shoulder,,,,,,0.0947,True
687,left_toe_tip,749.854,544.952,0.2942654321739131,0.4954301182608696,-0.1264000000000001,0.8912,True
687,right_shoulder,,,,,,0.0126,True
687,right_toe_tip,658.96,589.568,0.0457430608695653,0.5538577530434782,0.0084,0.8497,True
688,left_shoulder,677.76,717.72,0.0703895652173912,0.6668367391304348,1.127,0.1589,False
688,left_toe_tip,750.006,544.1679999999999,0.2968727139130434,0.497013380869565,-0.1448000000000001,0.883,True
688,right_shoulder,,,,,,0.0162,True
688,right_toe_tip,659.568,590.1899999999999,0.0468866295652173,0.551555256521739,0.0235999999999999,0.8828,True
689,left_shoulder,680.3,718.0,0.0757596195652173,0.6730010869565218,1.1245,0.218,True
689,left_toe_tip,750.1279999999999,543.202,0.2975371269565215,0.494964012173913,-0.1435999999999999,0.8908,True
689,right_shoulder,,,,,,0.025,True
689,right_toe_tip,660.262,590.938,0.0482720126086955,0.5501846830434782,0.0321999999999998,0.8944,True
690,left_shoulder,683.2533333333334,717.6566666666668,0.0814291014492755,0.6733275507246379,1.1255,0.3931,True
690,left_toe_tip,750.064,542.326,0.2967181878260868,0.4915271143478261,-0.1381999999999998,0.8908,True
690,right_shoulder,,,,,,0.014,False
690,right_toe_tip,660.984,591.624,0.0496590921739131,0.5481432313043478,0.0468000000000001,0.8856,True
691,left_shoulder,684.7525,717.49,0.0834853023097827,0.6668937092391305,1.14425,0.4808,True
691,left_toe_tip,750.11,541.89,0.2974166847826087,0.4913007065217391,-0.134,0.8997,True
691,right_shoulder,,,,,,0.0386,True
691,right_toe_tip,661.588,592.35,0.0509007495652173,0.5478408913043479,0.0508000000000001,0.9126,True
692,left_shoulder,686.6659999999999,717.216,0.0863422447826085,0.6609272556521739,1.1588,0.4928,True
692,left_toe_tip,750.1279999999999,541.518,0.2974653043478258,0.4902959021739131,-0.134,0.8975,True
692,right_shoulder,,,,,,0.0492,True
692,right_toe_tip,662.03,592.782,0.0517704999999999,0.5470377000000001,0.056,0.9409,True
693,left_shoulder,691.078,716.882,0.0937836495652173,0.6552663852173912,1.1807999999999998,0.4925,True
693,left_toe_tip,750.144,541.26,0.2971733008695652,0.4890473608695651,-0.1311999999999998,0.8974,True
693,right_shoulder,,,,,,0.0491,True
693,right_toe_tip,662.13,592.76,0.0520054999999999,0.546986,0.056,0.9403,True
694,left_shoulder,695.374,716.21,0.1014788739130435,0.6527935434782609,1.203,0.6239,True
694,left_toe_tip,750.2339999999999,541.086,0.2978714391304345,0.4893258652173913,-0.135,0.8863,True
694,right_shoulder,,,,,,0.0155,True
694,right_toe_tip,662.12,592.414,0.0521070260869565,0.5474865443478261,0.0508000000000001,0.9214,True
695,left_shoulder,699.906,714.472,0.1090940352173912,0.6455243356521738,1.2196,0.6902,True
695,left_toe_tip,750.364,540.984,0.2998781817391305,0.491765003478261,-0.1488000000000001,0.874,True
695,right_shoulder,,,,,,0.0438,True
695,right_toe_tip,661.97,591.9100000000001,0.0520641239130435,0.5495762847826088,0.0378000000000001,0.9276,True
696,left_shoulder,705.2059999999999,712.362,0.1189300739130433,0.6426776478260869,1.217,0.6657,True
696,left_toe_tip,750.504,540.8720000000001,0.3000183600000001,0.4910674800000002,-0.1468000000000001,0.8967,True
696,right_shoulder,,,,,,0.0241,True
696,right_toe_tip,661.838,591.152,0.0520124191304346,0.550543763478261,0.0328000000000001,0.9295,True
697,left_shoulder,710.8340000000001,710.14,0.1298110043478262,0.641669608695652,1.206,0.8945,True
697,left_toe_tip,750.55,540.7139999999999,0.3002393804347824,0.4907956526086954,-0.1375999999999999,0.8884,True
697,right_shoulder,,,,,,0.0252,True
697,right_toe_tip,661.5600000000001,590.2520000000001,0.0517627478260871,0.5528050191304349,0.0151999999999998,0.9568,True
698,left_shoulder,716.326,707.15,0.1406555439130435,0.6397370760869565,1.2156,0.921,True
698,left_toe_tip,750.5319999999999,540.5139999999999,0.3001904947826084,0.4902524786956518,-0.1375999999999999,0.882,True
698,right_shoulder,,,,,,0.0456,True
698,right_toe_tip,661.054,589.038,0.0510925656521738,0.5558154769565217,-0.0045999999999999,0.962,True
699,left_shoulder,721.6279999999999,703.9179999999999,0.149680908695652,0.6306409413043477,1.2275,0.9118,True
699,left_toe_tip,750.4780000000001,540.446,0.2999237530434784,0.4898716626086957,-0.1365999999999999,0.8892,True
699,right_shoulder,,,,,,0.0341,True
699,right_toe_tip,660.558,587.9300000000001,0.050510112173913,0.5600141000000002,-0.0254,0.949,True
700,left_shoulder,726.308,701.172,0.1585440434782608,0.6267181304347826,1.221,0.8743,True
700,left_toe_tip,750.454,540.4620000000001,0.2995224339130434,0.489365866956522,-0.1338000000000001,0.879,True
700,right_shoulder,,,,,,0.0147,True
700,right_toe_tip,660.162,587.0060000000001,0.0498264382608696,0.5610009147826089,-0.0305999999999999,0.8927,True
701,left_shoulder,730.984,698.604,0.1674698973913044,0.6232521886956522,1.2246,0.9126,True
701,left_toe_tip,750.408,540.4739999999999,0.2998537269565217,0.4901438439130432,-0.1375999999999999,0.882,True
701,right_shoulder,,,,,,0.029,True
701,right_toe_tip,659.7819999999999,586.356,0.0491066647826085,0.5619041660869566,-0.0408000000000001,0.8554,True
702,left_shoulder,734.942,695.38,0.1758078165217391,0.6210362695652174,1.2464000000000002,0.927,True
702,left_toe_tip,750.418,540.542,0.2991127604347826,0.4890725786956522,-0.1311999999999998,0.877,True
702,right_shoulder,,,,,,0.0229,True
702,right_toe_tip,660.058,586.0800000000002,0.0501362791304347,0.5651017043478264,-0.0565999999999999,0.8326,True
703,left_shoulder,738.562,692.454,0.1836681443478261,0.6195208017391304,1.2626,0.9221,True
703,left_toe_tip,750.4280000000001,540.5400000000001,0.299475934782609,0.4896166304347828,-0.134,0.8947,True
703,right_shoulder,,,,,,0.0146,True
703,right_toe_tip,661.174,586.016,0.0529626182608695,0.5653348034782607,-0.0581999999999998,0.7358,True
704,left_shoulder,741.924,689.59,0.1914398608695651,0.619056,1.276,0.8732,True
704,left_toe_tip,750.436,540.492,0.2998337400000001,0.49003578,-0.1368000000000001,0.8926,True
704,right_shoulder,,,,,,0.0174,True
704,right_toe_tip,662.958,585.85,0.0572802099999999,0.5634957500000001,-0.0544,0.6803,True
705,left_shoulder,744.896,687.12,0.1982762434782608,0.6183279130434783,1.2685,0.9104,True
705,left_toe_tip,750.35,540.3399999999999,0.3000560434782609,0.4903679826086953,-0.1405999999999999,0.893,True
705,right_shoulder,,,,,,0.0151,True
705,right_toe_tip,665.418,585.8700000000001,0.0631361017391304,0.5610414391304349,-0.0461999999999998,0.684,True
706,left_shoulder,747.5780000000001,684.23,0.204725611304348,0.6170237869565217,1.2637,0.898,True
706,left_toe_tip,750.226,540.1220000000001,0.2999584930434782,0.4901667817391306,-0.1425999999999999,0.8856,True
706,right_shoulder,,,,,,0.0271,True
706,right_toe_tip,668.454,585.806,0.0705040634782607,0.5595079973913044,-0.0445999999999999,0.6619,True
707,left_shoulder,750.1960000000001,682.0200000000001,0.2107378721739133,0.6158282478260871,1.2621,0.8874,True
707,left_toe_tip,750.098,539.85,0.3001606560869563,0.4903258369565217,-0.1471999999999998,0.8771,True
707,right_shoulder,,,,,,0.0304,True
707,right_toe_tip,671.9100000000001,585.0840000000001,0.0787344565217393,0.5553703043478263,-0.027,0.8545,True
708,left_shoulder,752.494,679.712,0.2155971965217391,0.6127349982608696,1.2653,0.9044,True
708,left_toe_tip,749.984,539.716,0.2997303095652174,0.4897651686956521,-0.1461999999999998,0.9114,True
708,right_shoulder,,,,,,0.0214,True
708,right_toe_tip,675.6139999999999,584.312,0.0878117365217389,0.5530753704347827,-0.0274,0.7692,True
709,left_shoulder,754.606,677.92,0.2196448904347826,0.6093005913043478,1.2688,0.919,True
709,left_toe_tip,749.844,539.632,0.2996830869565218,0.4900829565217389,-0.149,0.9179,True
709,right_shoulder,,,,,,0.0237,True
709,right_toe_tip,681.3471428571429,582.9745714285715,0.1015611667701864,0.5476934092546586,-0.0058000000000001,0.8574,True
710,left_shoulder,756.5139999999999,676.488,0.2234789178260867,0.6070377443478262,1.2744000000000002,0.9229,True
710,left_toe_tip,749.75,539.5699999999999,0.2995459239130434,0.4901089891304346,-0.15,0.9298,True
710,right_shoulder,,,,,,0.0193,True
710,right_toe_tip,689.0814285714284,580.5377142857143,0.1206336155279499,0.5420433473291925,-0.0011999999999998,0.9513,True
711,left_shoulder,758.296,675.766,0.2276426504347827,0.607643615652174,1.2755999999999998,0.878,True
711,left_toe_tip,749.762,539.6279999999999,0.2996741213043477,0.4904234895652172,-0.1508000000000001,0.9841,True
711,right_shoulder,,,,,,0.0193,True
711,right_toe_tip,698.900857142857,577.3814285714286,0.1443583181366457,0.5327735273291927,-0.0178000000000001,0.2512,True
712,left_shoulder,759.7900000000001,675.122,0.2302572130434784,0.605719287826087,1.2775999999999998,0.914,True
712,left_toe_tip,749.89,539.808,0.3003580369565216,0.4914621704347826,-0.1535999999999999,0.9815,True
712,right_shoulder,,,,,,0.0191,True
712,right_toe_tip,710.5114285714286,574.0157142857145,0.1718332857142858,0.5215469906832303,-0.018,0.2645,True
713,left_shoulder,761.178,675.0699999999999,0.2336364526086956,0.607468658695652,1.2792,0.9357,True
713,left_toe_tip,750.104,540.012,0.300607855652174,0.4914718930434781,-0.1508000000000001,0.9764,True
713,right_shoulder,,,,,,0.0226,True
713,right_toe_tip,723.9871428571428,570.1085714285715,0.2032123695652171,0.508371391304348,-0.002,0.1258,True
714,left_shoulder,762.514,674.8599999999999,0.2371444904347826,0.6094594434782608,1.2722,0.9475,True
714,left_toe_tip,750.43,540.1980000000001,0.3006096652173911,0.4905302947826089,-0.1434,0.98,True
714,right_shoulder,,,,,,0.0224,True
714,right_toe_tip,730.7249999999999,568.1550000000001,0.2187261413043476,0.5018345543478263,0.002,0.0152,True
715,left_shoulder,763.6199999999999,674.604,0.2411127478260867,0.6136145843478262,1.2621,0.9307,True
715,left_toe_tip,750.912,540.318,0.3003304069565218,0.488269784347826,-0.1301999999999998,0.9639,True
715,right_shoulder,,,,,,0.0213,True
715,right_toe_tip,747.5696428571429,563.2710714285715,0.2569979076086957,0.4856411032608698,0.026,0.0175,True
716,left_shoulder,764.5219999999999,674.216,0.2440089799999998,0.615726744347826,1.2502,0.9186,True
716,left_toe_tip,751.08,540.488,0.2993123043478262,0.4863366869565219,-0.124,0.9478,True
716,right_shoulder,,,,,,0.0281,True
716,right_toe_tip,764.1478571428572,557.8564285714285,0.296537952251553,0.4725972845496893,-0.0285,0.05,True
717,left_shoulder,765.23,673.854,0.2470842347826087,0.6192475878260871,1.2412999999999998,0.9034,True
717,left_toe_tip,751.288,540.5300000000001,0.2990744034782608,0.4851547521739132,-0.1174,0.8125,True
717,right_shoulder,,,,,,0.0327,True
717,right_toe_tip,780.7471428571428,551.6860714285715,0.3384815799689438,0.4609841663431678,-0.1325,0.9,True
718,left_shoulder,765.8399999999999,673.46,0.2490264173913041,0.6203100826086957,1.2359,0.8901,True
718,left_toe_tip,751.174,540.378,0.2987680408695651,0.4847462686956523,-0.1174,0.9401,True
718,right_shoulder,,,,,,0.0189,True
718,right_toe_tip,796.545,544.9200000000001,0.3798768614130434,0.4487325000000001,-0.199,0.9195,True
719,left_shoulder,766.4559999999999,673.162,0.251207593043478,0.6221031208695653,1.2324000000000002,0.873,True
719,left_toe_tip,751.102,540.33,0.2991300586956521,0.4855189239130436,-0.122,1.0,True
719,right_shoulder,,,,,,0.0168,True
719,right_toe_tip,801.75,542.004,0.3930173369565218,0.4422301539130435,-0.2094,0.9961,True
720,left_shoulder,767.2460000000001,673.126,0.2521407152173915,0.6204659760869564,1.237,0.8695,True
720,left_toe_tip,750.5899999999999,540.2180000000001,0.2987612891304346,0.4868628447826089,-0.1244000000000001,0.9873,True
720,right_shoulder,,,,,,0.0165,True
720,right_toe_tip,812.818,536.04,0.4260715082608695,0.4340151391304346,-0.2536999999999998,0.9111,True
721,left_shoulder,768.2,673.446,0.2536130434782609,0.6200779565217392,1.247,0.8393,True
721,left_toe_tip,750.35,539.98,0.2983528152173914,0.4866111434782609,-0.1264000000000001,0.9791,True
721,right_shoulder,,,,,,0.0185,True
721,right_toe_tip,822.722,530.5600000000001,0.455017502173913,0.4247314782608697,-0.2855,0.9205,True
722,left_shoulder,769.406,674.058,0.2556331134782608,0.6204010969565218,1.2495999999999998,0.8858,True
722,left_toe_tip,749.9559999999999,539.874,0.2972875591304345,0.4863245517391305,-0.1264000000000001,0.9733,True
722,right_shoulder,,,,,,0.0201,True
722,right_toe_tip,831.0360000000001,525.794,0.4863527382608696,0.422089898695652,-0.3336999999999998,0.9306,True
723,left_shoulder,770.8140000000001,674.7120000000001,0.2585567147826089,0.6220351095652176,1.2521,0.8937,True
723,left_toe_tip,749.8,539.8880000000001,0.296531608695652,0.48581491826087,-0.1235999999999999,0.9804,True
723,right_shoulder,,,,,,0.02,True
723,right_toe_tip,837.858,521.966,0.5109682849999999,0.418277195,-0.3579000000000001,0.9364,True
724,left_shoulder,772.4979999999999,675.31,0.2615107265217389,0.6223259760869564,1.2582,0.8888,True
724,left_toe_tip,749.6519999999999,539.9100000000001,0.2956790017391302,0.4851312260869568,-0.1198000000000001,0.9786,True
724,right_shoulder,,,,,,0.0211,True
724,right_toe_tip,843.5540000000001,518.796,0.5306343023913046,0.4139570073913045,-0.3663000000000002,0.9809,True
725,left_shoulder,774.43,675.9799999999999,0.2659376086956521,0.6250908695652172,1.254,0.9026,True
725,left_toe_tip,749.794,540.01,0.2959425665217391,0.4852052152173912,-0.1188000000000001,0.9705,True
725,right_shoulder,,,,,,0.0169,True
725,right_toe_tip,847.382,516.5759999999999,0.5479167689130433,0.4136840034782605,-0.3736999999999998,0.9305,False
726,left_shoulder,776.486,676.086,0.2704499760869565,0.6263312804347826,1.2545,0.8895,True
726,left_toe_tip,749.9459999999999,540.14,0.2967824960869563,0.4862605173913043,-0.1224,0.9845,True
726,right_shoulder,,,,,,0.0136,True
726,right_toe_tip,849.7860000000001,515.0840000000001,0.5540858710869567,0.4096071865217393,-0.3514000000000001,0.9597,True
727,left_shoulder,778.922,676.0600000000001,0.2754279652173914,0.6266233043478262,1.268,0.9052,True
727,left_toe_tip,750.1899999999999,540.2139999999999,0.2977764978260868,0.4870087465217388,-0.1251999999999998,0.9876,True
727,right_shoulder,,,,,,0.0167,True
727,right_toe_tip,850.777,514.341,0.5487762479347827,0.4018402144565218,-0.3118000000000002,0.9487,True
728,left_shoulder,781.866,676.0559999999999,0.2810180417391304,0.6260657113043477,1.2806,0.9128,True
728,left_toe_tip,750.406,540.228,0.2983602143478259,0.4870465799999998,-0.1251999999999998,0.9992,True
728,right_shoulder,,,,,,0.0161,True
728,right_toe_tip,850.915,513.995,0.5459030413043477,0.3985792326086956,-0.2976999999999998,0.9373,True
729,left_shoulder,784.938,675.8,0.2876074052173912,0.6266570434782608,1.2924,0.8775,True
729,left_toe_tip,750.432,540.0440000000001,0.2982144139130435,0.4861970800000003,-0.1234,0.9909,True
729,right_shoulder,,,,,,0.0135,True
729,right_toe_tip,850.539,513.871,0.5489575578260869,0.4012019073913043,-0.3203000000000002,0.9082,False
730,left_shoulder,788.412,675.574,0.2959206226086957,0.6292271147826086,1.2906,0.8164,True
730,left_toe_tip,750.528,539.9259999999999,0.2981372660869565,0.4853308278260868,-0.1205999999999999,0.9933,True
730,right_shoulder,,,,,,0.0212,True
730,right_toe_tip,849.9709999999999,513.525,0.5503522493478258,0.402402375,-0.3264000000000001,0.9401,True
731,left_shoulder,792.178,675.338,0.3047199039130435,0.6314300691304346,1.2943,0.8346,True
731,left_toe_tip,750.7499999999999,539.9039999999999,0.2985194021739127,0.4849194991304345,-0.1188000000000001,0.9948,True
731,right_shoulder,,,,,,0.0112,True
731,right_toe_tip,849.527,512.9590000000001,0.5583894550000001,0.4076357350000001,-0.3668000000000002,0.9375,True
732,left_shoulder,796.3860000000001,675.24,0.3140978813043479,0.6331526869565217,1.2997,0.8972,True
732,left_toe_tip,750.9200000000001,539.888,0.2987606086956524,0.4845244173913045,-0.117,0.9991,True
732,right_shoulder,,,,,,0.0152,True
732,right_toe_tip,849.382,512.22,0.5656500247826086,0.4112256391304349,-0.3884000000000001,0.9383,True
733,left_shoulder,800.854,675.0600000000001,0.3239809369565218,0.6345719347826089,1.302,0.8758,True
733,left_toe_tip,750.954,539.7679999999999,0.2986351030434781,0.4838494799999998,-0.1211999999999998,0.998,True
733,right_shoulder,,,,,,0.0172,True
733,right_toe_tip,849.484,511.322,0.57544344,0.4156749547826086,-0.4301999999999998,0.9707,True
734,left_shoulder,805.772,674.8340000000001,0.3350756643478262,0.6363753330434783,1.3024,0.7979,True
734,left_toe_tip,750.9599999999999,539.726,0.298771860869565,0.4839317904347825,-0.1221999999999998,0.9977,True
734,right_shoulder,,,,,,0.0205,True
734,right_toe_tip,849.5099999999999,510.258,0.5795684239130431,0.4156593586956521,-0.435,0.9681,True
735,left_shoulder,811.124,674.0519999999999,0.3457820826086957,0.6345898565217389,1.303,0.8996,True
735,left_toe_tip,750.706,539.404,0.2984248695652174,0.4836107826086956,-0.119,0.9977,True
735,right_shoulder,,,,,,0.0143,True
735,right_toe_tip,849.3100000000001,509.374,0.5761485260869567,0.4111681713043477,-0.4224000000000001,0.9629,True
736,left_shoulder,816.5820000000001,673.494,0.3553136939130437,0.6308044486956522,1.3578,0.8277,True
736,left_toe_tip,750.2180000000001,538.902,0.2975646395652175,0.4829965082608697,-0.1098000000000001,1.0,True
736,right_shoulder,,,,,,0.0184,True
736,right_toe_tip,849.068,508.564,0.5716191817391304,0.4061933539130434,-0.3934000000000001,0.9548,True
737,left_shoulder,822.546,672.6279999999999,0.3687032360869566,0.6314405973913042,1.3738,0.8254,True
737,left_toe_tip,749.6859999999999,538.322,0.2963429582608693,0.4817795252173913,-0.1115999999999999,1.0,True
737,right_shoulder,,,,,,0.0138,True
737,right_toe_tip,848.8220000000001,507.794,0.5669517300000004,0.4012607099999999,-0.3708000000000002,0.949,True
738,left_shoulder,828.344,671.386,0.3800863808695653,0.628390486521739,1.4034,0.8894,True
738,left_toe_tip,749.332,537.854,0.2963847913043478,0.482138995652174,-0.1095,0.9932,True
738,right_shoulder,,,,,,0.0147,True
738,right_toe_tip,848.65,506.956,0.5609963478260868,0.3951199582608696,-0.3205999999999999,0.9303,True
739,left_shoulder,833.976,670.3340000000001,0.3905664591304347,0.6248507626086958,1.4116,0.8457,True
739,left_toe_tip,749.1220000000001,537.36,0.297760726956522,0.4839614608695653,-0.1129000000000001,0.9803,True
739,right_shoulder,,,,,,0.0184,True
739,right_toe_tip,848.5260000000001,506.354,0.5562204391304351,0.3903833869565217,-0.301,0.9124,True
740,left_shoulder,839.9440000000001,669.7819999999999,0.4010181182608697,0.6213149417391303,1.4313,0.8688,True
740,left_toe_tip,749.174,537.1020000000001,0.2995164956521738,0.485875486956522,-0.1265,0.977,True
740,right_shoulder,,,,,,0.0145,True
740,right_toe_tip,848.5120000000001,506.016,0.5549138921739132,0.3885930156521738,-0.2704000000000001,0.91,True
741,left_shoulder,845.8459999999999,668.74,0.4127659791304345,0.6190908173913043,1.4352,0.8997,True
741,left_toe_tip,749.272,536.874,0.3003317165217392,0.4861343439130435,-0.1310999999999999,0.9738,True
741,right_shoulder,,,,,,0.0158,True
741,right_toe_tip,848.512,505.804,0.5549138921739128,0.3880288191304347,-0.2704000000000001,0.8984,True
742,left_shoulder,851.0600000000001,667.7239999999999,0.4194129260869566,0.6115011052173912,1.4518,0.8807,True
742,left_toe_tip,749.238,536.484,0.3026842495652175,0.4890141443478261,-0.1516999999999998,0.9646,True
742,right_shoulder,,,,,,0.014,True
742,right_toe_tip,848.582,505.706,0.5565511886956522,0.3887816182608695,-0.2768000000000001,0.8918,True
743,left_shoulder,856.908,667.366,0.4273559139130435,0.6055778386956521,1.4764000000000002,0.8957,True
743,left_toe_tip,749.172,536.156,0.3030709652173913,0.4890243739130432,-0.1435,0.9582,True
743,right_shoulder,,,,,,0.013,True
743,right_toe_tip,848.5260000000001,505.684,0.5576710547826089,0.3896096886956522,-0.2824000000000001,0.8885,True
744,left_shoulder,862.592,666.944,0.4353609182608695,0.6003424278260869,1.4935999999999998,0.9049,True
744,left_toe_tip,748.9440000000001,535.788,0.3025564347826089,0.488193847826087,-0.1445,0.9563,True
744,right_shoulder,,,,,,0.0121,True
744,right_toe_tip,848.4359999999999,505.65,0.5605569034782606,0.3917035108695651,-0.2961999999999998,0.8882,True
745,left_shoulder,867.512,666.186,0.441571116521739,0.5942670886956523,1.5034,0.8048,True
745,left_toe_tip,748.4100000000001,535.412,0.3018982826086958,0.4884842869565218,-0.1515,0.9619,True
745,right_shoulder,,,,,,0.0181,True
745,right_toe_tip,848.4,505.578,0.5615473913043478,0.3922694152173912,-0.301,0.8966,True
746,left_shoulder,872.6600000000001,665.906,0.449286691304348,0.590731086521739,1.5079,0.8742,True
746,left_toe_tip,747.9399999999999,535.106,0.3010587391304346,0.4883934739130434,-0.1555,0.9584,True
746,right_shoulder,,,,,,0.014,True
746,right_toe_tip,848.3299999999999,505.518,0.5630344695652173,0.3932782121739131,-0.3084000000000001,0.9032,True
747,left_shoulder,877.6880000000001,665.6719999999999,0.4573943860869567,0.5882192486956521,1.5141,0.9118,True
747,left_toe_tip,747.6,535.0319999999999,0.2988239130434783,0.4860943043478259,-0.1375,0.9593,True
747,right_shoulder,,,,,,0.0131,True
747,right_toe_tip,848.182,505.366,0.5634943656521738,0.3934678404347825,-0.3121999999999998,0.9168,True
748,left_shoulder,881.99,665.028,0.4656729304347827,0.5869799686956522,1.5141,0.8456,True
748,left_toe_tip,747.292,534.928,0.2968489747826087,0.4839801426086956,-0.1279000000000001,0.9486,True
748,right_shoulder,,,,,,0.0141,True
748,right_toe_tip,848.152,505.28,0.5632321617391306,0.3931087304347827,-0.3114,0.9234,True
749,left_shoulder,886.266,664.4559999999999,0.4752933799999999,0.5876000799999999,1.5174,0.7908,True
749,left_toe_tip,747.53,534.712,0.2952399782608694,0.4796983826086956,-0.1015,0.9489,True
749,right_shoulder,,,,,,0.0159,True
749,right_toe_tip,848.174,505.24,0.5628843939130433,0.3927163304347824,-0.3095999999999999,0.908,True
750,left_shoulder,890.3299999999999,663.958,0.4849871652173911,0.5888855860869564,1.5186,0.8755,True
750,left_toe_tip,748.354,534.4300000000001,0.2950762082608696,0.4750183934782611,-0.0854,0.9255,True
750,right_shoulder,,,,,,0.0178,True
750,right_toe_tip,848.156,505.168,0.563016728695652,0.3926478817391304,-0.3104,0.9035,True
751,left_shoulder,894.1539999999999,663.642,0.4932245126086955,0.5892635073913044,1.5195999999999998,0.8742,True
751,left_toe_tip,749.7460000000001,534.274,0.2970537926086959,0.4717142552173913,-0.0751999999999998,0.849,True
751,right_shoulder,,,,,,0.0133,True
751,right_toe_tip,848.176,505.132,0.5628898017391306,0.3924243078260868,-0.3095999999999999,0.9017,True
752,left_shoulder,897.82,663.4280000000001,0.5007312782608696,0.5893099460869566,1.5262,0.8418,True
752,left_toe_tip,751.692,534.238,0.2983390443478261,0.4654048491304349,-0.0489,0.8497,True
752,right_shoulder,,,,,,0.0189,True
752,right_toe_tip,848.2360000000001,505.074,0.5613770947826089,0.3911005813043476,-0.3021999999999998,0.8905,True
753,left_shoulder,901.21,663.08,0.5104384108695653,0.5922578521739131,1.5152,0.8282,True
753,left_toe_tip,755.588,533.8040000000001,0.3069112678260868,0.4614874034782611,-0.0563000000000001,0.8834,True
753,right_shoulder,,,,,,0.018,True
753,right_toe_tip,848.238,504.8440000000001,0.5578514943478262,0.3880244808695653,-0.2865999999999999,0.8952,True
754,left_shoulder,904.364,662.726,0.5170040313043477,0.5920267600000001,1.5138,0.8696,True
754,left_toe_tip,760.624,531.5620000000001,0.3212794017391305,0.4569516573913046,-0.0529,0.8846,True
754,right_shoulder,,,,,,0.0243,True
754,right_toe_tip,848.1879999999999,504.504,0.5520150078260867,0.3831554973913044,-0.2394,0.888,True
755,left_shoulder,907.396,662.4559999999999,0.5237473826086958,0.5924192521739129,1.5155,0.9081,True
755,left_toe_tip,766.9060000000001,527.646,0.3385355491304349,0.4472139273913041,-0.0296999999999998,0.8607,True
755,right_shoulder,,,,,,0.0356,True
755,right_toe_tip,847.9680000000001,504.008,0.5460064208695654,0.378083612173913,-0.2154000000000001,0.8816,True
756,left_shoulder,910.19,661.966,0.5273403956521737,0.5893588582608696,1.5264000000000002,0.8798,True
756,left_toe_tip,774.804,521.522,0.3615384669565217,0.4331949813043479,0.0165999999999999,0.9598,True
756,right_shoulder,,,,,,0.0552,True
756,right_toe_tip,847.414,503.74,0.53909604,0.373599008695652,-0.1786999999999998,0.8817,True
757,left_shoulder,912.85,661.6179999999999,0.5330658586956523,0.5892697752173912,1.5286,0.834,True
757,left_toe_tip,784.432,513.672,0.3923526678260869,0.4174533286956521,-0.0086999999999998,0.9359,True
757,right_shoulder,,,,,,0.1057,True
757,right_toe_tip,846.4860000000001,503.526,0.5321952208695655,0.3699226643478261,-0.1586999999999998,0.8819,True
758,left_shoulder,915.274,661.1780000000001,0.535348087826087,0.5857257365217393,1.5408,0.8924,True
758,left_toe_tip,794.838,504.346,0.4268816339130433,0.3979556460869565,-0.0484,0.8547,True
758,right_shoulder,,,,,,0.1569,True
758,right_toe_tip,845.892,503.2720000000001,0.5282024982608696,0.3675549721739131,-0.1381999999999998,0.9006,True
759,left_shoulder,917.562,660.672,0.5397977504347828,0.5847416765217393,1.5623,0.8604,True
759,left_toe_tip,806.086,494.874,0.4624050873913043,0.3755068082608694,-0.0659000000000001,0.9243,True
759,right_shoulder,,,,,,0.0676,True
759,right_toe_tip,845.4440000000001,503.8333333333333,0.5261748359420292,0.3683800966183574,-0.1342666666666668,0.8536,True
760,left_shoulder,919.472,659.7900000000001,0.5427832278260871,0.5822443173913044,1.5772,0.8837,True
760,left_toe_tip,817.838,485.454,0.5064516956521738,0.3572711739130435,-0.132,0.9048,True
760,right_shoulder,,,,,,0.1125,True
760,right_toe_tip,845.3279999999999,505.296,0.5252379513043475,0.3716734852173913,-0.1444,0.4722,True
761,left_shoulder,921.464,658.9399999999999,0.5504456834782607,0.584622660869565,1.5778,0.8799,True
761,left_toe_tip,829.662,476.4,0.5514628804347826,0.3384456521739129,-0.2665,0.9289,True
761,right_shoulder,,,,,,0.1749,True
761,right_toe_tip,845.684,507.208,0.5257909034782609,0.3763084504347826,-0.1683000000000001,0.0385,True
762,left_shoulder,923.346,657.6800000000001,0.5564669052173911,0.5846176347826088,1.5962,0.8473,True
762,left_toe_tip,841.118,467.554,0.5981074434782611,0.3198562434782608,-0.2315,0.9618,True
762,right_shoulder,,,,,,0.18,True
762,right_toe_tip,846.274,508.44,0.5276578604347827,0.3797159739130433,-0.2194000000000001,0.2027,True
763,left_shoulder,925.376,656.392,0.5638037147826086,0.5855674991304349,1.6034000000000002,0.8738,True
763,left_toe_tip,851.21,460.02,0.6389102500000001,0.3025604999999999,-0.1945,0.9317,True
763,right_shoulder,,,,,,0.2363,True
763,right_toe_tip,847.15,509.562,0.5302589673913043,0.3828462065217392,-0.2435,0.4408,True
764,left_shoulder,927.312,654.8059999999999,0.5689402191304345,0.5837799682608694,1.6122,0.887,True
764,left_toe_tip,861.86,452.438,0.6778305304347827,0.2824181852173912,-0.1578000000000002,0.9279,True
764,right_shoulder,,,,,,0.1639,True
764,right_toe_tip,848.0840000000001,509.9166666666666,0.5331323179710146,0.3841017089371979,-0.2471333333333332,0.844,True
765,left_shoulder,929.422,653.048,0.5761385334782607,0.5833566382608696,1.6211,0.9224,True
765,left_toe_tip,872.5840000000001,446.05,0.7088250208695654,0.2622467282608696,-0.0068000000000001,0.856,True
765,right_shoulder,,,,,,0.1257,True
765,right_toe_tip,848.842,509.472,0.5349533230434782,0.3828757773913044,-0.2465999999999999,0.9258,True
766,left_shoulder,931.346,650.92,0.5822486473913041,0.5813972956521739,1.6274000000000002,0.9356,True
766,left_toe_tip,881.878,440.5220000000001,0.7311025460869567,0.2433864973913045,0.0191999999999998,0.9018,True
766,right_shoulder,,,,,,0.0855,True
766,right_toe_tip,849.2479999999999,508.142,0.5365846539130433,0.3798876156521739,-0.2371999999999998,0.9528,True
767,left_shoulder,933.388,648.356,0.5884342799999999,0.5783418382608696,1.6298,0.8446,True
767,left_toe_tip,889.5379999999999,435.782,0.7467153413043476,0.2267693978260869,-0.017,0.7947,True
767,right_shoulder,,,,,,0.0595,True
767,right_toe_tip,849.7479999999999,507.376,0.5390067626086955,0.3787242817391305,-0.2251999999999998,0.9417,True
768,left_shoulder,935.022,645.446,0.5930583552173911,0.5738085134782609,1.6351,0.8282,True
768,left_toe_tip,895.6959999999999,431.284,0.757082504347826,0.2110626260869565,-0.068,0.6523,True
768,right_shoulder,,,,,,0.0649,True
768,right_toe_tip,849.6780000000001,506.936,0.5401943430434785,0.3785518556521738,-0.2311999999999998,0.8974,True
769,left_shoulder,936.814,642.542,0.5998223791304348,0.5709805286956522,1.6393,0.8904,True
769,left_toe_tip,898.7700000000001,428.54,0.7620213956521741,0.2018353999999998,-0.0821999999999998,0.5686,True
769,right_shoulder,,,,,,0.1445,True
769,right_toe_tip,849.4220000000001,506.456,0.5414924495652178,0.3786842747826086,-0.2398000000000001,0.8845,True
770,left_shoulder,938.674,639.608,0.6044252752173912,0.5658414939130433,1.6452,0.9208,True
770,left_toe_tip,899.4959999999999,426.112,0.7638208347826084,0.1945992347826086,-0.102,0.4981,True
770,right_shoulder,,,,,,0.1015,True
770,right_toe_tip,849.174,506.058,0.5416242421739129,0.3781949647826086,-0.2181999999999998,0.8824,True
771,left_shoulder,940.25,636.242,0.6081367934782609,0.5595101552173913,1.6581,0.9602,True
771,left_toe_tip,899.1940000000001,424.358,0.7648476860869569,0.1899120634782609,-0.1033000000000001,0.4932,True
771,right_shoulder,,,,,,0.0821,True
771,right_toe_tip,849.1600000000001,505.804,0.5421336260869567,0.3779176286956521,-0.2205999999999999,0.8785,True
772,left_shoulder,942.028,633.05,0.6143643469565216,0.5554193152173913,1.6551,0.8934,True
772,left_toe_tip,898.432,423.114,0.7657452521739131,0.1870095260869566,-0.094,0.5342,True
772,right_shoulder,,,,,,0.2064,True
772,right_toe_tip,849.158,505.70200000000006,0.5431287630434782,0.3783500847826088,-0.225,0.8661,True
773,left_shoulder,944.062,629.5559999999999,0.6209474843478264,0.5504802313043476,1.6522,0.8444,True
773,left_toe_tip,897.566,422.21400000000006,0.7689464952173913,0.1857358395652175,-0.1095999999999999,0.6902,True
773,right_shoulder,,,,,,0.1979,True
773,right_toe_tip,849.132,505.582,0.5442432982608694,0.3788613308695651,-0.2301999999999998,0.8686,True
774,left_shoulder,945.876,625.704,0.6259153886956521,0.5437112504347825,1.6344,0.8969,True
774,left_toe_tip,896.588,421.64400000000006,0.7692062,0.184797991304348,-0.11,0.6967,True
774,right_shoulder,,,,,,0.1623,True
774,right_toe_tip,848.9200000000001,505.52,0.5429194956521741,0.3781621913043478,-0.2128000000000001,0.8651,True
775,left_shoulder,947.666,621.7180000000001,0.6319192104347825,0.5375460139130436,1.5994000000000002,0.8859,True
775,left_toe_tip,895.682,421.102,0.7652117595652175,0.1828676595652175,-0.0944000000000001,0.7359,True
775,right_shoulder,,,,,,0.0775,True
775,right_toe_tip,848.7639999999999,505.392,0.542695633043478,0.3779559860869565,-0.2135999999999999,0.8562,True
776,left_shoulder,949.692,617.4019999999999,0.6384367904347825,0.5306398186956519,1.5879,0.8725,True
776,left_toe_tip,894.758,420.528,0.7652708791304349,0.181820848695652,-0.1045999999999999,0.7973,True
776,right_shoulder,,,,,,0.1138,True
776,right_toe_tip,848.586,505.2679999999999,0.5420515313043478,0.3775073199999998,-0.2128000000000001,0.8657,True
777,left_shoulder,951.138,612.4440000000001,0.6416206669565215,0.5205834313043479,1.5868,0.8541,True
777,left_toe_tip,893.9680000000001,419.92,0.7635603130434784,0.1801507826086955,-0.096,0.8937,True
777,right_shoulder,,,,,,0.265,True
777,right_toe_tip,848.418,505.142,0.5394854621739131,0.3756969117391304,-0.2034,0.875,True
778,left_shoulder,952.836,608.0139999999999,0.6458023165217391,0.5119871617391302,1.5853,0.8489,True
778,left_toe_tip,893.216,419.152,0.7616296904347826,0.1779189286956523,-0.0971999999999998,0.9056,True
778,right_shoulder,,,,,,0.2211,True
778,right_toe_tip,848.298,504.99,0.5368201717391304,0.3736644456521738,-0.193,0.8714,True
779,left_shoulder,954.61,603.5319999999999,0.6505587652173914,0.5035818226086956,1.6005999999999998,0.9439,True
779,left_toe_tip,892.6619999999999,418.362,0.7628744604347825,0.1762151778260868,-0.1053000000000001,0.9257,True
779,right_shoulder,,,,,,0.1859,True
779,right_toe_tip,848.366,504.96400000000006,0.5350929473913043,0.3722738547826088,-0.1845999999999999,0.8677,True
780,left_shoulder,956.318,599.0960000000001,0.6551908486956521,0.4952405843478263,1.6204,0.8804,True
780,left_toe_tip,892.134,417.558,0.766103677826087,0.1748887317391304,-0.1254000000000001,0.9297,True
780,right_shoulder,,,,,,0.07,True
780,right_toe_tip,848.5560000000002,505.13,0.5346287721739135,0.3720375999999999,-0.1804000000000001,0.8756,True
781,left_shoulder,957.758,594.9060000000001,0.6569992039130436,0.4856936882608697,1.6288,0.8811,True
781,left_toe_tip,891.798,416.90600000000006,0.7660680456521739,0.1731303195652176,-0.129,0.9352,True
781,right_shoulder,,,,,,0.1375,True
781,right_toe_tip,848.586,505.23,0.5335720569565218,0.3715046543478261,-0.1754,0.8909,True
782,left_shoulder,959.414,591.1859999999999,0.6587566560869567,0.4767959960869564,1.6336,0.8668,True
782,left_toe_tip,891.55,416.3620000000001,0.7685399347826085,0.1721981626086959,-0.1408000000000001,0.9212,True
782,right_shoulder,,,,,,0.077,True
782,right_toe_tip,848.7459999999999,505.386,0.5330283730434778,0.3712399904347825,-0.1711999999999998,0.8927,True
783,left_shoulder,961.032,587.4,0.660279076521739,0.4677024782608695,1.6338,0.8448,True
783,left_toe_tip,891.506,416.016,0.768733556521739,0.1712141217391303,-0.142,0.9359,True
783,right_shoulder,,,,,,0.1014,True
783,right_toe_tip,848.882,505.6,0.5330123730434781,0.3715332173913044,-0.1695999999999999,0.8922,True
784,left_shoulder,962.79,583.588,0.6623510456521738,0.4587928547826086,1.6337000000000002,0.8475,True
784,left_toe_tip,891.4959999999999,415.7480000000001,0.7677188765217388,0.1701768295652175,-0.1384,0.93,True
784,right_shoulder,,,,,,0.045,True
784,right_toe_tip,849.116,505.716,0.5339731599999998,0.3720826382608695,-0.1851999999999998,0.8911,True
785,left_shoulder,964.398,579.4540000000001,0.6640991230434782,0.4492605039130437,1.6336,0.8618,True
785,left_toe_tip,891.5719999999999,415.6700000000001,0.765653913043478,0.1694304347826089,-0.13,0.9286,True
785,right_shoulder,,,,,,0.0697,True
785,right_toe_tip,849.2620000000001,505.708,0.5330267073913045,0.371143616521739,-0.1794000000000001,0.8897,True
786,left_shoulder,966.248,575.684,0.6671771599999999,0.44107378,1.6256,0.8678,True
786,left_toe_tip,891.716,415.668,0.7670771495652173,0.1696421791304348,-0.1335999999999999,0.9278,True
786,right_shoulder,,,,,,0.0537,True
786,right_toe_tip,849.6220000000001,505.84,0.5331690000000001,0.3709408695652172,-0.176,0.8878,True
787,left_shoulder,968.548,572.078,0.6698093791304348,0.432362496521739,1.6224,0.9065,True
787,left_toe_tip,891.78,415.688,0.7656301391304348,0.169339944347826,-0.1275999999999999,0.9165,True
787,right_shoulder,,,,,,0.0826,True
787,right_toe_tip,849.876,505.892,0.5327200382608696,0.3703119547826087,-0.1711999999999998,0.8986,True
788,left_shoulder,970.406,567.7180000000001,0.6735972756521738,0.423473783478261,1.6179,0.8649,True
788,left_toe_tip,891.814,415.648,0.7657335286956521,0.1692183095652174,-0.1275999999999999,0.9147,True
788,right_shoulder,,,,,,0.101,True
788,right_toe_tip,850.2140000000002,505.93,0.5324355030434786,0.3696153108695652,-0.1661999999999998,0.9335,True
789,left_shoulder,972.064,563.566,0.6760389913043477,0.4144338239130435,1.6205,0.8403,True
789,left_toe_tip,891.832,415.638,0.7661167408695653,0.1692604721739131,-0.1288000000000002,0.9221,True
789,right_shoulder,,,,,,0.0849,True
789,right_toe_tip,850.374,506.02,0.5309656826086957,0.3685417826086956,-0.158,0.9358,True
790,left_shoulder,973.86,559.6879999999999,0.678751895652174,0.4059743860869563,1.6231,0.921,True
790,left_toe_tip,891.8120000000001,415.54800000000006,0.7651252878260872,0.1687813904347827,-0.1254000000000001,0.94,True
790,right_shoulder,,,,,,0.1097,True
790,right_toe_tip,850.3460000000001,505.984,0.5290659173913046,0.367181495652174,-0.15,0.9433,True
791,left_shoulder,975.882,555.864,0.6794308717391303,0.3961988086956522,1.6325,0.8729,True
791,left_toe_tip,891.7639999999999,415.438,0.7639942773913041,0.1682302265217391,-0.1218000000000001,0.949,True
791,right_shoulder,,,,,,0.0435,True
791,right_toe_tip,850.292,505.874,0.5270557539130436,0.3656046404347825,-0.1418000000000001,0.9468,True
792,left_shoulder,977.086,551.632,0.682232752173913,0.387846504347826,1.627,0.823,True
792,left_toe_tip,891.734,415.304,0.764231589130435,0.1678957304347825,-0.123,0.9455,True
792,right_shoulder,,,,,,0.1547,True
792,right_toe_tip,850.208,505.712,0.5250173286956521,0.3639315582608696,-0.1338000000000001,0.9085,True
793,left_shoulder,978.224,548.76,0.6849035999999998,0.382239,1.617,0.8928,True
793,left_toe_tip,891.734,415.204,0.7635748917391306,0.1674481330434782,-0.1205999999999999,0.9562,True
793,right_shoulder,,,,,,0.059,True
793,right_toe_tip,850.018,505.556,0.5214381691304348,0.3613902339130435,-0.1201999999999998,0.9192,True
794,left_shoulder,978.976,545.868,0.6848789008695653,0.3755341721739131,1.6302,0.873,True
794,left_toe_tip,891.7280000000001,415.052,0.7632283513043481,0.1669152704347827,-0.1194,0.9581,True
794,right_shoulder,,,,,,0.0269,True
794,right_toe_tip,850.0440000000001,505.49799999999993,0.5194936060869568,0.3598545099999998,-0.1114000000000001,0.9067,True
795,left_shoulder,979.448,543.1200000000001,0.6846518573913042,0.3693450782608697,1.6244,0.868,True
795,left_toe_tip,891.7139999999999,415.00200000000007,0.7641161513043477,0.1669669408695654,-0.1228000000000001,0.9583,True
795,right_shoulder,,,,,,0.0264,True
795,right_toe_tip,850.0020000000001,505.578,0.519389729130435,0.3600523708695652,-0.1114000000000001,0.9066,True
796,left_shoulder,979.576,540.3820000000001,0.6862388034782609,0.3645284939130436,1.6113,0.9342,True
796,left_toe_tip,891.652,414.984,0.7629432156521739,0.1666971443478261,-0.1191999999999998,0.9609,True
796,right_shoulder,,,,,,0.0174,True
796,right_toe_tip,850.2560000000001,505.93,0.5168640973913046,0.3587340086956522,-0.0975999999999999,0.9171,True
797,left_shoulder,979.69,538.2760000000001,0.6880199413043478,0.361086411304348,1.5976,0.9267,True
797,left_toe_tip,891.6360000000001,414.99000000000007,0.7609800860869568,0.1662969326086958,-0.1121999999999998,0.964,True
797,right_shoulder,,,,,,0.0645,True
797,right_toe_tip,850.5260000000001,506.434,0.5149191360869567,0.3581584639130435,-0.1111999999999998,0.8925,True
798,left_shoulder,979.586,535.75,0.6866281273913043,0.3553588586956522,1.5783,0.8786,True
798,left_toe_tip,891.6139999999999,415.016,0.758069223043478,0.1657536399999999,-0.1018000000000001,0.9529,True
798,right_shoulder,,,,,,0.0452,True
798,right_toe_tip,851.156,506.776,0.5154042539130433,0.3582610713043478,-0.1150999999999999,0.8894,True
799,left_shoulder,979.656,533.6899999999999,0.6865481495652173,0.3510803521739129,1.5744,0.9334,True
799,left_toe_tip,891.644,415.116,0.7549867052173912,0.1653599817391303,-0.0901999999999998,0.953,True
799,right_shoulder,,,,,,0.0349,True
799,right_toe_tip,851.85,507.294,0.5144731195652175,0.3577002769565218,-0.1036999999999998,0.8968,True
800,left_shoulder,979.716,532.05,0.6854878069565218,0.3471669782608695,1.5686,0.9657,True
800,left_toe_tip,891.65,415.238,0.7528164456521738,0.1652456778260869,-0.0821999999999998,0.9294,True
800,right_shoulder,,,,,,0.0328,True
800,right_toe_tip,853.9459999999999,510.626,0.5139820099999998,0.3618625926086957,-0.0986999999999998,0.3902,True
801,left_shoulder,979.576,530.8799999999999,0.6853529530434783,0.3448804173913041,1.5592,0.9497,True
801,left_toe_tip,891.598,415.39400000000006,0.7520592391304346,0.165579891304348,-0.08,0.9309,True
801,right_shoulder,,,,,,0.1909,True
801,right_toe_tip,857.1306666666667,510.75,0.5236153228985507,0.363536902173913,-0.1020999999999999,0.4404,True
802,left_shoulder,979.19,529.9999999999999,0.6826567434782607,0.3421434782608693,1.5644,0.9497,True
802,left_toe_tip,891.5840000000001,415.462,0.750759471304348,0.165505842173913,-0.0754,0.908,True
802,right_shoulder,,,,,,0.0865,True
802,right_toe_tip,861.698,507.804,0.5421961956521738,0.3614771739130434,-0.13,0.4735,True
803,left_shoulder,978.946,529.564,0.6806183047826085,0.340491884347826,1.5686,0.9452,True
803,left_toe_tip,891.6039999999999,415.544,0.7526788356521736,0.1661610834782609,-0.0821999999999998,0.8905,True
803,right_shoulder,,,,,,0.0325,True
803,right_toe_tip,867.318,502.0559999999999,0.567553745652174,0.3546767739130433,-0.1785,0.1084,True
804,left_shoulder,978.732,529.51,0.6792312973913043,0.3399044,1.5627,0.9295,True
804,left_toe_tip,891.574,415.6060000000001,0.7535188199999998,0.1665520582608697,-0.0855999999999999,0.9023,True
804,right_shoulder,,,,,,0.1906,True
804,right_toe_tip,872.9,496.8850000000001,0.5884775434782608,0.3458726858695653,-0.2130999999999999,0.2889,True
805,left_shoulder,978.578,529.678,0.6793641173913046,0.3404625956521739,1.5615,0.914,True
805,left_toe_tip,891.558,415.664,0.7566427147826086,0.1674276313043479,-0.0971999999999998,0.8878,True
805,right_shoulder,,,,,,0.0289,True
805,right_toe_tip,877.45,489.785,0.6033810978260872,0.3297949706521738,-0.2093000000000001,0.7724,True
806,left_shoulder,978.132,529.9100000000001,0.6781016739130433,0.3407434239130436,1.5625,0.9357,True
806,left_toe_tip,891.4460000000001,415.65600000000006,0.7569071221739135,0.1675366591304349,-0.0994,0.9056,True
806,right_shoulder,,,,,,0.0177,True
806,right_toe_tip,883.6753333333334,479.487,0.633132083478261,0.310458396521739,-0.0294,0.1771,True
807,left_shoulder,977.994,530.362,0.6778249239130435,0.3416498804347825,1.567,0.954,True
807,left_toe_tip,891.1300000000001,415.812,0.7594498760869569,0.168782767826087,-0.1071999999999998,0.8982,True
807,right_shoulder,,,,,,0.0251,True
807,right_toe_tip,891.576,465.991,0.6788176765217392,0.2859913678260869,0.0295999999999999,0.4103,True
808,left_shoulder,977.89,530.778,0.6791589,0.34326378,1.5628,0.9178,True
808,left_toe_tip,890.6700000000001,416.026,0.7606744630434785,0.1700145508695652,-0.1168000000000001,0.8848,True
808,right_shoulder,,,,,,0.0356,True
808,right_toe_tip,898.616,453.515,0.7191773634782609,0.2600530173913043,0.0450999999999999,0.0565,True
809,left_shoulder,977.602,531.152,0.6803414217391306,0.3449084869565219,1.558,0.9172,True
809,left_toe_tip,890.55,416.082,0.7628702826086955,0.1707574982608695,-0.1261999999999998,0.8943,True
809,right_shoulder,1094.24,504.8,0.7978824347826088,0.254344347826087,2.163,0.089,True
809,right_toe_tip,908.402,435.63,0.7543846647826089,0.2125696239130435,-0.0523000000000001,0.7402,True
810,left_shoulder,977.236,531.664,0.6811434078260872,0.3467239617391304,1.5493,0.8753,True
810,left_toe_tip,890.624,416.102,0.7650570017391306,0.1712574530434783,-0.1334000000000001,0.8004,True
810,right_shoulder,1094.647164948453,503.4382989690722,0.7982995914483468,0.2518584614467763,2.158103092783505,0.1055,True
810,right_toe_tip,917.806,414.896,0.7959745826086955,0.1572889739130435,-0.143,0.8797,True
811,left_shoulder,976.948,532.226,0.6807814591304348,0.3479714008695652,1.5572,0.879,True
811,left_toe_tip,890.7360000000001,415.956,0.7653988939130439,0.1708117721739131,-0.1334000000000001,0.9261,True
811,right_shoulder,1095.0543298969071,502.0765979381443,0.7987162142918205,0.2493743603545633,2.14770618556701,0.3179,True
811,right_toe_tip,924.228,397.652,0.8054774365217392,0.1067024939130434,-0.1001999999999998,0.8887,True
812,left_shoulder,976.258,532.63,0.6820920430434784,0.350176202173913,1.5497999999999998,0.897,True
812,left_toe_tip,890.95,415.732,0.764742847826087,0.1698372121739129,-0.1285999999999999,0.9253,True
812,right_shoulder,1095.461494845361,500.7148969072165,0.799132303313028,0.2468920445494485,2.1483092783505158,0.2579,True
812,right_toe_tip,927.762,384.162,0.785277475217391,0.0659359969565218,-0.1000999999999999,0.8872,True
813,left_shoulder,975.634,533.028,0.6845474321739131,0.3529018904347826,1.5311,0.9071,True
813,left_toe_tip,891.268,415.396,0.7644009547826089,0.1685242660869566,-0.1238000000000001,0.9424,True
813,right_shoulder,1095.8686597938145,499.3531958762886,0.7995478585119705,0.2444115140314314,2.143412371134021,0.0455,True
813,right_toe_tip,930.681,370.801,0.7618685818478259,0.0283091861956522,-0.0433000000000001,0.9454,True
814,left_shoulder,975.196,533.3299999999999,0.6871517999999998,0.3553264999999999,1.53,0.9344,True
814,left_toe_tip,891.1299999999999,415.188,0.7626708913043475,0.167603556521739,-0.119,0.9213,True
814,right_shoulder,1096.6829896907216,496.629793814433,0.8003773674430585,0.2394558088566914,2.1341185567010306,0.0171,True
814,right_toe_tip,930.615,360.14300000000003,0.7541143364130436,0.0003710694565218,-0.0363000000000001,0.9402,True
815,left_shoulder,974.752,533.55,0.6899529808695654,0.3577016413043478,1.5198,0.9649,True
815,left_toe_tip,890.9219999999999,415.028,0.7607300460869562,0.166830540869565,-0.1141999999999998,0.9277,True
815,right_shoulder,1097.0901546391751,495.2680927835052,0.8007913211752044,0.2369806341999681,2.118721649484536,0.0132,True
815,right_toe_tip,930.683,349.441,0.7496777761956522,-0.0272318905434783,-0.0216999999999998,0.9279,False
816,left_shoulder,974.55,533.58,0.6954276304347826,0.3608199913043479,1.5035999999999998,0.9643,True
816,left_toe_tip,890.858,415.014,0.7618448391304347,0.1670751260869565,-0.119,0.9153,True
816,right_shoulder,1097.497319587629,493.9063917525773,0.801204741085085,0.2345072448303427,2.1138247422680414,0.0143,True
816,right_toe_tip,930.623,340.391,0.7495230348913042,-0.0505720372826086,-0.0256999999999998,0.938,True
817,left_shoulder,974.774,533.432,0.6993137752173912,0.3622843669565218,1.4942,0.9564,True
817,left_toe_tip,890.7940000000001,414.974,0.7607236265217394,0.1667504830434782,-0.1155999999999999,0.9076,True
817,right_shoulder,1097.9044845360825,492.5446907216495,0.8016176271727,0.2320356407478155,2.093427835051546,0.0142,True
817,right_toe_tip,930.735,332.725,0.7508231375000001,-0.0704376874999999,-0.0289,0.8847,True
818,left_shoulder,975.126,533.158,0.7017247026086956,0.3625777947826087,1.4811,0.9669,True
818,left_toe_tip,890.742,415.0,0.7592576778260869,0.1665423913043478,-0.1108000000000001,0.9054,True
818,right_shoulder,1098.311649484536,491.1829896907217,0.8020299794380495,0.2295658219523861,2.089030927835052,0.0147,True
818,right_toe_tip,931.248,326.514,0.7519896730434781,-0.0864593960869564,-0.0414,0.9401,True
819,left_shoulder,975.434,532.934,0.7044113999999999,0.3631613999999999,1.4755,0.9447,True
819,left_toe_tip,890.8,415.05,0.7597604347826086,0.166765597826087,-0.112,0.8925,True
819,right_shoulder,,,,,,0.0144,True
819,right_toe_tip,931.838,322.14,0.753195812173913,-0.0977117217391304,-0.0404,0.8979,True
820,left_shoulder,975.872,532.498,0.7065724660869565,0.3628832926086957,1.4806,0.9603,True
820,left_toe_tip,890.698,415.02199999999993,0.7578164543478261,0.1663219369565215,-0.106,0.8952,True
820,right_shoulder,,,,,,0.0162,True
820,right_toe_tip,932.314,319.372,0.7516918056521739,-0.1044757852173912,-0.0318000000000001,0.9197,True
821,left_shoulder,976.288,532.016,0.7086904069565215,0.3625050226086955,1.4772,0.958,True
821,left_toe_tip,890.686,415.068,0.7555458052173915,0.165970163478261,-0.0978000000000001,0.8976,True
821,right_shoulder,,,,,,0.0171,False
821,right_toe_tip,932.572,317.462,0.7554081834782607,-0.1098312665217391,-0.0354,0.9153,True
822,left_shoulder,976.736,531.4540000000001,0.7127822678260871,0.3629233908695654,1.4601,0.9429,True
822,left_toe_tip,890.698,415.134,0.7594514413043477,0.1670200630434783,-0.112,0.8907,True
822,right_shoulder,,,,,,0.0143,True
822,right_toe_tip,932.02,316.358,0.7694092173913046,-0.1149871826086956,-0.073,0.9191,True
823,left_shoulder,977.354,530.884,0.7194440739130435,0.3644287043478261,1.4455,0.9272,True
823,left_toe_tip,890.774,415.132,0.7616442508695652,0.1674454721739129,-0.1191999999999998,0.9022,True
823,right_shoulder,,,,,,0.0157,True
823,right_toe_tip,930.366,315.524,0.7849350456521739,-0.1202302304347826,-0.128,0.9413,True
824,left_shoulder,978.224,529.926,0.7279168695652172,0.3657103043478261,1.4275,0.9336,True
824,left_toe_tip,890.824,415.152,0.7627775947826085,0.167722027826087,-0.1228000000000001,0.8811,True
824,right_shoulder,,,,,,0.0186,False
824,right_toe_tip,928.398,314.60600000000005,0.7998655834782606,-0.1258992721739129,-0.1835999999999999,0.8685,True
825,left_shoulder,979.37,528.76,0.7363591239130437,0.3661725130434782,1.4198,0.9385,True
825,left_toe_tip,890.99,415.2,0.7601723217391305,0.1671839999999999,-0.1114000000000001,0.8852,True
825,right_shoulder,,,,,,0.0178,False
825,right_toe_tip,926.492,314.04200000000003,0.8240381852173911,-0.1321891952173912,-0.2551999999999998,0.9438,True
826,left_shoulder,980.448,527.784,0.7489855999999999,0.3691248,1.392,0.9707,True
826,left_toe_tip,891.018,415.168,0.7641315334782609,0.1679385878260869,-0.1255999999999999,0.8853,True
826,right_shoulder,,,,,,0.0153,True
826,right_toe_tip,924.774,313.58000000000004,0.8467073908695653,-0.1380187695652172,-0.3179,0.9353,True
827,left_shoulder,982.04,526.518,0.759403156521739,0.3697061595652174,1.3779,0.9717,True
827,left_toe_tip,891.1659999999999,415.11,0.7649096726086955,0.1678339108695652,-0.1268000000000002,0.9054,True
827,right_shoulder,,,,,,0.0107,True
827,right_toe_tip,923.358,313.192,0.8570347508695652,-0.1415738486956521,-0.3355999999999999,0.9342,True
828,left_shoulder,983.722,524.7379999999999,0.7676208926086957,0.3679029291304346,1.3704,0.972,True
828,left_toe_tip,891.2959999999999,415.038,0.7627379895652173,0.1670522947826087,-0.1174,0.882,True
828,right_shoulder,,,,,,0.0134,False
828,right_toe_tip,922.376,312.63800000000003,0.8646230347826086,-0.1450203847826086,-0.338,0.9383,True
829,left_shoulder,985.718,522.9100000000001,0.777414563478261,0.3663350086956524,1.3651999999999995,1.0,True
829,left_toe_tip,891.4619999999999,414.922,0.7638978234782606,0.1668434843478262,-0.1248000000000001,0.8577,True
829,right_shoulder,,,,,,0.0136,True
829,right_toe_tip,921.382,311.872,0.8707549499999998,-0.1489352347826088,-0.354,0.9109,True
830,left_shoulder,988.202,520.872,0.7865580395652173,0.3633958591304347,1.3693000000000002,0.9427,True
830,left_toe_tip,891.542,414.812,0.7685701760869567,0.1674744913043478,-0.141,0.8687,True
830,right_shoulder,,,,,,0.0165,False
830,right_toe_tip,920.302,310.974,0.8670472082608697,-0.1516502073913044,-0.3528000000000001,0.8849,True
831,left_shoulder,991.078,518.126,0.8020605873913046,0.3612491595652174,1.3782,0.9724,True
831,left_toe_tip,891.6020000000001,414.73,0.7651982565217393,0.1664505869565218,-0.128,0.8942,True
831,right_shoulder,,,,,,0.0143,True
831,right_toe_tip,919.132,309.92,0.853051664347826,-0.1530488347826088,-0.3045999999999999,0.9211,True
832,left_shoulder,993.886,514.248,0.8177843869565219,0.3564470086956522,1.354,0.9725,True
832,left_toe_tip,891.54,414.684,0.7586118304347824,0.1649198113043478,-0.1045999999999999,0.8934,True
832,right_shoulder,,,,,,0.0189,True
832,right_toe_tip,917.834,308.934,0.8389982813043481,-0.154208218695652,-0.2661999999999998,0.9167,True
833,left_shoulder,997.13,510.2879999999999,0.8268335869565214,0.3479493913043475,1.3175,0.9248,True
833,left_toe_tip,891.518,414.69,0.7548273891304349,0.1641294456521737,-0.091,0.8845,True
833,right_shoulder,,,,,,0.0162,False
833,right_toe_tip,916.664,308.136,0.8228348226086956,-0.1542503008695651,-0.2171999999999998,0.9241,True
834,left_shoulder,1000.04,505.308,0.8333360608695651,0.3363248426086956,1.3046,0.9239,True
834,left_toe_tip,891.5559999999999,414.658,0.7507852878260867,0.1631303656521739,-0.0758000000000001,0.8683,True
834,right_shoulder,,,,,,0.0129,True
834,right_toe_tip,915.716,307.566,0.8038320165217392,-0.1528679073913044,-0.1631999999999998,0.9305,True
835,left_shoulder,1002.126,500.848,0.833204692173913,0.324072876521739,1.3351999999999995,0.987,True
835,left_toe_tip,891.624,414.61800000000005,0.7440959286956523,0.1615149247826088,-0.0505999999999999,0.8877,True
835,right_shoulder,,,,,,0.0182,True
835,right_toe_tip,914.99,307.166,0.7871289847826087,-0.151231582173913,-0.1074,0.9533,True
836,left_shoulder,1004.542,495.73,0.8235479269565219,0.3066317739130436,1.4061,0.9471,True
836,left_toe_tip,891.7140000000002,414.544,0.7397108373913047,0.1602882156521738,-0.0335999999999999,0.879,True
836,right_shoulder,,,,,,0.0143,True
836,right_toe_tip,914.37,306.944,0.7771828478260873,-0.1502868869565216,-0.08,0.9607,True
837,left_shoulder,1006.946,491.136,0.8153380578260867,0.2913784904347825,1.4493,0.9438,True
837,left_toe_tip,891.798,414.47,0.738096572173913,0.1596681478260868,-0.0268000000000001,0.8807,True
837,right_shoulder,,,,,,0.0137,False
837,right_toe_tip,914.016,306.782,0.7699849599999999,-0.14954258,-0.0591999999999998,0.9647,True
838,left_shoulder,1009.592,485.61800000000005,0.8090850956521738,0.2749941869565218,1.475,0.9175,True
838,left_toe_tip,891.574,414.21,0.7386431399999998,0.1591652739130435,-0.0311999999999998,0.8798,True
838,right_shoulder,,,,,,0.0139,True
838,right_toe_tip,913.81,306.552,0.765775141304348,-0.1494801130434782,-0.047,0.9587,True
839,left_shoulder,1012.446,480.342,0.8075600878260867,0.2609328495652173,1.4617,0.9316,True
839,left_toe_tip,891.332,413.91399999999993,0.7370037713043478,0.1580969447826085,-0.0278000000000001,0.8723,True
839,right_shoulder,,,,,,0.0139,True
839,right_toe_tip,913.688,306.432,0.764838965217391,-0.1496992695652173,-0.045,0.9421,True
840,left_shoulder,1015.706,473.49,0.8136485156521738,0.2457798652173912,1.4416,0.9404,True
840,left_toe_tip,890.9799999999999,413.67,0.7365717391304345,0.1575097826086955,-0.025,0.9067,True
840,right_shoulder,,,,,,0.0147,False
840,right_toe_tip,913.624,306.31600000000003,0.7655523652173913,-0.1501984956521738,-0.048,0.9212,True
841,left_shoulder,1018.905,466.78100000000006,0.8171786475543479,0.2302929577717392,1.46785,0.9477,True
841,left_toe_tip,890.6,413.382,0.7366550434782609,0.1569198704347824,-0.0294,0.9154,True
841,right_shoulder,,,,,,0.0183,True
841,right_toe_tip,913.582,306.226,0.7684680482608693,-0.1510464899999999,-0.0581999999999998,0.9195,True
842,left_shoulder,1022.165,459.997,0.8185185046195652,0.2141729224456522,1.49055,0.9096,True
842,left_toe_tip,889.9900000000001,413.128,0.7342641065217395,0.156046175652174,-0.0271999999999998,0.8345,True
842,right_shoulder,,,,,,0.0135,True
842,right_toe_tip,913.518,306.166,0.7703693930434783,-0.1516246313043478,-0.0651999999999998,0.9286,True
843,left_shoulder,1024.966,453.7,0.8241201489130433,0.2005892934782608,1.478,0.9251,False
843,left_toe_tip,889.406,413.112,0.7307595799999997,0.1556181599999998,-0.0205999999999999,0.8386,True
843,right_shoulder,,,,,,0.0148,True
843,right_toe_tip,913.508,306.238,0.7724222669565218,-0.1518309004347826,-0.0721999999999998,0.926,True
844,left_shoulder,1027.98,447.39,0.8229814891304348,0.1853712880434782,1.4735,0.8577,False
844,left_toe_tip,888.598,413.068,0.7262844613043478,0.155039315652174,-0.0128000000000001,0.8644,True
844,right_shoulder,,,,,,0.0141,True
844,right_toe_tip,913.548,306.204,0.7764600513043479,-0.1526987765217391,-0.0854,0.9285,True
845,left_shoulder,1030.99875,441.7205,0.8218198726902173,0.1717640552717391,1.5183,0.8971,False
845,left_toe_tip,887.86,412.954,0.7241283782608696,0.1547062621739131,-0.0078000000000001,0.8568,True
845,right_shoulder,,,,,,0.0169,True
845,right_toe_tip,913.488,306.142,0.7781328139130436,-0.1532377182608695,-0.0915999999999999,0.9292,True
846,left_shoulder,1033.86125,436.3165,0.821264922758152,0.1591323454076087,1.55215,0.8807,True
846,left_toe_tip,887.176,412.8740000000001,0.720947911304348,0.1542196647826089,-0.0034,0.874,True
846,right_shoulder,,,,,,0.0218,True
846,right_toe_tip,913.476,306.092,0.7812495904347825,-0.1540010930434782,-0.1021999999999998,0.9494,True
847,left_shoulder,1036.5675,431.178,0.8213473292119563,0.1474196957608695,1.55555,0.9391,False
847,left_toe_tip,886.5319999999999,412.614,0.7193910947826084,0.1535299395652175,0.0014,0.8832,True
847,right_shoulder,,,,,,0.0306,True
847,right_toe_tip,913.488,306.016,0.7840782052173915,-0.1547697808695651,-0.1115999999999999,0.9364,True
848,left_shoulder,1039.1174999999998,426.305,0.8220952853260867,0.1365738858695652,1.5615,0.8415,False
848,left_toe_tip,885.99,412.352,0.7178095152173913,0.1527654121739129,0.0014,0.9021,True
848,right_shoulder,,,,,,0.0149,True
848,right_toe_tip,913.51,305.978,0.7902060652173912,-0.156076604347826,-0.132,0.9325,True
849,left_shoulder,1041.51125,421.6975000000001,0.8235344877717392,0.1265469375000001,1.565,0.7899,False
849,left_toe_tip,885.574,412.264,0.7175031652173912,0.1527017739130433,-0.002,0.9035,True
849,right_shoulder,,,,,,0.0189,True
849,right_toe_tip,913.53,305.972,0.7950208913043477,-0.1570335565217391,-0.148,0.9154,True
850,left_shoulder,1042.708125,419.39375000000007,0.8242384775815215,0.121563512228261,1.5645,0.8482,False
850,left_toe_tip,885.266,411.762,0.7171897752173911,0.1513588395652173,0.0038000000000001,0.917,True
850,right_shoulder,,,,,,0.011,False
850,right_toe_tip,913.554,306.088,0.8006211960869568,-0.1577863600000001,-0.1665999999999999,0.9288,True
851,left_shoulder,1043.905,417.0900000000001,0.8249320597826086,0.1166001195652175,1.5595,0.8589,False
851,left_toe_tip,884.8340000000001,411.526,0.7162458995652177,0.1507359526086956,0.0055999999999999,0.9007,True
851,right_shoulder,,,,,,0.0369,True
851,right_toe_tip,913.534,306.182,0.8012167643478261,-0.1576399417391304,-0.1688000000000001,0.9364,True
852,left_shoulder,1047.8945833333337,409.41083333333336,0.8271688343900969,0.1002001573067633,1.524333333333333,0.8264,False
852,left_toe_tip,884.802,411.452,0.7173230778260871,0.1507655452173911,0.0011999999999998,0.8821,True
852,right_shoulder,,,,,,0.0236,True
852,right_toe_tip,913.56,306.284,0.8052179130434785,-0.1581118782608696,-0.182,0.9407,True
853,left_shoulder,1051.09625,403.2775,0.8288951562500001,0.0872606114130434,1.509,0.4466,False
853,left_toe_tip,884.854,411.334,0.71864649,0.1506652899999999,-0.0031999999999998,0.8881,True
853,right_shoulder,,,,,,0.0133,False
853,right_toe_tip,913.588,306.354,0.8049434765217391,-0.1578358617391305,-0.1808000000000001,0.9348,True
854,left_shoulder,1053.8568253968251,398.0711111111111,0.830519822849913,0.0764003648493213,1.5267619047619043,0.6147,True
854,left_toe_tip,885.2700000000001,411.174,0.7198674500000003,0.1501956899999999,-0.0031999999999998,0.741,True
854,right_shoulder,,,,,,0.0152,False
854,right_toe_tip,913.544,306.45,0.8048140208695657,-0.1575534130434783,-0.1808000000000001,0.9396,True
855,left_shoulder,1054.305357142857,397.3125,0.8309910400953857,0.0748393730590062,1.5277142857142858,0.6006,True
855,left_toe_tip,885.8459999999999,410.69,0.7212907860869561,0.1487200521739128,-0.0081999999999998,0.743,True
855,right_shoulder,,,,,,0.0156,True
855,right_toe_tip,913.52,306.454,0.8030785043478262,-0.157215712173913,-0.1751999999999998,0.9404,True
856,left_shoulder,1054.7885714285717,396.492,0.8314965061224491,0.0731528604968944,1.5372428571428574,0.7299,False
856,left_toe_tip,886.7719999999999,408.746,0.7236857130434781,0.1429529434782608,-0.004,0.7203,True
856,right_shoulder,,,,,,0.0292,True
856,right_toe_tip,913.488,306.436,0.8076814086956523,-0.1581884652173913,-0.191,0.9413,True
857,left_shoulder,1055.6509523809525,395.0366666666667,0.8323991200088728,0.0701658214285714,1.5475714285714286,0.6187,False
857,left_toe_tip,887.3100000000001,404.876,0.7289193434782609,0.1322671321739129,-0.0145999999999999,0.5078,True
857,right_shoulder,,,,,,0.0347,True
857,right_toe_tip,913.458,306.454,0.8096140221739131,-0.1585310813043478,-0.1978000000000001,0.9344,True
858,left_shoulder,1056.7214285714283,393.21,0.8335075654392191,0.0664251568322982,1.5543571428571428,0.4855,False
858,left_toe_tip,887.426,398.946,0.7364688678260871,0.115923615652174,-0.0194,0.4762,True
858,right_shoulder,,,,,,0.0333,False
858,right_toe_tip,913.473,306.38199999999995,0.814087505543478,-0.1596126267391305,-0.2126999999999998,0.9192,True
859,left_shoulder,1057.256666666667,392.2966666666667,0.8340597934782609,0.0645582282608696,1.5555,0.5182,False
859,left_toe_tip,886.1880000000001,390.966,0.7399019782608699,0.0930662934782609,0.0055,0.5994,True
859,right_shoulder,,,,,,0.0163,False
859,right_toe_tip,913.575,306.206,0.8202194809782611,-0.1612825980434782,-0.2323000000000001,0.9279,True
860,left_shoulder,1057.791904761905,391.3833333333334,0.8346106917332157,0.0626935688405798,1.5566428571428568,0.6183,False
860,left_toe_tip,884.534,380.69,0.740406424347826,0.0626457217391302,0.0444,0.8759,True
860,right_shoulder,,,,,,0.0228,True
860,right_toe_tip,913.641,305.92600000000004,0.824462486847826,-0.1629214354347825,-0.2459000000000001,0.91,False
861,left_shoulder,1058.327142857143,390.47,0.8351602602040819,0.0608311785714286,1.562285714285714,0.3198,False
861,left_toe_tip,881.7860000000001,368.876,0.7390241652173914,0.0271296869565218,-0.03,0.9385,True
861,right_shoulder,,,,,,0.0214,True
861,right_toe_tip,913.141,305.826,0.818265119673913,-0.162292349347826,-0.2300999999999999,0.9481,True
862,left_shoulder,1058.862380952381,389.5566666666667,0.835708498890861,0.0589710574534161,1.5634285714285714,0.1927,False
862,left_toe_tip,879.1299999999999,358.886,0.7337132217391301,-0.0034180426086955,-0.0468000000000001,0.9302,True
862,right_shoulder,,,,,,0.0456,True
862,right_toe_tip,912.417,305.816,0.8130759133695654,-0.1617215713043479,-0.2124000000000001,0.9188,True
863,left_shoulder,,,,,,0.2056,False
863,left_toe_tip,875.6780000000001,348.856,0.7234289913043481,-0.0342072347826087,-0.012,0.9771,True
863,right_shoulder,,,,,,0.0492,True
863,right_toe_tip,911.198,305.97400000000005,0.8031587726086955,-0.1599991734782607,-0.1910999999999999,0.9186,True
864,left_shoulder,,,,,,0.1785,False
864,left_toe_tip,872.7819999999999,338.18,0.7154504165217389,-0.0670632956521739,-0.0035999999999999,0.9751,True
864,right_shoulder,,,,,,0.0476,True
864,right_toe_tip,910.21,305.914,0.793829986956522,-0.1588952617391305,-0.1668000000000001,0.9189,True
865,left_shoulder,,,,,,0.3803,False
865,left_toe_tip,870.432,327.458,0.7100311234782609,-0.1002718060869566,0.0011999999999998,0.9335,True
865,right_shoulder,,,,,,0.027,True
865,right_toe_tip,908.905,308.372,0.7837996173913042,-0.1504843965217391,-0.1405999999999999,0.8512,True
866,left_shoulder,,,,,,0.6132,False
866,left_toe_tip,869.0780000000001,317.046,0.7064566321739132,-0.1324664008695652,0.0048000000000001,0.8899,True
866,right_shoulder,,,,,,0.0186,True
866,right_toe_tip,907.825,313.11,0.7772165054347828,-0.1360727413043478,-0.1188000000000001,0.7155,True
867,left_shoulder,,,,,,0.5509,False
867,left_toe_tip,867.9219999999999,303.612,0.6996709917391302,-0.1730989017391305,0.0178000000000001,0.9247,True
867,right_shoulder,,,,,,0.0249,False
867,right_toe_tip,908.113,316.178,0.7749048554347827,-0.1266551065217391,-0.118,0.1635,True
868,left_shoulder,,,,,,0.3553,False
868,left_toe_tip,868.22,291.336,0.698502039130435,-0.2101566208695653,0.0201999999999998,0.9869,True
868,right_shoulder,,,,,,0.0218,False
868,right_toe_tip,908.517,317.416,0.7747882915217392,-0.1228733547826087,-0.1135999999999999,0.6087,True
869,left_shoulder,,,,,,0.4414,False
869,left_toe_tip,870.122,278.446,0.6970195273913041,-0.247019974347826,0.0434,1.0,True
869,right_shoulder,,,,,,0.0249,True
869,right_toe_tip,908.735,318.988,0.7722626010869562,-0.1178560060869565,-0.1028000000000001,0.4911,True
870,left_shoulder,,,,,,0.6331,False
870,left_toe_tip,871.6619999999999,268.63800000000003,0.696950090869565,-0.2748605908695651,0.0501999999999998,0.8853,True
870,right_shoulder,,,,,,0.0135,True
870,right_toe_tip,909.322,318.15,0.7717831747826084,-0.1199275434782609,-0.0954000000000001,0.6815,True
871,left_shoulder,,,,,,0.3882,False
871,left_toe_tip,873.5260000000001,258.98799999999994,0.6992580704347828,-0.3024650626086959,0.0421999999999998,0.8524,True
871,right_shoulder,,,,,,0.0142,True
871,right_toe_tip,910.584,314.012,0.7782231130434785,-0.1322654869565217,-0.115,0.8118,True
872,left_shoulder,,,,,,0.3684,False
872,left_toe_tip,876.1139999999999,250.698,0.7070074426086955,-0.3272882060869565,0.0271999999999998,0.8538,True
872,right_shoulder,,,,,,0.0153,True
872,right_toe_tip,910.724,311.014,0.7805090626086955,-0.1412287678260869,-0.1189,0.8126,True
873,left_shoulder,,,,,,0.3387,False
873,left_toe_tip,878.918,241.816,0.7117678852173914,-0.3520855513043479,0.0296999999999998,0.9284,True
873,right_shoulder,,,,,,0.0163,True
873,right_toe_tip,911.528,309.63800000000003,0.7925075930434783,-0.1469913504347825,-0.1541999999999998,0.7544,True
874,left_shoulder,1075.99,360.33,0.8525500108695652,0.0006452934782608,1.565,0.5994,False
874,left_toe_tip,880.662,236.046,0.7178528917391305,-0.3697332247826086,0.0088000000000001,0.9111,True
874,right_shoulder,,,,,,0.0123,True
874,right_toe_tip,912.256,308.296,0.8042797356521739,-0.15274036,-0.1868000000000002,0.8144,True
875,left_shoulder,1075.361666666667,358.9283333333333,0.8511636062801932,-0.0020951859903382,1.5568333333333335,0.4441,False
875,left_toe_tip,882.726,229.268,0.7216349513043478,-0.38867192,-0.0331999999999998,1.0,True
875,right_shoulder,,,,,,0.0248,False
875,right_toe_tip,913.242,306.872,0.820617006521739,-0.1595572434782608,-0.237,0.843,True
876,left_shoulder,1074.7333333333331,357.52666666666664,0.8497776570048309,-0.0048346497584541,1.5491666666666668,0.6051,True
876,left_toe_tip,884.528,223.992,0.7233776139130434,-0.402347144347826,-0.0355999999999999,0.9958,True
876,right_shoulder,,,,,,0.0226,True
876,right_toe_tip,913.848,306.454,0.8323788556521738,-0.1627565591304347,-0.2704000000000001,0.8547,True
877,left_shoulder,1074.105,356.125,0.8483921630434783,-0.0075730978260869,1.549,0.6888,False
877,left_toe_tip,885.9280000000001,219.85,0.7238837217391308,-0.4125284782608696,-0.033,0.9671,True
877,right_shoulder,,,,,,0.0396,False
877,right_toe_tip,914.156,306.528,0.8422549113043476,-0.1642752834782608,-0.3004000000000001,0.9109,True
878,left_shoulder,1073.326,354.54,0.8474349339130436,-0.0106778608695651,1.5398,0.9583,False
878,left_toe_tip,886.976,217.084,0.7239618226086957,-0.418930292173913,-0.0268000000000001,0.9084,True
878,right_shoulder,,,,,,0.0627,True
878,right_toe_tip,914.134,306.644,0.8432600217391305,-0.1641276956521739,-0.304,0.9483,True
879,left_shoulder,1072.17,352.144,0.8442347000000002,-0.0153465252173912,1.5418,0.704,True
879,left_toe_tip,887.9620000000001,214.51,0.7247498021739134,-0.4252419673913044,-0.025,0.9891,True
879,right_shoulder,,,,,,0.2709,False
879,right_toe_tip,914.1,306.694,0.8438704782608697,-0.1641129504347825,-0.3064000000000001,0.9303,True
880,left_shoulder,1071.417333333333,349.4266666666667,0.8412325378743962,-0.0206172338164251,1.5490666666666664,0.832,True
880,left_toe_tip,888.972,212.93400000000003,0.7267817426086957,-0.429304836521739,-0.0325999999999999,0.9935,True
880,right_shoulder,,,,,,0.0649,True
880,right_toe_tip,913.77,306.81800000000004,0.8407119608695653,-0.1633149852173911,-0.2991999999999998,0.9287,True
881,left_shoulder,1070.72,346.81000000000006,0.8420576,-0.0257864499999998,1.5574,0.8224,True
881,left_toe_tip,890.1600000000001,212.312,0.729107634782609,-0.430446307826087,-0.0284,0.9931,True
881,right_shoulder,,,,,,0.068,False
881,right_toe_tip,913.534,306.81000000000006,0.836419400869565,-0.1626457695652172,-0.2871999999999998,0.9287,True
882,left_shoulder,1069.94,343.88,0.8402523043478262,-0.0315040869565217,1.566,0.6829,True
882,left_toe_tip,890.966,212.34,0.7293835769565219,-0.4291449,-0.0208000000000001,1.0,True
882,right_shoulder,,,,,,0.0362,False
882,right_toe_tip,913.504,306.70200000000006,0.8310954156521736,-0.161956400869565,-0.2695999999999999,0.9353,True
883,left_shoulder,1068.64,340.688,0.8391093913043476,-0.0378053391304348,1.576,0.9209,True
883,left_toe_tip,892.094,212.382,0.7326618882608698,-0.4290228352173913,-0.0258000000000001,1.0,True
883,right_shoulder,,,,,,0.0241,False
883,right_toe_tip,913.472,306.69,0.8288579617391305,-0.1615756565217391,-0.2624000000000001,0.9365,True
884,left_shoulder,1067.63,336.53200000000004,0.8394562826086954,-0.046068704347826,1.5885,0.9279,True
884,left_toe_tip,893.5619999999999,212.41800000000003,0.7366527321739128,-0.4287577930434781,-0.0273000000000001,0.9967,True
884,right_shoulder,,,,,,0.0418,True
884,right_toe_tip,913.308,306.66600000000005,0.8272914330434783,-0.1614396991304346,-0.2588000000000002,0.9311,True
885,left_shoulder,1065.892,332.31,0.8380813878260871,-0.054489104347826,1.5840999999999998,0.922,True
885,left_toe_tip,894.702,212.484,0.7430654,-0.4303618956521739,-0.047,0.9425,True
885,right_shoulder,,,,,,0.071,True
885,right_toe_tip,913.198,306.658,0.8251767417391305,-0.161116032173913,-0.2528000000000002,0.937,True
886,left_shoulder,1064.372,328.528,0.8308465721739132,-0.0616167026086957,1.5673,0.8042,True
886,left_toe_tip,895.534,212.318,0.7513810617391302,-0.4342492895652173,-0.0681999999999998,0.9677,True
886,right_shoulder,,,,,,0.0394,True
886,right_toe_tip,913.018,306.78200000000004,0.8242769530434784,-0.1606720834782607,-0.2515999999999999,0.908,True
887,left_shoulder,1061.988,324.59,0.8301237852173913,-0.0696576282608696,1.5587,0.9195,True
887,left_toe_tip,896.2099999999998,212.054,0.7598854413043472,-0.4387885386956521,-0.1115999999999999,0.9815,True
887,right_shoulder,,,,,,0.0126,True
887,right_toe_tip,912.95,306.78,0.8260891086956524,-0.1610714869565218,-0.2584000000000001,0.913,True
888,left_shoulder,1060.458,320.624,0.8271140091304349,-0.0774594399999999,1.5632,0.9081,True
888,left_toe_tip,896.1439999999999,211.932,0.7631420695652171,-0.4411460739130434,-0.124,0.989,True
888,right_shoulder,,,,,,0.0121,True
888,right_toe_tip,912.964,306.74,0.8236985399999998,-0.1607178391304347,-0.2501999999999998,0.9111,True
889,left_shoulder,1058.372,316.844,0.8214643269565219,-0.0847358678260869,1.5751,0.8544,True
889,left_toe_tip,895.6039999999999,211.752,0.7652561495652171,-0.4438416208695652,-0.1249000000000001,0.9655,True
889,right_shoulder,,,,,,0.012,True
889,right_toe_tip,913.184,306.75,0.8247187408695652,-0.1607571195652173,-0.2514,0.9169,True
890,left_shoulder,1055.824,312.97400000000005,0.8179981252173913,-0.0925083204347825,1.5587,0.869,True
890,left_toe_tip,894.914,211.498,0.7664044826086956,-0.4464744913043478,-0.1365,0.9473,True
890,right_shoulder,,,,,,0.0229,True
890,right_toe_tip,913.298,306.76,0.8250628969565218,-0.1607269304347826,-0.2514,0.9262,True
891,left_shoulder,1053.19,308.11,0.8154214826086956,-0.1024037869565217,1.5444,0.9062,True
891,left_toe_tip,894.186,211.28,0.765210375652174,-0.4477118608695653,-0.1295999999999999,0.9694,True
891,right_shoulder,,,,,,0.0404,True
891,right_toe_tip,913.458,306.63800000000003,0.8269726604347825,-0.1613736482608694,-0.2561999999999998,0.935,True
892,left_shoulder,1051.236,303.408,0.8087939330434785,-0.1113017008695652,1.5506,0.93,True
892,left_toe_tip,893.5319999999999,211.016,0.7610369252173911,-0.4472111026086956,-0.1215999999999999,0.9772,True
892,right_shoulder,,,,,,0.0256,True
892,right_toe_tip,913.548,306.62,0.8252229556521741,-0.1610335347826087,-0.2494000000000001,0.9403,True
893,left_shoulder,1048.7320000000002,298.63800000000003,0.8019144130434787,-0.1203895760869564,1.559,0.9397,True
893,left_toe_tip,893.1479999999999,210.71,0.757407809565217,-0.4466691891304348,-0.1230999999999999,0.9801,True
893,right_shoulder,,,,,,0.018,True
893,right_toe_tip,913.642,306.584,0.824852167826087,-0.1610144034782608,-0.2471999999999998,0.9294,True
894,left_shoulder,1046.476,294.61,0.795544223478261,-0.127979602173913,1.5679,0.8581,True
894,left_toe_tip,892.892,210.47000000000003,0.7544428078260871,-0.4460869978260868,-0.1150999999999999,0.9835,True
894,right_shoulder,,,,,,0.0228,True
894,right_toe_tip,913.656,306.516,0.8234665982608694,-0.1609403321739131,-0.2424000000000001,0.9186,True
895,left_shoulder,1044.554,290.332,0.7913428026086958,-0.1362766660869565,1.5644,0.8174,True
895,left_toe_tip,892.7479999999999,210.278,0.7489582582608694,-0.4436653439130434,-0.0861999999999998,0.9774,True
895,right_shoulder,,,,,,0.0143,True
895,right_toe_tip,913.71,306.406,0.8232720782608697,-0.1612014313043478,-0.2411999999999998,0.9306,True
896,left_shoulder,1042.756,287.064,0.7869502017391301,-0.1425106017391303,1.5664,0.8139,True
896,left_toe_tip,892.592,210.132,0.7447071095652174,-0.4418499600000001,-0.0724,0.9793,True
896,right_shoulder,,,,,,0.0155,True
896,right_toe_tip,913.766,306.308,0.823440516521739,-0.1614961982608695,-0.2411999999999998,0.9337,True
897,left_shoulder,1041.4119999999998,283.622,0.7803972860869561,-0.1484887943478261,1.5754,0.8024,True
897,left_toe_tip,892.4799999999999,210.07,0.7434438260869562,-0.4414786630434783,-0.069,0.9757,True
897,right_shoulder,,,,,,0.0156,True
897,right_toe_tip,913.81,306.208,0.8235728608695654,-0.1617969808695653,-0.2411999999999998,0.9206,True
898,left_shoulder,1039.714,280.368,0.7747500052173912,-0.1543475895652174,1.5808,0.7814,True
898,left_toe_tip,892.4540000000001,209.962,0.7445746560869567,-0.4425142491304348,-0.0734,0.9764,True
898,right_shoulder,,,,,,0.0147,True
898,right_toe_tip,913.786,306.094,0.8235006730434783,-0.1621398730434782,-0.2411999999999998,0.9214,True
899,left_shoulder,1037.172,275.964,0.7689595286956523,-0.1627010034782608,1.5828,0.7851,True
899,left_toe_tip,892.3799999999999,209.788,0.7428750434782606,-0.4421457565217391,-0.068,0.9684,True
899,right_shoulder,,,,,,0.0134,True
899,right_toe_tip,913.75,305.944,0.824820652173913,-0.1628730782608695,-0.246,0.9156,True
900,left_shoulder,1035.298,272.82000000000005,0.7606049126086957,-0.1677456913043477,1.5858,0.8363,True
900,left_toe_tip,892.3340000000001,209.636,0.7427396434782612,-0.4425931652173913,-0.068,0.9631,True
900,right_shoulder,,,,,,0.0221,True
900,right_toe_tip,913.754,305.824,0.8197742065217395,-0.1622335652173914,-0.229,0.9191,True
901,left_shoulder,1033.168,269.02000000000004,0.7528312486956523,-0.1742069217391303,1.5774,0.7912,True
901,left_toe_tip,892.2239999999999,209.528,0.7408805843478259,-0.441995144347826,-0.0624,0.9645,True
901,right_shoulder,,,,,,0.0212,True
901,right_toe_tip,913.702,305.602,0.8168219686956522,-0.1623425530434783,-0.2195999999999999,0.9186,True
902,left_shoulder,1030.532,265.172,0.742774884347826,-0.1803587330434782,1.5722,0.7786,True
902,left_toe_tip,892.152,209.41,0.7394631478260871,-0.4416215434782609,-0.058,0.9647,True
902,right_shoulder,,,,,,0.0234,True
902,right_toe_tip,913.51,305.348,0.8169030195652174,-0.1632312669565217,-0.2218000000000002,0.9175,True
903,left_shoulder,1028.224,261.274,0.734502928695652,-0.1867852995652174,1.5724,0.7911,True
903,left_toe_tip,891.926,209.33,0.7372669156521741,-0.4409390304347826,-0.0524,0.9717,True
903,right_shoulder,,,,,,0.0315,True
903,right_toe_tip,913.362,305.124,0.8127765378260873,-0.163160663478261,-0.2094,0.9177,True
904,left_shoulder,1026.56,257.536,0.7193377391304346,-0.1906721391304347,1.601,0.7439,True
904,left_toe_tip,891.7540000000001,209.322,0.7367635539130439,-0.4409624426086957,-0.0524,0.9639,True
904,right_shoulder,,,,,,0.0173,False
904,right_toe_tip,913.146,304.944,0.8044149700000003,-0.1621399199999999,-0.1834000000000001,0.8992,True
905,left_shoulder,1024.892,253.846,0.7085359686956523,-0.1954156678260869,1.6194000000000002,0.6165,True
905,left_toe_tip,891.586,209.316,0.7353968165217392,-0.440455883478261,-0.0491999999999998,0.959,True
905,right_shoulder,,,,,,0.2866,True
905,right_toe_tip,912.936,304.76000000000005,0.8012451617391306,-0.1621654260869563,-0.1748000000000001,0.9165,True
906,left_shoulder,1022.666,250.172,0.693374154347826,-0.1990035608695653,1.6505,0.742,True
906,left_toe_tip,891.484,209.24,0.7344972913043479,-0.4403175217391304,-0.06,0.9619,True
906,right_shoulder,1173.23,240.63,0.868817141304348,-0.19449525,1.9715,0.2946,True
906,right_toe_tip,912.7900000000002,304.532,0.7945898282608702,-0.1615686373913044,-0.1538000000000002,0.919,True
907,left_shoulder,1020.58,246.842,0.6865332260869563,-0.204127192173913,1.6579000000000002,0.7402,True
907,left_toe_tip,891.338,209.146,0.7331420182608694,-0.4400345591304347,-0.0565999999999999,0.9639,True
907,right_shoulder,1172.5,237.65,0.8656019021739131,-0.1988852445652174,1.989,0.2723,True
907,right_toe_tip,912.778,304.304,0.7886249178260867,-0.1610219791304348,-0.1338000000000001,0.9182,True
908,left_shoulder,1018.686,243.498,0.6732378495652172,-0.2071202947826087,1.6774,0.846,True
908,left_toe_tip,891.192,209.138,0.7330437843478261,-0.4402546713043478,-0.0478000000000001,0.9597,True
908,right_shoulder,1171.9233333333332,234.16,0.8576300120772943,-0.2028942028985507,2.0286666666666666,0.844,True
908,right_toe_tip,912.416,304.194,0.7808271652173912,-0.1599569804347825,-0.1035,0.892,True
909,left_shoulder,1016.394,240.524,0.6688357730434783,-0.2123036573913043,1.6782,0.77,True
909,left_toe_tip,891.1379999999999,209.15,0.7340872930434781,-0.4409411086956522,-0.0521999999999998,0.9528,True
909,right_shoulder,1171.2475,231.0475,0.8556260686141304,-0.2076906161684782,2.05875,0.9005,True
909,right_toe_tip,911.988,303.95,0.7737467321739132,-0.1594500652173913,-0.0836999999999998,0.9013,True
910,left_shoulder,1014.166,237.56,0.6650393947826085,-0.2176237913043478,1.6778,0.7682,True
910,left_toe_tip,891.1020000000001,209.036,0.7331086652173916,-0.4407492434782609,-0.049,0.948,True
910,right_shoulder,1170.774,229.262,0.8563923104347826,-0.2109429208695652,2.0606,0.8538,True
910,right_toe_tip,911.708,303.552,0.7684020373913044,-0.1596373982608695,-0.0708000000000001,0.9051,True
911,left_shoulder,1012.502,234.7,0.6646731339130435,-0.2235787826086956,1.6714,0.7043,True
911,left_toe_tip,891.126,209.016,0.7325782160869566,-0.4404465860869566,-0.0468000000000001,0.9437,True
911,right_shoulder,1169.5079999999998,224.458,0.8523927695652173,-0.2181931543478261,2.064,0.9293,True
911,right_toe_tip,911.602,303.446,0.7635558834782612,-0.1589905060869564,-0.0554,0.9216,True
912,left_shoulder,1010.714,231.68,0.6581785299999999,-0.2278237913043479,1.6796,0.7296,True
912,left_toe_tip,891.15,209.076,0.73210225,-0.4399434599999999,-0.0448000000000001,0.9305,True
912,right_shoulder,1168.264,219.856,0.8495863199999998,-0.2253881113043478,2.0514,0.9465,True
912,right_toe_tip,911.29,303.27200000000005,0.7578427173913042,-0.1584684347826085,-0.039,0.9309,True
913,left_shoulder,1009.198,229.124,0.6578947839130435,-0.2332153417391304,1.6736,0.7862,True
913,left_toe_tip,891.454,209.082,0.7311845008695651,-0.4388432973913044,-0.0481999999999998,0.9399,True
913,right_shoulder,1167.042,215.638,0.8525477221739128,-0.2335212265217391,2.0473,0.8335,True
913,right_toe_tip,911.136,302.942,0.757707234782609,-0.159452302173913,-0.04,0.8941,True
914,left_shoulder,1007.748,226.826,0.659068372173913,-0.2386709686956521,1.6642,0.7596,True
914,left_toe_tip,891.6719999999999,209.038,0.7324202313043476,-0.4393322378260869,-0.0504,0.9522,True
914,right_shoulder,1165.9740000000002,211.718,0.8519635378260871,-0.2401846047826087,2.0738000000000003,0.9467,True
914,right_toe_tip,910.964,302.382,0.7554594130434781,-0.1606414891304347,-0.034,0.9007,True
915,left_shoulder,1006.106,224.038,0.6548522104347826,-0.2431946382608695,1.6594,0.7413,True
915,left_toe_tip,891.75,209.202,0.7335228804347826,-0.4393794769565218,-0.0535999999999999,0.9538,True
915,right_shoulder,1164.862,206.682,0.8452560208695653,-0.2469086399999999,2.0824000000000003,1.0,True
915,right_toe_tip,910.7240000000002,301.782,0.7539074869565221,-0.1621244739130435,-0.026,0.9359,True
916,left_shoulder,1004.374,221.614,0.6526255186956522,-0.2478613595652174,1.6492,0.8497,True
916,left_toe_tip,891.738,209.304,0.7349655086956524,-0.4399668,-0.046,0.9525,True
916,right_shoulder,1163.87,202.152,0.8408113499999998,-0.25334604,2.0874,0.9616,True
916,right_toe_tip,910.7279999999998,300.648,0.7515644695652168,-0.1647663130434782,-0.0205,0.9602,True
917,left_shoulder,1003.566,219.51,0.6545768721739131,-0.2529430826086957,1.6325999999999998,0.892,True
917,left_toe_tip,891.756,209.386,0.7386302121739129,-0.4418883791304346,-0.0591999999999998,0.9755,True
917,right_shoulder,1162.908,197.87,0.8392673399999998,-0.26021865,2.0874,0.9386,True
917,right_toe_tip,912.756,297.97799999999995,0.7512056008695656,-0.1708166778260871,-0.0168000000000001,0.9532,True
918,left_shoulder,1002.9,217.91800000000003,0.6571645652173912,-0.2572919695652173,1.6185,0.8677,True
918,left_toe_tip,891.6200000000001,209.474,0.7415679000000004,-0.4436263004347827,-0.0714,0.9543,True
918,right_shoulder,1162.1219999999998,194.714,0.8372112765217389,-0.2650325078260869,2.0798,0.921,True
918,right_toe_tip,914.886,295.324,0.750737569130435,-0.1766357800000001,-0.0055999999999999,0.8331,True
919,left_shoulder,1002.696,216.246,0.6576624643478265,-0.2606635030434782,1.6162999999999998,0.8508,True
919,left_toe_tip,891.524,209.63,0.7422145165217392,-0.4437222565217391,-0.0748000000000001,0.9517,True
919,right_shoulder,1161.164,191.4,0.8365815165217391,-0.270639652173913,2.0682,0.9488,True
919,right_toe_tip,918.014,292.258,0.7495499191304346,-0.1826383226086957,0.0150999999999999,0.8727,True
920,left_shoulder,1002.016,214.92800000000005,0.65886912,-0.26403104,1.6101,0.8499,True
920,left_toe_tip,891.5440000000001,209.712,0.7450077078260873,-0.4451138504347827,-0.0848000000000001,0.9518,True
920,right_shoulder,1160.218,188.388,0.8358546169565219,-0.2757357156521739,2.0573,0.9459,True
920,right_toe_tip,920.462,287.082,0.7486506300000003,-0.1946435047826087,-0.0048000000000001,0.864,True
921,left_shoulder,1001.158,213.566,0.6596629382608696,-0.2674648843478261,1.6041,0.9204,True
921,left_toe_tip,891.6479999999999,209.788,0.7441121947826085,-0.4441703530434782,-0.0804000000000001,0.9691,True
921,right_shoulder,1159.4039999999998,185.368,0.8347725591304344,-0.2806639947826087,2.0474,0.8667,True
921,right_toe_tip,922.11,281.0,0.7495540043478262,-0.2098995652173912,-0.0154,0.8687,True
922,left_shoulder,1000.094,212.622,0.6595982704347827,-0.2699580495652173,1.5993,0.9064,True
922,left_toe_tip,891.9,209.67,0.7403121956521739,-0.441806797826087,-0.0638000000000001,0.9679,True
922,right_shoulder,1158.794,182.436,0.8314237756521737,-0.2845656104347826,2.0661,0.9774,True
922,right_toe_tip,921.366,273.3446666666667,0.7500340839855072,-0.2309961173671497,-0.0054333333333333,0.811,True
923,left_shoulder,999.208,211.458,0.6588343252173912,-0.2724454030434782,1.5971,0.9313,True
923,left_toe_tip,892.152,209.526,0.7365579182608698,-0.4395476386956522,-0.0474,0.9807,True
923,right_shoulder,1157.986,178.71800000000002,0.8273137265217393,-0.2895388813043478,2.0901,0.997,True
923,right_toe_tip,920.072,262.4920000000001,0.7515366808695654,-0.2616499995652172,-0.0356999999999998,0.8048,True
924,left_shoulder,998.462,210.65,0.6589466678260867,-0.2745442608695652,1.5978,0.8522,True
924,left_toe_tip,892.4100000000001,209.18,0.7294100282608698,-0.4358370130434782,-0.0315999999999999,0.952,True
924,right_shoulder,1157.522,175.11,0.8217349321739129,-0.2935731652173913,2.1032,0.9174,True
924,right_toe_tip,917.368,249.156,0.7564910713043479,-0.3023149617391304,-0.1911999999999998,0.2917,True
925,left_shoulder,998.422,209.75,0.6595743978260872,-0.2764926630434782,1.596,0.7325,True
925,left_toe_tip,891.458,209.752,0.7224497669565216,-0.4316690365217391,-0.0031999999999998,0.9349,True
925,right_shoulder,1157.13,171.62400000000002,0.8199883086956519,-0.2986988139130434,2.1052,0.9363,True
925,right_toe_tip,914.69,234.8766666666667,0.760274242753623,-0.3463105591787438,-0.076333333333333,0.0347,True
926,left_shoulder,998.852,209.058,0.661691883478261,-0.2783239226086957,1.5926,0.8156,True
926,left_toe_tip,890.4440000000001,210.334,0.718665391304348,-0.4294763478260869,0.0055,0.888,True
926,right_shoulder,1156.878,168.754,0.8186898060869564,-0.3029170339130435,2.1023,0.9381,True
926,right_toe_tip,911.81,218.64,0.7629883967391307,-0.3968067391304347,-0.0945,0.0268,True
927,left_shoulder,999.276,208.338,0.662942323478261,-0.27984936,1.5914,0.8376,True
927,left_toe_tip,889.4379999999999,211.07800000000003,0.7163750908695649,-0.4276975091304346,0.0108000000000001,0.8451,True
927,right_shoulder,1156.566,165.888,0.8165111708695652,-0.3068235547826086,2.1053,0.9952,True
927,right_toe_tip,908.93,202.40333333333336,0.765476115942029,-0.448579497584541,-0.1466666666666669,0.1926,True
928,left_shoulder,999.762,207.67,0.6643083539130434,-0.2812806565217391,1.5902,0.8388,True
928,left_toe_tip,888.5900000000001,211.708,0.7144800847826089,-0.4262105504347825,0.0088000000000001,0.8435,True
928,right_shoulder,1156.282,162.974,0.8144909726086955,-0.3108299308695652,2.1031,0.9983,True
928,right_toe_tip,905.216,187.3,0.7604780521739131,-0.4951984782608695,-0.298,0.2128,True
929,left_shoulder,1000.166,207.102,0.6664636939130434,-0.2829277773913043,1.5866,0.787,True
929,left_toe_tip,887.7059999999999,212.5,0.7158164908695649,-0.4262429347826086,0.0004,0.8841,True
929,right_shoulder,1155.978,160.906,0.8182738065217393,-0.3157371152173913,2.0955,0.9588,True
929,right_toe_tip,902.084,175.44200000000004,0.7474806604347827,-0.5263714523913042,-0.1309000000000001,0.9257,True
930,left_shoulder,1000.356,206.588,0.6682253652173913,-0.2844792086956521,1.583,0.8489,True
930,left_toe_tip,888.232,212.194,0.7170127356521738,-0.4269344178260869,-0.0044,0.9349,True
930,right_shoulder,1155.586,158.296,0.8188850686956523,-0.3203585704347826,2.0938000000000003,0.9543,True
930,right_toe_tip,898.338,165.06333333333333,0.7215399060144927,-0.5444595225845411,0.0599333333333333,0.8903,True
931,left_shoulder,1000.484,206.106,0.6700300434782609,-0.2860421086956522,1.579,0.8244,True
931,left_toe_tip,888.7599999999999,211.88,0.7182674608695648,-0.4276803999999999,-0.0034,0.9383,True
931,right_shoulder,1155.194,155.67600000000002,0.8182624704347825,-0.3245198139130434,2.0983,0.9496,True
931,right_toe_tip,895.1700000000001,157.93200000000002,0.703215236956522,-0.5568730513043478,-0.0374,0.8855,True
932,left_shoulder,1000.39,205.584,0.6725190782608698,-0.2881536834782608,1.5722,0.8281,True
932,left_toe_tip,889.4,211.362,0.7195189999999999,-0.42882063,-0.0011999999999998,0.9197,True
932,right_shoulder,1154.8480000000002,152.82800000000003,0.8199514017391308,-0.3299439286956521,2.0988,0.899,True
932,right_toe_tip,891.336,151.244,0.6807927304347827,-0.5654564695652174,-0.0675,0.9041,True
933,left_shoulder,1000.018,204.964,0.6740945726086957,-0.2902880582608695,1.5664,0.8261,True
933,left_toe_tip,889.9039999999999,210.932,0.7209730399999996,-0.4300611799999999,-0.0061999999999998,0.9198,True
933,right_shoulder,1154.65,149.88799999999998,0.8196360652173915,-0.3346261982608696,2.0988,0.8975,True
933,right_toe_tip,887.336,143.206,0.6400625530434784,-0.5610251686956522,-0.0838000000000001,0.907,True
934,left_shoulder,1000.372,203.864,0.6752274495652175,-0.2925513443478261,1.5652,0.878,True
934,left_toe_tip,890.3100000000001,210.406,0.7227429173913045,-0.4319364147826087,-0.0109,0.9329,True
934,right_shoulder,1154.066,146.24,0.8108832382608697,-0.3371831652173913,2.1178000000000003,0.9302,True
934,right_toe_tip,881.95,134.024,0.6105555652173915,-0.570245523478261,-0.0975999999999999,0.8334,True
935,left_shoulder,1000.91,202.9,0.6779615891304349,-0.2951089347826086,1.5608,0.8147,True
935,left_toe_tip,890.5200000000001,210.048,0.723948339130435,-0.4333286817391303,-0.0130999999999999,0.9434,True
935,right_shoulder,1153.584,143.74200000000002,0.8132490991304349,-0.3424398417391304,2.1072,0.9496,True
935,right_toe_tip,877.732,126.622,0.5883866999999999,-0.57761055,-0.147,0.8861,True
936,left_shoulder,1001.732,201.73,0.6790338739130434,-0.2971003152173913,1.5615,0.8239,True
936,left_toe_tip,890.6899999999999,209.668,0.7241126152173911,-0.4342307139130435,-0.0119,0.9542,True
936,right_shoulder,1152.944,140.09599999999998,0.8151349217391303,-0.3494561391304348,2.112,0.8817,True
936,right_toe_tip,872.202,118.016,0.553498897826087,-0.5768162086956522,-0.136,0.9629,True
937,left_shoulder,1002.58,200.372,0.6806257173913042,-0.2996495173913043,1.5615,0.8284,True
937,left_toe_tip,890.5540000000001,209.506,0.7240465917391306,-0.4348949439130434,-0.0130999999999999,0.9541,True
937,right_shoulder,1152.002,136.402,0.8091857695652173,-0.3533820565217391,2.12,0.8796,True
937,right_toe_tip,867.0120000000001,111.404,0.5210418904347827,-0.5705818626086956,-0.0665999999999999,0.9669,True
938,left_shoulder,1003.604,198.92,0.6831012539130437,-0.3026202956521739,1.5560999999999998,0.8272,True
938,left_toe_tip,890.4440000000001,209.314,0.7231842721739132,-0.4351222039130435,-0.0110999999999999,0.954,True
938,right_shoulder,1150.828,132.872,0.810217627826087,-0.3602447582608695,2.1148,0.8547,True
938,right_toe_tip,862.0539999999999,107.952,0.5082140243478257,-0.5768611617391304,-0.0575999999999999,0.9497,True
939,left_shoulder,1004.102,197.448,0.6853032860869566,-0.3059511339130434,1.5484,0.8213,True
939,left_toe_tip,890.342,209.138,0.7232162691304348,-0.4358271995652174,-0.0208000000000001,0.9544,True
939,right_shoulder,1149.802,128.83,0.811250139130435,-0.3678618260869564,2.1,0.8933,True
939,right_toe_tip,857.702,105.596,0.4916752343478262,-0.574565903478261,-0.0488000000000001,0.9023,True
940,left_shoulder,1004.718,195.458,0.6866212782608697,-0.3097682,1.548,0.8334,True
940,left_toe_tip,890.05,209.086,0.7221009130434781,-0.4358133860869564,-0.0198000000000001,0.9596,True
940,right_shoulder,1148.674,123.688,0.8044789891304348,-0.3737325652173913,2.109,0.9682,True
940,right_toe_tip,852.8399999999999,103.718,0.4917529391304345,-0.5921228469565216,-0.1055999999999999,0.9525,True
941,left_shoulder,1005.234,193.066,0.6883072926086957,-0.31459801,1.5462,0.8292,True
941,left_toe_tip,889.7040000000001,209.152,0.7220245443478263,-0.4361802713043478,-0.0201999999999998,0.9448,True
941,right_shoulder,1147.4299999999998,118.68000000000002,0.7982094521739128,-0.3796068521739131,2.0978000000000003,0.6017,True
941,right_toe_tip,848.634,105.32,0.4864800617391305,-0.5938473217391305,-0.0971999999999998,0.8978,True
942,left_shoulder,1005.972,190.382,0.6896981017391305,-0.3196561830434782,1.5382,0.7699,True
942,left_toe_tip,889.332,209.204,0.7215451269565216,-0.4363905113043478,-0.0224,0.9455,True
942,right_shoulder,1145.8142196969698,114.5519393939394,0.7968344143390738,-0.3866665941911705,2.0671780303030305,0.7705,True
942,right_toe_tip,844.45,108.696,0.4859243152173914,-0.5972840504347825,-0.1095999999999999,0.8833,True
943,left_shoulder,1006.632,188.062,0.6903839965217391,-0.3237667295652174,1.5356,0.8557,True
943,left_toe_tip,888.902,209.35,0.7214370360869566,-0.43665575,-0.0185999999999999,0.9638,True
943,right_shoulder,1143.730659090909,111.12781818181818,0.789086362223601,-0.3898544610406935,2.0568340909090908,0.4512,True
943,right_toe_tip,841.6199999999999,112.376,0.4897174478260866,-0.6014571634782608,-0.1345999999999999,0.8934,True
944,left_shoulder,1007.154,185.68,0.6915265773913045,-0.3283279304347826,1.5312,0.8733,True
944,left_toe_tip,888.5039999999999,209.588,0.7205535547826084,-0.4361294034782607,-0.0195999999999999,0.9714,True
944,right_shoulder,1141.1653181818183,108.87563636363636,0.7849402751493444,-0.3933185716133668,2.0200681818181816,0.267,True
944,right_toe_tip,839.1099999999999,116.394,0.4924942565217388,-0.6025541452173913,-0.1590999999999999,0.9088,True
945,left_shoulder,1007.692,183.014,0.69309942,-0.33361861,1.5258,0.874,True
945,left_toe_tip,888.0719999999999,209.804,0.7198941582608693,-0.4358622617391304,-0.0168000000000001,0.9729,True
945,right_shoulder,1137.992196969697,107.67939393939392,0.7801262643586309,-0.3952711167455184,2.010780303030303,0.2519,True
945,right_toe_tip,836.6899999999999,120.054,0.4836863652173911,-0.5900585113043478,-0.1004,0.911,True
946,left_shoulder,1008.2,180.052,0.6950975652173913,-0.3397105286956522,1.5192,0.8165,True
946,left_toe_tip,887.442,210.05,0.7183348843478261,-0.4353113695652174,-0.0178000000000001,0.9613,True
946,right_shoulder,1134.373295454545,107.44909090909093,0.7753221708321166,-0.3960738188780093,2.0136704545454545,0.0368,True
946,right_toe_tip,834.506,121.23999999999998,0.4833896939130434,-0.5933705043478261,-0.0774000000000001,0.9307,True
947,left_shoulder,1008.596,176.802,0.6963259217391307,-0.3460849173913043,1.518,0.8498,True
947,left_toe_tip,886.5780000000001,210.656,0.7169523369565219,-0.4342339130434782,-0.022,0.9556,True
947,right_shoulder,1132.5638446969697,107.3339393939394,0.7729153747076202,-0.3964754721885357,2.0173655303030302,0.0226,True
947,right_toe_tip,833.0359999999998,121.324,0.4784355295652169,-0.5915532773913043,-0.0656999999999998,0.9053,True
948,left_shoulder,1008.954,173.55599999999998,0.697563682173913,-0.3525007539130435,1.5126,0.8915,True
948,left_toe_tip,885.7120000000001,211.252,0.7161970643478264,-0.4335680834782608,-0.0225999999999999,0.9938,True
948,right_shoulder,1130.7543939393938,107.21878787878786,0.7705054123422963,-0.3968773269952489,2.016560606060606,0.0224,True
948,right_toe_tip,831.552,121.408,0.4723422469565217,-0.5883367513043477,-0.0445999999999999,0.8972,True
949,left_shoulder,1009.076,170.08800000000002,0.698195511304348,-0.3592639617391304,1.4755999999999998,0.7921,True
949,left_toe_tip,884.7059999999999,211.912,0.7141159443478258,-0.432159415652174,-0.0148000000000001,1.0,True
949,right_shoulder,1128.944943181818,107.10363636363635,0.7680922837361462,-0.3972793832981495,2.0207556818181813,0.0275,True
949,right_toe_tip,830.384,121.158,0.4699173773913044,-0.5895243626086958,-0.0428000000000001,0.896,True
950,left_shoulder,1009.326,165.988,0.6981064282608695,-0.3667248565217391,1.45,0.805,True
950,left_toe_tip,883.8,212.504,0.7125849999999999,-0.4311051565217392,-0.019,1.0,True
950,right_shoulder,1127.1354924242423,106.98848484848484,0.7656759888891695,-0.3976816410972372,2.0289507575757577,0.0269,True
950,right_toe_tip,829.55,120.812,0.4676940217391303,-0.5901703913043479,-0.042,0.8963,True
951,left_shoulder,1009.478,162.762,0.6971086004347827,-0.3721366526086956,1.4492,0.8173,True
951,left_toe_tip,883.1940000000001,212.978,0.711976869130435,-0.430422885652174,-0.0184,0.9694,True
951,right_shoulder,,,,,,0.0244,True
951,right_toe_tip,829.1299999999999,120.666,0.4701936260869562,-0.5950051356521738,-0.0671999999999998,0.917,True
952,left_shoulder,1009.644,159.3,0.6959753660869563,-0.3778831956521739,1.4608,0.813,True
952,left_toe_tip,882.7239999999999,213.27,0.7111813199999998,-0.4299189,-0.0205999999999999,0.9649,True
952,right_shoulder,,,,,,0.0117,True
952,right_toe_tip,828.766,120.66,0.4744182013043477,-0.6015238565217391,-0.0921999999999998,0.9357,True
953,left_shoulder,1009.774,154.98,0.6956574339130435,-0.3857050173913043,1.5012,0.7872,True
953,left_toe_tip,882.0440000000001,213.848,0.710662231304348,-0.4291149808695651,-0.0101999999999998,0.9627,True
953,right_shoulder,,,,,,0.0137,True
953,right_toe_tip,828.314,120.722,0.4731184560869564,-0.6011599665217391,-0.0914,0.935,True
954,left_shoulder,1010.186,150.286,0.6949839773913045,-0.39371524,1.4968,0.7477,True
954,left_toe_tip,881.4399999999999,214.448,0.7112507478260868,-0.4287772069565217,-0.0191999999999998,0.9498,True
954,right_shoulder,,,,,,0.0208,True
954,right_toe_tip,827.9979999999999,120.866,0.4735097452173911,-0.6023057660869564,-0.0856999999999998,0.9353,True
955,left_shoulder,1010.846,145.51600000000002,0.6947719191304346,-0.4018311113043477,1.4694,0.7647,True
955,left_toe_tip,880.874,215.438,0.7119397617391304,-0.4272749895652173,-0.0171999999999998,0.8936,True
955,right_shoulder,,,,,,0.0158,True
955,right_toe_tip,827.758,120.996,0.47408895,-0.6034851,-0.086,0.9479,True
956,left_shoulder,1011.758,139.726,0.696722982173913,-0.4128222073913043,1.4648,0.9016,True
956,left_toe_tip,880.2620000000001,216.522,0.711593366956522,-0.4249444069565217,-0.0058000000000001,0.8747,True
956,right_shoulder,,,,,,0.011,True
956,right_toe_tip,827.508,121.13200000000002,0.4729277860869566,-0.6024666382608697,-0.0834,0.9467,True
957,left_shoulder,1012.55,135.204,0.696587510869565,-0.4203196513043478,1.4688,0.7834,True
957,left_toe_tip,879.814,217.43400000000003,0.7120390460869563,-0.4232970495652173,-0.0065999999999999,0.8712,True
957,right_shoulder,,,,,,0.0192,True
957,right_toe_tip,827.366,121.268,0.4695147569565217,-0.5982312530434784,-0.0684,0.9403,True
958,left_shoulder,1013.688,130.384,0.6958720452173911,-0.4275849252173913,1.4878,0.7965,True
958,left_toe_tip,879.46,218.552,0.7127578956521741,-0.4210230469565217,-0.0024,0.7978,True
958,right_shoulder,,,,,,0.0107,True
958,right_toe_tip,827.2479999999999,121.344,0.4719056660869563,-0.6014650017391304,-0.0815999999999999,0.939,True
959,left_shoulder,1015.018,125.6,0.6954953386956523,-0.4347100869565217,1.4948,0.8006,True
959,left_toe_tip,879.308,219.574,0.7131898634782609,-0.4185000073913043,-0.0058000000000001,0.7993,True
959,right_shoulder,,,,,,0.0106,True
959,right_toe_tip,827.1140000000001,121.41599999999998,0.4723814960869569,-0.602320867826087,-0.0855999999999999,0.9372,True
960,left_shoulder,1016.106,121.408,0.6948149539130435,-0.4407727860869566,1.4974,0.7604,True
960,left_toe_tip,879.698,220.066,0.7143521482608696,-0.4170337404347826,-0.0058000000000001,0.7835,True
960,right_shoulder,,,,,,0.0117,True
960,right_toe_tip,827.0200000000001,121.44,0.4729573173913046,-0.6032974956521738,-0.0895999999999999,0.9398,True
961,left_shoulder,1017.104,117.06199999999998,0.6924777147826086,-0.4461081056521739,1.5035999999999998,0.8548,True
961,left_toe_tip,880.238,220.45,0.7159614656521741,-0.4158893369565217,-0.0058000000000001,0.7439,True
961,right_shoulder,,,,,,0.0197,True
961,right_toe_tip,826.918,121.466,0.4678232465217391,-0.5970091178260869,-0.0655999999999999,0.9388,True
962,left_shoulder,1018.124,112.696,0.6935287365217391,-0.4535877930434783,1.5055999999999998,0.8451,True
962,left_toe_tip,880.7760000000001,220.83,0.7169890539130437,-0.4144240565217391,-0.0315999999999999,0.7501,True
962,right_shoulder,,,,,,0.0126,True
962,right_toe_tip,826.814,121.494,0.4653699186956521,-0.594139185652174,-0.0548000000000001,0.932,True
963,left_shoulder,1019.25,108.53400000000002,0.6937801630434782,-0.4600187804347825,1.51,0.6428,True
963,left_toe_tip,881.482,219.816,0.7158366417391303,-0.415554135652174,-0.0191999999999998,0.8008,True
963,right_shoulder,,,,,,0.0224,True
963,right_toe_tip,826.7240000000002,121.552,0.4626290060869569,-0.5907808382608695,-0.0424,0.921,True
964,left_shoulder,1019.958,104.762,0.6941667460869564,-0.4663087286956521,1.5082,0.6457,True
964,left_toe_tip,881.814,218.486,0.7144552334782608,-0.4181123421739129,-0.0101999999999998,0.8008,True
964,right_shoulder,,,,,,0.0217,True
964,right_toe_tip,826.692,121.56199999999998,0.4558125765217391,-0.5821515604347827,-0.0091999999999998,0.9213,True
965,left_shoulder,1020.594,101.134,0.6945013121739131,-0.4723741747826086,1.5062,0.7394,True
965,left_toe_tip,881.6899999999999,216.948,0.7123024630434781,-0.4215991226086957,-0.0034,0.8385,True
965,right_shoulder,,,,,,0.0135,True
965,right_toe_tip,826.6200000000001,121.62,0.4500787565217395,-0.5749103739130434,0.0181999999999998,0.9206,True
966,left_shoulder,1021.082,97.712,0.6948947426086957,-0.4782764660869565,1.5039,0.6971,True
966,left_toe_tip,881.22,215.054,0.7109172913043479,-0.42718107,-0.0204,0.8403,True
966,right_shoulder,,,,,,0.0143,True
966,right_toe_tip,826.5600000000001,121.652,0.4474195478260871,-0.5716206817391305,0.0305999999999999,0.9099,True
967,left_shoulder,1022.014,93.212,0.694102828695652,-0.4847421965217391,1.5064000000000002,0.6129,True
967,left_toe_tip,880.676,213.174,0.7093140286956524,-0.4327217569565218,-0.0144,0.8328,True
967,right_shoulder,,,,,,0.0108,True
967,right_toe_tip,826.492,121.698,0.444702336521739,-0.5682466604347827,0.0431999999999998,0.9129,True
968,left_shoulder,1022.564,89.64,0.6936051652173912,-0.4901744347826087,1.502,0.4928,True
968,left_toe_tip,880.106,212.192,0.7078951243478262,-0.4357765426086956,-0.0239,0.8149,True
968,right_shoulder,,,,,,0.0161,True
968,right_toe_tip,826.4739999999999,121.708,0.4429973634782607,-0.566098907826087,0.0514,0.9065,True
969,left_shoulder,1023.118,86.25399999999999,0.694026585652174,-0.4958968299999999,1.5034,0.5265,True
969,left_toe_tip,879.71,211.362,0.7061543934782609,-0.4378681604347826,-0.0216999999999998,0.8156,True
969,right_shoulder,,,,,,0.0138,True
969,right_toe_tip,826.4560000000001,121.672,0.4419412539130438,-0.5648891704347827,0.0564,0.9037,True
970,left_shoulder,1023.556,82.708,0.6901506547826086,-0.4989447573913044,1.5066,0.5237,True
970,left_toe_tip,879.458,210.83,0.7051517539130433,-0.4392732217391303,-0.0206999999999998,0.813,True
970,right_shoulder,,,,,,0.0139,True
970,right_toe_tip,826.3860000000001,121.662,0.4404787404347827,-0.5632548691304348,0.0648000000000001,0.9075,True
971,left_shoulder,1023.88,79.154,0.6872286521739133,-0.5027753934782608,1.515,0.6063,True
971,left_toe_tip,879.7439999999999,210.592,0.7039613495652172,-0.43870736,-0.0264,0.8464,True
971,right_shoulder,,,,,,0.014,True
971,right_toe_tip,826.3219999999999,121.668,0.4403274917391301,-0.5632406895652173,0.0648000000000001,0.9096,True
972,left_shoulder,1023.872,76.00200000000001,0.6837928626086958,-0.505886872173913,1.5232,0.7143,True
972,left_toe_tip,879.948,209.846,0.7011176234782607,-0.4387434595652173,-0.0131999999999998,0.8157,True
972,right_shoulder,,,,,,0.0113,True
972,right_toe_tip,826.358,121.642,0.4398453926086956,-0.5625766969565218,0.0675999999999999,0.9092,True
973,left_shoulder,1023.852,72.874,0.6816710843478262,-0.5098983247826087,1.5212,0.715,True
973,left_toe_tip,880.14,209.11,0.699433852173913,-0.4394835260869565,-0.0095999999999999,0.8665,True
973,right_shoulder,,,,,,0.0185,True
973,right_toe_tip,826.4,121.608,0.4380399999999999,-0.5602212,0.077,0.9172,True
974,left_shoulder,1023.832,69.60600000000001,0.6772131547826087,-0.5123560226086957,1.5168,0.6007,True
974,left_toe_tip,879.5719999999999,206.418,0.6876237208695649,-0.4408137273913044,0.0124,0.8014,True
974,right_shoulder,,,,,,0.0187,True
974,right_toe_tip,826.412,121.64,0.4380682000000001,-0.560146,0.077,0.9256,True
975,left_shoulder,1023.576,66.878,0.6759276208695651,-0.5165319417391304,1.5108,0.598,True
975,left_toe_tip,878.722,202.95800000000003,0.6755832599999998,-0.4444288599999998,0.0079,0.8004,True
975,right_shoulder,,,,,,0.0208,True
975,right_toe_tip,826.492,121.572,0.4370804895652173,-0.5588026669565217,0.0808000000000001,0.9197,True
976,left_shoulder,1023.418,65.138,0.6743155695652175,-0.5185725173913043,1.496,0.6321,True
976,left_toe_tip,877.5699999999999,199.582,0.6643180239130433,-0.4485775508695652,0.0309,0.7516,True
976,right_shoulder,,,,,,0.0132,True
976,right_toe_tip,826.566,121.5,0.4363616508695653,-0.5578307608695652,0.0851999999999998,0.9282,True
977,left_shoulder,1022.762,63.832,0.6731618652173913,-0.5208693739130436,1.496,0.7552,True
977,left_toe_tip,876.26,195.745,0.6597817304347826,-0.4586999413043479,0.0423000000000001,0.6744,True
977,right_shoulder,,,,,,0.0126,True
977,right_toe_tip,826.616,121.42,0.4347747113043478,-0.5558395347826088,0.0935999999999999,0.9237,True
978,left_shoulder,1022.264,61.378,0.6688788991304345,-0.522523582173913,1.5002,0.7563,True
978,left_toe_tip,874.6380000000001,190.939,0.6600468956521743,-0.4755759434782609,0.109,0.6723,True
978,right_shoulder,,,,,,0.0127,True
978,right_toe_tip,826.586,121.3,0.4341369473913044,-0.5553926304347826,0.0964000000000001,0.9234,True
979,left_shoulder,1021.876,59.11800000000001,0.665792504347826,-0.5245812260869566,1.521,0.7395,True
979,left_toe_tip,872.992,188.509,0.6649895582608696,-0.4894576823913045,0.1131999999999998,0.1817,True
979,right_shoulder,,,,,,0.013,True
979,right_toe_tip,826.488,121.212,0.4328143234782609,-0.5541958017391304,0.1018000000000001,0.9158,True
980,left_shoulder,1021.482,56.830000000000005,0.6635298873913044,-0.5273180804347827,1.5318,0.767,True
980,left_toe_tip,868.6600000000001,186.113,0.660479439130435,-0.5022688193478261,0.1305999999999999,0.5518,True
980,right_shoulder,,,,,,0.0224,True
980,right_toe_tip,826.094,121.11,0.4310907965217391,-0.5533938782608696,0.1078000000000001,0.914,True
981,left_shoulder,1020.998,54.13,0.6599547965217389,-0.5298200347826086,1.5614,0.7881,True
981,left_toe_tip,862.6539999999999,183.277,0.6477779308695649,-0.5141486758695653,0.1054,0.7763,True
981,right_shoulder,,,,,,0.035,True
981,right_toe_tip,825.642,121.072,0.4289540908695654,-0.5520795026086958,0.1131999999999998,0.8969,True
982,left_shoulder,1020.936,51.622,0.6557067930434782,-0.530812392173913,1.5944,0.802,True
982,left_toe_tip,856.9099999999999,181.474,0.6318682608695648,-0.520054,0.073,0.9598,True
982,right_shoulder,,,,,,0.0364,True
982,right_toe_tip,825.034,121.054,0.4277101134782608,-0.5523288734782609,0.1124000000000001,0.908,True
983,left_shoulder,1020.228,50.098,0.6516777286956522,-0.5311450799999999,1.6162,0.8273,True
983,left_toe_tip,849.4559999999999,179.074,0.6023226017391301,-0.5202802452173912,0.0484,0.8694,True
983,right_shoulder,,,,,,0.0134,False
983,right_toe_tip,824.436,121.184,0.4262075391304348,-0.5518726260869565,0.113,0.9056,True
984,left_shoulder,1019.542,48.55800000000001,0.6478616921739131,-0.5316179530434783,1.6385999999999998,0.8114,True
984,left_toe_tip,840.258,174.99200000000002,0.5719542617391304,-0.5283989356521738,0.0424,0.8826,True
984,right_shoulder,,,,,,0.0176,True
984,right_toe_tip,823.7,121.508,0.4249060869565219,-0.5516423652173913,0.111,0.8965,True
985,left_shoulder,1018.874,47.16600000000001,0.6443328917391306,-0.532021822173913,1.6559,0.866,True
985,left_toe_tip,831.1899999999999,170.222,0.5446836847826085,-0.5406610195652174,0.0295,0.9509,True
985,right_shoulder,,,,,,0.0144,True
985,right_toe_tip,824.141,122.278,0.4262263690217391,-0.5502489119565218,0.117,0.8586,True
986,left_shoulder,1017.484,46.3,0.6407380591304348,-0.532471652173913,1.6544,0.8876,True
986,left_toe_tip,821.64,164.762,0.5178714347826088,-0.5566405152173913,0.03,0.9809,True
986,right_shoulder,,,,,,0.0174,True
986,right_toe_tip,825.515,123.368,0.4296083777173913,-0.5479831260869565,0.1145,0.8628,True
987,left_shoulder,1016.07,45.496,0.6407088239130436,-0.5358190973913044,1.6531,0.886,True
987,left_toe_tip,812.136,159.23200000000003,0.4893901321739128,-0.5707921530434781,0.0434,0.8855,True
987,right_shoulder,,,,,,0.0266,True
987,right_toe_tip,827.8460000000001,124.84,0.4351085065217394,-0.5447021304347825,0.123,0.22,True
988,left_shoulder,1014.8,44.724,0.639196956521739,-0.5376826565217392,1.6515,0.9057,True
988,left_toe_tip,802.3219999999999,153.48999999999998,0.4609591926086954,-0.5864435065217392,0.0514,0.9318,True
988,right_shoulder,,,,,,0.0241,True
988,right_toe_tip,831.11,126.59,0.4422534673913044,-0.5401411847826086,0.129,0.1039,True
989,left_shoulder,1012.914,44.304,0.6363047795652174,-0.5386734573913043,1.6427,0.9058,True
989,left_toe_tip,792.924,147.5,0.4342709156521738,-0.6034538043478261,0.0464,0.9305,True
989,right_shoulder,,,,,,0.0241,True
989,right_toe_tip,834.61,128.134,0.4492106478260869,-0.5352072147826086,0.1424,0.1073,True
990,left_shoulder,1010.672,43.522,0.6322375026086955,-0.5398013886956523,1.6473,0.9386,True
990,left_toe_tip,784.1139999999999,141.352,0.4097536969565215,-0.6216733026086956,0.0321999999999998,0.8885,True
990,right_shoulder,,,,,,0.011,True
990,right_toe_tip,836.5529999999999,129.05399999999997,0.4526487403260867,-0.5318535763043479,0.1668000000000001,0.6408,True
991,left_shoulder,1009.24,42.624,0.628751504347826,-0.540436132173913,1.6499,0.8949,True
991,left_toe_tip,777.458,136.326,0.3902313091304347,-0.6349910360869565,0.0361999999999998,0.9263,True
991,right_shoulder,,,,,,0.0125,True
991,right_toe_tip,837.6290000000001,129.596,0.454310404456522,-0.5296537169565217,0.1705999999999999,0.8862,True
992,left_shoulder,1007.288,41.668,0.6225531600000002,-0.53957274,1.6411,0.8523,True
992,left_toe_tip,769.216,129.69599999999997,0.365962184347826,-0.6522609808695653,0.0344,0.9806,True
992,right_shoulder,,,,,,0.0317,True
992,right_toe_tip,837.182,129.446,0.453004212173913,-0.5296727547826087,0.1719,0.9229,True
993,left_shoulder,1004.51,41.14,0.6191123108695652,-0.5415767782608696,1.6304,0.857,True
993,left_toe_tip,761.728,122.496,0.3448871791304346,-0.6729107895652173,0.0279,0.9814,True
993,right_shoulder,,,,,,0.0317,True
993,right_toe_tip,835.55,128.95999999999998,0.449977554347826,-0.5316431304347826,0.1685,0.9226,True
994,left_shoulder,1001.906,40.370000000000005,0.6146894734782608,-0.5428846065217391,1.6194000000000002,0.884,True
994,left_toe_tip,755.548,115.778,0.3279051286956522,-0.6930595626086957,0.0086999999999998,1.0,True
994,right_shoulder,,,,,,0.035,True
994,right_toe_tip,833.4639999999999,128.202,0.4460186347826085,-0.5343951717391304,0.149,0.8848,True
995,left_shoulder,999.246,39.672,0.6108743939130432,-0.5446968730434782,1.6136,0.8623,True
995,left_toe_tip,750.5440000000001,109.646,0.312455019130435,-0.7076310234782609,0.0365999999999999,0.9779,True
995,right_shoulder,,,,,,0.0346,True
995,right_toe_tip,831.7059999999999,127.406,0.4442578173913041,-0.5390113130434783,0.138,0.8505,True
996,left_shoulder,995.604,39.102,0.6063048199999999,-0.54713109,1.5979,0.8756,True
996,left_toe_tip,744.8779999999999,103.328,0.2964399469565216,-0.7254889878260871,0.0475999999999999,0.9701,True
996,right_shoulder,,,,,,0.0271,True
996,right_toe_tip,829.6940000000001,126.238,0.4402962691304349,-0.5425819291304348,0.1225999999999999,0.9544,True
997,left_shoulder,992.484,38.57000000000001,0.6026710130434784,-0.5495754239130435,1.589,0.8156,True
997,left_toe_tip,740.802,98.61,0.2855983621739131,-0.7405860586956521,0.0364,0.9352,True
997,right_shoulder,,,,,,0.0248,True
997,right_toe_tip,828.344,125.39,0.4373265791304348,-0.5447542195652173,0.1278000000000002,0.9984,True
998,left_shoulder,990.056,37.324,0.5976825704347825,-0.5509341965217391,1.5912,0.8293,True
998,left_toe_tip,737.922,96.108,0.2790777,-0.7520922,0.01,0.8841,True
998,right_shoulder,,,,,,0.0348,True
998,right_toe_tip,827.226,124.384,0.4340387095652174,-0.5462193530434784,0.1211999999999998,1.0,True
999,left_shoulder,986.986,36.582,0.5941003773913046,-0.5537478626086958,1.5648,0.826,True
999,left_toe_tip,735.7059999999999,94.694,0.2730741847826084,-0.7569872282608695,0.0095,0.8845,True
999,right_shoulder,,,,,,0.0343,True
999,right_toe_tip,826.524,123.424,0.4316003165217391,-0.547416292173913,0.1141999999999998,1.0,True
1000,left_shoulder,983.524,36.466,0.5892930182608695,-0.5550014769565218,1.5468,0.8648,True
1000,left_toe_tip,734.346,94.178,0.27015772,-0.7611755182608696,9.999999999990904e-05,0.9453,True
1000,right_shoulder,,,,,,0.028,True
1000,right_toe_tip,826.11,122.796,0.4284171282608697,-0.5460332947826089,0.1271999999999998,1.0,True
1001,left_shoulder,981.04,36.198,0.5847353217391305,-0.5551796465217392,1.5366,0.8696,True
1001,left_toe_tip,733.658,93.848,0.268594855652174,-0.7632776486956522,0.0070999999999999,0.9573,True
1001,right_shoulder,,,,,,0.0218,True
1001,right_toe_tip,825.952,122.538,0.4273662052173913,-0.5457496226086958,0.1305999999999999,1.0,True
1002,left_shoulder,977.448,35.904,0.5794569026086955,-0.556529196521739,1.5232,0.8057,True
1002,left_toe_tip,732.9639999999999,93.188,0.267130033043478,-0.7666784817391303,-0.0115999999999999,0.9705,True
1002,right_shoulder,,,,,,0.0258,True
1002,right_toe_tip,825.9040000000001,122.282,0.4265688521739133,-0.5454594543478261,0.134,1.0,True
1003,left_shoulder,973.1560000000002,36.006,0.5741871234782612,-0.558396615652174,1.5139,0.8108,True
1003,left_toe_tip,732.9739999999999,92.686,0.2666332626086955,-0.7666100626086957,-0.0064,0.9667,True
1003,right_shoulder,,,,,,0.0273,True
1003,right_toe_tip,825.982,122.144,0.4261817960869564,-0.5450521947826086,0.1308000000000002,1.0,True
1004,left_shoulder,968.676,35.758,0.5676806130434784,-0.5600223239130435,1.499,0.8523,True
1004,left_toe_tip,733.464,92.286,0.2673070400000001,-0.7656620399999999,0.0008000000000001,0.9831,True
1004,right_shoulder,,,,,,0.0289,True
1004,right_toe_tip,826.0719999999999,122.31,0.4266307356521737,-0.5449818326086957,0.1355999999999999,1.0,True
1005,left_shoulder,965.144,35.43599999999999,0.5621457026086957,-0.5611429330434783,1.4974,0.8667,True
1005,left_toe_tip,734.024,92.006,0.26794796,-0.7637246404347827,-0.0158000000000001,0.9626,True
1005,right_shoulder,,,,,,0.0171,True
1005,right_toe_tip,826.24,122.428,0.4270159304347826,-0.5447112791304347,0.1355999999999999,1.0,True
1006,left_shoulder,960.2,35.218,0.5559646521739132,-0.5639203986956521,1.4906,0.7943,True
1006,left_toe_tip,734.756,91.688,0.2702605913043477,-0.7652724869565217,-0.033,0.9306,True
1006,right_shoulder,,,,,,0.026,True
1006,right_toe_tip,826.3219999999999,122.64,0.4273254565217388,-0.5443799999999999,0.135,1.0,True
1007,left_shoulder,955.01,34.778,0.5478434782608695,-0.5656034782608695,1.488,0.7923,True
1007,left_toe_tip,735.27,91.66,0.2718301630434782,-0.7656440217391305,-0.034,0.9317,True
1007,right_shoulder,,,,,,0.0254,True
1007,right_toe_tip,826.2959999999999,122.778,0.4277923147826085,-0.54473391,0.1324000000000001,1.0,True
1008,left_shoulder,949.638,34.116,0.5393759334782606,-0.5676757591304348,1.4929,0.8675,True
1008,left_toe_tip,735.182,91.738,0.27222052,-0.7672293199999999,-0.0401999999999998,0.9341,True
1008,right_shoulder,,,,,,0.0223,True
1008,right_toe_tip,826.1700000000001,122.914,0.4276243956521741,-0.5445762339130436,0.1318000000000002,1.0,True
1009,left_shoulder,944.13,33.668000000000006,0.5305746195652172,-0.5693074565217391,1.491,0.8313,True
1009,left_toe_tip,734.658,91.998,0.2719153939130435,-0.769864875652174,-0.0518000000000001,0.9386,True
1009,right_shoulder,,,,,,0.0138,True
1009,right_toe_tip,825.982,123.096,0.4271925678260868,-0.5441581878260869,0.1318000000000002,1.0,True
1010,left_shoulder,937.378,32.798,0.5196357313043477,-0.5717499295652173,1.4774,0.8085,True
1010,left_toe_tip,734.1,92.226,0.2717239782608696,-0.7732265308695653,-0.0505999999999999,0.9816,True
1010,right_shoulder,,,,,,0.0149,True
1010,right_toe_tip,825.7539999999999,123.178,0.4271938186956519,-0.5446391169565218,0.1291999999999998,1.0,True
1011,left_shoulder,930.656,31.764,0.5078897669565217,-0.5735567321739129,1.4664,0.8478,True
1011,left_toe_tip,733.284,92.446,0.2698138304347826,-0.7738708630434782,-0.029,0.9772,True
1011,right_shoulder,,,,,,0.0121,True
1011,right_toe_tip,825.55,123.35,0.4272893804347825,-0.5449637934782608,0.1264000000000001,1.0,True
1012,left_shoulder,924.176,30.702,0.4963195617391305,-0.575126115652174,1.4672,0.833,True
1012,left_toe_tip,732.6700000000001,92.728,0.2681587760869567,-0.7734038243478261,-0.0251999999999998,0.9709,True
1012,right_shoulder,,,,,,0.0103,True
1012,right_toe_tip,825.142,123.272,0.4263498273913044,-0.5451434139130434,0.1264000000000001,1.0,True
1013,left_shoulder,917.732,30.084000000000003,0.4845819634782607,-0.5756316991304348,1.4688,0.8366,True
1013,left_toe_tip,732.308,92.892,0.2670109234782608,-0.7726389234782609,-0.0241999999999998,0.9857,True
1013,right_shoulder,,,,,,0.0138,True
1013,right_toe_tip,824.716,123.044,0.4252483565217391,-0.5455139217391304,0.1285,1.0,True
1014,left_shoulder,911.27,29.28,0.4733071782608697,-0.5770345043478261,1.4688,0.8404,True
1014,left_toe_tip,732.156,92.792,0.2667916199999998,-0.77356716,-0.0264,0.9796,True
1014,right_shoulder,,,,,,0.0121,True
1014,right_toe_tip,824.494,122.692,0.4244966295652174,-0.5460147547826086,0.1296999999999998,0.9497,True
1015,left_shoulder,904.764,28.838,0.4624160817391302,-0.578381632173913,1.4532,0.8286,True
1015,left_toe_tip,732.022,92.684,0.2661836373913044,-0.7732405860869566,-0.0241999999999998,0.9989,True
1015,right_shoulder,,,,,,0.0146,True
1015,right_toe_tip,824.432,122.4,0.4239530365217392,-0.5461700869565218,0.1316999999999998,0.9081,True
1016,left_shoulder,898.118,28.32,0.4509209234782609,-0.5794305391304347,1.4388,0.8403,True
1016,left_toe_tip,731.9480000000001,92.63,0.2659695843478263,-0.7733967869565217,-0.0241999999999998,0.9936,True
1016,right_shoulder,,,,,,0.0133,True
1016,right_toe_tip,824.664,121.934,0.4240848904347826,-0.5467237443478261,0.1261999999999998,0.9739,True
1017,left_shoulder,891.418,27.74,0.4395442513043478,-0.5808771565217391,1.4236,0.8599,True
1017,left_toe_tip,731.87,92.54,0.26596365,-0.7742967000000002,-0.0264,1.0,True
1017,right_shoulder,,,,,,0.0114,True
1017,right_toe_tip,825.2460000000001,121.872,0.4251395700000002,-0.54650376,0.1275999999999999,0.9784,True
1018,left_shoulder,885.896,26.948,0.4303179999999999,-0.582841,1.408,0.8779,True
1018,left_toe_tip,731.778,92.46,0.2657970686956522,-0.7748191043478262,-0.0274,0.9902,True
1018,right_shoulder,,,,,,0.0128,True
1018,right_toe_tip,825.85,121.958,0.4264045434782609,-0.5461511452173914,0.1281999999999998,0.9806,True
1019,left_shoulder,880.454,26.118,0.4202717739130434,-0.5835676695652173,1.396,0.8042,True
1019,left_toe_tip,731.658,92.48,0.2654495382608696,-0.7747611826086955,-0.0274,1.0,True
1019,right_shoulder,,,,,,0.0129,True
1019,right_toe_tip,826.3220000000001,122.002,0.4274874756521742,-0.5460501939130435,0.1281999999999998,1.0,True
1020,left_shoulder,875.118,25.11,0.4091564326086957,-0.5827814021739129,1.376,0.8065,True
1020,left_toe_tip,731.5260000000001,92.544,0.265286121304348,-0.7752154017391305,-0.0295999999999999,1.0,True
1020,right_shoulder,,,,,,0.0128,True
1020,right_toe_tip,826.5840000000001,122.116,0.4282102800000001,-0.54594378,0.1255999999999999,1.0,True
1021,left_shoulder,870.142,24.0,0.3996465860869566,-0.583471304347826,1.2444000000000002,0.8095,True
1021,left_toe_tip,731.412,92.534,0.2645185069565218,-0.7739652013043478,-0.0251999999999998,0.9928,True
1021,right_shoulder,,,,,,0.0311,True
1021,right_toe_tip,826.564,122.252,0.4282860521739129,-0.5457867130434783,0.131,1.0,True
1022,left_shoulder,864.9039999999999,23.438,0.3886927826086954,-0.5816669347826088,1.1405,0.8107,True
1022,left_toe_tip,731.296,92.518,0.2637462052173915,-0.7727322386956522,-0.0098000000000001,0.9966,True
1022,right_shoulder,,,,,,0.0135,True
1022,right_toe_tip,826.408,122.256,0.4276847895652175,-0.5454674295652174,0.1341999999999998,1.0,True
1023,left_shoulder,858.692,22.774,0.3757699060869565,-0.57944224,1.0942,0.8348,True
1023,left_toe_tip,731.17,92.532,0.2633822021739129,-0.7726917939130434,-0.0098000000000001,1.0,True
1023,right_shoulder,,,,,,0.0312,True
1023,right_toe_tip,826.266,122.198,0.4269540660869564,-0.5450835408695651,0.1301999999999998,1.0,True
1024,left_shoulder,852.8119999999999,22.086,0.3655740052173911,-0.5804774843478261,1.0786,0.8679,True
1024,left_toe_tip,731.12,92.57,0.2629010086956522,-0.7715936869565216,-0.0064,0.9969,True
1024,right_shoulder,,,,,,0.0159,True
1024,right_toe_tip,826.0840000000001,122.0,0.4261323600000001,-0.5450200000000001,0.1321999999999998,1.0,True
1025,left_shoulder,848.0939999999998,21.644,0.3563835939130431,-0.579471427826087,1.0774,0.7899,True
1025,left_toe_tip,731.098,92.592,0.2627187104347824,-0.7711814191304348,-0.0051999999999998,0.9874,True
1025,right_shoulder,,,,,,0.0182,True
1025,right_toe_tip,825.994,121.768,0.4254006247826086,-0.5448780156521739,0.1348000000000001,0.9818,True
1026,left_shoulder,843.4639999999999,21.504,0.3465522695652173,-0.5765469913043478,1.076,0.8162,True
1026,left_toe_tip,731.094,92.644,0.2627071747826088,-0.7710314556521739,-0.0051999999999998,0.9875,True
1026,right_shoulder,,,,,,0.0356,True
1026,right_toe_tip,825.8359999999999,121.582,0.4242312686956518,-0.5442668299999999,0.1388000000000001,0.9377,True
1027,left_shoulder,839.5939999999998,21.016,0.3382250499999996,-0.5744304956521739,1.047,0.815,True
1027,left_toe_tip,731.122,92.698,0.2630058247826086,-0.7715149247826089,-0.0074,0.9885,True
1027,right_shoulder,,,,,,0.0349,True
1027,right_toe_tip,825.6720000000001,121.224,0.4230496156521741,-0.5440459252173913,0.1428000000000001,0.9387,True
1028,left_shoulder,835.966,20.498,0.3316937556521739,-0.5746440373913044,1.0188,0.899,True
1028,left_toe_tip,731.204,92.596,0.2633614634782607,-0.772158115652174,-0.0085999999999999,1.0,True
1028,right_shoulder,,,,,,0.0165,True
1028,right_toe_tip,825.342,120.822,0.4218948004347825,-0.5444419213043478,0.1448000000000001,0.9276,True
1029,left_shoulder,832.8219999999999,20.088,0.3244858917391303,-0.5720127808695652,1.0053,0.7951,True
1029,left_toe_tip,731.216,92.506,0.2635150921739131,-0.7727669056521741,-0.0098000000000001,0.9902,True
1029,right_shoulder,,,,,,0.013,True
1029,right_toe_tip,824.9,120.73600000000002,0.4207278913043478,-0.5444296278260868,0.1380999999999999,0.9049,True
1030,left_shoulder,829.058,19.612,0.3182339334782609,-0.5729618008695652,0.9799,0.8589,True
1030,left_toe_tip,731.104,92.418,0.2619438052173914,-0.7693564199999999,0.0028000000000001,0.9917,True
1030,right_shoulder,,,,,,0.0282,True
1030,right_toe_tip,824.146,120.454,0.4195326260869564,-0.5457482782608696,0.1355,0.8644,True
1031,left_shoulder,825.818,19.308,0.3130629347826087,-0.5739919565217392,0.971,0.8408,True
1031,left_toe_tip,731.034,92.488,0.26091136,-0.7667126539130434,0.0111999999999998,0.9788,True
1031,right_shoulder,,,,,,0.0198,True
1031,right_toe_tip,823.3639999999999,120.082,0.4189468782608694,-0.5481604739130435,0.133,0.8726,True
1032,left_shoulder,822.9739999999999,19.124,0.3094249447826085,-0.5764509573913043,0.9562,0.8859,True
1032,left_toe_tip,731.0020000000001,92.568,0.2605031165217393,-0.7655531686956522,0.0144,0.9441,True
1032,right_shoulder,,,,,,0.0175,True
1032,right_toe_tip,822.232,119.096,0.4165981982608694,-0.5507274921739129,0.1208000000000001,0.8584,True
1033,left_shoulder,820.774,19.194,0.3062940339130434,-0.5774439052173912,0.9532,0.8988,True
1033,left_toe_tip,730.95,92.712,0.2599192826086958,-0.7638626191304347,0.0188000000000001,0.9192,True
1033,right_shoulder,,,,,,0.0147,True
1033,right_toe_tip,820.54,117.584,0.4101005347826086,-0.5506532139130436,0.1081999999999998,0.835,True
1034,left_shoulder,818.962,19.48,0.3033794947826086,-0.5772554260869565,0.9524,0.8853,True
1034,left_toe_tip,730.902,92.83,0.257153853478261,-0.7558006978260869,0.0454,0.929,True
1034,right_shoulder,,,,,,0.0145,True
1034,right_toe_tip,817.7139999999999,114.872,0.4008609704347824,-0.5529235060869564,0.1048000000000001,0.9131,True
1035,left_shoulder,817.4440000000001,20.038,0.3008061547826088,-0.5763094947826086,0.9524,0.8442,True
1035,left_toe_tip,731.054,92.966,0.2576828199999998,-0.7557062199999999,0.0444,0.9452,True
1035,right_shoulder,,,,,,0.0131,False
1035,right_toe_tip,813.344,111.658,0.3900240000000001,-0.5587695,0.043,0.7225,True
1036,left_shoulder,816.176,20.556,0.2994992000000001,-0.5770548000000001,0.948,0.8262,True
1036,left_toe_tip,731.104,93.002,0.2571311373913044,-0.7535728334782609,0.0514,0.9459,True
1036,right_shoulder,,,,,,0.0142,True
1036,right_toe_tip,806.2136666666668,106.73833333333332,0.3726076805797104,-0.5677465884057973,-0.0114,0.6781,True
1037,left_shoulder,814.958,21.274,0.2985696304347826,-0.5780432826086958,0.942,0.8272,True
1037,left_toe_tip,731.164,92.98,0.2571815713043478,-0.7532866391304347,0.0525999999999999,0.945,True
1037,right_shoulder,,,,,,0.0182,True
1037,right_toe_tip,796.517,100.929,0.3510063852173913,-0.5809948773913043,-0.0281999999999998,0.3569,True
1038,left_shoulder,813.88,21.772,0.2963141999999999,-0.5763846286956522,0.9442,0.8601,True
1038,left_toe_tip,731.244,92.896,0.2578436426086957,-0.7548010643478261,0.0481999999999998,0.9282,True
1038,right_shoulder,,,,,,0.0242,True
1038,right_toe_tip,784.684,94.034,0.3270487460869565,-0.6011987973913043,-0.0635999999999999,0.1644,True
1039,left_shoulder,812.956,21.976,0.2949275791304347,-0.5764044034782608,0.9432,0.855,True
1039,left_toe_tip,731.336,92.878,0.2601090434782609,-0.760717,0.017,0.9323,True
1039,right_shoulder,,,,,,0.0219,True
1039,right_toe_tip,771.2066666666667,86.46333333333334,0.2990656304347827,-0.623485206521739,0.382,0.0311,True
1040,left_shoulder,812.3,21.932,0.2936591304347825,-0.5761854608695652,0.944,0.8516,True
1040,left_toe_tip,731.324,92.974,0.2612263460869564,-0.7638104582608696,0.0054,0.9458,True
1040,right_shoulder,,,,,,0.0269,True
1040,right_toe_tip,756.675,77.875,0.2665770108695651,-0.6445942934782609,0.3,0.0277,True
1041,left_shoulder,811.8880000000001,21.824,0.2921348660869567,-0.5747521669565218,0.9484,0.8365,True
1041,left_toe_tip,731.4179999999999,92.956,0.2632440930434779,-0.7689706139130433,-0.0121999999999998,0.9375,True
1041,right_shoulder,,,,,,0.0312,True
1041,right_toe_tip,742.1433333333333,69.28666666666666,0.2339304384057971,-0.6657967318840581,0.2995,0.0325,True
1042,left_shoulder,811.73,21.312,0.290335697826087,-0.5726036034782609,0.9541,0.839,True
1042,left_toe_tip,731.4939999999999,93.166,0.2639005199999997,-0.7696420678260869,-0.0165999999999999,0.9837,True
1042,right_shoulder,,,,,,0.0295,True
1042,right_toe_tip,727.58,61.16,0.2008913847826088,-0.6854804913043477,0.3406999999999998,0.1255,True
1043,left_shoulder,811.7,20.736,0.2890905434782609,-0.5712173217391304,0.9605,0.8345,True
1043,left_toe_tip,731.524,93.612,0.2640865330434783,-0.7686452008695653,-0.0175999999999999,0.9332,True
1043,right_shoulder,,,,,,0.0289,True
1043,right_toe_tip,712.985,53.495000000000005,0.1675402407608696,-0.7035955538043478,0.3370999999999999,0.7971,True
1044,left_shoulder,811.678,20.326,0.2873367221739131,-0.5685108969565217,0.9697,0.8317,True
1044,left_toe_tip,731.586,93.892,0.26512156,-0.7703248104347825,-0.0151999999999998,0.9904,True
1044,right_shoulder,,,,,,0.0315,True
1044,right_toe_tip,698.7843333333333,46.553666666666665,0.1343924872826086,-0.7165996444565219,0.1261999999999998,0.8957,False
1045,left_shoulder,811.606,20.084,0.2860224352173913,-0.5665512982608696,0.9761,0.8177,True
1045,left_toe_tip,731.6780000000001,94.006,0.2652882300000003,-0.7697056813043479,-0.0141999999999998,0.9529,True
1045,right_shoulder,,,,,,0.0326,True
1045,right_toe_tip,687.086,41.328,0.1066651441304347,-0.7218959947826088,0.0309,0.864,True
1046,left_shoulder,811.546,19.684,0.285735967826087,-0.5668480852173913,0.9771,0.8335,True
1046,left_toe_tip,731.722,94.21,0.2656348878260869,-0.7697509521739132,-0.0164,0.9437,True
1046,right_shoulder,,,,,,0.0322,True
1046,right_toe_tip,676.52,37.40333333333333,0.0809328188405796,-0.7149139535024155,-0.0038333333333332,0.8871,True
1047,left_shoulder,811.4559999999999,19.194000000000003,0.2846542330434781,-0.5658120482608696,0.9821,0.8409,True
1047,left_toe_tip,731.7360000000001,94.276,0.2656754330434785,-0.7695598104347826,-0.0164,0.934,True
1047,right_shoulder,,,,,,0.0349,True
1047,right_toe_tip,667.118,34.318,0.0580443104347827,-0.6971010808695653,-0.0072,0.8912,True
1048,left_shoulder,810.932,18.936,0.2841558704347826,-0.566981827826087,0.9801,0.8285,True
1048,left_toe_tip,731.758,94.256,0.2656394100000001,-0.7693288800000001,-0.0154,0.9289,True
1048,right_shoulder,,,,,,0.0328,True
1048,right_toe_tip,658.8799999999999,32.072,0.038482365217391,-0.6684028104347826,0.0387999999999999,0.8856,False
1049,left_shoulder,810.202,18.49,0.2829423247826087,-0.5677232543478261,0.9801,0.8364,True
1049,left_toe_tip,731.7620000000001,94.262,0.2652121282608697,-0.7680405891304347,-0.011,0.9405,True
1049,right_shoulder,,,,,,0.0197,True
1049,right_toe_tip,651.9639999999999,29.604,0.023199756521739,-0.6406809391304348,0.071,0.9772,False
1050,left_shoulder,808.95,17.558,0.2806773695652175,-0.5689003834782609,0.9811,0.8637,True
1050,left_toe_tip,731.776,94.284,0.2650331269565216,-0.7673415965217392,-0.0088000000000001,0.9252,True
1050,right_shoulder,,,,,,0.0146,True
1050,right_toe_tip,645.3246666666666,27.68566666666667,0.0098568068599033,-0.615166808647343,-0.0210666666666668,0.976,True
1051,left_shoulder,807.756,16.69,0.2775267739130434,-0.5679541521739131,0.9875,0.9118,True
1051,left_toe_tip,731.774,94.298,0.2645884321739131,-0.7660304182608696,-0.0044,0.9343,True
1051,right_shoulder,,,,,,0.0163,True
1051,right_toe_tip,640.332,26.731666666666666,0.0005946649275362,-0.5969367147342993,-0.0238666666666663,0.938,True
1052,left_shoulder,806.302,15.612,0.2741813843478261,-0.5677909982608695,0.9927,0.9097,True
1052,left_toe_tip,731.7339999999999,94.372,0.2646924743478258,-0.7664522704347825,-0.0065999999999999,0.9376,True
1052,right_shoulder,,,,,,0.0159,True
1052,right_toe_tip,636.986,26.742,-0.0053020191304348,-0.5862442904347827,0.0025999999999999,0.9209,False
1053,left_shoulder,804.9759999999999,13.54,0.2702019965217389,-0.5674412260869564,1.0027,0.9076,True
1053,left_toe_tip,731.696,94.37,0.2649017704347827,-0.7673819717391305,-0.0098000000000001,0.938,True
1053,right_shoulder,,,,,,0.0157,True
1053,right_toe_tip,635.2866666666666,27.71666666666666,-0.0082722415458937,-0.5831813285024154,0.0053333333333334,0.9235,False
1054,left_shoulder,803.2959999999999,11.51,0.266633968695652,-0.5690235630434782,1.0098,0.9216,True
1054,left_toe_tip,731.658,94.428,0.2652303560869565,-0.7684845417391304,-0.0141999999999998,0.9308,True
1054,right_shoulder,,,,,,0.0142,True
1054,right_toe_tip,634.6499999999999,30.455,-0.0094090217391306,-0.5795693586956523,0.002,0.9017,False
1055,left_shoulder,801.9159999999999,9.425999999999998,0.2637822834782607,-0.5711307730434783,1.0182,0.899,True
1055,left_toe_tip,731.612,94.56,0.2655353904347824,-0.7693720695652173,-0.0185999999999999,0.9373,True
1055,right_shoulder,,,,,,0.0286,True
1055,right_toe_tip,634.0133333333333,33.193333333333335,-0.0105504154589372,-0.5759375458937198,0.0066666666666665,0.9217,False
1056,left_shoulder,799.76,7.018000000000001,0.2597141913043477,-0.5738259556521738,1.0234,0.8403,True
1056,left_toe_tip,731.512,94.73,0.265683208695652,-0.7701480108695651,-0.023,0.9411,True
1056,right_shoulder,,,,,,0.0267,True
1056,right_toe_tip,633.418,35.507600000000004,-0.0116286769565217,-0.5732934206086957,0.0185999999999999,0.9353,False
1057,left_shoulder,797.876,5.139999999999999,0.2571662756521738,-0.5780360826086957,1.0249,0.7079,True
1057,left_toe_tip,731.446,94.82,0.2652729182608696,-0.7692525913043479,-0.0208000000000001,0.9266,True
1057,right_shoulder,,,,,,0.0345,True
1057,right_toe_tip,632.864,37.3978,-0.0126446817391303,-0.5716370722173914,-0.0067,0.8788,True
1058,left_shoulder,795.606,4.12,0.2559042152173912,-0.5852678695652174,1.008,0.6285,True
1058,left_toe_tip,731.4359999999999,94.852,0.2649258713043476,-0.7682375095652174,-0.0175999999999999,0.9245,True
1058,right_shoulder,,,,,,0.0311,True
1058,right_toe_tip,632.3513333333333,38.863933333333335,-0.0135991076328503,-0.5709706182415459,-0.0122333333333333,0.9014,False
1059,left_shoulder,793.2674492753624,3.322608695652174,0.2541366496902369,-0.5914158399249336,0.9980246376811596,0.6363,True
1059,left_toe_tip,731.3879999999999,94.842,0.2647867965217388,-0.768266483478261,-0.0175999999999999,0.9269,True
1059,right_shoulder,,,,,,0.0311,True
1059,right_toe_tip,631.88,39.906,-0.0144924347826087,-0.5712982043478261,-0.0185,0.9029,False
1060,left_shoulder,790.6263478260869,2.9538260869565214,0.2517467410873673,-0.5967429470181639,0.9833739130434784,0.5163,True
1060,left_toe_tip,731.3700000000001,94.934,0.2645161500000004,-0.7673660700000001,-0.0154,0.9602,True
1060,right_shoulder,,,,,,0.0271,True
1060,right_toe_tip,631.45,40.524,-0.0153249456521738,-0.5726260043478261,-0.028,0.9301,False
1061,left_shoulder,788.1286956521739,2.8976521739130434,0.2493798394345359,-0.6011942910216158,0.9701478260869564,0.2418,True
1061,left_toe_tip,731.4,94.914,0.2642652173913042,-0.7664443043478262,-0.012,0.9389,True
1061,right_shoulder,,,,,,0.0355,True
1061,right_toe_tip,631.235,40.833,-0.0157436548913043,-0.5732863777173914,-0.0315,0.9159,False
1062,left_shoulder,784.9944927536233,2.836086956521739,0.2455061917710018,-0.6047536734952467,0.9612463768115942,0.1254,True
1062,left_toe_tip,731.3880000000001,94.944,0.2642305217391308,-0.7663575652173913,-0.012,0.9219,True
1062,right_shoulder,,,,,,0.0375,True
1062,right_toe_tip,631.02,41.142,-0.016164,-0.5739443999999999,-0.035,0.9341,False
1063,left_shoulder,781.8917391304349,2.8491304347826087,0.2403106925906141,-0.6048778692159119,0.9538695652173912,0.0179,True
1063,left_toe_tip,731.3040000000001,95.324,0.2639876521739133,-0.7652588695652175,-0.001,0.9532,True
1063,right_shoulder,,,,,,0.0122,True
1063,right_toe_tip,630.8050000000001,41.45099999999999,-0.0165859809782607,-0.5746000711956522,-0.0395,0.9328,False
1064,left_shoulder,780.3403623188407,2.855652173913044,0.237711989886122,-0.604939963069505,0.9536811594202896,0.0954,True
1064,left_toe_tip,731.24,95.606,0.2636836000000001,-0.76409866,0.0001999999999998,0.9506,True
1064,right_shoulder,,,,,,0.0127,True
1064,right_toe_tip,630.59,41.760000000000005,-0.0170095978260868,-0.5752533913043478,-0.043,0.9304,False
1065,left_shoulder,778.7889855072466,2.862173913043479,0.2351126517720979,-0.6050020542519383,0.9534927536231884,0.0237,True
1065,left_toe_tip,731.07,95.852,0.2630735130434784,-0.7630431791304348,0.0014,0.9503,True
1065,right_shoulder,,,,,,0.0133,True
1065,right_toe_tip,,,,,,0.931,False
1066,left_shoulder,777.2376086956523,2.8686956521739133,0.2325126782485413,-0.605064142763212,0.9533043478260868,0.0374,True
1066,left_toe_tip,730.872,96.294,0.2624027773913042,-0.7614797386956522,0.0024,0.9688,True
1066,right_shoulder,,,,,,0.0138,True
1066,right_toe_tip,,,,,,0.9292,False
1067,left_shoulder,775.686231884058,2.875217391304348,0.2299120693154525,-0.605126228603326,0.9506159420289856,0.077,True
1067,left_toe_tip,730.6099999999999,96.74,0.2614295478260866,-0.7595623304347826,0.0045999999999999,0.9407,True
1067,right_shoulder,,,,,,0.0139,True
1067,right_toe_tip,,,,,,0.9229,False
1068,left_shoulder,,,,,,0.0283,True
1068,left_toe_tip,730.394,96.916,0.2608063408695652,-0.759054532173913,0.0125999999999999,0.9623,True
1068,right_shoulder,,,,,,0.0155,True
1068,right_toe_tip,,,,,,0.9429,False
1069,left_shoulder,,,,,,0.2848,True
1069,left_toe_tip,730.092,97.258,0.2601504426086956,-0.7586960839130436,0.0104,0.967,True
1069,right_shoulder,,,,,,0.0144,True
1069,right_toe_tip,,,,,,0.9462,False
1070,left_shoulder,,,,,,0.285,True
1070,left_toe_tip,729.846,97.456,0.2594400908695652,-0.7581243373913042,0.0104,0.9673,True
1070,right_shoulder,,,,,,0.0147,True
1070,right_toe_tip,,,,,,0.9457,False
1071,left_shoulder,,,,,,0.2124,True
1071,left_toe_tip,729.6320000000001,97.626,0.2592508173913045,-0.7588882760869565,0.0115,0.9643,True
1071,right_shoulder,,,,,,0.0146,True
1071,right_toe_tip,,,,,,0.9376,False
1072,left_shoulder,,,,,,0.0163,True
1072,left_toe_tip,729.466,97.704,0.2593930526086957,-0.7604873373913044,0.0050999999999999,0.9516,True
1072,right_shoulder,,,,,,0.014,True
1072,right_toe_tip,,,,,,0.9292,False
1073,left_shoulder,,,,,,0.0407,True
1073,left_toe_tip,729.2280000000001,97.738,0.2589163791304349,-0.761015907826087,0.0029,0.9666,True
1073,right_shoulder,,,,,,0.0138,True
1073,right_toe_tip,,,,,,0.9363,False
1074,left_shoulder,,,,,,0.0105,True
1074,left_toe_tip,729.022,97.686,0.2580089791304349,-0.7602544017391304,0.0060999999999999,0.9604,True
1074,right_shoulder,,,,,,0.0124,True
1074,right_toe_tip,,,,,,0.9285,False
1075,left_shoulder,,,,,,0.0088,True
1075,left_toe_tip,728.894,97.772,0.2581597708695652,-0.761544315652174,0.0006999999999998,0.9357,True
1075,right_shoulder,,,,,,0.0147,True
1075,right_toe_tip,624.14,51.03,-0.0304787826086956,-0.5937597391304348,-0.1385,0.9236,False
1076,left_shoulder,,,,,,0.0088,True
1076,left_toe_tip,728.9019999999999,98.016,0.2581830039130433,-0.7608357078260871,0.0006999999999998,0.9189,True
1076,right_shoulder,,,,,,0.0142,True
1076,right_toe_tip,625.4717647058824,51.072647058823534,-0.0281312709493003,-0.5981813271400632,-0.1694117647058824,0.9288,False
1077,left_shoulder,,,,,,0.0077,True
1077,left_toe_tip,728.644,97.918,0.2573373860869565,-0.7608354408695652,0.0016999999999998,0.9483,True
1077,right_shoulder,,,,,,0.0163,True
1077,right_toe_tip,626.8035294117648,51.11529411764706,-0.0257449303445161,-0.6026016717316083,-0.0548235294117646,0.921,True
1078,left_shoulder,,,,,,0.0077,True
1078,left_toe_tip,728.2320000000001,97.604,0.2562372365217394,-0.7620322095652176,0.0081999999999998,0.9669,True
1078,right_shoulder,,,,,,0.016,True
1078,right_toe_tip,628.135294117647,51.15794117647059,-0.0233197607943433,-0.6070207729050701,-0.011235294117647,0.9154,False
1079,left_shoulder,,,,,,0.009,True
1079,left_toe_tip,727.818,97.326,0.2553403804347825,-0.7637532065217391,0.005,0.9025,True
1079,right_shoulder,,,,,,0.0144,True
1079,right_toe_tip,629.4670588235294,51.20058823529412,-0.0208557622987813,-0.6114386306604483,-0.0096470588235292,0.921,False
1080,left_shoulder,,,,,,0.0189,True
1080,left_toe_tip,727.348,96.938,0.2537839173913042,-0.7643094847826087,0.007,0.8493,True
1080,right_shoulder,,,,,,0.0159,True
1080,right_toe_tip,632.1305882352941,51.28588235294118,-0.0158112784714909,-0.620270615916955,-0.0269705882352941,0.9299,False
1081,left_shoulder,,,,,,0.0063,False
1081,left_toe_tip,726.412,96.116,0.2511583565217392,-0.7669845826086956,0.0065,0.8629,True
1081,right_shoulder,,,,,,0.0165,True
1081,right_toe_tip,633.4623529411764,51.32852941176471,-0.0132307931397624,-0.6246847434180833,-0.0403823529411763,0.9259,False
1082,left_shoulder,,,,,,0.0065,True
1082,left_toe_tip,725.918,95.926,0.2492182334782609,-0.7659868221739131,0.0119,0.8624,True
1082,right_shoulder,,,,,,0.0156,True
1082,right_toe_tip,634.7941176470587,51.37117647058824,-0.0106114788626451,-0.6290976275011283,-0.0527941176470587,0.9266,False
1083,left_shoulder,,,,,,0.0076,True
1083,left_toe_tip,725.684,95.902,0.247831656521739,-0.7638747586956522,0.0195,0.8658,True
1083,right_shoulder,,,,,,0.0175,True
1083,right_toe_tip,636.1258823529411,51.413823529411765,-0.0079533356401386,-0.6335092681660899,-0.0662058823529409,0.923,False
1084,left_shoulder,,,,,,0.0104,True
1084,left_toe_tip,725.564,95.456,0.2474845695652172,-0.7651647652173912,0.0195,0.8782,True
1084,right_shoulder,,,,,,0.0137,True
1084,right_toe_tip,637.4576470588235,51.45647058823529,-0.0052563634722432,-0.6379196654129682,-0.0831176470588234,0.9265,False
1085,left_shoulder,,,,,,0.0229,False
1085,left_toe_tip,723.842,94.15,0.2431964795652173,-0.7711383804347828,0.0144,0.8587,True
1085,right_shoulder,,,,,,0.0135,True
1085,right_toe_tip,,,,,,0.9165,False
1086,left_shoulder,,,,,,0.0715,False
1086,left_toe_tip,720.2320000000001,92.762,0.2352192939130437,-0.7834721017391303,0.0278000000000001,0.8667,True
1086,right_shoulder,,,,,,0.0156,True
1086,right_toe_tip,,,,,,0.9199,False
1087,left_shoulder,,,,,,0.1316,False
1087,left_toe_tip,714.7459999999999,91.464,0.2245954808695648,-0.8068923026086957,0.0115999999999999,0.9075,True
1087,right_shoulder,,,,,,0.0143,True
1087,right_toe_tip,,,,,,0.9278,False
1088,left_shoulder,,,,,,0.1339,False
1088,left_toe_tip,706.856,89.95599999999999,0.2034311808695652,-0.8216969278260869,0.0485999999999999,0.8729,True
1088,right_shoulder,,,,,,0.0163,False
1088,right_toe_tip,,,,,,0.8905,False
1089,left_shoulder,,,,,,0.1452,False
1089,left_toe_tip,696.634,89.212,0.1727337,-0.8259034000000001,0.067,0.9266,True
1089,right_shoulder,,,,,,0.0168,False
1089,right_toe_tip,,,,,,0.8903,False
1090,left_shoulder,,,,,,0.1268,False
1090,left_toe_tip,688.022,89.422,0.1469368804347827,-0.8279098586956521,0.039,0.9077,True
1090,right_shoulder,,,,,,0.0169,False
1090,right_toe_tip,,,,,,0.86,False
1091,left_shoulder,,,,,,0.18,False
1091,left_toe_tip,676.8773333333334,90.646,0.1109419833816425,-0.8103261350724636,-0.0202333333333331,1.0,True
1091,right_shoulder,,,,,,0.0175,False
1091,right_toe_tip,,,,,,0.7029,False
1092,left_shoulder,,,,,,0.1515,False
1092,left_toe_tip,662.7320000000001,92.282,0.0655521695652176,-0.7720172326086955,-0.082,1.0,True
1092,right_shoulder,,,,,,0.0174,True
1092,right_toe_tip,669.42,52.48,0.0711196521739129,-0.7433961739130435,-0.157,0.5635,False
1093,left_shoulder,,,,,,0.0599,False
1093,left_toe_tip,646.202,94.974,0.0171121269565217,-0.7312413026086957,-0.1874000000000001,0.8156,False
1093,right_shoulder,,,,,,0.0166,True
1093,right_toe_tip,668.025,52.535,0.0678083152173912,-0.7439316195652175,-0.159,0.0893,True
1094,left_shoulder,,,,,,0.0388,False
1094,left_toe_tip,629.546,97.57866666666668,-0.0274834144927535,-0.689901882125604,-0.0966666666666669,0.8555,False
1094,right_shoulder,,,,,,0.0165,True
1094,right_toe_tip,667.7633333333333,52.34333333333333,0.0667828876811593,-0.7400480471014492,-0.184,0.7755,True
1095,left_shoulder,,,,,,0.0739,False
1095,left_toe_tip,610.478,100.336,-0.0726497913043479,-0.6389992347826087,38.987,0.939,True
1095,right_shoulder,,,,,,0.0159,True
1095,right_toe_tip,664.005,52.82125,0.0571390754076086,-0.7311772447350542,-0.193375,0.6526,True
1096,left_shoulder,,,,,,0.0923,True
1096,left_toe_tip,593.7626666666666,102.592,-0.1064296299516909,-0.5925047188405798,47.663833333333336,0.9339,False
1096,right_shoulder,,,,,,0.0152,True
1096,right_toe_tip,658.848,53.56699999999999,0.0443071408695651,-0.7203507055434781,-0.2546999999999998,0.3188,True
1097,left_shoulder,,,,,,0.1192,True
1097,left_toe_tip,580.368,104.444,-0.1305033356521738,-0.5592787504347827,-0.1759,0.9532,False
1097,right_shoulder,,,,,,0.0141,True
1097,right_toe_tip,652.268,54.519000000000005,0.0282364021739131,-0.7031043668478261,-0.2965,0.7773,False
1098,left_shoulder,,,,,,0.0787,True
1098,left_toe_tip,570.7059999999999,106.022,-0.1462254039130436,-0.5359487926086957,-0.1204,0.9404,True
1098,right_shoulder,,,,,,0.0144,True
1098,right_toe_tip,645.5759999999999,55.461,0.0125296356521737,-0.6843189942391306,-0.2683000000000002,0.8059,True
1099,left_shoulder,,,,,,0.0619,False
1099,left_toe_tip,562.652,107.64933333333332,-0.1593817194202897,-0.5199886635748792,-0.0617333333333331,0.9499,True
1099,right_shoulder,,,,,,0.0144,True
1099,right_toe_tip,638.5196,56.469,-0.0032677255391305,-0.6699918945000001,-0.2247400000000002,0.8108,True
1100,left_shoulder,,,,,,0.0363,False
1100,left_toe_tip,556.5219999999999,109.233,-0.1700319828260871,-0.5107742188043478,-0.0359,0.9221,True
1100,right_shoulder,,,,,,0.0125,True
1100,right_toe_tip,634.1228,56.95799999999999,-0.0128590580695652,-0.6630427202608696,-0.19692,0.8802,True
1101,left_shoulder,,,,,,0.0388,False
1101,left_toe_tip,552.316,110.773,-0.178789582173913,-0.5081792709782609,-0.0389,0.875,True
1101,right_shoulder,,,,,,0.0151,True
1101,right_toe_tip,632.3856,56.928,-0.0166675905391305,-0.6634114309565218,-0.1978400000000001,0.8688,False
1102,left_shoulder,,,,,,0.0312,True
1102,left_toe_tip,549.174,112.083,-0.1851566989130435,-0.5054003625,-0.0385,0.9063,False
1102,right_shoulder,,,,,,0.016,True
1102,right_toe_tip,630.7459999999999,56.7,-0.0204332343478263,-0.6696995869565218,-0.2154000000000001,0.9138,False
1103,left_shoulder,,,,,,0.015,False
1103,left_toe_tip,546.7360000000001,112.855,-0.1899645756521737,-0.503396755978261,-0.0369,0.9186,True
1103,right_shoulder,,,,,,0.0164,True
1103,right_toe_tip,629.534,56.4,-0.0234188126086956,-0.679338,-0.2418499999999999,0.9219,False
1104,left_shoulder,,,,,,0.012,False
1104,left_toe_tip,544.9599999999999,113.399,-0.1929415304347828,-0.5006268344565218,-0.0297,0.9023,True
1104,right_shoulder,,,,,,0.0179,True
1104,right_toe_tip,628.5124,56.042,-0.025911530452174,-0.6856103079130434,-0.2596599999999998,0.9058,False
1105,left_shoulder,,,,,,0.0077,False
1105,left_toe_tip,543.5200000000001,113.856,-0.1954768695652172,-0.498709147826087,-0.0255,0.9256,True
1105,right_shoulder,,,,,,0.016,True
1105,right_toe_tip,627.5732,55.63,-0.0281180663304346,-0.688696675652174,-0.2661799999999998,0.8626,True
1106,left_shoulder,,,,,,0.0108,True
1106,left_toe_tip,542.586,114.142,-0.1971574652173912,-0.4975952130434782,-0.023,0.9435,True
1106,right_shoulder,,,,,,0.0152,True
1106,right_toe_tip,626.8774000000001,55.383,-0.0296664900391302,-0.6886529495869564,-0.2686099999999997,0.8632,True
1107,left_shoulder,,,,,,0.007,True
1107,left_toe_tip,542.1379999999999,114.326,-0.1972132043478262,-0.4950865173913044,-0.015,0.9555,True
1107,right_shoulder,,,,,,0.0154,True
1107,right_toe_tip,626.425,55.301,-0.0305393233695653,-0.6854733916304347,-0.2584499999999998,0.8849,True
1108,left_shoulder,,,,,,0.0098,True
1108,left_toe_tip,542.208,114.658,-0.1978162086956522,-0.496284197826087,-0.022,0.9489,True
1108,right_shoulder,,,,,,0.0112,True
1108,right_toe_tip,626.145,55.301,-0.0309071918478261,-0.6797106061956523,-0.2410500000000001,0.8613,False
1109,left_shoulder,,,,,,0.0106,True
1109,left_toe_tip,542.51,115.008,-0.1977563456521739,-0.4969609460869565,-0.0257,0.9458,True
1109,right_shoulder,,,,,,0.0107,False
1109,right_toe_tip,626.2043333333334,55.43033333333333,-0.0305888917753622,-0.6753170250362319,-0.2286500000000001,0.798,True
1110,left_shoulder,,,,,,0.0077,True
1110,left_toe_tip,542.9559999999999,115.302,-0.197463443478261,-0.4979072347826088,-0.033,0.9243,True
1110,right_shoulder,,,,,,0.0089,True
1110,right_toe_tip,626.711,55.685,-0.0293499120652173,-0.6721061396739132,-0.2206500000000001,0.7893,True
1111,left_shoulder,,,,,,0.0128,True
1111,left_toe_tip,543.0620000000001,115.618,-0.1982382099999997,-0.49976119,-0.0424,0.9235,True
1111,right_shoulder,,,,,,0.0074,True
1111,right_toe_tip,627.504,55.84599999999999,-0.0275265147826086,-0.6699983656521737,-0.2110999999999999,0.7601,False
1112,left_shoulder,,,,,,0.0108,True
1112,left_toe_tip,543.0,116.11,-0.1990819565217391,-0.5005577152173913,-0.0492,0.9295,True
1112,right_shoulder,,,,,,0.008,True
1112,right_toe_tip,628.0840000000001,55.992,-0.0260520026086955,-0.6646540121739131,-0.1959000000000001,0.6881,False
1113,left_shoulder,,,,,,0.0067,True
1113,left_toe_tip,542.668,116.756,-0.1991285765217391,-0.4976454965217392,-0.0402,0.9414,True
1113,right_shoulder,,,,,,0.0046,True
1113,right_toe_tip,628.676,56.144000000000005,-0.0245656947826086,-0.6591693530434783,-0.1802999999999999,0.5877,True
1114,left_shoulder,,,,,,0.0075,True
1114,left_toe_tip,542.102,117.462,-0.2000098704347826,-0.4955156791304347,-0.0370999999999999,0.955,True
1114,right_shoulder,,,,,,0.0075,True
1114,right_toe_tip,628.9126666666667,56.123666666666665,-0.0239414091304346,-0.6561746997826086,-0.1705999999999999,0.7811,True
1115,left_shoulder,,,,,,0.0084,True
1115,left_toe_tip,541.508,118.134,-0.2016944869565216,-0.4952995043478261,-0.037,0.9496,True
1115,right_shoulder,,,,,,0.0103,True
1115,right_toe_tip,628.794,55.931,-0.0241635465217391,-0.6556653067391305,-0.1677999999999999,0.7701,True
1116,left_shoulder,,,,,,0.0111,True
1116,left_toe_tip,541.202,118.734,-0.2021492991304347,-0.493651215652174,-0.0354,0.942,True
1116,right_shoulder,,,,,,0.008,False
1116,right_toe_tip,628.4100000000001,55.513,-0.0251276239130433,-0.6601410545652173,-0.1790999999999999,0.7652,False
1117,left_shoulder,,,,,,0.0073,False
1117,left_toe_tip,540.9080000000001,119.112,-0.2033971008695649,-0.4944488034782609,-0.0384,0.9431,True
1117,right_shoulder,,,,,,0.0072,True
1117,right_toe_tip,627.858,54.956,-0.0265606250000001,-0.6672837500000001,-0.197,0.7546,True
1118,left_shoulder,,,,,,0.0184,True
1118,left_toe_tip,540.6780000000001,119.272,-0.2033509991304345,-0.4928644139130435,-0.0260999999999999,0.9588,True
1118,right_shoulder,,,,,,0.0064,True
1118,right_toe_tip,626.984,54.322,-0.028676228695652,-0.6734551502173913,-0.2244000000000001,0.8174,True
1119,left_shoulder,,,,,,0.0231,True
1119,left_toe_tip,540.5440000000001,119.284,-0.2041874921739128,-0.4942004139130435,-0.0312999999999999,0.9518,True
1119,right_shoulder,,,,,,0.0052,True
1119,right_toe_tip,625.97,53.81500000000001,-0.0309681749999999,-0.6758368255434782,-0.2282,0.8852,False
1120,left_shoulder,,,,,,0.0247,True
1120,left_toe_tip,540.4280000000001,119.322,-0.2044256452173911,-0.4941223982608695,-0.0312999999999999,0.9514,True
1120,right_shoulder,,,,,,0.0082,False
1120,right_toe_tip,624.934,53.383,-0.0329667006521739,-0.6709246551086957,-0.2520999999999999,0.8607,True
1121,left_shoulder,,,,,,0.0144,True
1121,left_toe_tip,540.307,119.365,-0.2050966751086956,-0.4950542005434782,-0.0352,0.9471,True
1121,right_shoulder,,,,,,0.005,False
1121,right_toe_tip,623.7139999999999,53.217000000000006,-0.035282202826087,-0.6646186927173914,-0.2690999999999999,0.8635,True
1122,left_shoulder,,,,,,0.0535,True
1122,left_toe_tip,540.197,119.429,-0.2053880651086956,-0.4950794285869565,-0.0357999999999999,0.946,True
1122,right_shoulder,,,,,,0.0069,True
1122,right_toe_tip,622.7719999999999,53.106,-0.0368491939130436,-0.6564195795652173,-0.2437999999999999,0.8861,True
1123,left_shoulder,,,,,,0.0537,True
1123,left_toe_tip,540.095,119.499,-0.2062278103260869,-0.4964515751086957,-0.0415999999999999,0.9477,False
1123,right_shoulder,,,,,,0.0075,True
1123,right_toe_tip,622.1619999999999,53.11,-0.0374132660869566,-0.6436684173913043,-0.2365999999999999,0.922,True
1124,left_shoulder,,,,,,0.1128,True
1124,left_toe_tip,540.0350000000001,119.571,-0.2066559059782607,-0.497034690326087,-0.0444,0.9544,True
1124,right_shoulder,,,,,,0.0097,True
1124,right_toe_tip,621.747,53.312,-0.0377757739130435,-0.6347108173913043,-0.164,0.9257,True
1125,left_shoulder,,,,,,0.1447,False
1125,left_toe_tip,540.003,119.601,-0.2064177203260868,-0.4962410227173913,-0.0415999999999999,0.9566,True
1125,right_shoulder,,,,,,0.0147,False
1125,right_toe_tip,621.409,53.764,-0.0384308302173913,-0.6330430704347826,-0.1617999999999999,0.9128,True
1126,left_shoulder,,,,,,0.0552,True
1126,left_toe_tip,540.01,119.71599999999998,-0.2061532956521739,-0.4954029252173914,-0.0392999999999999,0.9666,True
1126,right_shoulder,,,,,,0.0126,True
1126,right_toe_tip,621.059,54.36999999999999,-0.0388702260869565,-0.6272059130434782,-0.153,0.9014,False
1127,left_shoulder,577.11,3.71,-0.1082118152173912,-0.6130511630434783,1.449,0.1215,True
1127,left_toe_tip,540.062,119.876,-0.2057419260869565,-0.4943422347826087,-0.0365,0.9564,True
1127,right_shoulder,,,,,,0.0116,True
1127,right_toe_tip,620.889,55.036,-0.0392440230434782,-0.6262369443478261,-0.1402,0.8789,True
1128,left_shoulder,575.84,3.55,-0.1100134782608695,-0.6111955163043478,1.4615,0.2132,True
1128,left_toe_tip,540.1400000000001,120.01,-0.2049517956521737,-0.4925533891304348,-0.0307,0.9639,True
1128,right_shoulder,,,,,,0.018,True
1128,right_toe_tip,620.789,55.574,-0.0401551663043478,-0.6363165195652174,-0.174,0.9203,True
1129,left_shoulder,574.4,4.07,-0.112351884057971,-0.6095946050724638,1.4633333333333332,0.4028,True
1129,left_toe_tip,540.204,120.138,-0.204299767826087,-0.4910392291304348,-0.0259,0.9603,True
1129,right_shoulder,,,,,,0.0275,True
1129,right_toe_tip,620.518,56.0545,-0.0413140162499999,-0.6445544259374999,-0.2019749999999999,0.9331,True
1130,left_shoulder,573.0625,4.6875,-0.1144303838315217,-0.6074105808423913,1.46625,0.4881,True
1130,left_toe_tip,540.208,120.2,-0.2034889043478261,-0.4889834782608696,-0.0185,0.9738,True
1130,right_shoulder,,,,,,0.0281,True
1130,right_toe_tip,620.076,56.4775,-0.0427310244565216,-0.6509650356657608,-0.212125,0.932,True
1131,left_shoulder,571.51,5.416,-0.1171327891304348,-0.6064157234782609,1.4726,0.63,True
1131,left_toe_tip,540.152,120.172,-0.2025177913043477,-0.486433747826087,-0.0085,0.9682,True
1131,right_shoulder,,,,,,0.0185,True
1131,right_toe_tip,619.624,56.801,-0.0442568934782608,-0.6585515236413043,-0.23725,0.9355,False
1132,left_shoulder,568.664,6.284000000000001,-0.1217054191304348,-0.6034702539130435,1.4834,0.7706,True
1132,left_toe_tip,539.998,120.074,-0.201786644347826,-0.4841289417391304,0.0010999999999999,0.9592,True
1132,right_shoulder,,,,,,0.0165,True
1132,right_toe_tip,618.9100000000001,57.165,-0.0463464211956519,-0.665496370923913,-0.26475,0.9435,False
1133,left_shoulder,565.746,7.326,-0.1265546434782609,-0.6010791652173914,1.499,0.8822,True
1133,left_toe_tip,539.846,119.978,-0.2028989404347826,-0.4862532647826086,-0.0062999999999999,0.9617,True
1133,right_shoulder,,,,,,0.023,True
1133,right_toe_tip,617.99,57.697500000000005,-0.0486522676630434,-0.6682281756114129,-0.284625,0.9467,False
1134,left_shoulder,563.258,8.796000000000001,-0.1311787708695651,-0.6003297939130434,1.5084000000000002,0.8339,True
1134,left_toe_tip,539.816,119.998,-0.2035477530434782,-0.4876214547826087,-0.0117,0.9545,True
1134,right_shoulder,,,,,,0.0219,True
1134,right_toe_tip,617.53,57.963750000000005,-0.0498140971467391,-0.6695889229789402,-0.2800625,0.9468,False
1135,left_shoulder,561.096,10.394,-0.1355605026086956,-0.6006383082608695,1.5004000000000002,0.8369,True
1135,left_toe_tip,539.885,120.137,-0.2057798532608696,-0.4930227532608696,-0.0335,0.9712,True
1135,right_shoulder,,,,,,0.0189,True
1135,right_toe_tip,617.0699999999999,58.23,-0.0509818641304349,-0.6709462336956522,-0.286,0.9408,False
1136,left_shoulder,559.44,11.992,-0.1388959478260868,-0.6000111843478261,1.4948,0.9268,True
1136,left_toe_tip,540.063,120.357,-0.2090855843478261,-0.5013748330434782,-0.0672999999999999,0.9885,True
1136,right_shoulder,,,,,,0.0183,True
1136,right_toe_tip,615.5366666666666,59.1175,-0.0549173026871981,-0.6754457824954709,-0.3072916666666665,0.9403,False
1137,left_shoulder,557.824,13.896,-0.1424681739130435,-0.600039,1.472,0.9629,True
1137,left_toe_tip,540.3109999999999,120.639,-0.2083933530434784,-0.50036856,-0.0657,0.9887,False
1137,right_shoulder,,,,,,0.0175,True
1137,right_toe_tip,612.3233333333333,59.6875,-0.0618049548611112,-0.6706299111186593,-0.2889583333333335,0.924,False
1138,left_shoulder,556.33,16.084,-0.1459313934782607,-0.5998343626086956,1.4484,0.9734,True
1138,left_toe_tip,540.577,120.903,-0.2074374440217391,-0.4988550994565217,-0.05,0.9799,True
1138,right_shoulder,,,,,,0.0166,True
1138,right_toe_tip,608.18,60.045,-0.0689721557971015,-0.6501741983695651,-0.2311666666666667,0.8458,True
1139,left_shoulder,554.5319999999999,17.304000000000002,-0.1496804800000001,-0.6001649947826088,1.4313,0.8818,True
1139,left_toe_tip,540.779,121.04099999999998,-0.2068218605434782,-0.4980996459782608,-0.0482,0.9834,True
1139,right_shoulder,,,,,,0.0143,True
1139,right_toe_tip,606.1374999999999,59.96625,-0.0710606402853262,-0.6296224549932065,-0.172625,0.8319,True
1140,left_shoulder,552.49,18.102,-0.1536751695652173,-0.6004026182608696,1.4234,0.865,True
1140,left_toe_tip,540.914,121.112,-0.2052803434782608,-0.4949136173913042,-0.0365,0.9752,False
1140,right_shoulder,,,,,,0.0192,True
1140,right_toe_tip,603.656,60.76099999999999,-0.0747619782608696,-0.6155541385869565,-0.1245,0.4793,False
1141,left_shoulder,550.204,18.684,-0.1582752104347826,-0.6016065495652174,1.4104,0.8627,True
1141,left_toe_tip,540.982,121.116,-0.2028146947826087,-0.4892967495652174,-0.0149,0.9731,True
1141,right_shoulder,,,,,,0.013,True
1141,right_toe_tip,596.4273333333333,63.336,-0.0861933652898551,-0.5868465365217391,-0.0629000000000001,0.4674,True
1142,left_shoulder,547.9540000000001,18.95,-0.1626812999999999,-0.602768804347826,1.378,0.8528,True
1142,left_toe_tip,541.034,121.082,-0.203633302173913,-0.4915997543478261,-0.0235,0.9708,False
1142,right_shoulder,,,,,,0.0137,True
1142,right_toe_tip,587.094,67.854,-0.1012862367391303,-0.5593008150000001,-0.0122999999999999,0.5251,True
1143,left_shoulder,545.9359999999999,18.966,-0.1665750747826088,-0.6039267313043478,1.3678,0.7691,True
1143,left_toe_tip,541.144,121.143,-0.2060180530434782,-0.4977831805434783,-0.0477999999999999,0.9977,True
1143,right_shoulder,,,,,,0.011,True
1143,right_toe_tip,575.2059999999999,74.252,-0.1217000347826088,-0.5367092869565218,0.016,0.087,False
1144,left_shoulder,544.258,19.160000000000004,-0.1694217130434781,-0.6031386086956521,1.349,0.7355,True
1144,left_toe_tip,541.312,121.299,-0.20995872,-0.5078363775,-0.0877999999999999,0.9866,True
1144,right_shoulder,,,,,,0.0124,True
1144,right_toe_tip,560.7633333333333,82.53,-0.148138115942029,-0.5187482608695653,0.048,0.0267,True
1145,left_shoulder,542.86,19.358,-0.1720222695652173,-0.6032325504347825,1.3338,0.7719,True
1145,left_toe_tip,541.204,121.471,-0.2158263052173913,-0.5210821567391304,-0.1402999999999999,0.9738,False
1145,right_shoulder,,,,,,0.0134,True
1145,right_toe_tip,544.28,91.825,-0.177914347826087,-0.4984557065217391,0.039,0.0317,False
1146,left_shoulder,541.854,19.436,-0.1734623869565216,-0.601909852173913,1.324,0.8198,True
1146,left_toe_tip,541.28,121.679,-0.2202958260869565,-0.5318184923913043,-0.1835,0.9409,True
1146,right_shoulder,,,,,,0.0145,True
1146,right_toe_tip,527.7966666666666,101.12,-0.2073322463768116,-0.4783652173913043,0.031,0.0357,True
1147,left_shoulder,541.21,19.826,-0.1744287782608695,-0.6006289626086956,1.3256,0.7758,True
1147,left_toe_tip,541.4136000000001,121.9378,-0.2251199012173911,-0.5436098584347826,-0.2313000000000001,0.9316,True
1147,right_shoulder,,,,,,0.0137,True
1147,right_toe_tip,511.742,110.47,-0.2359389556521739,-0.4590267086956522,0.0250999999999999,0.0273,True
1148,left_shoulder,540.716,19.98,-0.175560012173913,-0.6012440608695653,1.3232000000000002,0.8101,True
1148,left_toe_tip,541.4708,122.1544,-0.2279023234782607,-0.5501472139130434,-0.2585,0.9329,True
1148,right_shoulder,,,,,,0.014,True
1148,right_toe_tip,496.6360000000001,119.525,-0.262667780869565,-0.4405920217391304,-0.0015999999999999,0.6236,True
1149,left_shoulder,540.352,20.516,-0.1763336347826087,-0.6007390782608695,1.306,0.8388,True
1149,left_toe_tip,541.4516000000001,122.3288,-0.2286537115652171,-0.5514488516521738,-0.2455999999999999,0.9463,False
1149,right_shoulder,,,,,,0.0179,True
1149,right_toe_tip,482.6906666666667,128.863,-0.2896543594202898,-0.4255935630434782,-0.008,0.8274,True
1150,left_shoulder,539.896,21.008,-0.1767923686956522,-0.5986893495652175,1.3092,0.8199,True
1150,left_toe_tip,541.7460000000001,122.528,-0.2272657739130432,-0.5492830608695652,-0.239,0.9423,False
1150,right_shoulder,,,,,,0.0178,True
1150,right_toe_tip,470.284,137.424,-0.3150076539130435,-0.4131204104347826,-0.0185999999999999,0.88,True
1151,left_shoulder,539.422,21.558,-0.1775420347826086,-0.5974237043478261,1.3005,0.8193,True
1151,left_toe_tip,541.894,122.732,-0.2271367173913043,-0.549327,-0.241,0.9415,False
1151,right_shoulder,,,,,,0.0221,True
1151,right_toe_tip,460.218,144.798,-0.3328702813043477,-0.3984511813043478,-0.0184,0.9447,True
1152,left_shoulder,538.846,22.054,-0.17842686,-0.5961073573913044,1.2917,0.78,True
1152,left_toe_tip,541.9384,122.9092,-0.2267567911304348,-0.5482467042608696,-0.2384,0.9621,False
1152,right_shoulder,,,,,,0.022,True
1152,right_toe_tip,451.826,151.1,-0.35094451,-0.3895985,-0.0297999999999999,0.875,True
1153,left_shoulder,538.0719999999999,23.018,-0.1793932800000001,-0.59308832,1.2788,0.7534,True
1153,left_toe_tip,542.2052,123.2216,-0.2262674035652174,-0.5478331546086956,-0.2395999999999999,0.9756,True
1153,right_shoulder,,,,,,0.0225,True
1153,right_toe_tip,445.004,156.074,-0.3665500895652174,-0.3833365482608695,-0.0404,0.9489,True
1154,left_shoulder,537.09,23.660000000000004,-0.1804951913043477,-0.5899111130434782,1.2844,0.8176,True
1154,left_toe_tip,542.6644,123.5212,-0.2252049545217391,-0.5471399713913043,-0.2325999999999999,0.9597,True
1154,right_shoulder,,,,,,0.0236,True
1154,right_toe_tip,439.978,159.028,-0.3765196734782609,-0.3783079452173913,-0.0237999999999999,0.9423,True
1155,left_shoulder,535.3979999999999,23.634,-0.1825759691304349,-0.5871049160869565,1.2862,0.7973,True
1155,left_toe_tip,543.0020000000001,123.728,-0.2241708126086954,-0.5460451373913043,-0.2301999999999998,0.9136,True
1155,right_shoulder,,,,,,0.0226,True
1155,right_toe_tip,436.642,160.80800000000002,-0.3829319556521739,-0.3750871965217391,-0.0044,0.9481,True
1156,left_shoulder,533.132,23.414,-0.1863452669565218,-0.5869035447826088,1.2818,0.7555,True
1156,left_toe_tip,543.2340000000002,123.86,-0.223340135217391,-0.5450213869565218,-0.1084000000000001,0.9409,True
1156,right_shoulder,,,,,,0.0171,True
1156,right_toe_tip,434.06000000000006,162.05599999999998,-0.3927633956521738,-0.3775136330434783,-0.0075999999999999,0.9584,True
1157,left_shoulder,530.942,23.724,-0.1904484595652173,-0.5872402408695652,1.2759,0.6961,True
1157,left_toe_tip,543.422,123.898,-0.2233471226086955,-0.5460115382608696,-0.1125999999999999,0.9298,True
1157,right_shoulder,,,,,,0.0192,True
1157,right_toe_tip,432.55,162.634,-0.3968157717391304,-0.3775268334782609,-0.0107999999999999,0.934,True
1158,left_shoulder,528.0620000000001,23.618,-0.1949424604347824,-0.585816565652174,1.2768,0.7224,True
1158,left_toe_tip,543.308,123.792,-0.22367382,-0.5464107234782607,-0.1131999999999998,0.9199,True
1158,right_shoulder,,,,,,0.0165,True
1158,right_toe_tip,431.694,163.132,-0.4004909269565218,-0.3785001286956521,-0.0077999999999999,0.9417,True
1159,left_shoulder,524.918,23.752,-0.2004178047826087,-0.5855832017391305,1.2768,0.7245,True
1159,left_toe_tip,542.894,123.752,-0.2245048499999999,-0.546195104347826,-0.112,0.9413,True
1159,right_shoulder,,,,,,0.0205,True
1159,right_toe_tip,431.406,163.678,-0.4023143408695653,-0.378645387826087,-0.0134,0.9467,True
1160,left_shoulder,522.06,24.818,-0.2062411652173914,-0.5861313060869566,1.2702,0.7648,True
1160,left_toe_tip,542.432,123.64,-0.226082024347826,-0.5476872260869566,-0.2428000000000001,0.9537,True
1160,right_shoulder,,,,,,0.0288,True
1160,right_toe_tip,431.546,164.422,-0.4033131739130435,-0.3784009130434783,-0.0015,0.9419,True
1161,left_shoulder,518.894,25.966,-0.2119881547826086,-0.584704732173913,1.2686,0.7435,True
1161,left_toe_tip,541.896,123.692,-0.2274733182608696,-0.5479263321739131,-0.2441999999999998,0.9434,True
1161,right_shoulder,,,,,,0.0212,True
1161,right_toe_tip,432.342,165.42400000000004,-0.4043462404347826,-0.3788733113043478,-0.0129,0.9304,True
1162,left_shoulder,514.366,26.486,-0.2188489656521739,-0.5809668873913042,1.2644000000000002,0.7108,True
1162,left_toe_tip,541.51,123.844,-0.22800435,-0.5467011400000001,-0.1190500000000001,0.9787,True
1162,right_shoulder,,,,,,0.0169,True
1162,right_toe_tip,433.846,167.048,-0.4070197017391304,-0.3809543617391304,-0.0149,0.9535,True
1163,left_shoulder,510.008,27.392000000000003,-0.2251687513043478,-0.5761349008695652,1.2544000000000002,0.6598,True
1163,left_toe_tip,541.3199999999999,124.106,-0.228379843478261,-0.5459407660869565,-0.1184499999999998,0.9848,True
1163,right_shoulder,,,,,,0.0274,True
1163,right_toe_tip,435.65,168.942,-0.4086555760869566,-0.3820744656521739,-0.0057999999999999,0.9371,True
1164,left_shoulder,505.228,28.33,-0.2319836295652174,-0.5709050130434783,1.2464000000000002,0.7499,True
1164,left_toe_tip,541.3299999999999,124.16,-0.2282709000000001,-0.5456107130434783,-0.11765,0.9469,True
1164,right_shoulder,,,,,,0.0281,True
1164,right_toe_tip,437.16399999999993,170.774,-0.4103460469565219,-0.3828124252173913,-0.0062,0.9089,True
1165,left_shoulder,499.422,29.258,-0.2406328634782608,-0.5661440234782609,1.2072,0.6928,True
1165,left_toe_tip,541.4159999999999,124.36,-0.2278576278260871,-0.5446357565217392,-0.11565,0.9598,True
1165,right_shoulder,,,,,,0.0144,True
1165,right_toe_tip,438.432,172.792,-0.4132582191304348,-0.3838170973913043,-0.0152,0.8901,True
1166,left_shoulder,493.48,30.692,-0.2486380695652173,-0.5588213582608695,1.1438,0.7046,True
1166,left_toe_tip,541.2719999999999,124.41599999999998,-0.2281260678260871,-0.5443526817391305,-0.1150500000000001,0.9741,True
1166,right_shoulder,,,,,,0.0198,True
1166,right_toe_tip,439.234,174.622,-0.4158911334782608,-0.3840145569565217,-0.0187999999999999,0.8864,True
1167,left_shoulder,487.138,31.876,-0.2583367799999999,-0.5545295600000001,1.1227,0.787,True
1167,left_toe_tip,541.136,124.28400000000002,-0.2280104730434783,-0.543632835652174,-0.1110500000000001,0.9921,True
1167,right_shoulder,,,,,,0.0133,False
1167,right_toe_tip,439.516,175.77,-0.4161350504347827,-0.3823973999999999,-0.0095999999999999,0.8917,True
1168,left_shoulder,480.546,33.346,-0.2674667530434783,-0.5479265791304349,1.1238,0.732,True
1168,left_toe_tip,541.1,124.152,-0.2277924999999999,-0.5432194695652175,-0.21975,1.0,True
1168,right_shoulder,,,,,,0.016,True
1168,right_toe_tip,439.662,176.56400000000002,-0.4167901434782609,-0.3816266347826086,-0.0045,0.919,True
1169,left_shoulder,473.134,34.42,-0.2784848439130434,-0.5433647086956522,1.1071,0.8556,True
1169,left_toe_tip,540.954,124.1,-0.2279780539130435,-0.5429802608695652,-0.2183499999999999,1.0,True
1169,right_shoulder,,,,,,0.0115,True
1169,right_toe_tip,439.918,177.264,-0.418084387826087,-0.3818387895652174,-0.0129,0.9223,True
1170,left_shoulder,466.3440000000001,35.98,-0.2871364208695651,-0.5357600260869565,1.0823,0.8624,True
1170,left_toe_tip,540.816,124.056,-0.227929144347826,-0.5422095704347827,-0.2149499999999998,1.0,True
1170,right_shoulder,,,,,,0.0188,True
1170,right_toe_tip,440.088,177.69400000000002,-0.418598344347826,-0.3817329113043478,-0.0154,0.9147,True
1171,left_shoulder,459.00999999999993,36.838,-0.2974137847826088,-0.5310394691304348,1.0692000000000002,0.887,True
1171,left_toe_tip,541.298,124.114,-0.2255984408695652,-0.5391533486956522,-0.0920500000000001,1.0,True
1171,right_shoulder,,,,,,0.0312,False
1171,right_toe_tip,440.318,178.01799999999997,-0.418116744347826,-0.381054483478261,-0.0109,0.8983,True
1172,left_shoulder,452.3440000000001,38.056,-0.3050225895652173,-0.523298975652174,1.0706,0.8731,True
1172,left_toe_tip,541.77,124.466,-0.2250107630434783,-0.5395264691304348,-0.0966500000000001,1.0,True
1172,right_shoulder,,,,,,0.0199,True
1172,right_toe_tip,440.526,178.19400000000002,-0.4185484886956521,-0.3814764156521739,-0.0149,0.885,True
1173,left_shoulder,445.712,38.692,-0.3148732695652174,-0.5207285086956522,1.0475,0.8756,True
1173,left_toe_tip,541.9639999999999,124.73,-0.2242893182608697,-0.5382568434782609,-0.0940500000000001,1.0,True
1173,right_shoulder,,,,,,0.0145,True
1173,right_toe_tip,440.756,178.32,-0.418325772173913,-0.3814490086956522,-0.0160999999999999,0.8858,True
1174,left_shoulder,439.188,39.19,-0.3232200104347826,-0.5163646173913043,1.0362,0.8723,True
1174,left_toe_tip,542.22,125.106,-0.2235760956521738,-0.5370902373913042,-0.0928499999999999,0.9655,True
1174,right_shoulder,,,,,,0.0196,True
1174,right_toe_tip,440.95,178.462,-0.4179184565217391,-0.3811508704347826,-0.0160999999999999,0.8874,True
1175,left_shoulder,432.458,38.78,-0.3317513752173913,-0.5134631869565218,1.0389000000000002,0.8512,True
1175,left_toe_tip,542.844,125.572,-0.222212668695652,-0.5361776060869564,-0.0829499999999998,0.9591,True
1175,right_shoulder,,,,,,0.0173,True
1175,right_toe_tip,441.1139999999999,178.594,-0.4176606000000001,-0.3809526,-0.0165,0.893,True
1176,left_shoulder,426.24,38.95400000000001,-0.3403430956521739,-0.5111610660869564,1.0372,0.9006,True
1176,left_toe_tip,543.554,125.94,-0.2217000008695653,-0.5380327043478261,-0.0935500000000001,0.9475,True
1176,right_shoulder,,,,,,0.017,True
1176,right_toe_tip,441.22,178.624,-0.417438,-0.3808896,-0.0165,0.892,True
1177,left_shoulder,420.018,38.962,-0.3491496917391304,-0.5095431386956522,1.0378,0.9043,True
1177,left_toe_tip,544.298,126.082,-0.2198441378260869,-0.5373503273913043,0.0205999999999999,0.9,True
1177,right_shoulder,,,,,,0.0144,True
1177,right_toe_tip,441.286,178.72400000000002,-0.4172994000000001,-0.3806795999999999,-0.0165,0.8899,True
1178,left_shoulder,413.918,38.98,-0.3585365630434782,-0.509095847826087,1.034,0.8693,True
1178,left_toe_tip,545.104,125.974,-0.2181989113043477,-0.5381071743478262,0.0185999999999999,0.894,True
1178,right_shoulder,,,,,,0.0179,False
1178,right_toe_tip,441.264,178.78799999999998,-0.4179504486956521,-0.3810967147826087,-0.0192999999999999,0.8955,True
1179,left_shoulder,408.206,39.228,-0.36714154,-0.5080749547826087,1.0218,0.8909,True
1179,left_toe_tip,545.942,125.818,-0.2176215856521739,-0.5418258752173913,0.0084,0.8889,True
1179,right_shoulder,,,,,,0.0183,True
1179,right_toe_tip,441.212,178.824,-0.4179301626086957,-0.3809028469565217,-0.0187,0.9042,True
1180,left_shoulder,402.794,39.752,-0.37597151,-0.5075930799999999,1.0068,0.9023,True
1180,left_toe_tip,546.118,125.652,-0.2179286947826085,-0.5439930313043477,0.0014,0.875,True
1180,right_shoulder,,,,,,0.0199,False
1180,right_toe_tip,441.188,178.85,-0.4175052,-0.380415,-0.0165,0.8947,True
1181,left_shoulder,397.912,39.81,-0.3834463408695652,-0.5071531173913043,1.0078,0.8905,True
1181,left_toe_tip,545.734,125.76,-0.2189635239130434,-0.5440987826086957,0.0,0.8894,True
1181,right_shoulder,,,,,,0.0286,True
1181,right_toe_tip,441.218,178.902,-0.4173125595652173,-0.3801876926086956,-0.0159,0.8895,True
1182,left_shoulder,393.304,39.96,-0.3917103443478261,-0.5081678608695652,1.0042,0.8998,True
1182,left_toe_tip,545.4459999999999,125.76,-0.2198586052173915,-0.5446589217391303,-0.0051999999999998,0.8631,True
1182,right_shoulder,,,,,,0.0216,True
1182,right_toe_tip,441.196,178.94199999999998,-0.4167536895652173,-0.3795526726086957,-0.0130999999999999,0.8972,True
1183,left_shoulder,388.97,40.052,-0.3976096913043478,-0.5067698104347825,1.0078,0.8826,True
1183,left_toe_tip,544.164,126.402,-0.2231103747826087,-0.5438263004347828,-0.0078000000000001,0.8471,True
1183,right_shoulder,,,,,,0.04,True
1183,right_toe_tip,441.206,178.98000000000002,-0.4157387565217391,-0.3785679130434782,-0.0085,0.8948,True
1184,left_shoulder,385.022,40.09400000000001,-0.4063019,-0.5097632565217391,1.004,0.8877,True
1184,left_toe_tip,542.326,127.26999999999998,-0.2262002439130434,-0.5389723239130435,-0.0005999999999999,0.8125,True
1184,right_shoulder,,,,,,0.0129,True
1184,right_toe_tip,441.22800000000007,179.02,-0.4153470573913042,-0.3781695130434783,-0.0069,0.8799,True
1185,left_shoulder,381.512,40.124,-0.4139179582608696,-0.5122188295652174,0.9968,0.9154,True
1185,left_toe_tip,540.62,128.22199999999998,-0.229330152173913,-0.5348529282608696,-0.1005,0.8146,True
1185,right_shoulder,,,,,,0.0166,True
1185,right_toe_tip,441.226,179.026,-0.4152216013043478,-0.3780389491304347,-0.0062999999999999,0.888,True
1186,left_shoulder,377.674,40.392,-0.4188661891304348,-0.5103306000000001,1.005,0.9196,True
1186,left_toe_tip,538.9759999999999,129.01999999999998,-0.2329701286956524,-0.5326599652173913,0.0054,0.7097,True
1186,right_shoulder,,,,,,0.0409,False
1186,right_toe_tip,441.152,179.036,-0.4152897252173911,-0.37793938,-0.0059,0.8975,True
1187,left_shoulder,374.52,40.89,-0.4229788956521739,-0.5084254760869565,1.0087000000000002,0.8891,True
1187,left_toe_tip,536.988,129.98,-0.237778568695652,-0.5309461652173912,0.0004,0.6416,True
1187,right_shoulder,,,,,,0.0254,False
1187,right_toe_tip,441.112,179.018,-0.4153732643478262,-0.3779769726086956,-0.0059,0.884,True
1188,left_shoulder,371.158,41.71,-0.4304978634782608,-0.5096791608695653,1.0108,0.9074,True
1188,left_toe_tip,536.516,130.26,-0.2382606617391305,-0.5289513782608696,-0.1001999999999998,0.6235,True
1188,right_shoulder,,,,,,0.0143,True
1188,right_toe_tip,440.996,179.028,-0.4158750982608695,-0.3781921382608695,-0.0070999999999999,0.8984,True
1189,left_shoulder,368.196,42.562,-0.4348273121739129,-0.5078317917391304,1.0142,0.9406,True
1189,left_toe_tip,536.4639999999999,130.272,-0.2382228313043479,-0.5285741634782609,-0.0988000000000001,0.5663,True
1189,right_shoulder,,,,,,0.0192,True
1189,right_toe_tip,440.816,179.03,-0.4164677634782609,-0.3783846652173913,-0.0080999999999999,0.8917,True
1190,left_shoulder,365.112,43.668,-0.438864667826087,-0.5050309147826086,1.0192,1.0,True
1190,left_toe_tip,536.4159999999999,129.97,-0.2379504626086958,-0.5284189152173913,-0.0954000000000001,0.715,True
1190,right_shoulder,,,,,,0.0195,True
1190,right_toe_tip,440.622,179.166,-0.416873392173913,-0.3781003069565217,-0.0080999999999999,0.8899,True
1191,left_shoulder,362.5220000000001,44.698,-0.4460760456521739,-0.5068822369565218,1.009,1.0,True
1191,left_toe_tip,536.11,129.482,-0.2417700978260869,-0.5364554760869565,-0.143,0.8948,True
1191,right_shoulder,,,,,,0.0338,True
1191,right_toe_tip,440.342,179.28,-0.4184137217391304,-0.3787262608695652,-0.007,0.8941,True
1192,left_shoulder,359.876,45.482,-0.4498426060869566,-0.5050748839130436,1.0106,0.9001,True
1192,left_toe_tip,534.905,129.892,-0.2451912043478261,-0.5368519686956522,-0.1484000000000001,0.9162,True
1192,right_shoulder,,,,,,0.0372,True
1192,right_toe_tip,440.082,179.442,-0.419045512173913,-0.3784652686956522,-0.0074,0.8859,True
1193,left_shoulder,357.7,45.964,-0.4525391739130434,-0.5034133617391303,1.0157,0.9274,True
1193,left_toe_tip,532.065,131.38799999999998,-0.2509019467391303,-0.5314235034782608,-0.1760999999999999,0.9167,True
1193,right_shoulder,,,,,,0.0787,True
1193,right_toe_tip,439.86800000000005,179.648,-0.4191025121739129,-0.377680612173913,-0.0065999999999999,0.8849,True
1194,left_shoulder,355.524,46.46,-0.4565839799999999,-0.5032317,1.0139,0.9411,True
1194,left_toe_tip,528.485,134.86,-0.2649693369565217,-0.5349522173913044,-0.182,0.962,False
1194,right_shoulder,,,,,,0.0237,True
1194,right_toe_tip,439.752,179.99200000000002,-0.4197372208695653,-0.3773124208695652,-0.0084,0.8646,True
1195,left_shoulder,353.696,46.516,-0.4616340799999999,-0.505458875652174,1.0095999999999998,0.9091,True
1195,left_toe_tip,522.9649999999999,140.192,-0.2815200597826089,-0.5287338086956522,-0.168,0.9511,True
1195,right_shoulder,,,,,,0.032,True
1195,right_toe_tip,439.69,180.31,-0.4202590891304349,-0.3769974326086956,-0.0102,0.8573,True
1196,left_shoulder,352.192,46.504,-0.4644970852173912,-0.5059552834782608,1.0082,0.9215,True
1196,left_toe_tip,516.223,147.184,-0.2952350530434783,-0.507612424347826,-0.0859,0.9454,True
1196,right_shoulder,,,,,,0.1285,False
1196,right_toe_tip,439.59,180.662,-0.4203381913043479,-0.3761419617391304,-0.0095999999999999,0.8417,True
1197,left_shoulder,350.642,46.244,-0.4698922304347826,-0.5095124608695651,0.999,0.9765,True
1197,left_toe_tip,508.496,154.994,-0.3176679234782609,-0.4952231895652174,-0.0604,0.9487,True
1197,right_shoulder,,,,,,0.101,False
1197,right_toe_tip,439.55,180.66485714285716,-0.421057052795031,-0.37670404945874,-0.0125142857142859,0.8227,True
1198,left_shoulder,349.46,46.054,-0.4729485913043478,-0.5110494886956521,0.9954,0.991,True
1198,left_toe_tip,499.8379999999999,163.566,-0.3472056500000002,-0.4866011804347825,-0.055,0.9888,True
1198,right_shoulder,,,,,,0.0428,False
1198,right_toe_tip,439.6,180.3045714285714,-0.4214810310559006,-0.3779352021472938,-0.0149428571428572,0.7404,True
1199,left_shoulder,348.448,45.718,-0.4733283339130434,-0.5102299947826086,1.0044000000000002,1.0,True
1199,left_toe_tip,490.648,172.696,-0.3676007269565218,-0.4610121495652174,-0.0254,0.9149,True
1199,right_shoulder,,,,,,0.0361,False
1199,right_toe_tip,439.688,179.50314285714285,-0.4211964156521739,-0.3795310778438332,-0.0144857142857144,0.2212,True
1200,left_shoulder,347.62,45.604,-0.4732742347826087,-0.5089114382608696,1.0088,1.0,True
1200,left_toe_tip,481.938,181.904,-0.3861523382608696,-0.4350962713043478,0.0009,0.9113,True
1200,right_shoulder,,,,,,0.0552,False
1200,right_toe_tip,439.8,178.31857142857143,-0.4208863043478261,-0.3819541710292813,-0.0201428571428573,0.1836,True
1201,left_shoulder,346.831,45.625,-0.4736909983695652,-0.5079548233695652,1.0115,1.0,True
1201,left_toe_tip,473.256,190.164,-0.4081603130434783,-0.4157289913043477,-0.028,0.9028,True
1201,right_shoulder,,,,,,0.0446,True
1201,right_toe_tip,440.13,176.78285714285715,-0.4196649285714287,-0.3846991002661934,-0.0207142857142857,0.0392,True
1202,left_shoulder,346.25100000000003,45.899,-0.4748197151086956,-0.5077169533695652,1.0109,0.975,True
1202,left_toe_tip,463.2,200.2,-0.4245506086956521,-0.3837284347826086,-0.0991999999999998,0.8661,True
1202,right_shoulder,,,,,,0.1237,True
1202,right_toe_tip,440.295,176.015,-0.4190548940217393,-0.3860685244565218,-0.0260000000000002,0.1534,True
1203,left_shoulder,345.547,46.286,-0.4760216814130434,-0.5071596002173913,1.0107000000000002,0.9609,False
1203,left_toe_tip,454.204,210.068,-0.4522516982608696,-0.3649540443478262,-0.1264000000000001,0.8466,True
1203,right_shoulder,,,,,,0.207,False
1203,right_toe_tip,440.7075,174.09535714285713,-0.4175317132181677,-0.3894832170169698,-0.0344642857142855,0.0591,True
1204,left_shoulder,345.011,47.018,-0.4779142440217391,-0.5070648597826087,1.0075,0.9276,True
1204,left_toe_tip,444.811,218.674,-0.4744789995652175,-0.3435450721739131,-0.1364000000000001,0.888,True
1204,right_shoulder,,,,,,0.0705,True
1204,right_toe_tip,440.6325,174.46714285714285,-0.4176501463509317,-0.3886682881543922,-0.0342857142857142,0.0279,True
1205,left_shoulder,344.747,48.034,-0.4788554361956522,-0.5059613789130435,1.0059,0.9029,False
1205,left_toe_tip,435.393,226.72200000000004,-0.4915460776086955,-0.3201859082608694,-0.1971999999999998,0.9355,True
1205,right_shoulder,189.84,47.34,-0.911574,-0.6331364999999999,2.475,0.1919,False
1205,right_toe_tip,440.075,175.81285714285715,-0.4193457919254659,-0.3863353921916592,-0.0252142857142857,0.8019,True
1206,left_shoulder,344.5626666666667,49.28833333333333,-0.4795504541062801,-0.5043435748792271,1.0041666666666664,0.8927,True
1206,left_toe_tip,425.455,235.376,-0.5025483423913042,-0.2919181739130435,-0.148,0.9054,False
1206,right_shoulder,190.3074999999999,48.439166666666665,-0.903091704483696,-0.6256897858544687,2.4904166666666665,0.1821,False
1206,right_toe_tip,439.4825,177.235,-0.4214136807065217,-0.3841044864130435,-0.024,0.8801,True
1207,left_shoulder,344.458,50.781,-0.4799987569565216,-0.5022119889130434,1.0013,0.9345,True
1207,left_toe_tip,418.285,241.252,-0.5108602793478262,-0.2736108808695652,-0.1688000000000001,0.9351,True
1207,right_shoulder,190.77499999999995,49.53833333333333,-0.8946250769927537,-0.6182799097222221,2.505833333333333,0.3194,True
1207,right_toe_tip,439.354,177.582,-0.4220544991304348,-0.3837122973913043,-0.0257,0.9378,True
1208,left_shoulder,344.436,52.426,-0.4806770182608696,-0.5002089334782609,0.9968,0.9497,False
1208,left_toe_tip,412.0192857142857,246.0077142857143,-0.4964032248447204,-0.2482058116770186,-0.0922,0.8479,True
1208,right_shoulder,191.24249999999995,50.6375,-0.886174117527174,-0.610906871603261,2.53525,0.0847,False
1208,right_toe_tip,438.836,179.254,-0.4232752947826088,-0.3803131595652174,-0.0157999999999999,0.9192,True
1209,left_shoulder,344.587,54.178,-0.4811378686956522,-0.4980909617391305,0.9921,0.9143,False
1209,left_toe_tip,407.4028571428572,249.82914285714287,-0.4892630335403726,-0.2317420029813664,-0.0212,0.9321,True
1209,right_shoulder,191.70999999999995,51.736666666666665,-0.8777388260869566,-0.6035706714975845,2.550666666666667,0.0764,False
1209,right_toe_tip,438.82,179.454,-0.4235276347826087,-0.3800885791304347,-0.0167999999999999,0.9129,True
1210,left_shoulder,344.641,55.874,-0.481948837826087,-0.4962542947826087,0.9893,0.8818,True
1210,left_toe_tip,404.4357142857143,252.71628571428573,-0.4905370201863354,-0.223406673726708,0.0012,0.9046,False
1210,right_shoulder,192.64499999999992,53.935,-0.8609152472826088,-0.5890087853260869,2.589,0.1897,False
1210,right_toe_tip,439.15,179.17000000000002,-0.4227019239130435,-0.3805685282608695,-0.0222,0.9146,True
1211,left_shoulder,344.70033333333333,57.668666666666674,-0.4829005491062801,-0.4943993622705313,0.9885333333333332,0.9325,False
1211,left_toe_tip,403.5628571428571,254.68714285714287,-0.4931770403726708,-0.2196688835403726,0.0045,0.9011,False
1211,right_shoulder,193.58,56.13333333333334,-0.8441543405797103,-0.5745942512077293,2.6343333333333336,0.2676,False
1211,right_toe_tip,439.502,179.074,-0.4214816652173914,-0.3803379173913043,-0.02,0.9198,True
1212,left_shoulder,344.777,59.786,-0.4833955730434783,-0.4915677930434783,0.9891,0.9581,True
1212,left_toe_tip,403.3142857142857,256.3157142857143,-0.4947245962732919,-0.2167226972049689,0.002,0.9106,False
1212,right_shoulder,194.60439999999997,58.5312,-0.8309919994434783,-0.5624621367652174,2.67952,0.1803,False
1212,right_toe_tip,439.778,179.098,-0.4216414160869566,-0.3809560160869564,-0.0234,0.9147,True
1213,left_shoulder,344.871,62.226,-0.4834341336956522,-0.4877667586956521,0.993,0.9486,True
1213,left_toe_tip,403.19,257.13,-0.4954991847826087,-0.2152442934782608,0.0,0.9051,False
1213,right_shoulder,195.71819999999997,61.128600000000006,-0.8214094401000003,-0.5525677381695653,2.72406,0.395,True
1213,right_toe_tip,440.112,179.19,-0.4211987791304348,-0.3809981152173913,-0.0230999999999999,0.9157,True
1214,left_shoulder,344.892,65.03399999999999,-0.4834638886956522,-0.4832312556521739,0.9998,0.8746,False
1214,left_toe_tip,402.87928571428574,259.1657142857143,-0.4974380201863353,-0.2115327950310559,0.001,0.8615,False
1214,right_shoulder,196.92139999999995,63.92553333333333,-0.8153834204362319,-0.5448564009512077,2.7469533333333334,0.3171,False
1214,right_toe_tip,440.208,179.216,-0.420388427826087,-0.380393116521739,-0.0202999999999999,0.9072,True
1215,left_shoulder,344.892,68.064,-0.4834638886956522,-0.4782673252173913,1.0163,0.9407,False
1215,left_toe_tip,403.1832142857143,260.8892857142857,-0.4973152500000001,-0.2081325,0.002,0.8827,False
1215,right_shoulder,198.214,66.922,-0.81288624,-0.5392635199999999,2.7472,0.0666,False
1215,right_toe_tip,440.334,179.216,-0.4199062791304347,-0.380196612173913,-0.0192999999999999,0.9196,True
1216,left_shoulder,344.912,71.33,-0.4828537773913044,-0.4723519760869565,1.0606,0.8992,True
1216,left_toe_tip,404.1192857142857,262.3382142857143,-0.4956058920807454,-0.2051959041149068,0.001,0.8994,True
1216,right_shoulder,199.59599999999995,70.11800000000001,-0.8138857400000001,-0.5357145395652175,2.7473,0.4009,False
1216,right_toe_tip,440.314,179.23200000000003,-0.41994834,-0.3801629634782608,-0.0192999999999999,0.9025,True
1217,left_shoulder,344.942,74.74600000000001,-0.4840234060869565,-0.4679405834782609,1.0998,0.9712,True
1217,left_toe_tip,406.1675,263.3775,-0.4916201229619565,-0.2031435550271739,0.00175,0.9239,True
1217,right_shoulder,200.968,73.85220000000001,-0.8146525085217393,-0.5309659047130434,2.73288,0.4796,False
1217,right_toe_tip,440.16,179.15,-0.4191861217391305,-0.3793525326086956,-0.0142999999999999,0.9204,True
1218,left_shoulder,344.922,78.622,-0.4831581513043478,-0.4607258904347827,1.1205999999999998,0.9642,True
1218,left_toe_tip,407.844,263.502,-0.4907071278260869,-0.2039674030434782,-0.0105999999999999,0.8631,True
1218,right_shoulder,202.33,78.12460000000002,-0.8151889186956522,-0.5250113156782609,2.72644,0.6784,True
1218,right_toe_tip,439.934,179.06599999999997,-0.4196601813043477,-0.3795287317391305,-0.0157999999999999,0.9044,True
1219,left_shoulder,345.004,82.566,-0.4859097156521739,-0.4569820473913043,1.0936,0.8931,True
1219,left_toe_tip,411.254,264.06800000000004,-0.4889197113043478,-0.2050442226086956,-0.0304,0.8847,True
1219,right_shoulder,203.682,82.9352,-0.815497312347826,-0.5178461574956521,2.7204800000000007,0.255,True
1219,right_toe_tip,439.796,178.974,-0.4200802191304348,-0.379839772173913,-0.0164,0.9063,True
1220,left_shoulder,345.166,87.17999999999999,-0.4903217608695652,-0.4537115217391304,1.056,0.8752,True
1220,left_toe_tip,414.702,264.704,-0.4866436800000001,-0.2058393599999999,-0.0252,0.8684,True
1220,right_shoulder,205.024,88.284,-0.8155800000000001,-0.5094675,2.7225,0.2337,False
1220,right_toe_tip,439.584,178.858,-0.4202636382608696,-0.3798468982608696,-0.0152,0.9096,True
1221,left_shoulder,345.452,92.306,-0.496377412173913,-0.4511225843478261,1.0716,0.9695,True
1221,left_toe_tip,417.996,265.424,-0.4859474513043478,-0.20701864,-0.0142999999999999,0.8786,True
1221,right_shoulder,206.35599999999997,94.171,-0.8154392608695653,-0.4998740978260869,2.725,0.3326,False
1221,right_toe_tip,439.412,178.786,-0.4203626782608696,-0.3797615130434782,-0.014,0.8986,True
1222,left_shoulder,345.41600000000005,97.092,-0.4974627199999998,-0.4439715965217391,1.1104,0.8754,False
1222,left_toe_tip,420.476,266.374,-0.4845276460869565,-0.2066488647826087,-0.0145999999999999,0.8936,True
1222,right_shoulder,207.02199999999996,97.1145,-0.8153634619565218,-0.4950534008152173,2.7375,0.4272,False
1222,right_toe_tip,439.2600000000001,178.784,-0.4202884652173912,-0.3794111513043479,-0.0122,0.9042,True
1223,left_shoulder,345.73,101.77,-0.5001950282608695,-0.4389348630434782,1.1222,0.9288,True
1223,left_toe_tip,422.362,267.43,-0.4812165430434784,-0.2046803195652173,-0.0082,0.8976,True
1223,right_shoulder,207.6879999999999,100.058,-0.8152840434782611,-0.4902167065217392,2.781,0.1806,True
1223,right_toe_tip,439.1940000000001,178.76,-0.4201647282608694,-0.379225,-0.011,0.9191,True
1224,left_shoulder,346.212,106.892,-0.500653072173913,-0.4313290460869565,1.1402,0.967,True
1224,left_toe_tip,423.334,268.27599999999995,-0.47774853,-0.2022514200000001,-0.0055999999999999,0.9068,True
1224,right_shoulder,208.35399999999987,103.0015,-0.8152010054347828,-0.4853640149456523,2.8575,0.1325,True
1224,right_toe_tip,438.96400000000006,178.70999999999998,-0.4205148678260868,-0.3792113869565218,-0.0104,0.9196,True
1225,left_shoulder,346.642,111.64,-0.5013870860869566,-0.4244796347826087,1.1581,0.9452,True
1225,left_toe_tip,423.876,269.014,-0.4753788330434782,-0.2001296408695652,0.0039,0.9042,True
1225,right_shoulder,209.02,105.945,-0.815114347826087,-0.4804953260869565,2.855,0.2238,True
1225,right_toe_tip,438.762,178.726,-0.4213311256521739,-0.3795325856521739,-0.0122,0.92,True
1226,left_shoulder,346.832,115.844,-0.4981944034782609,-0.4149059678260869,1.2486,0.9505,True
1226,left_toe_tip,424.082,269.598,-0.4723910330434783,-0.1977838539130434,0.0147,0.8967,True
1226,right_shoulder,215.68,135.38,-0.8140486956521737,-0.4309285869565217,3.066,0.2359,False
1226,right_toe_tip,438.544,178.82999999999998,-0.4217875513043477,-0.3793148413043479,-0.0122,0.9184,True
1227,left_shoulder,347.624,120.594,-0.50549268,-0.4139121560869565,1.2764000000000002,0.9576,True
1227,left_toe_tip,424.28600000000006,269.97,-0.4717571391304346,-0.196891695652174,0.0155,0.889,True
1227,right_shoulder,215.57499999999987,115.9,-0.8425066915760873,-0.4845517663043478,2.88375,0.104,True
1227,right_toe_tip,438.35,178.91,-0.4220622173913043,-0.3790292434782609,-0.0130999999999999,0.924,True
1228,left_shoulder,348.074,125.244,-0.5160109360869566,-0.4149567469565218,1.2372999999999998,1.0,True
1228,left_toe_tip,424.37,270.182,-0.472135947826087,-0.1966623686956521,0.0130999999999999,0.8802,True
1228,right_shoulder,215.4699999999999,96.42,-0.870978668478261,-0.5407687499999999,2.5825,0.3455,True
1228,right_toe_tip,437.8860000000001,178.89399999999998,-0.4229015760869563,-0.3789446195652174,-0.0125,0.9335,True
1229,left_shoulder,348.346,129.18,-0.5221240630434782,-0.4132179782608695,1.217,0.966,True
1229,left_toe_tip,424.35,270.318,-0.472742304347826,-0.1965985408695652,0.0107,0.8594,True
1229,right_shoulder,214.85249999999996,88.10249999999999,-0.8785418923233695,-0.5618599290081523,2.538875,0.2852,True
1229,right_toe_tip,437.408,178.942,-0.4240338643478261,-0.3789622660869565,-0.0130999999999999,0.9182,True
1230,left_shoulder,348.6,132.892,-0.530348,-0.41333656,1.1926,0.9392,True
1230,left_toe_tip,424.268,270.43600000000004,-0.4733910452173913,-0.196534568695652,0.0087,0.8718,True
1230,right_shoulder,214.086,84.366,-0.8904843250000002,-0.5762847815217391,2.5095,0.3635,True
1230,right_toe_tip,437.088,179.094,-0.4239537460869564,-0.377975557826087,-0.0097,0.9175,True
1231,left_shoulder,349.092,136.458,-0.547160003478261,-0.4204533443478261,1.1461,0.9548,True
1231,left_toe_tip,424.172,270.53200000000004,-0.4742116513043478,-0.1965767556521738,0.0060999999999999,0.8504,True
1231,right_shoulder,212.19,72.478,-0.9136068554347828,-0.6140157319565218,2.4828,0.5824,True
1231,right_toe_tip,436.814,179.122,-0.4241728604347825,-0.3776024856521738,-0.0095999999999999,0.9248,True
1232,left_shoulder,349.47200000000004,139.728,-0.5558558539130435,-0.4214377982608696,1.1128,1.0,True
1232,left_toe_tip,423.954,270.54200000000003,-0.4746906352173913,-0.1965547839130434,0.0060999999999999,0.8308,True
1232,right_shoulder,210.032,70.39,-0.9291047652173912,-0.6258094347826088,2.4595,0.4148,True
1232,right_toe_tip,436.734,179.26,-0.4239863630434782,-0.3770000652173914,-0.002,0.9237,True
1233,left_shoulder,349.83000000000004,142.696,-0.5633713630434782,-0.42190044,1.0933,1.0,True
1233,left_toe_tip,423.734,270.514,-0.4751740134782609,-0.1966163047826087,0.0060999999999999,0.8006,True
1233,right_shoulder,207.35199999999995,77.662,-0.92586672,-0.6042033199999999,2.4862,0.6875,True
1233,right_toe_tip,437.002,179.49,-0.4232067,-0.3763241086956521,-0.001,0.8882,True
1234,left_shoulder,349.838,145.56,-0.5776116160869564,-0.4268754521739131,1.0511,0.9591,True
1234,left_toe_tip,423.612,270.382,-0.4746894147826088,-0.1965946169565217,0.0092999999999999,0.8057,True
1234,right_shoulder,204.776,84.606,-0.9269325060869564,-0.5865293517391305,2.4881,0.5647,True
1234,right_toe_tip,437.568,179.842,-0.4218066782608695,-0.3753944413043478,0.0,0.8845,True
1235,left_shoulder,349.36400000000003,147.95999999999998,-0.5902438069565218,-0.4306255826086957,1.0686,0.9398,True
1235,left_toe_tip,423.42,270.208,-0.4747810260869565,-0.19683968,0.0107,0.8225,True
1235,right_shoulder,202.094,91.984,-0.92398166,-0.5655137599999999,2.5213,0.7113,True
1235,right_toe_tip,438.026,180.082,-0.4215987713043478,-0.3755592686956522,-0.0034,0.8921,True
1236,left_shoulder,348.828,150.19,-0.6008270921739132,-0.4329383739130435,1.0420999999999998,0.9321,True
1236,left_toe_tip,423.266,270.034,-0.4747888082608696,-0.1970842134782609,0.0060999999999999,0.8133,True
1236,right_shoulder,200.268,99.086,-0.92563586,-0.54922397,2.5644,0.7722,True
1236,right_toe_tip,438.496,180.396,-0.4210995547826087,-0.3753333156521738,-0.0025999999999999,0.864,True
1237,left_shoulder,348.156,152.106,-0.6140778426086957,-0.4374360926086956,1.0047,0.9252,True
1237,left_toe_tip,423.312,269.95,-0.4746880382608695,-0.1972682282608696,0.0060999999999999,0.8621,True
1237,right_shoulder,198.422,105.461,-0.9145944336956524,-0.5272000701086956,2.6575,0.8397,True
1237,right_toe_tip,438.90199999999993,180.626,-0.4209942913043479,-0.3755155695652173,-0.006,0.8548,True
1238,left_shoulder,347.516,153.836,-0.6266787617391306,-0.4417287791304348,1.0228,0.9623,True
1238,left_toe_tip,423.39,269.86800000000005,-0.4745171673913044,-0.1974478617391303,0.0060999999999999,0.8416,True
1238,right_shoulder,196.81599999999997,111.549,-0.9020239565217394,-0.5056788016304348,2.7385,0.8437,True
1238,right_toe_tip,439.136,180.826,-0.4208537460869566,-0.3754084808695652,-0.0040999999999999,0.8658,True
1239,left_shoulder,346.54,155.48,-0.6408911217391304,-0.4466538956521739,1.0123,0.9859,True
1239,left_toe_tip,423.422,269.882,-0.4752003813043477,-0.197730646521739,0.0089,0.8427,True
1239,right_shoulder,195.56,117.995,-0.8929862391304348,-0.4862459157608695,2.8275,0.7979,False
1239,right_toe_tip,439.264,180.932,-0.4206728347826087,-0.3752642434782608,-0.0045,0.8601,True
1240,left_shoulder,345.618,157.192,-0.656215875652174,-0.4520854852173913,1.0161999999999998,0.9881,True
1240,left_toe_tip,423.56000000000006,269.934,-0.4756504260869563,-0.1979298247826086,0.0057,0.8387,True
1240,right_shoulder,194.56199999999995,123.893,-0.8842428471739131,-0.4686980588043478,2.7687,0.5713,True
1240,right_toe_tip,439.21,180.984,-0.4211351999999999,-0.3754666017391305,-0.0060999999999999,0.8856,True
1241,left_shoulder,344.47799999999995,158.814,-0.6680724517391307,-0.4548115682608696,1.0381999999999998,0.9014,True
1241,left_toe_tip,423.64,269.95000000000005,-0.4758038608695653,-0.1980316956521738,0.0042999999999999,0.8686,True
1241,right_shoulder,193.42799999999997,129.90300000000002,-0.8766887926086957,-0.4517154257608695,2.6639,0.3485,True
1241,right_toe_tip,438.97,180.946,-0.4212889565217391,-0.3752349043478261,-0.0045,0.8812,True
1242,left_shoulder,342.946,160.43,-0.6856781243478259,-0.4606596217391304,1.0389000000000002,0.8905,True
1242,left_toe_tip,423.592,269.91600000000005,-0.4760976,-0.1981847999999998,0.0035,0.859,True
1242,right_shoulder,192.3885,135.374,-0.8800674584510869,-0.4416464566304348,2.6536500000000003,0.4519,False
1242,right_toe_tip,438.7120000000001,180.914,-0.4214358104347824,-0.3749515795652174,-0.0027,0.8865,True
1243,left_shoulder,341.242,161.892,-0.7042245639130436,-0.4669750095652174,1.0919,0.9124,True
1243,left_toe_tip,423.696,269.902,-0.4766211617391304,-0.1985289843478261,0.0002999999999999,0.8763,True
1243,right_shoulder,191.4435,140.306,-0.894455790298913,-0.4380865518478261,2.59795,0.4615,True
1243,right_toe_tip,438.544,180.912,-0.4217875513043479,-0.3749557669565218,-0.0027,0.9064,True
1244,left_shoulder,340.136,163.236,-0.7327763530434781,-0.4808313313043478,1.0988000000000002,0.9157,True
1244,left_toe_tip,423.836,269.89,-0.4757487686956522,-0.1983203565217391,0.0027,0.896,True
1244,right_shoulder,190.267,144.812,-0.9083140079347828,-0.4346095899999999,2.5529,0.2815,True
1244,right_toe_tip,438.2720000000001,180.942,-0.4226201599999999,-0.37512651,-0.0054,0.8982,True
1245,left_shoulder,339.26,164.71,-0.7580609347826087,-0.4922581630434782,1.0415,0.95,True
1245,left_toe_tip,424.016,269.892,-0.475493471304348,-0.1983747208695652,0.0020999999999999,0.8906,True
1245,right_shoulder,189.105,148.92,-0.9201688722826088,-0.4307638043478261,2.5035,0.5042,False
1245,right_toe_tip,437.762,181.266,-0.4229412086956521,-0.3737871913043477,-0.002,0.8577,True
1246,left_shoulder,338.438,166.138,-0.7959270091304347,-0.5116692482608696,1.1168000000000002,0.9335,True
1246,left_toe_tip,424.218,269.92,-0.4760807647826086,-0.1987438956521739,-0.0022999999999999,0.922,True
1246,right_shoulder,188.1337352941176,152.79079411764707,-0.9274280611891644,-0.4252843088365992,2.485755882352941,0.4145,False
1246,right_toe_tip,436.152,182.03,-0.4265297826086955,-0.3723828804347825,-0.004,0.7732,True
1247,left_shoulder,337.74875,167.27875,-0.8212117182404891,-0.5236204940557065,1.084375,0.8932,True
1247,left_toe_tip,424.536,269.974,-0.4765501600000001,-0.1991140269565217,-0.0072999999999999,0.9237,True
1247,right_shoulder,187.3387058823529,156.8223823529412,-0.9321291669189108,-0.4183874034184595,2.429517647058824,0.6223,True
1247,right_toe_tip,434.3019130434783,184.4026086956522,-0.4309608227697871,-0.367896451310923,0.0019956521739127,0.7093,True
1248,left_shoulder,337.04625,168.26225,-0.8396017418817936,-0.5313792910122284,1.083325,0.9037,True
1248,left_toe_tip,424.746,270.05,-0.4763664608695652,-0.1990632608695652,-0.0085,0.9281,True
1248,right_shoulder,186.71991176470584,161.01476470588233,-0.9342569230384952,-0.410129053715398,2.434785294117647,0.2602,True
1248,right_toe_tip,432.1697391304348,188.3518260869565,-0.4362883626596531,-0.3603329969211803,0.0196869565217391,0.6817,True
1249,left_shoulder,336.1225,169.20850000000002,-0.837430238722826,-0.5257861190489129,1.1586500000000002,0.8972,False
1249,left_toe_tip,424.984,270.128,-0.4758397565217391,-0.1988906434782608,-0.004,0.9286,True
1249,right_shoulder,186.2773529411764,165.3679411764706,-0.93380124199827,-0.4005699504757785,2.430558823529412,0.241,False
1249,right_toe_tip,429.8894782608696,193.84565217391304,-0.4422429298257581,-0.3497234930344374,0.0375739130434783,0.0358,True
1250,left_shoulder,335.1175,169.9475,-0.8298934789402174,-0.5173249707880435,1.26375,0.941,False
1250,left_toe_tip,425.198,270.168,-0.4768604400000001,-0.19942704,-0.0104,0.942,True
1250,right_shoulder,186.01102941176467,169.88191176470588,-0.9307572151322966,-0.3897755095743381,2.395838235294117,0.0411,False
1250,right_toe_tip,427.75913043478266,200.72608695652173,-0.4484842155420398,-0.3365602303361551,0.0419565217391304,0.0332,True
1251,left_shoulder,333.99125,170.61124999999998,-0.8037303187839674,-0.4974285225883152,1.428625,0.9559,False
1251,left_toe_tip,425.412,270.28000000000003,-0.4789510860869566,-0.2002511391304347,-0.0214,0.942,True
1251,right_shoulder,185.8778676470588,172.13889705882352,-0.929233621254772,-0.3844050763931332,2.3174779411764703,0.0335,False
1251,right_toe_tip,426.7086956521739,208.8391304347826,-0.4529113840716693,-0.3209811054491658,0.0384347826086955,0.037,True
1252,left_shoulder,333.428125,170.943125,-0.7905680572775136,-0.4875278476987092,1.4725625,0.9729,False
1252,left_toe_tip,425.6,270.414,-0.4817008695652174,-0.2012763717391305,-0.035,0.9465,True
1252,right_shoulder,185.7447058823529,174.39588235294116,-0.9277089737475556,-0.3790525013916053,2.268117647058824,0.021,True
1252,right_toe_tip,426.1834782608696,212.89565217391305,-0.4551331221130928,-0.3131285672310347,0.0336739130434782,0.0382,True
1253,left_shoulder,332.865,171.275,-0.7773520081521739,-0.4776588722826087,1.5165,0.9814,False
1253,left_toe_tip,425.77699999999993,270.56,-0.5007928327173914,-0.2090854434782608,-0.1186999999999998,0.9481,True
1253,right_shoulder,185.61154411764693,176.65286764705883,-0.9261832726106471,-0.3737177845697543,2.0787573529411763,0.0217,True
1253,right_toe_tip,425.65826086956514,216.95217391304345,-0.457360296005589,-0.3052340451631463,0.0334130434782607,0.0378,True
1254,left_shoulder,330.98791666666665,172.38125000000002,-0.7329100449313104,-0.4449912282042572,1.7309583333333334,1.0,False
1254,left_toe_tip,425.949,270.682,-0.536686349673913,-0.2239454680434782,-0.2746999999999998,0.9526,True
1254,right_shoulder,185.4783823529412,178.90985294117647,-0.9246565178440462,-0.3684009259275801,2.041397058823529,0.0153,True
1254,right_toe_tip,425.1330434782608,221.0086956521739,-0.4595929057491576,-0.2972975392455001,0.0316521739130435,0.0355,True
1255,left_shoulder,329.2995833333334,173.62958333333336,-0.6914913575822764,-0.4147839060424214,1.8774583333333328,0.945,False
1255,left_toe_tip,426.11800000000005,270.81100000000004,-0.5527687297826086,-0.2305050927173912,-0.3471999999999998,0.9327,False
1255,right_shoulder,,,,,,0.0186,False
1255,right_toe_tip,424.60782608695655,225.06521739130437,-0.4618309513437987,-0.2893190494780965,0.028391304347826,0.0351,False
1256,left_shoulder,327.9666666666667,174.9333333333333,-0.6584355555555554,-0.3905174879227053,2.006666666666667,0.9341,True
1256,left_toe_tip,426.37,270.863,-0.5492380858695652,-0.2291692892391304,-0.3348000000000002,0.9573,True
1256,right_shoulder,,,,,,0.0196,True
1256,right_toe_tip,,,,,,0.2437,False
1257,left_shoulder,327.4,175.3425,-0.6534019565217392,-0.3859743179347826,2.025,0.9284,True
1257,left_toe_tip,426.622,270.889,-0.5422816323913042,-0.2264678577173912,-0.3045999999999999,0.9347,False
1257,right_shoulder,,,,,,0.0203,True
1257,right_toe_tip,,,,,,0.7969,False
1258,left_shoulder,327.01800000000003,175.86999999999998,-0.65100256,-0.3829904,2.0344,0.911,True
1258,left_toe_tip,426.835,270.97700000000003,-0.5196591978260869,-0.2170225917391303,-0.2093000000000001,0.9854,True
1258,right_shoulder,,,,,,0.0357,True
1258,right_toe_tip,,,,,,0.8642,False
1259,left_shoulder,326.294,177.092,-0.6465071478260869,-0.3769495304347825,2.064,0.9299,True
1259,left_toe_tip,427.00700000000006,271.043,-0.482243933695652,-0.2014102510869565,-0.0495,0.9642,True
1259,right_shoulder,,,,,,0.0277,True
1259,right_toe_tip,,,,,,0.9079,False
1260,left_shoulder,325.654,178.416,-0.6430425782608695,-0.3714577043478261,2.078,0.9435,True
1260,left_toe_tip,427.15,271.102,-0.4627173913043478,-0.1932565217391305,0.0335,0.9648,True
1260,right_shoulder,,,,,,0.0199,True
1260,right_toe_tip,,,,,,0.9194,False
1261,left_shoulder,324.73400000000004,180.124,-0.6392360830434783,-0.3647181417391305,2.1186,0.9287,True
1261,left_toe_tip,427.28,271.166,-0.460862504347826,-0.192460792173913,0.0402999999999999,0.9827,True
1261,right_shoulder,,,,,,0.0219,True
1261,right_toe_tip,,,,,,0.9009,False
1262,left_shoulder,323.98314285714287,182.2065714285714,-0.6334567715616682,-0.3563874797249335,2.1458571428571425,0.9421,True
1262,left_toe_tip,427.348,271.236,-0.4621020417391305,-0.1928880313043478,0.0342999999999999,0.9782,True
1262,right_shoulder,,,,,,0.0141,True
1262,right_toe_tip,,,,,,0.9153,False
1263,left_shoulder,323.0354285714285,184.5257142857143,-0.6221561730612245,-0.3444309551020408,2.202171428571429,0.9094,True
1263,left_toe_tip,427.42,271.252,-0.4631933347826087,-0.1933741747826086,0.0289,0.9643,True
1263,right_shoulder,,,,,,0.0479,True
1263,right_toe_tip,,,,,,0.8961,False
1264,left_shoulder,321.9988571428572,186.95142857142852,-0.6047058378349601,-0.3290663688553683,2.314542857142857,0.9466,False
1264,left_toe_tip,427.458,271.2900000000001,-0.4635263791304349,-0.1934649391304346,0.0270999999999999,0.95,True
1264,right_shoulder,,,,,,0.0127,True
1264,right_toe_tip,,,,,,0.902,False
1265,left_shoulder,320.75142857142856,189.57571428571427,-0.5845124077196096,-0.3120299305678793,2.4495714285714283,0.9453,False
1265,left_toe_tip,427.524,271.278,-0.4632438704347826,-0.1934332473913042,0.0277,0.9548,True
1265,right_shoulder,,,,,,0.0195,True
1265,right_toe_tip,,,,,,0.8908,False
1266,left_shoulder,319.5571428571428,192.1685714285714,-0.5597798358473826,-0.2931837843833186,2.539857142857143,0.9017,False
1266,left_toe_tip,427.5280000000001,271.286,-0.4632351495652171,-0.1934158056521739,0.0277,0.9539,True
1266,right_shoulder,,,,,,0.0323,True
1266,right_toe_tip,,,,,,0.8904,False
1267,left_shoulder,318.96,193.465,-0.547338304347826,-0.2839240733695652,2.638,0.9058,False
1267,left_toe_tip,427.5220000000001,271.298,-0.4633868034782608,-0.193447492173913,0.0270999999999999,0.947,True
1267,right_shoulder,,,,,,0.0265,False
1267,right_toe_tip,,,,,,0.9024,False
1268,left_shoulder,317.46714285714285,196.70607142857145,-0.5160150093722271,-0.2612512685642192,2.7821071428571438,0.9105,False
1268,left_toe_tip,427.4980000000001,271.256,-0.4630233795652173,-0.1933654591304348,0.0289,0.9495,True
1268,right_shoulder,,,,,,0.0129,True
1268,right_toe_tip,,,,,,0.9275,False
1269,left_shoulder,315.5878571428572,200.18392857142857,-0.488948037516637,-0.2408718545502439,2.8818928571428573,0.8907,False
1269,left_toe_tip,427.48,271.20199999999994,-0.4627854,-0.1933672969565218,0.0300999999999999,0.9413,True
1269,right_shoulder,,,,,,0.012,True
1269,right_toe_tip,405.7,371.1,-0.5460208695652174,0.0258678260869565,0.048,0.9113,False
1270,left_shoulder,313.7546428571428,203.68607142857144,-0.4653049076641526,-0.2229415270075421,2.9768571428571438,0.9867,True
1270,left_toe_tip,427.44,271.158,-0.4632883826086957,-0.1936369330434782,0.0282999999999999,0.9465,True
1270,right_shoulder,,,,,,0.0153,True
1270,right_toe_tip,405.955,371.525,-0.5419922527173914,0.026689144021739,0.063,0.9001,False
1271,left_shoulder,311.665,207.89,-0.4454827866847826,-0.2063818559782608,3.07575,0.9686,True
1271,left_toe_tip,427.482,271.082,-0.4640746326086957,-0.19416985,0.0245,0.9483,True
1271,right_shoulder,,,,,,0.0111,True
1271,right_toe_tip,406.1233333333333,371.76666666666665,-0.5407409307568439,0.0272054428341384,0.0663888888888886,0.9393,True
1272,left_shoulder,310.65700000000004,210.1625,-0.4415523079891303,-0.2008881134510869,3.09755,0.9604,True
1272,left_toe_tip,427.464,271.024,-0.4645759739130436,-0.1944899304347826,0.0225,0.9379,True
1272,right_shoulder,,,,,,0.0284,False
1272,right_toe_tip,406.27,371.9625,-0.5401830570652174,0.0276470278532608,0.06725,0.9425,True
1273,left_shoulder,308.58900000000006,214.5215,-0.4337701691847825,-0.1904107997554348,3.22085,0.9018,True
1273,left_toe_tip,427.306,271.052,-0.4664934273913041,-0.1950861678260869,0.0157,0.9385,True
1273,right_shoulder,,,,,,0.0102,False
1273,right_toe_tip,406.408,372.14,-0.5399022052173913,0.0280592347826086,0.0670999999999999,0.946,False
1274,left_shoulder,306.632,219.189,-0.4263849191304348,-0.1801003301086956,3.3243,0.9611,False
1274,left_toe_tip,427.246,271.188,-0.4679200473913044,-0.1953284791304348,0.0100999999999999,0.9309,True
1274,right_shoulder,,,,,,0.0211,True
1274,right_toe_tip,406.7099999999999,372.55,-0.5385110833333335,0.0289695833333333,0.069833333333333,0.959,False
1275,left_shoulder,304.44,224.335,-0.4199971086956521,-0.1698024429347826,3.4195,0.8747,False
1275,left_toe_tip,427.238,271.3,-0.4689551995652174,-0.1955063695652173,0.0057,0.924,True
1275,right_shoulder,,,,,,0.0208,False
1275,right_toe_tip,406.9599999999999,372.85,-0.5387783478260871,0.0297086413043478,0.014,0.9571,False
1276,left_shoulder,302.16066666666666,229.42566666666667,-0.416754195,-0.1610747944565217,3.5761,0.9052,False
1276,left_toe_tip,427.096,271.60400000000004,-0.4714435095652173,-0.1957394904347825,-0.0037,0.9116,True
1276,right_shoulder,,,,,,0.0135,False
1276,right_toe_tip,407.21,373.15,-0.5390438007246376,0.0304498731884057,0.0106666666666669,0.959,False
1277,left_shoulder,299.787,234.5245,-0.4158179433152174,-0.1533597021467391,3.63655,0.9964,True
1277,left_toe_tip,427.018,271.90000000000003,-0.475644366521739,-0.1967502826086955,-0.0210999999999999,0.9268,True
1277,right_shoulder,,,,,,0.0142,False
1277,right_toe_tip,407.49,373.456,-0.5382101043478261,0.0311477147826086,0.0114,0.9594,False
1278,left_shoulder,297.319,239.6315,-0.4172327414673915,-0.1465551905163043,3.64935,0.9008,False
1278,left_toe_tip,427.16,272.0400000000001,-0.4795840434782608,-0.1981968260869563,-0.0395,0.9386,True
1278,right_shoulder,,,,,,0.012,False
1278,right_toe_tip,407.798,373.71,-0.5374971513043479,0.0317356695652173,0.0114,0.9461,True
1279,left_shoulder,295.063,244.682,-0.4196608522826087,-0.1402993884782609,3.6677,0.9273,False
1279,left_toe_tip,427.036,272.11600000000004,-0.4836134660869566,-0.1995731008695651,-0.0556999999999998,0.9523,True
1279,right_shoulder,,,,,,0.014,False
1279,right_toe_tip,408.084,373.92,-0.5370199840579711,0.0322328695652174,0.0106666666666669,0.933,True
1280,left_shoulder,293.01900000000006,249.676,-0.4231282433695651,-0.1345353213043478,3.7441,0.9322,True
1280,left_toe_tip,426.75,272.244,-0.4885279347826086,-0.2010375495652173,-0.0740999999999999,0.9378,True
1280,right_shoulder,,,,,,0.0113,False
1280,right_toe_tip,408.353,374.076,-0.5371188917391304,0.03263796,0.0008000000000001,0.9283,True
1281,left_shoulder,291.2493333333333,254.80433333333332,-0.4244523059420291,-0.1280299869202898,3.7113,0.9551,False
1281,left_toe_tip,426.53600000000006,272.17600000000004,-0.496164584347826,-0.2041335234782608,-0.1049,0.9385,True
1281,right_shoulder,,,,,,0.0238,False
1281,right_toe_tip,408.605,374.178,-0.5377921619565217,0.0329515213043478,-0.0041999999999998,0.9319,True
1282,left_shoulder,289.754,260.067,-0.4236073089130435,-0.1208646185869565,3.6238,0.9269,True
1282,left_toe_tip,426.25200000000007,272.204,-0.5020754652173912,-0.2062251695652173,-0.1305,0.9374,True
1282,right_shoulder,,,,,,0.0259,True
1282,right_toe_tip,408.827,374.214,-0.537979775,0.0330784499999999,-0.007,0.9105,False
1283,left_shoulder,288.47,265.333,-0.426459383695652,-0.1148454768478261,3.3849,0.9563,False
1283,left_toe_tip,425.79,272.348,-0.5076311326086956,-0.2077161852173912,-0.1496999999999998,0.9002,True
1283,right_shoulder,,,,,,0.0117,False
1283,right_toe_tip,408.9690000000001,374.23,-0.5374986439130434,0.0331064043478261,-0.0064,0.9111,True
1284,left_shoulder,287.11825,270.655,-0.4299595626766305,-0.1088600845108696,3.20305,0.9146,True
1284,left_toe_tip,425.616,272.39399999999995,-0.5114922608695652,-0.2090164891304348,-0.1645,0.9054,True
1284,right_shoulder,,,,,,0.027,True
1284,right_toe_tip,409.047,374.188,-0.5366142747826086,0.0329655095652173,-0.0035999999999999,0.9259,True
1285,left_shoulder,285.69875,276.033,-0.4341153087635869,-0.1028823921195652,3.13475,0.9708,True
1285,left_toe_tip,425.628,272.544,-0.5114636304347826,-0.2086586086956522,-0.1645,0.9117,True
1285,right_shoulder,,,,,,0.0135,False
1285,right_toe_tip,409.134,374.14,-0.5350068608695652,0.0327679130434782,0.002,0.9427,True
1286,left_shoulder,284.2435,281.268,-0.4397073001630435,-0.0973110404347826,3.0849,0.9869,False
1286,left_toe_tip,425.698,272.766,-0.5017927917391303,-0.2042603073913043,-0.1236999999999998,0.9088,True
1286,right_shoulder,,,,,,0.0139,False
1286,right_toe_tip,409.194,374.066,-0.5332622104347827,0.0324985756521738,0.0084,0.9476,True
1287,left_shoulder,282.7525,286.36,-0.44675353125,-0.0920900217391304,3.016,0.9563,False
1287,left_toe_tip,425.958,272.818,-0.491877822173913,-0.2003480265217391,-0.0836999999999998,0.9318,True
1287,right_shoulder,,,,,,0.0171,True
1287,right_toe_tip,409.218,374.02,-0.53270506,0.0323618173913043,0.0104,0.9502,True
1288,left_shoulder,281.28875000000005,291.43999999999994,-0.4492663454483695,-0.0858676739130435,3.07475,0.9442,False
1288,left_toe_tip,426.404,272.79,-0.4813803765217391,-0.196544797826087,-0.0429,0.9664,True
1288,right_shoulder,,,,,,0.013,True
1288,right_toe_tip,409.22,373.982,-0.5330014608695652,0.0322923408695652,0.0091999999999998,0.9578,True
1289,left_shoulder,280.55687500000005,293.98,-0.4505248407778531,-0.0827492527173913,3.100875,0.9656,False
1289,left_toe_tip,426.89,272.814,-0.4757912391304347,-0.1946522217391305,-0.0205,0.9691,True
1289,right_shoulder,,,,,,0.017,True
1289,right_toe_tip,409.25200000000007,373.984,-0.5329275547826086,0.03229696,0.0091999999999998,0.9563,True
1290,left_shoulder,279.82500000000005,296.5199999999999,-0.4517847282608694,-0.079626,3.1,0.9564,False
1290,left_toe_tip,427.516,272.63,-0.4736083591304348,-0.1947401326086956,-0.0170999999999999,0.9625,True
1290,right_shoulder,,,,,,0.0225,False
1290,right_toe_tip,409.24799999999993,374.002,-0.5325856486956524,0.0323172247826085,0.0105999999999999,0.9626,True
1291,left_shoulder,277.38541666666674,304.9866666666667,-0.4559944076464371,-0.0691802632850241,2.964083333333333,0.9395,False
1291,left_toe_tip,428.604,272.028,-0.4777090043478262,-0.198797595652174,-0.044,0.9555,True
1291,right_shoulder,,,,,,0.0169,True
1291,right_toe_tip,409.26,374.05,-0.5317052173913044,0.0323760869565217,0.014,0.9776,True
1292,left_shoulder,275.4204166666667,313.0366666666667,-0.4650701333408815,-0.0599080274758453,2.7984166666666668,0.9023,False
1292,left_toe_tip,430.016,271.286,-0.4836479304347827,-0.2043314847826087,-0.081,0.9303,True
1292,right_shoulder,,,,,,0.0216,True
1292,right_toe_tip,409.308,374.032,-0.5310429539130436,0.0323010539130434,0.0161999999999998,0.9629,True
1293,left_shoulder,273.555,320.34,-0.4733247916666666,-0.0512275,2.713666666666667,0.9409,True
1293,left_toe_tip,431.246,270.79799999999994,-0.4893919860869566,-0.2091205147826088,-0.1103000000000001,0.9268,True
1293,right_shoulder,,,,,,0.0314,True
1293,right_toe_tip,409.39,374.008,-0.530703795652174,0.0322366713043477,0.0168000000000001,0.9567,True
1294,left_shoulder,273.06625,321.8425,-0.4747205390625,-0.049366265625,2.70025,0.9096,True
1294,left_toe_tip,431.992,270.834,-0.4915319478260869,-0.2107031347826087,-0.1275,0.9667,True
1294,right_shoulder,,,,,,0.2191,True
1294,right_toe_tip,409.484,373.986,-0.5304874730434783,0.0321860426086956,0.0168000000000001,0.9514,True
1295,left_shoulder,272.46500000000003,323.356,-0.4804321641304347,-0.0479000808695652,2.6819,0.914,False
1295,left_toe_tip,432.332,271.058,-0.4933469356521739,-0.2112952556521739,-0.1390999999999999,0.9311,True
1295,right_shoulder,,,,,,0.0246,True
1295,right_toe_tip,409.62,373.906,-0.5301744956521739,0.0320019382608695,0.0168000000000001,0.9596,True
1296,left_shoulder,271.757,326.588,-0.4876017636956521,-0.0442418460869564,2.6438,0.9299,True
1296,left_toe_tip,432.172,272.00600000000003,-0.4927782599999999,-0.2086414256521738,-0.1349000000000001,0.8964,True
1296,right_shoulder,,,,,,0.0196,True
1296,right_toe_tip,409.746,373.796,-0.5309356908695653,0.0318117765217391,0.0125999999999999,0.9611,True
1297,left_shoulder,271.101,329.524,-0.4932019239130434,-0.0407450869565217,2.6205,0.9701,True
1297,left_toe_tip,431.946,273.378,-0.4889721291304347,-0.2035805308695652,-0.1141999999999998,0.901,True
1297,right_shoulder,,,,,,0.0259,True
1297,right_toe_tip,409.808,373.798,-0.5319937286956522,0.0318883778260868,0.0078000000000001,0.9623,True
1298,left_shoulder,270.576,332.36,-0.4992042573913043,-0.037350052173913,2.5463,0.9768,True
1298,left_toe_tip,432.146,275.034,-0.4842094486956521,-0.1979338382608695,-0.0951999999999998,0.9157,True
1298,right_shoulder,,,,,,0.0248,True
1298,right_toe_tip,409.9219999999999,373.884,-0.5334808582608698,0.0321927704347826,-0.0031999999999998,0.9696,True
1299,left_shoulder,270.016,334.85400000000004,-0.5060737669565218,-0.0343953547826086,2.5096,0.9163,True
1299,left_toe_tip,432.20200000000006,278.068,-0.4800585534782607,-0.1892807313043478,-0.0684,0.9167,True
1299,right_shoulder,,,,,,0.0438,True
1299,right_toe_tip,410.16,374.266,-0.5359269217391304,0.0332645904347826,-0.0111999999999998,0.9367,True
1300,left_shoulder,269.482,336.934,-0.5112342926086957,-0.0318260656521738,2.4506,0.9384,True
1300,left_toe_tip,432.828,282.906,-0.4773513104347827,-0.1776346317391304,-0.0313000000000001,0.8922,True
1300,right_shoulder,,,,,,0.0169,True
1300,right_toe_tip,409.924,375.072,-0.5423791617391305,0.0355306017391304,-0.0348000000000001,0.9122,True
1301,left_shoulder,269.17,338.41400000000004,-0.5166629282608697,-0.0300749291304347,2.4222,0.9768,True
1301,left_toe_tip,433.602,289.42,-0.474491054347826,-0.1622572826086957,-0.0065,0.8534,True
1301,right_shoulder,,,,,,0.0169,True
1301,right_toe_tip,409.68025,375.49,-0.547378668892663,0.0368135845108695,-0.0494749999999999,0.9028,True
1302,left_shoulder,268.60599999999994,339.78,-0.5210819295652175,-0.0283695391304348,2.4082,0.9828,True
1302,left_toe_tip,435.18,298.292,-0.4766517608695653,-0.143605247826087,0.0535,0.8805,True
1302,right_shoulder,,,,,,0.0387,True
1302,right_toe_tip,409.45475,375.426,-0.5517611903057065,0.0369188613586957,-0.0648249999999998,0.8379,True
1303,left_shoulder,268.102,341.046,-0.5253463486956521,-0.0267745852173913,2.3994,0.9805,True
1303,left_toe_tip,436.775,309.6,-0.4881155244565217,-0.1210531304347825,0.0103000000000001,0.9503,True
1303,right_shoulder,,,,,,0.0719,True
1303,right_toe_tip,409.1715,374.88,-0.5546031063315217,0.0357516260869565,-0.0734499999999998,0.5984,False
1304,left_shoulder,267.838,342.264,-0.5299263260869566,-0.0252545217391304,2.3685,0.952,True
1304,left_toe_tip,439.203,321.914,-0.5069905992391305,-0.0961630102173913,-0.1099000000000001,0.9041,True
1304,right_shoulder,,,,,,0.0839,True
1304,right_toe_tip,408.7625000000001,373.63,-0.556415234375,0.0327971874999999,-0.07975,0.0585,True
1305,left_shoulder,267.806,343.576,-0.5332083608695652,-0.0235291652173912,2.345,0.9554,True
1305,left_toe_tip,441.645,335.122,-0.5230750711956522,-0.0656049084782609,-0.1980999999999999,0.9609,False
1305,right_shoulder,,,,,,0.0703,True
1305,right_toe_tip,408.78375000000005,371.59,-0.5541964492187499,0.02777978125,-0.073125,0.0179,True
1306,left_shoulder,267.63,345.124,-0.53694135,-0.0214505452173913,2.3364000000000003,0.9704,True
1306,left_toe_tip,444.381,348.898,-0.5287453992391303,-0.0300079819565216,-0.2366999999999998,0.9511,True
1306,right_shoulder,,,,,,0.1802,True
1306,right_toe_tip,408.79437500000006,370.57,-0.5530872060546873,0.0252854218749999,-0.0723125,0.023,True
1307,left_shoulder,267.938,346.52000000000004,-0.5408649117391304,-0.0195958173913042,2.3206,1.0,True
1307,left_toe_tip,445.947,362.484,-0.5296592264130434,0.0067799700000001,-0.2180999999999999,0.8985,True
1307,right_shoulder,,,,,,0.0228,True
1307,right_toe_tip,408.80500000000006,369.55,-0.5519780624999998,0.022800625,-0.0695,0.0319,True
1308,left_shoulder,268.38,347.858,-0.5428075608695652,-0.0177352386956521,2.3092,1.0,True
1308,left_toe_tip,447.29,376.148,-0.527438891304348,0.0441963739130435,-0.192,0.8782,True
1308,right_shoulder,,,,,,0.0556,True
1308,right_toe_tip,408.8404166666666,366.1499999999999,-0.5482816367187501,0.0145870312499998,-0.058125,0.0356,True
1309,left_shoulder,268.956,349.482,-0.542288872173913,-0.0153722856521739,2.3134,1.0,True
1309,left_toe_tip,448.43,389.076,-0.5174472282608695,0.0785368043478261,-0.1195,0.972,True
1309,right_shoulder,,,,,,0.0326,True
1309,right_toe_tip,409.2170833333333,364.7416666666666,-0.5429147210333637,0.0111547278834539,-0.0422916666666665,0.0251,True
1310,left_shoulder,269.864,351.104,-0.5387088086956522,-0.0129475478260869,2.324,0.9772,True
1310,left_toe_tip,448.75,402.148,-0.5093486413043478,0.1122511191304348,-0.0461999999999998,0.9975,True
1310,right_shoulder,,,,,,0.0538,True
1310,right_toe_tip,409.935,365.325,-0.5359014076086955,0.012403777173913,-0.021,0.408,True
1311,left_shoulder,270.82,352.6,-0.5343479217391304,-0.0107106956521738,2.3214,0.9341,True
1311,left_toe_tip,448.3179999999999,415.016,-0.5137494300000003,0.1474548399999999,-0.0458000000000001,0.9485,True
1311,right_shoulder,,,,,,0.199,True
1311,right_toe_tip,410.20625,366.69875,-0.534083136888587,0.0155691328124999,-0.01625,0.5527,False
1312,left_shoulder,271.588,354.158,-0.5281105930434782,-0.0083743799999999,2.3442,0.9318,True
1312,left_toe_tip,447.61,426.842,-0.5203313021739131,0.1807785482608695,-0.0371999999999998,0.8851,True
1312,right_shoulder,,,,,,0.2924,True
1312,right_toe_tip,410.2796666666667,367.6163333333333,-0.5344327030193236,0.017719013164251,-0.016333333333333,0.8491,True
1313,left_shoulder,272.384,356.116,-0.5212155547826087,-0.0055068365217391,2.3486,0.9123,True
1313,left_toe_tip,446.606,436.042,-0.5207343660869567,0.2047513504347826,0.0043000000000001,0.8919,True
1313,right_shoulder,168.7,463.29,-0.7238553260869566,0.1586399673913043,1.867,0.0366,True
1313,right_toe_tip,410.527,369.689,-0.5344226628260869,0.0225648384782609,-0.0185999999999999,0.9163,True
1314,left_shoulder,273.53000000000003,358.23,-0.513058,-0.0024779999999999,2.355,0.9416,True
1314,left_toe_tip,445.348,443.196,-0.5217943069565218,0.2230195382608696,-0.0011999999999998,0.8709,True
1314,right_shoulder,169.83499999999987,464.48,-0.7208344918478264,0.1601837391304348,1.8785,0.1401,True
1314,right_toe_tip,410.476,371.068,-0.5372857460869565,0.0259087443478261,-0.0280999999999999,0.9135,False
1315,left_shoulder,274.82,360.62,-0.5065681695652173,0.0008600478260869,2.3668,0.9522,True
1315,left_toe_tip,444.394,447.512,-0.5223955891304348,0.2337141130434782,-0.037,0.9025,True
1315,right_shoulder,170.9699999999999,465.6700000000001,-0.7178198260869566,0.1617210434782609,1.881,0.5854,True
1315,right_toe_tip,410.25,371.808,-0.5406117391304348,0.0277847373913043,-0.0378000000000001,0.8996,False
1316,left_shoulder,276.27200000000005,363.367,-0.4986236452173913,0.0046157178260869,2.3868,0.9861,True
1316,left_toe_tip,443.878,449.4440000000001,-0.5212155326086956,0.2377071521739132,-0.039,0.8769,True
1316,right_shoulder,172.10499999999993,466.86,-0.714811328804348,0.1632518804347826,1.8915,0.1849,True
1316,right_toe_tip,410.004,372.293,-0.5435405469565217,0.0290515658695652,-0.0471999999999998,0.8981,True
1317,left_shoulder,277.998,366.433,-0.4888600921739131,0.0086873469565217,2.4106,0.9319,True
1317,left_toe_tip,443.69,450.036,-0.5201361478260871,0.2385562539130433,-0.0315999999999999,0.8857,True
1317,right_shoulder,173.37239999999994,468.2064,-0.7131895662086957,0.1653817208347826,1.89888,0.2475,True
1317,right_toe_tip,409.8353333333333,372.7416666666667,-0.5446062942512078,0.0301488146135265,-0.0498666666666667,0.9077,True
1318,left_shoulder,280.1174285714286,369.56,-0.481097056783496,0.0127799683229813,2.4336285714285717,0.9321,False
1318,left_toe_tip,443.622,450.258,-0.5216824260869565,0.2397723391304347,-0.038,0.8659,True
1318,right_shoulder,175.90719999999996,470.8992,-0.7099409163130436,0.1696468457739131,1.89764,0.5095,True
1318,right_toe_tip,409.76200000000006,373.057,-0.5436619904347825,0.0308315508695651,-0.0384,0.9174,False
1319,left_shoulder,282.2942857142857,372.838,-0.4754431059893523,0.0170635758695652,2.4456857142857142,0.9587,True
1319,left_toe_tip,443.64,450.3280000000001,-0.5199271304347827,0.2391728347826089,-0.03,0.8563,True
1319,right_shoulder,178.57439999999994,473.74840000000006,-0.7080475522086958,0.1745444470086957,1.88528,0.1768,True
1319,right_toe_tip,409.69000000000005,373.237,-0.5392758717391303,0.0309947232608694,-0.0201999999999998,0.9162,True
1320,left_shoulder,284.5585714285714,376.321,-0.4688846447648625,0.021530034689441,2.4593714285714285,0.9119,False
1320,left_toe_tip,443.86,450.266,-0.5201121130434784,0.239361884347826,-0.0335999999999999,0.8585,True
1320,right_shoulder,181.37399999999997,476.754,-0.7074804556521741,0.1801057356521739,1.8778,0.1729,True
1320,right_toe_tip,409.582,373.225,-0.5358721226086955,0.03075675,-0.0055999999999999,0.9204,True
1321,left_shoulder,286.9742857142857,379.99,-0.4645796472937001,0.0263067158385092,2.4522857142857144,0.9643,False
1321,left_toe_tip,444.026,450.098,-0.5194589091304348,0.2388184595652173,-0.0325999999999999,0.868,True
1321,right_shoulder,184.30599999999995,479.916,-0.7082079143478262,0.1863651052173912,1.8832,0.1668,True
1321,right_toe_tip,409.414,373.19,-0.533205061304348,0.0305004413043476,0.0065999999999999,0.9226,True
1322,left_shoulder,289.5414285714285,383.845,-0.4624801505102042,0.0314668839285713,2.4339285714285714,0.9054,False
1322,left_toe_tip,444.242,449.944,-0.516971344347826,0.2375303721739129,-0.0235999999999999,0.8665,True
1322,right_shoulder,187.60759999999996,483.0516,-0.7107871373391306,0.1933354638782607,1.89302,0.0735,True
1322,right_toe_tip,409.296,373.096,-0.531020424347826,0.0301435756521739,0.0164,0.9169,True
1323,left_shoulder,290.82499999999993,385.7725,-0.4614233763586958,0.0340575183423912,2.43725,0.9657,False
1323,left_toe_tip,444.46400000000006,449.724,-0.5152373599999999,0.2364227399999999,-0.0181999999999998,0.8907,True
1323,right_shoulder,190.9468,486.0848,-0.7104021624000001,0.1994661535999999,1.90056,0.6407,True
1323,right_toe_tip,409.208,373.035,-0.5296676400000001,0.0299153249999999,0.0225999999999999,0.9167,True
1324,left_shoulder,292.10857142857134,387.7,-0.4603619183673469,0.0366551863354037,2.4355714285714285,0.8999,False
1324,left_toe_tip,444.754,449.474,-0.5179112373913043,0.2373395104347825,-0.0254,0.8755,True
1324,right_shoulder,193.96559999999997,489.30160000000006,-0.7124332936000002,0.206528386052174,1.89452,0.5857,True
1324,right_toe_tip,409.244,373.009,-0.5305883069565217,0.0299122158695651,0.0185999999999999,0.923,True
1325,left_shoulder,293.39214285714274,389.6275,-0.459295776536158,0.0392598879076086,2.3938928571428573,1.0,False
1325,left_toe_tip,445.012,449.278,-0.5170573095652174,0.2367419660869564,-0.0245999999999999,0.8982,True
1325,right_shoulder,197.47799999999992,492.61800000000005,-0.7119313176086957,0.213356415,1.8929,0.5522,True
1325,right_toe_tip,409.36,372.943,-0.5306224173913044,0.0297773410869564,0.0174,0.9101,False
1326,left_shoulder,294.67571428571426,391.555,-0.4582249508651286,0.0418716230590062,2.3922142857142856,0.922,False
1326,left_toe_tip,445.1940000000001,449.196,-0.5183110073913041,0.2373195313043479,-0.0278000000000001,0.9007,True
1326,right_shoulder,201.48399999999995,496.034,-0.7089183117391304,0.2199167045652173,1.9117,0.4423,True
1326,right_toe_tip,409.58,372.869,-0.5302665478260868,0.0296154856521739,0.0168000000000001,0.9227,True
1327,left_shoulder,,,,,,0.9062,False
1327,left_toe_tip,445.316,449.08,-0.5198909252173914,0.2378823304347827,-0.0368000000000001,0.8922,True
1327,right_shoulder,204.23059999999995,498.1654,-0.7056811770608695,0.223743847321739,1.90916,0.1033,True
1327,right_toe_tip,409.73,372.857,-0.529921352173913,0.0295878699999999,0.0168000000000001,0.9395,True
1328,left_shoulder,,,,,,0.9473,False
1328,left_toe_tip,445.68,448.994,-0.5206508695652173,0.2384458804347826,-0.045,0.8854,True
1328,right_shoulder,206.04979999999995,499.0882,-0.7068294062,0.2265504885478261,1.90048,0.4606,True
1328,right_toe_tip,409.878,372.92,-0.5299309447826087,0.0297525130434781,0.0114,0.9385,True
1329,left_shoulder,,,,,,0.9909,False
1329,left_toe_tip,445.796,449.0,-0.5203400652173913,0.2384619565217391,-0.045,0.8702,True
1329,right_shoulder,207.2996,498.5164,-0.7071547384956522,0.2263749435391303,1.89546,0.0449,True
1329,right_toe_tip,409.944,372.992,-0.5296289217391305,0.0299098434782609,0.012,0.9358,True
1330,left_shoulder,,,,,,0.9736,False
1330,left_toe_tip,445.952,448.95200000000006,-0.5212719860869567,0.2389521443478262,-0.0514,0.8681,True
1330,right_shoulder,207.166,496.534,-0.7115414582608697,0.2244500234782609,1.8866,0.124,True
1330,right_toe_tip,409.934,373.2240000000001,-0.5302021013043476,0.0304755704347827,0.0098000000000001,0.9395,True
1331,left_shoulder,317.78,426.25,-0.438149152173913,0.0900855978260869,2.313,0.9682,False
1331,left_toe_tip,446.17,448.872,-0.521107741304348,0.2389304399999999,-0.0404,0.9035,True
1331,right_shoulder,205.649,493.141,-0.7200312066304347,0.2207101511956521,1.8869,0.0963,True
1331,right_toe_tip,409.918,373.401,-0.5307891704347827,0.0309155243478261,0.0075999999999999,0.9525,True
1332,left_shoulder,318.645,429.055,-0.4395926820652174,0.0944627364130435,2.2965,0.9021,False
1332,left_toe_tip,446.398,448.81000000000006,-0.5218836521739131,0.2394008695652175,-0.047,0.88,True
1332,right_shoulder,204.8905,491.4445,-0.7242917867119566,0.2188050864402173,1.88505,0.2098,True
1332,right_toe_tip,409.96,373.489,-0.5312423739130434,0.031150792826087,0.0054,0.9558,True
1333,left_shoulder,319.90333333333336,431.1433333333334,-0.4401329166666666,0.0978220833333333,2.29,1.0,True
1333,left_toe_tip,446.44,448.8,-0.5213917304347827,0.2392001739130435,-0.0451999999999998,0.8644,True
1333,right_shoulder,204.132,489.748,-0.7285628373913045,0.2168766026086956,1.8702,0.0926,True
1333,right_toe_tip,409.946,373.4690000000001,-0.5309246226086956,0.0310841095652175,0.0068000000000001,0.9474,False
1334,left_shoulder,321.1325,432.9925,-0.4387894076086956,0.100444027173913,2.279,0.8852,True
1334,left_toe_tip,446.8059999999999,448.72800000000007,-0.5209938195652175,0.2392762695652175,-0.048,0.8663,True
1334,right_shoulder,203.37349999999995,488.0515,-0.7328443586684784,0.2149246997010869,1.85035,0.055,True
1334,right_toe_tip,409.974,373.481,-0.5308600034782608,0.0311118034782608,0.0068000000000001,0.9631,True
1335,left_shoulder,322.02,434.99,-0.4433747217391304,0.1045621434782608,2.2532,0.9671,True
1335,left_toe_tip,447.0220000000001,448.712,-0.5204113239130433,0.2392331217391304,-0.048,0.8803,True
1335,right_shoulder,202.615,486.355,-0.7371363505434781,0.2129493777173913,1.8395,0.1659,True
1335,right_toe_tip,410.016,373.489,-0.5310630539130435,0.0311478604347825,0.0055999999999999,0.9591,True
1336,left_shoulder,324.2,439.052,-0.4473375652173914,0.1119788765217391,2.2373000000000003,0.9701,True
1336,left_toe_tip,447.17,448.696,-0.5194253326086957,0.2389200295652174,-0.0451999999999998,0.8561,True
1336,right_shoulder,195.03,469.39,-0.7806321521739131,0.1919081086956521,1.811,0.2345,True
1336,right_toe_tip,410.084,373.548,-0.5307061060869565,0.0312723182608695,0.0064,0.9541,True
1337,left_shoulder,326.514,442.686,-0.4521694804347825,0.1192655673913043,2.218,0.9479,True
1337,left_toe_tip,447.204,448.716,-0.5193337469565217,0.2389739034782608,-0.0451999999999998,0.8817,True
1337,right_shoulder,195.97833333333324,471.96333333333337,-0.78411652294686,0.1977207560386473,1.7698333333333336,0.2339,True
1337,right_toe_tip,410.084,373.696,-0.5303562339130434,0.0315930991304348,0.0078000000000001,0.9544,True
1338,left_shoulder,328.766,446.054,-0.4574463204347826,0.1264806726086956,2.2168,0.9856,True
1338,left_toe_tip,447.306,448.716,-0.5177185099999999,0.2383567486956521,-0.0388000000000001,0.8803,True
1338,right_shoulder,196.9266666666666,474.5366666666667,-0.7875789033816425,0.2035930748792271,1.7376666666666667,0.5942,True
1338,right_toe_tip,410.094,373.938,-0.5299833095652176,0.0321301199999999,0.0091999999999998,0.952,True
1339,left_shoulder,330.874,449.234,-0.4664442534782609,0.1346463465217391,2.1958,0.9895,True
1339,left_toe_tip,447.208,448.884,-0.5168082939130435,0.238267087826087,-0.0331999999999998,0.8842,True
1339,right_shoulder,197.87499999999997,477.11,-0.7910192934782608,0.2095250652173913,1.718,0.489,False
1339,right_toe_tip,410.2,374.152,-0.5290395652173914,0.0325803652173912,0.012,0.9493,True
1340,left_shoulder,333.17600000000004,451.836,-0.4716418486956521,0.1411679034782608,2.2088,0.9357,True
1340,left_toe_tip,447.2720000000001,449.02,-0.514709452173913,0.237741456521739,-0.024,0.8728,True
1340,right_shoulder,199.00799999999995,479.712,-0.7878417947826089,0.2138680904347825,1.7204000000000002,0.4577,False
1340,right_toe_tip,410.296,374.326,-0.5278198434782608,0.0329186565217391,0.02,0.9266,True
1341,left_shoulder,335.414,454.25,-0.4771405904347826,0.1476446739130434,2.2018,0.9227,True
1341,left_toe_tip,447.29,449.236,-0.514242445652174,0.2381243260869565,-0.022,0.8792,True
1341,right_shoulder,200.962,484.53,-0.7845418173913044,0.2225296956521739,1.729,0.8015,True
1341,right_toe_tip,410.35,374.418,-0.5273462934782608,0.0331081160869565,0.0214,0.9339,True
1342,left_shoulder,337.074,456.588,-0.4837596513043478,0.1542468365217391,2.1838,0.9015,True
1342,left_toe_tip,447.566,449.474,-0.5113724382608696,0.2377674295652173,-0.0248000000000001,0.8862,True
1342,right_shoulder,203.0386666666666,489.5146666666666,-0.7782344674396138,0.2306674983574879,1.7694666666666663,0.8551,True
1342,right_toe_tip,410.466,374.412,-0.5268803273913044,0.0330818060869564,0.0221999999999998,0.9436,True
1343,left_shoulder,338.196,459.334,-0.489775404347826,0.1612018065217391,2.1805,0.9208,True
1343,left_toe_tip,447.744,449.758,-0.5105232695652175,0.2383465152173912,-0.023,0.8828,True
1343,right_shoulder,205.19199999999995,494.21,-0.7742418104347827,0.2389813282608696,1.7738,0.8859,True
1343,right_toe_tip,410.588,374.268,-0.526600284347826,0.0327512634782609,0.0221999999999998,0.9539,True
1344,left_shoulder,339.218,462.224,-0.49328248,0.1676473599999999,2.2592,0.9183,True
1344,left_toe_tip,448.084,449.896,-0.5072006113043478,0.2375794939130435,-0.0114,0.8692,True
1344,right_shoulder,207.26799999999997,498.83,-0.7681933721739133,0.2464534304347826,1.7658,0.5906,True
1344,right_toe_tip,410.604,374.02,-0.5265635573913044,0.0321819956521738,0.0181999999999998,0.9645,True
1345,left_shoulder,340.398,465.294,-0.4953202630434782,0.1740784499999999,2.29,0.9357,True
1345,left_toe_tip,448.5280000000001,450.096,-0.5034881113043477,0.2369133078260869,0.0008000000000001,0.8487,True
1345,right_shoulder,209.09599999999995,503.143,-0.7712244852173913,0.2561948519565217,1.7434,0.7123,True
1345,right_toe_tip,410.676,373.494,-0.5263982860869565,0.0309745969565216,0.0181999999999998,0.9734,True
1346,left_shoulder,341.40600000000006,468.158,-0.4982625095652173,0.1804827843478261,2.2328,0.8905,True
1346,left_toe_tip,449.148,450.2299999999999,-0.4987460634782609,0.2357945282608693,0.0248000000000001,0.8639,True
1346,right_shoulder,210.988,507.535,-0.780242259130435,0.2683212630434783,1.7168,0.8065,True
1346,right_toe_tip,410.816,373.05,-0.5260769252173914,0.0299554239130435,0.0181999999999998,0.9779,True
1347,left_shoulder,342.394,471.39,-0.497260807826087,0.1861181608695652,2.1933,0.8946,True
1347,left_toe_tip,449.744,450.184,-0.4945001600000001,0.2343999791304348,0.0378000000000001,0.856,True
1347,right_shoulder,212.626,511.33900000000006,-0.7767057913043479,0.2750421826086957,1.714,0.7762,False
1347,right_toe_tip,411.202,372.71,-0.525041671304348,0.0291666869565216,0.0158000000000001,0.9727,True
1348,left_shoulder,343.462,474.544,-0.49670115,0.1918611999999999,2.117,0.9288,True
1348,left_toe_tip,450.624,449.796,-0.4894957913043479,0.2321031391304348,0.055,0.8548,True
1348,right_shoulder,214.11599999999996,515.153,-0.7671467008695654,0.2794777734782609,1.7288,0.8758,True
1348,right_toe_tip,411.65,372.7120000000001,-0.5237157608695653,0.029154695652174,0.014,0.9759,True
1349,left_shoulder,344.84000000000003,477.638,-0.4952913130434782,0.1974016786956522,2.0742,0.9807,True
1349,left_toe_tip,451.352,449.578,-0.4862197147826088,0.2308775582608695,0.0618000000000001,0.872,True
1349,right_shoulder,215.56399999999996,518.833,-0.7618626200000002,0.2851052349999999,1.7301,0.8491,True
1349,right_toe_tip,412.204,372.96400000000006,-0.522593736521739,0.0297411069565218,0.0164,0.9762,True
1350,left_shoulder,345.922,480.754,-0.49347567,0.202630462173913,2.0842,0.8962,True
1350,left_toe_tip,451.974,449.366,-0.4840851995652173,0.2300785952173912,0.0644000000000001,0.8554,True
1350,right_shoulder,216.974,522.1120000000001,-0.7560210317391305,0.2897223373913045,1.7372999999999998,0.9839,True
1350,right_toe_tip,412.692,373.68,-0.5219683486956521,0.0314134434782607,0.0144,0.9691,True
1351,left_shoulder,347.1,483.86,-0.4904164782608695,0.2073847217391304,2.1846,0.9208,True
1351,left_toe_tip,452.532,449.006,-0.482648592173913,0.2291517517391303,0.0914,0.879,True
1351,right_shoulder,218.41399999999996,525.5600000000001,-0.7443742373913045,0.2923213739130436,1.7441,0.9785,True
1351,right_toe_tip,413.08,374.566,-0.5216200173913043,0.0334828008695651,0.0106999999999998,0.9341,True
1352,left_shoulder,348.458,486.574,-0.4885863647826088,0.212121514347826,2.2477,0.9041,True
1352,left_toe_tip,452.81000000000006,448.788,-0.4833164413043477,0.2292467556521739,0.0845999999999999,0.8459,True
1352,right_shoulder,219.972,528.9649999999999,-0.7455497000000001,0.2999128749999999,1.71,0.8677,True
1352,right_toe_tip,413.25999999999993,375.696,-0.5228821565217392,0.0361963408695652,0.0039,0.9031,True
1353,left_shoulder,349.828,489.108,-0.4874889599999999,0.21690144,2.3159,0.9142,True
1353,left_toe_tip,452.79,448.858,-0.4844262239130435,0.2299297334782608,0.0794000000000001,0.8192,True
1353,right_shoulder,221.588,532.1850000000001,-0.7480478886956522,0.3078368347826088,1.6772,0.8168,True
1353,right_toe_tip,413.474,376.962,-0.5240629765217392,0.0392412182608695,9.999999999990904e-05,0.8921,True
1354,left_shoulder,350.978,491.20200000000006,-0.4873162243478261,0.2212179808695653,2.3158000000000003,0.9795,True
1354,left_toe_tip,452.904,448.672,-0.485676812173913,0.2301809460869565,0.0718000000000001,0.8351,True
1354,right_shoulder,223.16066666666663,535.1763333333334,-0.7478943400966184,0.3143018850241548,1.6623333333333332,0.7617,False
1354,right_toe_tip,413.704,379.64,-0.5285979391304347,0.0458764782608695,-0.015,0.8543,True
1355,left_shoulder,351.844,493.27,-0.4874221382608696,0.225429102173913,2.3108,0.9108,True
1355,left_toe_tip,452.874,448.52199999999993,-0.4882361417391306,0.2309654443478259,0.0595999999999999,0.8419,True
1355,right_shoulder,224.672,538.409,-0.7453331826086957,0.3201665858695652,1.662,0.7972,True
1355,right_toe_tip,414.086,383.748,-0.533942827826087,0.0561278817391304,-0.0234,0.8651,True
1356,left_shoulder,352.538,495.264,-0.4883729413043478,0.2298017739130433,2.3045,0.8524,True
1356,left_toe_tip,452.744,448.606,-0.4897965634782608,0.2317624765217389,0.0535999999999999,0.8261,True
1356,right_shoulder,226.05399999999997,541.313,-0.7455527413043479,0.326560479347826,1.656,0.6559,False
1356,right_toe_tip,414.054,389.126,-0.5400600586956522,0.0696174717391305,-0.026,0.9023,True
1357,left_shoulder,353.136,496.876,-0.4901632695652174,0.2338794260869565,2.2955,0.899,True
1357,left_toe_tip,452.634,448.66,-0.4906137978260869,0.2321542826086955,0.051,0.8188,True
1357,right_shoulder,227.182,543.9760000000001,-0.7517774752173914,0.3350362939130437,1.6376,0.4233,False
1357,right_toe_tip,414.394,395.776,-0.5441028182608697,0.0862823791304346,-0.0298000000000001,0.8406,True
1358,left_shoulder,353.586,498.198,-0.4910132182608695,0.2369194408695651,2.2903,0.9366,True
1358,left_toe_tip,452.492,448.596,-0.4926161260869564,0.2327571,0.043,0.8104,True
1358,right_shoulder,228.024,546.436,-0.7480946799999999,0.3385434582608696,1.6424,0.502,True
1358,right_toe_tip,415.7848,405.002,-0.5467731364173913,0.1097422685217391,-0.0345199999999999,0.8428,True
1359,left_shoulder,353.77,499.56000000000006,-0.4933111826086956,0.2405286260869566,2.2879,0.9273,True
1359,left_toe_tip,452.196,448.7720000000001,-0.4933937695652173,0.2332194826086957,0.043,0.8497,True
1359,right_shoulder,228.6293333333333,548.8026666666667,-0.7388276792270532,0.3390923256038648,1.6606666666666663,0.7158,True
1359,right_toe_tip,418.2084,415.634,-0.5442476570608695,0.1365185793913043,-0.0295599999999999,0.3125,True
1360,left_shoulder,354.116,500.5100000000001,-0.4958222939130435,0.2436932130434783,2.2779000000000003,0.9418,True
1360,left_toe_tip,452.062,448.93,-0.4926426965217391,0.2331125956521739,0.0394,0.8149,True
1360,right_shoulder,229.18099999999995,551.226,-0.730721969130435,0.3401328547826087,1.6766,0.6965,True
1360,right_toe_tip,421.6248000000001,427.588,-0.538750607547826,0.1667454732173914,-0.0117200000000002,0.1733,False
1361,left_shoulder,354.086,501.334,-0.4992307060869566,0.2467814539130435,2.2671,0.9389,True
1361,left_toe_tip,451.994,448.914,-0.4941288130434782,0.2336891869565218,0.033,0.814,True
1361,right_shoulder,229.67899999999997,553.706,-0.7237705639130435,0.34168054,1.6902,0.7347,True
1361,right_toe_tip,426.61800000000005,441.05,-0.5302542699999999,0.20140925,0.0648000000000001,0.0153,False
1362,left_shoulder,354.03200000000004,502.038,-0.5035523478260869,0.2501103913043478,2.248,0.943,True
1362,left_toe_tip,452.418,448.372,-0.4937484469565217,0.2326104730434782,0.0384,0.7819,True
1362,right_shoulder,230.149,556.0719999999999,-0.715189995,0.3421456399999998,1.7166,0.5886,False
1362,right_toe_tip,432.322,455.9,-0.5209557482608698,0.2405630652173913,0.0551999999999998,0.0154,True
1363,left_shoulder,353.828,502.6379999999999,-0.5087640469565218,0.2535855573913042,2.2324,0.9325,True
1363,left_toe_tip,452.7,447.762,-0.4933726304347826,0.2311765552173913,0.0365999999999999,0.7945,True
1363,right_shoulder,230.66299999999995,558.472,-0.7144710376086957,0.346419932173913,1.7202,0.4343,True
1363,right_toe_tip,438.8332,470.413,-0.5154855518086955,0.2829309122173913,-0.10898,0.0164,True
1364,left_shoulder,353.586,503.126,-0.5134282269565217,0.2565689121739131,2.2188000000000003,0.9148,True
1364,left_toe_tip,452.888,446.95200000000006,-0.4923486191304347,0.228797175652174,0.0531999999999998,0.7083,True
1364,right_shoulder,231.8961088082901,560.5226632124352,-0.7172851091680955,0.3524394730787869,1.7130041450777205,0.4045,True
1364,right_toe_tip,446.1516,484.589,-0.5131167148000001,0.3297870829999998,-0.1732400000000002,0.7322,True
1365,left_shoulder,353.04,503.6,-0.5189609217391303,0.2596974782608696,2.2037,0.8853,True
1365,left_toe_tip,452.93,446.174,-0.4933361239130434,0.2272558247826086,0.0618000000000001,0.8138,True
1365,right_shoulder,233.6653264248704,562.0739896373057,-0.7169102057399382,0.356526072980541,1.6988124352331606,0.3185,True
1365,right_toe_tip,454.1372,497.47300000000007,-0.5057245978086955,0.3740580559130436,-0.2422799999999997,0.8884,False
1366,left_shoulder,352.524,504.048,-0.5247686895652174,0.2629502295652173,2.1881,0.8671,True
1366,left_toe_tip,452.694,445.7,-0.4907417200000001,0.2245339999999999,0.0775999999999999,0.8418,True
1366,right_shoulder,235.97065284974087,563.1259792746114,-0.713364372948489,0.3586443357563611,1.6976248704663213,0.0695,True
1366,right_toe_tip,462.85,508.3730000000001,-0.4885103804347825,0.4091546750000001,0.122,0.8343,True
1367,left_shoulder,352.02,504.506,-0.5302588260869565,0.2660795260869565,2.173,0.8612,True
1367,left_toe_tip,451.97,445.8440000000001,-0.4899816543478262,0.2236982669565218,0.0865999999999999,0.8266,True
1367,right_shoulder,238.89108808290152,564.1166321243525,-0.7054104273975257,0.3589698369393053,1.695041450777202,0.2398,True
1367,right_toe_tip,471.81000000000006,517.5790000000001,-0.4651916021739128,0.4358429602173915,0.0514,0.8147,True
1368,left_shoulder,351.782,504.794,-0.5362734482608696,0.2694112708695652,2.1552,0.8771,True
1368,left_toe_tip,451.64400000000006,446.104,-0.4879648808695651,0.2230655147826086,0.1005999999999999,0.7191,True
1368,right_shoulder,242.3866321243523,564.8599481865285,-0.6992540295088168,0.3602724551735851,1.675062176165803,0.1879,True
1368,right_toe_tip,480.1809999999999,524.917,-0.4364274714130437,0.450348890326087,0.0046999999999998,0.9019,True
1369,left_shoulder,351.43,505.378,-0.5418215413043478,0.2729629969565217,2.1396,0.8954,True
1369,left_toe_tip,451.668,446.212,-0.4873704626086957,0.2231016626086956,0.1031999999999998,0.6634,True
1369,right_shoulder,244.13440414507767,565.2316062176166,-0.696175889624116,0.3609237517318818,1.6710725388601035,0.1511,True
1369,right_toe_tip,487.963,530.387,-0.4032450909782608,0.4519144768478259,0.0299,0.9091,True
1370,left_shoulder,351.23999999999995,505.974,-0.5484556782608697,0.2772553995652174,2.1196,0.8686,True
1370,left_toe_tip,451.8,446.124,-0.4849013913043478,0.2219003582608694,0.1135999999999999,0.7387,True
1370,right_shoulder,245.8821761658031,565.6032642487047,-0.6930977891125178,0.3615750399176168,1.6710829015544042,0.0608,True
1370,right_toe_tip,494.979,534.645,-0.3734448381521739,0.4497298581521738,-0.0010999999999999,0.9136,False
1371,left_shoulder,350.934,506.768,-0.5544411560869564,0.2815074052173913,2.1024000000000003,0.8268,True
1371,left_toe_tip,452.246,445.616,-0.4851400095652173,0.2212242991304347,0.1108000000000001,0.7643,True
1371,right_shoulder,247.6299481865284,565.9749222797927,-0.6900197279740223,0.3622263197307894,1.666593264248705,0.0282,True
1371,right_toe_tip,500.597,538.247,-0.3513713224999999,0.4492793133695651,0.0280999999999999,0.9919,True
1372,left_shoulder,350.108,508.078,-0.55986968,0.2859836852173912,2.0902,0.8016,True
1372,left_toe_tip,452.8,445.058,-0.4841968695652173,0.2200043660869564,0.1084000000000001,0.6811,True
1372,right_shoulder,249.3777202072539,566.3465803108809,-0.6869417062086288,0.3628775911714,1.6621036269430052,0.0612,True
1372,right_toe_tip,505.657,540.519,-0.3342366225,0.4491194990217391,0.0120999999999999,0.9685,True
1373,left_shoulder,349.394,509.5100000000001,-0.5648496186956521,0.2906019369565218,2.0623,0.8072,True
1373,left_toe_tip,453.112,444.438,-0.484080547826087,0.2187127760869565,0.11,0.7913,True
1373,right_shoulder,,,,,,0.0408,False
1373,right_toe_tip,509.49,541.932,-0.3216220347826088,0.4483437286956522,-0.0011999999999998,0.9345,True
1374,left_shoulder,348.686,510.95,-0.5709121108695653,0.2958291847826086,2.042,0.8279,True
1374,left_toe_tip,453.172,444.0,-0.4836002165217391,0.2174321739130435,0.1115999999999999,0.8587,True
1374,right_shoulder,,,,,,0.0226,True
1374,right_toe_tip,511.95200000000006,542.422,-0.3133557252173912,0.4464183595652175,0.0025999999999999,0.8909,True
1375,left_shoulder,348.03599999999994,512.882,-0.5752325504347827,0.3012107752173912,2.0214000000000003,0.8117,True
1375,left_toe_tip,453.004,443.64,-0.4850513634782608,0.2169548869565217,0.1065999999999999,0.8767,True
1375,right_shoulder,,,,,,0.0146,True
1375,right_toe_tip,513.434,542.184,-0.3081331813043479,0.4435388295652174,0.0051999999999998,0.9144,True
1376,left_shoulder,347.622,515.006,-0.5796076047826086,0.307282546521739,1.9872,0.8644,True
1376,left_toe_tip,452.712,443.692,-0.483732332173913,0.2161618808695652,0.1168000000000001,0.8763,True
1376,right_shoulder,,,,,,0.0323,True
1376,right_toe_tip,514.5799999999999,541.646,-0.3048251304347828,0.441478756521739,0.003,0.9689,True
1377,left_shoulder,347.634,517.5559999999999,-0.584604884347826,0.3150434973913041,1.9714,0.8311,True
1377,left_toe_tip,452.448,443.66,-0.4846180591304348,0.2161701652173913,0.1158000000000001,0.7836,True
1377,right_shoulder,,,,,,0.027,True
1377,right_toe_tip,514.944,541.134,-0.3037229634782609,0.4399193582608696,0.0045999999999999,0.9785,True
1378,left_shoulder,347.69,520.482,-0.5869711891304348,0.3222548334782608,1.9636,0.8734,True
1378,left_toe_tip,452.372,443.544,-0.4869762373913044,0.2168330034782609,0.1051999999999998,0.8177,True
1378,right_shoulder,,,,,,0.0212,True
1378,right_toe_tip,515.3639999999999,540.716,-0.3022964895652176,0.4383148721739131,0.0075999999999999,0.9915,True
1379,left_shoulder,348.092,523.686,-0.5911771582608696,0.3314997339130435,1.9818,0.8788,True
1379,left_toe_tip,452.294,443.536,-0.4907695786956521,0.2184103199999998,0.0875999999999999,0.7788,True
1379,right_shoulder,,,,,,0.0139,True
1379,right_toe_tip,515.886,540.4759999999999,-0.3008415434782609,0.4374581304347824,0.005,0.997,True
1380,left_shoulder,348.442,527.8059999999999,-0.5942712626086957,0.3420324034782607,1.9473,0.8348,True
1380,left_toe_tip,452.358,443.428,-0.4946814204347826,0.2199415991304348,0.0675999999999999,0.6782,True
1380,right_shoulder,,,,,,0.0128,True
1380,right_toe_tip,516.436,540.4480000000001,-0.2993203591304346,0.4371156660869567,0.0064,1.0,True
1381,left_shoulder,349.062,532.396,-0.5953476943478261,0.352774684347826,1.8799,0.8692,True
1381,left_toe_tip,452.466,443.158,-0.4999819513043478,0.2217064591304348,0.0451999999999998,0.7839,True
1381,right_shoulder,,,,,,0.0186,True
1381,right_toe_tip,517.03,540.406,-0.2978814586956522,0.4370139256521737,0.0044,0.9933,True
1382,left_shoulder,350.218,536.712,-0.5960689747826088,0.3634889008695652,1.8436,0.8666,True
1382,left_toe_tip,452.48,442.856,-0.5043472695652174,0.2228466156521737,0.0235999999999999,0.8076,True
1382,right_shoulder,,,,,,0.0206,True
1382,right_toe_tip,517.658,540.3499999999999,-0.2955889104347826,0.4357412826086955,0.0101999999999998,0.98,True
1383,left_shoulder,351.204,542.0260000000001,-0.5946686330434783,0.3748152765217393,1.8306,0.7815,True
1383,left_toe_tip,452.296,442.67,-0.5076577095652174,0.223586406521739,0.0098000000000001,0.7615,True
1383,right_shoulder,,,,,,0.0149,True
1383,right_toe_tip,518.122,540.266,-0.2944678460869567,0.4355383313043477,0.0101999999999998,0.9672,True
1384,left_shoulder,352.354,547.642,-0.589799363478261,0.384747683478261,1.7766,0.8545,True
1384,left_toe_tip,452.154,442.538,-0.5105327591304348,0.2243239295652174,-0.0024,0.7581,True
1384,right_shoulder,,,,,,0.0178,True
1384,right_toe_tip,518.516,540.132,-0.2933046313043478,0.4349013026086954,0.0068000000000001,0.96,True
1385,left_shoulder,353.726,552.922,-0.5840611934782609,0.3936028195652175,1.817,0.7747,True
1385,left_toe_tip,452.08,442.288,-0.513103304347826,0.2246820173913044,-0.014,0.737,True
1385,right_shoulder,,,,,,0.0191,False
1385,right_toe_tip,518.888,539.996,-0.2923011791304347,0.4344164330434782,0.0075999999999999,0.9636,True
1386,left_shoulder,354.94,558.546,-0.5830716391304347,0.4061128943478262,1.7967,0.8388,True
1386,left_toe_tip,451.99000000000007,441.59,-0.5173544739130433,0.2245143956521738,-0.0335999999999999,0.8262,True
1386,right_shoulder,,,,,,0.0125,True
1386,right_toe_tip,519.08,539.87,-0.2920217999999999,0.43438605,0.0061999999999998,0.9551,True
1387,left_shoulder,356.144,564.442,-0.577585252173913,0.4159950260869565,1.771,0.8308,True
1387,left_toe_tip,452.16,440.314,-0.523011895652174,0.2236221113043477,-0.0595999999999999,0.825,True
1387,right_shoulder,,,,,,0.0181,True
1387,right_toe_tip,519.3520000000001,539.768,-0.291837020869565,0.4348431600000001,0.0025999999999999,0.928,True
1388,left_shoulder,358.024,569.652,-0.5744341513043478,0.4270975852173914,1.7538,0.8123,True
1388,left_toe_tip,452.342,439.324,-0.5282572700000001,0.2232970599999999,-0.0828000000000001,0.8061,True
1388,right_shoulder,,,,,,0.0298,True
1388,right_toe_tip,519.6,539.684,-0.2911324347826086,0.4344837243478259,0.0034,0.9302,True
1389,left_shoulder,359.424,575.602,-0.5710941495652174,0.4388438099999999,1.7354,0.8612,True
1389,left_toe_tip,452.646,438.358,-0.5319224434782609,0.2224685826086956,-0.105,0.8345,True
1389,right_shoulder,,,,,,0.011,True
1389,right_toe_tip,519.866,539.6000000000001,-0.2896274043478261,0.4329921739130438,0.01,0.9251,True
1390,left_shoulder,360.94,581.39,-0.5695857260869566,0.4518762413043478,1.7952,0.8707,True
1390,left_toe_tip,452.926,437.966,-0.5350723082608695,0.2229997091304348,-0.1244000000000001,0.8709,True
1390,right_shoulder,,,,,,0.0182,True
1390,right_toe_tip,520.158,539.488,-0.2888192199999999,0.4325660800000001,0.0088000000000001,0.9266,True
1391,left_shoulder,362.504,586.738,-0.5630152539130433,0.460031685652174,1.8279,0.8317,True
1391,left_toe_tip,453.206,437.974,-0.5376824682608696,0.2244464639130434,-0.1411999999999998,0.9031,True
1391,right_shoulder,,,,,,0.0228,True
1391,right_toe_tip,520.434,539.418,-0.2876602004347827,0.4316563056521739,0.0125999999999999,0.9363,True
1392,left_shoulder,363.604,592.282,-0.5615645686956522,0.4719364286956523,1.8043,0.8967,True
1392,left_toe_tip,453.3639999999999,439.408,-0.5347121400000002,0.22750392,-0.1288000000000002,0.7636,True
1392,right_shoulder,,,,,,0.0313,True
1392,right_toe_tip,520.624,539.332,-0.2870992799999999,0.43129346,0.0134,0.9318,True
1393,left_shoulder,363.946,598.334,-0.5624300191304348,0.4855796191304347,1.8091,0.8357,True
1393,left_toe_tip,453.802,441.146,-0.528721364347826,0.2304193591304348,-0.1054,0.6083,True
1393,right_shoulder,,,,,,0.0462,True
1393,right_toe_tip,520.784,539.194,-0.2860406504347826,0.429948734347826,0.0205999999999999,0.9233,True
1394,left_shoulder,364.694,603.2520000000001,-0.5631204682608695,0.4975561017391305,1.8972,0.8344,True
1394,left_toe_tip,454.666,443.8560000000001,-0.51631635,0.2336118782608697,-0.065,0.7122,True
1394,right_shoulder,,,,,,0.0191,True
1394,right_toe_tip,520.866,539.068,-0.2865949660869565,0.4307753234782607,0.0148000000000001,0.9235,True
1395,left_shoulder,364.936,608.396,-0.5613697460869564,0.506943836521739,1.9224,0.9234,True
1395,left_toe_tip,455.46400000000006,447.114,-0.5026600173913042,0.2372909608695652,-0.022,0.6305,True
1395,right_shoulder,,,,,,0.011,True
1395,right_toe_tip,520.9040000000001,538.966,-0.2862187565217388,0.4301019847826087,0.017,0.9093,True
1396,left_shoulder,364.76,613.9979999999999,-0.5607715826086956,0.517493316521739,1.9256,0.8851,True
1396,left_toe_tip,456.778,451.206,-0.4865340717391305,0.2421915847826086,-0.014,0.6518,True
1396,right_shoulder,,,,,,0.0155,True
1396,right_toe_tip,520.952,538.752,-0.28517172,0.4281887582608695,0.0241999999999998,0.9105,True
1397,left_shoulder,364.87,618.5899999999999,-0.5585138999999999,0.5249376999999998,1.9114,0.7895,True
1397,left_toe_tip,458.028,455.124,-0.4742744147826088,0.2479220947826086,-0.0178000000000001,0.6888,True
1397,right_shoulder,,,,,,0.0165,True
1397,right_toe_tip,520.952,538.546,-0.28405888,0.4260262817391305,0.0328000000000001,0.8981,True
1398,left_shoulder,365.16,622.5780000000001,-0.5561925130434783,0.5313779569565219,1.8322,0.8629,True
1398,left_toe_tip,459.122,458.622,-0.4645025682608695,0.2532655839130435,0.0054,0.6045,True
1398,right_shoulder,,,,,,0.0124,True
1398,right_toe_tip,520.9540000000001,538.394,-0.2835882756521737,0.4249655330434782,0.0364,0.8938,True
1399,left_shoulder,364.85,627.4,-0.5560422608695651,0.5403805217391304,1.8243,0.8815,True
1399,left_toe_tip,459.404,461.544,-0.4624435400000001,0.2600188643478262,0.0051999999999998,0.6583,True
1399,right_shoulder,,,,,,0.0138,True
1399,right_toe_tip,521.0400000000001,538.26,-0.2836937391304346,0.4251113478260869,0.034,0.8851,True
1400,left_shoulder,364.878,631.536,-0.5586770873913044,0.5513951686956521,1.8463,0.8517,True
1400,left_toe_tip,461.256,463.47,-0.4604212295652173,0.2665252239130434,0.0061999999999998,0.6107,True
1400,right_shoulder,,,,,,0.0148,True
1400,right_toe_tip,521.12,538.1139999999999,-0.2838906086956521,0.4253439760869563,0.031,0.8729,True
1401,left_shoulder,365.08,634.642,-0.5607770347826085,0.5602099752173914,1.8594,0.7965,True
1401,left_toe_tip,464.212,464.814,-0.464844615652174,0.2771646730434783,0.0096999999999998,0.4845,True
1401,right_shoulder,,,,,,0.0161,True
1401,right_toe_tip,521.224,537.9759999999999,-0.2850623999999999,0.4271423999999997,0.02,0.8762,True
1402,left_shoulder,365.238,637.854,-0.5636204852173913,0.5699631182608697,1.8488,0.8304,True
1402,left_toe_tip,468.986,466.766,-0.4687642447826088,0.2926548899999999,0.0541999999999998,0.8528,True
1402,right_shoulder,,,,,,0.0159,True
1402,right_toe_tip,521.2439999999999,537.9300000000001,-0.2859437947826088,0.428424495652174,0.0128000000000001,0.8923,True
1403,left_shoulder,365.37,640.824,-0.563051202173913,0.5757502486956522,1.8498,0.8494,True
1403,left_toe_tip,474.762,469.34,-0.4689167069565217,0.310287904347826,0.1686999999999998,0.8801,True
1403,right_shoulder,,,,,,0.0139,True
1403,right_toe_tip,521.53,537.898,-0.2850748760869566,0.4280767308695652,0.0121999999999998,0.8853,True
1404,left_shoulder,365.766,642.74,-0.5598546726086958,0.5772198565217391,1.8578,0.8643,True
1404,left_toe_tip,482.3059999999999,471.886,-0.4586152895652175,0.3253936756521737,0.1634000000000001,0.831,True
1404,right_shoulder,,,,,,0.0161,True
1404,right_toe_tip,521.8340000000001,537.844,-0.2828277521739129,0.425665747826087,0.024,0.8908,True
1405,left_shoulder,365.866,644.902,-0.5564920199999999,0.5783510600000001,1.8789,0.8552,True
1405,left_toe_tip,490.814,475.68,-0.4389960208695653,0.3404009739130435,0.1568000000000002,0.8898,True
1405,right_shoulder,,,,,,0.0148,True
1405,right_toe_tip,522.156,537.836,-0.2805455747826088,0.42336566,0.0358000000000001,0.8949,True
1406,left_shoulder,366.066,647.204,-0.553584883478261,0.5804018226086956,1.8818,0.8244,True
1406,left_toe_tip,500.328,480.192,-0.4096944121739131,0.3525544904347826,0.1964000000000001,0.9025,True
1406,right_shoulder,,,,,,0.0132,True
1406,right_toe_tip,522.5559999999999,537.95,-0.2778061226086958,0.4209291195652174,0.0498000000000001,0.8709,False
1407,left_shoulder,366.192,649.614,-0.5520802608695652,0.5839499673913043,1.9095,0.8366,True
1407,left_toe_tip,509.896,484.206,-0.3728045269565216,0.3559041926086956,0.0438000000000001,0.983,True
1407,right_shoulder,,,,,,0.0154,True
1407,right_toe_tip,523.038,538.092,-0.2762083056521739,0.4205681295652174,0.0494,0.9054,True
1408,left_shoulder,366.34,651.616,-0.551781847826087,0.5879866086956521,1.9025,0.8677,True
1408,left_toe_tip,521.118,488.642,-0.3312931213043477,0.3584916952173912,-0.0328000000000001,0.9077,True
1408,right_shoulder,,,,,,0.0158,True
1408,right_toe_tip,522.5993333333333,537.876,-0.2779716002173913,0.4211600986956521,0.0476999999999998,0.9286,True
1409,left_shoulder,366.68,653.448,-0.5528194086956522,0.5935304765217392,1.8967,0.8392,True
1409,left_toe_tip,532.822,494.19000000000005,-0.2923163452173912,0.3659886391304349,-0.0371999999999998,0.9455,True
1409,right_shoulder,,,,,,0.0253,True
1409,right_toe_tip,521.4159999999999,537.33,-0.2818819017391306,0.4215249750000001,0.0460999999999999,0.7408,True
1410,left_shoulder,367.586,654.558,-0.5517567908695653,0.5966080186956522,1.9046,0.8554,True
1410,left_toe_tip,544.1400000000001,500.484,-0.256883960869565,0.3764665800000001,-0.0894,0.9573,True
1410,right_shoulder,,,,,,0.0254,True
1410,right_toe_tip,519.4879999999999,536.4540000000001,-0.287971283478261,0.4216483408695654,0.0365999999999999,0.2848,True
1411,left_shoulder,368.634,655.412,-0.5505780169565216,0.59936526,1.9014,0.8373,True
1411,left_toe_tip,554.3140000000001,507.432,-0.2255031991304345,0.3880025634782607,-0.0786999999999998,0.9084,True
1411,right_shoulder,,,,,,0.026,True
1411,right_toe_tip,516.7833333333334,535.14,-0.296255724637681,0.4210974782608695,0.027,0.0737,True
1412,left_shoulder,369.736,656.01,-0.5467558226086957,0.5988411,1.9068,0.8914,True
1412,left_toe_tip,564.064,515.384,-0.198209467826087,0.4055860191304348,-0.1434,0.9143,True
1412,right_shoulder,,,,,,0.0329,True
1412,right_toe_tip,513.3700000000001,533.3799999999999,-0.3059077989130432,0.4188446195652171,0.0275,0.1521,True
1413,left_shoulder,371.048,656.5899999999999,-0.5426983617391304,0.5984670391304346,1.9226,0.8837,True
1413,left_toe_tip,571.978,523.222,-0.1762065547826088,0.4228159460869564,-0.1421999999999998,0.9211,True
1413,right_shoulder,,,,,,0.0161,True
1413,right_toe_tip,509.95666666666665,531.6200000000001,-0.3156377862318841,0.416551586956522,0.049,0.3499,False
1414,left_shoulder,372.632,657.0160000000001,-0.5373515565217393,0.596937591304348,1.935,0.8846,True
1414,left_toe_tip,578.51,529.7180000000001,-0.1587110369565217,0.4380569160869567,-0.1165999999999999,0.9665,True
1414,right_shoulder,,,,,,0.0117,True
1414,right_toe_tip,507.8200000000001,530.582,-0.3215996869565216,0.4150334226086956,0.0670999999999999,0.6999,False
1415,left_shoulder,373.986,657.51,-0.5340520195652174,0.5972836630434782,1.938,0.902,True
1415,left_toe_tip,583.464,534.8520000000001,-0.1453589721739129,0.4495596965217394,-0.1324000000000001,0.8843,True
1415,right_shoulder,,,,,,0.0114,True
1415,right_toe_tip,506.96,530.266,-0.3237354869565216,0.4143201023913042,0.0668000000000001,0.7389,True
1416,left_shoulder,375.326,657.7660000000001,-0.5316495130434783,0.5981212695652175,1.9415,0.8974,True
1416,left_toe_tip,587.554,538.946,-0.1336004843478261,0.4558454843478261,-0.1525999999999999,0.9631,True
1416,right_shoulder,,,,,,0.0099,True
1416,right_toe_tip,507.4206666666667,530.65,-0.3223551203623187,0.4149206358695652,0.0685999999999999,0.7531,False
1417,left_shoulder,376.75200000000007,657.892,-0.5292429356521737,0.5988924382608696,1.9399,0.9105,True
1417,left_toe_tip,590.874,542.3340000000001,-0.1247373217391303,0.4629698086956523,-0.229,0.9381,True
1417,right_shoulder,,,,,,0.0115,True
1417,right_toe_tip,509.166,531.7460000000001,-0.3170164704347825,0.4161480252173914,0.0678000000000001,0.8648,True
1418,left_shoulder,377.994,658.3259999999999,-0.526461186521739,0.5994406995652172,1.9409,0.9233,True
1418,left_toe_tip,593.72,545.538,-0.117420408695652,0.4707421734782608,-0.3331999999999998,0.8809,True
1418,right_shoulder,,,,,,0.0095,True
1418,right_toe_tip,511.92,533.604,-0.3085892695652175,0.4182724200000001,0.0394,0.8126,True
1419,left_shoulder,379.37,658.492,-0.5246028630434783,0.600812484347826,1.9482,0.9187,True
1419,left_toe_tip,596.1700000000001,549.106,-0.1100990543478259,0.47502605,-0.331,0.9331,True
1419,right_shoulder,,,,,,0.012,True
1419,right_toe_tip,514.354,535.3720000000001,-0.3009221699999999,0.4200159400000002,0.0395999999999999,0.8701,True
1420,left_shoulder,381.206,658.562,-0.5216386886956521,0.6017971443478262,1.9626,0.953,True
1420,left_toe_tip,598.1959999999999,552.668,-0.1040465208695654,0.4795338982608695,-0.3218000000000002,0.8812,True
1420,right_shoulder,,,,,,0.0137,True
1420,right_toe_tip,516.3059999999999,536.874,-0.2935581300000002,0.4197681430434783,0.0555999999999999,0.8548,True
1421,left_shoulder,383.22,658.908,-0.5166860173913044,0.60145488,1.9823,0.9404,True
1421,left_toe_tip,599.766,555.749,-0.0992686484782609,0.4829681033695653,-0.3004000000000001,0.9235,True
1421,right_shoulder,,,,,,0.0155,True
1421,right_toe_tip,517.754,538.162,-0.2874641265217391,0.4189518160869567,0.0715999999999999,0.8695,True
1422,left_shoulder,385.756,658.9639999999999,-0.5097592200000001,0.5994228199999999,1.9894,0.9422,True
1422,left_toe_tip,600.7459999999999,557.939,-0.0953488193478264,0.480798134021739,-0.2636999999999998,0.9312,True
1422,right_shoulder,,,,,,0.0168,True
1422,right_toe_tip,518.6479999999999,539.1020000000001,-0.2832250156521741,0.4180084939130436,0.0858000000000001,0.8939,True
1423,left_shoulder,388.734,658.7,-0.5030782304347825,0.598049347826087,2.0085,0.9501,True
1423,left_toe_tip,601.428,559.4440000000001,-0.0921367686956521,0.4764110156521741,-0.2250999999999999,0.9442,False
1423,right_shoulder,,,,,,0.0153,True
1423,right_toe_tip,519.242,539.66,-0.2802373152173913,0.4169283695652172,0.093,0.9029,True
1424,left_shoulder,391.702,658.716,-0.4979994234782608,0.5991203947826087,2.0108,0.9092,True
1424,left_toe_tip,602.07,560.39,-0.0896714673913042,0.4737480978260869,-0.201,0.9632,False
1424,right_shoulder,,,,,,0.0113,True
1424,right_toe_tip,519.564,539.9379999999999,-0.2785475226086957,0.4161653004347823,0.1001999999999998,0.9084,True
1425,left_shoulder,394.698,658.8340000000001,-0.4899107552173913,0.5968234691304349,2.0186,0.9505,True
1425,left_toe_tip,602.6,560.716,-0.0881135869565216,0.4728825326086956,-0.1935,0.9666,False
1425,right_shoulder,,,,,,0.0242,True
1425,right_toe_tip,519.754,540.092,-0.2781080856521739,0.4165214756521739,0.1001999999999998,0.9228,True
1426,left_shoulder,397.904,658.852,-0.4836657043478261,0.5970543217391304,2.007,0.9089,True
1426,left_toe_tip,603.02,560.803,-0.0874255434782609,0.4747244836956521,-0.1995,0.9643,True
1426,right_shoulder,,,,,,0.0201,True
1426,right_toe_tip,519.818,540.05,-0.2776726730434783,0.4159937826086956,0.1024,0.9358,True
1427,left_shoulder,401.114,659.362,-0.4784471126086956,0.5995700230434782,2.0024,0.9141,True
1427,left_toe_tip,603.2360000000001,560.695,-0.0876102104347823,0.4782649108695654,-0.2169000000000001,0.9624,False
1427,right_shoulder,,,,,,0.02,True
1427,right_toe_tip,519.8620000000001,539.97,-0.2777277156521737,0.416043691304348,0.1011999999999998,0.9378,True
1428,left_shoulder,404.518,659.574,-0.4715271091304349,0.5998643726086956,1.9688,0.9536,True
1428,left_toe_tip,603.263,560.358,-0.0885441563043477,0.4829063360869564,-0.2419000000000001,0.9417,True
1428,right_shoulder,,,,,,0.0208,True
1428,right_toe_tip,519.9159999999999,539.838,-0.2777073026086957,0.4158949226086955,0.1004,0.9432,True
1429,left_shoulder,408.144,659.7479999999999,-0.4623007026086956,0.5976714469565216,1.9446,0.9085,True
1429,left_toe_tip,603.101,559.792,-0.0902421195652174,0.4886217391304348,-0.273,0.9347,True
1429,right_shoulder,,,,,,0.0153,False
1429,right_toe_tip,519.9399999999999,539.706,-0.2781216000000001,0.4162928556521739,0.0968000000000001,0.9394,True
1430,left_shoulder,412.046,659.732,-0.4560566656521739,0.5996594773913043,1.8979,0.9506,True
1430,left_toe_tip,602.7369999999999,559.374,-0.0921975727173916,0.4932989523913044,-0.3023000000000002,0.9305,False
1430,right_shoulder,,,,,,0.0216,True
1430,right_toe_tip,519.96,539.694,-0.2788842347826086,0.417476038695652,0.0905999999999999,0.9404,True
1431,left_shoulder,416.434,659.792,-0.4463057778260869,0.5984760730434783,1.8674,0.896,True
1431,left_toe_tip,602.421,559.1600000000001,-0.0932000046739129,0.4939384478260871,-0.3076999999999998,0.9455,True
1431,right_shoulder,,,,,,0.0274,True
1431,right_toe_tip,519.9799999999999,539.7339999999999,-0.2811598956521741,0.4210464313043476,0.0728000000000001,0.9463,True
1432,left_shoulder,420.896,659.446,-0.43601696,0.5958975400000001,1.7922,0.9314,True
1432,left_toe_tip,602.307,559.102,-0.0944496444565217,0.4989020006521739,-0.3313000000000002,0.9393,True
1432,right_shoulder,,,,,,0.0175,True
1432,right_toe_tip,519.952,539.758,-0.2831045008695652,0.4239162573913044,0.0584,0.9603,True
1433,left_shoulder,425.4,659.596,-0.4291066956521739,0.5990617408695652,1.7634,0.9402,True
1433,left_toe_tip,602.4,559.1519999999999,-0.0960925217391305,0.5089632417391302,-0.3771999999999998,0.9397,True
1433,right_shoulder,,,,,,0.0143,True
1433,right_toe_tip,519.8399999999999,539.848,-0.2847530782608697,0.4262006626086955,0.0478000000000001,0.9596,True
1434,left_shoulder,430.38,659.828,-0.4193767086956522,0.59985154,1.7624000000000002,0.9205,True
1434,left_toe_tip,602.714,559.252,-0.0952900469565216,0.5092188069565217,-0.3771999999999998,0.9287,True
1434,right_shoulder,,,,,,0.0181,True
1434,right_toe_tip,519.716,539.846,-0.2855960539130435,0.4270169591304348,0.0435999999999999,0.9614,True
1435,left_shoulder,435.41399999999993,660.2560000000001,-0.4080601195652175,0.5988801739130437,1.773,0.9095,True
1435,left_toe_tip,603.4179999999999,559.2360000000001,-0.0940555030434785,0.5122530808695656,-0.3884000000000001,0.9292,True
1435,right_shoulder,,,,,,0.0218,True
1435,right_toe_tip,519.632,539.756,-0.2866328417391306,0.428053744347826,0.0371999999999998,0.9687,True
1436,left_shoulder,440.216,660.6719999999999,-0.3999154504347826,0.6018669078260867,1.7664000000000002,0.8997,True
1436,left_toe_tip,604.216,559.082,-0.0929917252173912,0.517353527826087,-0.4138000000000001,0.9352,True
1436,right_shoulder,,,,,,0.0177,True
1436,right_toe_tip,519.492,539.692,-0.2862850921739131,0.4268856904347826,0.0424,0.9633,True
1437,left_shoulder,445.62,661.336,-0.3898586695652173,0.6043752034782609,1.7678,0.9091,True
1437,left_toe_tip,605.0780000000001,558.778,-0.0916474747826084,0.5216626121739132,-0.4329000000000001,0.932,True
1437,right_shoulder,,,,,,0.0152,True
1437,right_toe_tip,519.518,539.664,-0.2859352160869565,0.4263895408695652,0.0445999999999999,0.9705,True
1438,left_shoulder,451.562,661.698,-0.376876,0.603396,1.763,0.8954,True
1438,left_toe_tip,606.088,558.4979999999999,-0.0888273234782609,0.5199353047826085,-0.4148000000000001,0.9381,True
1438,right_shoulder,,,,,,0.0126,True
1438,right_toe_tip,519.7920000000001,539.5260000000001,-0.2849974886956518,0.4256327295652176,0.0468000000000001,0.977,True
1439,left_shoulder,457.29,662.262,-0.3652214021739131,0.604195454347826,1.725,0.8827,True
1439,left_toe_tip,607.008,558.178,-0.0876511373913042,0.5265072473913043,-0.4491999999999998,0.9138,True
1439,right_shoulder,,,,,,0.0215,True
1439,right_toe_tip,520.176,539.4639999999999,-0.2848424869565216,0.4266171391304346,0.039,0.9674,True
1440,left_shoulder,463.438,662.952,-0.3535845965217392,0.6066943095652174,1.6646,0.8259,True
1440,left_toe_tip,607.748,557.9680000000001,-0.0858043426086955,0.5266809530434784,-0.4405999999999999,0.9224,True
1440,right_shoulder,,,,,,0.0121,True
1440,right_toe_tip,520.558,539.364,-0.2839344065217391,0.4263794217391305,0.039,0.9665,True
1441,left_shoulder,470.178,663.22,-0.339607082173913,0.6063740826086956,1.5592,0.8319,True
1441,left_toe_tip,608.3720000000001,557.792,-0.0843573765217389,0.5275456626086957,-0.4468000000000002,0.9186,True
1441,right_shoulder,,,,,,0.0249,True
1441,right_toe_tip,521.052,539.2560000000001,-0.2823980669565216,0.4255771252173914,0.0418000000000001,0.9739,True
1442,left_shoulder,476.736,663.744,-0.3261375860869565,0.606761655652174,1.6007,0.9057,True
1442,left_toe_tip,608.822,557.624,-0.0823302534782608,0.5218562452173914,-0.4224000000000001,0.9198,True
1442,right_shoulder,,,,,,0.0196,True
1442,right_toe_tip,521.306,539.1899999999999,-0.2808661282608695,0.4240180760869564,0.051,0.957,True
1443,left_shoulder,482.956,664.5719999999999,-0.31343934,0.6078859852173911,1.6503,0.8783,True
1443,left_toe_tip,608.982,557.432,-0.0809502369565218,0.5152546,-0.394,0.9153,True
1443,right_shoulder,,,,,,0.0135,True
1443,right_toe_tip,521.4359999999999,539.192,-0.2802749860869567,0.4235943060869566,0.0531999999999998,0.9547,True
1444,left_shoulder,489.388,665.1800000000001,-0.2995214295652173,0.6069101391304348,1.6594,0.8993,True
1444,left_toe_tip,609.072,557.326,-0.0809977426086956,0.5167796352173915,-0.3894000000000001,0.9083,True
1444,right_shoulder,,,,,,0.0286,True
1444,right_toe_tip,521.49,539.26,-0.2785757891304347,0.4213779086956521,0.0634000000000001,0.9576,True
1445,left_shoulder,495.388,666.162,-0.2863317599999999,0.60620076,1.6769,0.8814,True
1445,left_toe_tip,609.178,557.134,-0.0817185026086956,0.5226622313043479,-0.3321999999999998,0.9122,True
1445,right_shoulder,,,,,,0.0264,True
1445,right_toe_tip,521.4680000000001,539.3,-0.2783440573913041,0.4210431739130434,0.0655999999999999,0.9428,True
1446,left_shoulder,501.182,667.3439999999999,-0.2722643469565218,0.6027951234782607,1.7186,0.8857,True
1446,left_toe_tip,609.254,556.972,-0.0814835839130434,0.5220186199999999,-0.3311999999999998,0.9084,True
1446,right_shoulder,,,,,,0.0181,True
1446,right_toe_tip,521.3820000000001,539.424,-0.2786233673913041,0.4214513739130434,0.065,0.9578,True
1447,left_shoulder,506.8,668.152,-0.2589292173913043,0.5990206921739131,1.5086,0.9228,True
1447,left_toe_tip,609.4159999999999,556.8979999999999,-0.0804558660869566,0.5179701517391302,-0.3131999999999998,0.911,True
1447,right_shoulder,,,,,,0.015,True
1447,right_toe_tip,521.528,539.528,-0.2782804260869564,0.4216956608695653,0.059,0.9368,True
1448,left_shoulder,512.406,668.848,-0.2468666521739131,0.5975537391304347,1.287,0.8281,True
1448,left_toe_tip,609.5260000000001,556.8639999999999,-0.0795570143478259,0.5139434295652172,-0.2948000000000002,0.9128,True
1448,right_shoulder,,,,,,0.0146,True
1448,right_toe_tip,521.768,539.638,-0.2776395791304347,0.4218368860869566,0.0595999999999999,0.931,True
1449,left_shoulder,517.57,669.774,-0.2357309804347825,0.596449634347826,1.0546,0.9078,True
1449,left_toe_tip,609.63,556.876,-0.0778000173913043,0.5043449530434783,-0.2498000000000002,0.9135,True
1449,right_shoulder,,,,,,0.0165,True
1449,right_toe_tip,522.202,539.55,-0.2769021247826086,0.4220595978260868,0.0574,0.9303,True
1450,left_shoulder,522.9,669.372,-0.2241192173913044,0.5921111060869564,0.9472,0.8936,True
1450,left_toe_tip,609.6560000000001,556.87,-0.0754510156521737,0.4895215347826087,-0.1805999999999999,0.9172,True
1450,right_shoulder,,,,,,0.0123,True
1450,right_toe_tip,522.8619999999999,539.3520000000001,-0.2743575678260873,0.4200735756521742,0.0651999999999998,0.9481,True
1451,left_shoulder,527.942,668.938,-0.213032002173913,0.5873180021739131,0.942,0.8386,True
1451,left_toe_tip,609.702,556.8340000000001,-0.0740061582608695,0.4807884400000001,-0.1401999999999998,0.9083,True
1451,right_shoulder,,,,,,0.0146,True
1451,right_toe_tip,523.472,539.144,-0.2717888939130435,0.4178339078260871,0.0761999999999998,0.9319,True
1452,left_shoulder,532.5060000000001,668.598,-0.2050798573913042,0.5887513147826086,0.9418,0.9423,True
1452,left_toe_tip,609.686,556.95,-0.0733203399999999,0.4763621086956522,-0.1181999999999998,0.8774,True
1452,right_shoulder,,,,,,0.0145,True
1452,right_toe_tip,523.934,538.924,-0.2701814626086957,0.4165039547826086,0.0804000000000001,0.9595,True
1453,left_shoulder,536.622,668.2879999999999,-0.1964182,0.5857471999999998,0.9855,0.8964,True
1453,left_toe_tip,609.702,557.054,-0.0724517391304347,0.4712160869565217,-0.093,0.8795,True
1453,right_shoulder,,,,,,0.0239,True
1453,right_toe_tip,524.296,538.746,-0.2687099634782607,0.4151181560869565,0.0854,0.9744,True
1454,left_shoulder,540.7180000000001,667.5020000000001,-0.1893480404347824,0.5864597926086959,1.0044000000000002,0.9013,True
1454,left_toe_tip,609.708,557.088,-0.071811795652174,0.4672270956521738,-0.074,0.8889,True
1454,right_shoulder,,,,,,0.0192,True
1454,right_toe_tip,524.5339999999999,538.704,-0.2678811200000003,0.4145932799999999,0.0820999999999999,0.9602,True
1455,left_shoulder,544.562,667.066,-0.1814151895652173,0.5836924139130435,1.0332,0.8655,True
1455,left_toe_tip,609.7139999999999,557.182,-0.0711918517391305,0.4635062969565217,-0.0555999999999999,0.8786,True
1455,right_shoulder,,,,,,0.0142,True
1455,right_toe_tip,524.6419999999999,538.896,-0.2680819608695653,0.4157387478260868,0.0785,0.9579,True
1456,left_shoulder,548.1659999999999,666.24,-0.1750835173913044,0.5838532173913044,1.022,0.9508,True
1456,left_toe_tip,609.7,557.218,-0.0703289347826086,0.4577601273913043,-0.0284,0.8937,True
1456,right_shoulder,,,,,,0.0144,True
1456,right_toe_tip,524.886,539.002,-0.2681155208695653,0.4169190060869564,0.0736999999999998,0.9575,True
1457,left_shoulder,551.6,665.4280000000001,-0.1677101739130434,0.5794500339130437,1.0191,0.8817,True
1457,left_toe_tip,609.692,557.164,-0.0702091408695652,0.4567346921739129,-0.0241999999999998,0.8849,True
1457,right_shoulder,,,,,,0.0227,True
1457,right_toe_tip,525.274,539.5440000000001,-0.2677355673913043,0.4190010521739132,0.062,0.9627,True
1458,left_shoulder,554.9060000000001,664.588,-0.1601617069565216,0.5732875878260868,0.9989,0.9152,True
1458,left_toe_tip,609.6899999999999,557.0060000000001,-0.0698184260869566,0.4537990382608697,-0.0121999999999998,0.897,True
1458,right_shoulder,,,,,,0.0219,True
1458,right_toe_tip,526.05,540.39,-0.2666182282608696,0.4220733847826086,0.0474,0.9692,True
1459,left_shoulder,558.046,663.9939999999999,-0.1524166239130434,0.565362754347826,1.014,0.9189,True
1459,left_toe_tip,609.694,556.868,-0.0688934439130435,0.4475323208695654,0.0155999999999999,0.8984,True
1459,right_shoulder,,,,,,0.0143,True
1459,right_toe_tip,527.3100000000001,541.096,-0.2631801456521738,0.4229378973913044,0.0329,0.9375,True
1460,left_shoulder,560.788,663.58,-0.1466627399999999,0.5620849695652175,1.0186,0.844,True
1460,left_toe_tip,609.706,556.8,-0.0685632247826086,0.4454097391304346,0.0248000000000001,0.9071,True
1460,right_shoulder,,,,,,0.0141,True
1460,right_toe_tip,529.024,543.0799999999999,-0.2573678191304347,0.4245863999999998,0.0194,0.9286,True
1461,left_shoulder,563.4,663.376,-0.1413436521739131,0.5597946713043478,1.0274,0.8682,True
1461,left_toe_tip,609.71,556.814,-0.0686595282608694,0.4461259952173912,0.0215999999999999,0.9079,True
1461,right_shoulder,,,,,,0.0149,True
1461,right_toe_tip,532.1519999999999,546.668,-0.2459872208695654,0.4257653600000001,0.0085999999999999,0.882,True
1462,left_shoulder,565.9179999999999,662.9460000000001,-0.1364558230434784,0.5580133604347828,1.0444,0.8973,True
1462,left_toe_tip,609.646,556.658,-0.0683096973913044,0.4425660034782609,0.0365999999999999,0.9026,True
1462,right_shoulder,,,,,,0.0116,True
1462,right_toe_tip,537.096,550.4739999999999,-0.2274849513043478,0.4210717621739129,-0.0137999999999999,0.6505,True
1463,left_shoulder,568.304,662.336,-0.132964907826087,0.5607018295652174,1.0673,0.8798,True
1463,left_toe_tip,609.546,556.574,-0.0688392808695651,0.4443427069565216,0.0274,0.9135,True
1463,right_shoulder,,,,,,0.0224,True
1463,right_toe_tip,542.962,554.518,-0.206901892173913,0.4147462052173913,-0.0240999999999999,0.485,True
1464,left_shoulder,570.386,661.286,-0.1300571121739131,0.5628808443478259,1.0812,0.8676,True
1464,left_toe_tip,609.504,556.502,-0.0693916591304347,0.4471274856521738,0.0135999999999999,0.8854,True
1464,right_shoulder,,,,,,0.034,True
1464,right_toe_tip,551.3176,559.9588,-0.1833296553391304,0.4133670027652173,-0.0548799999999998,0.7845,True
1465,left_shoulder,572.336,660.6220000000001,-0.1261933599999999,0.5606600300000002,1.0962,0.8954,True
1465,left_toe_tip,609.472,556.24,-0.0700219408695652,0.4501148347826086,-0.0031999999999998,0.9158,True
1465,right_shoulder,,,,,,0.026,True
1465,right_toe_tip,562.2227999999999,565.2964,-0.1568427962260872,0.4139935794956521,-0.0792400000000002,0.4112,True
1466,left_shoulder,573.8860000000001,659.992,-0.1235325717391302,0.5605285304347826,1.099,0.8791,True
1466,left_toe_tip,609.566,555.8459999999999,-0.0698526460869564,0.449509145217391,-0.0045999999999999,0.9314,True
1466,right_shoulder,,,,,,0.0162,True
1466,right_toe_tip,574.6656,570.2788,-0.130333606121739,0.4194787783304348,-0.0862799999999999,0.199,True
1467,left_shoulder,575.242,659.5539999999999,-0.1208722147826087,0.559124053043478,1.1008,0.8743,True
1467,left_toe_tip,609.564,555.61,-0.0701483634782609,0.4508385260869565,0.0205999999999999,0.927,True
1467,right_shoulder,,,,,,0.0143,True
1467,right_toe_tip,588.196,575.848,-0.1039908991304347,0.4332913982608695,-0.0927999999999999,0.0759,True
1468,left_shoulder,576.542,659.35,-0.1174386856521738,0.5539927282608695,1.1154000000000002,0.8775,True
1468,left_toe_tip,609.614,555.394,-0.069881194347826,0.4493637230434783,0.0251999999999998,0.9322,True
1468,right_shoulder,,,,,,0.0134,True
1468,right_toe_tip,603.384,582.0719999999999,-0.0743543599999999,0.4509509895652172,-0.0862,0.0238,True
1469,left_shoulder,577.6320000000001,659.422,-0.1146079791304346,0.5502204708695652,1.1274000000000002,0.8844,True
1469,left_toe_tip,609.6220000000001,555.174,-0.0697967569565215,0.4484334795652174,0.0271999999999998,0.9589,True
1469,right_shoulder,,,,,,0.0122,True
1469,right_toe_tip,618.5464,587.4772,-0.0441878866434783,0.4685337998086958,-0.04642,0.0222,True
1470,left_shoulder,578.604,659.5260000000001,-0.113115456521739,0.5518440978260871,1.123,0.8808,True
1470,left_toe_tip,609.671,555.077,-0.0694501133695651,0.4467051259782609,0.0343000000000001,0.9507,True
1470,right_shoulder,,,,,,0.0121,True
1470,right_toe_tip,632.4052,592.2796000000001,-0.0159289372695651,0.487171114104348,0.04744,0.8132,True
1471,left_shoulder,579.744,659.642,-0.111525996521739,0.5545982582608696,1.1092,0.8645,True
1471,left_toe_tip,609.611,555.089,-0.0697460581521739,0.4477504603260871,0.0295,0.9796,True
1471,right_shoulder,,,,,,0.0129,True
1471,right_toe_tip,645.6263999999999,596.0172,0.0120926013565214,0.5072625325043477,0.1526800000000003,0.9386,True
1472,left_shoulder,580.976,659.8820000000001,-0.10889928,0.5532822900000001,1.1145999999999998,0.856,True
1472,left_toe_tip,609.703,555.1229999999999,-0.0694229409782609,0.4471073872826085,0.0329,0.9771,False
1472,right_shoulder,,,,,,0.0173,True
1472,right_toe_tip,659.126,599.316,0.0419940434782608,0.525454695652174,0.1,0.9421,True
1473,left_shoulder,582.262,660.296,-0.1067650930434783,0.5552864730434784,1.1048,0.883,True
1473,left_toe_tip,609.7969999999999,555.0989999999999,-0.0693585631521741,0.448027888369565,0.0283000000000001,0.9427,True
1473,right_shoulder,,,,,,0.011,True
1473,right_toe_tip,671.6479999999999,601.8280000000001,0.0708364799999998,0.5412741495652176,0.0608000000000001,0.8917,True
1474,left_shoulder,583.608,661.1220000000001,-0.1040554991304348,0.5556355513043479,1.1114000000000002,0.8289,True
1474,left_toe_tip,609.925,554.983,-0.0690384701086957,0.447591954021739,0.0290999999999999,0.952,True
1474,right_shoulder,,,,,,0.0102,True
1474,right_toe_tip,682.6960000000001,604.396,0.0969013565217394,0.5546726608695651,0.009,0.9946,True
1475,left_shoulder,584.808,661.9459999999999,-0.1018172417391304,0.5570247295652172,1.1118,0.8335,True
1475,left_toe_tip,610.09,554.81,-0.0687149739130434,0.4475547999999998,0.0274,0.9467,True
1475,right_shoulder,,,,,,0.0119,True
1475,right_toe_tip,692.868,605.986,0.1209068173913044,0.5625592869565217,-0.014,0.8972,True
1476,left_shoulder,585.89,663.358,-0.0993624282608695,0.5570576143478261,1.1225999999999998,0.8256,True
1476,left_toe_tip,610.298,554.634,-0.0682112886956521,0.446981212173913,0.0281999999999998,0.9711,True
1476,right_shoulder,,,,,,0.015,True
1476,right_toe_tip,701.238,607.112,0.1400885813043479,0.5652955599999999,-0.0580999999999999,0.8419,True
1477,left_shoulder,587.11,664.536,-0.0963862760869564,0.5549837582608694,1.1384,0.8029,True
1477,left_toe_tip,610.5260000000001,554.404,-0.0677709778260868,0.4470024147826087,0.0255999999999999,0.9779,True
1477,right_shoulder,,,,,,0.0158,True
1477,right_toe_tip,707.0440000000001,607.164,0.1534724608695654,0.5657906347826087,-0.0815,0.9038,True
1478,left_shoulder,588.476,665.648,-0.092283964347826,0.5474421460869565,1.1762,0.8106,True
1478,left_toe_tip,610.798,554.11,-0.0672344308695652,0.4469171760869564,0.1098000000000001,0.9794,True
1478,right_shoulder,,,,,,0.0201,True
1478,right_toe_tip,711.3240000000001,606.5379999999999,0.1632699391304349,0.5643576391304346,-0.0915,0.902,True
1479,left_shoulder,590.028,666.8979999999999,-0.0887817760869564,0.5452443271739129,1.1925,0.7829,True
1479,left_toe_tip,611.062,553.9459999999999,-0.0666706356521738,0.4468347191304345,0.1084000000000001,0.9939,True
1479,right_shoulder,,,,,,0.0186,True
1479,right_toe_tip,714.3380000000001,604.814,0.1705572286956523,0.5616884686956521,-0.1053000000000001,0.9489,True
1480,left_shoulder,591.8979999999999,668.302,-0.0852294241304349,0.5462642284782608,1.1969,0.7844,True
1480,left_toe_tip,611.226,553.758,-0.0661426686956521,0.4453906721739132,0.1131999999999998,1.0,True
1480,right_shoulder,,,,,,0.0162,False
1480,right_toe_tip,716.6279999999999,602.88,0.176544248695652,0.5595743999999999,-0.1305999999999999,0.9756,True
1481,left_shoulder,594.164,669.8059999999999,-0.0814336326086956,0.5504107684782608,1.1835,0.8948,False
1481,left_toe_tip,611.324,553.576,-0.0658550573913044,0.4445514921739131,0.1151999999999998,1.0,True
1481,right_shoulder,,,,,,0.0144,True
1481,right_toe_tip,718.5620000000001,600.346,0.1817002430434785,0.5558784986956522,-0.1583000000000002,0.9693,True
1482,left_shoulder,596.6200000000001,671.77,-0.077560610869565,0.557424427173913,1.1730999999999998,0.9032,True
1482,left_toe_tip,611.398,553.28,-0.0657908178260869,0.4445860173913042,0.1118000000000001,0.9842,True
1482,right_shoulder,,,,,,0.0108,True
1482,right_toe_tip,720.04,597.162,0.1871717999999999,0.5545981813043479,-0.1904000000000001,0.893,True
1483,left_shoulder,599.202,675.562,-0.0749219793478261,0.5795021728260871,1.1285,0.8346,True
1483,left_toe_tip,611.414,552.9860000000001,-0.0654805830434782,0.4420638004347829,0.1205999999999999,0.9819,True
1483,right_shoulder,,,,,,0.0103,True
1483,right_toe_tip,720.9979999999999,593.838,0.1908911560869563,0.5510951647826086,-0.2056999999999998,0.8314,True
1484,left_shoulder,602.1859999999999,679.442,-0.0700956473913044,0.5921482465217393,1.1245999999999998,0.8226,True
1484,left_toe_tip,611.464,552.6360000000001,-0.0654280852173911,0.4416808460869567,0.1255999999999999,0.9632,True
1484,right_shoulder,,,,,,0.0138,True
1484,right_toe_tip,721.866,590.7059999999999,0.1952682069565217,0.5502839634782606,-0.2159000000000001,0.9692,True
1485,left_shoulder,605.8199999999999,683.6229999999999,-0.0632181391304349,0.598561844347826,1.1404,0.8111,True
1485,left_toe_tip,611.36,552.1740000000001,-0.0664136695652173,0.4456347952173915,0.1015999999999999,0.9692,True
1485,right_shoulder,,,,,,0.0218,False
1485,right_toe_tip,722.742,587.886,0.1989945099999999,0.54806583,-0.2205999999999999,0.9666,True
1486,left_shoulder,609.862,688.039,-0.0549232291304348,0.5978154210869565,1.1844,0.8339,True
1486,left_toe_tip,611.1800000000001,551.598,-0.0674951869565215,0.4487141856521738,0.0804000000000001,0.9801,True
1486,right_shoulder,,,,,,0.0166,True
1486,right_toe_tip,723.3619999999999,585.664,0.2035845017391301,0.5511107339130435,-0.2383000000000001,0.9272,True
1487,left_shoulder,614.298,693.021,-0.0466714795652173,0.6047226984782608,1.2184,0.8429,False
1487,left_toe_tip,611.012,551.042,-0.0684116800000001,0.45085912,0.0908000000000001,0.9673,True
1487,right_shoulder,,,,,,0.0165,True
1487,right_toe_tip,723.624,584.262,0.2047697252173914,0.549149384347826,-0.2443000000000001,0.9313,True
1488,left_shoulder,619.198,696.841,-0.0374662108695652,0.6066799315217392,1.229,0.8841,True
1488,left_toe_tip,610.85,550.586,-0.0696368152173912,0.4552933813043478,0.0641999999999998,0.9788,True
1488,right_shoulder,,,,,,0.0359,True
1488,right_toe_tip,723.866,583.164,0.2068026169565216,0.5502933156521738,-0.2525999999999999,0.9216,True
1489,left_shoulder,624.018,700.437,-0.028771074347826,0.6128606080434783,1.2108,0.8913,True
1489,left_toe_tip,610.55,550.004,-0.0710897391304349,0.4586531339130436,0.0141999999999998,0.9885,True
1489,right_shoulder,,,,,,0.0401,False
1489,right_toe_tip,723.8399999999999,582.2940000000001,0.2077591652173911,0.550854196956522,-0.1998000000000001,0.9296,True
1490,left_shoulder,628.604,704.534,-0.0205326191304347,0.6207603895652174,1.2034,0.8757,True
1490,left_toe_tip,610.116,549.266,-0.0726376095652174,0.4600398143478259,0.0258000000000001,0.9839,True
1490,right_shoulder,,,,,,0.0149,True
1490,right_toe_tip,723.6859999999999,581.6700000000001,0.2077232060869563,0.550223491304348,-0.1765999999999999,0.8965,True
1491,left_shoulder,633.014,708.598,-0.0126021365217391,0.6288404791304347,1.1884,0.9207,True
1491,left_toe_tip,609.662,548.592,-0.0746050991304346,0.4637723269565217,-0.0004,0.9778,True
1491,right_shoulder,,,,,,0.0284,True
1491,right_toe_tip,723.5619999999999,581.296,0.206961275217391,0.5480924626086957,-0.1715999999999999,0.8884,True
1492,left_shoulder,636.74,711.884,-0.0058651652173912,0.6330852139130435,1.1838,0.8099,True
1492,left_toe_tip,609.04,547.9,-0.0772721217391305,0.4689738913043477,-0.0341999999999998,0.9544,True
1492,right_shoulder,,,,,,0.0475,True
1492,right_toe_tip,723.4440000000001,580.952,0.2065964600000001,0.5470483321739131,-0.1508000000000001,0.8123,True
1493,left_shoulder,639.796,714.368,-0.0003661799999999,0.6360905600000002,1.1846,0.5857,True
1493,left_toe_tip,608.1959999999999,547.1120000000001,-0.0806853652173915,0.4746950086956524,-0.072,0.9346,True
1493,right_shoulder,,,,,,0.0351,True
1493,right_toe_tip,723.3280000000001,580.642,0.2060194226086958,0.5455133621739132,-0.1475999999999999,0.677,True
1494,left_shoulder,642.6164102564102,716.5898461538461,0.004696427241803,0.6400747984855502,1.190610256410256,0.4285,True
1494,left_toe_tip,607.28,546.368,-0.0843251304347826,0.4803027478260871,-0.111,0.9307,True
1494,right_shoulder,,,,,,0.0255,False
1494,right_toe_tip,723.266,580.5,0.2051420821739129,0.5432448913043478,-0.1395999999999999,0.6572,True
1495,left_shoulder,645.1072307692308,717.6115384615384,0.0091972856444559,0.6439997755338307,1.185230769230769,0.4067,True
1495,left_toe_tip,606.9,545.898,-0.0864125869565218,0.485315017826087,-0.1418000000000001,0.9507,True
1495,right_shoulder,,,,,,0.037,True
1495,right_toe_tip,723.1940000000001,580.376,0.2050370386956523,0.5431310243478261,-0.1404,0.7621,True
1496,left_shoulder,647.2104615384615,717.967076923077,0.0130818029122715,0.6494528435400054,1.1728615384615382,0.1423,False
1496,left_toe_tip,606.8520000000001,545.7740000000001,-0.0870639426086954,0.4879394495652177,-0.1564000000000001,0.9451,True
1496,right_shoulder,,,,,,0.0231,False
1496,right_toe_tip,723.094,580.2879999999999,0.2040138339130436,0.540854928695652,-0.1318000000000002,0.8674,True
1497,left_shoulder,649.5341025641026,718.1284615384615,0.0174297637566818,0.6547123273732955,1.166102564102564,0.1318,False
1497,left_toe_tip,607.188,546.01,-0.0862099634782609,0.4887210565217391,-0.1571999999999998,0.919,True
1497,right_shoulder,,,,,,0.0265,False
1497,right_toe_tip,723.042,580.278,0.2037597943478261,0.5404951708695652,-0.1304000000000001,0.8831,True
1498,left_shoulder,651.9761538461538,718.1276923076923,0.0219195658605607,0.6554694970414201,1.170153846153846,0.0176,False
1498,left_toe_tip,608.142,546.7139999999999,-0.0837311347826085,0.4907330999999998,-0.14,0.9196,True
1498,right_shoulder,,,,,,0.0143,False
1498,right_toe_tip,722.986,580.278,0.2036945491304347,0.5406867169565218,-0.1311999999999998,0.8095,True
1499,left_shoulder,653.1971794871795,718.1273076923077,0.0241683464254066,0.6558480806534603,1.169679487179487,0.1112,True
1499,left_toe_tip,609.224,547.356,-0.0805394539130433,0.4903025060869564,-0.1240999999999999,0.9562,True
1499,right_shoulder,,,,,,0.021,True
1499,right_toe_tip,722.992,580.314,0.203420608695652,0.5400087717391303,-0.128,0.875,True
1500,left_shoulder,654.4182051282052,718.126923076923,0.0264197133321899,0.6562266634508189,1.1687051282051282,0.0555,True
1500,left_toe_tip,610.2560000000001,548.034,-0.0772697391304345,0.4884796304347826,-0.1065,0.9613,True
1500,right_shoulder,,,,,,0.0215,True
1500,right_toe_tip,722.992,580.318,0.2034927756521738,0.5402101569565217,-0.1288000000000002,0.8822,True
1501,left_shoulder,655.6392307692308,718.1265384615384,0.0286736665809108,0.6566052454334963,1.167730769230769,0.0723,False
1501,left_toe_tip,610.9219999999999,548.434,-0.0753436265217393,0.4882488795652173,-0.0943000000000001,0.9931,True
1501,right_shoulder,,,,,,0.0099,True
1501,right_toe_tip,722.986,580.326,0.2035502256521738,0.5404213604347826,-0.1295999999999999,0.8548,True
1502,left_shoulder,656.8602564102564,718.1261538461539,0.030930206171569,0.6569838266014922,1.1697564102564102,0.0587,True
1502,left_toe_tip,611.296,548.566,-0.0740563199999998,0.48650028,-0.0840999999999999,0.9961,True
1502,right_shoulder,,,,,,0.0108,False
1502,right_toe_tip,722.9699999999999,580.274,0.2034388326086954,0.5401022708695653,-0.1288000000000002,0.8349,True
1503,left_shoulder,,,,,,0.0558,True
1503,left_toe_tip,611.3820000000001,548.5960000000001,-0.0723164417391302,0.4765738921739134,-0.0353000000000001,0.9852,True
1503,right_shoulder,,,,,,0.0087,True
1503,right_toe_tip,722.978,580.262,0.2034584482608694,0.5400728473913042,-0.1288000000000002,0.8022,True
1504,left_shoulder,,,,,,0.055,True
1504,left_toe_tip,611.65,549.2819999999999,-0.0706839456521739,0.4719294039130433,-0.0043000000000001,0.9758,True
1504,right_shoulder,,,,,,0.0091,False
1504,right_toe_tip,722.976,580.246,0.2029123965217391,0.5385972291304347,-0.1228000000000001,0.7393,True
1505,left_shoulder,,,,,,0.0411,False
1505,left_toe_tip,612.3720000000001,550.088,-0.0681390565217389,0.4688148608695651,0.026,0.9229,True
1505,right_shoulder,,,,,,0.0152,True
1505,right_toe_tip,722.97,580.1859999999999,0.2025550217391304,0.5375410391304346,-0.119,0.8265,True
1506,left_shoulder,,,,,,0.0299,False
1506,left_toe_tip,613.446,551.27,-0.0645146747826086,0.4647029391304347,0.0268000000000001,0.841,True
1506,right_shoulder,,,,,,0.0076,True
1506,right_toe_tip,723.024,580.168,0.2024883165217391,0.5369706069565218,-0.1168000000000001,0.8418,True
1507,left_shoulder,,,,,,0.0364,False
1507,left_toe_tip,615.224,552.51,-0.0597209321739129,0.4640327999999999,0.1084000000000001,0.7904,True
1507,right_shoulder,,,,,,0.0097,False
1507,right_toe_tip,723.11,580.226,0.2022102434782609,0.5358194330434782,-0.1114000000000001,0.8475,True
1508,left_shoulder,,,,,,0.0764,False
1508,left_toe_tip,618.7860000000001,554.2119999999999,-0.051817500869565,0.4743839199999996,0.0973000000000001,0.7891,True
1508,right_shoulder,,,,,,0.0174,True
1508,right_toe_tip,723.3019999999999,580.2860000000001,0.2025325147826084,0.5355823095652176,-0.1098000000000001,0.9393,True
1509,left_shoulder,,,,,,0.0433,True
1509,left_toe_tip,623.332,555.414,-0.0411989478260869,0.4830124304347826,0.081,0.9034,True
1509,right_shoulder,,,,,,0.0129,False
1509,right_toe_tip,723.65,580.332,0.2033058695652173,0.5355025565217392,-0.109,0.9545,True
1510,left_shoulder,,,,,,0.0566,False
1510,left_toe_tip,630.948,555.946,-0.0227913617391304,0.4933579504347827,0.0575999999999999,0.9016,True
1510,right_shoulder,,,,,,0.0083,False
1510,right_toe_tip,724.122,580.388,0.2044530347826086,0.5356386608695654,-0.123,0.9736,True
1511,left_shoulder,,,,,,0.074,False
1511,left_toe_tip,639.17,556.278,-0.0021356260869566,0.505031827826087,0.0503000000000001,0.9801,True
1511,right_shoulder,,,,,,0.0077,False
1511,right_toe_tip,724.608,580.382,0.2053399373913042,0.534857532173913,-0.1198000000000001,0.9522,True
1512,left_shoulder,,,,,,0.0835,True
1512,left_toe_tip,650.0699999999999,556.024,0.0264950456521737,0.5157561895652174,0.0699,0.7678,True
1512,right_shoulder,,,,,,0.0094,False
1512,right_toe_tip,724.904,580.066,0.2066858678260869,0.5357171886956522,-0.1265999999999999,0.8954,True
1513,left_shoulder,,,,,,0.085,True
1513,left_toe_tip,661.0820000000001,554.414,0.0567105800000002,0.52297366,0.0736999999999998,0.919,True
1513,right_shoulder,,,,,,0.0089,False
1513,right_toe_tip,725.178,579.5980000000001,0.2079454217391304,0.5361055521739132,-0.1055,0.8872,True
1514,left_shoulder,,,,,,0.0948,False
1514,left_toe_tip,673.0120000000001,552.4979999999999,0.0908117060869566,0.5295368895652173,0.0501999999999998,0.8606,True
1514,right_shoulder,,,,,,0.01,False
1514,right_toe_tip,725.3720000000001,578.9960000000001,0.2093469913043479,0.5370162782608697,-0.134,0.9559,True
1515,left_shoulder,,,,,,0.097,False
1515,left_toe_tip,683.6840000000001,550.28,0.121935339130435,0.5311293913043478,0.0155,0.8463,True
1515,right_shoulder,,,,,,0.0141,False
1515,right_toe_tip,725.292,578.2180000000001,0.2095031104347827,0.5360098221739134,-0.1068000000000001,0.9434,True
1516,left_shoulder,,,,,,0.0624,False
1516,left_toe_tip,696.016,547.014,0.1582208452173912,0.5282332395652174,0.0129,0.9682,True
1516,right_shoulder,,,,,,0.0103,False
1516,right_toe_tip,721.938,577.8059999999999,0.2019949826086955,0.5369391391304346,-0.059,0.8306,True
1517,left_shoulder,,,,,,0.0757,False
1517,left_toe_tip,707.574,543.2059999999999,0.1915282199999998,0.5192695278260867,-0.0415999999999999,0.9601,True
1517,right_shoulder,,,,,,0.0099,True
1517,right_toe_tip,715.542,578.028,0.1867529617391305,0.5390031339130436,-0.0544,0.4682,True
1518,left_shoulder,,,,,,0.0583,False
1518,left_toe_tip,719.148,539.208,0.2231457417391305,0.5052496852173912,-0.0818000000000001,0.9531,True
1518,right_shoulder,,,,,,0.009,True
1518,right_toe_tip,711.288,578.018,0.1769182191304348,0.5410638017391305,-0.0671999999999998,0.0531,True
1519,left_shoulder,,,,,,0.0645,True
1519,left_toe_tip,730.874,534.784,0.2536569913043479,0.4878753391304347,-0.089,0.9438,True
1519,right_shoulder,,,,,,0.0214,False
1519,right_toe_tip,707.9219999999999,578.262,0.1689633578260867,0.5429504491304346,-0.0775999999999999,0.5431,True
1520,left_shoulder,,,,,,0.1348,True
1520,left_toe_tip,741.76,530.814,0.2812779130434782,0.4721521760869565,-0.078,0.9582,True
1520,right_shoulder,,,,,,0.0258,True
1520,right_toe_tip,705.258,578.758,0.1630173213043479,0.5464669952173914,-0.0836999999999998,0.6264,True
1521,left_shoulder,,,,,,0.0677,True
1521,left_toe_tip,752.444,527.984,0.3077543391304346,0.4597649043478262,-0.078,0.9393,True
1521,right_shoulder,,,,,,0.0163,False
1521,right_toe_tip,705.848,578.7520000000001,0.1650923878260868,0.5484493078260871,-0.0935999999999999,0.8605,True
1522,left_shoulder,,,,,,0.0781,True
1522,left_toe_tip,761.942,525.726,0.3287132173913043,0.446739652173913,-0.006,0.883,True
1522,right_shoulder,,,,,,0.0124,True
1522,right_toe_tip,710.0519999999999,578.364,0.1762416947826084,0.5493753417391305,-0.1055999999999999,0.868,True
1523,left_shoulder,,,,,,0.211,True
1523,left_toe_tip,769.942,523.94,0.3481880634782608,0.4392879217391305,0.0188000000000001,0.9562,True
1523,right_shoulder,,,,,,0.0184,True
1523,right_toe_tip,712.884,578.2700000000001,0.1831765052173913,0.5485694500000002,-0.1011999999999998,0.809,True
1524,left_shoulder,,,,,,0.1319,False
1524,left_toe_tip,776.062,522.4820000000001,0.3609784017391305,0.4310718104347829,0.0331999999999998,0.8768,True
1524,right_shoulder,,,,,,0.0177,True
1524,right_toe_tip,715.054,578.242,0.1887771260869564,0.5489260739130434,-0.094,0.7,True
1525,left_shoulder,,,,,,0.0397,False
1525,left_toe_tip,780.6339999999999,521.31,0.3701425734782606,0.424560906521739,0.0075999999999999,0.8554,True
1525,right_shoulder,,,,,,0.0107,False
1525,right_toe_tip,716.778,578.212,0.1928296160869565,0.5480441817391304,-0.0905999999999999,0.8243,True
1526,left_shoulder,,,,,,0.0891,False
1526,left_toe_tip,783.0,519.768,0.3732610869565217,0.4170292121739131,0.0230999999999999,0.8171,True
1526,right_shoulder,,,,,,0.014,False
1526,right_toe_tip,718.494,578.366,0.1970711317391305,0.5482410726086956,-0.1078000000000001,0.8362,True
1527,left_shoulder,,,,,,0.2042,False
1527,left_toe_tip,783.916,518.5939999999999,0.3759336208695654,0.4142751095652172,0.0503000000000001,0.8392,True
1527,right_shoulder,,,,,,0.011,False
1527,right_toe_tip,719.842,578.558,0.2000909947826086,0.5477253530434782,-0.1075999999999999,0.8177,True
1528,left_shoulder,,,,,,0.1612,False
1528,left_toe_tip,784.354,517.8299999999999,0.3759480260869566,0.4110442173913041,0.0665,0.857,True
1528,right_shoulder,,,,,,0.0099,False
1528,right_toe_tip,720.394,578.89,0.2014044469565217,0.5483670347826087,-0.1068000000000001,0.7892,True
1529,left_shoulder,,,,,,0.0572,True
1529,left_toe_tip,784.432,517.55,0.3785060347826087,0.4128837499999999,0.0515,0.8718,True
1529,right_shoulder,,,,,,0.0076,True
1529,right_toe_tip,720.722,579.028,0.2024367373913042,0.5492841321739131,-0.1091999999999998,0.7795,True
1530,left_shoulder,,,,,,0.1342,True
1530,left_toe_tip,784.572,517.332,0.3784643530434782,0.4118678139130434,0.0540999999999999,0.8639,True
1530,right_shoulder,,,,,,0.0186,False
1530,right_toe_tip,720.9279999999999,579.1099999999999,0.2032524313043475,0.5502995282608693,-0.1305999999999999,0.7971,True
1531,left_shoulder,,,,,,0.1235,True
1531,left_toe_tip,784.74,517.042,0.3816101565217391,0.4140446469565217,0.0369,0.8565,True
1531,right_shoulder,,,,,,0.0136,True
1531,right_toe_tip,721.242,579.208,0.2043942752173912,0.5514987356521739,-0.1345999999999999,0.8305,True
1532,left_shoulder,739.89,718.1,0.1904424565217391,0.6827254347826088,1.2535,0.1742,True
1532,left_toe_tip,784.894,516.514,0.3860165152173913,0.4169737108695653,0.028,0.8826,True
1532,right_shoulder,,,,,,0.0165,True
1532,right_toe_tip,721.6199999999999,579.3399999999999,0.2059308086956518,0.5534043565217389,-0.1411999999999998,0.8883,True
1533,left_shoulder,741.615,716.915,0.1977626711956522,0.6946264211956521,1.2205,0.2037,True
1533,left_toe_tip,784.978,515.752,0.3893919978260868,0.418329556521739,0.008,0.913,True
1533,right_shoulder,,,,,,0.0434,True
1533,right_toe_tip,721.904,579.256,0.2070034573913043,0.5541457078260869,-0.1451999999999998,0.915,True
1534,left_shoulder,743.5066666666667,715.5300000000001,0.1996253574879226,0.6856834021739132,1.2366666666666668,0.3151,True
1534,left_toe_tip,785.33,514.736,0.3925489673913044,0.4179553913043478,0.003,0.9189,True
1534,right_shoulder,,,,,,0.0495,True
1534,right_toe_tip,722.1,579.364,0.2073560434782609,0.5540371634782609,-0.1435999999999999,0.9333,True
1535,left_shoulder,745.2425000000001,713.8,0.2038787452445653,0.6853913586956522,1.22875,0.5691,True
1535,left_toe_tip,785.65,513.756,0.3978144782608696,0.4199544313043478,-0.0248000000000001,0.921,True
1535,right_shoulder,,,,,,0.0209,True
1535,right_toe_tip,722.76,579.748,0.209688652173913,0.5567745521739131,-0.169,0.9284,True
1536,left_shoulder,747.204,712.356,0.2076261817391303,0.6824216530434782,1.2292,0.8411,True
1536,left_toe_tip,785.9359999999999,512.894,0.4001184417391302,0.4191954626086956,-0.0344,0.9421,True
1536,right_shoulder,,,,,,0.0393,True
1536,right_toe_tip,723.1600000000001,579.9620000000001,0.2107744434782611,0.5575080343478265,-0.2048000000000001,0.9327,True
1537,left_shoulder,750.676,709.76,0.21560166,0.6813476869565217,1.2398,0.8901,True
1537,left_toe_tip,786.34,512.3679999999999,0.4021486826086957,0.418713888695652,-0.0401999999999998,0.9248,True
1537,right_shoulder,,,,,,0.0414,True
1537,right_toe_tip,723.292,580.174,0.2111090060869566,0.558045362173913,-0.2048000000000001,0.9556,True
1538,left_shoulder,754.072,706.488,0.2221428208695652,0.6747477182608695,1.2614,0.8778,True
1538,left_toe_tip,786.746,511.968,0.4041895260869564,0.4185727304347825,-0.0435,0.9036,True
1538,right_shoulder,,,,,,0.0234,False
1538,right_toe_tip,723.538,580.414,0.2115872256521739,0.5582703291304346,-0.2031999999999998,0.9595,True
1539,left_shoulder,757.3720000000001,702.982,0.2300236043478262,0.6721701586956521,1.2605,0.8747,True
1539,left_toe_tip,786.934,511.752,0.4056656086956521,0.4189674782608694,-0.0495,0.9038,True
1539,right_shoulder,,,,,,0.0163,True
1539,right_toe_tip,723.792,580.418,0.2118480347826088,0.5572742043478262,-0.213,0.9292,True
1540,left_shoulder,760.424,699.268,0.236737876521739,0.666956635652174,1.2654,0.9103,True
1540,left_toe_tip,787.11,511.616,0.4056718152173913,0.4180975999999999,-0.0465,0.9102,True
1540,right_shoulder,,,,,,0.0152,True
1540,right_toe_tip,723.492,580.108,0.2107809991304347,0.5556770008695651,-0.1955999999999999,0.972,True
1541,left_shoulder,763.234,695.6,0.2427174,0.6609860869565217,1.262,0.9414,True
1541,left_toe_tip,787.202,511.5400000000001,0.4057655130434783,0.4177233043478263,-0.048,0.893,True
1541,right_shoulder,,,,,,0.0193,True
1541,right_toe_tip,723.5939999999999,580.0,0.2106023621739129,0.5542565217391304,-0.1908000000000002,0.9514,True
1542,left_shoulder,766.278,691.764,0.2499206330434783,0.6566042295652174,1.2532,0.956,True
1542,left_toe_tip,787.22,511.458,0.406295195652174,0.4179911543478261,-0.051,0.8841,True
1542,right_shoulder,,,,,,0.0158,True
1542,right_toe_tip,724.008,579.816,0.2108966052173914,0.5518337321739132,-0.1965999999999999,0.9611,True
1543,left_shoulder,769.25,688.142,0.2540886413043478,0.6450843708695653,1.2654,0.8557,True
1543,left_toe_tip,787.324,511.39,0.4061338356521738,0.4173427369565217,-0.0481999999999998,0.9026,True
1543,right_shoulder,,,,,,0.0205,True
1543,right_toe_tip,724.3539999999999,579.6020000000001,0.2105182434782606,0.5480502086956524,-0.1555,0.9534,True
1544,left_shoulder,771.888,684.654,0.2602207582608696,0.6405564573913044,1.2588,0.9015,True
1544,left_toe_tip,787.392,511.3280000000001,0.4050716660869566,0.4158888208695654,-0.0404,0.9065,True
1544,right_shoulder,,,,,,0.0189,True
1544,right_toe_tip,724.7059999999999,579.468,0.2104759956521736,0.5453302695652174,-0.1455,0.9664,True
1545,left_shoulder,774.606,681.608,0.2647056252173913,0.6324491234782608,1.2648,0.8539,True
1545,left_toe_tip,787.476,511.254,0.40469338,0.4150607047826087,-0.0365999999999999,0.9151,True
1545,right_shoulder,,,,,,0.016,True
1545,right_toe_tip,725.05,579.1659999999999,0.2106466630434781,0.5428170082608694,-0.1380999999999999,0.9226,True
1546,left_shoulder,776.788,678.1139999999999,0.2693831504347826,0.6264771143478258,1.2727,0.8857,True
1546,left_toe_tip,787.5540000000001,511.174,0.404458344782609,0.4143810795652173,-0.0338000000000001,0.9054,True
1546,right_shoulder,,,,,,0.0152,True
1546,right_toe_tip,725.0440000000001,578.5959999999999,0.2108536565217393,0.5419755173913041,-0.1405,0.9267,True
1547,left_shoulder,778.438,674.2719999999999,0.2716093369565217,0.6165879999999998,1.287,0.9294,True
1547,left_toe_tip,787.6800000000001,511.148,0.4043221565217393,0.4138169373913042,-0.0308000000000001,0.9226,True
1547,right_shoulder,,,,,,0.0172,True
1547,right_toe_tip,725.008,578.066,0.2115960000000001,0.5427947173913045,-0.112,0.9342,True
1548,left_shoulder,779.906,670.534,0.2767401508695651,0.6142497534782608,1.2682,0.9465,False
1548,left_toe_tip,787.8040000000001,511.192,0.4062360808695654,0.4155479252173913,-0.0405999999999999,0.9242,True
1548,right_shoulder,,,,,,0.0191,True
1548,right_toe_tip,724.9780000000001,577.608,0.2129253104347827,0.5452499582608694,-0.1271999999999998,0.909,True
1549,left_shoulder,781.528,666.856,0.2784101895652174,0.6036391182608695,1.2747,0.9529,True
1549,left_toe_tip,787.874,511.244,0.4071999908695652,0.4164799452173913,-0.0454,0.9167,True
1549,right_shoulder,,,,,,0.0189,True
1549,right_toe_tip,724.854,577.152,0.2142194569565218,0.5482143860869566,-0.1445999999999999,0.881,True
1550,left_shoulder,783.238,663.804,0.2826459404347827,0.5994845452173913,1.2586,0.908,True
1550,left_toe_tip,787.888,511.24000000000007,0.4096176104347827,0.4189019217391306,-0.0601999999999998,0.9222,True
1550,right_shoulder,,,,,,0.0153,True
1550,right_toe_tip,724.742,576.88,0.2142498826086955,0.5483292173913044,-0.148,0.8761,True
1551,left_shoulder,784.914,660.888,0.2878748113043478,0.5977205530434783,1.2394,0.9171,True
1551,left_toe_tip,787.896,511.22,0.4100898869565216,0.4193067608695651,-0.063,0.9314,True
1551,right_shoulder,,,,,,0.0159,True
1551,right_toe_tip,724.8299999999999,576.6379999999999,0.2135871869565216,0.5454568078260869,-0.1054,0.8938,True
1552,left_shoulder,786.954,658.682,0.2927579252173912,0.5950264886956521,1.2307,0.8494,True
1552,left_toe_tip,787.8399999999999,511.1139999999999,0.4102559999999997,0.4193413499999997,-0.065,0.9447,True
1552,right_shoulder,,,,,,0.0209,True
1552,right_toe_tip,724.9079999999999,576.356,0.2120300426086954,0.5402785591304348,-0.0864,0.8993,True
1553,left_shoulder,789.09,657.012,0.2967539217391304,0.5911830156521738,1.2288,0.8085,True
1553,left_toe_tip,787.766,510.972,0.4111749565217391,0.4200960000000001,-0.072,0.9675,True
1553,right_shoulder,,,,,,0.0423,True
1553,right_toe_tip,725.0519999999999,576.182,0.2117794799999998,0.5382931800000001,-0.0798000000000001,0.9143,True
1554,left_shoulder,791.054,655.52,0.3002034060869565,0.5873138782608696,1.2315999999999998,0.8078,True
1554,left_toe_tip,787.808,510.84,0.410970504347826,0.4194007826086955,-0.07,0.9795,True
1554,right_shoulder,,,,,,0.0201,True
1554,right_toe_tip,725.352,575.824,0.2119141721739129,0.5358534573913042,-0.0876999999999998,0.9406,True
1555,left_shoulder,792.722,653.5360000000001,0.3033523726086957,0.5830518330434784,1.2326,0.9398,True
1555,left_toe_tip,787.834,510.756,0.4110427956521738,0.4191672260869565,-0.07,0.9832,True
1555,right_shoulder,,,,,,0.0205,False
1555,right_toe_tip,725.882,575.12,0.2121098699999998,0.5312996347826087,-0.0591999999999998,0.9273,True
1556,left_shoulder,794.668,651.7620000000001,0.3056374173913044,0.5765470826086958,1.249,0.9552,True
1556,left_toe_tip,787.872,510.672,0.413559408695652,0.4213902782608696,-0.0825,0.9823,True
1556,right_shoulder,906.54,706.09,0.4676038695652173,0.6071622391304349,1.7035,0.1504,False
1556,right_toe_tip,726.582,574.068,0.2132552304347826,0.5272587913043478,-0.053,0.9164,True
1557,left_shoulder,796.4280000000001,649.754,0.3087752695652176,0.5719492,1.258,0.9413,True
1557,left_toe_tip,787.934,510.64400000000006,0.4134112108695651,0.4209844826086958,-0.0805,0.9897,True
1557,right_shoulder,909.1561904761904,705.6534523809523,0.4720194341417724,0.6061727456959233,1.6995952380952382,0.2087,True
1557,right_toe_tip,728.592,573.37,0.219881492173913,0.5295750630434782,-0.0724,0.9101,True
1558,left_shoulder,798.124,647.808,0.3121230260869566,0.5681079652173913,1.2615,0.9109,True
1558,left_toe_tip,787.952,510.596,0.4113708869565217,0.4187223565217391,-0.0675,0.9987,True
1558,right_shoulder,911.7723809523808,705.2169047619049,0.4764316133786845,0.6051838171522235,1.7046904761904762,0.3794,True
1558,right_toe_tip,732.7864999999999,571.44325,0.2307559913043476,0.5258501695652175,-0.086,0.7863,True
1559,left_shoulder,799.7479999999999,645.99,0.3175512417391303,0.5684983826086957,1.2557,0.8888,True
1559,left_toe_tip,787.932,510.53,0.4114760739130436,0.4187024673913044,-0.0685,1.0,True
1559,right_shoulder,914.3885714285714,704.7803571428572,0.4808404072759538,0.6041954534993346,1.7097857142857142,0.1435,False
1559,right_toe_tip,739.1775,568.49375,0.246930414673913,0.5191041127717391,-0.0960999999999999,0.6446,True
1560,left_shoulder,801.3979999999999,644.5319999999999,0.3211820199999998,0.5662186799999999,1.2577,0.9199,True
1560,left_toe_tip,787.898,510.466,0.4100954326086957,0.41721605,-0.0605,1.0,True
1560,right_shoulder,917.0047619047618,704.3438095238096,0.4852458158335797,0.6032076547372572,1.7183809523809523,0.0723,True
1560,right_toe_tip,747.729,564.7434999999999,0.2693927580434783,0.511992278369565,-0.0765999999999999,0.5075,False
1561,left_shoulder,802.8140000000001,643.294,0.3241060430434784,0.5639398169565217,1.2641,0.9103,True
1561,left_toe_tip,787.864,510.398,0.4087153826086958,0.4157196891304347,-0.0525,1.0,True
1561,right_shoulder,922.2371428571428,703.4707142857143,0.494046476929902,0.6012337518855367,1.7410714285714286,0.2761,False
1561,right_toe_tip,758.2650000000001,560.3125,0.2969479891304351,0.5029585597826087,-0.11,0.3812,False
1562,left_shoulder,804.2479999999999,642.322,0.3266749895652173,0.5615139082608694,1.2697,0.9089,True
1562,left_toe_tip,787.8520000000001,510.39,0.4107714260869567,0.417822652173913,-0.0655,1.0,True
1562,right_shoulder,924.8533333333332,703.0341666666667,0.4984417294685986,0.6002476477958938,1.7461666666666666,0.1413,False
1562,right_toe_tip,769.6775,554.3787500000001,0.3241937499999999,0.4859468750000001,-0.176,0.1717,True
1563,left_shoulder,805.55,641.448,0.3293725217391303,0.5599591513043477,1.2691,0.8719,True
1563,left_toe_tip,787.836,510.338,0.4113697391304348,0.4183318260869565,-0.0695,1.0,True
1563,right_shoulder,927.4695238095236,702.597619047619,0.5028335966676521,0.5992621085970619,1.7467619047619047,0.1332,True
1563,right_toe_tip,775.3837500000001,551.411875,0.3377235937500001,0.4774894055706521,-0.188,0.1494,True
1564,left_shoulder,806.898,640.684,0.3322358665217392,0.5587442147826087,1.2786,0.8435,True
1564,left_toe_tip,787.344,510.128,0.4119225739130436,0.4197056695652174,-0.0815,1.0,True
1564,right_shoulder,930.085714285714,702.1610714285714,0.5072220785270624,0.5982771342890415,1.755357142857143,0.2361,True
1564,right_toe_tip,781.09,548.445,0.3511914130434783,0.4690641847826088,-0.183,0.0107,True
1565,left_shoulder,808.2740000000001,640.0039999999999,0.3356334673913045,0.5584862391304346,1.275,0.8494,True
1565,left_toe_tip,787.0899999999999,510.14,0.4138025413043475,0.4223829869565216,-0.0976999999999998,1.0,True
1565,right_shoulder,932.7019047619048,701.7245238095238,0.5116071750468303,0.5972927248718327,1.773452380952381,0.1661,True
1565,right_toe_tip,800.1108333333335,538.5554166666667,0.395636189613527,0.4412130223429953,-0.1533333333333335,0.0434,True
1566,left_shoulder,809.838,639.496,0.3402667408695651,0.55996416,1.2748,0.9283,True
1566,left_toe_tip,786.928,510.2,0.4151354817391304,0.424380304347826,-0.1089000000000001,0.9733,True
1566,right_shoulder,,,,,,0.1384,True
1566,right_toe_tip,819.1441666666666,528.70375,0.439097930253623,0.4135075611413043,-0.188,0.0585,True
1567,left_shoulder,811.066,638.61,0.3430988947826087,0.5587947521739131,1.2728,0.9806,True
1567,left_toe_tip,786.7940000000001,510.14,0.415267461304348,0.4247330043478262,-0.1120999999999999,0.9229,True
1567,right_shoulder,,,,,,0.1107,True
1567,right_toe_tip,837.9366666666666,518.8266666666667,0.4860922922705313,0.3900460676328504,-0.2273333333333335,0.9791,True
1568,left_shoulder,812.38,637.58,0.3459216913043478,0.5570306478260871,1.2858,1.0,True
1568,left_toe_tip,786.8340000000001,510.16,0.4174873665217393,0.4269440521739131,-0.1253000000000002,0.9504,True
1568,right_shoulder,,,,,,0.0995,False
1568,right_toe_tip,843.595,515.3975,0.4999142445652175,0.3815684266304348,-0.208,0.933,True
1569,left_shoulder,813.742,636.638,0.3484660199999999,0.5548396060869566,1.2948,0.9842,True
1569,left_toe_tip,787.2880000000001,510.384,0.4192584939130439,0.4280713252173914,-0.1283000000000002,1.0,True
1569,right_shoulder,,,,,,0.1115,False
1569,right_toe_tip,849.0720000000001,512.0,0.5165896417391307,0.3755721739130434,-0.1761999999999998,0.9183,True
1570,left_shoulder,815.488,635.954,0.3509760000000001,0.551908,1.296,0.9747,True
1570,left_toe_tip,787.534,510.384,0.419445576521739,0.4275482504347826,-0.1250999999999999,1.0,True
1570,right_shoulder,,,,,,0.2229,False
1570,right_toe_tip,859.8300000000002,505.486,0.5478068021739133,0.3625447865217391,-0.1725999999999999,0.9578,True
1571,left_shoulder,817.424,635.3,0.354153732173913,0.5495227391304347,1.2956,0.9294,True
1571,left_toe_tip,787.644,510.302,0.4190842843478261,0.4266289595652174,-0.1209,1.0,True
1571,right_shoulder,,,,,,0.3125,False
1571,right_toe_tip,869.802,499.6,0.5803499639130435,0.3525506956521739,-0.2084,0.9581,True
1572,left_shoulder,819.7360000000001,635.0220000000002,0.359901803478261,0.5507016613043482,1.2898,0.9128,True
1572,left_toe_tip,787.7239999999999,510.27,0.4187975399999997,0.4260154499999998,-0.1176999999999998,1.0,True
1572,right_shoulder,,,,,,0.1803,True
1572,right_toe_tip,878.8530000000001,494.365,0.6150464750000002,0.3459898749999999,-0.2605,0.9421,True
1573,left_shoulder,822.2520000000001,634.9200000000001,0.3653360200000001,0.5510950695652176,1.2848,0.8423,True
1573,left_toe_tip,787.5939999999999,510.176,0.4189102747826085,0.4262386643478262,-0.1206999999999998,1.0,True
1573,right_shoulder,,,,,,0.1706,True
1573,right_toe_tip,886.783,490.133,0.6566573739130435,0.3462669391304347,-0.326,0.9202,True
1574,left_shoulder,824.9280000000001,634.7180000000001,0.3709816486956523,0.5511081965217393,1.2794,0.9105,True
1574,left_toe_tip,787.5600000000001,510.126,0.4194874173913045,0.4267821091304349,-0.1249000000000001,1.0,True
1574,right_shoulder,,,,,,0.2428,True
1574,right_toe_tip,892.8889999999999,487.255,0.6936855221739128,0.3490659978260869,-0.3035999999999999,0.8818,False
1575,left_shoulder,827.808,634.198,0.3768816626086956,0.5502438560869565,1.2788,0.8932,True
1575,left_toe_tip,787.4300000000001,510.024,0.4191178500000002,0.4264921408695653,-0.1249000000000001,1.0,True
1575,right_shoulder,,,,,,0.1631,True
1575,right_toe_tip,897.1310000000001,485.613,0.7329910441304349,0.3580789715217391,-0.3915999999999999,0.9006,True
1576,left_shoulder,830.76,633.6120000000001,0.3820591043478261,0.547997251304348,1.2824,0.9237,True
1576,left_toe_tip,787.308,509.934,0.4187710252173913,0.4262362865217392,-0.1249000000000001,1.0,True
1576,right_shoulder,,,,,,0.2805,True
1576,right_toe_tip,899.607,484.485,0.7677030480434782,0.3681237945652173,-0.4835999999999999,0.8983,True
1577,left_shoulder,834.2520000000001,633.174,0.3876171973913044,0.5451009013043477,1.2962,0.919,True
1577,left_toe_tip,787.1560000000001,509.874,0.4183389156521741,0.4260657169565217,-0.1249000000000001,1.0,True
1577,right_shoulder,,,,,,0.1102,True
1577,right_toe_tip,900.5689999999998,483.882,0.7880796114130431,0.3746757228260868,-0.5455,0.8976,True
1578,left_shoulder,837.906,632.5419999999999,0.3949085160869564,0.5438397865217389,1.3007,0.8535,True
1578,left_toe_tip,786.9979999999999,509.886,0.416259988695652,0.4244380513043477,-0.1146999999999998,1.0,True
1578,right_shoulder,,,,,,0.0995,True
1578,right_toe_tip,900.017,483.804,0.7937018925000002,0.3779117099999999,-0.5713000000000001,0.8535,True
1579,left_shoulder,842.1479999999999,632.0719999999999,0.4030655339130433,0.5424879095652172,1.3206,0.8932,True
1579,left_toe_tip,786.892,509.904,0.4144909043478262,0.4229899826086956,-0.1055,1.0,True
1579,right_shoulder,,,,,,0.1378,True
1579,right_toe_tip,899.213,483.404,0.7832458898913043,0.372881282173913,-0.5409,0.8524,False
1580,left_shoulder,846.4559999999999,631.704,0.4119694834782607,0.5421676121739128,1.3262,0.9222,True
1580,left_toe_tip,786.874,509.984,0.4138015304347827,0.4225636173913045,-0.1015,1.0,True
1580,right_shoulder,,,,,,0.0415,True
1580,right_toe_tip,898.3309999999999,482.512,0.7705845253260866,0.3654453060869565,-0.4973000000000002,0.8433,True
1581,left_shoulder,851.3040000000001,631.1540000000001,0.4218730295652175,0.5413648556521741,1.3412,0.8924,True
1581,left_toe_tip,786.944,510.036,0.4111557008695651,0.4198072513043476,-0.0836999999999998,1.0,True
1581,right_shoulder,,,,,,0.0545,True
1581,right_toe_tip,897.631,481.4,0.7564550220652174,0.356454152173913,-0.4233000000000002,0.8655,True
1582,left_shoulder,856.7360000000001,630.628,0.4341787478260872,0.5421384826086957,1.3385,0.8551,True
1582,left_toe_tip,787.112,510.012,0.4084596660869565,0.4165115791304348,-0.0639000000000001,1.0,True
1582,right_shoulder,,,,,,0.0357,True
1582,right_toe_tip,897.4100000000001,480.20200000000006,0.7483356369565218,0.3494481186956523,-0.3465999999999999,0.8916,True
1583,left_shoulder,862.7360000000001,630.274,0.4465856800000002,0.54189937,1.3404,0.9082,True
1583,left_toe_tip,787.2639999999999,509.91399999999993,0.4063525982608693,0.4136648699999997,-0.0480999999999999,1.0,True
1583,right_shoulder,,,,,,0.0664,True
1583,right_toe_tip,897.4279999999999,479.03,0.744246733043478,0.3441260804347827,-0.3048000000000002,0.9155,True
1584,left_shoulder,868.8860000000001,629.668,0.4594140082608697,0.5412705747826088,1.3579,0.8797,True
1584,left_toe_tip,787.342,509.756,0.4040373886956521,0.4106569965217391,-0.0323000000000001,1.0,True
1584,right_shoulder,,,,,,0.0254,True
1584,right_toe_tip,897.4040000000001,477.9980000000001,0.7499969156521743,0.3438102595652175,-0.3255999999999999,0.9157,True
1585,left_shoulder,875.3299999999999,628.482,0.4729109826086955,0.5395320886956521,1.3752,0.8916,True
1585,left_toe_tip,787.3860000000001,509.5940000000001,0.4022356182608698,0.4082615382608697,-0.0203000000000001,1.0,True
1585,right_shoulder,,,,,,0.0396,True
1585,right_toe_tip,897.1560000000002,477.358,0.7469263730434788,0.3408739647826087,-0.2791999999999998,0.9138,True
1586,left_shoulder,881.9780000000001,627.41,0.4889007678260871,0.5402844652173913,1.3772,0.9039,True
1586,left_toe_tip,787.46,509.47,0.4036877782608696,0.4091903717391303,-0.0280999999999999,1.0,True
1586,right_shoulder,,,,,,0.018,True
1586,right_toe_tip,896.892,476.87,0.7458803373913044,0.339329504347826,-0.2781999999999998,0.914,True
1587,left_shoulder,888.3560000000001,625.762,0.5026509478260872,0.5378791782608695,1.398,0.8575,True
1587,left_toe_tip,787.512,509.376,0.4065238313043476,0.4116607721739131,-0.0449,1.0,True
1587,right_shoulder,,,,,,0.0118,True
1587,right_toe_tip,896.414,476.428,0.7423742721739129,0.3370843704347825,-0.2705999999999999,0.9345,True
1588,left_shoulder,894.6220000000001,623.6899999999999,0.5184325330434784,0.5368957695652172,1.4158,0.8563,True
1588,left_toe_tip,787.646,509.328,0.4105842678260868,0.4152616904347825,-0.0679,1.0,True
1588,right_shoulder,,,,,,0.0152,True
1588,right_toe_tip,895.902,476.018,0.7378322230434785,0.3345101595652174,-0.2015999999999999,0.9388,True
1589,left_shoulder,901.134,621.9199999999998,0.5353247,0.5369359999999996,1.423,0.9175,True
1589,left_toe_tip,787.678,509.184,0.4153604269565217,0.419596215652174,-0.0970999999999999,1.0,True
1589,right_shoulder,,,,,,0.035,True
1589,right_toe_tip,895.366,475.706,0.7344548217391303,0.3327805173913042,-0.186,0.9349,True
1590,left_shoulder,907.622,620.394,0.5523485365217391,0.5374305730434783,1.4147,0.9408,True
1590,left_toe_tip,787.6580000000001,508.948,0.4187067286956525,0.4223647199999999,-0.1183000000000001,1.0,True
1590,right_shoulder,,,,,,0.0136,True
1590,right_toe_tip,895.086,475.484,0.7368658191304348,0.3335981286956522,-0.1975999999999999,0.9465,True
1591,left_shoulder,914.084,618.722,0.5672942965217393,0.5354982960869565,1.4133,0.916,True
1591,left_toe_tip,787.528,508.688,0.4212886539130435,0.4246012104347825,-0.1366999999999998,1.0,True
1591,right_shoulder,,,,,,0.0302,True
1591,right_toe_tip,894.8860000000001,475.334,0.7371746400000002,0.3335659860869565,-0.2008000000000001,0.9592,True
1592,left_shoulder,920.572,617.602,0.583223796521739,0.5354761573913044,1.4390999999999998,0.9004,True
1592,left_toe_tip,787.2760000000001,508.264,0.4217216243478263,0.4245507408695653,-0.1439,1.0,True
1592,right_shoulder,,,,,,0.0382,True
1592,right_toe_tip,894.6300000000001,475.286,0.7406965282608697,0.3353569491304345,-0.2161999999999998,0.9384,True
1593,left_shoulder,926.946,616.6020000000001,0.5961615047826085,0.5331185465217393,1.4486,0.8679,True
1593,left_toe_tip,786.96,507.776,0.4198263826086957,0.4221574817391304,-0.1351999999999998,1.0,True
1593,right_shoulder,,,,,,0.0551,True
1593,right_toe_tip,894.4680000000001,475.184,0.746421026956522,0.33786472,-0.2385999999999999,0.943,True
1594,left_shoulder,933.0,615.3140000000001,0.6080386956521739,0.5298320530434784,1.4638,0.8552,True
1594,left_toe_tip,786.616,507.488,0.4170269008695652,0.4195071721739131,-0.1238000000000001,0.9823,True
1594,right_shoulder,,,,,,0.0335,True
1594,right_toe_tip,894.318,475.168,0.752394274347826,0.340722024347826,-0.2618000000000002,0.95,True
1595,left_shoulder,938.84,614.336,0.619053556521739,0.5268625530434783,1.5192,0.8651,True
1595,left_toe_tip,786.1719999999999,507.236,0.4147789382608692,0.4177981539130434,-0.1175999999999999,0.9751,True
1595,right_shoulder,,,,,,0.0617,True
1595,right_toe_tip,894.184,475.12,0.7544844208695651,0.3417061913043479,-0.2708000000000002,0.9474,True
1596,left_shoulder,944.22,613.068,0.6303967478260869,0.524400907826087,1.5546,0.8054,True
1596,left_toe_tip,785.892,506.968,0.4112251460869567,0.4142580626086957,-0.1001999999999998,0.978,True
1596,right_shoulder,,,,,,0.0314,True
1596,right_toe_tip,894.0319999999999,475.112,0.7586720904347823,0.3437844904347825,-0.2875999999999999,0.9649,True
1597,left_shoulder,949.234,611.522,0.6394421321739131,0.5201037530434784,1.5776,0.8486,True
1597,left_toe_tip,785.6800000000001,506.776,0.408220695652174,0.4112918782608695,-0.085,0.9617,True
1597,right_shoulder,,,,,,0.0869,True
1597,right_toe_tip,893.8880000000001,475.0179999999999,0.7621055443478265,0.3452540313043476,-0.3015999999999999,0.9584,True
1598,left_shoulder,954.236,610.3059999999999,0.6501269591304351,0.5178613482608694,1.5900999999999998,0.8681,True
1598,left_toe_tip,785.582,506.6,0.4057307043478261,0.4085678260869566,-0.0685,0.9756,True
1598,right_shoulder,1126.3,669.42,0.82671,0.526014,2.57,0.0669,True
1598,right_toe_tip,893.6940000000001,474.972,0.7608613965217393,0.3448160243478262,-0.2991999999999998,0.9706,True
1599,left_shoulder,958.72,609.144,0.6603046956521739,0.5161613739130435,1.6155,0.7781,True
1599,left_toe_tip,785.6139999999999,506.318,0.4036040217391302,0.4055553260869566,-0.0545,0.976,True
1599,right_shoulder,1127.6349999999998,668.7826190476189,0.8292192791149064,0.5250822864845212,2.5695476190476194,0.0598,True
1599,right_toe_tip,893.5360000000001,474.87,0.7588442713043481,0.3438109043478261,-0.2935999999999999,0.9605,True
1600,left_shoulder,962.868,607.64,0.6698809113043479,0.5137991652173913,1.6272,0.8709,True
1600,left_toe_tip,785.952,505.968,0.4023198608695652,0.4023639652173914,-0.043,0.9637,True
1600,right_shoulder,1128.97,668.145238095238,0.8317298711180126,0.5241499461451247,2.5690952380952377,0.3531,True
1600,right_toe_tip,893.39,474.754,0.7571403369565217,0.3428899413043479,-0.289,0.9742,True
1601,left_shoulder,967.126,607.0780000000001,0.6787153356521739,0.5126331373913046,1.6272,0.8567,True
1601,left_toe_tip,786.492,505.58600000000007,0.4024071547826086,0.3999184121739132,-0.0341999999999998,0.9677,True
1601,right_shoulder,1130.3049999999998,667.5078571428571,0.8342417760093166,0.5232169789818101,2.568642857142857,0.1299,True
1601,right_toe_tip,893.336,474.632,0.7514716782608697,0.3400333999999998,-0.243,0.973,True
1602,left_shoulder,971.262,606.458,0.6871526095652175,0.5112396165217391,1.6321,0.969,True
1602,left_toe_tip,787.1419999999999,505.156,0.4016016978260868,0.3961812130434781,-0.018,0.9654,True
1602,right_shoulder,1131.64,666.8704761904762,0.8367549937888197,0.5222833849945776,2.5811904761904763,0.2745,True
1602,right_toe_tip,893.4460000000001,474.598,0.7363708239130439,0.3329570152173912,-0.187,0.9496,True
1603,left_shoulder,974.706,605.7719999999999,0.6934962795652172,0.5092288982608695,1.6388,0.8444,True
1603,left_toe_tip,788.174,504.696,0.4033553973913042,0.3938876765217391,-0.0114,0.9394,True
1603,right_shoulder,1134.31,665.5957142857142,0.8417853680124223,0.5204143165483583,2.580285714285714,0.2296,True
1603,right_toe_tip,893.832,474.542,0.7191170921739131,0.3245024660869566,-0.1204,0.956,True
1604,left_shoulder,977.992,605.346,0.6983208626086955,0.5069061704347826,1.6542,0.902,True
1604,left_toe_tip,791.3399999999999,503.46,0.4112170999999998,0.3898057695652175,-0.0093000000000001,0.7885,True
1604,right_shoulder,1135.645,664.9583333333333,0.844302524456522,0.519478842089372,2.592833333333333,0.0966,True
1604,right_toe_tip,894.1959999999999,474.09800000000007,0.7076042999999997,0.3176141065217392,-0.075,0.9565,True
1605,left_shoulder,980.848,604.9979999999999,0.7042216069565217,0.506187172173913,1.6632,0.8845,True
1605,left_toe_tip,795.9459999999999,501.86800000000005,0.4230882782608693,0.3848940521739131,-0.0055,0.6945,True
1605,right_shoulder,1136.9799999999998,664.3209523809522,0.8468209937888195,0.5185427408064672,2.592380952380952,0.1104,True
1605,right_toe_tip,894.064,473.276,0.6972399860869566,0.3108687443478261,-0.0388000000000001,0.9288,True
1606,left_shoulder,983.346,604.48,0.7071434791304346,0.5035225043478262,1.6692,0.8958,True
1606,left_toe_tip,801.7059999999999,498.72,0.4411409986956519,0.3784341913043478,-0.0168000000000001,0.5538,True
1606,right_shoulder,1138.3149999999998,663.6835714285712,0.8493407760093167,0.5176060126996449,2.591928571428571,0.0504,True
1606,right_toe_tip,893.1200000000001,472.9440000000001,0.6850197565217395,0.3056608382608697,0.0056999999999998,0.895,True
1607,left_shoulder,985.722,604.448,0.7096319834782608,0.5017560904347825,1.6856,0.9419,True
1607,left_toe_tip,809.094,494.384,0.4674346313043479,0.3714841182608695,-0.0501999999999998,0.8705,True
1607,right_shoulder,1139.65,663.0461904761904,0.8518618711180123,0.5166686577689046,2.5914761904761905,0.0519,True
1607,right_toe_tip,892.184,472.354,0.680403396521739,0.3031359769565216,0.0108000000000001,0.868,True
1608,left_shoulder,988.172,604.354,0.7136769104347824,0.5008725795652175,1.6982000000000002,0.9338,True
1608,left_toe_tip,818.006,488.37,0.499732496521739,0.3603848217391305,-0.0898000000000001,0.9559,True
1608,right_shoulder,,,,,,0.0823,True
1608,right_toe_tip,891.5440000000001,471.338,0.6811374052173914,0.3014839408695652,0.0068000000000001,0.6841,True
1609,left_shoulder,990.274,603.96,0.7190516047826087,0.5008074521739131,1.6954,0.8576,True
1609,left_toe_tip,826.618,482.00200000000007,0.5324292678260871,0.3480770104347828,-0.1868000000000002,0.9878,True
1609,right_shoulder,,,,,,0.0857,True
1609,right_toe_tip,890.738,470.052,0.6797180130434785,0.2983366173913044,0.008,0.6573,True
1610,left_shoulder,992.314,603.588,0.7232393699999998,0.5000438008695651,1.6954,0.894,True
1610,left_toe_tip,835.2120000000001,474.46,0.5689156678260872,0.3335762521739132,-0.2611999999999998,0.9364,True
1610,right_shoulder,,,,,,0.0429,True
1610,right_toe_tip,890.0355,470.395,0.6796073601086955,0.3000584097826086,-0.0025999999999999,0.7292,True
1611,left_shoulder,994.102,602.5540000000001,0.7279105460869567,0.4986066573913045,1.6973,0.9046,True
1611,left_toe_tip,843.7139999999999,467.274,0.6041891526086953,0.3181606917391304,-0.2215999999999999,0.9991,True
1611,right_shoulder,,,,,,0.1647,True
1611,right_toe_tip,889.7225000000001,471.409,0.6848368125000003,0.3055270728260869,-0.0275,0.4024,True
1612,left_shoulder,995.47,600.8380000000001,0.7301044695652175,0.4946603095652175,1.6944,0.8794,True
1612,left_toe_tip,850.976,461.0780000000001,0.6345791165217392,0.3040250452173915,-0.1786999999999998,0.9891,True
1612,right_shoulder,,,,,,0.1991,True
1612,right_toe_tip,888.9530000000001,473.82,0.6908445750000002,0.3158505,-0.0855,0.1492,True
1613,left_shoulder,996.928,598.8979999999999,0.7326335165217394,0.4903641121739129,1.6956,0.8389,True
1613,left_toe_tip,857.5319999999999,456.034,0.6616755965217389,0.2921103756521739,-0.1789000000000001,0.8894,True
1613,right_shoulder,,,,,,0.1189,True
1613,right_toe_tip,887.2950000000001,477.83,0.6978019782608698,0.3324855217391306,-0.2115,0.0812,True
1614,left_shoulder,998.47,596.494,0.7347076434782609,0.4847098765217392,1.6934,0.8375,True
1614,left_toe_tip,865.1479999999999,450.404,0.6902254556521737,0.2771472191304348,-0.1209,0.8638,True
1614,right_shoulder,,,,,,0.0637,True
1614,right_toe_tip,886.609,482.514,0.6930785113043478,0.3443176069565218,-0.2755999999999999,0.0637,True
1615,left_shoulder,1000.092,593.65,0.7369361060869566,0.478169804347826,1.6962000000000002,0.8339,True
1615,left_toe_tip,871.582,446.276,0.7108560521739129,0.2648298086956522,-0.062,0.8093,True
1615,right_shoulder,,,,,,0.0515,True
1615,right_toe_tip,886.2295,485.607,0.6897637689130436,0.3518634352173912,-0.3531999999999998,0.5716,True
1616,left_shoulder,1001.858,590.5799999999999,0.7361450356521738,0.4690799217391302,1.7074,0.915,True
1616,left_toe_tip,876.7539999999999,443.48,0.7240040256521737,0.2552854695652174,-0.0164,0.9088,True
1616,right_shoulder,,,,,,0.0672,True
1616,right_toe_tip,885.7684999999999,487.485,0.6876709485869562,0.356708572826087,-0.3851999999999998,0.4197,True
1617,left_shoulder,1003.504,586.906,0.7386243234782607,0.4610631265217391,1.7146,0.9363,True
1617,left_toe_tip,881.5780000000001,441.048,0.7359201117391306,0.2468968747826085,-0.0025999999999999,0.9472,True
1617,right_shoulder,,,,,,0.1387,True
1617,right_toe_tip,885.3280000000001,488.25,0.6820651721739134,0.3565628804347827,-0.4188000000000001,0.3822,True
1618,left_shoulder,1004.924,583.074,0.7385744434782608,0.4514823782608695,1.736,0.8656,True
1618,left_toe_tip,885.0379999999999,439.196,0.7423586017391302,0.2399294469565218,-0.0111999999999998,0.9471,True
1618,right_shoulder,,,,,,0.1298,True
1618,right_toe_tip,885.0899999999999,488.064,0.671919563043478,0.35109024,-0.3331999999999998,0.6248,True
1619,left_shoulder,1006.464,579.194,0.7389826226086955,0.4420094660869564,1.7428,0.8254,True
1619,left_toe_tip,885.6719999999999,439.062,0.7420362539130433,0.2388016147826087,-0.0198000000000001,0.9415,True
1619,right_shoulder,1182.37,642.65,0.9332301195652172,0.4863423369565217,2.692,0.2452,True
1619,right_toe_tip,884.5780000000001,487.966,0.6735465443478263,0.3524072365217391,-0.3445999999999999,0.506,True
1620,left_shoulder,1008.028,575.3439999999999,0.7374961095652172,0.4315306504347824,1.7494,0.8374,True
1620,left_toe_tip,885.9219999999999,439.074,0.7408667556521736,0.2382190199999998,-0.0125999999999999,0.957,True
1620,right_shoulder,1181.4999999999998,640.4576923076922,0.9325707566889628,0.4830039562966297,2.683576923076923,0.1465,True
1620,right_toe_tip,884.7040000000001,488.45,0.6687334747826088,0.3510315108695651,-0.3751999999999998,0.385,True
1621,left_shoulder,1009.54,571.74,0.741168704347826,0.4246767913043478,1.7432999999999998,0.9426,True
1621,left_toe_tip,885.9219999999999,439.006,0.7408667556521736,0.2380141626086955,-0.0125999999999999,0.946,True
1621,right_shoulder,1180.63,638.2653846153846,0.9319087023411368,0.4796587934139439,2.6681538461538468,0.3227,True
1621,right_toe_tip,884.7700000000001,488.904,0.6571010282608698,0.3460511947826087,-0.3308000000000002,0.3345,True
1622,left_shoulder,1011.396,568.368,0.744083812173913,0.4174607582608696,1.7408,0.9051,True
1622,left_toe_tip,885.842,438.94,0.7409464104347826,0.2379182956521737,-0.0138000000000001,0.9478,True
1622,right_shoulder,1179.7599999999998,636.0730769230769,0.9312439565217387,0.476306848308464,2.6462307692307694,0.1955,True
1622,right_toe_tip,883.8060000000002,489.058,0.6445488621739135,0.3411900734782608,-0.2931999999999998,0.3535,True
1623,left_shoulder,1013.088,564.772,0.746500424347826,0.4097220626086957,1.7432,0.8886,True
1623,left_toe_tip,885.836,438.90600000000006,0.7409283269565218,0.2378158226086958,-0.0138000000000001,0.9592,True
1623,right_shoulder,1178.89,633.8807692307693,0.930576519230769,0.4729481209801904,2.638307692307692,0.1554,True
1623,right_toe_tip,882.644,488.802,0.6392614426086958,0.3393372691304349,-0.2848000000000001,0.3423,True
1624,left_shoulder,1014.798,561.272,0.7484553104347826,0.4019314330434783,1.7418,0.8802,True
1624,left_toe_tip,885.6139999999999,438.802,0.741220336521739,0.2378107313043477,-0.0174,0.9523,True
1624,right_shoulder,1177.15,629.4961538461538,0.9292335702341132,0.4662103196552609,2.6219615384615387,0.0612,True
1624,right_toe_tip,881.1646666666668,488.6478333333333,0.6313446313526573,0.336786976437198,-0.2694666666666667,0.3044,True
1625,left_shoulder,1016.672,557.714,0.7520338365217389,0.3947402991304349,1.7372,0.9102,True
1625,left_toe_tip,885.4699999999999,438.73,0.7407857695652171,0.237593447826087,-0.0059,0.9582,True
1625,right_shoulder,1176.2799999999995,627.3038461538462,0.9285580585284278,0.4628312456586056,2.620538461538461,0.0757,True
1625,right_toe_tip,879.2860000000001,488.4915,0.6267212452173914,0.3365359982608694,-0.2670999999999999,0.3027,True
1626,left_shoulder,1018.484,553.7280000000001,0.7533477182608695,0.3856029495652175,1.7428,0.954,True
1626,left_toe_tip,885.412,438.7,0.7434383086956522,0.2384096739130434,-0.0165,0.9388,True
1626,right_shoulder,1175.41,625.1115384615384,0.9278798553511702,0.4594453894391561,2.6256153846153847,0.0737,True
1626,right_toe_tip,878.094,488.569,0.6257731434782611,0.3379128717391303,-0.267,0.1567,True
1627,left_shoulder,1020.402,549.342,0.7555114504347826,0.376049676521739,1.7368,0.8938,True
1627,left_toe_tip,885.39,438.7,0.7440118108695652,0.2386149782608695,-0.0189,0.9313,True
1627,right_shoulder,1174.5399999999995,622.9192307692308,0.9271989607023408,0.4560527509969129,2.637692307692308,0.0669,True
1627,right_toe_tip,878.4566666666667,489.04833333333335,0.6274175048309181,0.3395467379227054,-0.2696666666666669,0.1402,True
1628,left_shoulder,1022.83,545.092,0.7622478195652171,0.3685342669565217,1.7422,0.8227,True
1628,left_toe_tip,885.494,438.712,0.7458748139130436,0.2391475895652173,-0.0246999999999998,0.9057,True
1628,right_shoulder,1173.6699999999998,620.7269230769231,0.9265153745819394,0.4526533303318755,2.6427692307692303,0.0734,True
1628,right_toe_tip,879.36,489.8775,0.6246775652173913,0.3389520407608694,-0.279,0.032,True
1629,left_shoulder,1032.818,565.0440000000001,0.7900765513043478,0.4124058886956523,1.7475999999999998,0.7509,True
1629,left_toe_tip,885.6600000000001,438.75200000000007,0.7457383130434785,0.2390636800000002,-0.0338000000000001,0.9069,True
1629,right_shoulder,,,,,,0.1385,True
1629,right_toe_tip,879.8116666666667,490.29208333333327,0.623293112620773,0.3386413984752414,-0.2691666666666665,0.0407,True
1630,left_shoulder,1042.364,585.054,0.8165365086956523,0.4567128456521738,1.796,0.6097,True
1630,left_toe_tip,885.824,438.70200000000006,0.7475187199999999,0.2393225165217393,-0.0270999999999999,0.8973,True
1630,right_shoulder,,,,,,0.1533,True
1630,right_toe_tip,880.2633333333333,490.70666666666665,0.6218990048309179,0.3383218937198067,-0.2593333333333334,0.0447,True
1631,left_shoulder,1051.4879999999998,605.49,0.8431031304347822,0.5029876630434783,1.915,0.846,True
1631,left_toe_tip,886.04,438.674,0.747533704347826,0.2390321356521738,-0.0246999999999998,0.8864,True
1631,right_shoulder,,,,,,0.1075,True
1631,right_toe_tip,880.7150000000001,491.1212499999999,0.6204952418478266,0.337993526494565,-0.2495,0.0635,True
1632,left_shoulder,1059.928,626.8599999999999,0.8689770939130432,0.552226160869565,1.9692,0.899,True
1632,left_toe_tip,886.184,438.652,0.7473289947826086,0.2387601147826088,-0.0223000000000001,0.8602,True
1632,right_shoulder,1159.75,585.65,0.9152119565217391,0.3973402173913043,2.45,0.0269,True
1632,right_toe_tip,881.1666666666666,491.5358333333333,0.6190818236714974,0.3376562967995167,-0.2516666666666665,0.0719,True
1633,left_shoulder,1068.0220000000002,649.008,0.8896344221739135,0.6006968452173914,2.0008,0.8768,True
1633,left_toe_tip,886.2760000000001,438.638,0.7466445860869566,0.2384099017391305,-0.0186999999999998,0.8961,True
1633,right_shoulder,1134.015,569.665,0.8999664565217388,0.3819549347826086,2.272,0.0447,True
1633,right_toe_tip,,,,,,0.0452,True
1634,left_shoulder,1068.142,647.5980000000001,0.8888600217391306,0.5970784565217393,2.003,0.8847,True
1634,left_toe_tip,886.442,438.692,0.7468264086956522,0.2384709739130434,-0.0175,0.9046,True
1634,right_shoulder,1108.28,553.68,0.8815879999999999,0.3646236521739129,2.181,0.3689,True
1634,right_toe_tip,,,,,,0.0488,True
1635,left_shoulder,1068.352,646.778,0.8884579200000002,0.5948149778260869,2.0048,0.8874,True
1635,left_toe_tip,886.548,438.826,0.7461828817391305,0.2385686026086957,-0.0254,0.8603,True
1635,right_shoulder,1096.89125,545.72,0.8747356798573367,0.3555680054347826,2.129125,0.1753,True
1635,right_toe_tip,887.49,497.34,0.5982801739130436,0.3320045217391303,-0.1,0.1203,True
1636,left_shoulder,1068.626,646.7040000000001,0.8890262317391305,0.5946614921739133,2.0048,0.9048,True
1636,left_toe_tip,886.5880000000001,438.954,0.7469472156521743,0.2391619643478261,-0.0278000000000001,0.8272,True
1636,right_shoulder,1091.241,540.97,0.8731022870652173,0.3501572793478261,2.0929,0.4289,True
1636,right_toe_tip,889.895,498.455,0.6055879375,0.3355276331521739,-0.0785,0.1094,True
1637,left_shoulder,1069.106,647.0400000000001,0.8908613695652173,0.5959200000000001,2.003,0.9108,True
1637,left_toe_tip,886.668,439.042,0.7478330278260868,0.2396347243478261,-0.0301999999999998,0.8672,True
1637,right_shoulder,1074.309,528.3860000000001,0.8645109474999999,0.3351796541304349,1.9422,0.2974,True
1637,right_toe_tip,890.5363888888888,497.2469444444444,0.6117339140415324,0.3351154332813338,-0.1123611111111113,0.6426,True
1638,left_shoulder,1069.38,647.6479999999999,0.8937638043478263,0.5987455652173912,1.998,0.897,True
1638,left_toe_tip,886.64,439.12,0.748713252173913,0.2401808,-0.0338000000000001,0.8423,True
1638,right_shoulder,1068.229,522.5,0.8643243805434784,0.327985054347826,1.8421,0.3602,True
1638,right_toe_tip,890.7368749999999,495.458125,0.6175928584833559,0.3336484536769701,-0.1375625,0.5919,True
1639,left_shoulder,1069.9599999999998,649.0699999999999,0.8975882347826083,0.6034650456521737,1.9924,0.9449,True
1639,left_toe_tip,886.608,439.134,0.748026396521739,0.2400340656521739,-0.0315999999999999,0.8402,True
1639,right_shoulder,1073.809,523.6673333333334,0.8787932970652174,0.3315508794927538,1.8933,0.3632,True
1639,right_toe_tip,890.7610000000001,493.437,0.6233318814130437,0.3316924731521739,-0.1564000000000001,0.1046,True
1640,left_shoulder,1070.672,651.132,0.9003853530434783,0.6086557486956521,1.9896,0.9631,True
1640,left_toe_tip,886.552,439.112,0.749142892173913,0.2403800921739129,-0.0364,0.8268,True
1640,right_shoulder,1079.572,525.4680000000001,0.8949112565217394,0.3368712652173914,1.895,0.3111,True
1640,right_toe_tip,891.3383333333334,490.0916666666667,0.6352212116545896,0.3287878336352658,-0.1601666666666669,0.2817,True
1641,left_shoulder,1071.938,653.226,0.9078209965217388,0.6162845582608695,1.9854,0.9078,True
1641,left_toe_tip,886.6020000000001,439.136,0.748008196956522,0.2400401321739129,-0.0315999999999999,0.8317,True
1641,right_shoulder,1085.518,527.9019999999999,0.9127307895652176,0.3439800973913042,1.8992,0.1905,True
1641,right_toe_tip,890.8574999999998,485.3525,0.6462989014945648,0.322953003396739,-0.14425,0.2687,True
1642,left_shoulder,1073.654,655.7180000000001,0.9170839373913044,0.625379283478261,1.9794,0.8867,True
1642,left_toe_tip,886.576,439.142,0.7472860904347827,0.239851874347826,-0.0291999999999998,0.8466,True
1642,right_shoulder,1091.7959999999998,530.8459999999999,0.9299140278260866,0.3516456365217389,1.9174,0.1266,True
1642,right_toe_tip,890.6170833333332,482.98291666666665,0.6518200744829404,0.3198614110243055,-0.1012916666666665,0.205,True
1643,left_shoulder,1075.782,658.486,0.9240473104347824,0.6329200965217391,1.9742,0.9301,True
1643,left_toe_tip,886.5540000000001,439.128,0.7450218695652177,0.2391041739130434,-0.021,0.8216,True
1643,right_shoulder,1098.8399999999997,534.6379999999999,0.950497034782608,0.3617664134782606,1.9447,0.3261,True
1643,right_toe_tip,890.3766666666666,480.6133333333333,0.6573294661835746,0.3166537004830916,-0.0583333333333334,0.2666,True
1644,left_shoulder,1077.934,661.778,0.9330850291304348,0.6429839517391305,1.9878,0.9374,True
1644,left_toe_tip,886.4639999999999,439.128,0.7463037078260868,0.239603024347826,-0.0268000000000001,0.841,True
1644,right_shoulder,1105.842,538.9226666666667,0.9694577099999996,0.372353627826087,1.9644,0.3932,True
1644,right_toe_tip,890.1362499999998,478.24375,0.6628270765964669,0.3133298717730978,-0.053375,0.2132,True
1645,left_shoulder,1080.394,665.3779999999999,0.9435920139130436,0.6543055582608694,1.9828,0.9204,True
1645,left_toe_tip,886.358,439.142,0.7443760526086957,0.2391292734782608,-0.0208000000000001,0.8501,True
1645,right_shoulder,1112.3559999999998,543.86,0.9859918069565212,0.3837877652173914,1.9926,0.251,True
1645,right_toe_tip,889.8958333333333,475.87416666666667,0.6683129057216182,0.3098899248943237,-0.0004166666666665,0.1729,True
1646,left_shoulder,1082.568,669.608,0.9522908834782609,0.666195648695652,1.9804,0.9912,True
1646,left_toe_tip,886.222,439.122,0.7430016482608695,0.2387592352173911,-0.0171999999999998,0.8612,True
1646,right_shoulder,1115.8524999999995,546.2900000000001,0.9941179402173907,0.3891841086956523,2.003,0.3592,True
1646,right_toe_tip,,,,,,0.1249,True
1647,left_shoulder,1085.082,674.414,0.9600225226086956,0.678177327826087,1.9876,0.9278,True
1647,left_toe_tip,886.0540000000001,439.1,0.7424946900000001,0.238692847826087,-0.0171999999999998,0.858,True
1647,right_shoulder,1118.9766666666665,549.2366666666668,1.0009918164251204,0.3954772077294688,2.002333333333333,0.4559,True
1647,right_toe_tip,,,,,,0.1472,True
1648,left_shoulder,1087.638,679.708,0.971861023043478,0.6941138686956522,2.0106,0.8543,True
1648,left_toe_tip,885.972,439.088,0.7434771060869565,0.2390520765217392,-0.0218000000000001,0.8603,True
1648,right_shoulder,1121.9149999999995,552.2500000000001,1.0075690244565207,0.4019487771739132,2.0135,0.0265,True
1648,right_toe_tip,886.53,442.7,0.7438774782608694,0.2495382608695651,-0.04,0.1224,True
1649,left_shoulder,1090.3560000000002,685.048,0.979230589565218,0.706767412173913,2.0141,0.8955,True
1649,left_toe_tip,886.092,439.0780000000001,0.74319784,0.2388155600000003,-0.0194,0.8087,True
1649,right_shoulder,1124.11,555.53,1.012947554347826,0.4091252717391304,2.0175,0.0162,True
1649,right_toe_tip,887.0374999999999,442.33,0.741985186820652,0.2472808396739131,-0.04425,0.2286,True
1650,left_shoulder,1093.134,690.9300000000001,0.9876351052173912,0.7212835173913045,2.0403,0.96,True
1650,left_toe_tip,886.742,439.352,0.7424252221739129,0.238763267826087,-0.0091999999999998,0.742,True
1650,right_shoulder,,,,,,0.0567,True
1650,right_toe_tip,887.545,441.96,0.7400788288043477,0.2450336739130436,-0.0315,0.3179,True
1651,left_shoulder,1096.1219999999998,696.874,0.9944451169565212,0.734458553478261,2.0582,0.7936,True
1651,left_toe_tip,887.9669565217391,440.45791304347824,0.7449813305005343,0.2417243166154351,-0.033508695652174,0.7289,True
1651,right_shoulder,,,,,,0.0278,True
1651,right_toe_tip,888.48875,441.7125,0.740773323879076,0.2435942883831522,-0.023625,0.2767,True
1652,left_shoulder,1099.032,703.014,1.00298492,0.74948559,2.0848,0.9072,True
1652,left_toe_tip,889.8388695652175,442.4217391304348,0.7507728873214435,0.2476796631873099,-0.0706260869565217,0.4628,True
1652,right_shoulder,,,,,,0.0175,True
1652,right_toe_tip,889.9950000000001,442.288,0.741316695108696,0.2440107530434783,-0.0340999999999999,0.5574,True
1653,left_shoulder,1102.062,708.6,1.0103086078260872,0.7622214782608696,2.1094,0.6529,True
1653,left_toe_tip,892.2777391304347,445.2274782608696,0.7602477894370016,0.2568359862842114,-0.0974521739130432,0.0836,True
1653,right_shoulder,,,,,,0.0288,True
1653,right_toe_tip,894.0989999999999,444.892,0.7391795148913043,0.2469526734782609,-0.0063000000000001,0.9189,True
1654,left_shoulder,1103.6125000000002,711.5525,1.0150342153532614,0.7696898077445653,2.10675,0.6955,True
1654,left_toe_tip,895.1695652173912,448.8691304347826,0.7724667693350864,0.2690307130558066,-0.129086956521739,0.0804,True
1654,right_shoulder,,,,,,0.0255,True
1654,right_toe_tip,900.232,448.362,0.7416611999999999,0.2518316999999999,0.021,0.9189,True
1655,left_shoulder,1105.1833333333334,714.0966666666667,1.0202009842995172,0.7765750446859905,2.103333333333333,0.582,True
1655,left_toe_tip,898.1743478260869,453.0886956521739,0.7899939826580092,0.2848443698528807,-0.2116304347826089,0.0232,True
1655,right_shoulder,,,,,,0.0284,True
1655,right_toe_tip,906.8673333333334,453.27891666666665,0.7491865273550725,0.2618653500226448,-0.05675,0.5529,True
1656,left_shoulder,1107.0500000000002,716.7149999999999,1.0262408423913048,0.7838036657608694,2.0865,0.1569,True
1656,left_toe_tip,899.6767391304347,455.1984782608696,0.7988311823528805,0.2928545436991453,-0.2616521739130435,0.0379,True
1656,right_shoulder,,,,,,0.0123,True
1656,right_toe_tip,913.656,459.54475,0.7598861960869564,0.2764152125951087,-0.06165,0.7314,True
1657,left_shoulder,1108.69,718.12,1.0290802173913045,0.7863069565217392,2.088,0.0331,True
1657,left_toe_tip,901.1791304347826,457.3082608695652,0.8077174440700254,0.3009336145105614,-0.3241739130434785,0.049,True
1657,right_shoulder,,,,,,0.1432,True
1657,right_toe_tip,920.21,466.3855,0.7755420902173914,0.2944449985326087,-0.1783000000000001,0.0108,True
1658,left_shoulder,,,,,,0.0123,True
1658,left_toe_tip,902.6815217391304,459.4180434782609,0.8166527678094433,0.3090815822871293,-0.3481956521739134,0.1524,True
1658,right_shoulder,,,,,,0.009,True
1658,right_toe_tip,925.2633333333332,472.2991666666667,0.7995125054347826,0.3147428274456522,-0.291,0.0393,True
1659,left_shoulder,,,,,,0.0123,True
1659,left_toe_tip,904.1839130434782,461.5278260869565,0.8256371535711351,0.3172984470288485,-0.365717391304348,0.0502,True
1659,right_shoulder,,,,,,0.0888,True
1659,right_toe_tip,928.79,478.79375,0.8250133885869564,0.3393692102581521,-0.37425,0.0174,True
1660,left_shoulder,,,,,,0.0087,True
1660,left_toe_tip,,,,,,0.0492,True
1660,right_shoulder,,,,,,0.0091,False
1660,right_toe_tip,930.5533333333332,482.0410416666667,0.8379068614130435,0.3519458029042119,-0.401125,0.0194,False
1661,left_shoulder,,,,,,0.0159,True
1661,left_toe_tip,,,,,,0.0111,True
1661,right_shoulder,,,,,,0.007,True
1661,right_toe_tip,932.3166666666666,485.28833333333336,0.850895688405797,0.3646979963768116,-0.458,0.0673,True
1662,left_shoulder,,,,,,0.0109,True
1662,left_toe_tip,,,,,,0.0273,True
1662,right_shoulder,,,,,,0.0566,True
1662,right_toe_tip,934.08,488.535625,0.8639798695652172,0.377625790675951,-0.585125,0.0152,True
1663,left_shoulder,,,,,,0.0076,True
1663,left_toe_tip,,,,,,0.0222,False
1663,right_shoulder,,,,,,0.0072,True
1663,right_toe_tip,935.8433333333334,491.78291666666667,0.8771594048913045,0.3907291858016304,-0.69875,0.042,True
1664,left_shoulder,,,,,,0.0067,True
1664,left_toe_tip,,,,,,0.0128,True
1664,right_shoulder,,,,,,0.0292,True
1664,right_toe_tip,,,,,,0.0385,True
1665,left_shoulder,,,,,,0.0091,True
1665,left_toe_tip,,,,,,0.011,True
1665,right_shoulder,,,,,,0.0071,True
1665,right_toe_tip,,,,,,0.0392,True
1666,left_shoulder,,,,,,0.0081,True
1666,left_toe_tip,,,,,,0.0117,True
1666,right_shoulder,,,,,,0.0082,True
1666,right_toe_tip,,,,,,0.0328,True
1667,left_shoulder,,,,,,0.01,True
1667,left_toe_tip,,,,,,0.0166,True
1667,right_shoulder,,,,,,0.0087,True
1667,right_toe_tip,,,,,,0.016,True
1668,left_shoulder,,,,,,0.0112,True
1668,left_toe_tip,,,,,,0.015,True
1668,right_shoulder,,,,,,0.0093,True
1668,right_toe_tip,,,,,,0.0319,True
1669,left_shoulder,,,,,,0.0093,True
1669,left_toe_tip,,,,,,0.0172,True
1669,right_shoulder,,,,,,0.0077,True
1669,right_toe_tip,,,,,,0.0155,True
1670,left_shoulder,,,,,,0.0093,True
1670,left_toe_tip,,,,,,0.0186,True
1670,right_shoulder,,,,,,0.0078,True
1670,right_toe_tip,,,,,,0.0084,True
1671,left_shoulder,,,,,,0.0078,True
1671,left_toe_tip,,,,,,0.0234,True
1671,right_shoulder,,,,,,0.0087,True
1671,right_toe_tip,,,,,,0.0145,True
1672,left_shoulder,,,,,,0.0119,True
1672,left_toe_tip,,,,,,0.2707,True
1672,right_shoulder,,,,,,0.0076,True
1672,right_toe_tip,,,,,,0.1163,False
1673,left_shoulder,,,,,,0.0086,True
1673,left_toe_tip,958.27,537.48,1.181750347826087,0.6589909565217392,-0.056,0.2656,True
1673,right_shoulder,,,,,,0.0077,True
1673,right_toe_tip,,,,,,0.0289,True
1674,left_shoulder,,,,,,0.0069,True
1674,left_toe_tip,958.27,537.48,1.181750347826087,0.6589909565217392,-0.056,0.2162,True
1674,right_shoulder,,,,,,0.0093,False
1674,right_toe_tip,,,,,,0.0758,True
1675,left_shoulder,,,,,,0.0099,True
1675,left_toe_tip,958.27,537.48,1.181750347826087,0.6589909565217392,-0.056,0.336,True
1675,right_shoulder,,,,,,0.0093,True
1675,right_toe_tip,,,,,,0.2527,True
1676,left_shoulder,,,,,,0.0103,True
1676,left_toe_tip,958.27,537.48,1.181750347826087,0.6589909565217392,-0.056,0.0223,True
1676,right_shoulder,,,,,,0.0101,False
1676,right_toe_tip,,,,,,0.0193,True
1677,left_shoulder,,,,,,0.0095,True
1677,left_toe_tip,958.27,537.48,1.181750347826087,0.6589909565217392,-0.056,0.0145,True
1677,right_shoulder,,,,,,0.0071,False
1677,right_toe_tip,,,,,,0.016,True
1678,left_shoulder,,,,,,0.0055,True
1678,left_toe_tip,,,,,,0.0211,True
1678,right_shoulder,,,,,,0.0065,True
1678,right_toe_tip,1002.85,615.18,1.4486391847826088,1.018778413043478,-0.06,0.0077,True
1679,left_shoulder,,,,,,0.006,True
1679,left_toe_tip,,,,,,0.039,True
1679,right_shoulder,,,,,,0.0059,True
1679,right_toe_tip,1009.9825,624.9275,1.4802316161684788,1.059925973505435,-0.06275,0.0274,True
1680,left_shoulder,,,,,,0.0101,True
1680,left_toe_tip,,,,,,0.2518,True
1680,right_shoulder,,,,,,0.0073,True
1680,right_toe_tip,1017.115,634.675,1.5119442146739135,1.1012377581521735,-0.0305,0.6089,True
1681,left_shoulder,,,,,,0.0107,True
1681,left_toe_tip,,,,,,0.1677,True
1681,right_shoulder,,,,,,0.0063,True
1681,right_toe_tip,1020.9273863636364,638.0819318181818,1.5280712016694558,1.1155117928704974,-0.0070340909090909,0.2825,True
1682,left_shoulder,,,,,,0.0088,True
1682,left_toe_tip,,,,,,0.0655,True
1682,right_shoulder,,,,,,0.0052,True
1682,right_toe_tip,1023.4117272727274,638.9526363636363,1.5379318761219911,1.1189280892463167,0.0242181818181816,0.3064,True
1683,left_shoulder,,,,,,0.0099,True
1683,left_toe_tip,,,,,,0.0211,True
1683,right_shoulder,,,,,,0.0107,False
1683,right_toe_tip,1029.7084545454543,643.2302727272727,1.5639439280551564,1.1366349898409986,0.0544363636363632,0.2352,True
1684,left_shoulder,,,,,,0.0143,True
1684,left_toe_tip,,,,,,0.0327,True
1684,right_shoulder,,,,,,0.0154,False
1684,right_toe_tip,1033.349090909091,642.4354545454545,1.57736094933525,1.1325884996406752,0.0677272727272729,0.196,True
1685,left_shoulder,,,,,,0.0123,True
1685,left_toe_tip,,,,,,0.0487,True
1685,right_shoulder,,,,,,0.0052,False
1685,right_toe_tip,1034.3336363636363,636.5681818181818,1.578152826715775,1.1068466335788716,0.086090909090909,0.0624,True
1686,left_shoulder,,,,,,0.0099,True
1686,left_toe_tip,,,,,,0.0104,True
1686,right_shoulder,,,,,,0.0111,False
1686,right_toe_tip,1034.8259090909091,633.6345454545453,1.5785428552146967,1.094010921577434,0.095272727272727,0.0085,True
1687,left_shoulder,,,,,,0.0122,True
1687,left_toe_tip,,,,,,0.0385,True
1687,right_shoulder,,,,,,0.0127,False
1687,right_toe_tip,1035.318181818182,630.700909090909,1.5789289435860587,1.0811986902623063,0.0989545454545454,0.0256,True
1688,left_shoulder,,,,,,0.0086,True
1688,left_toe_tip,,,,,,0.008,True
1688,right_shoulder,,,,,,0.012,False
1688,right_toe_tip,1035.8104545454546,627.7672727272727,1.5793110918298603,1.0684099396334892,0.102636363636363,0.0328,True
1689,left_shoulder,,,,,,0.009,True
1689,left_toe_tip,,,,,,0.0258,True
1689,right_shoulder,,,,,,0.0052,False
1689,right_toe_tip,1036.3027272727277,624.8336363636363,1.579689299946102,1.0556446696909805,0.1063181818181819,0.0551,True
1690,left_shoulder,,,,,,0.0111,True
1690,left_toe_tip,,,,,,0.0182,True
1690,right_shoulder,,,,,,0.0104,False
1690,right_toe_tip,,,,,,0.0136,True
1691,left_shoulder,,,,,,0.0085,True
1691,left_toe_tip,,,,,,0.0193,True
1691,right_shoulder,,,,,,0.0051,False
1691,right_toe_tip,1042.21,589.63,1.5839204673913048,0.9042929239130436,0.04,0.0186,True
1692,left_shoulder,,,,,,0.0127,True
1692,left_toe_tip,,,,,,0.0182,True
1692,right_shoulder,,,,,,0.0041,False
1692,right_toe_tip,1050.79,595.595,1.677318081521739,0.9619702364130436,-0.0205,0.0212,True
1693,left_shoulder,,,,,,0.0121,True
1693,left_toe_tip,,,,,,0.2804,True
1693,right_shoulder,,,,,,0.0178,True
1693,right_toe_tip,1056.6866666666667,600.9041666666666,1.7250978973429956,0.9973519784118354,-0.0138333333333334,0.3168,True
1694,left_shoulder,,,,,,0.0113,True
1694,left_toe_tip,,,,,,0.0748,True
1694,right_shoulder,,,,,,0.0325,True
1694,right_toe_tip,1061.9125,606.0493749999999,1.7614273624320649,1.0272227100033964,0.015125,0.3907,True
1695,left_shoulder,,,,,,0.011,True
1695,left_toe_tip,,,,,,0.0122,True
1695,right_shoulder,,,,,,0.0139,True
1695,right_toe_tip,1066.87,611.1289999999999,1.793225191304347,1.054960173043478,0.0196999999999998,0.0226,True
1696,left_shoulder,,,,,,0.0097,True
1696,left_toe_tip,,,,,,0.0188,True
1696,right_shoulder,,,,,,0.0205,True
1696,right_toe_tip,1077.59,621.4849999999999,1.8725998152173908,1.1189852663043474,-0.012,0.0193,True
1697,left_shoulder,,,,,,0.0117,True
1697,left_toe_tip,,,,,,0.0672,True
1697,right_shoulder,,,,,,0.0228,True
1697,right_toe_tip,1085.966,630.957,1.9295785430434775,1.1723602545652172,-0.0325999999999999,0.2608,True
1698,left_shoulder,,,,,,0.0144,True
1698,left_toe_tip,,,,,,0.048,True
1698,right_shoulder,,,,,,0.0068,True
1698,right_toe_tip,1093.4,640.3784999999999,1.9686923695652176,1.2174217325543475,-0.0286999999999998,0.3336,True
1699,left_shoulder,,,,,,0.0146,True
1699,left_toe_tip,,,,,,0.088,True
1699,right_shoulder,,,,,,0.006,True
1699,right_toe_tip,1097.3525,645.101875,1.993025371263587,1.2424011463145377,-0.025125,0.8392,True
1700,left_shoulder,,,,,,0.0088,True
1700,left_toe_tip,,,,,,0.0272,True
1700,right_shoulder,,,,,,0.0041,True
1700,right_toe_tip,1100.9033333333334,649.6533333333333,2.016619077294686,1.2673382801932365,-0.0048333333333334,0.3524,True
1701,left_shoulder,,,,,,0.0168,True
1701,left_toe_tip,,,,,,0.0378,True
1701,right_shoulder,,,,,,0.008,False
1701,right_toe_tip,1103.4499999999998,653.7749999999999,2.038172499999999,1.2919713586956516,-0.013,0.1047,True
1702,left_shoulder,,,,,,0.0182,True
1702,left_toe_tip,,,,,,0.0159,True
1702,right_shoulder,,,,,,0.0044,False
1702,right_toe_tip,1105.65,658.63,2.0164669565217395,1.2931977391304348,0.0615,0.0584,True
1703,left_shoulder,,,,,,0.0052,False
1703,left_toe_tip,,,,,,0.0109,True
1703,right_shoulder,,,,,,0.0037,False
1703,right_toe_tip,,,,,,0.0089,True
1704,left_shoulder,,,,,,0.0088,True
1704,left_toe_tip,,,,,,0.0124,True
1704,right_shoulder,,,,,,0.003,False
1704,right_toe_tip,,,,,,0.0214,True
1705,left_shoulder,,,,,,0.0145,True
1705,left_toe_tip,,,,,,0.0102,True
1705,right_shoulder,,,,,,0.0039,False
1705,right_toe_tip,,,,,,0.0099,True
1706,left_shoulder,,,,,,0.0053,False
1706,left_toe_tip,,,,,,0.0222,False
1706,right_shoulder,,,,,,0.003,False
1706,right_toe_tip,,,,,,0.0225,True
1707,left_shoulder,,,,,,0.0107,True
1707,left_toe_tip,,,,,,0.0127,True
1707,right_shoulder,,,,,,0.0035,True
1707,right_toe_tip,,,,,,0.0371,True
1708,left_shoulder,,,,,,0.0061,False
1708,left_toe_tip,,,,,,0.0119,False
1708,right_shoulder,,,,,,0.0044,False
1708,right_toe_tip,,,,,,0.0383,True
1709,left_shoulder,,,,,,0.0093,True
1709,left_toe_tip,,,,,,0.0136,True
1709,right_shoulder,,,,,,0.0034,True
1709,right_toe_tip,,,,,,0.0067,True
1710,left_shoulder,,,,,,0.007,True
1710,left_toe_tip,,,,,,0.0337,True
1710,right_shoulder,,,,,,0.0102,False
1710,right_toe_tip,,,,,,0.0247,True
1711,left_shoulder,,,,,,0.0099,True
1711,left_toe_tip,,,,,,0.0172,True
1711,right_shoulder,,,,,,0.0053,True
1711,right_toe_tip,,,,,,0.0226,True
1712,left_shoulder,,,,,,0.0093,True
1712,left_toe_tip,,,,,,0.0248,True
1712,right_shoulder,,,,,,0.0037,True
1712,right_toe_tip,,,,,,0.0294,True
1713,left_shoulder,,,,,,0.0076,True
1713,left_toe_tip,,,,,,0.0277,True
1713,right_shoulder,,,,,,0.0068,True
1713,right_toe_tip,,,,,,0.0488,True
1714,left_shoulder,,,,,,0.0104,True
1714,left_toe_tip,,,,,,0.0383,True
1714,right_shoulder,,,,,,0.0029,False
1714,right_toe_tip,,,,,,0.073,True
1715,left_shoulder,,,,,,0.0103,True
1715,left_toe_tip,,,,,,0.039,True
1715,right_shoulder,,,,,,0.0041,False
1715,right_toe_tip,,,,,,0.0736,True
1716,left_shoulder,,,,,,0.0194,True
1716,left_toe_tip,,,,,,0.0343,True
1716,right_shoulder,,,,,,0.0038,True
1716,right_toe_tip,,,,,,0.0552,True
1717,left_shoulder,,,,,,0.0056,True
1717,left_toe_tip,,,,,,0.1716,True
1717,right_shoulder,,,,,,0.0045,False
1717,right_toe_tip,,,,,,0.1256,True
1718,left_shoulder,,,,,,0.0099,True
1718,left_toe_tip,,,,,,0.0411,True
1718,right_shoulder,,,,,,0.0035,True
1718,right_toe_tip,,,,,,0.0766,True
1719,left_shoulder,,,,,,0.0101,True
1719,left_toe_tip,,,,,,0.0273,True
1719,right_shoulder,,,,,,0.0034,True
1719,right_toe_tip,,,,,,0.0697,True
1720,left_shoulder,,,,,,0.0129,True
1720,left_toe_tip,,,,,,0.0346,False
1720,right_shoulder,,,,,,0.0066,False
1720,right_toe_tip,,,,,,0.0744,True
1721,left_shoulder,,,,,,0.0078,False
1721,left_toe_tip,,,,,,0.0506,True
1721,right_shoulder,,,,,,0.0062,False
1721,right_toe_tip,,,,,,0.0513,True
1722,left_shoulder,,,,,,0.0121,True
1722,left_toe_tip,,,,,,0.0729,True
1722,right_shoulder,,,,,,0.0071,False
1722,right_toe_tip,,,,,,0.0781,True
1723,left_shoulder,,,,,,0.0102,False
1723,left_toe_tip,,,,,,0.0425,True
1723,right_shoulder,,,,,,0.0066,False
1723,right_toe_tip,,,,,,0.0467,True
1724,left_shoulder,,,,,,0.0081,True
1724,left_toe_tip,,,,,,0.0815,True
1724,right_shoulder,,,,,,0.003,False
1724,right_toe_tip,,,,,,0.0454,True
1725,left_shoulder,,,,,,0.0137,True
1725,left_toe_tip,,,,,,0.1001,True
1725,right_shoulder,,,,,,0.004,True
1725,right_toe_tip,,,,,,0.075,True
1726,left_shoulder,,,,,,0.0114,True
1726,left_toe_tip,,,,,,0.0567,True
1726,right_shoulder,,,,,,0.006,False
1726,right_toe_tip,,,,,,0.0766,True
1727,left_shoulder,,,,,,0.0094,True
1727,left_toe_tip,,,,,,0.1436,True
1727,right_shoulder,,,,,,0.0029,True
1727,right_toe_tip,,,,,,0.1007,True
1728,left_shoulder,,,,,,0.0101,True
1728,left_toe_tip,,,,,,0.1764,True
1728,right_shoulder,,,,,,0.005,False
1728,right_toe_tip,,,,,,0.1087,True
1729,left_shoulder,,,,,,0.0066,True
1729,left_toe_tip,,,,,,0.0368,True
1729,right_shoulder,,,,,,0.0036,True
1729,right_toe_tip,,,,,,0.0866,True
1730,left_shoulder,,,,,,0.0144,True
1730,left_toe_tip,,,,,,0.0492,True
1730,right_shoulder,,,,,,0.0043,True
1730,right_toe_tip,,,,,,0.074,True
1731,left_shoulder,,,,,,0.0195,True
1731,left_toe_tip,,,,,,0.1053,True
1731,right_shoulder,,,,,,0.0067,False
1731,right_toe_tip,,,,,,0.0834,True
1732,left_shoulder,,,,,,0.0072,True
1732,left_toe_tip,,,,,,0.0695,True
1732,right_shoulder,,,,,,0.0069,False
1732,right_toe_tip,,,,,,0.084,True
1733,left_shoulder,,,,,,0.0075,True
1733,left_toe_tip,,,,,,0.1497,True
1733,right_shoulder,,,,,,0.0038,True
1733,right_toe_tip,,,,,,0.083,True
1734,left_shoulder,,,,,,0.0107,True
1734,left_toe_tip,,,,,,0.2104,True
1734,right_shoulder,,,,,,0.0046,True
1734,right_toe_tip,,,,,,0.0984,True
1735,left_shoulder,,,,,,0.0064,True
1735,left_toe_tip,,,,,,0.102,True
1735,right_shoulder,,,,,,0.0047,True
1735,right_toe_tip,,,,,,0.0956,True
1736,left_shoulder,,,,,,0.0109,True
1736,left_toe_tip,,,,,,0.1083,True
1736,right_shoulder,,,,,,0.0086,True
1736,right_toe_tip,,,,,,0.102,True
1737,left_shoulder,,,,,,0.0111,True
1737,left_toe_tip,,,,,,0.0324,True
1737,right_shoulder,,,,,,0.005,False
1737,right_toe_tip,,,,,,0.0479,True
1738,left_shoulder,,,,,,0.01,True
1738,left_toe_tip,,,,,,0.0142,True
1738,right_shoulder,,,,,,0.0049,True
1738,right_toe_tip,,,,,,0.0165,True
1739,left_shoulder,,,,,,0.0076,True
1739,left_toe_tip,,,,,,0.0197,True
1739,right_shoulder,,,,,,0.0091,False
1739,right_toe_tip,,,,,,0.014,True
1740,left_shoulder,,,,,,0.0064,True
1740,left_toe_tip,,,,,,0.0203,False
1740,right_shoulder,,,,,,0.0035,True
1740,right_toe_tip,,,,,,0.0201,True
1741,left_shoulder,,,,,,0.0063,False
1741,left_toe_tip,,,,,,0.01,True
1741,right_shoulder,,,,,,0.0037,True
1741,right_toe_tip,,,,,,0.0128,True
1742,left_shoulder,,,,,,0.0102,False
1742,left_toe_tip,,,,,,0.0116,True
1742,right_shoulder,,,,,,0.006,False
1742,right_toe_tip,,,,,,0.007,True
1743,left_shoulder,,,,,,0.0101,True
1743,left_toe_tip,,,,,,0.0142,False
1743,right_shoulder,,,,,,0.007,False
1743,right_toe_tip,,,,,,0.0129,False
1744,left_shoulder,,,,,,0.0093,True
1744,left_toe_tip,,,,,,0.0158,True
1744,right_shoulder,,,,,,0.005,True
1744,right_toe_tip,,,,,,0.0171,True
1745,left_shoulder,,,,,,0.0105,True
1745,left_toe_tip,,,,,,0.0203,True
1745,right_shoulder,,,,,,0.0056,False
1745,right_toe_tip,,,,,,0.0234,True
1746,left_shoulder,,,,,,0.0139,True
1746,left_toe_tip,,,,,,0.007,True
1746,right_shoulder,,,,,,0.0038,False
1746,right_toe_tip,,,,,,0.0084,True
1747,left_shoulder,,,,,,0.0114,True
1747,left_toe_tip,,,,,,0.0099,True
1747,right_shoulder,,,,,,0.0079,True
1747,right_toe_tip,,,,,,0.0057,True
1748,left_shoulder,,,,,,0.0058,False
1748,left_toe_tip,,,,,,0.0138,True
1748,right_shoulder,,,,,,0.0049,False
1748,right_toe_tip,,,,,,0.0177,True
1749,left_shoulder,,,,,,0.0056,True
1749,left_toe_tip,,,,,,0.0134,True
1749,right_shoulder,,,,,,0.0058,False
1749,right_toe_tip,,,,,,0.0088,False
1750,left_shoulder,,,,,,0.0075,True
1750,left_toe_tip,,,,,,0.0125,True
1750,right_shoulder,,,,,,0.0048,True
1750,right_toe_tip,,,,,,0.0043,True
1751,left_shoulder,,,,,,0.0055,True
1751,left_toe_tip,,,,,,0.046,True
1751,right_shoulder,,,,,,0.0052,True
1751,right_toe_tip,,,,,,0.0438,True
1752,left_shoulder,,,,,,0.0117,False
1752,left_toe_tip,,,,,,0.0147,False
1752,right_shoulder,,,,,,0.0064,False
1752,right_toe_tip,,,,,,0.0075,False
1753,left_shoulder,,,,,,0.01,False
1753,left_toe_tip,,,,,,0.0117,True
1753,right_shoulder,,,,,,0.0103,False
1753,right_toe_tip,,,,,,0.0092,True
1754,left_shoulder,,,,,,0.0088,True
1754,left_toe_tip,,,,,,0.0197,False
1754,right_shoulder,,,,,,0.0085,False
1754,right_toe_tip,,,,,,0.0174,False
1755,left_shoulder,,,,,,0.0088,True
1755,left_toe_tip,,,,,,0.0154,True
1755,right_shoulder,,,,,,0.0056,False
1755,right_toe_tip,,,,,,0.0057,True
1756,left_shoulder,,,,,,0.0121,True
1756,left_toe_tip,,,,,,0.0188,True
1756,right_shoulder,,,,,,0.0035,False
1756,right_toe_tip,,,,,,0.0165,True
1757,left_shoulder,,,,,,0.0098,True
1757,left_toe_tip,,,,,,0.0166,True
1757,right_shoulder,,,,,,0.0035,False
1757,right_toe_tip,,,,,,0.0089,True
1758,left_shoulder,,,,,,0.0094,True
1758,left_toe_tip,,,,,,0.0132,True
1758,right_shoulder,,,,,,0.0061,False
1758,right_toe_tip,,,,,,0.0076,True
1759,left_shoulder,,,,,,0.0119,False
1759,left_toe_tip,,,,,,0.0148,True
1759,right_shoulder,,,,,,0.0078,False
1759,right_toe_tip,,,,,,0.0067,True
1760,left_shoulder,,,,,,0.0093,True
1760,left_toe_tip,,,,,,0.0155,True
1760,right_shoulder,,,,,,0.0072,False
1760,right_toe_tip,,,,,,0.01,True
1761,left_shoulder,,,,,,0.008,True
1761,left_toe_tip,,,,,,0.0166,True
1761,right_shoulder,,,,,,0.0035,False
1761,right_toe_tip,,,,,,0.0122,False
1762,left_shoulder,,,,,,0.0106,True
1762,left_toe_tip,,,,,,0.0188,True
1762,right_shoulder,,,,,,0.006,False
1762,right_toe_tip,,,,,,0.007,True
1763,left_shoulder,,,,,,0.0067,True
1763,left_toe_tip,,,,,,0.0123,True
1763,right_shoulder,,,,,,0.0049,True
1763,right_toe_tip,,,,,,0.0073,True
1764,left_shoulder,,,,,,0.0086,True
1764,left_toe_tip,,,,,,0.0256,True
1764,right_shoulder,,,,,,0.0057,False
1764,right_toe_tip,,,,,,0.0253,False
1765,left_shoulder,,,,,,0.0093,True
1765,left_toe_tip,,,,,,0.0138,True
1765,right_shoulder,,,,,,0.0071,False
1765,right_toe_tip,,,,,,0.0043,True
1766,left_shoulder,,,,,,0.0135,True
1766,left_toe_tip,,,,,,0.0215,True
1766,right_shoulder,,,,,,0.0089,True
1766,right_toe_tip,,,,,,0.0052,True
1767,left_shoulder,,,,,,0.0082,True
1767,left_toe_tip,,,,,,0.009,True
1767,right_shoulder,,,,,,0.0036,True
1767,right_toe_tip,,,,,,0.0099,True
1768,left_shoulder,,,,,,0.0063,True
1768,left_toe_tip,,,,,,0.0172,True
1768,right_shoulder,,,,,,0.0028,True
1768,right_toe_tip,,,,,,0.0087,True
1769,left_shoulder,,,,,,0.0102,True
1769,left_toe_tip,,,,,,0.0159,True
1769,right_shoulder,,,,,,0.0059,False
1769,right_toe_tip,,,,,,0.0111,True
1770,left_shoulder,,,,,,0.0091,False
1770,left_toe_tip,,,,,,0.0124,False
1770,right_shoulder,,,,,,0.0069,False
1770,right_toe_tip,,,,,,0.0062,True
1771,left_shoulder,,,,,,0.0077,True
1771,left_toe_tip,,,,,,0.0251,True
1771,right_shoulder,,,,,,0.0047,False
1771,right_toe_tip,,,,,,0.0208,True
1772,left_shoulder,,,,,,0.0075,True
1772,left_toe_tip,,,,,,0.0142,True
1772,right_shoulder,,,,,,0.0034,True
1772,right_toe_tip,,,,,,0.014,True
1773,left_shoulder,,,,,,0.009,False
1773,left_toe_tip,,,,,,0.0094,True
1773,right_shoulder,,,,,,0.0078,False
1773,right_toe_tip,,,,,,0.0125,True
1774,left_shoulder,,,,,,0.0087,True
1774,left_toe_tip,,,,,,0.0122,True
1774,right_shoulder,,,,,,0.0055,False
1774,right_toe_tip,,,,,,0.0143,True
1775,left_shoulder,,,,,,0.0073,True
1775,left_toe_tip,,,,,,0.02,True
1775,right_shoulder,,,,,,0.0073,False
1775,right_toe_tip,,,,,,0.0249,True
1776,left_shoulder,,,,,,0.0157,True
1776,left_toe_tip,,,,,,0.0227,True
1776,right_shoulder,,,,,,0.0051,False
1776,right_toe_tip,,,,,,0.013,True
1777,left_shoulder,,,,,,0.0053,True
1777,left_toe_tip,,,,,,0.0542,True
1777,right_shoulder,,,,,,0.0037,True
1777,right_toe_tip,,,,,,0.032,True
1778,left_shoulder,,,,,,0.0121,True
1778,left_toe_tip,,,,,,0.0196,True
1778,right_shoulder,,,,,,0.0093,False
1778,right_toe_tip,,,,,,0.0089,True
1779,left_shoulder,,,,,,0.012,True
1779,left_toe_tip,,,,,,0.0176,True
1779,right_shoulder,,,,,,0.0064,False
1779,right_toe_tip,,,,,,0.0119,True
1780,left_shoulder,,,,,,0.0089,True
1780,left_toe_tip,,,,,,0.0177,False
1780,right_shoulder,,,,,,0.0096,False
1780,right_toe_tip,,,,,,0.0144,True
1781,left_shoulder,,,,,,0.0127,True
1781,left_toe_tip,,,,,,0.0205,True
1781,right_shoulder,,,,,,0.0061,False
1781,right_toe_tip,,,,,,0.0123,True
1782,left_shoulder,,,,,,0.0111,True
1782,left_toe_tip,,,,,,0.0162,True
1782,right_shoulder,,,,,,0.0057,False
1782,right_toe_tip,,,,,,0.0095,True
1783,left_shoulder,,,,,,0.02,True
1783,left_toe_tip,,,,,,0.0157,True
1783,right_shoulder,,,,,,0.006,False
1783,right_toe_tip,,,,,,0.0136,False
1784,left_shoulder,,,,,,0.011,True
1784,left_toe_tip,,,,,,0.0451,True
1784,right_shoulder,,,,,,0.0063,False
1784,right_toe_tip,,,,,,0.0319,True
