frame,body_part,color_x,color_y,x_m,y_m,h_m,confidence,valid
0,left_shoulder,,,,,,0.0064,True
0,left_toe_tip,,,,,,0.0157,True
0,right_shoulder,,,,,,0.0048,True
0,right_toe_tip,,,,,,0.0172,False
1,left_shoulder,,,,,,0.007,True
1,left_toe_tip,,,,,,0.0146,True
1,right_shoulder,,,,,,0.0039,True
1,right_toe_tip,,,,,,0.0127,True
2,left_shoulder,,,,,,0.0054,True
2,left_toe_tip,,,,,,0.0201,True
2,right_shoulder,,,,,,0.0045,True
2,right_toe_tip,,,,,,0.0122,True
3,left_shoulder,,,,,,0.0067,False
3,left_toe_tip,,,,,,0.0139,True
3,right_shoulder,,,,,,0.006,False
3,right_toe_tip,,,,,,0.0135,True
4,left_shoulder,,,,,,0.0048,False
4,left_toe_tip,,,,,,0.0172,True
4,right_shoulder,,,,,,0.0045,True
4,right_toe_tip,,,,,,0.0091,False
5,left_shoulder,,,,,,0.0046,True
5,left_toe_tip,,,,,,0.0229,True
5,right_shoulder,,,,,,0.0051,True
5,right_toe_tip,,,,,,0.0113,True
6,left_shoulder,,,,,,0.0067,False
6,left_toe_tip,,,,,,0.0472,True
6,right_shoulder,,,,,,0.0044,True
6,right_toe_tip,,,,,,0.0147,True
7,left_shoulder,,,,,,0.0063,True
7,left_toe_tip,,,,,,0.0804,True
7,right_shoulder,,,,,,0.007,True
7,right_toe_tip,,,,,,0.0179,True
8,left_shoulder,,,,,,0.0073,True
8,left_toe_tip,,,,,,0.0851,True
8,right_shoulder,,,,,,0.0048,True
8,right_toe_tip,,,,,,0.0176,True
9,left_shoulder,,,,,,0.0111,True
9,left_toe_tip,,,,,,0.0166,True
9,right_shoulder,,,,,,0.0082,True
9,right_toe_tip,,,,,,0.0105,True
10,left_shoulder,,,,,,0.0066,False
10,left_toe_tip,,,,,,0.0386,True
10,right_shoulder,,,,,,0.005,False
10,right_toe_tip,,,,,,0.0216,True
11,left_shoulder,,,,,,0.0291,True
11,left_toe_tip,,,,,,0.0513,True
11,right_shoulder,,,,,,0.0052,False
11,right_toe_tip,,,,,,0.038,True
12,left_shoulder,,,,,,0.0064,True
12,left_toe_tip,,,,,,0.0128,True
12,right_shoulder,,,,,,0.0084,False
12,right_toe_tip,,,,,,0.0222,True
13,left_shoulder,,,,,,0.007,True
13,left_toe_tip,,,,,,0.0166,True
13,right_shoulder,,,,,,0.0043,True
13,right_toe_tip,,,,,,0.0204,True
14,left_shoulder,,,,,,0.0053,False
14,left_toe_tip,,,,,,0.0131,True
14,right_shoulder,,,,,,0.0046,True
14,right_toe_tip,,,,,,0.0169,True
15,left_shoulder,,,,,,0.0077,True
15,left_toe_tip,,,,,,0.0182,True
15,right_shoulder,,,,,,0.0058,True
15,right_toe_tip,,,,,,0.016,True
16,left_shoulder,,,,,,0.0058,True
16,left_toe_tip,,,,,,0.0096,True
16,right_shoulder,,,,,,0.0039,True
16,right_toe_tip,,,,,,0.0168,True
17,left_shoulder,,,,,,0.005,True
17,left_toe_tip,,,,,,0.0223,True
17,right_shoulder,,,,,,0.0048,True
17,right_toe_tip,,,,,,0.0232,True
18,left_shoulder,,,,,,0.0065,False
18,left_toe_tip,,,,,,0.0131,True
18,right_shoulder,,,,,,0.0051,False
18,right_toe_tip,,,,,,0.0173,True
19,left_shoulder,,,,,,0.0041,False
19,left_toe_tip,,,,,,0.0147,True
19,right_shoulder,,,,,,0.0058,False
19,right_toe_tip,,,,,,0.0152,True
20,left_shoulder,,,,,,0.0055,True
20,left_toe_tip,,,,,,0.0118,True
20,right_shoulder,,,,,,0.006,True
20,right_toe_tip,,,,,,0.015,True
21,left_shoulder,,,,,,0.0056,True
21,left_toe_tip,,,,,,0.0103,False
21,right_shoulder,,,,,,0.0037,True
21,right_toe_tip,,,,,,0.0138,True
22,left_shoulder,,,,,,0.0073,True
22,left_toe_tip,,,,,,0.0391,True
22,right_shoulder,,,,,,0.0163,True
22,right_toe_tip,,,,,,0.0211,True
23,left_shoulder,,,,,,0.009,True
23,left_toe_tip,,,,,,0.0165,True
23,right_shoulder,,,,,,0.0075,True
23,right_toe_tip,,,,,,0.0131,True
24,left_shoulder,,,,,,0.009,True
24,left_toe_tip,,,,,,0.0223,True
24,right_shoulder,,,,,,0.0057,True
24,right_toe_tip,,,,,,0.035,True
25,left_shoulder,,,,,,0.0117,True
25,left_toe_tip,,,,,,0.017,True
25,right_shoulder,,,,,,0.0326,True
25,right_toe_tip,,,,,,0.0133,True
26,left_shoulder,,,,,,0.0071,True
26,left_toe_tip,,,,,,0.0131,True
26,right_shoulder,,,,,,0.0052,True
26,right_toe_tip,,,,,,0.0073,True
27,left_shoulder,,,,,,0.0406,True
27,left_toe_tip,,,,,,0.0101,True
27,right_shoulder,,,,,,0.0127,True
27,right_toe_tip,,,,,,0.0113,False
28,left_shoulder,,,,,,0.0107,True
28,left_toe_tip,,,,,,0.0176,False
28,right_shoulder,,,,,,0.0057,True
28,right_toe_tip,,,,,,0.0137,False
29,left_shoulder,,,,,,0.0055,True
29,left_toe_tip,,,,,,0.0168,True
29,right_shoulder,,,,,,0.0048,True
29,right_toe_tip,,,,,,0.0133,True
30,left_shoulder,,,,,,0.0122,True
30,left_toe_tip,,,,,,0.014,True
30,right_shoulder,,,,,,0.0087,True
30,right_toe_tip,,,,,,0.0479,True
31,left_shoulder,,,,,,0.0091,True
31,left_toe_tip,,,,,,0.0161,True
31,right_shoulder,,,,,,0.0181,True
31,right_toe_tip,,,,,,0.0472,True
32,left_shoulder,,,,,,0.01,True
32,left_toe_tip,,,,,,0.0282,True
32,right_shoulder,,,,,,0.0058,True
32,right_toe_tip,,,,,,0.0219,True
33,left_shoulder,,,,,,0.0485,True
33,left_toe_tip,,,,,,0.0454,True
33,right_shoulder,,,,,,0.0069,True
33,right_toe_tip,,,,,,0.0348,True
34,left_shoulder,,,,,,0.0071,True
34,left_toe_tip,,,,,,0.0241,True
34,right_shoulder,,,,,,0.0046,True
34,right_toe_tip,,,,,,0.0254,True
35,left_shoulder,,,,,,0.0047,True
35,left_toe_tip,,,,,,0.0214,True
35,right_shoulder,,,,,,0.0055,True
35,right_toe_tip,,,,,,0.0158,True
36,left_shoulder,,,,,,0.0081,True
36,left_toe_tip,,,,,,0.0195,True
36,right_shoulder,,,,,,0.0061,True
36,right_toe_tip,,,,,,0.0122,True
37,left_shoulder,,,,,,0.0098,True
37,left_toe_tip,,,,,,0.0213,True
37,right_shoulder,,,,,,0.008,True
37,right_toe_tip,,,,,,0.0144,True
38,left_shoulder,,,,,,0.0052,True
38,left_toe_tip,,,,,,0.0212,True
38,right_shoulder,,,,,,0.0048,True
38,right_toe_tip,,,,,,0.0101,False
39,left_shoulder,,,,,,0.0103,True
39,left_toe_tip,,,,,,0.02,True
39,right_shoulder,,,,,,0.0053,True
39,right_toe_tip,,,,,,0.0115,True
40,left_shoulder,,,,,,0.0314,True
40,left_toe_tip,,,,,,0.0201,True
40,right_shoulder,,,,,,0.006,True
40,right_toe_tip,,,,,,0.0156,True
41,left_shoulder,,,,,,0.008,True
41,left_toe_tip,,,,,,0.0255,True
41,right_shoulder,,,,,,0.0048,True
41,right_toe_tip,,,,,,0.017,True
42,left_shoulder,,,,,,0.0078,True
42,left_toe_tip,,,,,,0.029,False
42,right_shoulder,,,,,,0.0058,True
42,right_toe_tip,,,,,,0.017,True
43,left_shoulder,,,,,,0.0294,True
43,left_toe_tip,,,,,,0.0336,True
43,right_shoulder,,,,,,0.0051,False
43,right_toe_tip,,,,,,0.0198,True
44,left_shoulder,,,,,,0.0157,True
44,left_toe_tip,,,,,,0.0282,True
44,right_shoulder,,,,,,0.0043,True
44,right_toe_tip,,,,,,0.0178,True
45,left_shoulder,,,,,,0.0063,True
45,left_toe_tip,,,,,,0.0953,True
45,right_shoulder,,,,,,0.0052,True
45,right_toe_tip,,,,,,0.0264,True
46,left_shoulder,,,,,,0.012,True
46,left_toe_tip,,,,,,0.0157,True
46,right_shoulder,,,,,,0.0058,True
46,right_toe_tip,,,,,,0.0112,True
47,left_shoulder,,,,,,0.0069,False
47,left_toe_tip,,,,,,0.0163,True
47,right_shoulder,,,,,,0.0048,True
47,right_toe_tip,,,,,,0.0143,True
48,left_shoulder,,,,,,0.0148,True
48,left_toe_tip,,,,,,0.0154,True
48,right_shoulder,,,,,,0.0087,False
48,right_toe_tip,,,,,,0.017,True
49,left_shoulder,,,,,,0.01,True
49,left_toe_tip,,,,,,0.0214,True
49,right_shoulder,,,,,,0.0087,True
49,right_toe_tip,,,,,,0.0156,True
50,left_shoulder,,,,,,0.0111,True
50,left_toe_tip,,,,,,0.0183,True
50,right_shoulder,,,,,,0.0089,True
50,right_toe_tip,,,,,,0.0087,True
51,left_shoulder,,,,,,0.0623,True
51,left_toe_tip,,,,,,0.0156,False
51,right_shoulder,,,,,,0.0077,True
51,right_toe_tip,,,,,,0.0315,True
52,left_shoulder,,,,,,0.0082,True
52,left_toe_tip,,,,,,0.0256,True
52,right_shoulder,,,,,,0.0074,False
52,right_toe_tip,,,,,,0.0667,True
53,left_shoulder,,,,,,0.0271,True
53,left_toe_tip,,,,,,0.0173,False
53,right_shoulder,,,,,,0.0072,False
53,right_toe_tip,,,,,,0.0769,True
54,left_shoulder,,,,,,0.0066,False
54,left_toe_tip,,,,,,0.0257,True
54,right_shoulder,,,,,,0.0097,True
54,right_toe_tip,,,,,,0.1194,True
55,left_shoulder,,,,,,0.0054,True
55,left_toe_tip,,,,,,0.0652,True
55,right_shoulder,,,,,,0.0041,False
55,right_toe_tip,,,,,,0.0434,False
56,left_shoulder,,,,,,0.0075,True
56,left_toe_tip,932.17,707.89,1.04450775,1.24370675,-0.096,0.017,False
56,right_shoulder,,,,,,0.0051,True
56,right_toe_tip,989.13,700.86,1.3099964782608695,1.278966,0.056,0.2858,True
57,left_shoulder,,,,,,0.0056,True
57,left_toe_tip,932.125,707.9275,1.0245014266304349,1.220204433423913,-0.0335,0.0231,True
57,right_shoulder,,,,,,0.0056,True
57,right_toe_tip,982.3,691.37,1.261673152173913,1.221386597826087,0.0655,0.2476,True
58,left_shoulder,,,,,,0.006,False
58,left_toe_tip,932.08,707.965,1.0045012173913042,1.1966970217391304,0.029,0.3286,True
58,right_shoulder,,,,,,0.0053,True
58,right_toe_tip,975.2033333333334,681.4666666666667,1.2292003393719806,1.178827584541063,0.0253333333333334,0.5643,True
59,left_shoulder,,,,,,0.0094,True
59,left_toe_tip,932.235,708.04125,1.0142460380434783,1.207930120923913,0.0,0.2757,True
59,right_shoulder,,,,,,0.0058,False
59,right_toe_tip,969.4775,671.5775,1.2013394279891303,1.1360725258152171,0.014,0.6626,True
60,left_shoulder,,,,,,0.0101,True
60,left_toe_tip,934.384,690.7549999999999,1.029384052173913,1.156563951086956,0.015,0.3338,True
60,right_shoulder,,,,,,0.0068,True
60,right_toe_tip,964.05,661.6800000000001,1.1786262065217388,1.097262626086957,-0.0031999999999998,0.5179,True
61,left_shoulder,,,,,,0.0076,True
61,left_toe_tip,935.266,670.1229999999999,1.0318904817391303,1.0838124669565214,0.0368000000000001,0.5549,True
61,right_shoulder,,,,,,0.0051,True
61,right_toe_tip,953.544,642.6679999999999,1.12869023826087,1.0175433504347822,-0.0068000000000001,0.7363,True
62,left_shoulder,,,,,,0.0078,False
62,left_toe_tip,935.28,646.482,1.0393856,1.00841664,0.0055999999999999,0.3227,True
62,right_shoulder,,,,,,0.0053,True
62,right_toe_tip,945.054,624.3820000000001,1.0948122795652178,0.9488440082608698,0.0071999999999998,0.5001,True
63,left_shoulder,,,,,,0.0052,False
63,left_toe_tip,934.908,620.528,1.0509623573913045,0.9284425008695651,0.0184,0.4406,True
63,right_shoulder,,,,,,0.0049,True
63,right_toe_tip,938.819,608.059,1.0673035152173915,0.8860020369565217,0.011,0.4064,True
64,left_shoulder,,,,,,0.006,True
64,left_toe_tip,933.808,592.626,1.0439764695652174,0.8265808630434782,0.036,0.4881,True
64,right_shoulder,,,,,,0.0066,True
64,right_toe_tip,933.689,593.605,1.045341303695652,0.8314814489130435,0.0304,0.3807,True
65,left_shoulder,,,,,,0.0077,True
65,left_toe_tip,929.936,580.7460000000001,1.0217092521739133,0.7778897086956524,0.059,0.4955,True
65,right_shoulder,,,,,,0.0087,False
65,right_toe_tip,929.993,581.779,1.02367529,0.7828798699999999,0.0534,0.1383,True
66,left_shoulder,,,,,,0.0094,True
66,left_toe_tip,927.352,572.2539999999999,1.0096050052173915,0.7457498147826084,0.0685999999999999,0.4203,True
66,right_shoulder,,,,,,0.0063,False
66,right_toe_tip,927.465,573.225,1.011751815217391,0.750459293478261,0.063,0.6842,True
67,left_shoulder,,,,,,0.0533,True
67,left_toe_tip,925.072,565.7520000000001,0.9996111652173908,0.7214738608695654,0.071,0.3703,True
67,right_shoulder,,,,,,0.0073,True
67,right_toe_tip,925.257,566.553,1.0010040204347823,0.7248214186956522,0.0725999999999999,0.6381,True
68,left_shoulder,,,,,,0.0363,True
68,left_toe_tip,922.298,560.4100000000001,0.9865087717391304,0.7003458152173916,0.078,0.3953,True
68,right_shoulder,,,,,,0.008,True
68,right_toe_tip,920.023,554.418,0.9451689368478258,0.6562241471739131,0.1791999999999998,0.6174,True
69,left_shoulder,,,,,,0.0092,True
69,left_toe_tip,919.186,556.376,0.9732666730434784,0.684583812173913,0.0773000000000001,0.4565,True
69,right_shoulder,,,,,,0.0055,True
69,right_toe_tip,911.763,536.8199999999999,0.8473983892391309,0.5513516673913041,-0.9006999999999998,0.5158,True
70,left_shoulder,,,,,,0.0086,True
70,left_toe_tip,916.608,553.496,0.962896500869565,0.6735764017391304,0.0654000000000001,0.5245,True
70,right_shoulder,,,,,,0.0077,True
70,right_toe_tip,903.997,520.466,0.7586757264130434,0.4611478884782609,-0.6399000000000001,0.4872,True
71,left_shoulder,,,,,,0.0065,True
71,left_toe_tip,913.912,550.552,0.9480332504347826,0.6595170417391304,0.0518000000000001,0.6332,True
71,right_shoulder,,,,,,0.0092,False
71,right_toe_tip,895.908,504.487,0.6692828682608696,0.3778806203260869,-0.2650999999999999,0.4901,True
72,left_shoulder,,,,,,0.0067,True
72,left_toe_tip,911.702,548.562,0.936663112173913,0.6500469991304348,0.0444,0.6989,True
72,right_shoulder,,,,,,0.0034,True
72,right_toe_tip,887.9119999999999,490.0849999999999,0.583698025217391,0.3062794766304346,0.2184000000000001,0.4861,True
73,left_shoulder,,,,,,0.0053,True
73,left_toe_tip,910.398,547.714,0.9317562386956518,0.6468379595652176,0.0388000000000001,0.6692,True
73,right_shoulder,,,,,,0.0053,True
73,right_toe_tip,883.5690000000001,483.207,0.5417292258695654,0.2740284384782608,0.4443,0.2758,True
74,left_shoulder,,,,,,0.0061,True
74,left_toe_tip,910.046,547.4100000000001,0.9296627078260872,0.6451792956521741,0.0418000000000001,0.5992,True
74,right_shoulder,,,,,,0.0041,False
74,right_toe_tip,884.7683333333334,487.96833333333336,0.5631800086956523,0.2944384434782609,0.3076999999999998,0.3446,True
75,left_shoulder,,,,,,0.0057,True
75,left_toe_tip,909.898,547.2819999999999,0.9313827939130432,0.6462857539130432,0.0341999999999998,0.6105,True
75,right_shoulder,,,,,,0.0041,False
75,right_toe_tip,887.9110000000001,496.917,0.6092682293478263,0.3364884097826088,0.0325,0.3638,True
76,left_shoulder,,,,,,0.02,True
76,left_toe_tip,909.954,547.1479999999999,0.9324563273913042,0.6464336026086954,0.0311999999999998,0.6798,True
76,right_shoulder,,,,,,0.0101,True
76,right_toe_tip,893.2360000000001,509.572,0.6827462765217394,0.4032591182608696,-0.3674000000000001,0.1091,False
77,left_shoulder,,,,,,0.0084,True
77,left_toe_tip,906.794,550.432,0.91829334826087,0.6554586643478262,0.0459,0.6587,True
77,right_shoulder,,,,,,0.006,True
77,right_toe_tip,898.8879999999999,521.8700000000001,0.7615809599999998,0.4761793130434785,-0.6934000000000001,0.2802,True
78,left_shoulder,,,,,,0.0162,True
78,left_toe_tip,900.3140000000001,557.08,0.8917452200000001,0.6751275304347827,-0.5430999999999999,0.5472,True
78,right_shoulder,,,,,,0.0049,False
78,right_toe_tip,904.564,534.192,0.8452244660869564,0.556505572173913,-1.0221999999999998,0.3502,True
79,left_shoulder,,,,,,0.008,False
79,left_toe_tip,893.8060000000002,563.624,0.8656991608695657,0.6945349043478262,0.017,0.1864,True
79,right_shoulder,,,,,,0.0143,True
79,right_toe_tip,908.3386666666668,542.4206666666666,0.900742902608696,0.6123385899999998,-0.0141999999999998,0.8054,True
80,left_shoulder,,,,,,0.0064,True
80,left_toe_tip,887.15504,568.8695999999999,0.836555335172174,0.7069691082782604,0.0180399999999999,0.3549,True
80,right_shoulder,,,,,,0.0053,True
80,right_toe_tip,910.296,546.384,0.9296419599999998,0.6410394052173912,0.0368000000000001,0.8656,True
81,left_shoulder,,,,,,0.0064,False
81,left_toe_tip,880.28912,572.8948,0.8070789173147828,0.7150673517217393,0.00942,0.4444,True
81,right_shoulder,,,,,,0.0043,False
81,right_toe_tip,910.396,546.29,0.92739949826087,0.638934202173913,0.0455999999999999,0.8571,True
82,left_shoulder,,,,,,0.0072,True
82,left_toe_tip,876.6142400000001,572.2735999999999,0.78801800738087,0.7069541515826083,0.0170399999999999,0.4599,True
82,right_shoulder,,,,,,0.0086,True
82,right_toe_tip,910.3924827586206,545.4188965517242,0.9218660771436694,0.6321602917675646,0.0643862068965518,0.9011,True
83,left_shoulder,,,,,,0.0083,True
83,left_toe_tip,876.1304,567.006,0.7791276546086957,0.6830297973913043,-1.2036,0.0304,True
83,right_shoulder,,,,,,0.0086,True
83,right_toe_tip,910.295448275862,543.7986896551726,0.9116129364669392,0.6198893257881409,0.0861586206896549,0.7516,True
84,left_shoulder,,,,,,0.0065,True
84,left_toe_tip,875.5256000000002,560.6139999999999,0.7676086511304353,0.653827193043478,-1.1664,0.0676,True
84,right_shoulder,,,,,,0.0057,True
84,right_toe_tip,910.1408965517242,541.4313793103448,0.9027059789861966,0.6062732187897432,-0.0002827586206899,0.4721,True
85,left_shoulder,,,,,,0.0056,True
85,left_toe_tip,875.2232000000001,557.418,0.7618674906086961,0.6394197352173913,-1.1478000000000002,0.0276,True
85,right_shoulder,,,,,,0.0094,True
85,right_toe_tip,909.8448275862067,538.4889655172415,0.8917016259111822,0.5898163851522519,-1.010137931034483,0.024,True
86,left_shoulder,,,,,,0.0057,False
86,left_toe_tip,874.9208000000002,554.222,0.7561385575652181,0.6251415069565217,-1.1222000000000003,0.0228,True
86,right_shoulder,,,,,,0.0058,False
86,right_toe_tip,909.4472413793104,534.7634482758622,0.8822074334126043,0.5721996349583833,-1.0782068965517242,0.0331,True
87,left_shoulder,,,,,,0.007,True
87,left_toe_tip,874.6184000000002,551.0260000000001,0.7504218520000006,0.6109925082608698,-1.0971,0.0457,True
87,right_shoulder,,,,,,0.0056,True
87,right_toe_tip,909.2484482758622,532.9006896551725,0.8774693901475991,0.5634760893863417,-1.0702413793103451,0.0136,True
88,left_shoulder,,,,,,0.0095,True
88,left_toe_tip,874.316,547.8299999999999,0.7447173739130435,0.5969727391304346,-1.069,0.0132,True
88,right_shoulder,,,,,,0.0062,False
88,right_toe_tip,909.049655172414,531.0379310344828,0.8727373822054496,0.554809096830895,-1.0532758620689655,0.016,True
89,left_shoulder,1032.12,711.69,0.8132227826086954,0.7293744782608697,1.7,0.0095,True
89,left_toe_tip,,,,,,0.0202,True
89,right_shoulder,,,,,,0.0064,False
89,right_toe_tip,908.8508620689656,529.1751724137932,0.8680114095861561,0.5461986572920441,-1.0393103448275864,0.0421,True
90,left_shoulder,1029.5,706.325,0.8090592391304349,0.7193772554347828,1.6775,0.1932,True
90,left_toe_tip,,,,,,0.0196,True
90,right_shoulder,,,,,,0.0113,True
90,right_toe_tip,908.6520689655172,527.3124137931035,0.8632914722897173,0.5376447707697876,-1.0238448275862069,0.0145,False
91,left_shoulder,1025.68,700.3800000000001,0.8007052173913044,0.7066584782608697,1.664,0.7882,True
91,left_toe_tip,,,,,,0.0707,True
91,right_shoulder,,,,,,0.0229,True
91,right_toe_tip,,,,,,0.0914,True
92,left_shoulder,1023.7625,697.365,0.7968286039402175,0.7004907513586957,1.65375,0.9275,True
92,left_toe_tip,,,,,,0.049,True
92,right_shoulder,,,,,,0.0141,True
92,right_toe_tip,,,,,,0.164,True
93,left_shoulder,1021.29,693.258,0.7913425282608695,0.6916552447826089,1.6501,0.9056,True
93,left_toe_tip,,,,,,0.087,True
93,right_shoulder,,,,,,0.0137,True
93,right_toe_tip,,,,,,0.2532,True
94,left_shoulder,1016.402,684.238,0.7788248339130436,0.6708907139130436,1.6604,0.9023,True
94,left_toe_tip,,,,,,0.081,True
94,right_shoulder,,,,,,0.013,True
94,right_toe_tip,,,,,,0.2389,True
95,left_shoulder,1012.57,677.3900000000001,0.7688710891304348,0.6549963630434784,1.6514000000000002,0.9811,True
95,left_toe_tip,,,,,,0.0164,True
95,right_shoulder,,,,,,0.0141,True
95,right_toe_tip,,,,,,0.0171,True
96,left_shoulder,1008.826,670.736,0.7579374299999999,0.6385624799999999,1.6164,0.9334,True
96,left_toe_tip,,,,,,0.0315,False
96,right_shoulder,,,,,,0.0119,True
96,right_toe_tip,,,,,,0.0438,True
97,left_shoulder,1004.51,662.03,0.7446305369565216,0.6169947630434782,1.5636,0.9313,True
97,left_toe_tip,,,,,,0.0278,True
97,right_shoulder,,,,,,0.0119,True
97,right_toe_tip,,,,,,0.0458,True
98,left_shoulder,1001.014,654.1,0.7347419713043476,0.5985574347826088,1.5751,0.8968,True
98,left_toe_tip,,,,,,0.0877,True
98,right_shoulder,,,,,,0.0102,True
98,right_toe_tip,,,,,,0.009,True
99,left_shoulder,997.592,646.7860000000001,0.7249011739130435,0.5813650978260871,1.5555,0.9748,True
99,left_toe_tip,,,,,,0.0133,True
99,right_shoulder,,,,,,0.0157,True
99,right_toe_tip,,,,,,0.0123,True
100,left_shoulder,994.16,639.444,0.7139403652173913,0.5633226547826086,1.5444,0.9655,True
100,left_toe_tip,,,,,,0.0129,True
100,right_shoulder,,,,,,0.0208,False
100,right_toe_tip,,,,,,0.0184,True
101,left_shoulder,991.936,633.0020000000001,0.7072383443478262,0.548615323478261,1.5327,0.9196,True
101,left_toe_tip,,,,,,0.0291,True
101,right_shoulder,,,,,,0.0229,True
101,right_toe_tip,,,,,,0.0358,True
102,left_shoulder,989.276,626.984,0.7016651121739131,0.5363476400000001,1.5248,0.9235,True
102,left_toe_tip,,,,,,0.0179,True
102,right_shoulder,,,,,,0.0219,True
102,right_toe_tip,,,,,,0.0228,True
103,left_shoulder,986.684,621.2239999999999,0.6940462947826085,0.5229590904347824,1.5572,0.9644,True
103,left_toe_tip,,,,,,0.0194,True
103,right_shoulder,,,,,,0.0241,True
103,right_toe_tip,,,,,,0.015,True
104,left_shoulder,983.98,615.542,0.6880347782608699,0.5111395526086957,1.5803,0.88,True
104,left_toe_tip,862.22,419.99,0.5265647826086958,0.1421502173913043,0.511,0.0256,True
104,right_shoulder,,,,,,0.0167,True
104,right_toe_tip,,,,,,0.0146,True
105,left_shoulder,981.296,609.888,0.6819242469565217,0.4992870886956522,1.5693,0.9117,True
105,left_toe_tip,862.12,420.0,0.5293457608695652,0.1429891304347826,0.4985,0.2021,True
105,right_shoulder,,,,,,0.0168,True
105,right_toe_tip,,,,,,0.022,True
106,left_shoulder,978.814,604.4580000000001,0.6758602747826086,0.4876405669565219,1.5723,0.9025,True
106,left_toe_tip,861.43,420.2383333333334,0.5299076630434781,0.1441573158212562,0.4893333333333335,0.5483,True
106,right_shoulder,,,,,,0.0232,True
106,right_toe_tip,,,,,,0.019,True
107,left_shoulder,976.994,600.022,0.6699587239130432,0.4771741717391305,1.587,0.9045,True
107,left_toe_tip,860.5925,420.53375,0.5299015489130434,0.1454125951086956,0.492,0.5607,True
107,right_shoulder,,,,,,0.0216,True
107,right_toe_tip,,,,,,0.0181,True
108,left_shoulder,975.1,595.6719999999999,0.6660476739130435,0.468423716521739,1.5704,0.9325,True
108,left_toe_tip,860.0020000000001,420.809,0.5287700243478263,0.1461531095652174,0.4858000000000002,0.1711,True
108,right_shoulder,,,,,,0.0179,False
108,right_toe_tip,,,,,,0.0611,True
109,left_shoulder,973.954,592.6600000000001,0.6636246769565218,0.4623358826086958,1.5488,0.9061,True
109,left_toe_tip,859.1139999999999,421.155,0.5292555769565216,0.1477159141304348,0.5138000000000001,0.3763,True
109,right_shoulder,,,,,,0.0167,True
109,right_toe_tip,,,,,,0.0373,True
110,left_shoulder,972.568,588.872,0.6608704539130434,0.4548084678260868,1.5318,0.9726,True
110,left_toe_tip,858.4,421.375,0.5311867826086956,0.1492746739130434,0.4984,0.6197,True
110,right_shoulder,,,,,,0.0162,True
110,right_toe_tip,899.11,437.9,0.6438320217391305,0.1935645652173912,0.1765,0.1965,True
111,left_shoulder,971.484,585.752,0.6589325426086957,0.4487557147826086,1.5182,0.9696,True
111,left_toe_tip,858.184,421.5633333333333,0.533665415652174,0.1505803444444444,0.4857333333333331,0.6221,True
111,right_shoulder,,,,,,0.0163,True
111,right_toe_tip,899.575,437.945,0.644987445652174,0.1936763804347826,0.1765,0.1858,True
112,left_shoulder,970.554,582.6279999999999,0.6578743195652175,0.4430781173913042,1.508,0.9093,True
112,left_toe_tip,858.466,421.7200000000001,0.5367139708695652,0.151629939130435,0.4758000000000001,0.6366,True
112,right_shoulder,,,,,,0.0177,True
112,right_toe_tip,899.4466666666667,438.1066666666666,0.6504027125603865,0.1958043574879226,0.1561666666666665,0.6864,True
113,left_shoulder,969.786,580.2180000000001,0.6563458326086957,0.4382816934782609,1.499,0.9763,True
113,left_toe_tip,858.9399999999999,421.888,0.5412101608695651,0.1529844452173913,0.4618000000000001,0.2586,True
113,right_shoulder,,,,,,0.0163,True
113,right_toe_tip,899.16,438.1675,0.6555057826086955,0.1977127961956522,0.1355,0.9627,True
114,left_shoulder,968.946,577.066,0.6566763300000004,0.4333297995652174,1.4934,0.8962,True
114,left_toe_tip,859.5799999999999,421.898,0.5452266869565215,0.1536954252173912,0.4515999999999999,0.1862,True
114,right_shoulder,,,,,,0.0151,True
114,right_toe_tip,898.79,438.19,0.6603083108695651,0.1995034847826085,0.1265999999999999,0.8454,True
115,left_shoulder,968.484,574.2379999999999,0.6568251808695652,0.4283828530434781,1.4904000000000002,0.9056,True
115,left_toe_tip,859.6300000000001,421.826,0.5476426304347829,0.1541617869565218,0.403,0.3801,True
115,right_shoulder,,,,,,0.0112,True
115,right_toe_tip,898.382,438.376,0.6672995999999999,0.2024145391304348,0.098,0.5872,True
116,left_shoulder,968.188,571.596,0.6570894521739132,0.4236519913043478,1.488,0.9001,True
116,left_toe_tip,859.5465,421.57866666666666,0.5489935233333334,0.1539823644444444,0.4354666666666667,0.4461,True
116,right_shoulder,,,,,,0.0148,True
116,right_toe_tip,897.676,438.496,0.6739907895652175,0.2053182330434782,0.0675999999999999,0.5995,True
117,left_shoulder,968.452,569.336,0.6576180260869565,0.4191270782608696,1.4885,0.8631,True
117,left_toe_tip,859.3295,421.15600000000006,0.5492773565217393,0.153155895652174,0.432,0.3605,True
117,right_shoulder,,,,,,0.0181,True
117,right_toe_tip,897.258,438.516,0.680559261304348,0.2077089573913042,0.0476999999999998,0.6613,True
118,left_shoulder,968.98,567.554,0.6583175869565215,0.415333602173913,1.4895,0.8799,True
118,left_toe_tip,858.979,420.558,0.5484947908695653,0.1516846252173913,0.4315999999999999,0.1207,True
118,right_shoulder,,,,,,0.0181,True
118,right_toe_tip,896.924,438.512,0.6852051373913042,0.2093880904347826,0.0279,0.7498,True
119,left_shoulder,969.856,566.174,0.6584212591304348,0.411541232173913,1.5026,0.9488,True
119,left_toe_tip,858.405,420.09,0.5464872934782607,0.1503556304347825,0.434,0.1267,True
119,right_shoulder,,,,,,0.0173,True
119,right_toe_tip,896.488,438.646,0.6881126973913044,0.2109935404347826,0.0133000000000001,0.6067,True
120,left_shoulder,970.516,564.61,0.6598823791304347,0.4085083130434783,1.5022,0.9456,True
120,left_toe_tip,858.5550000000001,420.012,0.5442019500000003,0.14942988,0.4451999999999998,0.2003,True
120,right_shoulder,,,,,,0.0171,True
120,right_toe_tip,895.824,438.818,0.690947255652174,0.2128771373913044,0.0011999999999998,0.4129,True
121,left_shoulder,971.222,562.874,0.6622279856521742,0.4056156908695653,1.5035999999999998,0.9526,True
121,left_toe_tip,858.7465,420.1793333333333,0.5423645104347825,0.1492098600966183,0.4549333333333334,0.374,True
121,right_shoulder,,,,,,0.0166,True
121,right_toe_tip,895.342,438.968,0.6926984386956522,0.2142264504347826,-0.0098000000000001,0.505,True
122,left_shoulder,971.488,560.592,0.6662908799999999,0.40318992,1.4978,0.9253,True
122,left_toe_tip,858.9795,420.592,0.540974573478261,0.149688584347826,0.4631999999999998,0.4674,True
122,right_shoulder,,,,,,0.0157,True
122,right_toe_tip,894.548,439.104,0.6852874852173914,0.2129617252173913,0.0091999999999998,0.374,True
123,left_shoulder,972.13,557.612,0.667942310869565,0.3974149156521738,1.4928,0.9923,True
123,left_toe_tip,859.2540000000001,421.25,0.540032134782609,0.1508614130434782,0.47,0.2937,True
123,right_shoulder,,,,,,0.0153,True
123,right_toe_tip,893.742,439.46,0.6762224299999999,0.2117609000000001,0.0361999999999998,0.7873,True
124,left_shoulder,972.764,554.614,0.6701577599999997,0.3919356730434783,1.4817,0.9644,True
124,left_toe_tip,859.598,421.5940000000001,0.5401156026086956,0.1514944600000001,0.4731999999999998,0.2236,True
124,right_shoulder,,,,,,0.015,True
124,right_toe_tip,893.392,439.466,0.6669718121739131,0.209168332173913,0.0664000000000001,0.7854,True
125,left_shoulder,973.454,552.2299999999999,0.6714023800000002,0.3870509260869563,1.4821,0.8993,True
125,left_toe_tip,859.6960000000001,421.752,0.5407387200000005,0.1519904660869564,0.4325999999999999,0.319,True
125,right_shoulder,,,,,,0.0157,True
125,right_toe_tip,893.324,439.328,0.657926484347826,0.206028612173913,0.0985999999999999,0.3177,True
126,left_shoulder,974.47,550.0,0.6733026521739132,0.3824782608695652,1.487,0.9285,True
126,left_toe_tip,859.6432500000001,421.7196666666667,0.5411659524094204,0.1520674192995169,0.4302666666666668,0.3376,True
126,right_shoulder,,,,,,0.0159,True
126,right_toe_tip,893.3699999999999,439.12,0.6502245326086955,0.203046,0.127,0.3175,True
127,left_shoulder,975.742,548.138,0.6751333695652174,0.3783209782608697,1.489,0.927,True
127,left_toe_tip,859.4397499999999,421.497,0.5413960266847824,0.1517237941304348,0.4661999999999998,0.3241,True
127,right_shoulder,,,,,,0.016,True
127,right_toe_tip,893.8063333333333,438.0871666666667,0.6497074298067632,0.1998918296859904,0.1354333333333334,0.3161,True
128,left_shoulder,977.102,546.728,0.6801399265217394,0.376744036521739,1.4868,0.9065,True
128,left_toe_tip,859.0854999999999,421.084,0.541426948695652,0.1509571547826085,0.4624000000000001,0.1506,True
128,right_shoulder,,,,,,0.0252,True
128,right_toe_tip,894.5450000000001,436.0235,0.651856543478261,0.1946862673913042,0.132,0.6832,True
129,left_shoulder,978.25,545.7,0.681132554347826,0.3739432826086957,1.4989,0.8993,True
129,left_toe_tip,858.5525,421.04,0.5406798804347825,0.1510076521739129,0.46,0.2783,True
129,right_shoulder,,,,,,0.0109,True
129,right_toe_tip,895.3240000000002,433.335,0.6552390913043483,0.1881999293478262,0.1295,0.1788,True
130,left_shoulder,980.028,544.3879999999999,0.6843433095652172,0.3711008921739129,1.5124000000000002,0.9519,True
130,left_toe_tip,857.85875,420.985,0.5382531942934783,0.1506727228260868,0.492,0.1396,True
130,right_shoulder,,,,,,0.01,True
130,right_toe_tip,896.2933333333334,429.7916666666667,0.6595838937198071,0.1796123943236715,0.125333333333333,0.107,True
131,left_shoulder,981.54,543.1279999999999,0.6881288521739128,0.3689631095652172,1.5104000000000002,0.9494,True
131,left_toe_tip,857.5118749999999,420.9575,0.5370415478940216,0.1505053926630434,0.4935,0.1359,True
131,right_shoulder,,,,,,0.0101,True
131,right_toe_tip,897.275,425.5375,0.6644406521739129,0.1692577173913044,0.122,0.1103,True
132,left_shoulder,982.876,542.324,0.6896279895652174,0.3667090539130434,1.5226,0.8968,True
132,left_toe_tip,857.165,420.93,0.5358310326086956,0.150338152173913,0.495,0.2218,True
132,right_shoulder,,,,,,0.0103,True
132,right_toe_tip,897.7658333333334,423.41041666666666,0.6668757003321256,0.1640514783363526,0.1218333333333334,0.0661,True
133,left_shoulder,984.244,541.362,0.6932026460869563,0.3652078708695651,1.5289,0.9609,True
133,left_toe_tip,856.00875,420.8383333333333,0.5318041508152174,0.1497813315217391,0.535,0.2299,True
133,right_shoulder,,,,,,0.0133,True
133,right_toe_tip,898.2566666666667,421.2833333333333,0.6693151944444445,0.1588259722222221,0.1226666666666665,0.2559,True
134,left_shoulder,985.628,539.9179999999999,0.6996712904347827,0.3642166121739128,1.5191,0.958,True
134,left_toe_tip,854.91375,420.555,0.5315221947463771,0.1497639239130435,0.5396666666666665,0.2166,True
134,right_shoulder,,,,,,0.0135,True
134,right_toe_tip,898.7475,419.15625,0.6717591345108694,0.153581199048913,0.1235,0.2727,True
135,left_shoulder,986.376,538.752,0.7031432799999999,0.3628665599999999,1.5054,0.9732,True
135,left_toe_tip,854.0466666666667,420.32666666666665,0.5275164589371983,0.1486746328502415,0.5476666666666665,0.5539,True
135,right_shoulder,,,,,,0.0154,True
135,right_toe_tip,899.2383333333333,417.0291666666667,0.674207520531401,0.1483171588164251,0.1143333333333334,0.1162,True
136,left_shoulder,987.15,537.496,0.7077331956521739,0.3618603234782608,1.4884000000000002,0.93,True
136,left_toe_tip,853.9425,420.15,0.5258450849184783,0.1478415081521738,0.55375,0.5211,True
136,right_shoulder,,,,,,0.0169,True
136,right_toe_tip,,,,,,0.0613,True
137,left_shoulder,988.15,536.108,0.7127992826086955,0.3605619878260868,1.4804000000000002,0.9293,True
137,left_toe_tip,854.162,418.288,0.5362895821739132,0.1459607547826087,0.5081999999999998,0.5166,True
137,right_shoulder,,,,,,0.0168,True
137,right_toe_tip,,,,,,0.0587,True
138,left_shoulder,989.146,534.8059999999999,0.7155974973913043,0.3582762973913042,1.4784000000000002,0.9213,True
138,left_toe_tip,854.2099999999998,413.94,0.5570857021739125,0.1402791782608693,0.4194000000000001,0.4984,True
138,right_shoulder,,,,,,0.0167,True
138,right_toe_tip,906.11,387.25,0.7089517500000001,0.072597554347826,-0.083,0.1304,True
139,left_shoulder,990.464,533.554,0.718146448695652,0.3556347834782608,1.4788,0.9353,True
139,left_toe_tip,854.516,407.092,0.5773744773913043,0.1267491417391304,0.3358000000000002,0.669,True
139,right_shoulder,,,,,,0.0162,True
139,right_toe_tip,907.53,386.5925,0.7072824375,0.0703039218749999,-0.07725,0.2636,True
140,left_shoulder,991.778,532.3039999999999,0.7214507939130433,0.3533730295652171,1.4732,0.9125,True
140,left_toe_tip,854.8460000000001,400.232,0.6039974939130439,0.113104396521739,0.2195999999999999,0.8903,True
140,right_shoulder,,,,,,0.0145,True
140,right_toe_tip,908.95,385.935,0.7055552445652172,0.068037089673913,-0.0665,0.3336,True
141,left_shoulder,993.246,530.9399999999999,0.7207754252173911,0.3487919217391303,1.4788,0.8825,True
141,left_toe_tip,855.95,390.986,0.6302453804347827,0.0904319673913043,0.08,0.8769,True
141,right_shoulder,,,,,,0.012,True
141,right_toe_tip,907.888,387.53625,0.6992531960869567,0.0718763469089673,-0.0464250000000001,0.2973,True
142,left_shoulder,994.704,528.818,0.719278024347826,0.342333544347826,1.4904000000000002,0.8833,True
142,left_toe_tip,857.0139999999999,380.806,0.643588040869565,0.0617033591304349,-0.0264,0.8739,True
142,right_shoulder,,,,,,0.0119,True
142,right_toe_tip,905.8332,390.041,0.6911720989826088,0.0781072530652173,-0.0240199999999999,0.302,True
143,left_shoulder,996.026,526.1139999999999,0.7179341686956523,0.3349724921739128,1.4878,0.9398,True
143,left_toe_tip,858.566,370.648,0.6469078456521741,0.0315157652173912,-0.059,0.9644,True
143,right_shoulder,,,,,,0.011,True
143,right_toe_tip,902.7164,394.1470000000001,0.6769344944086958,0.0879856841086957,0.03146,0.0445,True
144,left_shoulder,996.904,523.074,0.7203253773913041,0.3291258730434782,1.4732,0.9766,True
144,left_toe_tip,861.3799999999999,360.92,0.6528784956521735,0.0027131999999998,-0.0861999999999998,0.8777,True
144,right_shoulder,,,,,,0.0141,True
144,right_toe_tip,897.6139999999999,400.06000000000006,0.6592678278260868,0.1025187652173914,0.1200999999999999,0.0222,True
145,left_shoulder,997.99,518.9860000000001,0.7253966934782609,0.3221540230434784,1.4578,0.9085,True
145,left_toe_tip,864.842,348.874,0.6583471517391304,-0.0325774117391303,-0.0928000000000001,0.8824,True
145,right_shoulder,,,,,,0.0166,True
145,right_toe_tip,890.5260000000001,407.78,0.6381877539130436,0.1217143565217392,0.2224000000000001,0.0243,True
146,left_shoulder,998.48,514.3,0.7305978260869563,0.314470108695652,1.447,0.9115,True
146,left_toe_tip,868.1719999999999,337.622,0.6692383965217389,-0.0656356469565218,-0.0789000000000001,0.9161,True
146,right_shoulder,,,,,,0.0141,True
146,right_toe_tip,884.5116,413.824,0.6186568717565217,0.136184080695652,0.3202400000000002,0.0227,True
147,left_shoulder,998.672,509.446,0.7317688521739129,0.3049023282608696,1.445,0.9553,True
147,left_toe_tip,871.6600000000001,328.122,0.6808789565217394,-0.0936935999999999,-0.082,0.9268,True
147,right_shoulder,,,,,,0.0106,True
147,right_toe_tip,880.0348,418.244,0.6043345723304349,0.1466406655652174,0.3317200000000002,0.359,True
148,left_shoulder,998.548,505.48,0.7305025773913044,0.2963996869565218,1.4430999999999998,0.8992,True
148,left_toe_tip,874.7379999999999,320.976,0.6933446099999999,-0.1152650191304347,-0.1364000000000001,0.9261,True
148,right_shoulder,,,,,,0.0149,True
148,right_toe_tip,876.9876,421.11,0.5965802196695653,0.1538351256521739,0.3210399999999999,0.5437,True
149,left_shoulder,998.666,500.824,0.7262206791304348,0.2851379860869564,1.4592,0.9405,True
149,left_toe_tip,876.6899999999999,315.064,0.6985442260869563,-0.1326198121739131,-0.1591999999999998,0.8629,True
149,right_shoulder,,,,,,0.012,True
149,right_toe_tip,875.0799999999999,422.59,0.5899485913043477,0.1570736869565217,0.3231999999999998,0.5983,True
150,left_shoulder,998.222,495.938,0.7177678639130437,0.2723783795652174,1.4786,0.9432,True
150,left_toe_tip,877.8520000000001,311.186,0.7014048652173916,-0.1439482413043479,-0.1795,0.8625,True
150,right_shoulder,,,,,,0.0115,True
150,right_toe_tip,874.818,422.546,0.589699464347826,0.1570720417391304,0.3215999999999999,0.6146,True
151,left_shoulder,997.796,490.518,0.7103028417391303,0.2591066034782609,1.4955999999999998,0.9254,True
151,left_toe_tip,878.2199999999999,309.162,0.700729308695652,-0.1495410821739131,-0.1726999999999998,0.9138,True
151,right_shoulder,,,,,,0.0128,True
151,right_toe_tip,875.1299999999999,422.494,0.5942144021739127,0.1579332065217392,0.307,0.3569,True
152,left_shoulder,997.274,484.652,0.7150916778260871,0.249493687826087,1.4806,0.9169,True
152,left_toe_tip,877.97,308.154,0.7003043239130436,-0.1525737613043478,-0.1764,0.9337,True
152,right_shoulder,,,,,,0.0113,True
152,right_toe_tip,874.8799999999999,422.762,0.5961356521739127,0.1592926847826087,0.297,0.4971,True
153,left_shoulder,996.818,478.758,0.7145668295652174,0.2378258034782608,1.4795999999999998,0.9743,True
153,left_toe_tip,877.7239999999999,307.15,0.7013374791304345,-0.1559189891304348,-0.1781999999999998,0.9359,True
153,right_shoulder,,,,,,0.0116,True
153,right_toe_tip,874.618,423.04800000000006,0.5961337356521741,0.1601967443478262,0.2994000000000001,0.8049,True
154,left_shoulder,995.92,472.581,0.7196547652173915,0.2276338871739129,1.4658,0.9399,True
154,left_toe_tip,876.7479999999999,306.964,0.7024210226086955,-0.1573555060869565,-0.1935999999999999,0.9347,True
154,right_shoulder,,,,,,0.0162,True
154,right_toe_tip,874.634,422.912,0.6004080030434782,0.1609863373913042,0.2828000000000001,0.7043,True
155,left_shoulder,995.106,465.949,0.7331394960869568,0.2187386202173912,1.4226,0.9458,True
155,left_toe_tip,875.8019999999999,306.93,0.7042277991304345,-0.1584947086956521,-0.1990999999999999,0.9359,True
155,right_shoulder,,,,,,0.015,True
155,right_toe_tip,874.1640000000001,423.162,0.6000707026086958,0.1618594904347825,0.2794000000000001,0.7027,True
156,left_shoulder,994.402,460.967,0.7311467347826088,0.2082993108695651,1.432,0.9144,False
156,left_toe_tip,875.0599999999998,306.746,0.7049244999999995,-0.1597041152173913,-0.213,0.8826,True
156,right_shoulder,,,,,,0.0182,True
156,right_toe_tip,873.45,423.592,0.59737825,0.1627263982608695,0.2828000000000001,0.7188,True
157,left_shoulder,993.528,456.167,0.7229647600000001,0.1966615150000001,1.4576,0.9064,True
157,left_toe_tip,874.394,306.434,0.7067488652173913,-0.1615131347826087,-0.218,0.9016,True
157,right_shoulder,,,,,,0.015,True
157,right_toe_tip,873.418,423.7360000000001,0.5964337330434784,0.162859335652174,0.2861999999999998,0.538,True
158,left_shoulder,992.488,449.771,0.731719111304348,0.1863528867391304,1.4292,0.9119,True
158,left_toe_tip,873.6,306.0559999999999,0.7034914782608697,-0.1624535286956523,-0.2145999999999999,0.8979,True
158,right_shoulder,,,,,,0.0153,True
158,right_toe_tip,874.2520000000001,424.426,0.5930649547826089,0.1631098252173914,0.3028000000000002,0.5163,True
159,left_shoulder,990.86,443.824,0.7353567956521739,0.1756841704347825,1.4108,0.9009,True
159,left_toe_tip,873.118,305.784,0.7040670378260871,-0.1637441060869565,-0.2125999999999999,0.8873,True
159,right_shoulder,,,,,,0.0156,True
159,right_toe_tip,875.452,424.812,0.5910868904347827,0.1627062991304348,0.3174,0.427,True
160,left_shoulder,989.42,439.596,0.7182100217391306,0.1636043869565217,1.452,0.9051,True
160,left_toe_tip,872.722,305.636,0.7040852334782608,-0.1644747365217392,-0.2174000000000001,0.9143,True
160,right_shoulder,,,,,,0.014,True
160,right_toe_tip,876.9159999999999,424.79,0.5884272391304347,0.1609186413043477,0.337,0.3802,True
161,left_shoulder,987.82,433.9,0.7193824956521738,0.1528444782608695,1.4442000000000002,0.9354,True
161,left_toe_tip,872.3,305.404,0.7028084999999998,-0.1651766373913043,-0.2174000000000001,0.9008,True
161,right_shoulder,,,,,,0.0107,True
161,right_toe_tip,878.45,424.396,0.5880902717391305,0.1588201347826087,0.348,0.7601,True
162,left_shoulder,986.422,428.096,0.7229676521739129,0.1421133913043478,1.4315,0.9332,True
162,left_toe_tip,872.0200000000001,305.188,0.7031719173913045,-0.1661161069565217,-0.2271999999999998,0.9008,True
162,right_shoulder,,,,,,0.0104,False
162,right_toe_tip,879.7180000000001,425.12880000000007,0.5849536100869567,0.1589255987478262,0.3585399999999999,0.759,True
163,left_shoulder,985.142,423.916,0.7102422113043478,0.131528012173913,1.4668,0.9016,False
163,left_toe_tip,871.874,305.036,0.7038888121739131,-0.1668515860869565,-0.2318000000000001,0.8734,True
163,right_shoulder,,,,,,0.0129,True
163,right_toe_tip,880.094,426.3884,0.5812049407826089,0.1607089976869564,0.3639200000000001,0.7117,True
164,left_shoulder,984.764,419.388,0.6941748191304346,0.1195764469565218,1.5075999999999998,0.9372,True
164,left_toe_tip,871.884,304.922,0.7042216260869566,-0.1672694913043479,-0.233,0.8559,True
164,right_shoulder,,,,,,0.011,True
164,right_toe_tip,880.0780000000001,429.2968,0.5719493013913046,0.1650890808347825,0.3792400000000002,0.266,True
165,left_shoulder,983.554,413.56000000000006,0.6982361621739132,0.1088548782608696,1.4942,0.932,True
165,left_toe_tip,871.882,304.806,0.7033081878260868,-0.1674058017391305,-0.2294000000000001,0.8534,True
165,right_shoulder,,,,,,0.0116,True
165,right_toe_tip,880.03,433.288,0.5629225304347825,0.171876292173913,0.3934000000000001,0.2576,True
166,left_shoulder,982.514,407.722,0.6999943726086955,0.0975292439130434,1.4798,0.9322,True
166,left_toe_tip,871.8040000000001,304.754,0.7027692573913046,-0.1674914599999999,-0.2281999999999998,0.8696,True
166,right_shoulder,,,,,,0.0123,True
166,right_toe_tip,879.9,438.692,0.5490059347826086,0.1800849313043478,0.4330999999999999,0.0199,True
167,left_shoulder,981.166,401.956,0.696646138695652,0.085672327826087,1.4854,0.9343,True
167,left_toe_tip,871.7139999999999,304.762,0.7009852226086954,-0.1671069582608695,-0.2221999999999998,0.8755,True
167,right_shoulder,,,,,,0.0157,True
167,right_toe_tip,880.0619999999999,442.5512,0.5373840057391301,0.1847926557913043,0.4815599999999999,0.126,True
168,left_shoulder,979.828,396.196,0.6948743843478262,0.0740129513043478,1.4918,0.9784,True
168,left_toe_tip,871.6120000000001,304.766,0.7006766504347829,-0.1670948573913044,-0.2146999999999998,0.8613,True
168,right_shoulder,,,,,,0.0591,True
168,right_toe_tip,880.202,445.3476,0.5306688793913044,0.1885551129913042,0.5234800000000001,0.5966,True
169,left_shoulder,977.838,390.968,0.6969010395652172,0.0638815982608696,1.4882,0.9236,True
169,left_toe_tip,871.5,304.728,0.6988783695652174,-0.1668613617391304,-0.2089,0.8805,True
169,right_shoulder,1123.41,395.97,0.8160170978260871,0.0607189239130435,2.07,0.1014,True
169,right_toe_tip,880.682,444.82520000000005,0.5231798813913044,0.1843878564869566,0.5561599999999999,0.5525,True
170,left_shoulder,977.112,385.866,0.6956232834782611,0.0533739286956521,1.4875999999999998,0.9226,True
170,left_toe_tip,871.466,304.702,0.6999833752173913,-0.1672283647826087,-0.2136999999999998,0.8818,True
170,right_shoulder,1123.14,391.79,0.8100472282608694,0.0533000815217391,2.0755,0.1191,True
170,right_toe_tip,881.3960000000001,442.062,0.5201034252173914,0.1768079308695652,0.5438,0.5558,True
171,left_shoulder,976.194,381.26,0.6889784430434784,0.0435691347826086,1.4915999999999998,0.8938,True
171,left_toe_tip,871.4720000000001,304.672,0.6979887200000002,-0.166837975652174,-0.2056999999999998,0.8635,True
171,right_shoulder,1122.9233333333334,388.0833333333333,0.8071468611111113,0.0469378321256038,2.075333333333333,0.3447,True
171,right_toe_tip,882.0319999999999,449.784,0.5407836730434782,0.2006086852173913,0.5004000000000001,0.536,True
172,left_shoulder,975.628,378.014,0.6857755591304349,0.0368073013043478,1.4932,0.8552,True
172,left_toe_tip,871.488,304.616,0.6954201460869567,-0.16638076,-0.1953000000000002,0.7185,True
172,right_shoulder,1122.7825,386.25,0.8085294966032609,0.043961616847826,2.06225,0.5637,True
172,right_toe_tip,882.3620000000001,457.97,0.5610680300000003,0.22680055,0.4536999999999998,0.6314,True
173,left_shoulder,974.262,373.94,0.683711121304348,0.028513360869565,1.4912,0.9352,True
173,left_toe_tip,871.5020000000001,304.542,0.6940027347826089,-0.1662534391304348,-0.1895,0.8328,True
173,right_shoulder,1122.736,383.854,0.8065888904347829,0.0398569226086956,2.0608,0.4568,True
173,right_toe_tip,882.574,465.66399999999993,0.5790663247826084,0.2522383443478259,0.4233000000000002,0.6532,True
174,left_shoulder,974.116,369.91,0.6792723547826087,0.0201474608695651,1.5111,0.9354,True
174,left_toe_tip,871.4800000000001,304.54,0.693936782608696,-0.1662594347826088,-0.1895,0.837,True
174,right_shoulder,1122.2779999999998,378.238,0.8007911660869561,0.0302830095652173,2.0564,0.4184,True
174,right_toe_tip,882.4439999999998,475.46,0.6014192356521735,0.2864161,0.2738000000000001,0.6316,True
175,left_shoulder,973.648,367.076,0.672373252173913,0.0142596782608696,1.5275,0.912,True
175,left_toe_tip,871.3960000000001,304.526,0.693081323478261,-0.1661566895652173,-0.1870999999999999,0.8478,True
175,right_shoulder,1121.946,374.184,0.8024400899999999,0.0236163599999999,2.0372,0.694,True
175,right_toe_tip,882.0880000000001,486.42,0.6217451373913047,0.3246795391304347,0.0971999999999998,0.6271,True
176,left_shoulder,973.13,364.446,0.6689395239130433,0.0089277613043478,1.5295999999999998,0.9555,True
176,left_toe_tip,871.358,304.538,0.6949793139130432,-0.1666030252173913,-0.1950999999999999,0.8223,True
176,right_shoulder,1121.73,370.878,0.8041749282608697,0.0181591656521738,2.0332,0.7113,True
176,right_toe_tip,881.5,485.58,0.6186600000000001,0.3217032000000001,0.1031999999999998,0.5162,True
177,left_shoulder,972.336,360.986,0.6608429113043479,0.0019606395652173,1.5306,0.9577,True
177,left_toe_tip,871.2760000000001,304.48400000000004,0.6964424243478263,-0.1671755721739129,-0.2019,0.8197,True
177,right_shoulder,1121.66,366.33,0.8036392391304344,0.0105614673913044,2.034,0.7173,True
177,right_toe_tip,881.1246666666666,479.9266666666666,0.6138195318840579,0.3052915797101448,0.175,0.494,True
178,left_shoulder,972.388,358.32800000000003,0.6579837234782612,-0.0033098330434781,1.5348,0.9074,True
178,left_toe_tip,871.128,304.362,0.6962982226086958,-0.1676155226086957,-0.2030999999999999,0.8269,True
178,right_shoulder,1121.43,363.084,0.8019995847826088,0.0051375417391304,2.0414,0.5855,True
178,right_toe_tip,881.0880000000001,469.934,0.6064411408695655,0.2765318073913044,0.3078000000000002,0.3576,True
179,left_shoulder,971.35,356.126,0.6549925108695652,-0.0076578873913043,1.5374,0.9504,True
179,left_toe_tip,871.018,304.31,0.6954144013043478,-0.1676390065217391,-0.2009,0.8686,True
179,right_shoulder,1121.17,360.264,0.8010434478260869,0.0004395026086956,2.0424,0.5823,True
179,right_toe_tip,881.2520000000001,455.264,0.5954728713043481,0.2351364034782609,0.3201999999999998,0.0983,True
180,left_shoulder,970.56,353.49799999999993,0.6512750608695653,-0.012810353478261,1.5434,0.9403,True
180,left_toe_tip,870.932,304.16,0.6936996469565218,-0.1677385043478261,-0.1950999999999999,0.8574,True
180,right_shoulder,1120.79,357.006,0.7987385173913043,-0.0049739452173913,2.0456,0.6494,True
180,right_toe_tip,884.266,438.846,0.5985579026086955,0.1932069808695652,0.2575999999999999,0.0899,True
181,left_shoulder,970.202,351.06,0.6459756082608695,-0.0174893608695652,1.5642,0.9195,True
181,left_toe_tip,870.816,304.136,0.6927992417391305,-0.1676770104347827,-0.1929000000000001,0.8652,True
181,right_shoulder,1120.242,353.83399999999995,0.7972017199999999,-0.01023556,2.0468,0.7196,True
181,right_toe_tip,888.374,421.6,0.6049526730434783,0.1500361739130435,0.3151999999999998,0.6593,True
182,left_shoulder,970.204,349.472,0.6435388826086957,-0.0205181565217391,1.58,0.9835,True
182,left_toe_tip,870.7479999999999,304.176,0.6914413982608694,-0.1672778295652174,-0.1883000000000002,0.8242,True
182,right_shoulder,1119.572,351.908,0.7924406026086959,-0.0133711504347825,2.0538000000000003,0.8819,True
182,right_toe_tip,892.2841333333333,406.9797333333333,0.6151619525072464,0.1145539519420288,0.2876999999999998,0.4766,True
183,left_shoulder,970.182,347.68999999999994,0.6393328421739131,-0.0238359065217392,1.6001,0.983,True
183,left_toe_tip,870.76,304.27,0.6911763652173913,-0.1669234652173913,-0.1870999999999999,0.9071,True
183,right_shoulder,1119.032,349.15,0.7911317617391304,-0.0179190108695652,2.0546,0.6817,True
183,right_toe_tip,895.9964,394.9852,0.6293894099565218,0.0860141563913042,0.2260999999999999,0.4694,True
184,left_shoulder,970.584,346.216,0.6352243426086958,-0.0264862556521738,1.6182,0.9819,True
184,left_toe_tip,870.7299999999999,304.23,0.6919392065217388,-0.1672493804347825,-0.1905,0.906,True
184,right_shoulder,1118.544,346.818,0.793238695652174,-0.0218505978260869,2.049,0.681,True
184,right_toe_tip,899.5108,385.6164,0.647817938347826,0.0639463306956521,0.1544000000000001,0.4719,False
185,left_shoulder,970.68,345.17,0.6323176695652175,-0.0283575391304348,1.6308,0.9637,True
185,left_toe_tip,870.676,304.288,0.6880663904347827,-0.1661792069565217,-0.1756999999999998,0.916,True
185,right_shoulder,1118.166,345.03000000000003,0.7920923739130434,-0.0247981304347825,2.045,0.6877,True
185,right_toe_tip,900.168,375.804,0.6529651217391305,0.0396646043478261,0.129,0.4342,False
186,left_shoulder,970.526,344.554,0.6315202204347827,-0.0295119334782609,1.6322,0.9294,True
186,left_toe_tip,870.6439999999999,304.22,0.6842605799999998,-0.1654847086956521,-0.1609000000000001,0.9178,True
186,right_shoulder,1118.0880000000002,343.152,0.7909238434782612,-0.027872452173913,2.042,0.6327,True
186,right_toe_tip,900.042,364.866,0.6581606489130436,0.0123157402173914,0.1415,0.0243,True
187,left_shoulder,970.494,343.8,0.6303095352173913,-0.0308962173913043,1.6354000000000002,0.9277,True
187,left_toe_tip,870.6379999999999,304.16,0.6836912539130432,-0.1655291826086957,-0.1586999999999998,0.9173,True
187,right_shoulder,1118.164,340.668,0.7935443426086956,-0.0320827147826086,2.0372,0.617,True
187,right_toe_tip,899.979,359.39700000000005,0.6607564095108697,-0.0015325703804346,0.14775,0.0246,True
188,left_shoulder,970.452,343.25600000000003,0.6295110599999999,-0.0318973199999999,1.6374000000000002,0.9126,True
188,left_toe_tip,870.6279999999999,304.13,0.6811046478260868,-0.1649986847826087,-0.1485,0.9124,True
188,right_shoulder,1118.246,339.022,0.7958637239130436,-0.0349101282608695,2.033,0.7449,True
188,right_toe_tip,899.916,353.92800000000005,0.6633508347826088,-0.0154967999999998,0.1335,0.0173,True
189,left_shoulder,970.566,342.816,0.6302312652173914,-0.0327616695652174,1.636,0.9182,True
189,left_toe_tip,870.618,304.112,0.67686383,-0.16403128,-0.1316999999999998,0.9127,True
189,right_shoulder,1118.334,337.562,0.7962181386956523,-0.037349514347826,2.0326,0.8574,True
189,right_toe_tip,899.8530000000001,348.45900000000006,0.665943924728261,-0.0295769486413041,0.10725,0.0257,True
190,left_shoulder,970.806,342.208,0.6300416013043476,-0.0338860243478261,1.6338,0.9142,True
190,left_toe_tip,870.7,304.132,0.6754996304347827,-0.1635839330434782,-0.1253000000000002,0.911,True
190,right_shoulder,1118.502,335.724,0.7941052756521738,-0.0402876052173913,2.0372,0.8518,True
190,right_toe_tip,899.79,342.99,0.6685356793478261,-0.0437730163043478,0.0925,0.0286,True
191,left_shoulder,970.948,341.6,0.6308156660869565,-0.0350719999999999,1.6324,0.9425,True
191,left_toe_tip,870.858,304.138,0.6746072252173912,-0.1632384791304348,-0.1199,0.904,True
191,right_shoulder,1118.708,333.958,0.7942390121739129,-0.0432070747826087,2.0426,0.908,True
191,right_toe_tip,899.16,288.3,0.6943797826086955,-0.1921092391304347,-0.108,0.0194,True
192,left_shoulder,971.088,340.814,0.6319462260869567,-0.0366202347826086,1.621,0.9288,True
192,left_toe_tip,870.984,304.198,0.6708076643478262,-0.1620562865217392,-0.1033000000000001,0.8466,True
192,right_shoulder,1118.614,332.264,0.7952275656521739,-0.0460839669565217,2.0454,0.7242,True
192,right_toe_tip,897.425,284.99,0.6697247146739129,-0.1951482989130434,-0.0425,0.0199,True
193,left_shoulder,971.288,339.67600000000004,0.6339123860869568,-0.0388895321739129,1.6036,0.9239,True
193,left_toe_tip,871.434,304.33,0.6699511182608695,-0.1611525478260869,-0.0946999999999998,0.8115,True
193,right_shoulder,1118.65,329.803,0.7949752173913045,-0.0501532782608695,2.046,0.4241,True
193,right_toe_tip,896.3533333333334,277.0733333333333,0.6843519420289855,-0.2213781449275362,-0.202,0.7815,True
194,left_shoulder,971.894,338.414,0.6361542169565217,-0.0413747308695652,1.6136,0.9073,True
194,left_toe_tip,872.018,304.75,0.6713894778260869,-0.1598766847826087,-0.1011999999999998,0.7964,True
194,right_shoulder,1119.088,326.825,0.7929947895652173,-0.0549118369565217,2.0512,0.6695,True
194,right_toe_tip,895.3125,269.4525,0.6952409137228261,-0.2465697004076087,-0.25325,0.6999,True
195,left_shoulder,972.382,337.154,0.6381011830434781,-0.0438593534782608,1.5978,0.8878,True
195,left_toe_tip,872.4540000000001,305.004,0.6732069973913045,-0.1592731982608695,-0.1034,0.8673,True
195,right_shoulder,1119.2199999999998,323.947,0.7926923869565214,-0.0596363645652173,2.0572,0.2648,True
195,right_toe_tip,893.8700000000001,262.784,0.6938377478260873,-0.2656955547826087,-0.1104000000000001,0.8441,True
196,left_shoulder,972.992,336.012,0.6397789773913042,-0.0460882486956521,1.5924,0.86,True
196,left_toe_tip,872.836,305.276,0.674870084347826,-0.158616324347826,-0.1005999999999999,0.8794,True
196,right_shoulder,1119.1280000000002,321.627,0.793269314782609,-0.0635323408695652,2.0558,0.5475,True
196,right_toe_tip,891.658,252.402,0.6900900026086957,-0.2950524286956522,-0.0348000000000001,0.9239,True
197,left_shoulder,973.674,334.73,0.6408716934782608,-0.0485348804347826,1.5885,0.885,True
197,left_toe_tip,873.4159999999999,305.428,0.6771093704347824,-0.1583062539130434,-0.1128000000000001,0.8687,True
197,right_shoulder,1119.4339999999995,319.153,0.7942970682608691,-0.0676728232608695,2.0598,0.4548,True
197,right_toe_tip,889.278,241.414,0.6853519273913043,-0.3260341613043478,-0.0504,0.9012,True
198,left_shoulder,974.382,333.444,0.6413592143478261,-0.0509355626086956,1.5869000000000002,0.888,True
198,left_toe_tip,873.6659999999999,305.61800000000005,0.6783933543478259,-0.1578851326086955,-0.115,0.8671,True
198,right_shoulder,1119.2882478386166,317.39204610951003,0.7971273395798701,-0.0708633376320635,2.053903746397695,0.4482,True
198,right_toe_tip,886.9380000000001,233.956,0.6674841504347829,-0.340702412173913,-0.0103000000000001,0.8971,True
199,left_shoulder,974.846,332.092,0.6420308086956523,-0.0535105565217391,1.583,0.9086,True
199,left_toe_tip,873.6940000000001,305.474,0.6784746456521741,-0.158303202173913,-0.115,0.8488,True
199,right_shoulder,1118.69074351585,316.3441383285303,0.8017491158542169,-0.0731182897749012,2.043111239193084,0.3115,True
199,right_toe_tip,883.476,225.342,0.6499221313043477,-0.3594490395652173,-0.0668000000000001,0.9926,True
200,left_shoulder,975.398,330.57800000000003,0.6454953247826085,-0.0566245578260868,1.5724,0.9371,True
200,left_toe_tip,873.57,305.376,0.6783685217391306,-0.158647095652174,-0.116,0.8166,True
200,right_shoulder,1118.0034870317002,315.5362766570605,0.8065672483924355,-0.0750266137443864,2.031622478386167,0.0425,True
200,right_toe_tip,880.9119999999999,217.8,0.6407735478260868,-0.3782210869565217,-0.1,0.914,True
201,left_shoulder,976.004,328.538,0.6479033652173911,-0.0606669434782608,1.573,0.8763,True
201,left_toe_tip,873.182,305.224,0.6764305669565218,-0.1588980313043478,-0.1078000000000001,0.8678,True
201,right_shoulder,1117.0224783861672,314.7004610951009,0.8078077719201259,-0.0767119396879909,2.0260374639769454,0.012,True
201,right_toe_tip,877.698,209.548,0.6344986395652173,-0.4016087191304348,-0.0758000000000001,0.9647,True
202,left_shoulder,977.072,326.288,0.6512084486956524,-0.0651301182608695,1.5696,0.9006,True
202,left_toe_tip,872.7239999999999,305.072,0.6747984156521736,-0.1592673182608695,-0.1065999999999999,0.8492,True
202,right_shoulder,1115.4837175792509,314.4906916426513,0.8070012007972284,-0.0772393777831318,2.017556195965418,0.0125,True
202,right_toe_tip,874.948,202.874,0.641305888695652,-0.428885664347826,-0.0181999999999998,0.9245,True
203,left_shoulder,978.098,323.608,0.6529701373913042,-0.0702840278260869,1.5747,0.9016,True
203,left_toe_tip,871.9739999999999,304.95200000000006,0.6720690213043475,-0.1594836295652172,-0.1044,0.8292,True
203,right_shoulder,1114.7143371757925,314.38580691642653,0.8065935482476484,-0.0775036921543582,2.010815561959654,0.0131,True
203,right_toe_tip,871.698,196.768,0.6441708091304348,-0.4538204452173913,-0.0388000000000001,0.9268,True
204,left_shoulder,978.876,321.322,0.6558723973913042,-0.0748587465217391,1.5834,0.9169,True
204,left_toe_tip,871.332,304.902,0.6704604834782609,-0.1596883773913043,-0.0979,0.7934,True
204,right_shoulder,1113.9449567723343,314.2809221902017,0.8061829843726475,-0.077768403408022,2.00907492795389,0.0118,True
204,right_toe_tip,869.97,194.748,0.6476655108695654,-0.4653999260869566,-0.074,0.9701,True
205,left_shoulder,979.208,318.81,0.6579897791304348,-0.0798996456521739,1.5839,0.9435,True
205,left_toe_tip,870.7879999999999,304.928,0.6686329730434779,-0.1595531617391304,-0.0969000000000001,0.8555,True
205,right_shoulder,1113.175576368876,314.17603746397697,0.8057695091722255,-0.0780335115441229,2.007334293948127,0.037,True
205,right_toe_tip,867.592,193.904,0.6466581391304348,-0.4719292869565217,-0.107,0.9829,True
206,left_shoulder,980.284,315.714,0.6595591617391304,-0.0858378208695652,1.6068,0.9452,True
206,left_toe_tip,870.516,304.93,0.6691979704347826,-0.159870604347826,-0.1023000000000001,0.856,True
206,right_shoulder,1112.4061959654175,314.0711527377522,0.8053531226463823,-0.0782990165626612,2.005593659942363,0.038,True
206,right_toe_tip,865.5360000000001,193.506,0.6447878121739132,-0.4759918682608695,-0.1281999999999998,0.9837,True
207,left_shoulder,981.152,312.31,0.6617607165217393,-0.0925082326086956,1.6099,0.9191,True
207,left_toe_tip,870.152,304.946,0.6686916260869566,-0.159955806521739,-0.102,0.8882,True
207,right_shoulder,,,,,,0.028,False
207,right_toe_tip,863.3340000000001,193.378,0.6392692995652175,-0.4769373639130435,-0.1354000000000001,0.9443,True
208,left_shoulder,982.474,308.336,0.6650696178260869,-0.1003292417391304,1.6124,0.9225,True
208,left_toe_tip,870.0260000000001,304.842,0.6699257221739133,-0.1606416795652174,-0.1084000000000001,0.8661,True
208,right_shoulder,,,,,,0.0352,True
208,right_toe_tip,861.366,193.228,0.6329142678260871,-0.4768229008695652,-0.1324000000000001,0.9674,True
209,left_shoulder,983.856,303.31,0.6683514121739133,-0.1101881065217391,1.5848,0.8284,True
209,left_toe_tip,869.6479999999999,304.824,0.6680260626086953,-0.1605021860869566,-0.1051999999999998,0.8533,True
209,right_shoulder,,,,,,0.0126,False
209,right_toe_tip,859.024,192.778,0.6183142747826087,-0.4720749765217391,-0.1041999999999998,0.9541,True
210,left_shoulder,986.194,297.522,0.6698101304347828,-0.1208813478260869,1.5885,0.9097,True
210,left_toe_tip,869.3639999999999,304.489,0.6653301160869562,-0.1610241366304348,-0.0976999999999998,0.8499,True
210,right_shoulder,,,,,,0.046,True
210,right_toe_tip,857.106,192.204,0.6143627830434784,-0.4748262026086957,-0.1174,0.9032,True
211,left_shoulder,988.09,291.36800000000005,0.672721760869565,-0.1326387999999999,1.5905,0.8838,True
211,left_toe_tip,869.0540000000001,303.905,0.6604473323913045,-0.1617426157608696,-0.0816999999999998,0.8768,True
211,right_shoulder,,,,,,0.0235,True
211,right_toe_tip,855.43,191.782,0.6060607891304345,-0.4732411169565217,-0.1041999999999998,0.9236,True
212,left_shoulder,989.61,284.76000000000005,0.6760393369565217,-0.1454912608695651,1.581,0.8859,True
212,left_toe_tip,868.6020000000001,302.957,0.6451297528260873,-0.1609790661956522,-0.0153000000000001,0.772,False
212,right_shoulder,,,,,,0.0185,True
212,right_toe_tip,853.9699999999999,191.636,0.595627358695652,-0.4686741347826086,-0.077,0.9252,True
213,left_shoulder,991.058,277.892,0.6775419399999999,-0.15846844,1.5974000000000002,0.858,True
213,left_toe_tip,868.6039999999999,301.527,0.6275925247826084,-0.1605274522826087,0.0553000000000001,0.6713,True
213,right_shoulder,,,,,,0.0159,True
213,right_toe_tip,852.93,191.516,0.5893069195652172,-0.4662977834782608,-0.0621999999999998,0.9377,True
214,left_shoulder,992.402,270.786,0.6766118400000002,-0.17129088,1.6411,0.8347,True
214,left_toe_tip,869.85,299.63100000000003,0.6156232445652173,-0.1616904922826086,0.1069,0.7032,True
214,right_shoulder,,,,,,0.0161,True
214,right_toe_tip,852.098,191.784,0.586543186521739,-0.4651903773913043,-0.0601999999999998,0.9565,True
215,left_shoulder,993.304,263.35600000000005,0.6763467443478258,-0.1850102313043477,1.6593,0.9035,True
215,left_toe_tip,871.258,296.998,0.6058456865217391,-0.1650515439130434,0.1558000000000002,0.739,True
215,right_shoulder,,,,,,0.0176,True
215,right_toe_tip,851.302,192.024,0.5767625895652173,-0.4585014469565218,-0.0271999999999998,0.9564,True
216,left_shoulder,993.814,257.434,0.6775538099999999,-0.1964138899999999,1.6632,0.8167,True
216,left_toe_tip,872.6700000000001,294.688,0.5907794782608696,-0.1658356869565217,0.22,0.6452,True
216,right_shoulder,,,,,,0.0288,True
216,right_toe_tip,850.594,192.32,0.5728156800000003,-0.4560896,-0.0184,0.9518,True
217,left_shoulder,994.53,251.634,0.6765357260869564,-0.2067905973913043,1.6829,0.8525,True
217,left_toe_tip,873.836,292.384,0.5857083460869567,-0.1693633808695652,0.2465999999999999,0.4816,True
217,right_shoulder,,,,,,0.0533,True
217,right_toe_tip,850.3299999999999,192.35,0.5683025152173912,-0.4529830108695653,0.0001999999999998,0.9437,True
218,left_shoulder,994.752,245.692,0.6761110400000002,-0.2178561382608695,1.6716,0.8465,True
218,left_toe_tip,874.2520000000001,289.978,0.5867503356521742,-0.1753898878260869,0.2415999999999999,0.4807,True
218,right_shoulder,,,,,,0.0523,True
218,right_toe_tip,850.142,192.386,0.5702614317391306,-0.4548533830434782,-0.0105999999999999,0.9415,True
219,left_shoulder,995.514,239.5,0.6753220286956519,-0.2288976086956521,1.6514000000000002,0.8209,True
219,left_toe_tip,872.7,288.226,0.5820029347826089,-0.1795130152173913,0.25,0.6738,True
219,right_shoulder,,,,,,0.0207,True
219,right_toe_tip,850.0540000000001,192.424,0.5702509460869567,-0.4549324104347825,-0.0115999999999999,0.9427,True
220,left_shoulder,995.686,233.672,0.6751074926086956,-0.2397760365217391,1.6528,0.8281,True
220,left_toe_tip,871.71,284.81,0.5858233260869566,-0.1900999347826087,0.205,0.5742,True
220,right_shoulder,,,,,,0.0257,True
220,right_toe_tip,850.0219999999999,192.558,0.5765103899999999,-0.45962829,-0.0394,0.9465,True
221,left_shoulder,996.114,226.552,0.6714297221739128,-0.2516075008695652,1.7084,0.8397,True
221,left_toe_tip,870.7963333333333,281.4146666666667,0.5962489476690821,-0.203020652995169,0.1467333333333331,0.5256,True
221,right_shoulder,,,,,,0.0144,True
221,right_toe_tip,849.8960000000001,192.726,0.5759363721739132,-0.4589853104347826,-0.0384,0.9536,True
222,left_shoulder,995.99,219.614,0.6683325304347827,-0.263559455652174,1.6978,0.8662,True
222,left_toe_tip,870.3029999999999,278.444,0.607724557717391,-0.2152103273913044,0.0843000000000001,0.3467,True
222,right_shoulder,,,,,,0.0135,True
222,right_toe_tip,849.7479999999999,192.902,0.5773997660869563,-0.4599917334782609,-0.0420999999999999,0.9518,True
223,left_shoulder,996.19,213.442,0.6660752999999999,-0.27406346,1.6525999999999998,0.8907,True
223,left_toe_tip,870.2279999999998,276.058,0.6151592060869561,-0.224289374347826,0.0588000000000001,0.1916,False
223,right_shoulder,,,,,,0.0146,True
223,right_toe_tip,849.618,193.054,0.5726672621739132,-0.4560892134782609,-0.0229,0.9554,True
224,left_shoulder,995.898,208.786,0.6649876760869564,-0.2825400717391304,1.6495,0.8124,True
224,left_toe_tip,871.1933333333333,273.41666666666663,0.6256460169082124,-0.2343083031400967,0.046333333333333,0.119,True
224,right_shoulder,,,,,,0.0173,True
224,right_toe_tip,849.5719999999999,193.108,0.5770063869565215,-0.4594972130434782,-0.0425,0.9554,True
225,left_shoulder,996.75,204.4,0.6630896739130435,-0.2892130434782608,1.663,0.8337,True
225,left_toe_tip,871.515,273.52,0.6267262038043478,-0.234107,0.0455,0.0337,True
225,right_shoulder,,,,,,0.0135,True
225,right_toe_tip,849.61,193.042,0.5716429239130434,-0.4553235021739131,-0.0185,0.9553,True
226,left_shoulder,997.586,200.544,0.6640993908695652,-0.2961375234782608,1.6644,0.839,True
226,left_toe_tip,871.8366666666667,273.62333333333333,0.6278069734299517,-0.2339055096618357,0.0296666666666669,0.0302,True
226,right_shoulder,,,,,,0.0131,True
226,right_toe_tip,849.484,192.988,0.5723922600000001,-0.4563421365217391,-0.0233000000000001,0.956,True
227,left_shoulder,998.9599999999998,197.116,0.6656366956521735,-0.3020435913043478,1.6625,0.8697,True
227,left_toe_tip,868.0619999999999,273.388,0.6267738704347824,-0.2380323704347826,0.0475999999999999,0.0519,True
227,right_shoulder,,,,,,0.0217,True
227,right_toe_tip,848.99,192.996,0.576539804347826,-0.4607132086956521,-0.045,0.9563,True
228,left_shoulder,1000.566,194.024,0.6680660908695653,-0.3075246626086956,1.6424,0.8254,True
228,left_toe_tip,864.1049999999999,271.55,0.6270311744565215,-0.2474773315217391,0.0579,0.5171,True
228,right_shoulder,,,,,,0.0083,True
228,right_toe_tip,848.378,192.936,0.5773882582608697,-0.4629125530434782,-0.0561999999999998,0.9318,True
229,left_shoulder,1002.102,190.726,0.6707545960869566,-0.3135616856521739,1.6428,0.908,True
229,left_toe_tip,859.5156666666668,268.62333333333333,0.6258662074516912,-0.2605261332125604,0.0299666666666666,0.7786,True
229,right_shoulder,,,,,,0.009,True
229,right_toe_tip,847.5319999999999,192.926,0.5725627417391302,-0.4609426378260869,-0.0426999999999998,0.9027,True
230,left_shoulder,1002.922,188.156,0.6725891413043478,-0.3184717608695652,1.6465,0.8979,True
230,left_toe_tip,854.024,263.71,0.6229028939130434,-0.2802457652173913,-0.0025999999999999,0.9432,True
230,right_shoulder,,,,,,0.0098,True
230,right_toe_tip,846.7139999999999,192.852,0.5707553291304347,-0.4615101626086956,-0.0446999999999998,0.8667,True
231,left_shoulder,1003.832,186.006,0.673247387826087,-0.3219645495652174,1.6491,0.8469,True
231,left_toe_tip,847.5880000000001,257.36,0.6154081643478264,-0.3042829739130435,-0.0024,0.8359,True
231,right_shoulder,,,,,,0.0178,True
231,right_toe_tip,846.742,192.328,0.5691247708695651,-0.4615718556521738,-0.0445999999999999,0.8619,True
232,left_shoulder,1004.516,184.526,0.6734829313043478,-0.3242072882608695,1.6517,0.8578,True
232,left_toe_tip,845.182,251.334,0.612022222173913,-0.3241317795652174,0.0088000000000001,0.7901,True
232,right_shoulder,,,,,,0.0109,True
232,right_toe_tip,847.0440000000001,191.802,0.5636547852173915,-0.4579007726086956,-0.0165999999999999,0.6958,True
233,left_shoulder,1004.756,183.354,0.6739263573913042,-0.3263726856521739,1.6517,0.8665,True
233,left_toe_tip,839.1020000000001,243.096,0.5958776595652178,-0.3498733408695652,0.0055999999999999,0.784,True
233,right_shoulder,,,,,,0.012,True
233,right_toe_tip,848.494,190.46,0.5619819795652174,-0.4569840130434783,-0.0008000000000001,0.6624,True
234,left_shoulder,1005.028,182.162,0.6735560139130435,-0.3281497704347826,1.6499,0.8689,True
234,left_toe_tip,832.186,233.954,0.5726307208695652,-0.3755622773913042,0.0588000000000001,0.7821,True
234,right_shoulder,,,,,,0.0121,True
234,right_toe_tip,850.4846666666666,190.618,0.5610789092753621,-0.4515134965217391,0.0265999999999999,0.6673,True
235,left_shoulder,1005.48,180.878,0.6749462173913042,-0.3307916065217391,1.6485,0.8866,True
235,left_toe_tip,824.692,225.054,0.54668832,-0.39944016,0.0978000000000001,0.8557,True
235,right_shoulder,,,,,,0.0132,True
235,right_toe_tip,852.7379999999999,192.406,0.5614895778260868,-0.4423388595652173,0.0558000000000001,0.3657,True
236,left_shoulder,1005.438,179.68200000000002,0.6751864265217393,-0.3331571047826086,1.6432,0.8936,True
236,left_toe_tip,816.5600000000001,215.544,0.5200459652173914,-0.4254857269565217,0.0606999999999998,0.9279,True
236,right_shoulder,,,,,,0.0131,True
236,right_toe_tip,854.722,196.14,0.5620581743478259,-0.4289213608695652,0.0968000000000001,0.2389,True
237,left_shoulder,1005.36,178.522,0.6753600173913042,-0.3354581378260869,1.6339,0.8713,True
237,left_toe_tip,808.424,206.024,0.4928232695652174,-0.4505471652173914,0.005,0.9147,True
237,right_shoulder,,,,,,0.0179,True
237,right_toe_tip,856.702,199.87,0.5714808613043477,-0.4222906586956521,0.1073000000000001,0.0627,True
238,left_shoulder,1004.904,177.402,0.6745171113043479,-0.3375284334782609,1.6254000000000002,0.8495,True
238,left_toe_tip,802.8700000000001,198.6,0.4729957239130438,-0.4687266521739131,0.0056999999999998,0.9031,True
238,right_shoulder,,,,,,0.0108,True
238,right_toe_tip,857.05,203.518,0.5764564891304347,-0.4155957813043478,0.1425999999999999,0.3183,True
239,left_shoulder,1004.41,176.23399999999998,0.6739208413043475,-0.3398472526086957,1.6205999999999998,0.8455,True
239,left_toe_tip,797.602,190.874,0.4536196695652174,-0.486788747826087,0.011,0.9059,True
239,right_shoulder,,,,,,0.0104,True
239,right_toe_tip,856.6933333333333,205.48,0.5810678840579708,-0.4143487391304347,0.124,0.3127,True
240,left_shoulder,1003.666,174.69,0.6727030421739129,-0.3427832152173913,1.6157,0.8162,True
240,left_toe_tip,792.54,183.242,0.436596008695652,-0.505912136521739,-0.0111999999999998,0.9646,True
240,right_shoulder,,,,,,0.0149,True
240,right_toe_tip,855.75,205.81,0.5842134782608694,-0.417519704347826,0.1098000000000001,0.7258,True
241,left_shoulder,1003.15,173.392,0.6711169891304348,-0.3448596973913043,1.6173,0.906,True
241,left_toe_tip,789.004,177.632,0.421648927826087,-0.5160617947826087,-0.0374,0.9604,True
241,right_shoulder,,,,,,0.0107,True
241,right_toe_tip,854.4779999999998,204.59,0.58743659173913,-0.4256544760869565,0.0761999999999998,0.8629,True
242,left_shoulder,1002.244,171.55,0.668812672173913,-0.347936054347826,1.6104,0.8914,True
242,left_toe_tip,784.5759999999999,170.382,0.3997526399999997,-0.52429377,-0.0078000000000001,0.9616,True
242,right_shoulder,,,,,,0.0165,True
242,right_toe_tip,853.0840000000001,202.986,0.5822751913043479,-0.4290578217391303,0.062,0.9211,True
243,left_shoulder,1001.104,169.734,0.6660798782608697,-0.3509580456521738,1.608,0.8953,True
243,left_toe_tip,780.122,163.90800000000002,0.3782684773913042,-0.5293631426086957,0.0474,0.9629,True
243,right_shoulder,,,,,,0.0173,True
243,right_toe_tip,852.1139999999999,202.178,0.5811462482608694,-0.4323979708695652,0.0554,0.9224,True
244,left_shoulder,999.492,167.804,0.6624030852173913,-0.3541420208695652,1.6058,0.8532,True
244,left_toe_tip,775.9680000000001,159.286,0.3634779339130437,-0.5365608821739131,0.1215999999999999,0.9326,True
244,right_shoulder,,,,,,0.0186,False
244,right_toe_tip,851.0899999999999,200.93,0.583388515217391,-0.4396210673913043,0.0134,0.9278,True
245,left_shoulder,997.49,166.134,0.658558752173913,-0.3571348878260869,1.6022,0.9113,True
245,left_toe_tip,772.2059999999999,155.872,0.3507195256521736,-0.5415160834782609,0.1864000000000001,0.9539,True
245,right_shoulder,,,,,,0.0134,True
245,right_toe_tip,850.4159999999999,199.54,0.5819374678260868,-0.4437765478260869,-0.0184,0.921,True
246,left_shoulder,995.048,163.99,0.6545232695652173,-0.3613401739130434,1.601,0.9301,True
246,left_toe_tip,767.99,152.17200000000005,0.33981345,-0.55178334,0.2054,0.9124,False
246,right_shoulder,,,,,,0.0153,True
246,right_toe_tip,849.668,197.95,0.58520162,-0.4522956413043479,-0.0558000000000001,0.9071,True
247,left_shoulder,992.194,162.102,0.6527839226086958,-0.3667996408695652,1.5918,0.8618,True
247,left_toe_tip,763.956,149.73200000000003,0.3324984965217392,-0.5640210547826087,0.1881999999999998,0.9974,True
247,right_shoulder,,,,,,0.0168,True
247,right_toe_tip,849.076,196.616,0.5899579304347827,-0.4610270260869565,-0.089,0.9275,True
248,left_shoulder,989.92,160.48600000000002,0.6491776695652174,-0.3701418426086956,1.5942,0.8298,True
248,left_toe_tip,761.1600000000001,148.2,0.3280538695652176,-0.5734715217391305,0.162,0.9894,True
248,right_shoulder,,,,,,0.011,True
248,right_toe_tip,848.6659999999999,195.446,0.591749558695652,-0.4666536804347826,-0.111,0.9241,True
249,left_shoulder,987.394,158.846,0.6443403495652175,-0.3730969408695652,1.5985999999999998,0.9178,True
249,left_toe_tip,758.578,147.054,0.3206761565217391,-0.5758800521739131,0.155,0.9719,True
249,right_shoulder,,,,,,0.0142,True
249,right_toe_tip,848.7139999999999,194.768,0.5873030469565216,-0.46494848,-0.0908000000000001,0.9127,True
250,left_shoulder,984.756,157.098,0.6389228043478261,-0.3760303369565217,1.604,0.9227,True
250,left_toe_tip,756.5039999999999,146.424,0.3150673391304345,-0.5775837913043478,0.165,0.9677,True
250,right_shoulder,,,,,,0.0115,True
250,right_toe_tip,848.5139999999999,194.278,0.5833405795652171,-0.4636253082608696,-0.0758000000000001,0.9128,True
251,left_shoulder,981.91,155.506,0.6336484239130438,-0.3789807282608696,1.608,0.9027,True
251,left_toe_tip,754.67,146.34,0.3089110086956521,-0.5755814608695652,0.1775999999999999,0.9361,True
251,right_shoulder,,,,,,0.0119,True
251,right_toe_tip,848.318,194.022,0.5698855895652174,-0.4540580765217392,-0.0238000000000001,0.9137,True
252,left_shoulder,978.932,153.426,0.625992667826087,-0.3815331965217391,1.6182999999999998,0.9263,True
252,left_toe_tip,753.319,146.858,0.3069343653260868,-0.5773136410869566,0.1640999999999999,0.9294,True
252,right_shoulder,,,,,,0.01,True
252,right_toe_tip,847.9879999999999,193.854,0.5560966113043476,-0.444223837826087,0.0331999999999998,0.9101,True
253,left_shoulder,975.016,150.906,0.6215275095652173,-0.3879148252173912,1.6152,0.8572,True
253,left_toe_tip,751.733,147.608,0.3066220707608694,-0.5828544373913043,0.1368000000000001,0.9273,True
253,right_shoulder,,,,,,0.0126,False
253,right_toe_tip,847.552,193.876,0.5454556800000001,-0.4365810947826087,0.0751999999999998,0.9175,True
254,left_shoulder,971.87,148.81,0.6159795782608698,-0.3919870043478261,1.6144,0.911,True
254,left_toe_tip,750.751,148.398,0.3094166253260869,-0.5911745876086957,0.1071999999999998,0.9448,False
254,right_shoulder,,,,,,0.0127,True
254,right_toe_tip,847.094,193.99,0.5359682760869566,-0.4296410978260869,0.1145,0.9374,True
255,left_shoulder,968.146,146.974,0.6089248382608695,-0.39530216,1.6103,0.9183,True
255,left_toe_tip,749.8230000000001,149.122,0.3110975220652177,-0.5973577780434782,0.0714,0.9795,True
255,right_shoulder,,,,,,0.0084,True
255,right_toe_tip,846.734,194.292,0.5305423630434783,-0.4252571608695653,0.137,0.955,True
256,left_shoulder,963.75,145.39,0.6014008152173913,-0.3986614021739131,1.6085,0.9196,True
256,left_toe_tip,748.917,149.572,0.3124378855434783,-0.6036310160869566,0.0494,0.9793,True
256,right_shoulder,,,,,,0.009,True
256,right_toe_tip,846.482,194.708,0.5289530191304347,-0.4234349843478261,0.1411999999999998,0.9559,True
257,left_shoulder,959.194,143.91799999999998,0.5934232800000002,-0.4017246226086957,1.6071,0.8873,True
257,left_toe_tip,748.024,149.748,0.3123302608695652,-0.6079025217391305,0.0285,0.9938,True
257,right_shoulder,,,,,,0.0159,True
257,right_toe_tip,846.3120000000001,195.22,0.5277550660869569,-0.4215144043478261,0.1445999999999999,0.9487,True
258,left_shoulder,954.848,142.14,0.5823319095652174,-0.4029462782608696,1.6159,0.8528,True
258,left_toe_tip,747.0840000000001,149.58800000000002,0.3117773939130436,-0.6126191121739128,0.0124,1.0,True
258,right_shoulder,,,,,,0.0202,True
258,right_toe_tip,846.244,195.554,0.5268189130434784,-0.4200522826086956,0.148,0.932,True
259,left_shoulder,948.966,139.976,0.5711841008695652,-0.406757412173913,1.6042,0.97,True
259,left_toe_tip,745.846,149.40400000000002,0.3101978099999999,-0.6171836252173911,-0.0021999999999998,0.9988,True
259,right_shoulder,,,,,,0.0123,True
259,right_toe_tip,846.176,195.654,0.5268693217391305,-0.4199754847826087,0.147,0.7954,True
260,left_shoulder,943.318,137.66000000000005,0.560017342173913,-0.4105073086956521,1.6024,0.893,True
260,left_toe_tip,744.674,149.13,0.3075140078260869,-0.6194993869565218,-0.0168000000000001,0.9733,True
260,right_shoulder,,,,,,0.0106,True
260,right_toe_tip,846.262,195.202,0.5270890891304346,-0.4211305413043478,0.147,0.7181,True
261,left_shoulder,937.632,134.96800000000002,0.548548716521739,-0.4147437599999999,1.6014000000000002,0.8765,True
261,left_toe_tip,743.6320000000001,148.87,0.3072238226086958,-0.625908654347826,-0.0414,1.0,True
261,right_shoulder,,,,,,0.011,True
261,right_toe_tip,846.262,194.308,0.5246677526086955,-0.42147002,0.1578000000000002,0.7562,True
262,left_shoulder,931.706,132.54399999999998,0.5357878247826086,-0.4177773356521739,1.5947,0.9691,True
262,left_toe_tip,742.734,148.608,0.3049189786956522,-0.6274206469565217,-0.0365999999999999,1.0,True
262,right_shoulder,,,,,,0.015,True
262,right_toe_tip,846.208,193.244,0.5228717634782608,-0.4228352139130435,0.1626999999999998,0.9084,True
263,left_shoulder,925.348,130.296,0.5234274834782607,-0.4213570330434782,1.5764,0.9071,True
263,left_toe_tip,742.11,148.44,0.3026895565217392,-0.6271374260869564,-0.0331999999999998,1.0,True
263,right_shoulder,,,,,,0.0138,True
263,right_toe_tip,846.1939999999998,192.128,0.5200571278260866,-0.4234023791304348,0.1675999999999999,0.9148,True
264,left_shoulder,918.79,128.09,0.5106099456521739,-0.4247482065217391,1.539,0.8609,True
264,left_toe_tip,741.786,148.256,0.3022380378260868,-0.6287415860869566,-0.0298000000000001,1.0,True
264,right_shoulder,,,,,,0.0113,True
264,right_toe_tip,846.1120000000001,191.214,0.5181924521739133,-0.4243500195652174,0.171,0.8633,True
265,left_shoulder,912.156,125.546,0.4977496582608694,-0.4287959786956521,1.4954,0.9232,True
265,left_toe_tip,741.6,148.116,0.3014427826086957,-0.6286506156521741,-0.0275999999999999,1.0,True
265,right_shoulder,,,,,,0.0118,True
265,right_toe_tip,845.866,190.79,0.515336302173913,-0.4235767717391304,0.183,0.9522,True
266,left_shoulder,905.486,122.876,0.4846850930434784,-0.4329059460869565,1.4604,0.8637,True
266,left_toe_tip,741.472,147.978,0.2995629913043477,-0.6259258173913044,-0.014,1.0,True
266,right_shoulder,,,,,,0.0112,True
266,right_toe_tip,845.4739999999999,190.618,0.5145336969565216,-0.4241546213043479,0.1821999999999998,0.9138,True
267,left_shoulder,899.1299999999999,120.282,0.4722362586956519,-0.4368599986956521,1.4009,0.8977,True
267,left_toe_tip,741.454,147.92199999999997,0.3009875517391303,-0.629180101304348,-0.0274,1.0,True
267,right_shoulder,,,,,,0.0135,True
267,right_toe_tip,845.0300000000001,190.604,0.5126641434782612,-0.4235636504347827,0.1855999999999999,0.8686,True
268,left_shoulder,893.0039999999999,117.892,0.4604672799999998,-0.44063656,1.3891,0.9191,True
268,left_toe_tip,741.368,147.85600000000002,0.3004900104347827,-0.6288686052173912,-0.0251999999999998,1.0,True
268,right_shoulder,,,,,,0.0229,True
268,right_toe_tip,844.452,190.58,0.5119744756521739,-0.4242497782608695,0.1841999999999998,0.8655,True
269,left_shoulder,887.5899999999999,115.668,0.450183208695652,-0.4442593147826087,1.3732,0.9269,True
269,left_toe_tip,741.3,147.826,0.2997819347826085,-0.627896665652174,-0.0205999999999999,1.0,True
269,right_shoulder,,,,,,0.0148,True
269,right_toe_tip,844.124,190.586,0.5107537478260871,-0.4239032913043478,0.186,0.9094,True
270,left_shoulder,882.082,114.258,0.4403787339130435,-0.4470367513043478,1.3514000000000002,0.9088,True
270,left_toe_tip,741.23,147.85,0.3003230021739131,-0.6293937065217392,-0.0274,1.0,True
270,right_shoulder,,,,,,0.0118,True
270,right_toe_tip,844.05,190.598,0.5120324239130433,-0.4250885404347825,0.1794000000000001,0.7496,True
271,left_shoulder,877.0139999999999,113.102,0.4315715791304346,-0.4495690539130434,1.3088,0.863,True
271,left_toe_tip,741.088,147.88,0.3008906295652173,-0.6313797913043478,-0.0364,1.0,True
271,right_shoulder,,,,,,0.0101,True
271,right_toe_tip,843.912,190.55400000000003,0.5135036104347828,-0.4267092313043478,0.1711999999999998,0.7957,True
272,left_shoulder,872.284,111.894,0.4234133347826087,-0.4522540891304347,1.241,0.8442,True
272,left_toe_tip,740.8679999999999,147.798,0.299490248695652,-0.630055416521739,-0.0295999999999999,0.9994,True
272,right_shoulder,,,,,,0.0099,True
272,right_toe_tip,844.156,190.818,0.515405136521739,-0.4271109926086956,0.1654000000000001,0.6783,True
273,left_shoulder,867.7180000000001,110.936,0.4156348539130436,-0.4545959443478261,1.2098,0.8797,True
273,left_toe_tip,740.7320000000001,147.846,0.2993273278260872,-0.6304202230434782,-0.0318000000000001,1.0,True
273,right_shoulder,,,,,,0.0115,True
273,right_toe_tip,844.646,191.216,0.5178878447826085,-0.4271335965217391,0.1578000000000002,0.3637,True
274,left_shoulder,863.222,109.676,0.4077198356521739,-0.457222227826087,1.1866,0.8573,True
274,left_toe_tip,740.588,148.00799999999998,0.2985276904347825,-0.629155387826087,-0.0284,1.0,True
274,right_shoulder,,,,,,0.0121,True
274,right_toe_tip,844.818,191.828,0.5203712969565217,-0.4272665573913043,0.1555999999999999,0.4309,True
275,left_shoulder,859.4100000000001,108.21399999999998,0.4008525304347827,-0.4600020747826086,1.1672,0.8461,True
275,left_toe_tip,740.5200000000001,148.102,0.2973425304347828,-0.6268034969565217,-0.0194,1.0,True
275,right_shoulder,,,,,,0.0355,True
275,right_toe_tip,844.7479999999999,192.314,0.520371493043478,-0.426177614347826,0.1548000000000002,0.6717,True
276,left_shoulder,855.836,106.71200000000002,0.3940414626086956,-0.4624157878260869,1.1504,0.8466,True
276,left_toe_tip,740.53,148.26600000000002,0.2962575391304347,-0.623970892173913,-0.0091999999999998,1.0,True
276,right_shoulder,,,,,,0.0237,True
276,right_toe_tip,845.098,192.868,0.5209043334782607,-0.4244789469565217,0.1614000000000001,0.8544,True
277,left_shoulder,852.55,105.266,0.3880423695652172,-0.4650556808695651,1.1354000000000002,0.8855,True
277,left_toe_tip,740.518,148.512,0.2959818065217392,-0.6227402086956523,-0.007,1.0,True
277,right_shoulder,,,,,,0.0281,True
277,right_toe_tip,844.216,192.22,0.5181315078260869,-0.4256870391304347,0.1613000000000002,0.6438,True
278,left_shoulder,849.702,103.58,0.3823414508695651,-0.4675205521739131,1.1136,0.8916,True
278,left_toe_tip,740.45,148.66799999999998,0.2950609565217392,-0.6207647791304348,-0.0004,1.0,True
278,right_shoulder,,,,,,0.0296,True
278,right_toe_tip,842.984,190.67,0.5148292017391306,-0.4294724152173913,0.1595999999999999,0.7035,True
279,left_shoulder,847.2279999999998,102.468,0.377425257391304,-0.4690441513043478,1.0834,0.8355,True
279,left_toe_tip,740.358,148.658,0.2940707569565216,-0.6192780039130436,0.0121999999999998,1.0,True
279,right_shoulder,,,,,,0.0187,True
279,right_toe_tip,842.1039999999999,188.272,0.5111473773913041,-0.4343225113043478,0.1611999999999998,0.7212,True
280,left_shoulder,844.8520000000001,101.546,0.3724298426086958,-0.4698806091304348,1.0804,0.8845,True
280,left_toe_tip,740.1980000000001,148.84599999999998,0.2930138034782611,-0.6174877408695654,0.0175999999999999,1.0,True
280,right_shoulder,,,,,,0.0141,True
280,right_toe_tip,840.7360000000001,185.18,0.5069893147826089,-0.4415345130434782,0.1459,0.4242,True
281,left_shoulder,842.9680000000001,100.638,0.3689164017391306,-0.4714186265217391,1.0753,0.914,True
281,left_toe_tip,740.086,148.916,0.2920988152173913,-0.6160440652173913,0.023,1.0,True
281,right_shoulder,,,,,,0.018,True
281,right_toe_tip,838.298,181.416,0.4977279799999999,-0.4482458399999999,0.1488000000000001,0.4504,True
282,left_shoulder,841.232,99.658,0.3652798260869564,-0.4725773260869564,1.0775,0.9174,True
282,left_toe_tip,740.028,148.838,0.2911032252173914,-0.6145273247826087,0.0305999999999999,0.9912,True
282,right_shoulder,,,,,,0.026,True
282,right_toe_tip,834.608,176.978,0.4806817599999999,-0.45206434,0.1585999999999999,0.6785,True
283,left_shoulder,839.4440000000001,98.956,0.3622510043478262,-0.474135352173913,1.0765,0.9085,True
283,left_toe_tip,740.15,148.874,0.2909792934782608,-0.6134128239130434,0.035,0.9919,True
283,right_shoulder,,,,,,0.0538,True
283,right_toe_tip,831.0719999999999,173.36,0.4652187826086954,-0.4544278260869565,0.149,0.7223,True
284,left_shoulder,838.052,98.056,0.360024092173913,-0.4761686365217391,1.0751,0.8906,True
284,left_toe_tip,740.36,149.044,0.2907603739130435,-0.6111762199999999,0.0425999999999999,0.999,True
284,right_shoulder,,,,,,0.0413,True
284,right_toe_tip,824.3506666666666,168.56433333333334,0.4431562928019322,-0.4601877600120773,0.1374333333333334,0.7829,True
285,left_shoulder,836.856,96.99,0.3579355617391305,-0.4782207913043478,1.0747,0.8683,True
285,left_toe_tip,740.638,149.092,0.2911938652173914,-0.6102577130434783,0.04,0.9807,True
285,right_shoulder,,,,,,0.0295,True
285,right_toe_tip,815.21,162.68699999999998,0.4153048336956522,-0.4676961511956522,0.1783000000000001,0.8066,True
286,left_shoulder,835.594,95.86,0.3556409165217392,-0.4802754260869565,1.0747,0.873,True
286,left_toe_tip,740.774,149.248,0.2914778413043478,-0.6095772521739131,0.041,0.9909,True
286,right_shoulder,,,,,,0.0402,True
286,right_toe_tip,804.0139999999999,155.706,0.3853972447826085,-0.4800464882608696,0.2181999999999998,0.1577,True
287,left_shoulder,834.442,94.964,0.35346174,-0.4817893547826087,1.0806,0.8915,True
287,left_toe_tip,741.018,149.13,0.2926447539130435,-0.6108812217391304,0.0368000000000001,0.9744,True
287,right_shoulder,,,,,,0.0535,True
287,right_toe_tip,792.0766666666666,148.44333333333333,0.3583168707729467,-0.4984612330917874,0.306333333333333,0.1271,True
288,left_shoulder,833.626,93.79,0.3517679308695651,-0.4836341239130435,1.0731,0.9223,True
288,left_toe_tip,741.338,149.384,0.2942987699999999,-0.611656335652174,0.0471999999999998,0.9791,True
288,right_shoulder,,,,,,0.0531,True
288,right_toe_tip,777.22,139.375,0.3226907282608696,-0.5188284646739131,0.3435,0.017,True
289,left_shoulder,832.6959999999999,92.59,0.3492824452173911,-0.4847096913043477,1.0854,0.9247,True
289,left_toe_tip,741.3860000000001,149.204,0.2956283517391306,-0.6146536408695651,0.0194,0.9656,True
289,right_shoulder,,,,,,0.0423,True
289,right_toe_tip,762.3633333333333,130.30666666666667,0.2871991570048309,-0.5391135555555554,-0.035333333333333,0.0153,True
290,left_shoulder,831.7620000000001,91.366,0.3466306586956522,-0.4855851543478261,1.09,0.9105,True
290,left_toe_tip,741.508,148.872,0.296579895652174,-0.6168609391304349,0.014,0.9334,True
290,right_shoulder,,,,,,0.0262,True
290,right_toe_tip,747.548,120.97,0.25374314,-0.5639549108695653,0.0184,0.0998,True
291,left_shoulder,831.052,90.108,0.3434367365217391,-0.4851602060869565,1.0997,0.903,True
291,left_toe_tip,741.5440000000001,148.48,0.2966850782608698,-0.6180062608695653,0.014,0.9288,True
291,right_shoulder,,,,,,0.0169,True
291,right_toe_tip,732.636,112.397,0.224269742173913,-0.599441480326087,-0.0473000000000001,0.7478,True
292,left_shoulder,830.406,88.854,0.3409923104347825,-0.4855871191304348,1.1054000000000002,0.8871,True
292,left_toe_tip,741.592,148.342,0.2958756573913043,-0.6164309186956523,0.0225999999999999,0.9736,True
292,right_shoulder,,,,,,0.0186,True
292,right_toe_tip,717.9053333333334,104.41166666666668,0.1919209177294687,-0.6296455633454106,-0.0314333333333333,0.8693,True
293,left_shoulder,829.652,87.69,0.338982335652174,-0.4867245260869565,1.1091,0.8548,True
293,left_toe_tip,741.426,147.762,0.2947968739130436,-0.6168743608695652,0.028,0.9587,True
293,right_shoulder,,,,,,0.0286,True
293,right_toe_tip,703.344,96.986,0.158855735652174,-0.6595933704347826,0.0968000000000001,0.8732,True
294,left_shoulder,828.9960000000001,86.424,0.3369469991304349,-0.4877384295652174,1.0988,0.8649,True
294,left_toe_tip,741.4559999999999,147.484,0.2926564486956519,-0.6130162617391305,0.0346999999999998,0.9427,True
294,right_shoulder,,,,,,0.0293,True
294,right_toe_tip,689.624,90.144,0.1268324713043478,-0.6897167373913043,0.1555999999999999,0.8899,True
295,left_shoulder,828.1300000000001,85.082,0.3347487065217393,-0.4891747456521739,1.102,0.8792,True
295,left_toe_tip,741.424,147.256,0.289830104347826,-0.6079391043478262,0.0595,0.9485,True
295,right_shoulder,,,,,,0.0268,True
295,right_toe_tip,676.8100000000001,85.15599999999999,0.0943216239130436,-0.7042578756521739,0.1445999999999999,0.9773,True
296,left_shoulder,826.82,83.78399999999999,0.3320928565217392,-0.4910039634782609,1.0866,0.9059,True
296,left_toe_tip,741.516,147.08,0.2890337069565216,-0.6062202695652175,0.0690999999999999,0.9369,True
296,right_shoulder,,,,,,0.0222,True
296,right_toe_tip,665.9060000000001,80.92999999999999,0.0651873804347827,-0.7022250543478261,0.025,0.8641,True
297,left_shoulder,825.344,81.69,0.3285020939130435,-0.4932742239130434,1.0774,0.8729,True
297,left_toe_tip,741.5020000000001,147.024,0.2859929178260871,-0.6000830295652173,0.0963000000000001,0.9417,True
297,right_shoulder,,,,,,0.0287,False
297,right_toe_tip,657.552,77.798,0.0437082956521739,-0.7027443282608695,-0.033,0.9296,True
298,left_shoulder,823.758,79.298,0.3240532382608696,-0.4950118747826087,1.0771,0.8274,True
298,left_toe_tip,741.5519999999999,147.292,0.2830651617391301,-0.5929004295652174,0.1240999999999999,0.9258,True
298,right_shoulder,,,,,,0.0168,False
298,right_toe_tip,651.736,75.814,0.0288705599999999,-0.69909756,-0.0281999999999998,0.8792,True
299,left_shoulder,821.934,76.292,0.319491924347826,-0.4982159182608695,1.0759,0.8885,True
299,left_toe_tip,741.438,147.42200000000005,0.2812037773913043,-0.5893031860869565,0.1380999999999999,0.9215,True
299,right_shoulder,,,,,,0.0142,True
299,right_toe_tip,648.0840000000001,75.11800000000001,0.019633575652174,-0.6918916747826087,-0.0144,0.8735,True
300,left_shoulder,819.85,72.974,0.3145420108695653,-0.5019835152173913,1.0685,0.9252,True
300,left_toe_tip,741.28,147.648,0.2779695652173912,-0.5828139130434783,0.1635,0.9336,True
300,right_shoulder,,,,,,0.0176,True
300,right_toe_tip,646.376,74.81800000000001,0.0154590278260868,-0.6914423578260869,-0.0160999999999999,0.7616,True
301,left_shoulder,817.7120000000001,68.796,0.3095279443478263,-0.5072014017391304,1.0726,0.8994,True
301,left_toe_tip,741.008,147.836,0.2736658052173914,-0.574826072173913,0.2094,0.9466,True
301,right_shoulder,,,,,,0.0229,True
301,right_toe_tip,645.664,75.136,0.013727812173913,-0.6904236382608696,-0.0153000000000001,0.7607,True
302,left_shoulder,814.994,64.09,0.3031200417391304,-0.5125675826086955,1.0814,0.8311,True
302,left_toe_tip,740.7639999999999,148.12600000000003,0.2721723260869562,-0.5722900978260869,0.217,0.9589,True
302,right_shoulder,,,,,,0.0162,True
302,right_toe_tip,645.164,76.398,0.0124912669565217,-0.6860085769565216,-0.0094,0.805,True
303,left_shoulder,811.5640000000001,59.38,0.2952392660869566,-0.5173278086956522,1.0868,0.9321,True
303,left_toe_tip,740.3820000000001,148.15,0.2678453626086958,-0.5652710652173913,0.2471999999999998,0.9779,True
303,right_shoulder,,,,,,0.0178,True
303,right_toe_tip,644.95,78.458,0.0119779239130435,-0.6812704352173914,-0.0041999999999998,0.7378,True
304,left_shoulder,807.6719999999999,54.598,0.2869013721739129,-0.5225693786956521,1.0848,0.9444,True
304,left_toe_tip,740.154,148.608,0.2650161930434782,-0.5593616139130435,0.2735999999999999,0.9957,True
304,right_shoulder,,,,,,0.0193,True
304,right_toe_tip,644.574,80.89399999999999,0.0111774639130433,-0.682050118695652,-0.0166999999999998,0.7994,True
305,left_shoulder,803.512,48.736,0.2783614069565216,-0.5298931269565218,1.0818,0.9226,True
305,left_toe_tip,739.912,149.018,0.26418036,-0.5578639273913043,0.2754000000000001,0.9963,True
305,right_shoulder,,,,,,0.0147,True
305,right_toe_tip,644.022,83.292,0.0098521513043479,-0.677814292173913,-0.0065999999999999,0.8297,True
306,left_shoulder,798.706,42.834,0.2688686647826087,-0.5373205734782609,1.0759,0.9047,True
306,left_toe_tip,739.8399999999999,149.516,0.2644023652173911,-0.5574165408695653,0.2995999999999999,0.9628,True
306,right_shoulder,,,,,,0.0412,True
306,right_toe_tip,643.4125,85.3785,0.0083778729619565,-0.6742107075815217,-0.01965,0.8596,True
307,left_shoulder,793.5200000000001,36.854,0.2594821739130436,-0.5461869891304347,1.077,0.907,True
307,left_toe_tip,739.752,150.19199999999998,0.264993356521739,-0.5573595130434783,0.292,0.9749,True
307,right_shoulder,,,,,,0.0186,True
307,right_toe_tip,642.6115,86.6715,0.0064326638315216,-0.6732645437771739,-0.01615,0.8543,True
308,left_shoulder,788.12,30.53,0.2494855999999999,-0.5549420782608696,1.0799,0.9463,True
308,left_toe_tip,739.828,150.978,0.2681683904347825,-0.5614967073913044,0.2845999999999999,0.9444,True
308,right_shoulder,,,,,,0.0092,True
308,right_toe_tip,641.569,87.29100000000001,0.0038718485869564,-0.6729687420652174,-0.0353000000000001,0.902,False
309,left_shoulder,782.2560000000001,24.668,0.2391447060869566,-0.5637222513043478,1.0594,0.8113,True
309,left_toe_tip,739.722,151.28199999999998,0.2717207713043478,-0.5687111765217393,0.2491999999999998,0.9226,True
309,right_shoulder,,,,,,0.0274,True
309,right_toe_tip,640.4350000000001,87.495,0.0010640951086957,-0.6666005461956522,-0.0265,0.8441,False
310,left_shoulder,776.2539999999999,18.71,0.2283143113043476,-0.5718833304347826,1.0699,0.889,True
310,left_toe_tip,739.55,152.0,0.2764243804347824,-0.5775617391304347,0.2014,0.9216,True
310,right_shoulder,,,,,,0.0125,True
310,right_toe_tip,638.585,87.487,-0.0034429103260868,-0.6630655983695652,-0.035,0.8298,False
311,left_shoulder,770.106,13.169999999999998,0.2177578465217391,-0.5804878630434782,1.0717,0.8023,True
311,left_toe_tip,739.4639999999999,153.036,0.2821101756521737,-0.5870128930434781,0.1695999999999999,0.8269,True
311,right_shoulder,,,,,,0.0128,True
311,right_toe_tip,636.7744999999999,87.28450000000001,-0.0077897577989133,-0.6586227539945652,-0.0568499999999999,0.7884,True
312,left_shoulder,763.79,9.36,0.2069984086956521,-0.5863310608695652,1.0786,0.8586,True
312,left_toe_tip,739.354,153.828,0.2837204660869566,-0.58875552,0.1728000000000001,0.9248,True
312,right_shoulder,,,,,,0.0223,True
312,right_toe_tip,634.9315,86.95150000000001,-0.0121013192119564,-0.6519181333423913,-0.0610500000000001,0.6905,True
313,left_shoulder,757.9556097560975,6.466926829268293,0.1975049730439954,-0.5919560776390865,1.0840512195121952,0.5384,True
313,left_toe_tip,739.1139999999999,154.328,0.2855129595652171,-0.5924694939130434,0.1498000000000001,0.9684,True
313,right_shoulder,,,,,,0.0331,True
313,right_toe_tip,632.83,86.338,-0.0169040543478259,-0.6451879108695653,-0.0525,0.6833,True
314,left_shoulder,752.8128292682926,4.018780487804878,0.1890284828572535,-0.5964799419225099,1.0904536585365854,0.5884,True
314,left_toe_tip,739.064,155.06199999999998,0.2842921443478259,-0.5881275082608695,0.1598000000000002,0.9156,True
314,right_shoulder,,,,,,0.0404,True
314,right_toe_tip,630.946,85.696,-0.0211115660869564,-0.6396053704347825,-0.0416999999999998,0.6653,True
315,left_shoulder,748.0036585365854,3.3295609756097564,0.1815274640483149,-0.5994748805214289,1.1017073170731706,0.2102,True
315,left_toe_tip,739.05,155.50799999999998,0.280677554347826,-0.579468091304348,0.208,0.7467,True
315,right_shoulder,,,,,,0.0246,True
315,right_toe_tip,630.068,85.226,-0.0229904208695652,-0.6360420765217392,-0.0330999999999999,0.6489,True
316,left_shoulder,743.8360975609755,3.4992682926829266,0.1748834422574553,-0.6004277567506401,1.103512195121951,0.2617,True
316,left_toe_tip,739.072,155.872,0.2772508382608695,-0.5712477704347826,0.2404,0.754,True
316,right_shoulder,,,,,,0.0254,True
316,right_toe_tip,629.4159999999999,85.19,-0.0243547043478262,-0.6323617065217392,-0.0205,0.6456,True
317,left_shoulder,740.3541463414633,3.46390243902439,0.1694819773168143,-0.6021319995473708,1.105268292682927,0.139,True
317,left_toe_tip,738.804,156.35,0.2795294034782608,-0.5761524130434783,0.2271999999999998,0.7588,True
317,right_shoulder,,,,,,0.0272,True
317,right_toe_tip,629.1800000000001,85.58200000000001,-0.0248883521739128,-0.6312210560869564,-0.0196999999999998,0.681,True
318,left_shoulder,738.6131707317072,3.446219512195122,0.1667691983291517,-0.6029842433010889,1.1031463414634144,0.1339,True
318,left_toe_tip,738.1700000000001,156.49200000000002,0.2814491217391306,-0.5834485878260869,0.1924000000000001,0.8055,True
318,right_shoulder,,,,,,0.0312,True
318,right_toe_tip,629.116,86.28399999999999,-0.0250497626086956,-0.6299633243478261,-0.0124,0.6443,True
319,left_shoulder,736.8721951219512,3.4285365853658543,0.1640483883299278,-0.603836568625042,1.1035243902439025,0.1487,True
319,left_toe_tip,736.7180000000001,155.982,0.2822904060869567,-0.5954664495652173,0.1508000000000001,0.6217,True
319,right_shoulder,,,,,,0.0209,True
319,right_toe_tip,629.024,87.09,-0.0253020660869565,-0.6291168782608695,-0.0158000000000001,0.5025,True
320,left_shoulder,735.1312195121951,3.410853658536586,0.1613195473191423,-0.6046889755192303,1.10690243902439,0.1084,True
320,left_toe_tip,733.8389999999999,154.45999999999998,0.2802114139130433,-0.6137603130434782,0.0948000000000001,0.5697,True
320,right_shoulder,,,,,,0.03,True
320,right_toe_tip,628.682,87.654,-0.0260633856521738,-0.6271654734782608,-0.0135999999999999,0.6335,True
321,left_shoulder,733.390243902439,3.393170731707317,0.1585826752967953,-0.6055414639836536,1.104780487804878,0.104,True
321,left_toe_tip,729.347,151.7,0.2710904519565216,-0.6320093695652174,0.0505999999999999,0.6978,True
321,right_shoulder,,,,,,0.0235,True
321,right_toe_tip,628.154,87.97200000000001,-0.0274415165217391,-0.6301587756521738,-0.0241999999999998,0.5361,True
322,left_shoulder,,,,,,0.0931,True
322,left_toe_tip,723.393,149.116,0.2564516039130435,-0.6485141443478261,0.0283000000000001,0.1413,True
322,right_shoulder,,,,,,0.0148,True
322,right_toe_tip,627.312,87.694,-0.0294196104347825,-0.6313947382608694,-0.0366999999999998,0.616,True
323,left_shoulder,,,,,,0.0888,True
323,left_toe_tip,715.321,146.01999999999998,0.2355582404347826,-0.6691991913043479,0.0018000000000001,0.7218,True
323,right_shoulder,,,,,,0.0219,True
323,right_toe_tip,626.6940000000001,87.372,-0.030884383043478,-0.6327932947826087,-0.0454,0.7295,True
324,left_shoulder,,,,,,0.0218,True
324,left_toe_tip,704.873,142.506,0.2060422891304349,-0.6907798565217391,0.012,0.8192,True
324,right_shoulder,,,,,,0.0241,True
324,right_toe_tip,626.1600000000001,87.096,-0.0323194086956519,-0.6372901669565217,-0.0584,0.8989,True
325,left_shoulder,,,,,,0.01,True
325,left_toe_tip,693.496,140.544,0.1687333617391303,-0.6921928486956522,0.1126999999999998,0.8313,True
325,right_shoulder,,,,,,0.0198,True
325,right_toe_tip,632.8628000000001,91.6372,-0.0169434024869562,-0.6370816192521739,-0.0600399999999999,0.8989,True
326,left_shoulder,,,,,,0.0175,True
326,left_toe_tip,681.464,138.95999999999998,0.129403735652174,-0.6898370086956522,0.1748000000000001,0.7554,True
326,right_shoulder,,,,,,0.0086,True
326,right_toe_tip,646.7264,100.8316,0.0162714540521739,-0.6269396277913043,0.24198,0.8082,True
327,left_shoulder,,,,,,0.0101,True
327,left_toe_tip,669.0559999999999,137.60399999999998,0.0885323686956519,-0.6776309426086957,0.2568000000000002,0.9909,True
327,right_shoulder,,,,,,0.0072,True
327,right_toe_tip,667.7608,114.9712,0.069204053426087,-0.610824838121739,0.5245599999999999,0.0316,True
328,left_shoulder,,,,,,0.0187,True
328,left_toe_tip,657.876,136.93800000000002,0.052839124347826,-0.6593421769565218,0.3020999999999999,0.8997,True
328,right_shoulder,,,,,,0.0088,True
328,right_toe_tip,695.898,133.772,0.1446299991304348,-0.5853403600000001,0.5115999999999999,0.124,True
329,left_shoulder,,,,,,0.02,True
329,left_toe_tip,645.46,136.574,0.0157058086956522,-0.6426897460869565,0.2515999999999999,0.9071,True
329,right_shoulder,,,,,,0.0098,True
329,right_toe_tip,731.0020000000001,157.098,0.2442810208695653,-0.5446595426086955,0.3879000000000001,0.2523,True
330,left_shoulder,,,,,,0.0183,True
330,left_toe_tip,632.5600000000001,136.166,-0.0210487304347824,-0.6332555817391305,0.1221999999999998,0.882,True
330,right_shoulder,,,,,,0.0098,True
330,right_toe_tip,743.9462000000001,165.1498,0.2853390981000002,-0.534876506621739,0.2985399999999999,0.1966,True
331,left_shoulder,,,,,,0.0131,True
331,left_toe_tip,619.494,136.288,-0.0573588482608694,-0.6257613704347825,0.0200999999999999,0.8189,True
331,right_shoulder,,,,,,0.0055,True
331,right_toe_tip,734.7306000000001,157.9274,0.2623605154217394,-0.5596488514652174,0.29402,0.4382,True
332,left_shoulder,,,,,,0.0104,True
332,left_toe_tip,606.4420000000001,136.05200000000002,-0.0922407286956518,-0.6155648939130435,-0.0708000000000001,0.7878,True
332,right_shoulder,,,,,,0.0046,True
332,right_toe_tip,718.0402,145.9338,0.216447887752174,-0.5937219129260869,0.3093400000000001,0.5085,True
333,left_shoulder,,,,,,0.0106,True
333,left_toe_tip,592.6220000000001,136.166,-0.1273438243478259,-0.6016268643478261,-0.1428000000000001,0.9084,True
333,right_shoulder,,,,,,0.0057,True
333,right_toe_tip,693.925,128.811,0.1480886005434781,-0.6348902266304347,0.3375,0.7401,True
334,left_shoulder,,,,,,0.0056,True
334,left_toe_tip,581.7120000000001,137.126,-0.1515614713043475,-0.5795208508695652,-0.1666999999999998,0.9585,True
334,right_shoulder,,,,,,0.0043,True
334,right_toe_tip,662.483,106.645,0.060476826195652,-0.6814974114130434,0.1733000000000001,0.8596,True
335,left_shoulder,,,,,,0.0086,True
335,left_toe_tip,572.26,137.45,-0.1722510391304348,-0.5659059456521739,-0.1954000000000001,0.9275,True
335,right_shoulder,,,,,,0.0061,True
335,right_toe_tip,646.048,95.25,0.0160521808695652,-0.7026810326086957,-0.0443000000000001,0.9336,True
336,left_shoulder,,,,,,0.0075,True
336,left_toe_tip,563.876,137.934,-0.1899459286956522,-0.5541029452173913,-0.1545999999999999,0.9543,True
336,right_shoulder,,,,,,0.0037,False
336,right_toe_tip,644.764,94.378,0.0125821382608695,-0.7015307995652175,-0.0708000000000001,0.9523,True
337,left_shoulder,,,,,,0.0091,True
337,left_toe_tip,556.918,138.385,-0.2058537163043478,-0.5490993396739131,-0.1285,0.9626,True
337,right_shoulder,,,,,,0.0051,True
337,right_toe_tip,643.9799999999999,93.788,0.0104760521739127,-0.7007162817391303,-0.0625999999999999,0.9188,True
338,left_shoulder,,,,,,0.0069,True
338,left_toe_tip,551.3299999999999,138.827,-0.2184462554347828,-0.5448789179347826,-0.085,0.9475,True
338,right_shoulder,,,,,,0.0053,True
338,right_toe_tip,642.8480000000001,93.386,0.0074481391304349,-0.6972535695652176,-0.074,0.8305,True
339,left_shoulder,,,,,,0.0074,True
339,left_toe_tip,546.802,139.397,-0.2304725758695651,-0.5455368318478261,-0.0620999999999999,0.9485,False
339,right_shoulder,,,,,,0.009,True
339,right_toe_tip,641.0640000000001,93.518,0.0027643182608697,-0.6923318221739128,-0.1061999999999998,0.494,True
340,left_shoulder,,,,,,0.009,True
340,left_toe_tip,543.284,139.981,-0.239887217826087,-0.545718865326087,-0.0539,0.9455,True
340,right_shoulder,,,,,,0.007,False
340,right_toe_tip,637.744,93.148,-0.0058160660869564,-0.6879560582608696,-0.1458000000000001,0.618,True
341,left_shoulder,,,,,,0.0476,True
341,left_toe_tip,540.6279999999999,140.483,-0.2444227160869567,-0.5399402383695653,0.0020999999999999,0.9525,True
341,right_shoulder,,,,,,0.0092,False
341,right_toe_tip,634.516,92.634,-0.0139245913043479,-0.6788771478260869,-0.197,0.3709,True
342,left_shoulder,,,,,,0.0094,True
342,left_toe_tip,538.508,141.106,-0.2476625434782608,-0.534148945652174,0.025,0.9657,True
342,right_shoulder,,,,,,0.0042,True
342,right_toe_tip,630.9939999999999,91.898,-0.0224523495652176,-0.6683899426086957,-0.1715999999999999,0.8603,True
343,left_shoulder,,,,,,0.0163,True
343,left_toe_tip,536.7,141.82,-0.2491326521739129,-0.526193243478261,0.0501999999999998,0.9268,True
343,right_shoulder,,,,,,0.0091,True
343,right_toe_tip,628.354,91.584,-0.0286820726086955,-0.6610619269565218,-0.1508000000000001,0.8748,True
344,left_shoulder,,,,,,0.0166,True
344,left_toe_tip,535.32,142.468,-0.2494797478260868,-0.518435503478261,0.0604,0.9126,True
344,right_shoulder,,,,,,0.0079,True
344,right_toe_tip,626.642,91.008,-0.0326806373913042,-0.6580947756521739,-0.1378000000000001,0.9309,True
345,left_shoulder,,,,,,0.0168,True
345,left_toe_tip,534.3219999999999,143.2,-0.250158204782609,-0.5132033043478262,0.0571999999999998,0.9266,True
345,right_shoulder,,,,,,0.0127,True
345,right_toe_tip,626.924,90.764,-0.0317462539130435,-0.6536581843478261,-0.1205999999999999,0.9154,True
346,left_shoulder,,,,,,0.0129,True
346,left_toe_tip,533.534,143.89,-0.2525327230434783,-0.5126035239130434,0.0273000000000001,0.9117,True
346,right_shoulder,,,,,,0.0096,True
346,right_toe_tip,627.5719999999999,91.108,-0.0301108826086959,-0.651478552173913,-0.114,0.9311,True
347,left_shoulder,,,,,,0.0107,True
347,left_toe_tip,532.81,144.448,-0.2552054086956523,-0.5132011965217391,0.0190999999999999,0.9121,True
347,right_shoulder,,,,,,0.0076,True
347,right_toe_tip,629.088,91.648,-0.0264829495652174,-0.6512786365217391,-0.1143000000000001,0.8746,True
348,left_shoulder,,,,,,0.013,True
348,left_toe_tip,532.392,144.948,-0.2570427617391303,-0.5136937773913043,0.0044,0.9388,True
348,right_shoulder,,,,,,0.0084,True
348,right_toe_tip,630.726,92.04,-0.0226164634782608,-0.6534728869565217,-0.1215999999999999,0.7575,True
349,left_shoulder,,,,,,0.015,True
349,left_toe_tip,531.9469999999999,145.423,-0.2593506897826089,-0.5150314471739129,-0.0281999999999998,0.9463,True
349,right_shoulder,,,,,,0.009,True
349,right_toe_tip,631.7299999999999,92.418,-0.0201949804347828,-0.6534236099999999,-0.1210999999999999,0.478,True
350,left_shoulder,,,,,,0.032,True
350,left_toe_tip,531.485,145.93699999999998,-0.2619457739130434,-0.516729467826087,-0.0408000000000001,0.9522,True
350,right_shoulder,,,,,,0.0134,True
350,right_toe_tip,631.244,92.058,-0.0213456052173912,-0.6531959973913044,-0.1208000000000001,0.3548,True
351,left_shoulder,,,,,,0.0401,True
351,left_toe_tip,531.113,146.519,-0.2630331182608694,-0.5156958417391304,-0.0464,0.9655,False
351,right_shoulder,,,,,,0.024,True
351,right_toe_tip,630.278,91.216,-0.0236857508695651,-0.654839627826087,-0.1194,0.4287,True
352,left_shoulder,,,,,,0.0564,True
352,left_toe_tip,530.7270000000001,146.999,-0.2615425499999997,-0.5098132630434783,-0.026,0.9695,True
352,right_shoulder,,,,,,0.0346,True
352,right_toe_tip,628.02,89.99600000000001,-0.0291192130434783,-0.6562858095652174,-0.1231999999999998,0.8658,True
353,left_shoulder,608.04,2.12,-0.0595776086956522,-0.667135,1.395,0.1166,True
353,left_toe_tip,530.389,147.363,-0.2649726782608695,-0.5140268347826087,-0.096,0.9693,True
353,right_shoulder,,,,,,0.0337,True
353,right_toe_tip,625.8539999999999,88.81,-0.0342302447826088,-0.6562208456521739,-0.1261999999999998,0.74,True
354,left_shoulder,604.5899999999999,2.295,-0.0653352989130436,-0.6600046059782608,1.45,0.2512,True
354,left_toe_tip,530.088,147.622,-0.2662737669565218,-0.5145087895652175,-0.1008000000000001,0.9642,True
354,right_shoulder,,,,,,0.0372,True
354,right_toe_tip,624.4459999999999,87.71600000000001,-0.0375358595652176,-0.6570923226086955,-0.1381999999999998,0.6246,True
355,left_shoulder,601.48,2.8800000000000003,-0.0705641739130434,-0.6542024347826088,1.4846666666666668,0.39,True
355,left_toe_tip,529.822,147.796,-0.2648104278260869,-0.5100277008695652,-0.0771999999999998,0.9667,True
355,right_shoulder,,,,,,0.0416,True
355,right_toe_tip,624.1911428571428,87.46057142857144,-0.0381513872937001,-0.6577172023425021,-0.1382285714285712,0.7265,True
356,left_shoulder,598.475,4.0525,-0.075862112771739,-0.650281261548913,1.49725,0.4979,True
356,left_toe_tip,529.626,147.84,-0.2654494700000001,-0.5102448,-0.0785999999999999,0.9696,True
356,right_shoulder,,,,,,0.0384,True
356,right_toe_tip,623.9354285714286,87.42171428571429,-0.0386786985625554,-0.6562872464241348,-0.1400857142857144,0.599,True
357,left_shoulder,595.76,5.686,-0.0805552695652174,-0.6451595791304348,1.5098,0.7635,True
357,left_toe_tip,529.508,147.894,-0.2667661199999999,-0.5120976599999999,-0.0871999999999998,0.9724,True
357,right_shoulder,,,,,,0.0401,True
357,right_toe_tip,624.3408571428571,87.70342857142859,-0.0375644357409051,-0.6532073404791481,-0.1249714285714285,0.1834,True
358,left_shoulder,590.22,7.858,-0.0898961869565217,-0.6359225204347826,1.5006,0.9505,True
358,left_toe_tip,529.432,147.982,-0.2644017391304347,-0.5069995652173913,-0.066,0.9762,True
358,right_shoulder,,,,,,0.0232,True
358,right_toe_tip,624.3914285714286,88.04571428571428,-0.0372957604259094,-0.6498187187222717,-0.1047857142857146,0.2659,True
359,left_shoulder,584.984,10.574000000000002,-0.0993277999999999,-0.630865854347826,1.501,1.0,True
359,left_toe_tip,529.36,148.052,-0.264477704347826,-0.5066478713043477,-0.0651999999999998,0.97,True
359,right_shoulder,,,,,,0.0151,True
359,right_toe_tip,624.3371428571429,88.50857142857143,-0.0372406317657496,-0.6455088127772849,-0.0939285714285715,0.2045,True
360,left_shoulder,580.136,13.778000000000002,-0.1082757565217391,-0.6262102260869564,1.472,0.9906,True
360,left_toe_tip,529.3439999999999,148.14600000000002,-0.2653819547826088,-0.5080811582608695,-0.0724,0.9674,True
360,right_shoulder,,,,,,0.0178,True
360,right_toe_tip,624.31,88.74000000000001,-0.0372125869565218,-0.6433579565217391,-0.0885,0.0539,True
361,left_shoulder,575.562,16.956,-0.1166467882608695,-0.6209842147826087,1.4666,0.9452,True
361,left_toe_tip,529.262,148.26399999999998,-0.2656749060869566,-0.5079822817391304,-0.0731999999999998,0.9658,True
361,right_shoulder,,,,,,0.0158,True
361,right_toe_tip,624.2421428571429,89.31857142857143,-0.037141073535936,-0.6379927646406389,-0.0634285714285715,0.1005,True
362,left_shoulder,571.582,20.122,-0.1240894291304347,-0.6164352508695651,1.4634,0.9132,True
362,left_toe_tip,529.216,148.38,-0.2693977878260868,-0.5146046347826086,-0.1031999999999998,0.9775,True
362,right_shoulder,,,,,,0.0143,True
362,right_toe_tip,624.3303571428571,89.67142857142858,-0.0369483609000666,-0.6374234377772849,-0.0643214285714284,0.1123,True
363,left_shoulder,567.8280000000001,23.392,-0.1314628669565215,-0.6131387895652173,1.4422,0.8653,True
363,left_toe_tip,529.164,148.464,-0.2730661713043478,-0.5211603234782609,-0.1325999999999999,0.969,True
363,right_shoulder,,,,,,0.0134,True
363,right_toe_tip,624.1071428571429,89.25857142857143,-0.0373340242346938,-0.6360006237244898,-0.0611785714285715,0.6775,True
364,left_shoulder,564.422,26.208,-0.1376998299999999,-0.6081545113043479,1.4378,0.8915,True
364,left_toe_tip,529.14,148.6,-0.2732217,-0.5210090869565218,-0.1334000000000001,0.9642,True
364,right_shoulder,,,,,,0.0112,True
364,right_toe_tip,623.5,88.63,-0.0385104619565217,-0.6333687309782609,-0.05725,0.4266,True
365,left_shoulder,561.244,28.562,-0.1435242495652173,-0.6040097291304347,1.4264,0.9113,True
365,left_toe_tip,529.0899999999999,148.72,-0.2762141217391306,-0.5261790608695652,-0.1571999999999998,0.9523,True
365,right_shoulder,,,,,,0.0163,True
365,right_toe_tip,623.152,88.92,-0.0394169947826086,-0.6342093391304348,-0.0624,0.5488,True
366,left_shoulder,558.3100000000001,30.538,-0.1490487326086955,-0.6011249056521738,1.4094,0.9783,True
366,left_toe_tip,529.064,148.882,-0.2759171252173913,-0.5250871821739129,-0.1541999999999998,0.9601,True
366,right_shoulder,,,,,,0.0259,True
366,right_toe_tip,622.57,88.828,-0.0410400717391303,-0.6384921591304349,-0.0861999999999998,0.8426,True
367,left_shoulder,555.236,31.774,-0.1546574460869565,-0.5988697430434783,1.3954000000000002,0.9406,True
367,left_toe_tip,529.0840000000001,149.07600000000002,-0.2738660713043476,-0.5207988678260869,-0.1375999999999999,0.9514,True
367,right_shoulder,,,,,,0.0162,True
367,right_toe_tip,621.742,89.256,-0.0431642934782609,-0.6400741304347826,-0.082,0.7591,True
368,left_shoulder,552.442,32.727999999999994,-0.1592413539130434,-0.5952081634782608,1.4008,0.8927,True
368,left_toe_tip,529.0799999999999,149.25799999999998,-0.2719469043478262,-0.5166844078260869,-0.1235999999999999,0.9556,True
368,right_shoulder,,,,,,0.0127,True
368,right_toe_tip,620.283,89.98600000000002,-0.0469328894565217,-0.6427213680434783,-0.1029,0.8369,True
369,left_shoulder,549.994,34.156,-0.1636935208695651,-0.5926110660869565,1.3903,0.9385,True
369,left_toe_tip,529.108,149.42400000000004,-0.2712514747826088,-0.5150872069565217,-0.1184,0.9519,True
369,right_shoulder,,,,,,0.0105,True
369,right_toe_tip,618.251,90.578,-0.0522046920652174,-0.6467006550000002,-0.1348000000000001,0.4725,True
370,left_shoulder,547.816,35.764,-0.1676546399999999,-0.5896866034782609,1.3868,0.9414,True
370,left_toe_tip,529.1279999999999,149.56,-0.2691297286956522,-0.5108202260869564,-0.1011999999999998,0.951,True
370,right_shoulder,,,,,,0.0131,True
370,right_toe_tip,614.669,90.606,-0.0604722557608696,-0.6431196110869567,-0.1548000000000002,0.2804,True
371,left_shoulder,545.8979999999999,37.25600000000001,-0.1711019843478262,-0.5868327860869564,1.3802,0.9061,True
371,left_toe_tip,529.234,149.65,-0.2691373004347825,-0.5111047717391305,-0.1034,0.9449,True
371,right_shoulder,,,,,,0.0186,True
371,right_toe_tip,609.757,90.898,-0.0712584251086957,-0.6340569623913043,-0.1516999999999998,0.652,True
372,left_shoulder,544.0260000000001,38.514,-0.1744223130434781,-0.5842658608695652,1.3775,0.883,True
372,left_toe_tip,529.316,149.716,-0.2664596991304347,-0.5062358730434783,-0.0828000000000001,0.9508,True
372,right_shoulder,,,,,,0.0192,True
372,right_toe_tip,602.8373636363636,91.7341818181818,-0.0860597791007904,-0.6212394843873519,-0.1755,0.5744,True
373,left_shoulder,542.4399999999999,40.11,-0.1781954608695653,-0.5842860391304349,1.3656,0.9564,True
373,left_toe_tip,529.4720000000001,149.78199999999998,-0.2667569252173911,-0.5073565730434784,-0.0884,0.9601,True
373,right_shoulder,,,,,,0.0237,True
373,right_toe_tip,594.6690909090909,93.76454545454544,-0.1030982545454546,-0.6055120272727272,-0.1674000000000001,0.6444,True
374,left_shoulder,541.11,41.232,-0.1808182152173913,-0.5828603582608696,1.3603,0.9615,True
374,left_toe_tip,529.664,149.81,-0.2689080208695653,-0.5122695847826086,-0.1101999999999998,0.9583,True
374,right_shoulder,,,,,,0.0245,True
374,right_toe_tip,585.2521818181818,96.98909090909088,-0.1221947498418971,-0.587028913833992,-0.1224,0.1125,True
375,left_shoulder,539.944,42.058,-0.1831894852173914,-0.582110331304348,1.3581,0.9736,True
375,left_toe_tip,529.8019999999999,149.76600000000002,-0.2709193873913045,-0.5168557186956522,-0.1298000000000002,0.9742,True
375,right_shoulder,,,,,,0.0247,True
375,right_toe_tip,575.2536363636364,101.12181818181818,-0.1427235059288537,-0.570657557312253,-0.1125,0.0256,True
376,left_shoulder,539.156,42.696000000000005,-0.1849610495652174,-0.5819769234782608,1.3516,0.977,True
376,left_toe_tip,529.894,149.71800000000002,-0.2705974630434782,-0.5167908717391304,-0.129,0.9823,True
376,right_shoulder,,,,,,0.0237,True
376,right_toe_tip,564.5554545454545,106.00272727272728,-0.1645839160079052,-0.5541005721343875,-0.1025,0.0302,True
377,left_shoulder,538.596,43.496,-0.1867376704347826,-0.5828489965217393,1.3448,1.0,True
377,left_toe_tip,529.9219999999999,149.664,-0.2716533600000002,-0.519072667826087,-0.1384,0.9633,True
377,right_shoulder,,,,,,0.0226,True
377,right_toe_tip,559.2063636363637,108.4431818181818,-0.1753309728260868,-0.5459056385869565,-0.1205,0.0285,True
378,left_shoulder,538.028,44.222,-0.1873624660869565,-0.580207751304348,1.3485999999999998,1.0,True
378,left_toe_tip,529.892,149.676,-0.2700518382608694,-0.5158424713043479,-0.1244000000000001,0.9628,True
378,right_shoulder,,,,,,0.0226,True
378,right_toe_tip,553.8572727272727,110.88363636363636,-0.1859559308300394,-0.5377664110671937,-0.11,0.0286,True
379,left_shoulder,537.546,44.98,-0.1882480886956521,-0.5788150086956522,1.3485999999999998,0.9893,True
379,left_toe_tip,530.2860000000001,149.81599999999997,-0.2662234060869564,-0.5100160452173914,-0.1004,0.9475,True
379,right_shoulder,,,,,,0.0175,True
379,right_toe_tip,548.5081818181818,113.32409090909093,-0.1964587900197628,-0.5296828895750989,-0.1410000000000002,0.0284,True
380,left_shoulder,537.1020000000001,45.566,-0.1888625682608694,-0.5771231004347824,1.3504,0.9769,True
380,left_toe_tip,530.6320000000001,150.158,-0.2626020782608694,-0.5038488891304348,-0.036,0.957,True
380,right_shoulder,,,,,,0.0128,False
380,right_toe_tip,543.1590909090909,115.76454545454546,-0.206839550395257,-0.5216550741106719,-0.166,0.0293,True
381,left_shoulder,536.35,46.076,-0.1899048260869564,-0.5751633634782609,1.3499,0.9572,True
381,left_toe_tip,530.576,150.372,-0.2619515408695651,-0.5018312034782608,-0.0294,0.9556,True
381,right_shoulder,,,,,,0.0156,False
381,right_toe_tip,,,,,,0.0261,True
382,left_shoulder,535.574,46.52,-0.1907590604347827,-0.5726461826086956,1.3549,0.9116,True
382,left_toe_tip,530.684,150.79,-0.2623821643478261,-0.5021494804347826,-0.0371999999999998,0.942,True
382,right_shoulder,,,,,,0.0183,False
382,right_toe_tip,478.97,145.05,-0.3218849673913043,-0.4296663586956522,-0.0165,0.0299,True
383,left_shoulder,534.7520000000001,46.736,-0.1922148799999999,-0.5721154052173913,1.3483,0.9171,True
383,left_toe_tip,530.994,151.052,-0.2618276726086956,-0.5018840113043478,-0.0388000000000001,0.8948,True
383,right_shoulder,,,,,,0.0144,False
383,right_toe_tip,473.05,148.76,-0.3335370652173913,-0.4220207826086957,-0.018,0.2071,True
384,left_shoulder,533.98,46.776,-0.1932790695652173,-0.5710209704347825,1.3513,0.9384,True
384,left_toe_tip,530.808,151.19,-0.2627017095652174,-0.5023696239130434,-0.0424,0.8231,True
384,right_shoulder,,,,,,0.0125,False
384,right_toe_tip,471.09,149.99,-0.3375140036231884,-0.4196395471014492,-0.0143333333333332,0.8318,True
385,left_shoulder,533.082,46.796,-0.1946140030434782,-0.5700993678260868,1.3469,0.9422,True
385,left_toe_tip,530.966,151.198,-0.2631274856521738,-0.5038936960869564,-0.0491999999999998,0.8811,True
385,right_shoulder,,,,,,0.0119,True
385,right_toe_tip,467.195,152.38,-0.3453282527173913,-0.4149014891304348,-0.0115,0.9119,True
386,left_shoulder,531.8979999999999,46.528000000000006,-0.1966751386956523,-0.5703146017391303,1.3442,0.9392,True
386,left_toe_tip,531.598,151.372,-0.262379971304348,-0.504970467826087,-0.0558000000000001,0.8812,True
386,right_shoulder,,,,,,0.0118,True
386,right_toe_tip,462.756,155.254,-0.3538329678260869,-0.40873533,-0.0095999999999999,0.9143,True
387,left_shoulder,530.814,46.57,-0.1988372004347826,-0.5707832847826088,1.3426,0.9071,True
387,left_toe_tip,532.292,151.414,-0.2611450704347825,-0.5057303604347826,-0.0505999999999999,0.9164,True
387,right_shoulder,,,,,,0.0128,True
387,right_toe_tip,454.069,160.878,-0.3707302460869566,-0.3970319530434782,-0.0134,0.8029,True
388,left_shoulder,529.552,46.834,-0.2002230156521738,-0.5677154943478261,1.3397,0.8926,True
388,left_toe_tip,532.696,151.598,-0.2602588539130435,-0.5054654595652174,-0.0514,0.9144,True
388,right_shoulder,,,,,,0.0204,True
388,right_toe_tip,445.857,166.302,-0.3866822100000001,-0.3857958860869565,0.0015999999999999,0.9119,True
389,left_shoulder,527.7860000000001,47.336,-0.2029609739130433,-0.5655140173913042,1.3365,0.885,True
389,left_toe_tip,533.05,151.692,-0.2595862500000001,-0.5055997434782609,-0.053,0.9071,True
389,right_shoulder,,,,,,0.0227,True
389,right_toe_tip,436.489,172.33800000000002,-0.4064026186956521,-0.3747528547826086,-0.0082,0.9131,False
390,left_shoulder,525.778,47.674,-0.2057734160869564,-0.5626620786956522,1.3196,0.9107,True
390,left_toe_tip,533.158,151.884,-0.2590686234782609,-0.5046360573913045,-0.0508000000000001,0.9001,True
390,right_shoulder,,,,,,0.0232,True
390,right_toe_tip,428.205,177.54000000000002,-0.4252475260869564,-0.3663479478260869,-0.0202,0.9539,True
391,left_shoulder,523.946,48.56,-0.2082160134782608,-0.5587639826086956,1.3124,0.9462,True
391,left_toe_tip,533.192,152.03199999999998,-0.2588236469565217,-0.5039607165217392,-0.0494,0.9215,True
391,right_shoulder,,,,,,0.0172,True
391,right_toe_tip,421.667,181.692,-0.4393714306521739,-0.3588254686956522,-0.0224,0.9457,True
392,left_shoulder,521.7560000000001,48.972,-0.2113997078260868,-0.5560639721739131,1.2987,0.9354,True
392,left_toe_tip,533.108,152.118,-0.2586786400000001,-0.50307444,-0.0464,0.9219,True
392,right_shoulder,,,,,,0.0154,True
392,right_toe_tip,416.966,184.832,-0.4530014482608695,-0.35578144,-0.0215999999999999,0.9577,True
393,left_shoulder,519.1179999999999,48.696,-0.2164313373913044,-0.5573695095652174,1.2803,0.9145,True
393,left_toe_tip,533.1139999999999,152.276,-0.2586641200000001,-0.50269208,-0.0429,0.9356,True
393,right_shoulder,,,,,,0.0159,True
393,right_toe_tip,414.128,187.016,-0.4623501634782609,-0.3540907269565217,-0.0002,0.9741,True
394,left_shoulder,516.2879999999999,48.308,-0.2204494052173915,-0.5554215921739131,1.2586,0.9486,True
394,left_toe_tip,532.958,152.43200000000002,-0.2592045300000001,-0.5026304243478261,-0.0443000000000001,0.9307,True
394,right_shoulder,,,,,,0.0115,True
394,right_toe_tip,412.296,188.882,-0.4690207391304348,-0.3524658804347825,0.002,0.9656,True
395,left_shoulder,513.196,48.35,-0.2256284217391304,-0.5545337499999999,1.2455,0.8942,True
395,left_toe_tip,532.7520000000001,152.494,-0.2596101043478259,-0.50229985,-0.0435,0.9448,True
395,right_shoulder,,,,,,0.0183,True
395,right_toe_tip,411.97,190.264,-0.4714768108695653,-0.3509476295652174,0.0047999999999999,0.9266,True
396,left_shoulder,509.616,48.328,-0.2313749113043478,-0.5530822904347826,1.2374,0.9508,True
396,left_toe_tip,532.438,152.50799999999998,-0.2602766569565217,-0.5020855330434784,-0.0426999999999998,0.9316,True
396,right_shoulder,,,,,,0.0214,True
396,right_toe_tip,412.342,191.506,-0.4737266034782609,-0.3506140365217391,-0.0004,0.9089,True
397,left_shoulder,505.62,48.488,-0.2370930608695652,-0.54961552,1.2378,0.9308,True
397,left_toe_tip,531.964,152.476,-0.2612357452173911,-0.5018020547826086,-0.0515999999999999,0.9183,True
397,right_shoulder,,,,,,0.0159,True
397,right_toe_tip,412.918,192.866,-0.4750456708695652,-0.3496370613043478,-0.0025999999999999,0.9388,True
398,left_shoulder,501.1,48.974,-0.2443432173913043,-0.5471353026086957,1.2266,0.9237,True
398,left_toe_tip,531.564,152.308,-0.2621086704347827,-0.5020276843478261,-0.0508000000000001,0.9225,True
398,right_shoulder,,,,,,0.0128,True
398,right_toe_tip,413.88,194.208,-0.4769657304347826,-0.3497129947826087,-0.0185999999999999,0.9735,True
399,left_shoulder,496.072,49.538,-0.2542519408695653,-0.548437872173913,1.2108,0.9054,True
399,left_toe_tip,531.4039999999999,152.286,-0.262400986956522,-0.5019002413043477,-0.05,0.91,True
399,right_shoulder,,,,,,0.0135,True
399,right_toe_tip,414.892,195.742,-0.479137484347826,-0.349619582173913,-0.0262,0.9722,True
400,left_shoulder,490.08600000000007,49.342,-0.2636856899999998,-0.5464204082608697,1.2178,0.9422,True
400,left_toe_tip,531.2879999999999,152.25799999999998,-0.2625867460869567,-0.5017872526086957,-0.0491999999999998,0.9387,True
400,right_shoulder,,,,,,0.0154,True
400,right_toe_tip,415.384,197.348,-0.4822407860869565,-0.349206772173913,-0.0202,0.9376,True
401,left_shoulder,483.832,49.654,-0.2742785373913043,-0.5450620291304348,1.2052,0.9284,True
401,left_toe_tip,531.39,152.27,-0.2624348152173913,-0.501938902173913,-0.05,0.978,True
401,right_shoulder,,,,,,0.0128,True
401,right_toe_tip,415.64,198.858,-0.4863734608695653,-0.3493278313043478,-0.0294,0.8967,True
402,left_shoulder,476.452,49.578,-0.2851779365217393,-0.5412814917391305,1.2048,0.9449,True
402,left_toe_tip,531.4559999999999,152.276,-0.2623697252173915,-0.5021050339130435,-0.0508000000000001,0.9816,True
402,right_shoulder,,,,,,0.0135,True
402,right_toe_tip,415.7600000000001,200.244,-0.4881607304347825,-0.3477818660869566,-0.0377999999999999,0.9003,True
403,left_shoulder,469.088,50.076,-0.2956034504347826,-0.5360337704347826,1.2148,0.921,True
403,left_toe_tip,531.442,152.296,-0.2622147691304348,-0.5016954660869565,-0.0491999999999998,0.9906,True
403,right_shoulder,,,,,,0.0119,True
403,right_toe_tip,415.64400000000006,201.56,-0.4903641791304347,-0.3462947304347826,-0.0367999999999999,0.8961,True
404,left_shoulder,460.96,50.146,-0.3047961391304347,-0.5274927552173913,1.2013,0.9334,True
404,left_toe_tip,531.45,152.382,-0.2617706847826085,-0.5006753204347826,-0.0455999999999999,0.9813,True
404,right_shoulder,,,,,,0.0139,True
404,right_toe_tip,415.706,202.538,-0.4911551004347825,-0.3448075491304347,-0.0315999999999999,0.909,True
405,left_shoulder,452.732,50.91,-0.3157501321739131,-0.5211526173913045,1.2023,0.9584,True
405,left_toe_tip,531.442,152.48200000000003,-0.2618843752173913,-0.5006146186956522,-0.0464,0.9772,True
405,right_shoulder,,,,,,0.0099,True
405,right_toe_tip,416.088,203.45800000000003,-0.4915355165217391,-0.3436437208695652,-0.0275999999999999,0.9163,True
406,left_shoulder,443.764,51.25600000000001,-0.32797008,-0.5160051895652172,1.1929,0.9765,True
406,left_toe_tip,531.608,152.884,-0.2615781721739131,-0.4998249382608695,-0.0471999999999998,0.9842,True
406,right_shoulder,,,,,,0.0146,True
406,right_toe_tip,416.322,204.37,-0.4920915999999999,-0.342386,-0.032,0.9296,True
407,left_shoulder,435.58,52.314,-0.3403593,-0.51229719,1.1732,0.9977,True
407,left_toe_tip,532.2639999999999,153.398,-0.2601824400000002,-0.49894383,-0.0383000000000001,0.978,True
407,right_shoulder,,,,,,0.0136,True
407,right_toe_tip,416.508,204.99,-0.4935286382608696,-0.3423025173913043,-0.0335999999999999,0.9263,True
408,left_shoulder,426.81000000000006,53.074,-0.3541734739130434,-0.5098974982608696,1.2021,0.9417,True
408,left_toe_tip,532.8399999999999,153.846,-0.2592340173913046,-0.4987134156521739,-0.0255999999999999,1.0,True
408,right_shoulder,,,,,,0.0171,True
408,right_toe_tip,416.632,205.432,-0.4939831878260869,-0.3418304921739131,-0.0365999999999999,0.925,True
409,left_shoulder,418.706,54.21,-0.3691761208695652,-0.5101374913043478,1.2472,0.9442,True
409,left_toe_tip,533.3620000000001,154.216,-0.2581335065217389,-0.4981314869565217,-0.027,0.9958,True
409,right_shoulder,,,,,,0.0168,True
409,right_toe_tip,416.668,205.722,-0.49468038,-0.34172577,-0.0397999999999999,0.9147,True
410,left_shoulder,410.462,54.936,-0.3838274556521739,-0.5101200626086957,1.2495999999999998,0.921,True
410,left_toe_tip,534.034,154.68,-0.2567602252173913,-0.4974992869565216,-0.0181999999999998,0.9999,True
410,right_shoulder,,,,,,0.015,True
410,right_toe_tip,416.67800000000005,205.92,-0.4951437126086955,-0.3416221565217391,-0.0417999999999999,0.9163,True
411,left_shoulder,402.976,55.574,-0.3967575652173913,-0.5095826521739131,1.26,0.9069,True
411,left_toe_tip,534.424,154.882,-0.2559758973913044,-0.4973219682608695,-0.0195999999999999,0.9813,True
411,right_shoulder,,,,,,0.023,True
411,right_toe_tip,416.754,206.012,-0.4952663978260869,-0.3416190304347826,-0.043,0.9071,True
412,left_shoulder,395.198,56.026,-0.4117995382608695,-0.5113371330434782,1.2734,0.9393,True
412,left_toe_tip,534.19,155.084,-0.2564512369565216,-0.4966540182608696,-0.0188000000000001,0.9705,True
412,right_shoulder,,,,,,0.0145,True
412,right_toe_tip,416.862,206.1,-0.4941051452173914,-0.3407881304347826,-0.0392,0.9015,True
413,left_shoulder,388.004,56.38199999999999,-0.4242845695652174,-0.5112003065217391,1.275,0.9127,True
413,left_toe_tip,533.7860000000001,155.51999999999998,-0.2576151299999998,-0.4959529043478262,-0.0134,0.9807,True
413,right_shoulder,,,,,,0.0262,True
413,right_toe_tip,416.928,206.122,-0.4936680347826087,-0.3405387043478261,-0.038,0.9012,True
414,left_shoulder,381.182,56.876,-0.4356582117391304,-0.510236767826087,1.2694,0.9703,True
414,left_toe_tip,533.0939999999999,155.866,-0.2599907439130436,-0.4964450126086957,-0.0264,0.9784,True
414,right_shoulder,,,,,,0.0163,True
414,right_toe_tip,417.014,206.168,-0.4928475352173913,-0.3400021617391304,-0.0354,0.9036,True
415,left_shoulder,375.042,57.31,-0.4462814313043478,-0.5098352434782608,1.2654,0.9017,True
415,left_toe_tip,532.056,156.33999999999995,-0.2627967078260869,-0.4958235521739131,-0.0348000000000001,0.9581,True
415,right_shoulder,,,,,,0.0199,True
415,right_toe_tip,417.08,206.194,-0.4920716695652173,-0.3395100269565217,-0.0327999999999999,0.908,True
416,left_shoulder,368.866,57.53399999999999,-0.4573323273913043,-0.5101812378260869,1.2662,0.9243,True
416,left_toe_tip,530.306,156.866,-0.2670571969565217,-0.4945429708695653,-0.0308000000000001,0.9359,True
416,right_shoulder,,,,,,0.0119,True
416,right_toe_tip,417.078,206.146,-0.4916399326086956,-0.3393149630434782,-0.031,0.8992,True
417,left_shoulder,363.68,57.856,-0.4661998956521739,-0.5097694747826087,1.2688,0.9339,True
417,left_toe_tip,527.504,158.10399999999998,-0.2738788486956521,-0.4915289791304348,-0.0668000000000001,0.8992,True
417,right_shoulder,,,,,,0.0192,True
417,right_toe_tip,417.07,206.054,-0.4919483543478261,-0.339718662173913,-0.0322,0.903,True
418,left_shoulder,359.01000000000005,58.082,-0.4749952695652173,-0.5103726886956522,1.2748,0.9125,True
418,left_toe_tip,524.2059999999999,160.94799999999998,-0.2833680560869568,-0.4871148617391305,-0.0679,0.8396,True
418,right_shoulder,,,,,,0.0105,True
418,right_toe_tip,416.92800000000005,205.868,-0.4918252660869564,-0.3398275530434783,-0.0304,0.8957,True
419,left_shoulder,354.136,57.73,-0.4854716452173913,-0.5133333130434782,1.2706,0.893,True
419,left_toe_tip,518.888,165.378,-0.2955922660869565,-0.4750046073913044,-0.0254,0.8567,True
419,right_shoulder,,,,,,0.0125,True
419,right_toe_tip,416.53,205.784,-0.4919254826086955,-0.3394763513043477,-0.0272,0.8873,True
420,left_shoulder,349.73,57.302,-0.4959830869565217,-0.5172187565217391,1.264,0.8622,True
420,left_toe_tip,512.484,170.648,-0.3118597826086955,-0.4630891304347826,0.034,0.9421,True
420,right_shoulder,,,,,,0.0188,True
420,right_toe_tip,415.976,205.7,-0.4923657913043478,-0.3391245652173913,-0.024,0.8947,True
421,left_shoulder,345.826,57.098,-0.5031014908695653,-0.5180282682608696,1.2686,0.9197,True
421,left_toe_tip,504.674,177.326,-0.3317546308695653,-0.4478292821739131,-0.0314,0.9058,True
421,right_shoulder,,,,,,0.0174,True
421,right_toe_tip,415.442,205.842,-0.4930512608695652,-0.3384773478260869,-0.025,0.899,True
422,left_shoulder,341.438,56.466,-0.5124232586956522,-0.5209567239130435,1.266,0.8712,True
422,left_toe_tip,496.508,184.422,-0.3524912173913043,-0.4313111739130434,-0.021,0.8458,True
422,right_shoulder,,,,,,0.0107,True
422,right_toe_tip,414.9719999999999,206.346,-0.4940832173913045,-0.3373707391304348,-0.0175,0.8804,True
423,left_shoulder,337.278,55.957,-0.521438645,-0.5237140675,1.2693,0.8651,True
423,left_toe_tip,487.93,192.096,-0.376174897826087,-0.4153433947826087,0.0116999999999998,0.8444,True
423,right_shoulder,,,,,,0.0129,True
423,right_toe_tip,415.5223333333333,206.378,-0.4935092702173912,-0.3377346273913043,-0.0200999999999999,0.8242,True
424,left_shoulder,333.67600000000004,55.797,-0.5283756039130435,-0.5247171094565217,1.2735999999999998,0.9025,True
424,left_toe_tip,479.96,199.538,-0.4063624347826085,-0.4074339478260869,0.011,0.9198,True
424,right_shoulder,,,,,,0.0133,True
424,right_toe_tip,417.213,205.722,-0.4906641515217391,-0.339780525652174,-0.0282,0.4764,True
425,left_shoulder,330.46400000000006,56.057,-0.5373477669565216,-0.5276384405434782,1.2699,0.9084,False
425,left_toe_tip,471.242,208.084,-0.4330110160869564,-0.3897966408695651,0.0199,0.8382,True
425,right_shoulder,,,,,,0.015,True
425,right_toe_tip,419.95,204.492,-0.4855451086956521,-0.3431317826086956,-0.032,0.0997,True
426,left_shoulder,327.188,56.217,-0.5486110456521739,-0.5327759461956522,1.263,0.8449,True
426,left_toe_tip,462.822,216.66,-0.4578895791304349,-0.3704404173913043,0.0309,0.8059,True
426,right_shoulder,,,,,,0.0135,False
426,right_toe_tip,423.6133333333333,202.5,-0.4784026956521738,-0.3482119565217391,-0.0315,0.061,True
427,left_shoulder,324.39,56.50899999999999,-0.5592815032608696,-0.5378058448913042,1.2677,0.8612,True
427,left_toe_tip,455.142,224.76,-0.4825999395652174,-0.3530646,-0.0363000000000001,0.8935,True
427,right_shoulder,,,,,,0.0115,True
427,right_toe_tip,428.125,199.65,-0.4686582880434783,-0.3546872282608696,-0.034,0.1637,True
428,left_shoulder,322.03599999999994,56.95,-0.5693629278260871,-0.542657141304348,1.2960999999999998,0.9043,True
428,left_toe_tip,446.008,233.248,-0.5048430939130435,-0.3298583026086956,-0.0641999999999998,0.9448,True
428,right_shoulder,,,,,,0.0123,True
428,right_toe_tip,432.63666666666666,196.8,-0.4589040724637681,-0.3611686956521739,-0.035,0.0323,True
429,left_shoulder,320.063,57.394000000000005,-0.5807204307608697,-0.5492627819565218,1.3000999999999998,0.9031,True
429,left_toe_tip,437.0,241.744,-0.5177382608695652,-0.3016042156521739,-0.0019,0.762,True
429,right_shoulder,,,,,,0.0133,True
429,right_toe_tip,435.266,194.914,-0.4554441352173913,-0.3672445734782609,-0.0515999999999999,0.0464,True
430,left_shoulder,318.281,57.81,-0.5919979294565217,-0.5560624467391304,1.3111,0.9338,True
430,left_toe_tip,428.79,248.638,-0.5299075239130435,-0.2793975743478261,-0.0241999999999998,0.9185,True
430,right_shoulder,,,,,,0.0163,True
430,right_toe_tip,435.8610000000001,194.118,-0.4542536530434781,-0.3691235113043479,-0.0612,0.597,True
431,left_shoulder,317.073,58.32000000000001,-0.5997316002173914,-0.5602722260869565,1.3094,0.9766,False
431,left_toe_tip,421.466,255.312,-0.5406816204347825,-0.2590117669565217,-0.0371999999999998,0.9329,True
431,right_shoulder,,,,,,0.0182,True
431,right_toe_tip,434.82566666666673,194.699,-0.4592559832971014,-0.3700047275000001,-0.0643000000000001,0.7136,True
432,left_shoulder,316.213,58.958000000000006,-0.6039331434782608,-0.5615087739130433,1.323,0.9708,True
432,left_toe_tip,414.07,262.232,-0.5494028217391304,-0.2377462713043477,-0.0241999999999998,0.9334,True
432,right_shoulder,,,,,,0.0251,True
432,right_toe_tip,432.16,196.657,-0.4705542782608695,-0.3698121029347826,-0.0894,0.3599,True
433,left_shoulder,315.499,59.846,-0.6060408893478262,-0.5605702204347826,1.3208,0.9973,False
433,left_toe_tip,408.862,267.338,-0.553726252173913,-0.2219859217391304,-0.024,0.8596,True
433,right_shoulder,,,,,,0.0168,True
433,right_toe_tip,428.316,199.477,-0.4827085473913044,-0.3660447844565218,-0.0969000000000001,0.272,False
434,left_shoulder,314.498,60.8,-0.6104931532608696,-0.5611626086956522,1.3565,0.9916,True
434,left_toe_tip,405.1,271.77,-0.5575300434782607,-0.2094119869565217,-0.0090999999999999,0.9121,True
434,right_shoulder,,,,,,0.0234,True
434,right_toe_tip,425.384,201.593,-0.4906075104347825,-0.3621149583695652,-0.1035999999999999,0.5488,True
435,left_shoulder,313.476,62.01400000000001,-0.61631405,-0.562448575,1.3455,0.9452,True
435,left_toe_tip,402.208,276.098,-0.5643941426086955,-0.1991395730434783,-0.0105999999999999,0.9362,True
435,right_shoulder,,,,,,0.0255,True
435,right_toe_tip,423.226,203.325,-0.4967658958695652,-0.3590411983695653,-0.1058000000000001,0.7185,True
436,left_shoulder,312.766,63.64200000000001,-0.6230250808695652,-0.5642398617391304,1.4414,0.8843,True
436,left_toe_tip,399.968,279.622,-0.569136744347826,-0.1905832273913043,-0.0194,0.8713,True
436,right_shoulder,,,,,,0.0256,True
436,right_toe_tip,421.612,204.57,-0.4981620182608696,-0.3545493456521739,-0.0975999999999999,0.8465,True
437,left_shoulder,312.31800000000004,65.816,-0.6269411482608696,-0.5628507356521739,1.5208,0.8581,True
437,left_toe_tip,398.558,282.78000000000003,-0.5759441447826087,-0.1842032739130434,-0.0395999999999999,0.9007,True
437,right_shoulder,,,,,,0.0231,True
437,right_toe_tip,420.55,205.12600000000003,-0.4965294782608695,-0.3504192591304347,-0.0775999999999999,0.8876,True
438,left_shoulder,311.962,67.756,-0.6344682795652175,-0.5652380147826088,1.5175999999999998,0.854,True
438,left_toe_tip,397.33,285.47200000000004,-0.5819859652173912,-0.1787375860869564,-0.0514,0.8849,True
438,right_shoulder,,,,,,0.0141,True
438,right_toe_tip,419.762,205.374,-0.4959664004347826,-0.3482110291304349,-0.0693000000000001,0.8617,True
439,left_shoulder,312.086,69.796,-0.6349413039130435,-0.5619232669565218,1.5571,0.8535,True
439,left_toe_tip,395.854,287.886,-0.5876488069565218,-0.1735752626086957,-0.0649000000000001,0.9022,True
439,right_shoulder,,,,,,0.0129,True
439,right_toe_tip,419.0,205.926,-0.4954723913043478,-0.3454272091304347,-0.0600999999999999,0.8544,True
440,left_shoulder,312.69199999999995,71.974,-0.630352515652174,-0.5547005073913044,1.6012,0.8723,True
440,left_toe_tip,394.758,290.308,-0.591459727826087,-0.1680789234782609,-0.0638000000000001,0.9188,True
440,right_shoulder,,,,,,0.0187,True
440,right_toe_tip,418.434,206.182,-0.4959706743478261,-0.3443182491304347,-0.0584,0.8623,True
441,left_shoulder,312.622,73.78599999999999,-0.627925237826087,-0.5489708960869565,1.6224,0.9244,True
441,left_toe_tip,393.948,292.81800000000004,-0.595980735652174,-0.1627264878260868,-0.0844,0.901,True
441,right_shoulder,,,,,,0.0182,True
441,right_toe_tip,417.83600000000007,206.182,-0.4968263191304345,-0.343983862173913,-0.0564,0.867,True
442,left_shoulder,312.356,74.844,-0.6282929834782609,-0.5468176252173913,1.6323,0.8972,True
442,left_toe_tip,393.192,294.794,-0.5967924747826086,-0.1576709430434782,-0.0875999999999999,0.8644,True
442,right_shoulder,,,,,,0.0129,True
442,right_toe_tip,417.36,206.088,-0.4960516000000001,-0.3429226278260869,-0.0488000000000001,0.8731,True
443,left_shoulder,312.068,76.358,-0.6267778573913044,-0.542126187826087,1.6381,0.8909,True
443,left_toe_tip,392.722,296.518,-0.5973376382608695,-0.1533504313043479,-0.0854,0.8933,True
443,right_shoulder,,,,,,0.0152,True
443,right_toe_tip,416.89,206.122,-0.4954012043478261,-0.3416760634782609,-0.0447999999999999,0.8739,True
444,left_shoulder,311.724,78.292,-0.6274353460869566,-0.5384297252173913,1.6241,0.892,True
444,left_toe_tip,392.56,298.112,-0.5979441391304348,-0.1495536973913042,-0.0861999999999998,0.8707,True
444,right_shoulder,,,,,,0.0152,True
444,right_toe_tip,416.534,206.16400000000004,-0.4941999169565217,-0.3402116582608694,-0.0365999999999999,0.8836,True
445,left_shoulder,311.036,80.46000000000001,-0.6297515182608696,-0.5351367913043478,1.6823,0.8505,True
445,left_toe_tip,392.466,299.462,-0.5983865391304348,-0.1463440347826087,-0.0885,0.8993,True
445,right_shoulder,,,,,,0.0317,True
445,right_toe_tip,416.36,206.41800000000003,-0.4935151391304349,-0.3389154091304347,-0.0262,0.8705,True
446,left_shoulder,311.07,82.91999999999999,-0.6315456,-0.5319936000000002,1.6241,0.8042,True
446,left_toe_tip,392.496,300.358,-0.5975069391304348,-0.1439835673913043,-0.0855,0.881,True
446,right_shoulder,,,,,,0.0511,True
446,right_toe_tip,416.5,206.672,-0.4921372826086956,-0.3376215895652175,-0.0217999999999999,0.8584,True
447,left_shoulder,310.672,86.04400000000001,-0.6331688765217391,-0.526710187826087,1.6217,0.8568,True
447,left_toe_tip,392.646,301.554,-0.5969297291304347,-0.1410454447826087,-0.0861999999999998,0.8999,True
447,right_shoulder,,,,,,0.0119,True
447,right_toe_tip,416.6,206.988,-0.4916256956521738,-0.3367261904347826,-0.0205999999999999,0.8498,True
448,left_shoulder,310.2,89.3,-0.6345782173913044,-0.5208621086956522,1.6328,0.885,True
448,left_toe_tip,392.86,302.612,-0.5978101695652174,-0.1388165817391305,-0.0969000000000001,0.9071,True
448,right_shoulder,,,,,,0.0123,True
448,right_toe_tip,416.684,207.22600000000003,-0.4908097304347825,-0.3357706826086956,-0.018,0.8465,True
449,left_shoulder,309.704,92.856,-0.6398407947826087,-0.517504387826087,1.6698,0.92,True
449,left_toe_tip,393.158,303.588,-0.5959087847826087,-0.1361859260869566,-0.0925,0.8781,True
449,right_shoulder,,,,,,0.0165,True
449,right_toe_tip,416.6940000000001,207.39,-0.4909333865217389,-0.3355097673913042,-0.0185999999999999,0.8353,True
450,left_shoulder,309.494,96.478,-0.641469036521739,-0.5114618295652174,1.6754,0.9143,True
450,left_toe_tip,393.366,304.442,-0.5937981630434782,-0.1337619239130434,-0.078,0.8908,True
450,right_shoulder,,,,,,0.0102,True
450,right_toe_tip,416.74,207.56800000000004,-0.4905410478260871,-0.3349196139130435,-0.0174,0.8489,True
451,left_shoulder,308.746,100.48,-0.6424167247826087,-0.5032995478260869,1.7333,0.9056,True
451,left_toe_tip,393.352,305.324,-0.5946361565217392,-0.1318167043478262,-0.084,0.897,True
451,right_shoulder,,,,,,0.012,True
451,right_toe_tip,416.446,207.652,-0.4911870169565217,-0.3347350513043479,-0.0174,0.8579,True
452,left_shoulder,308.322,104.854,-0.647204723478261,-0.4978674991304348,1.8178,0.8682,True
452,left_toe_tip,393.4793333333333,306.00866666666667,-0.5973302936231883,-0.130823348115942,-0.0951999999999998,0.9142,True
452,right_shoulder,,,,,,0.0102,True
452,right_toe_tip,416.228,207.592,-0.4913741243478262,-0.3346680886956522,-0.0162,0.8461,True
453,left_shoulder,307.794,109.244,-0.6521348217391305,-0.4922449304347826,1.827,0.9303,True
453,left_toe_tip,393.65,306.784,-0.6006655652173913,-0.1297544904347826,-0.1131999999999998,0.9116,True
453,right_shoulder,,,,,,0.01,True
453,right_toe_tip,415.922,207.372,-0.4920460604347825,-0.33515118,-0.0162,0.8863,True
454,left_shoulder,307.36,113.914,-0.6517574608695652,-0.4821680691304348,1.8304,0.9102,True
454,left_toe_tip,393.948,307.596,-0.608818231304348,-0.1296657234782608,-0.1464,0.9128,False
454,right_shoulder,,,,,,0.0124,True
454,right_toe_tip,415.65,207.308,-0.4922043913043479,-0.3349929704347827,-0.0159,0.9003,True
455,left_shoulder,306.886,119.16,-0.6555828352173915,-0.4739835913043478,1.8424,0.9076,True
455,left_toe_tip,394.362,308.61,-0.6235467230434784,-0.1304523978260869,-0.2069,0.9121,False
455,right_shoulder,,,,,,0.0118,True
455,right_toe_tip,415.156,207.286,-0.4935814591304349,-0.3352404286956522,-0.0170999999999999,0.9305,True
456,left_shoulder,306.61,124.526,-0.6595323913043478,-0.465829,1.823,0.9685,True
456,left_toe_tip,394.968,309.646,-0.6358580400000001,-0.1306686299999999,-0.2504,0.909,True
456,right_shoulder,,,,,,0.0112,True
456,right_toe_tip,414.728,207.374,-0.4948638173913044,-0.3352795065217392,-0.0185,0.9083,True
457,left_shoulder,306.858,130.35,-0.6605626482608696,-0.4553560108695653,1.7988,0.9395,True
457,left_toe_tip,395.49266666666665,310.69933333333336,-0.6393335228985506,-0.1289105257971013,-0.2715999999999999,0.888,True
457,right_shoulder,,,,,,0.0132,True
457,right_toe_tip,414.47800000000007,207.6,-0.4952168960869563,-0.3346505217391304,-0.0177,0.8967,True
458,left_shoulder,307.258,136.658,-0.6608545460869565,-0.4435766330434783,1.8058,0.8977,True
458,left_toe_tip,395.878,311.64,-0.6328066800000001,-0.1253575304347826,-0.2548000000000002,0.9311,True
458,right_shoulder,,,,,,0.0132,True
458,right_toe_tip,414.414,207.948,-0.4953574317391304,-0.3338863591304348,-0.0132,0.8872,True
459,left_shoulder,307.57800000000003,142.656,-0.6629650930434782,-0.4334595339130435,1.8342,0.9464,True
459,left_toe_tip,396.138,312.47,-0.6370099547826086,-0.1241566260869564,-0.2731999999999998,0.9435,True
459,right_shoulder,,,,,,0.0102,True
459,right_toe_tip,414.544,208.202,-0.4953660417391304,-0.3335266056521739,-0.0144,0.8761,True
460,left_shoulder,308.458,148.51799999999997,-0.661354215652174,-0.4218606156521739,1.9438,0.9299,True
460,left_toe_tip,396.316,313.038,-0.6243078130434784,-0.120314602173913,-0.2215,0.9402,True
460,right_shoulder,,,,,,0.0101,True
460,right_toe_tip,414.882,208.374,-0.4943297647826088,-0.3329509186956523,-0.0132,0.8861,True
461,left_shoulder,309.958,154.456,-0.6587207830434783,-0.4102390139130435,2.0198,0.9509,True
461,left_toe_tip,396.37,313.432,-0.6119879673913043,-0.1169767913043479,-0.1755,0.9292,True
461,right_shoulder,,,,,,0.0096,True
461,right_toe_tip,415.384,208.598,-0.4927391426086956,-0.3321299091304348,-0.0112,0.8623,True
462,left_shoulder,311.23,159.512,-0.6563249804347826,-0.4002350660869565,1.9974,0.855,True
462,left_toe_tip,396.386,313.682,-0.6040038413043479,-0.1148384326086957,-0.1455,0.9307,True
462,right_shoulder,,,,,,0.0111,True
462,right_toe_tip,415.86,208.724,-0.4916949434782608,-0.3318535034782609,-0.0097,0.8638,True
463,left_shoulder,313.164,164.358,-0.6530325382608696,-0.390901222173913,1.9728,0.9169,True
463,left_toe_tip,396.402,313.892,-0.6033816547826089,-0.1142075113043478,-0.1433000000000001,0.8984,True
463,right_shoulder,,,,,,0.0477,True
463,right_toe_tip,416.284,208.896,-0.4913970573913043,-0.3319032208695652,-0.0122999999999999,0.8752,True
464,left_shoulder,315.8,169.302,-0.6479066521739131,-0.3811058073913043,1.9404,0.8776,True
464,left_toe_tip,396.382,314.01,-0.594586801304348,-0.1122455934782609,-0.1099000000000001,0.9097,True
464,right_shoulder,,,,,,0.0144,False
464,right_toe_tip,416.5,209.108,-0.4910683695652174,-0.3315359660869565,-0.0129,0.8349,True
465,left_shoulder,317.556,173.53,-0.6467806060869566,-0.3740344978260869,1.9656,0.9865,True
465,left_toe_tip,396.354,314.034,-0.5978331308695654,-0.1127865743478261,-0.1219,0.91,True
465,right_shoulder,,,,,,0.021,True
465,right_toe_tip,416.72,209.292,-0.4908762260869565,-0.3313282617391304,-0.0095999999999999,0.8501,True
466,left_shoulder,318.576,177.128,-0.6480886086956521,-0.3687256086956522,1.956,0.9083,True
466,left_toe_tip,396.352,314.03000000000003,-0.5988973773913044,-0.1129962586956521,-0.1259000000000001,0.9091,True
466,right_shoulder,,,,,,0.0555,True
466,right_toe_tip,417.216,209.316,-0.4909965634782608,-0.3320944330434783,-0.0145999999999999,0.8455,True
467,left_shoulder,319.12,180.628,-0.649782,-0.3632283,1.9875,0.916,True
467,left_toe_tip,396.354,313.96,-0.6021234191304349,-0.113778852173913,-0.1380999999999999,0.8897,True
467,right_shoulder,,,,,,0.0687,False
467,right_toe_tip,417.568,209.416,-0.4912845913043477,-0.3325942260869565,-0.016,0.8265,True
468,left_shoulder,318.92,183.026,-0.6556313999999999,-0.3613732134782608,1.9719,0.8991,True
468,left_toe_tip,396.352,313.864,-0.6039292382608696,-0.1143571026086957,-0.1449,0.8856,True
468,right_shoulder,,,,,,0.0422,True
468,right_toe_tip,417.886,209.474,-0.4905822260869565,-0.3324661217391303,-0.016,0.841,True
469,left_shoulder,318.264,184.99,-0.6642449547826087,-0.3613195586956522,1.9676,0.966,True
469,left_toe_tip,396.354,313.788,-0.6000577247826085,-0.1138121191304347,-0.1303000000000002,0.8823,True
469,right_shoulder,,,,,,0.0746,True
469,right_toe_tip,417.9820000000001,209.672,-0.4905149856521737,-0.3321268400000001,-0.0165999999999999,0.8169,True
470,left_shoulder,317.774,186.844,-0.6742929295652174,-0.3623477513043478,1.9533,0.9749,True
470,left_toe_tip,396.326,313.72200000000004,-0.595306176521739,-0.1130591660869564,-0.1120999999999999,0.8778,True
470,right_shoulder,,,,,,0.0664,True
470,right_toe_tip,418.13,209.8,-0.4904773978260869,-0.332039956521739,-0.0177999999999999,0.816,True
471,left_shoulder,317.117,188.842,-0.6835643685869566,-0.3623526484782608,1.9653,0.9729,True
471,left_toe_tip,396.306,313.668,-0.5947193139130433,-0.113070224347826,-0.1096999999999998,0.876,True
471,right_shoulder,,,,,,0.0819,True
471,right_toe_tip,418.13,209.818,-0.4897539086956522,-0.3315104408695652,-0.0147999999999999,0.7666,True
472,left_shoulder,316.41700000000003,190.964,-0.6940503629347825,-0.3625638465217391,1.9457,0.9687,True
472,left_toe_tip,396.304,313.624,-0.5940884660869565,-0.1130566226086956,-0.1073000000000001,0.8264,True
472,right_shoulder,,,,,,0.0476,False
472,right_toe_tip,417.69,210.02400000000003,-0.4905801760869567,-0.3309579078260869,-0.0142,0.7727,True
473,left_shoulder,315.311,193.552,-0.7006576866304348,-0.3591839286956522,1.9687,0.9685,False
473,left_toe_tip,396.306,313.564,-0.597844954347826,-0.1139196217391303,-0.1215,0.8322,True
473,right_shoulder,,,,,,0.1028,True
473,right_toe_tip,417.18,210.206,-0.491996247826087,-0.3307516647826087,-0.0184,0.7109,True
474,left_shoulder,314.461,195.856,-0.7016426990217391,-0.3537838452173913,2.0256,0.9398,True
474,left_toe_tip,396.34,313.51,-0.5981852999999998,-0.11413295,-0.1230999999999999,0.7454,True
474,right_shoulder,,,,,,0.0203,False
474,right_toe_tip,416.802,210.376,-0.492976452173913,-0.3304738782608696,-0.019,0.7691,True
475,left_shoulder,313.553,198.096,-0.698277229673913,-0.3463161756521739,2.0651,0.9041,True
475,left_toe_tip,396.42,313.516,-0.5992068,-0.11435064,-0.1276999999999998,0.6625,True
475,right_shoulder,,,,,,0.2205,True
475,right_toe_tip,416.326,210.642,-0.4950975365217391,-0.3306006860869565,-0.0234,0.7456,True
476,left_shoulder,312.77599999999995,200.37,-0.6964891704347826,-0.3397689847826087,2.1953,0.9182,True
476,left_toe_tip,396.542,313.546,-0.5981127952173912,-0.1141253595652174,-0.1246999999999998,0.6959,True
476,right_shoulder,,,,,,0.1995,True
476,right_toe_tip,415.316,211.176,-0.4984077252173913,-0.3301304556521739,-0.0247999999999999,0.6924,True
477,left_shoulder,312.46,202.478,-0.6905397652173914,-0.3320974686956521,2.2604,0.976,True
477,left_toe_tip,396.61800000000005,313.606,-0.5983493560869564,-0.1140586404347826,-0.1263000000000002,0.8122,True
477,right_shoulder,,,,,,0.0848,True
477,right_toe_tip,414.168,212.282,-0.5009542886956522,-0.3276770591304347,-0.0192999999999999,0.6144,True
478,left_shoulder,312.472,204.476,-0.6846047217391305,-0.3250789695652174,2.3105,0.9718,True
478,left_toe_tip,396.764,313.73,-0.5932314530434782,-0.1128485065217391,-0.1083000000000001,0.8559,True
478,right_shoulder,,,,,,0.2327,True
478,right_toe_tip,412.6824,215.852,-0.5050371124985509,-0.3202571630724638,-0.0059866666666669,0.5902,True
479,left_shoulder,311.582,206.47,-0.6863222247826087,-0.3208443239130435,2.3874,0.9372,True
479,left_toe_tip,396.928,313.88,-0.5924087373913043,-0.1124024608695652,-0.1066999999999998,0.881,True
479,right_shoulder,,,,,,0.4346,False
479,right_toe_tip,410.8612,221.704,-0.510670684747826,-0.3082136810434782,0.0181400000000003,0.3161,True
480,left_shoulder,310.43,208.546,-0.6911656065217391,-0.3176253778260869,2.3806,0.9372,True
480,left_toe_tip,397.128,314.02599999999995,-0.5909181356521739,-0.1118567408695653,-0.1029,0.9069,True
480,right_shoulder,,,,,,0.087,True
480,right_toe_tip,408.6324,229.97200000000004,-0.5170864670782609,-0.2906012732173912,0.0188800000000001,0.1261,True
481,left_shoulder,309.462,210.172,-0.6937705195652175,-0.3144759434782609,2.4,0.9634,True
481,left_toe_tip,397.3,314.154,-0.5894971956521738,-0.1113559473913043,-0.0990999999999999,0.9341,True
481,right_shoulder,,,,,,0.0346,True
481,right_toe_tip,406.414,240.55,-0.5247729534782608,-0.2683556775362319,0.0401333333333332,0.0823,True
482,left_shoulder,308.698,211.712,-0.6978948652173913,-0.3123718956521739,2.393,0.9759,True
482,left_toe_tip,397.5,314.246,-0.5885896739130435,-0.1110529152173913,-0.0975,0.9632,True
482,right_shoulder,,,,,,0.0456,True
482,right_toe_tip,404.376,252.75,-0.5334322469565217,-0.2428046739130435,0.0301999999999998,0.0648,True
483,left_shoulder,308.242,213.182,-0.7018845339130435,-0.3106158208695652,2.4206,0.9712,True
483,left_toe_tip,397.752,314.262,-0.5946661773913043,-0.1122768469565217,-0.1214,0.9581,True
483,right_shoulder,,,,,,0.0375,True
483,right_toe_tip,403.357,258.85,-0.5377883655434781,-0.2298707047101448,0.0292333333333335,0.0839,True
484,left_shoulder,308.066,214.554,-0.7070915795652175,-0.3098315986956522,2.3782,0.9475,False
484,left_toe_tip,398.02,314.23799999999994,-0.6017937391304345,-0.1138081043478262,-0.149,0.949,True
484,right_shoulder,,,,,,0.0782,False
484,right_toe_tip,402.338,264.95,-0.5421621320289853,-0.2168310905797101,0.0452666666666668,0.0428,True
485,left_shoulder,308.096,215.81,-0.7084707339130435,-0.3077829586956522,2.3672,0.9143,True
485,left_toe_tip,398.365,314.207,-0.6218424195652175,-0.11784729,-0.2285999999999999,0.9393,True
485,right_shoulder,,,,,,0.0416,False
485,right_toe_tip,401.319,271.05,-0.5465535464130434,-0.203685831521739,0.0663000000000001,0.0325,True
486,left_shoulder,308.336,217.178,-0.7067327234782611,-0.3043350530434783,2.3636,0.947,True
486,left_toe_tip,398.813,314.207,-0.6558189121739131,-0.12451714,-0.3625999999999999,0.9518,True
486,right_shoulder,,,,,,0.0302,True
486,right_toe_tip,400.3,277.15,-0.5509626086956522,-0.1904349275362319,0.0503333333333334,0.023,True
487,left_shoulder,308.396,218.502,-0.706100256521739,-0.3012984586956521,2.358,0.9684,True
487,left_toe_tip,399.2203333333333,314.23366666666664,-0.6765036243236715,-0.1285868146618358,-0.4458666666666668,0.9139,False
487,right_shoulder,,,,,,0.0776,False
487,right_toe_tip,,,,,,0.0333,True
488,left_shoulder,308.188,219.864,-0.7092842165217391,-0.2995559321739131,2.3504,0.9888,True
488,left_toe_tip,399.489,314.30499999999995,-0.6815872599999999,-0.1294956565217392,-0.4631999999999998,0.9227,True
488,right_shoulder,,,,,,0.0594,True
488,right_toe_tip,,,,,,0.0259,True
489,left_shoulder,308.096,221.342,-0.7039972452173913,-0.2941056752173913,2.3656,0.9604,True
489,left_toe_tip,399.693,314.40500000000003,-0.6742700976086957,-0.1279336228260868,-0.4374,0.986,False
489,right_shoulder,,,,,,0.0128,True
489,right_toe_tip,,,,,,0.1308,False
490,left_shoulder,307.85600000000005,222.642,-0.7068890782608694,-0.2923336565217391,2.359,0.9657,True
490,left_toe_tip,399.708,314.468,-0.6554747860869565,-0.1242033773913042,-0.3655999999999999,0.9951,False
490,right_shoulder,,,,,,0.0649,True
490,right_toe_tip,,,,,,0.9076,False
491,left_shoulder,307.39,224.158,-0.7112792543478261,-0.2904951639130435,2.3566,0.9293,True
491,left_toe_tip,399.61,314.482,-0.6264772434782607,-0.1186238660869565,-0.2535999999999999,1.0,True
491,right_shoulder,,,,,,0.106,True
491,right_toe_tip,,,,,,0.883,False
492,left_shoulder,307.06,225.744,-0.710175495652174,-0.2863738852173913,2.3756,0.9607,True
492,left_toe_tip,399.5686666666667,314.45933333333335,-0.6103645580193237,-0.1156105924154588,-0.1915333333333333,0.9758,True
492,right_shoulder,,,,,,0.0159,True
492,right_toe_tip,379.92,399.15,-0.6428499130434783,0.0967685869565216,-0.035,0.9272,False
493,left_shoulder,306.64199999999994,227.48,-0.7117193300000002,-0.2829301999999999,2.3883,0.9587,True
493,left_toe_tip,399.53,314.416,-0.6046252217391302,-0.1146140313043478,-0.1691999999999998,0.9987,True
493,right_shoulder,,,,,,0.0208,False
493,right_toe_tip,379.9725,401.7925,-0.6415895923913045,0.1031184510869565,-0.031,0.9184,False
494,left_shoulder,306.23999999999995,229.178,-0.7123599304347827,-0.2792196513043479,2.3959,0.9479,True
494,left_toe_tip,399.482,314.352,-0.609294837826087,-0.1156382921739131,-0.1865999999999999,1.0,True
494,right_shoulder,,,,,,0.0199,False
494,right_toe_tip,380.025,404.435,-0.6403297282608695,0.1094453369565217,-0.023,0.8911,True
495,left_shoulder,305.84,231.262,-0.7068936869565218,-0.2723368430434782,2.4208000000000003,0.9114,True
495,left_toe_tip,399.5,314.324,-0.6117588043478261,-0.1161858426086957,-0.1961999999999998,0.9718,True
495,right_shoulder,,,,,,0.0125,True
495,right_toe_tip,380.10625,406.82625,-0.6395646195652174,0.1152332934782609,-0.021,0.9322,False
496,left_shoulder,305.634,233.32,-0.7024593530434782,-0.2661381565217391,2.4852,0.9259,True
496,left_toe_tip,399.524,314.3,-0.6075155643478259,-0.1154521086956521,-0.1801999999999998,0.9503,True
496,right_shoulder,,,,,,0.0118,True
496,right_toe_tip,380.105,408.895,-0.639228702173913,0.1202604413043477,-0.0158000000000001,0.9058,True
497,left_shoulder,305.444,235.616,-0.7046767573913043,-0.26199056,2.4877,0.9507,True
497,left_toe_tip,399.52,314.288,-0.6007817739130434,-0.1142005008695652,-0.1544000000000001,0.945,True
497,right_shoulder,,,,,,0.0211,True
497,right_toe_tip,380.225,413.223,-0.6393853369565218,0.1309980013043477,-0.0124,0.8423,True
498,left_shoulder,305.0232,238.2424,-0.6909843173565217,-0.2511594597565217,2.5802400000000003,0.9452,True
498,left_toe_tip,399.466,314.288,-0.5968903499999999,-0.1134353217391304,-0.139,0.9442,True
498,right_shoulder,,,,,,0.0151,False
498,right_toe_tip,380.524,416.836,-0.6388750382608696,0.139940116521739,-0.0071999999999998,0.8969,True
499,left_shoulder,304.2776,241.3992,-0.6711820607304347,-0.2371087819826087,2.6542200000000005,0.9316,True
499,left_toe_tip,399.40199999999993,314.27200000000005,-0.593701716956522,-0.1128388104347825,-0.1261999999999998,0.938,True
499,right_shoulder,,,,,,0.0237,True
499,right_toe_tip,381.024,419.42,-0.6367994643478261,0.1461086130434781,-0.0041999999999998,0.9048,True
500,left_shoulder,303.3972,244.8764,-0.6404819538782608,-0.2190551839304348,2.76544,0.9371,False
500,left_toe_tip,399.452,314.226,-0.5922710104347825,-0.1127035486956521,-0.1176999999999998,0.9304,True
500,right_shoulder,,,,,,0.0163,True
500,right_toe_tip,381.92,421.076,-0.633530295652174,0.1499283026086957,0.0035999999999999,0.8756,True
501,left_shoulder,302.102,248.734,-0.5985201965217392,-0.1970859495652173,2.9654000000000003,0.8781,False
501,left_toe_tip,399.532,314.242,-0.5967265695652172,-0.1135494717391303,-0.1355,0.9313,True
501,right_shoulder,,,,,,0.0296,True
501,right_toe_tip,383.3,422.058,-0.6301426956521738,0.1523388991304347,0.0075999999999999,0.8657,True
502,left_shoulder,300.248,252.846,-0.5441202139130435,-0.1716094604347826,3.2026,1.0,False
502,left_toe_tip,399.618,314.322,-0.5970879852173913,-0.1134601799999999,-0.1411999999999998,0.9165,True
502,right_shoulder,,,,,,0.0147,True
502,right_toe_tip,385.197,422.432,-0.6277847392391304,0.1538202330434781,0.0033000000000001,0.8254,True
503,left_shoulder,298.64680000000004,257.0436,-0.5059596496173913,-0.1526037666260869,3.44936,0.9829,False
503,left_toe_tip,399.848,314.406,-0.5956813739130434,-0.1130929434782608,-0.138,0.9172,True
503,right_shoulder,,,,,,0.0133,False
503,right_toe_tip,387.495,422.5799999999999,-0.6286551114130435,0.1558037934782607,-0.0125,0.8724,True
504,left_shoulder,296.9864,261.6188,-0.4803010649913043,-0.1377572059391304,3.60478,0.9659,True
504,left_toe_tip,400.222,314.532,-0.5927729165217392,-0.1124048034782609,-0.1304000000000001,0.8904,True
504,right_shoulder,,,,,,0.0359,False
504,right_toe_tip,389.918,422.831,-0.6333870306521739,0.1591331664130433,-0.0405999999999999,0.8917,False
505,left_shoulder,295.2668,266.57160000000005,-0.4673158294,-0.1266503204086956,3.70136,0.9374,True
505,left_toe_tip,400.62,314.698,-0.5877819782608695,-0.1112361065217391,-0.115,0.8994,True
505,right_shoulder,,,,,,0.0156,True
505,right_toe_tip,392.2480000000001,423.285,-0.6411660182608694,0.1637774527173914,-0.0469,0.8592,True
506,left_shoulder,293.568,271.9033333333333,-0.4676455443478261,-0.1189209242753623,3.8706,0.9398,False
506,left_toe_tip,400.946,314.84800000000007,-0.5803815373913043,-0.1096212034782607,-0.0805999999999999,0.9028,True
506,right_shoulder,,,,,,0.0261,True
506,right_toe_tip,394.288,423.809,-0.6504691043478261,0.1689204559782609,-0.0885,0.8611,False
507,left_shoulder,291.89,277.61400000000003,-0.4814891032608695,-0.1139523749999999,3.942,0.993,True
507,left_toe_tip,401.238,315.074,-0.5777521352173913,-0.1087111534782609,-0.0731999999999998,0.9191,True
507,right_shoulder,,,,,,0.0107,True
507,right_toe_tip,395.939,424.331,-0.6546140473913045,0.1725469299999999,-0.1125999999999999,0.8664,True
508,left_shoulder,289.98,283.618,-0.4917400543478261,-0.1073084076086956,3.869,0.9849,False
508,left_toe_tip,401.338,315.252,-0.5757461334782609,-0.1079496860869565,-0.0664000000000001,0.9427,True
508,right_shoulder,,,,,,0.0126,False
508,right_toe_tip,397.077,424.779,-0.6560505280434783,0.174945547173913,-0.1165999999999999,0.8591,True
509,left_shoulder,287.803,289.844,-0.5051347190217391,-0.1006204804347826,3.863,0.973,False
509,left_toe_tip,401.234,315.474,-0.5750108147826086,-0.1072302234782608,-0.0625999999999999,0.9342,True
509,right_shoulder,,,,,,0.014,False
509,right_toe_tip,398.001,425.188,-0.6549229458695653,0.1764185678260869,-0.1198000000000001,0.8512,True
510,left_shoulder,285.35900000000004,296.29200000000003,-0.5217462972826087,-0.0937269326086955,3.5305,0.9052,True
510,left_toe_tip,401.124,315.684,-0.5747044982608696,-0.1066185156521738,-0.0604,0.9163,True
510,right_shoulder,,,,,,0.0133,True
510,right_toe_tip,398.711,425.558,-0.6512704834782608,0.1769495930434782,-0.1111999999999998,0.8476,True
511,left_shoulder,282.611,302.8646666666667,-0.5340246285869565,-0.0853738507971013,3.3708,1.0,False
511,left_toe_tip,401.052,315.908,-0.574514104347826,-0.106012504347826,-0.057,0.9007,True
511,right_shoulder,,,,,,0.0117,False
511,right_toe_tip,399.447,426.026,-0.6463031580434783,0.1773946378260869,-0.0938000000000001,0.8241,False
512,left_shoulder,280.255,309.336,-0.5434886690217392,-0.0765411886956521,3.1111,0.9402,True
512,left_toe_tip,400.93,316.1,-0.5728844804347827,-0.1051977608695651,-0.0495999999999999,0.9206,True
512,right_shoulder,,,,,,0.0124,True
512,right_toe_tip,400.113,426.388,-0.6445137897826086,0.1783672373913044,-0.0938000000000001,0.8006,True
513,left_shoulder,277.063,316.254,-0.5577789394565218,-0.0672309449999999,3.0566,0.9915,True
513,left_toe_tip,401.032,316.258,-0.5718608139130436,-0.104676507826087,-0.0465999999999999,0.9199,True
513,right_shoulder,,,,,,0.0265,True
513,right_toe_tip,400.715,426.73,-0.6441448163043478,0.1796342586956522,-0.0985999999999999,0.8059,True
514,left_shoulder,274.582,322.96000000000004,-0.5666362160869566,-0.057436156521739,3.0454,0.9581,True
514,left_toe_tip,401.816,315.65,-0.5733503113043478,-0.1067581630434783,-0.0615999999999999,0.9115,True
514,right_shoulder,,,,,,0.0507,True
514,right_toe_tip,401.282,427.016,-0.6415805726086956,0.1801127843478259,-0.0875999999999999,0.827,True
515,left_shoulder,271.766,329.716,-0.5747652434782607,-0.0472693739130434,2.945,0.9901,True
515,left_toe_tip,403.244,314.136,-0.5744421121739129,-0.1112800226086955,-0.0701999999999998,0.9244,True
515,right_shoulder,,,,,,0.0439,True
515,right_toe_tip,401.752,427.212,-0.6417676017391304,0.181048672173913,-0.0931999999999998,0.8426,True
516,left_shoulder,269.162,336.572,-0.5817319582608695,-0.0367514017391304,2.8248,0.942,True
516,left_toe_tip,405.188,312.528,-0.5769739208695651,-0.11664696,-0.0875999999999999,0.7691,True
516,right_shoulder,,,,,,0.0364,True
516,right_toe_tip,402.082,427.244,-0.640878682173913,0.1811348704347826,-0.0931999999999998,0.8489,True
517,left_shoulder,266.056,343.554,-0.59457096,-0.02614914,2.7372,0.8889,True
517,left_toe_tip,407.3,311.072,-0.5806370869565217,-0.1220859965217391,-0.1085999999999999,0.7219,True
517,right_shoulder,,,,,,0.0124,True
517,right_toe_tip,402.28,427.2720000000001,-0.6405520434782609,0.1812687913043479,-0.0925,0.8545,True
518,left_shoulder,263.842,350.14399999999995,-0.5976005791304347,-0.0156581843478261,2.6724,0.932,True
518,left_toe_tip,409.294,309.66,-0.5821314221739131,-0.1270209521739131,-0.1234,0.9246,True
518,right_shoulder,,,,,,0.0131,True
518,right_toe_tip,402.468,427.242,-0.6376185078260869,0.1805009165217391,-0.0830999999999999,0.8578,True
519,left_shoulder,261.624,356.588,-0.6026871634782609,-0.0054347226086956,2.4826,0.9379,True
519,left_toe_tip,410.752,309.196,-0.5812433530434783,-0.1288102286956521,-0.1305999999999999,0.9237,True
519,right_shoulder,,,,,,0.0096,False
519,right_toe_tip,402.587,427.188,-0.6371700416304349,0.1803194465217391,-0.0825999999999999,0.8712,True
520,left_shoulder,259.952,362.768,-0.601962984347826,0.0043842713043478,2.4678,0.9346,True
520,left_toe_tip,411.346,309.866,-0.5779975460869565,-0.1267300330434783,-0.1185999999999999,0.9324,True
520,right_shoulder,,,,,,0.0178,True
520,right_toe_tip,402.699,427.144,-0.6342900968478261,0.1794715330434781,-0.0725999999999999,0.8685,True
521,left_shoulder,258.378,368.59,-0.6057834443478262,0.0136356913043478,2.4411,0.9232,True
521,left_toe_tip,411.64400000000006,310.156,-0.5758046182608695,-0.1256827295652174,-0.1128000000000001,0.9016,True
521,right_shoulder,,,,,,0.0089,True
521,right_toe_tip,402.781,427.084,-0.6322144196739132,0.1787861517391304,-0.0654000000000001,0.8587,False
522,left_shoulder,257.3,374.232,-0.6059971304347825,0.0225360626086956,2.4277,0.9065,True
522,left_toe_tip,411.846,310.716,-0.5732617243478261,-0.1238314069565217,-0.1045999999999999,0.8709,True
522,right_shoulder,,,,,,0.0148,True
522,right_toe_tip,402.853,427.026,-0.6318163170652175,0.1785732919565217,-0.0645999999999999,0.8643,True
523,left_shoulder,256.56800000000004,379.33,-0.6075730104347825,0.0306296456521738,2.4267,0.9351,True
523,left_toe_tip,412.156,311.278,-0.5726809408695654,-0.122461687826087,-0.1014,0.9,True
523,right_shoulder,,,,,,0.0233,True
523,right_toe_tip,402.939,426.976,-0.6325663575000001,0.17871672,-0.0684,0.8695,True
524,left_shoulder,255.514,384.116,-0.6100789813043479,0.0382658008695651,2.4302,0.9072,True
524,left_toe_tip,412.342,311.206,-0.5738466326086956,-0.1229927021739129,-0.112,0.6556,True
524,right_shoulder,,,,,,0.0153,True
524,right_toe_tip,403.006,426.908,-0.6341650317391306,0.1790370808695652,-0.0753000000000001,0.8568,True
525,left_shoulder,254.834,388.506,-0.6145909652173913,0.0454856608695652,2.422,0.8961,True
525,left_toe_tip,412.606,312.03599999999994,-0.5823263739130436,-0.122829547826087,-0.145,0.5513,True
525,right_shoulder,,,,,,0.0271,False
525,right_toe_tip,403.026,426.81000000000006,-0.6362236739130436,0.1793703260869567,-0.0835,0.8726,True
526,left_shoulder,254.456,392.716,-0.6188819339130435,0.052516292173913,2.4022,0.9146,True
526,left_toe_tip,412.53600000000006,316.142,-0.5910108104347824,-0.1139545252173913,-0.1704,0.4846,True
526,right_shoulder,,,,,,0.0117,True
526,right_toe_tip,403.08,426.812,-0.6372117913043478,0.1796952313043478,-0.0879,0.8788,True
527,left_shoulder,253.822,396.332,-0.6218305317391304,0.0585024182608695,2.3916,0.9739,True
527,left_toe_tip,412.69,320.053,-0.6008396282608697,-0.1055903419565217,-0.2078000000000001,0.4422,True
527,right_shoulder,,,,,,0.0127,True
527,right_toe_tip,403.122,426.802,-0.6347300495652173,0.1790003156521739,-0.0786999999999998,0.882,True
528,left_shoulder,253.424,399.388,-0.6257488904347827,0.0637571843478261,2.3778,0.8972,True
528,left_toe_tip,412.972,324.31499999999994,-0.6098663034782608,-0.095860770652174,-0.2364,0.3736,True
528,right_shoulder,,,,,,0.0148,True
528,right_toe_tip,403.15,426.90600000000006,-0.6306903586956524,0.1781590421739132,-0.0633000000000001,0.8685,True
529,left_shoulder,253.292,401.92,-0.6295774373913043,0.0682475826086955,2.3637,0.9622,True
529,left_toe_tip,413.344,331.244,-0.6171202330434784,-0.0782944613043477,-0.2509,0.2979,True
529,right_shoulder,,,,,,0.0133,True
529,right_toe_tip,403.364,426.962,-0.6261594330434784,0.1771872747826086,-0.0479,0.8672,True
530,left_shoulder,253.396,403.82,-0.633022027826087,0.0717504869565217,2.3551,0.9314,True
530,left_toe_tip,413.74799999999993,339.302,-0.6194632204347827,-0.0566697741304347,-0.2469000000000001,0.746,True
530,right_shoulder,,,,,,0.0478,True
530,right_toe_tip,403.642,427.15600000000006,-0.6194634886956522,0.1760071165217393,-0.0246999999999998,0.9067,True
531,left_shoulder,253.102,405.378,-0.637035967826087,0.0747158634782608,2.3467,0.936,True
531,left_toe_tip,415.48,346.452,-0.6180401086956522,-0.0372938152173913,-0.2335,0.9248,False
531,right_shoulder,,,,,,0.0299,True
531,right_toe_tip,403.788,427.178,-0.6149728069565218,0.1748964626086956,-0.0061999999999998,0.9321,True
532,left_shoulder,252.98200000000003,406.766,-0.6412719991304349,0.0774892286956522,2.3376,0.9264,True
532,left_toe_tip,417.606,355.869,-0.6190530376086959,-0.0114989977173913,-0.2289000000000001,0.8816,True
532,right_shoulder,,,,,,0.0125,True
532,right_toe_tip,404.004,427.008,-0.615539132173913,0.174774344347826,-0.0105999999999999,0.9051,True
533,left_shoulder,252.098,408.47,-0.6466157686956521,0.0807973826086956,2.3334,0.9346,True
533,left_toe_tip,420.36800000000005,367.265,-0.6082135286956519,0.0201185222826086,-0.2006999999999998,0.9492,True
533,right_shoulder,,,,,,0.0156,True
533,right_toe_tip,404.318,426.68,-0.6208171291304347,0.1756438173913043,-0.0384,0.9273,True
534,left_shoulder,250.854,410.5,-0.6483510747826088,0.0841373913043478,2.3342,0.9754,True
534,left_toe_tip,423.9219999999999,378.8560000000001,-0.6014014421739133,0.0524811669565218,-0.1455999999999999,0.9541,True
534,right_shoulder,,,,,,0.0242,False
534,right_toe_tip,404.299,426.2116666666667,-0.6257178358695651,0.1757727832125604,-0.057333333333333,0.8274,True
535,left_shoulder,249.554,412.50200000000007,-0.6516204221739131,0.0876212726086957,2.3316,0.9937,True
535,left_toe_tip,428.444,390.904,-0.6018308295652175,0.0879151617391304,-0.1406999999999998,0.9594,True
535,right_shoulder,,,,,,0.0228,False
535,right_toe_tip,404.097,425.429,-0.632322606521739,0.1753781673913043,-0.081,0.6797,True
536,left_shoulder,248.796,414.124,-0.6526303252173914,0.0902929513043477,2.3267,0.9306,True
536,left_toe_tip,432.2099999999999,403.784,-0.6019585956521741,0.126840344347826,-0.1461999999999998,0.8973,True
536,right_shoulder,,,,,,0.0102,True
536,right_toe_tip,403.856,424.576,-0.6373834573913043,0.1742990469565218,-0.1051999999999998,0.0398,True
537,left_shoulder,248.096,415.472,-0.6546500730434782,0.0926623582608696,2.3192,0.9298,True
537,left_toe_tip,435.34,414.064,-0.5970733043478262,0.1577258434782609,-0.1155,0.9363,True
537,right_shoulder,,,,,,0.0129,True
537,right_toe_tip,403.42,423.7266666666666,-0.6380802608695653,0.1718772850241545,-0.107333333333333,0.0259,True
538,left_shoulder,247.92,416.79,-0.6549440695652173,0.0948639913043477,2.3137,0.8896,True
538,left_toe_tip,437.836,424.692,-0.6027563608695653,0.1928806043478261,-0.084,0.9319,True
538,right_shoulder,,,,,,0.0145,True
538,right_toe_tip,402.735,422.755,-0.6359733586956522,0.1682106847826087,-0.092,0.0448,True
539,left_shoulder,248.09,417.892,-0.6560232608695652,0.0969061739130434,2.2995,0.9024,True
539,left_toe_tip,439.858,435.45,-0.6013396917391303,0.2266944456521738,-0.0671999999999998,0.9333,True
539,right_shoulder,,,,,,0.0135,True
539,right_toe_tip,402.05,421.7833333333333,-0.6338436231884058,0.1645764734299516,-0.0826666666666669,0.0442,True
540,left_shoulder,248.676,419.088,-0.6547020660869565,0.0988567930434783,2.3003,0.9297,True
540,left_toe_tip,440.11800000000005,445.304,-0.5958221704347824,0.2542800973913042,-0.0034,1.0,True
540,right_shoulder,,,,,,0.0117,True
540,right_toe_tip,401.722,421.406,-0.6338712795652174,0.1633533091304346,-0.0794000000000001,0.1554,True
541,left_shoulder,249.272,420.58,-0.65251576,0.1011686,2.2636,0.8969,True
541,left_toe_tip,439.95,455.846,-0.5817106086956522,0.2787034991304347,0.0353000000000001,0.8957,True
541,right_shoulder,,,,,,0.0209,True
541,right_toe_tip,401.787,421.703,-0.6310573082608696,0.1634592952173912,-0.0691999999999998,0.6071,True
542,left_shoulder,250.164,422.398,-0.64907694,0.10389267,2.1987,0.9273,True
542,left_toe_tip,439.8,469.09,-0.5839311739130435,0.3181870717391303,-0.0974000000000001,0.9343,True
542,right_shoulder,,,,,,0.0192,True
542,right_toe_tip,402.019,422.5383333333333,-0.6285974950000002,0.1651873035024154,-0.0580666666666666,0.8204,True
543,left_shoulder,251.114,424.2099999999999,-0.6449589769565218,0.1064908891304346,2.1682,0.9335,True
543,left_toe_tip,439.71133333333336,480.636,-0.5971940411111111,0.3596963399999999,-0.2781333333333332,0.4203,True
543,right_shoulder,,,,,,0.1206,True
543,right_toe_tip,402.25,423.668,-0.6264712499999999,0.16776518,-0.0521999999999998,0.8919,True
544,left_shoulder,252.17,426.234,-0.6421958934782609,0.1096748647826087,2.1396,0.9839,True
544,left_toe_tip,439.582,490.532,-0.62530416,0.40725984,-0.4664000000000001,0.8659,True
544,right_shoulder,586.15,242.33,-0.1614914673913044,-0.3528820978260869,0.175,0.1839,True
544,right_toe_tip,402.642,424.93,-0.6247159360869565,0.1708929369565216,-0.0434,0.8874,True
545,left_shoulder,253.216,428.542,-0.6375209321739131,0.1129750965217391,2.1266,0.985,True
545,left_toe_tip,440.524,499.55,-0.6619134052173914,0.4630633043478262,0.1951999999999998,0.8915,False
545,right_shoulder,577.0540909090909,249.47068181818184,-0.1868971024074741,-0.3281803312971613,0.150863636363636,0.2264,True
545,right_toe_tip,402.818,425.854,-0.619870000869565,0.1721079973913042,-0.0219,0.8739,True
546,left_shoulder,254.346,430.7600000000001,-0.6344846678260868,0.1164155826086957,2.1294,0.9189,True
546,left_toe_tip,441.578,505.5559999999999,-0.7011629586956521,0.5143506043478258,0.113,0.8538,False
546,right_shoulder,567.9581818181817,256.61136363636365,-0.2117616566654691,-0.3039033365522817,0.1467272727272725,0.397,True
546,right_toe_tip,402.7600000000001,426.374,-0.6200215826086956,0.1734670060869564,-0.0219,0.883,True
547,left_shoulder,255.698,432.75200000000007,-0.6318426143478262,0.1196137773913044,2.1254,0.8883,True
547,left_toe_tip,442.57,509.008,-0.7274866304347827,0.5490620869565217,-0.017,0.8924,True
547,right_shoulder,558.8622727272727,263.75204545454545,-0.2360851301652892,-0.2800511135914481,0.135090909090909,0.0161,True
547,right_toe_tip,402.6,426.6,-0.6188914782608695,0.1736233043478261,-0.0159,0.8992,True
548,left_shoulder,257.142,434.816,-0.62930203,0.1229747339130434,2.1208,0.8918,True
548,left_toe_tip,443.34866666666665,511.698,-0.7435700415458938,0.5735943217391304,-0.1316666666666669,0.9354,True
548,right_shoulder,549.7663636363636,270.89272727272726,-0.259867522906935,-0.2566236624146604,0.1209545454545455,0.0204,True
548,right_toe_tip,402.554,426.68,-0.6165853195652174,0.1731505652173911,-0.0065,0.9046,True
549,left_shoulder,258.868,436.96,-0.6244764965217392,0.1260972869565218,2.1256,0.9426,True
549,left_toe_tip,443.954,513.4,-0.7463385982608696,0.5839871304347826,-0.1724,0.9525,True
549,right_shoulder,531.5745454545454,285.174090909091,-0.3058090661157027,-0.2110430754132229,0.110181818181818,0.0143,True
549,right_toe_tip,402.544,426.808,-0.6146496939130436,0.1729310556521739,0.0050999999999999,0.8929,True
550,left_shoulder,260.578,439.184,-0.6216746986956523,0.1297412626086957,2.1256,0.9516,True
550,left_toe_tip,444.37,514.246,-0.7395239282608697,0.5830834117391304,-0.1558000000000002,0.9642,True
550,right_shoulder,522.4786363636363,292.3147727272727,-0.3279682165828246,-0.1888899395885735,0.1265454545454545,0.0108,True
550,right_toe_tip,402.552,426.932,-0.6144225095652174,0.1731938252173911,0.0059,0.8908,True
551,left_shoulder,262.556,441.832,-0.6182696826086956,0.1340443739130434,2.126,0.9192,True
551,left_toe_tip,444.72,514.516,-0.739007443478261,0.584742288695652,-0.1595999999999999,0.9598,True
551,right_shoulder,513.3827272727273,299.4554545454546,-0.3495862862917715,-0.1671615755479697,0.1509090909090905,0.0146,True
551,right_toe_tip,402.644,427.014,-0.612172083478261,0.1728378469565218,0.0136999999999998,0.905,True
552,left_shoulder,264.616,445.056,-0.6120391304347826,0.1386782608695652,2.143,0.9598,True
552,left_toe_tip,445.07,514.432,-0.7408611282608696,0.5869423165217392,-0.1745999999999999,0.9432,True
552,right_shoulder,504.28681818181815,306.59613636363645,-0.3706632752425441,-0.1458579832914119,0.175772727272727,0.0174,True
552,right_toe_tip,402.77,427.0220000000001,-0.6113829673913043,0.1727273500000001,0.0155,0.8946,True
553,left_shoulder,267.04200000000003,448.412,-0.6077593843478261,0.1440731199999999,2.1488,0.9815,True
553,left_toe_tip,445.142,514.1360000000001,-0.7463485004347826,0.5903743878260873,-0.2018000000000001,0.9466,True
553,right_shoulder,495.1909090909091,313.7368181818182,-0.3911991834351419,-0.1249791628189004,0.2116363636363635,0.0247,True
553,right_toe_tip,402.922,427.026,-0.6138774039130435,0.1735536273913043,0.0043000000000001,0.8968,True
554,left_shoulder,269.794,451.948,-0.6027114639130435,0.1496953417391305,2.1352,0.9787,True
554,left_toe_tip,445.182,513.892,-0.7493293204347826,0.5919154686956524,-0.2165999999999999,0.9508,True
554,right_shoulder,,,,,,0.0217,True
554,right_toe_tip,403.022,427.084,-0.6147003252173914,0.1740100626086956,9.999999999990904e-05,0.8826,True
555,left_shoulder,272.43,455.892,-0.5981802217391305,0.1560538069565217,2.1108,0.9137,True
555,left_toe_tip,445.728,513.318,-0.7401763200000001,0.5841415799999999,-0.1831999999999998,0.9625,True
555,right_shoulder,,,,,,0.0234,True
555,right_toe_tip,403.072,427.03,-0.615909787826087,0.1742488565217392,-0.0050999999999999,0.8956,True
556,left_shoulder,275.582,459.872,-0.5937636760869566,0.1627262260869564,2.094,0.9838,True
556,left_toe_tip,446.588,512.896,-0.7368997199999999,0.5825337599999998,-0.1831999999999998,0.951,True
556,right_shoulder,,,,,,0.0216,True
556,right_toe_tip,403.02,426.962,-0.6197026999999998,0.1751056299999999,-0.0193000000000001,0.9256,True
557,left_shoulder,278.706,463.896,-0.5904800634782608,0.1698022017391304,2.0754,0.9463,True
557,left_toe_tip,447.56,512.854,-0.7216918347826089,0.573235729130435,-0.1371999999999998,0.8831,True
557,right_shoulder,,,,,,0.0164,True
557,right_toe_tip,402.99,426.956,-0.6246243978260871,0.1764581713043477,-0.0380999999999999,0.9041,True
558,left_shoulder,281.772,468.09800000000007,-0.5893629356521738,0.1778447095652175,2.0409,1.0,True
558,left_toe_tip,448.704,512.8879999999999,-0.7068803060869565,0.5649543965217388,-0.0865999999999999,0.9088,True
558,right_shoulder,,,,,,0.0122,True
558,right_toe_tip,402.954,426.9860000000001,-0.624976932173913,0.1766100452173914,-0.0390999999999999,0.894,True
559,left_shoulder,284.776,472.376,-0.589440172173913,0.1864708713043479,1.9949,0.9558,True
559,left_toe_tip,449.89,512.956,-0.6994394869565219,0.5627450747826087,-0.0718000000000001,0.9409,True
559,right_shoulder,,,,,,0.0304,True
559,right_toe_tip,403.006,426.98,-0.629476672173913,0.1779047043478261,-0.0570999999999999,0.9054,True
560,left_shoulder,288.83000000000004,477.124,-0.5916451086956521,0.1973284782608695,1.9665,0.9516,True
560,left_toe_tip,450.46400000000006,513.3119999999999,-0.6973276660869564,0.564054845217391,-0.0718000000000001,0.9327,True
560,right_shoulder,,,,,,0.031,True
560,right_toe_tip,403.04,426.948,-0.6278409739130434,0.177383092173913,-0.0510999999999999,0.9146,True
561,left_shoulder,292.688,481.916,-0.5939790226086957,0.2085028634782608,1.9671,0.9474,True
561,left_toe_tip,450.626,513.656,-0.6955789356521738,0.564385168695652,-0.0741999999999998,0.9492,True
561,right_shoulder,,,,,,0.014,True
561,right_toe_tip,403.11,426.872,-0.6229177043478261,0.1758442852173913,-0.0326999999999998,0.9304,True
562,left_shoulder,296.52,487.046,-0.5938470521739131,0.2196514865217391,1.9784,0.9105,True
562,left_toe_tip,450.822,513.898,-0.701932631304348,0.571028492173913,-0.1165999999999999,0.9523,True
562,right_shoulder,,,,,,0.0502,True
562,right_toe_tip,403.166,426.834,-0.6166436560869565,0.1740153952173913,-0.0089,0.9302,True
563,left_shoulder,300.52200000000005,492.038,-0.5918725130434782,0.2302053826086957,1.97,0.9894,True
563,left_toe_tip,451.0100000000001,514.0500000000001,-0.7023032739130434,0.5724631956521742,-0.1218000000000001,0.9595,True
563,right_shoulder,,,,,,0.0197,False
563,right_toe_tip,403.234,426.84,-0.6162092504347826,0.1739583652173912,-0.0079,0.9253,True
564,left_shoulder,304.382,496.892,-0.5907606404347826,0.2409596791304348,1.9546,0.8985,True
564,left_toe_tip,451.0559999999999,514.1800000000001,-0.6967926121739134,0.5685890260869567,-0.0958000000000001,0.9494,True
564,right_shoulder,,,,,,0.0155,False
564,right_toe_tip,403.196,426.92,-0.6125501730434783,0.1731045826086955,0.0066999999999998,0.938,True
565,left_shoulder,307.362,501.206,-0.5868168195652175,0.249105802173913,1.946,0.9832,True
565,left_toe_tip,451.096,514.294,-0.6977128173913044,0.5698815347826086,-0.101,0.9429,True
565,right_shoulder,,,,,,0.0807,True
565,right_toe_tip,403.246,427.068,-0.6176705986956522,0.1749745800000001,-0.0136999999999998,0.9332,True
566,left_shoulder,310.218,505.366,-0.58371414,0.25729782,1.9356,0.9203,True
566,left_toe_tip,451.148,514.3799999999999,-0.6925120730434782,0.5661047478260864,-0.0765999999999999,0.9497,True
566,right_shoulder,185.93,556.52,-0.7674770108695652,0.3321615217391304,1.792,0.0268,True
566,right_toe_tip,403.228,427.238,-0.6219897495652175,0.1766313026086956,-0.0303000000000001,0.9407,True
567,left_shoulder,313.11,508.958,-0.5825748304347826,0.2654690617391304,1.9294,1.0,True
567,left_toe_tip,451.104,514.408,-0.6911951026086958,0.564999012173913,-0.0694,0.9595,True
567,right_shoulder,186.925,560.0550000000001,-0.7709662092391304,0.3404196766304349,1.7735,0.2478,True
567,right_toe_tip,403.286,427.246,-0.6246676621739131,0.1774563465217391,-0.0413000000000001,0.946,True
568,left_shoulder,315.794,512.346,-0.5814564130434782,0.2732292391304348,1.924,0.9755,True
568,left_toe_tip,451.142,514.462,-0.6868272786956522,0.5617379995652174,-0.0488000000000001,0.9655,True
568,right_shoulder,188.8766666666667,562.4933333333333,-0.7670731171497585,0.3443120338164251,1.7656666666666667,0.4195,True
568,right_toe_tip,403.376,426.942,-0.6211379999999999,0.17572275,-0.0285,0.931,True
569,left_shoulder,318.50600000000003,515.426,-0.5799472199999999,0.2803749886956522,1.9144,0.9736,True
569,left_toe_tip,451.17599999999993,514.424,-0.6880992852173915,0.5627411982608694,-0.0555999999999999,0.9634,True
569,right_shoulder,190.7075,565.6525,-0.7635530692934782,0.3494974823369565,1.7495,0.7456,True
569,right_toe_tip,403.554,426.45,-0.6167642508695652,0.1733333804347826,-0.0173000000000001,0.9162,True
570,left_shoulder,320.944,518.066,-0.5787398399999999,0.2867179791304348,1.9102,0.9183,True
570,left_toe_tip,451.238,514.342,-0.6858215882608695,0.5607647491304347,-0.0455999999999999,0.9699,True
570,right_shoulder,192.284,568.46,-0.75999791,0.35386085,1.7392999999999998,0.6002,True
570,right_toe_tip,403.766,426.186,-0.610305403478261,0.170990092173913,0.0056999999999998,0.8971,True
571,left_shoulder,322.996,520.34,-0.5760858560869566,0.2913830934782609,1.9121,0.9343,True
571,left_toe_tip,451.336,514.268,-0.6847682921739132,0.5599257669565217,-0.0421999999999998,0.9465,True
571,right_shoulder,195.294,574.0060000000001,-0.7542117084782609,0.3629495236956523,1.6842,0.4916,True
571,right_toe_tip,404.176,425.92,-0.6060676799999999,0.1694143999999999,0.0205999999999999,0.8936,True
572,left_shoulder,324.72799999999995,522.472,-0.5734866217391305,0.2955401,1.9195,0.96,True
572,left_toe_tip,451.462,514.114,-0.6800893552173913,0.5559160004347827,-0.0215999999999999,0.9441,True
572,right_shoulder,198.384,579.146,-0.7473390765217391,0.3708569645652173,1.6361,0.8706,False
572,right_toe_tip,404.502,426.024,-0.60640735,0.1700118,0.016,0.9215,True
573,left_shoulder,326.08000000000004,524.47,-0.5713002782608695,0.299317522826087,1.9097,0.9406,False
573,left_toe_tip,451.622,513.966,-0.680208386956522,0.5559511434782609,-0.025,0.936,True
573,right_shoulder,201.016,584.412,-0.7380179921739131,0.3772804786956522,1.5893,0.9541,True
573,right_toe_tip,404.826,426.47800000000007,-0.6104810291304349,0.1725682169565219,-0.0031999999999998,0.9287,True
574,left_shoulder,327.408,526.406,-0.5700386939130435,0.3034558110869564,1.9058,0.9379,True
574,left_toe_tip,451.74799999999993,513.894,-0.6804491313043481,0.5562598995652175,-0.0284,0.9263,True
574,right_shoulder,203.44,588.966,-0.7380236608695652,0.3870769780434782,1.5997,0.9792,True
574,right_toe_tip,405.022,427.406,-0.6171237430434783,0.177028670869565,-0.0271999999999998,0.953,True
575,left_shoulder,328.682,528.0820000000001,-0.5694750676086957,0.3074621715217393,1.8911,0.9318,True
575,left_toe_tip,451.86,513.784,-0.6803715,0.5561297478260869,-0.03,0.9269,True
575,right_shoulder,206.04,593.608,-0.7388640695652174,0.3977430121739129,1.6116,0.8384,True
575,right_toe_tip,405.3,428.13,-0.623230543478261,0.1809147717391304,-0.052,0.9666,True
576,left_shoulder,330.312,529.412,-0.5694893026086957,0.3115339365217392,1.8722,0.8994,True
576,left_toe_tip,451.9440000000001,513.692,-0.6804356660869564,0.5560977495652174,-0.0238000000000001,0.9092,True
576,right_shoulder,208.526,598.2,-0.7384771308695653,0.4076844782608696,1.6414000000000002,0.8922,True
576,right_toe_tip,405.406,428.97,-0.6291709082608696,0.1849745413043477,-0.0719,0.942,True
577,left_shoulder,331.802,530.51,-0.5703672986956521,0.315554702173913,1.8379,0.9143,True
577,left_toe_tip,451.99,513.65,-0.680964045652174,0.5565136195652173,-0.0271999999999998,0.8981,True
577,right_shoulder,210.876,602.348,-0.7457428817391305,0.421158676521739,1.7062,0.9051,True
577,right_toe_tip,405.534,429.832,-0.6320897534782609,0.1882579634782608,-0.0761999999999998,0.9214,True
578,left_shoulder,333.72799999999995,531.13,-0.5705980521739131,0.3188226304347826,1.822,0.8673,True
578,left_toe_tip,451.962,513.596,-0.6783675239130434,0.5541142652173913,-0.014,0.9023,True
578,right_shoulder,213.294,606.28,-0.7540637117391303,0.4352195913043477,1.6962000000000002,0.8651,True
578,right_toe_tip,405.352,430.988,-0.634212735652174,0.1918682182608695,-0.0825999999999999,0.9009,True
579,left_shoulder,335.204,531.722,-0.5687758399999999,0.320448184347826,1.8187,0.8195,True
579,left_toe_tip,452.012,513.5600000000001,-0.6767976669565217,0.5528493826086958,-0.0071999999999998,0.9095,True
579,right_shoulder,215.628,609.936,-0.7526145165217392,0.4432560626086957,1.7029,0.895,True
579,right_toe_tip,405.204,431.976,-0.6357867339130433,0.1948984904347825,-0.0826999999999998,0.8966,True
580,left_shoulder,336.488,532.1279999999999,-0.5687550956521739,0.3225529043478259,1.802,0.799,True
580,left_toe_tip,452.11800000000005,513.518,-0.6784582395652172,0.5543668473913044,-0.0251999999999998,0.9302,True
580,right_shoulder,217.7,613.156,-0.7498579130434783,0.4495170017391303,1.7049,0.8906,True
580,right_toe_tip,404.756,433.1379999999999,-0.63699984,0.1980449843478258,-0.0711999999999998,0.9732,True
581,left_shoulder,337.398,532.668,-0.5686944108695653,0.3245032304347826,1.797,0.8895,True
581,left_toe_tip,452.242,513.442,-0.6787043530434782,0.5546594730434783,-0.0285999999999999,0.9439,True
581,right_shoulder,219.706,616.1426666666666,-0.7456259208695651,0.4544119395169081,1.6978666666666666,0.9159,False
581,right_toe_tip,404.052,436.86,-0.6423940765217392,0.209259704347826,-0.0578000000000001,0.967,True
582,left_shoulder,338.198,533.188,-0.568634333478261,0.3263087817391304,1.7926,0.8585,True
582,left_toe_tip,452.422,513.346,-0.6769934686956521,0.553445715652174,-0.0234,0.9413,True
582,right_shoulder,221.668,619.1940000000001,-0.7297165147826088,0.4521244904347827,1.6677,0.9454,True
582,right_toe_tip,403.0545,441.7575000000001,-0.6454575704619564,0.2227136506793479,-0.04115,0.9318,True
583,left_shoulder,338.35800000000006,533.942,-0.5689230417391303,0.3280697373913044,1.7818,0.8905,True
583,left_toe_tip,452.59,513.25,-0.6801353347826088,0.5561642391304348,-0.0418000000000001,0.9398,True
583,right_shoulder,223.346,622.208,-0.7140181482608695,0.4493447095652173,1.6634,0.9188,False
583,right_toe_tip,402.0195,447.7745,-0.6459230516576088,0.2382362122010869,-0.0270500000000001,0.4773,True
584,left_shoulder,338.334,534.4359999999999,-0.5711980130434783,0.3302907739130433,1.775,0.8531,True
584,left_toe_tip,452.714,513.192,-0.6772831760869568,0.5539888956521739,-0.03,0.9307,True
584,right_shoulder,224.936,625.1999999999999,-0.7095789773913044,0.4533766956521738,1.6832,0.8589,False
584,right_toe_tip,400.691,455.07700000000006,-0.6429868664130435,0.2554574307608697,-0.0294,0.8897,False
585,left_shoulder,338.338,534.6859999999999,-0.5719773834782609,0.3312198460869563,1.7726,0.8645,True
585,left_toe_tip,452.824,513.1800000000001,-0.6702935321739133,0.5485509000000002,0.0024,0.9365,True
585,right_shoulder,226.262,627.9440000000001,-0.7067724356521738,0.4577182504347827,1.7129,0.8759,True
585,right_toe_tip,399.1950000000001,463.675,-0.6369553994565216,0.2742316440217391,-0.016,0.7771,False
586,left_shoulder,337.976,534.856,-0.5732546834782608,0.3318842904347826,1.7708,0.8264,True
586,left_toe_tip,453.06000000000006,513.1,-0.6667255739130432,0.5460344782608696,0.0158000000000001,0.9511,True
586,right_shoulder,227.338,630.4973333333334,-0.70909087,0.4648045844444445,1.7081333333333335,0.8661,True
586,right_toe_tip,399.91766666666666,471.9913333333333,-0.6264061227536233,0.2921999962318839,0.0760999999999999,0.7726,False
587,left_shoulder,337.72,534.76,-0.5753176956521739,0.3326138695652174,1.766,0.845,True
587,left_toe_tip,453.232,513.0640000000001,-0.6618895513043479,0.5424455060869569,0.0365999999999999,0.9681,True
587,right_shoulder,228.11788217054263,632.2416713178294,-0.7153614988699749,0.472832399413435,1.6951336434108528,0.778,True
587,right_toe_tip,402.91050000000007,481.2165,-0.6186103155163042,0.3162762472010869,0.0900500000000001,0.607,True
588,left_shoulder,337.636,534.488,-0.5767264643478262,0.3328168939130435,1.7622,0.8082,True
588,left_toe_tip,453.408,513.08,-0.6595215930434782,0.5410712434782611,0.0451999999999998,0.9531,True
588,right_shoulder,228.6016465116279,633.1770139534883,-0.7255810713848803,0.4818008355682365,1.674400930232558,0.4767,True
588,right_toe_tip,408.1735,491.3505,-0.6132440888315218,0.3474577655706522,-0.1796500000000001,0.2989,True
589,left_shoulder,337.66,534.244,-0.5776008521739131,0.3328817982608695,1.7594,0.816,True
589,left_toe_tip,453.86,512.64,-0.6550509391304347,0.5371600695652173,0.0594,0.9301,True
589,right_shoulder,228.78329302325585,633.3900279069768,-0.7266012106598443,0.4830677399271429,1.6714018604651162,0.1235,True
589,right_toe_tip,415.70666666666665,502.3933333333333,-0.6094927536231884,0.3869384057971014,-0.359,0.0232,True
590,left_shoulder,337.308,534.522,-0.5789971539130435,0.3338302343478262,1.7662,0.7979,True
590,left_toe_tip,454.434,511.992,-0.6449225308695652,0.528238283478261,0.1155999999999999,0.9219,True
590,right_shoulder,228.83882170542637,633.1067131782945,-0.727873076953674,0.4834771232107183,1.6683364341085272,0.056,False
590,right_toe_tip,425.5100000000001,514.345,-0.6060508206521737,0.436108508152174,0.871,0.0214,True
591,left_shoulder,336.728,535.0559999999999,-0.5818207391304347,0.3358411304347824,1.757,0.7795,True
591,left_toe_tip,454.698,511.702,-0.634055104347826,0.5190846695652173,0.165,0.8566,True
591,right_shoulder,228.84823255813956,632.2050697674418,-0.7280046922054224,0.4819791223707291,1.6680046511627906,0.056,True
591,right_toe_tip,435.3133333333333,526.2966666666667,-0.600488384057971,0.4878638079710146,0.614,0.0341,True
592,left_shoulder,335.832,535.988,-0.5849282886956523,0.338432575652174,1.7568,0.7216,True
592,left_toe_tip,454.75,511.402,-0.6367364673913043,0.5203950047826088,0.1508000000000001,0.9075,True
592,right_shoulder,228.85293798449607,631.7542480620154,-0.7280704972858941,0.4812298780785277,1.6678387596899225,0.039,True
592,right_toe_tip,445.242,537.096,-0.5853324673913043,0.5322504782608696,0.487,0.8654,False
593,left_shoulder,334.688,537.14,-0.5879247165217392,0.3411100260869565,1.7549,0.7601,True
593,left_toe_tip,454.728,511.138,-0.6358454486956523,0.5186990447826089,0.1555999999999999,0.9066,True
593,right_shoulder,228.8576434108527,631.3034263565891,-0.728136300669431,0.4804804712048554,1.6676728682170543,0.0175,True
593,right_toe_tip,455.422,547.059,-0.5571246176086955,0.5646131924999999,0.2375999999999999,0.7924,True
594,left_shoulder,333.432,538.382,-0.5917428852173913,0.3443160386956521,1.7597,0.7764,True
594,left_toe_tip,454.6060000000001,511.416,-0.634369904347826,0.518106052173913,0.165,0.9024,True
594,right_shoulder,228.8623488372093,630.8526046511627,-0.7282021023560327,0.4797309017497118,1.667506976744186,0.011,True
594,right_toe_tip,465.6913333333334,555.8476666666667,-0.524005955869565,0.5887564040217391,0.0673000000000001,0.9324,True
595,left_shoulder,332.41400000000004,539.388,-0.5958475752173912,0.3475057539130435,1.7533,0.7985,True
595,left_toe_tip,454.168,511.824,-0.6465337669565218,0.5282154991304346,0.1121999999999998,0.9531,True
595,right_shoulder,228.86705426356588,630.4017829457364,-0.7282679023456994,0.4789811697130972,1.6633410852713175,0.0099,True
595,right_toe_tip,476.152,563.1279999999999,-0.4819980730434781,0.5975495860869562,-0.0289,0.9673,True
596,left_shoulder,331.77,540.2040000000001,-0.5987032717391304,0.3500266826086957,1.7485,0.8315,True
596,left_toe_tip,453.788,512.1519999999999,-0.6495560330434781,0.5307458678260867,0.1038000000000001,0.9361,True
596,right_shoulder,,,,,,0.0108,True
596,right_toe_tip,485.83,568.858,-0.4394850456521738,0.5953815117391302,0.0144,0.9292,True
597,left_shoulder,330.954,541.2719999999999,-0.6007585504347825,0.3523770052173912,1.7475999999999998,0.8163,True
597,left_toe_tip,453.506,512.566,-0.6448638182608694,0.5275466947826088,0.1158000000000001,0.9143,True
597,right_shoulder,,,,,,0.0169,True
597,right_toe_tip,495.412,574.318,-0.3981827791304348,0.5902131356521738,0.0804000000000001,0.8982,True
598,left_shoulder,330.60600000000005,542.1659999999999,-0.6030492617391303,0.3550652947826085,1.7428,0.8882,True
598,left_toe_tip,453.2720000000001,512.934,-0.6417760173913041,0.5256275086956521,0.135,0.9335,True
598,right_shoulder,,,,,,0.0206,True
598,right_toe_tip,503.99799999999993,579.066,-0.363154905652174,0.5849538430434783,0.0694,0.8777,True
599,left_shoulder,330.242,543.3,-0.6053748739130435,0.358231956521739,1.7425,0.8194,True
599,left_toe_tip,452.904,513.198,-0.640641107826087,0.524569934347826,0.1468000000000001,0.9414,True
599,right_shoulder,,,,,,0.0606,True
599,right_toe_tip,511.67800000000005,582.98,-0.3319076426086955,0.5767426173913044,0.1204,0.8701,True
600,left_shoulder,329.902,544.6220000000001,-0.6060393521739131,0.3608156043478262,1.747,0.8421,True
600,left_toe_tip,452.668,513.62,-0.6358292426086956,0.5214063173913043,0.1744,0.9384,True
600,right_shoulder,,,,,,0.0126,True
600,right_toe_tip,517.8399999999999,586.506,-0.3082946608695654,0.5716322073913043,0.0821999999999998,0.9435,True
601,left_shoulder,329.43999999999994,546.236,-0.6074148521739132,0.3642533243478261,1.7361,0.8103,True
601,left_toe_tip,452.596,513.9280000000001,-0.6451179,0.5298804086956524,0.122,0.9484,True
601,right_shoulder,,,,,,0.0113,False
601,right_toe_tip,523.266,589.064,-0.2860998078260871,0.5614059860869565,0.0646999999999998,0.9757,True
602,left_shoulder,329.296,547.6560000000001,-0.6088447513043478,0.3677241704347826,1.7282,0.7652,True
602,left_toe_tip,452.656,514.1940000000001,-0.6427935547826088,0.5290530221739133,0.1324000000000001,0.9524,True
602,right_shoulder,,,,,,0.0202,True
602,right_toe_tip,526.688,590.544,-0.2731065530434783,0.5556611582608695,0.0545999999999999,0.8761,True
603,left_shoulder,328.878,549.686,-0.6096638495652174,0.371702087826087,1.7377,0.7893,True
603,left_toe_tip,452.648,514.4739999999999,-0.6365487843478264,0.5248422056521738,0.1631999999999998,0.9595,True
603,right_shoulder,,,,,,0.0226,True
603,right_toe_tip,528.7520000000001,590.716,-0.2662938539130433,0.5522638860869565,0.0483000000000001,0.8944,True
604,left_shoulder,328.48400000000004,551.894,-0.6104359182608695,0.3760288078260869,1.7377,0.779,True
604,left_toe_tip,452.602,514.754,-0.6352384813043477,0.5245824178260869,0.1704,0.9598,True
604,right_shoulder,,,,,,0.0204,True
604,right_toe_tip,529.2679999999999,589.924,-0.2641439643478263,0.5484687069565216,0.0484,0.9195,True
605,left_shoulder,328.236,554.116,-0.6120740617391305,0.3811003469565217,1.7203,0.8506,True
605,left_toe_tip,452.592,514.9390000000001,-0.6291816191304348,0.5201740101086959,0.2003000000000001,0.9553,True
605,right_shoulder,,,,,,0.0186,True
605,right_toe_tip,529.2,588.5440000000001,-0.2650287826086955,0.5466673113043481,0.0444,0.9472,True
606,left_shoulder,328.17600000000004,556.426,-0.6132086747826087,0.3862759991304349,1.7123,0.8117,True
606,left_toe_tip,452.544,515.043,-0.6116159513043479,0.5058614925,0.2873000000000001,0.9675,True
606,right_shoulder,,,,,,0.0168,True
606,right_toe_tip,528.6940000000001,587.144,-0.2682716569565215,0.5474664191304348,0.0545999999999999,0.9363,True
607,left_shoulder,328.352,559.222,-0.6132013147826088,0.3919909395652173,1.7208,0.8386,True
607,left_toe_tip,452.616,514.887,-0.5986715121739132,0.4948471294565216,0.3496999999999998,0.9597,False
607,right_shoulder,,,,,,0.0105,True
607,right_toe_tip,528.53,585.7239999999999,-0.2705086108695652,0.5477732634782606,0.0534,0.9296,True
608,left_shoulder,328.854,562.178,-0.6125517773913044,0.3980269495652174,1.7293,0.8415,True
608,left_toe_tip,452.882,514.5350000000001,-0.5898081393478263,0.4871043983695655,0.3890999999999999,0.9671,True
608,right_shoulder,,,,,,0.011,True
608,right_toe_tip,528.8,584.5319999999999,-0.2705786086956522,0.5463449295652172,0.0474,0.9014,True
609,left_shoulder,329.644,565.342,-0.6113338513043479,0.4044791004347826,1.7328,0.8401,True
609,left_toe_tip,453.244,514.141,-0.5790450978260868,0.4779208722826086,0.4365,0.9542,True
609,right_shoulder,,,,,,0.0362,True
609,right_toe_tip,529.822,583.754,-0.2687385130434783,0.545765191304348,0.038,0.8797,True
610,left_shoulder,331.13800000000003,568.596,-0.6078538447826086,0.4105259973913043,1.7444000000000002,0.8514,True
610,left_toe_tip,453.676,513.576,-0.5831941199999998,0.48069288,0.4174000000000001,0.9482,True
610,right_shoulder,,,,,,0.0312,True
610,right_toe_tip,530.926,583.06,-0.2659508660869564,0.5438784695652172,0.0188000000000001,0.9326,True
611,left_shoulder,333.184,571.872,-0.6028267408695651,0.4162824208695651,1.7569,0.8889,True
611,left_toe_tip,454.146,512.997,-0.5932984919565217,0.4884096622826085,0.3600999999999999,0.9476,True
611,right_shoulder,,,,,,0.0338,True
611,right_toe_tip,532.0939999999999,582.49,-0.2643697000000001,0.5451005,0.016,0.952,True
612,left_shoulder,335.576,575.434,-0.5976637269565217,0.422953142173913,1.7578,0.7467,True
612,left_toe_tip,454.562,512.613,-0.608458359347826,0.5007531120652176,0.2783000000000001,0.9083,True
612,right_shoulder,,,,,,0.1,True
612,right_toe_tip,533.048,582.01,-0.2622184034782608,0.5443106043478261,0.0144,0.9514,True
613,left_shoulder,338.008,579.2139999999999,-0.5943990365217392,0.4314703382608694,1.7297,0.7502,True
613,left_toe_tip,454.846,512.457,-0.6213325480434783,0.5116092348913044,0.2096999999999998,0.9008,False
613,right_shoulder,,,,,,0.1186,True
613,right_toe_tip,533.8,581.764,-0.2611596521739131,0.5453466017391304,-0.0064,0.9516,True
614,left_shoulder,340.836,583.072,-0.5885076165217391,0.4388214191304347,1.6882,0.8374,True
614,left_toe_tip,455.072,512.4449999999999,-0.6360920173913044,0.5243610896739128,0.1325,0.9028,True
614,right_shoulder,,,,,,0.0351,True
614,right_toe_tip,534.1899999999999,581.632,-0.2616497282608697,0.5480573913043476,-0.019,0.9346,True
615,left_shoulder,343.196,587.7879999999999,-0.581542272173913,0.4463159226086954,1.6954,0.8157,True
615,left_toe_tip,455.254,512.5849999999999,-0.6422132419565216,0.5304153135869561,0.0989,0.9146,True
615,right_shoulder,,,,,,0.038,True
615,right_toe_tip,534.454,581.508,-0.2622359204347827,0.5503510721739131,-0.0298000000000001,0.926,True
616,left_shoulder,345.058,593.3699999999999,-0.575008664347826,0.4549700347826084,1.6999000000000002,0.8408,True
616,left_toe_tip,455.408,512.668,-0.6476370191304348,0.5356323591304348,0.0691999999999998,0.9266,True
616,right_shoulder,,,,,,0.1687,True
616,right_toe_tip,534.6940000000001,581.392,-0.2620745843478259,0.5509773078260871,-0.0335999999999999,0.9321,True
617,left_shoulder,346.904,598.608,-0.5694345547826087,0.4635738469565216,1.7061,0.8372,True
617,left_toe_tip,455.586,512.732,-0.6528255600000001,0.5406712799999999,0.0401999999999998,0.9347,True
617,right_shoulder,,,,,,0.0645,True
617,right_toe_tip,534.8340000000001,581.316,-0.2630978973913042,0.5536748973913045,-0.0455999999999999,0.9288,True
618,left_shoulder,348.85,604.106,-0.5607169239130434,0.4701163160869565,1.7217,0.8456,True
618,left_toe_tip,455.89133333333336,512.5840000000001,-0.6606699479710144,0.547544366956522,-0.0044,0.9116,True
618,right_shoulder,,,,,,0.2405,True
618,right_toe_tip,534.892,581.212,-0.2638439295652173,0.5552902095652174,-0.0294,0.9215,True
619,left_shoulder,350.78000000000003,609.604,-0.5546107869565217,0.4786428008695653,1.7293,0.7972,True
619,left_toe_tip,456.266,512.144,-0.6701098517391305,0.5548956278260869,-0.0424,0.915,True
619,right_shoulder,,,,,,0.0144,True
619,right_toe_tip,534.962,581.162,-0.2646044226086957,0.5571359252173914,-0.0375999999999999,0.928,True
620,left_shoulder,352.758,615.0,-0.5498186543478261,0.4881032608695652,1.756,0.8239,True
620,left_toe_tip,456.688,511.602,-0.6805258747826087,0.5628059465217392,-0.1104000000000001,0.9176,False
620,right_shoulder,,,,,,0.0103,True
620,right_toe_tip,535.096,581.0020000000001,-0.2655895617391304,0.559519411304348,-0.0671999999999998,0.9258,True
621,left_shoulder,354.80600000000004,620.546,-0.5464565034782608,0.4992287921739131,1.7542,0.8767,True
621,left_toe_tip,457.048,510.982,-0.6901267617391307,0.5695303617391304,-0.1654000000000001,0.93,False
621,right_shoulder,,,,,,0.0114,True
621,right_toe_tip,535.24,580.832,-0.2665458782608695,0.5618734191304348,-0.0788000000000001,0.9378,True
622,left_shoulder,357.20400000000006,626.424,-0.540693656521739,0.509391104347826,1.7625,0.8905,True
622,left_toe_tip,457.316,510.158,-0.6999577173913044,0.5753336413043478,-0.212,0.9157,True
622,right_shoulder,,,,,,0.0103,True
622,right_toe_tip,535.502,580.4100000000001,-0.2651523165217392,0.5592664173913046,-0.0724,0.9267,True
623,left_shoulder,359.572,632.1940000000001,-0.5392142739130434,0.5233817239130436,1.767,0.8396,True
623,left_toe_tip,457.5226666666666,509.31,-0.7057509211594205,0.5774726543478259,-0.2451999999999998,0.8993,True
623,right_shoulder,,,,,,0.019,True
623,right_toe_tip,535.76,579.9559999999999,-0.266015947826087,0.561318148695652,-0.0858000000000001,0.9205,True
624,left_shoulder,362.322,637.388,-0.533745407826087,0.5331879773913044,1.7675999999999998,0.9078,True
624,left_toe_tip,457.534,508.38,-0.7072937491304349,0.5751660391304347,-0.2441999999999998,0.9415,True
624,right_shoulder,,,,,,0.0184,True
624,right_toe_tip,536.03,579.4300000000001,-0.2664796304347827,0.5624086304347828,-0.072,0.9396,True
625,left_shoulder,365.26,642.5319999999999,-0.5283369652173914,0.5433213199999999,1.7568,0.8435,True
625,left_toe_tip,457.484,507.414,-0.7005836982608694,0.5658454343478263,-0.2094,0.9265,True
625,right_shoulder,,,,,,0.0146,True
625,right_toe_tip,536.246,578.912,-0.2681815347826087,0.5658399304347826,-0.092,0.9222,True
626,left_shoulder,368.6,646.95,-0.5209699999999999,0.5508192391304348,1.751,0.8678,True
626,left_toe_tip,457.504,506.388,-0.6960635478260868,0.5583429260869566,-0.187,0.9121,True
626,right_shoulder,,,,,,0.0115,True
626,right_toe_tip,536.386,578.468,-0.2676394669565218,0.5643123426086957,-0.0904,0.9153,True
627,left_shoulder,371.726,651.444,-0.5146778369565217,0.5591289782608695,1.742,0.8841,True
627,left_toe_tip,457.488,505.482,-0.6912443617391305,0.5509972617391303,-0.1624000000000001,0.9012,True
627,right_shoulder,,,,,,0.0139,True
627,right_toe_tip,536.402,578.2239999999999,-0.2685215117391303,0.5656271199999998,-0.0705999999999999,0.9004,True
628,left_shoulder,375.086,655.096,-0.5056402,0.5632484521739131,1.733,0.8691,True
628,left_toe_tip,457.676,504.898,-0.6897792547826085,0.5481869334782608,-0.1585999999999999,0.8939,True
628,right_shoulder,,,,,,0.0106,True
628,right_toe_tip,536.504,577.966,-0.2688196104347825,0.5661429930434783,-0.0755999999999999,0.8881,True
629,left_shoulder,378.334,658.802,-0.4989288013043478,0.569737465652174,1.7068,0.9172,True
629,left_toe_tip,458.018,504.574,-0.6855578430434781,0.5446354013043477,-0.1438000000000001,0.8984,True
629,right_shoulder,,,,,,0.0132,True
629,right_toe_tip,536.568,577.7639999999999,-0.2679788208695652,0.5641981199999997,-0.0695999999999999,0.879,True
630,left_shoulder,381.7600000000001,662.244,-0.4921717565217391,0.5760376408695653,1.6986,0.8501,True
630,left_toe_tip,458.256,504.472,-0.6836340069565218,0.5434345686956523,-0.1385999999999999,0.9036,True
630,right_shoulder,,,,,,0.0148,True
630,right_toe_tip,536.6020000000001,577.582,-0.2671939186956519,0.5622602682608696,-0.0634000000000001,0.8823,True
631,left_shoulder,385.12,665.5319999999999,-0.4849923130434782,0.5813742599999998,1.6969,0.8753,True
631,left_toe_tip,458.356,504.95,-0.6791116330434784,0.5419239347826086,-0.1175999999999999,0.8958,True
631,right_shoulder,,,,,,0.018,True
631,right_toe_tip,536.712,577.368,-0.2684589843478261,0.5649677843478262,-0.0941999999999998,0.8739,True
632,left_shoulder,388.466,668.4440000000001,-0.4760554356521739,0.5837637965217393,1.6883,0.9083,True
632,left_toe_tip,458.854,505.77,-0.6720122804347827,0.5407750108695651,-0.091,0.9203,True
632,right_shoulder,,,,,,0.0126,True
632,right_toe_tip,536.798,577.23,-0.2686168578260869,0.5654119108695653,-0.0975999999999999,0.8513,True
633,left_shoulder,391.444,671.5840000000001,-0.4674473817391304,0.5859811269565219,1.6858,0.8381,True
633,left_toe_tip,459.018,506.54,-0.6443352639130434,0.5217142565217391,0.0465999999999999,0.841,True
633,right_shoulder,,,,,,0.0122,True
633,right_toe_tip,536.84,577.1560000000001,-0.2674759391304347,0.5630477417391306,-0.0884,0.8558,True
634,left_shoulder,394.20200000000006,674.606,-0.4615124621739129,0.5907069613043479,1.6541,0.929,True
634,left_toe_tip,459.632,507.882,-0.6221715739130437,0.5101125293478259,0.1395,0.8807,True
634,right_shoulder,,,,,,0.0116,True
634,right_toe_tip,536.992,577.036,-0.266522003478261,0.5615570591304347,-0.0834,0.8661,True
635,left_shoulder,396.584,677.56,-0.4546058382608695,0.5930778173913042,1.6293,0.8957,True
635,left_toe_tip,460.82,509.7879999999999,-0.6045961673913045,0.505420530869565,0.2006999999999998,0.9032,True
635,right_shoulder,,,,,,0.0155,True
635,right_toe_tip,537.1700000000001,576.98,-0.2630659652173911,0.5550914434782609,-0.0565999999999999,0.8689,True
636,left_shoulder,398.808,679.9480000000001,-0.4491414504347826,0.5957988191304351,1.6253,0.8362,True
636,left_toe_tip,463.576,511.802,-0.5882014513043478,0.5061111680434782,0.2296999999999998,0.8798,True
636,right_shoulder,,,,,,0.0156,True
636,right_toe_tip,537.568,576.886,-0.2581954434782609,0.5466941673913043,-0.022,0.8761,True
637,left_shoulder,400.448,682.232,-0.4454104904347826,0.5991413686956522,1.6114000000000002,0.8658,True
637,left_toe_tip,467.198,514.204,-0.5635035654347826,0.5028558917391303,0.2799000000000001,0.8891,True
637,right_shoulder,,,,,,0.0133,True
637,right_toe_tip,538.2239999999999,576.6279999999999,-0.2557011373913045,0.5442543034782606,0.0025999999999999,0.8884,True
638,left_shoulder,402.078,684.594,-0.4415004765217392,0.6023335617391306,1.6058,0.9052,True
638,left_toe_tip,473.384,516.966,-0.5428602826086956,0.5114191141304348,0.2305,0.8952,True
638,right_shoulder,,,,,,0.0121,True
638,right_toe_tip,538.9459999999999,576.2180000000001,-0.2520198886956524,0.5392288904347827,0.0195999999999999,0.9088,True
639,left_shoulder,403.412,686.916,-0.4367105886956521,0.6034442947826087,1.6148,0.9203,True
639,left_toe_tip,481.328,519.852,-0.50537032,0.5091286199999999,0.2173000000000002,0.9219,True
639,right_shoulder,,,,,,0.0124,True
639,right_toe_tip,539.2194999999999,575.7280000000001,-0.2498233573777175,0.5347650908695654,0.0334250000000001,0.907,True
640,left_shoulder,404.76,688.422,-0.4364213391304348,0.6092942060869565,1.5982,0.9045,True
640,left_toe_tip,491.0940000000001,522.694,-0.4633242560869563,0.5062259178260868,0.1834000000000001,0.9115,True
640,right_shoulder,,,,,,0.0172,True
640,right_toe_tip,539.1144999999999,575.116,-0.2502536105298915,0.5336104364130435,0.051875,0.842,True
641,left_shoulder,405.798,690.254,-0.4348520178260869,0.6131955247826087,1.5968,0.9207,True
641,left_toe_tip,501.858,525.38,-0.4137653208695652,0.495349052173913,0.0959000000000001,0.9497,True
641,right_shoulder,,,,,,0.0114,True
641,right_toe_tip,538.3689999999999,574.384,-0.2534864936413046,0.5347133104347828,0.0393499999999999,0.0613,True
642,left_shoulder,407.13,691.8280000000001,-0.4321257217391305,0.6157573495652175,1.5898,0.9067,True
642,left_toe_tip,513.9359999999999,527.778,-0.3633931826086959,0.4836383217391305,0.023,0.9251,True
642,right_shoulder,,,,,,0.0118,True
642,right_toe_tip,537.015,573.65,-0.2567628736413044,0.5326735733695652,0.05075,0.0159,True
643,left_shoulder,408.322,693.354,-0.4296115956521739,0.6181542652173914,1.591,0.8944,True
643,left_toe_tip,526.312,531.1099999999999,-0.3174366678260868,0.4777688782608693,0.0816999999999998,0.958,True
643,right_shoulder,,,,,,0.0108,True
643,right_toe_tip,535.1824999999999,572.9399999999999,-0.2631403461277176,0.5345777690217389,0.037375,0.0205,True
644,left_shoulder,409.65199999999993,694.778,-0.4253425895652175,0.6181748547826087,1.5982,0.8961,True
644,left_toe_tip,539.42,535.168,-0.2753486826086957,0.47954144,0.0449,0.9615,True
644,right_shoulder,,,,,,0.0112,True
644,right_toe_tip,534.2662499999999,572.585,-0.2663527978091035,0.5355206783288045,0.0354375,0.0296,True
645,left_shoulder,411.012,696.7320000000001,-0.4186497999999999,0.615633939130435,1.611,0.8554,True
645,left_toe_tip,552.552,539.908,-0.234455692173913,0.4823489921739131,0.0099,0.8711,True
645,right_shoulder,,,,,,0.0194,True
645,right_toe_tip,533.3499999999999,572.2299999999999,-0.2695810597826089,0.5364574619565214,0.0375,0.0336,True
646,left_shoulder,412.872,698.03,-0.4137185895652174,0.6157289934782608,1.6172,0.8468,True
646,left_toe_tip,565.308,546.012,-0.1928839713043478,0.4803557713043477,0.0281999999999998,0.935,True
646,right_shoulder,,,,,,0.0184,True
646,right_toe_tip,530.2958333333332,571.0466666666666,-0.2804561184707128,0.539535833031401,0.0330416666666665,0.0309,False
647,left_shoulder,414.954,699.018,-0.4089966434782608,0.6161283652173913,1.621,0.8273,True
647,left_toe_tip,577.654,553.7639999999999,-0.1575591847826087,0.4896753260869563,0.043,0.878,True
647,right_shoulder,,,,,,0.0223,True
647,right_toe_tip,528.8458333333333,570.08,-0.2855121631567029,0.5396144565217393,0.051875,0.0519,True
648,left_shoulder,417.3639999999999,699.382,-0.4048103269565218,0.6170850104347825,1.6162,0.8863,True
648,left_toe_tip,588.8599999999999,562.068,-0.1268160826086959,0.501084712173913,0.0815999999999999,0.9203,True
648,right_shoulder,,,,,,0.0152,True
648,right_toe_tip,528.7366666666667,569.9166666666666,-0.2868658985507246,0.5412199275362317,0.043,0.6733,True
649,left_shoulder,419.906,699.866,-0.4011930847826088,0.6195166108695652,1.612,0.9063,True
649,left_toe_tip,598.3619999999999,570.76,-0.1020674104347829,0.516636904347826,0.0958000000000001,0.8903,True
649,right_shoulder,,,,,,0.0111,True
649,right_toe_tip,529.7475000000001,570.48,-0.2856977826086955,0.5454177391304348,0.0155,0.8523,True
650,left_shoulder,422.486,700.5600000000001,-0.3958281943478261,0.6197451652173914,1.6103,0.8431,True
650,left_toe_tip,606.2379999999999,579.088,-0.0816600026086957,0.5299071930434781,0.0308000000000001,0.8898,True
650,right_shoulder,,,,,,0.0123,True
650,right_toe_tip,530.8120000000001,571.008,-0.2820610878260866,0.5450887095652175,-0.0045999999999999,0.9594,True
651,left_shoulder,425.198,701.554,-0.3902858947826087,0.6205887678260869,1.6129,0.862,True
651,left_toe_tip,612.9739999999999,586.518,-0.066096195652174,0.5539842391304348,-0.013,0.894,True
651,right_shoulder,,,,,,0.0151,True
651,right_toe_tip,532.9159999999999,572.244,-0.2738556904347828,0.5427909600000002,0.0101999999999998,0.9923,True
652,left_shoulder,428.246,701.5060000000001,-0.3860367486956522,0.6225802860869567,1.6028,0.9022,True
652,left_toe_tip,618.326,592.3860000000001,-0.0532096699999999,0.5705076300000002,-0.0080999999999999,0.9139,True
652,right_shoulder,,,,,,0.0375,True
652,right_toe_tip,534.358,573.688,-0.269410065652174,0.5449508539130433,0.0068000000000001,0.9789,True
653,left_shoulder,431.278,701.778,-0.3805092808695653,0.6230761539130435,1.6028,0.8624,True
653,left_toe_tip,622.576,596.676,-0.0428630399999999,0.5822229600000001,-0.0146999999999998,0.8747,True
653,right_shoulder,,,,,,0.0266,True
653,right_toe_tip,535.414,574.92,-0.2633520952173913,0.541177904347826,0.0279,0.9023,True
654,left_shoulder,434.488,702.118,-0.3763103426086956,0.6264478073913043,1.5954000000000002,0.8925,True
654,left_toe_tip,625.778,599.39,-0.0350572299999999,0.59009635,-0.0383000000000001,0.8705,True
654,right_shoulder,,,,,,0.0118,True
654,right_toe_tip,536.202,576.05,-0.2583441960869565,0.5377296630434781,0.0441999999999998,0.9276,True
655,left_shoulder,437.89,702.3620000000001,-0.369685552173913,0.6262247539130436,1.5972,0.8614,True
655,left_toe_tip,628.642,601.4960000000001,-0.0278838899999998,0.5928726800000003,-0.0420999999999999,0.9147,True
655,right_shoulder,,,,,,0.0132,True
655,right_toe_tip,536.576,576.9739999999999,-0.2562891686956521,0.5376710056521737,0.0341999999999998,0.9436,True
656,left_shoulder,441.962,701.382,-0.3620651260869565,0.6241353521739129,1.598,0.8597,True
656,left_toe_tip,630.8119999999999,603.09,-0.0224626626086958,0.5943022043478261,-0.0346999999999998,0.9002,True
656,right_shoulder,,,,,,0.0164,True
656,right_toe_tip,536.6580000000001,577.328,-0.2574339082608692,0.5413829460869565,0.0051999999999998,0.9753,True
657,left_shoulder,446.006,701.338,-0.3542077404347827,0.6232386656521738,1.5922,0.8954,True
657,left_toe_tip,632.4359999999999,604.476,-0.018415051304348,0.5951927660869566,-0.0288000000000001,0.9201,True
657,right_shoulder,,,,,,0.0238,True
657,right_toe_tip,536.832,577.422,-0.255834212173913,0.5391592943478262,0.0155999999999999,0.9769,True
658,left_shoulder,450.39,701.7900000000001,-0.3463680065217391,0.6243611673913045,1.5674,0.901,True
658,left_toe_tip,633.514,605.524,-0.0157581599999999,0.5965165704347826,-0.0331999999999998,0.9193,True
658,right_shoulder,,,,,,0.0107,True
658,right_toe_tip,536.942,577.4540000000001,-0.2572865373913043,0.5428786382608698,0.0001999999999998,0.973,True
659,left_shoulder,455.412,701.596,-0.3357093930434783,0.62125916,1.5428,0.8285,True
659,left_toe_tip,634.3459999999999,606.1800000000001,-0.0137551986956524,0.5989131260869567,-0.0361999999999998,0.9114,True
659,right_shoulder,,,,,,0.0302,True
659,right_toe_tip,536.932,577.39,-0.2572218782608695,0.5425298260869564,0.001,0.9658,True
660,left_shoulder,461.124,700.312,-0.3270708773913044,0.6222530939130436,1.5223,0.8297,True
660,left_toe_tip,634.778,606.634,-0.0126134004347825,0.5957283421739131,-0.0111999999999998,0.8975,True
660,right_shoulder,,,,,,0.0145,True
660,right_toe_tip,537.014,577.3880000000001,-0.2561440926086956,0.5406817626086959,0.0088000000000001,0.9666,True
661,left_shoulder,466.59,700.938,-0.3179434652173913,0.6251024113043477,1.4642,0.8725,True
661,left_toe_tip,634.974,606.8979999999999,-0.012099548695652,0.5943800982608695,-0.0368000000000001,0.9064,True
661,right_shoulder,,,,,,0.0128,True
661,right_toe_tip,536.9739999999999,577.6020000000001,-0.2548997621739132,0.5383757308695654,0.0208000000000001,0.9549,True
662,left_shoulder,472.41,701.046,-0.3090578195652174,0.6289333082608696,1.4064,0.8253,True
662,left_toe_tip,635.0139999999999,606.9739999999999,-0.0119826586956524,0.5935429499999998,-0.033,0.8992,True
662,right_shoulder,,,,,,0.0243,True
662,right_toe_tip,536.956,577.952,-0.254944296521739,0.539241676521739,0.0208000000000001,0.9751,True
663,left_shoulder,478.702,700.77,-0.2977000043478262,0.6289428913043478,1.383,0.7756,True
663,left_toe_tip,635.062,606.904,-0.0118436856521738,0.592193876521739,-0.0285999999999999,0.9008,True
663,right_shoulder,,,,,,0.014,True
663,right_toe_tip,537.056,578.144,-0.2547863999999999,0.5399064,0.02,0.9726,True
664,left_shoulder,485.082,700.672,-0.2862615217391304,0.6295026086956522,1.374,0.8787,True
664,left_toe_tip,635.078,606.738,-0.01167584,0.5853054469565219,0.0285999999999999,0.8995,True
664,right_shoulder,,,,,,0.0177,True
664,right_toe_tip,537.3,578.1600000000001,-0.2541825000000001,0.5399460000000003,0.02,0.9912,True
665,left_shoulder,491.592,700.9159999999999,-0.2743612243478261,0.6302499269565216,1.3662,0.8365,True
665,left_toe_tip,635.004,606.336,-0.0119100295652173,0.5872436034782609,0.0178000000000001,0.8998,True
665,right_shoulder,,,,,,0.014,True
665,right_toe_tip,537.4399999999999,578.082,-0.2553521043478262,0.5429767708695652,0.0064,0.9803,True
666,left_shoulder,498.092,700.742,-0.2623447026086956,0.6299282539130434,1.3662,0.8682,False
666,left_toe_tip,635.062,605.922,-0.0117717626086956,0.586256663478261,0.0178000000000001,0.9223,True
666,right_shoulder,,,,,,0.0108,True
666,right_toe_tip,537.658,577.9680000000001,-0.2538749047826086,0.5407027930434785,0.0148000000000001,0.9694,True
667,left_shoulder,504.68,700.9773333333334,-0.2496948173913044,0.6291773055072465,1.3694000000000002,0.8412,True
667,left_toe_tip,635.1400000000001,605.396,-0.0116185695652171,0.5866564808695652,0.0115999999999999,0.9364,True
667,right_shoulder,,,,,,0.0173,True
667,right_toe_tip,537.932,577.736,-0.2521745260869565,0.5379499217391305,0.024,0.9697,True
668,left_shoulder,511.32,700.7520000000001,-0.2386174782608695,0.6318727304347828,1.354,0.7958,True
668,left_toe_tip,635.22,605.0,-0.0114200434782608,0.5853369565217391,0.03,0.9265,True
668,right_shoulder,,,,,,0.017,False
668,right_toe_tip,538.17,577.5840000000001,-0.2514094152173914,0.5371959756521741,0.0215999999999999,0.9761,True
669,left_shoulder,517.87,700.5440000000001,-0.2280379499999999,0.6358548730434784,1.3282,0.842,False
669,left_toe_tip,635.35,604.738,-0.0112085217391303,0.589924987826087,0.0104,0.9433,True
669,right_shoulder,,,,,,0.0144,True
669,right_toe_tip,538.318,577.604,-0.2511324352173913,0.5374345747826087,0.0208000000000001,0.9803,True
670,left_shoulder,524.158,700.856,-0.2175814956521738,0.6402164869565217,1.318,0.8256,False
670,left_toe_tip,635.5400000000001,604.646,-0.0107612043478259,0.5902882508695652,0.0081999999999998,0.9482,True
670,right_shoulder,,,,,,0.0119,True
670,right_toe_tip,538.524,577.636,-0.2508883799999999,0.5380813539130433,0.0184,0.9809,True
671,left_shoulder,530.196,701.426,-0.2093914539130434,0.6510845373913045,1.2916,0.8271,True
671,left_toe_tip,635.5840000000001,604.488,-0.0105859199999998,0.586080255652174,0.0225999999999999,0.9454,True
671,right_shoulder,,,,,,0.0117,True
671,right_toe_tip,538.9,577.522,-0.2520247173913044,0.5422445160869567,-0.0004,0.9912,True
672,left_shoulder,536.278,701.8306666666666,-0.1989207573913043,0.6555717698550724,1.2851,0.7769,True
672,left_toe_tip,635.558,604.4060000000001,-0.0105294713043478,0.5793484834782611,0.0471999999999998,0.9304,True
672,right_shoulder,,,,,,0.0207,True
672,right_toe_tip,539.302,577.11,-0.2525330713043477,0.5444741217391305,-0.0141999999999998,0.9889,True
673,left_shoulder,542.2760000000001,702.32,-0.191326596521739,0.6702030260869566,1.2448,0.8201,True
673,left_toe_tip,635.528,604.2620000000001,-0.0105189217391303,0.5745467043478263,0.064,0.9315,True
673,right_shoulder,,,,,,0.0253,True
673,right_toe_tip,539.768,576.6879999999999,-0.2506017895652173,0.5417671060869561,-0.0011999999999998,0.9694,True
674,left_shoulder,547.5200000000001,703.7639999999999,-0.1822660173913041,0.6775140052173911,1.2328,0.8518,True
674,left_toe_tip,635.4680000000001,603.9680000000001,-0.010440348695652,0.5620280208695654,0.1085999999999999,0.9323,True
674,right_shoulder,,,,,,0.0133,False
674,right_toe_tip,540.252,576.216,-0.2502590582608696,0.5424671426086957,-0.0091999999999998,0.9312,True
675,left_shoulder,553.148,704.43,-0.1735151913043477,0.6881112391304347,1.215,0.7864,True
675,left_toe_tip,635.438,603.862,-0.0103180539130435,0.5515522278260869,0.1471999999999998,0.9437,True
675,right_shoulder,,,,,,0.0136,True
675,right_toe_tip,540.688,575.714,-0.2486470226086956,0.5400822039130436,-0.0044,0.9246,True
676,left_shoulder,559.062,704.066,-0.1585505039130434,0.6739953752173914,1.2438,0.8855,True
676,left_toe_tip,635.388,603.7940000000001,-0.0103669739130434,0.5480065130434785,0.16,0.9475,True
676,right_shoulder,,,,,,0.0295,True
676,right_toe_tip,541.016,575.208,-0.2467929339130435,0.5365696852173912,0.0281999999999998,0.9364,True
677,left_shoulder,563.972,704.634,-0.14901488,0.67548264,1.2148,0.889,True
677,left_toe_tip,635.39,603.644,-0.0102953326086956,0.5441206113043477,0.1804000000000001,0.9527,True
677,right_shoulder,,,,,,0.0135,True
677,right_toe_tip,541.0939999999999,574.95,-0.2474800130434784,0.5378422826086958,0.02,0.945,True
678,left_shoulder,568.806,704.912,-0.1381473139130434,0.6692792417391306,1.1648,0.8091,True
678,left_toe_tip,635.35,603.5799999999999,-0.0103411956521738,0.5417007391304346,0.189,0.9543,True
678,right_shoulder,,,,,,0.0181,True
678,right_toe_tip,541.2879999999999,574.898,-0.249076126956522,0.5422437143478261,-0.0114,0.9457,True
679,left_shoulder,574.156,703.842,-0.1250892860869566,0.6532250517391305,1.1192,0.8803,True
679,left_toe_tip,635.2879999999999,603.5699999999999,-0.0105313200000002,0.5443789499999998,0.1788000000000001,0.9542,True
679,right_shoulder,,,,,,0.0273,True
679,right_toe_tip,541.632,575.17,-0.2475024417391305,0.5413864304347825,-0.0048000000000001,0.9631,True
680,left_shoulder,578.572,703.676,-0.1134147834782608,0.6345304930434783,1.1404,0.8141,True
680,left_toe_tip,635.2239999999999,603.278,-0.0107480765217392,0.5474812730434784,0.1645999999999999,0.9633,True
680,right_shoulder,,,,,,0.0195,True
680,right_toe_tip,541.9979999999999,575.55,-0.2458998008695654,0.5408430652173912,-0.0149,0.9539,True
681,left_shoulder,582.208,704.24,-0.1063498434782609,0.6334764347826087,1.137,0.8049,True
681,left_toe_tip,635.188,602.86,-0.0108500139130435,0.5475965043478261,0.1605999999999999,0.939,True
681,right_shoulder,,,,,,0.0132,True
681,right_toe_tip,542.5740000000001,576.08,-0.2440309504347824,0.5412334260869567,-0.0109,0.9414,True
682,left_shoulder,586.032,704.3019999999999,-0.0974122399999999,0.6214651099999997,1.1634,0.8789,True
682,left_toe_tip,635.1220000000001,601.888,-0.0110518513043476,0.5480340730434783,0.1585999999999999,0.9503,True
682,right_shoulder,,,,,,0.0437,True
682,right_toe_tip,543.0600000000001,576.774,-0.2416334869565215,0.5403327573913043,-0.0151999999999998,0.949,True
683,left_shoulder,589.708,704.362,-0.0887981791304348,0.6080235139130434,1.2026,0.9094,True
683,left_toe_tip,635.1,600.462,-0.0111656086956521,0.5479397139130435,0.1595999999999999,0.9155,True
683,right_shoulder,,,,,,0.0302,True
683,right_toe_tip,543.3779999999999,577.574,-0.238803373478261,0.5377388708695651,0.0041999999999998,0.9673,True
684,left_shoulder,592.896,704.2059999999999,-0.08318976,0.6078977269565216,1.2052,0.8792,True
684,left_toe_tip,635.046,599.134,-0.0113349673913042,0.5471489891304347,0.161,0.8009,True
684,right_shoulder,,,,,,0.04,True
684,right_toe_tip,543.8299999999999,578.234,-0.236243695652174,0.5360965652173914,0.018,0.9587,True
685,left_shoulder,596.132,703.384,-0.0772172165217392,0.6044304886956522,1.2196,0.9146,True
685,left_toe_tip,635.038,597.844,-0.0113931834782608,0.5461105060869567,0.1535999999999999,0.6358,True
685,right_shoulder,,,,,,0.0167,True
685,right_toe_tip,544.5620000000001,579.016,-0.235275417391304,0.5399220521739129,-0.014,0.9561,True
686,left_shoulder,599.262,702.8700000000001,-0.0713623486956522,0.600618795652174,1.2424000000000002,0.8851,True
686,left_toe_tip,635.0,596.53,-0.0114978260869565,0.5439161608695651,0.1624000000000001,0.7105,True
686,right_shoulder,,,,,,0.0179,True
686,right_toe_tip,545.082,579.4979999999999,-0.2336014517391304,0.5402036647826085,-0.0101999999999998,0.9943,True
687,left_shoulder,602.008,702.388,-0.0661143391304347,0.595829552173913,1.269,0.897,True
687,left_toe_tip,634.962,596.0899999999999,-0.0115961617391304,0.5434175913043476,0.1754,0.7258,True
687,right_shoulder,,,,,,0.0283,True
687,right_toe_tip,546.252,579.758,-0.2304774200000001,0.5402702656521741,-0.0208000000000001,0.9587,True
688,left_shoulder,603.932,702.12,-0.0622172999999999,0.5901569999999999,1.2955,0.9375,True
688,left_toe_tip,634.978,595.986,-0.0115549669565218,0.5429730052173912,0.1761999999999998,0.6849,True
688,right_shoulder,,,,,,0.0274,True
688,right_toe_tip,547.356,579.9799999999999,-0.2273806,0.5399074347826085,-0.019,0.8556,True
689,left_shoulder,605.484,702.488,-0.0594500582608695,0.5898983530434784,1.3044,0.8899,True
689,left_toe_tip,635.0840000000001,595.996,-0.0113591660869563,0.5453046704347827,0.1671999999999998,0.7336,True
689,right_shoulder,,,,,,0.0325,False
689,right_toe_tip,548.7160000000001,579.5799999999999,-0.2243403521739127,0.5396417173913042,-0.022,0.7512,True
690,left_shoulder,606.482,703.184,-0.0577456847826087,0.5912463478260869,1.32,0.8922,True
690,left_toe_tip,635.036,595.728,-0.0114992139130436,0.546069036521739,0.1618000000000002,0.746,True
690,right_shoulder,,,,,,0.0399,True
690,right_toe_tip,560.15,587.997,-0.1901731902173913,0.5430045942391303,-0.0310999999999999,0.5138,True
691,left_shoulder,607.29,703.4,-0.0565314130434783,0.5934847826086956,1.315,0.8732,True
691,left_toe_tip,635.018,595.5360000000001,-0.0115939804347825,0.5481332347826088,0.152,0.774,True
691,right_shoulder,,,,,,0.043,False
691,right_toe_tip,581.984,605.595,-0.1315008313043477,0.5566731016304349,-0.4533000000000002,0.3798,True
692,left_shoulder,607.982,703.65,-0.0557043595652174,0.5978762934782608,1.3074,0.8399,True
692,left_toe_tip,634.9860000000001,595.038,-0.0117294899999997,0.549835634347826,0.1408000000000001,0.7744,True
692,right_shoulder,,,,,,0.0441,True
692,right_toe_tip,601.9346666666668,618.3063333333332,-0.0829093301932364,0.5626117836352653,-0.3658333333333332,0.2751,True
693,left_shoulder,608.4680000000001,704.0759999999999,-0.0549342278260868,0.5994402313043476,1.3052,0.8152,True
693,left_toe_tip,634.9480000000001,594.76,-0.0118524313043476,0.5507673739130434,0.1345999999999999,0.7855,True
693,right_shoulder,,,,,,0.0428,False
693,right_toe_tip,620.426,625.725,-0.0416990028260868,0.5660808994565218,-0.2669000000000001,0.4424,True
694,left_shoulder,608.626,704.546,-0.0546453234782609,0.6001092504347827,1.3056,0.809,True
694,left_toe_tip,634.8340000000001,594.28,-0.0121400999999998,0.5505579999999999,0.152,0.7982,True
694,right_shoulder,,,,,,0.0373,True
694,right_toe_tip,636.932,628.5649999999999,-0.006493822173913,0.5684528527173911,0.0567,0.6104,True
695,left_shoulder,608.716,704.988,-0.0545361730434782,0.6014040808695653,1.3042,0.808,True
695,left_toe_tip,635.018,594.392,-0.0117228626086955,0.5515345669565218,0.1491999999999998,0.7389,True
695,right_shoulder,,,,,,0.0378,True
695,right_toe_tip,644.1446666666667,623.4473333333333,0.0089457223913044,0.5686167063043477,0.1027999999999999,0.4336,True
696,left_shoulder,608.6300000000001,705.3340000000001,-0.0541200695652172,0.5957762226086958,1.3208,0.7945,True
696,left_toe_tip,635.284,594.436,-0.0111154069565217,0.5525554591304349,0.1455999999999999,0.6768,True
696,right_shoulder,,,,,,0.0393,True
696,right_toe_tip,642.0640000000001,610.372,0.0046554417391306,0.5647249317391303,0.0924000000000001,0.3792,True
697,left_shoulder,608.454,705.394,-0.0541631104347826,0.5930264808695651,1.3284,0.79,True
697,left_toe_tip,635.732,594.906,-0.01007248,0.5543781599999998,0.1218000000000001,0.8771,True
697,right_shoulder,,,,,,0.0373,True
697,right_toe_tip,642.5513333333333,603.3606666666667,0.0059092947342995,0.5636621006280196,0.1191333333333332,0.2707,True
698,left_shoulder,608.244,705.5620000000001,-0.054351084347826,0.5914368752173915,1.3334,0.8143,True
698,left_toe_tip,636.254,595.576,-0.0088405599999999,0.55595936,0.1408000000000001,0.9295,True
698,right_shoulder,,,,,,0.0426,False
698,right_toe_tip,645.6066666666668,602.4133333333333,0.01312081884058,0.5672998985507246,0.103,0.2867,True
699,left_shoulder,608.118,705.954,-0.0542756395652173,0.5889490813043479,1.3358,0.7976,True
699,left_toe_tip,636.806,596.49,-0.0075302021739129,0.5575508804347826,0.1205,0.9064,True
699,right_shoulder,,,,,,0.0435,True
699,right_toe_tip,651.23,607.53,0.0261402663043478,0.5761798858695653,0.0825,0.2728,True
700,left_shoulder,607.83,706.518,-0.0547939021739129,0.59021055,1.335,0.7895,True
700,left_toe_tip,637.1220000000001,596.712,-0.0067945826086954,0.5588461565217391,0.1175,0.9385,True
700,right_shoulder,,,,,,0.0447,True
700,right_toe_tip,656.8533333333332,612.6466666666668,0.0390191304347823,0.5849319565217393,0.009,0.0352,True
701,left_shoulder,607.69,707.206,-0.0554397456521738,0.5957602082608695,1.3234,0.8126,True
701,left_toe_tip,637.3120000000001,597.0260000000001,-0.0063670539130431,0.561442455652174,0.1103000000000001,0.9211,True
701,right_shoulder,,,,,,0.0454,True
701,right_toe_tip,664.432,617.302,0.0558589878260869,0.5882706813043479,-0.0064,0.0187,True
702,left_shoulder,607.596,707.926,-0.0555376382608695,0.5963149095652175,1.3117,0.839,True
702,left_toe_tip,637.362,596.904,-0.0062721317391305,0.5632650104347826,0.1020999999999999,0.8565,True
702,right_shoulder,,,,,,0.0459,True
702,right_toe_tip,673.72,620.036,0.0762695086956522,0.5881618613043477,-0.0299,0.8964,True
703,left_shoulder,607.4879999999999,708.588,-0.0559135721739131,0.5994955799999999,1.3037999999999998,0.8109,True
703,left_toe_tip,637.412,596.4860000000001,-0.0061920713043477,0.5658184600000001,0.0883000000000001,0.8666,True
703,right_shoulder,,,,,,0.0428,True
703,right_toe_tip,684.1193333333333,620.8446666666666,0.0995706215217391,0.5886867189130435,-0.0813000000000001,0.7212,True
704,left_shoulder,607.35,708.892,-0.0560586304347825,0.5990323947826088,1.2934,0.8286,True
704,left_toe_tip,637.616,596.2139999999999,-0.0057283373913043,0.5675811613043477,0.1014,0.7366,True
704,right_shoulder,,,,,,0.0439,True
704,right_toe_tip,695.338,619.964,0.1246668899999999,0.5856536808695653,-0.1530999999999999,0.9003,True
705,left_shoulder,607.316,709.316,-0.0561454278260869,0.6000641373913044,1.2926,0.8324,True
705,left_toe_tip,638.04,596.5899999999999,-0.004721895652174,0.5699761695652172,0.0765999999999999,0.6814,True
705,right_shoulder,,,,,,0.0405,False
705,right_toe_tip,707.042,617.358,0.1510339665217392,0.5797828160869564,-0.1725999999999999,0.937,True
706,left_shoulder,607.1859999999999,709.7719999999999,-0.0563473447826088,0.6006193539130433,1.2932,0.8074,True
706,left_toe_tip,638.594,597.264,-0.0033762339130433,0.5697430747826087,0.0838000000000001,0.6885,True
706,right_shoulder,,,,,,0.042,False
706,right_toe_tip,717.4680000000001,613.522,0.175919723478261,0.5757153939130435,-0.2141999999999998,0.8902,True
707,left_shoulder,607.018,710.47,-0.0565426199999999,0.6008274826086957,1.2838,0.7174,True
707,left_toe_tip,639.104,597.95,-0.0021443617391303,0.5694764239130437,0.0781999999999998,0.7922,True
707,right_shoulder,,,,,,0.0385,True
707,right_toe_tip,725.7320000000001,610.318,0.1966431156521741,0.5741533082608695,-0.2551999999999998,0.8361,True
708,left_shoulder,606.898,711.22,-0.0565684395652173,0.6002044391304348,1.2888,0.6646,False
708,left_toe_tip,639.548,598.458,-0.0010813608695652,0.5704848456521738,0.0885,0.7501,True
708,right_shoulder,,,,,,0.0399,True
708,right_toe_tip,732.876,607.562,0.2134936573913043,0.5690696930434783,-0.2598000000000002,0.8628,True
709,left_shoulder,606.95,712.1679999999999,-0.0569896956521738,0.607260125217391,1.2675999999999998,0.5788,True
709,left_toe_tip,639.948,598.682,-0.0001244495652174,0.5712282908695653,0.0876999999999998,0.8485,True
709,right_shoulder,,,,,,0.0292,False
709,right_toe_tip,738.65,605.088,0.2272810217391303,0.5646614399999998,-0.2595999999999999,0.9167,True
710,left_shoulder,607.008,712.696,-0.0567390678260868,0.6065604469565218,1.2718,0.5429,True
710,left_toe_tip,640.238,598.664,0.0005701652173914,0.5717559304347826,0.0855,0.8325,True
710,right_shoulder,,,,,,0.0278,True
710,right_toe_tip,742.7330000000001,602.908,0.2375812291304349,0.5617511530434782,-0.2675999999999999,0.8425,True
711,left_shoulder,607.452,712.856,-0.0559542573913043,0.6066054886956522,1.2724000000000002,0.4302,True
711,left_toe_tip,640.368,598.332,0.0008824800000001,0.5715304982608695,0.0833000000000001,0.8303,True
711,right_shoulder,,,,,,0.0225,True
711,right_toe_tip,744.9330000000001,600.988,0.2441973402173915,0.5608209869565219,-0.281,0.8604,True
712,left_shoulder,608.127,713.112,-0.0551229677173913,0.6106918513043478,1.2604000000000002,0.3963,True
712,left_toe_tip,640.432,598.0440000000001,0.0010369878260869,0.5714090973913046,0.0810999999999999,0.8431,True
712,right_shoulder,,,,,,0.0178,True
712,right_toe_tip,746.38,598.926,0.2489292,0.5590868400000001,-0.2938000000000001,0.8713,False
713,left_shoulder,609.015,713.498,-0.0539240038043478,0.6152017910869566,1.2409,0.4422,True
713,left_toe_tip,640.5619999999999,597.768,0.0013505104347823,0.5713668417391305,0.0786999999999998,0.8719,True
713,right_shoulder,,,,,,0.0242,False
713,right_toe_tip,746.63,596.9100000000001,0.2515077173913043,0.558798586956522,-0.3125,0.8895,False
714,left_shoulder,610.2529999999999,713.98,-0.0512844746739131,0.6102692152173913,1.2559,0.4727,False
714,left_toe_tip,640.5799999999999,597.254,0.0013937652173911,0.5701316773913044,0.0926999999999998,0.9008,True
714,right_shoulder,,,,,,0.02,False
714,right_toe_tip,745.876,595.0780000000001,0.2522840947826086,0.5601499908695654,-0.3346999999999998,0.9136,False
715,left_shoulder,611.6310000000001,714.346,-0.0488594353260868,0.6102839532608696,1.2545,0.3837,True
715,left_toe_tip,640.4159999999999,596.58,0.0010021078260868,0.5699006478260871,0.0873000000000001,0.8681,True
715,right_shoulder,,,,,,0.0163,False
715,right_toe_tip,745.0550000000001,593.168,0.2524288945652175,0.5602621530434783,-0.3490999999999999,0.881,True
716,left_shoulder,613.1877,714.8965000000001,-0.0462299425228261,0.6119148598423915,1.24373,0.4689,True
716,left_toe_tip,640.0200000000001,595.6980000000001,4.840434782631808e-05,0.5704403986956523,0.1034,0.8531,True
716,right_shoulder,,,,,,0.0133,True
716,right_toe_tip,744.251,591.3,0.2520607873913043,0.5592431739130435,-0.3484000000000001,0.8219,True
717,left_shoulder,615.0781,715.1675,-0.0429336614445653,0.6118570895923913,1.2450899999999998,0.4262,True
717,left_toe_tip,639.49,594.548,-0.0012396326086956,0.5701046060869565,0.1108000000000001,0.8399,True
717,right_shoulder,,,,,,0.0173,True
717,right_toe_tip,743.664,589.646,0.2516781634782608,0.5575405495652174,-0.3445999999999999,0.9206,True
718,left_shoulder,617.3022,715.159,-0.0389913663869565,0.6101091160652174,1.24958,0.2785,True
718,left_toe_tip,638.6859999999999,593.188,-0.0032058743478262,0.5689280269565217,0.1064,0.8139,True
718,right_shoulder,,,,,,0.016,True
718,right_toe_tip,743.184,588.1220000000001,0.2506922573913042,0.5542372765217393,-0.3241999999999998,0.9272,True
719,left_shoulder,619.5869999999999,715.0550000000001,-0.0352501446739132,0.6131259548913045,1.2412999999999998,0.2172,True
719,left_toe_tip,637.956,592.28,-0.0050051339130434,0.5687830260869565,0.0981999999999998,0.8392,True
719,right_shoulder,,,,,,0.0253,False
719,right_toe_tip,743.1139999999999,586.7439999999999,0.2507015165217389,0.5512836730434781,-0.3148000000000002,0.9262,True
720,left_shoulder,622.2905,715.0674999999999,-0.0306364725271739,0.6142474778532607,1.23245,0.4324,False
720,left_toe_tip,637.248,591.5600000000001,-0.0067663304347824,0.5693355652173915,0.093,0.8864,True
720,right_shoulder,,,,,,0.031,False
720,right_toe_tip,743.064,585.662,0.2505799513043477,0.5486530017391306,-0.2888000000000001,0.9524,True
721,left_shoulder,623.64225,715.0737499999999,-0.0283233552241847,0.6148082683763584,1.231025,0.359,False
721,left_toe_tip,636.814,590.988,-0.007873575652174,0.5708416486956523,0.0814000000000001,0.8594,True
721,right_shoulder,,,,,,0.0262,False
721,right_toe_tip,743.0559999999999,584.918,0.250739728695652,0.5472352730434783,-0.2904000000000001,0.9449,True
722,left_shoulder,624.994,715.0799999999999,-0.0260060504347825,0.6153690782608694,1.2176000000000002,0.2567,False
722,left_toe_tip,636.568,590.646,-0.0085441878260869,0.5742082591304347,0.0645999999999999,0.8102,True
722,right_shoulder,,,,,,0.0192,False
722,right_toe_tip,742.852,584.23,0.2506682113043478,0.5464875065217392,-0.2561999999999998,0.9314,True
723,left_shoulder,626.34575,715.0862499999998,-0.0236845581589674,0.6159299075067932,1.210175,0.1346,False
723,left_toe_tip,636.406,590.47,-0.0089685926086957,0.5751228543478262,0.0591999999999998,0.7901,True
723,right_shoulder,,,,,,0.0205,False
723,right_toe_tip,742.63,583.774,0.2506403086956522,0.5464950252173914,-0.2608000000000002,0.9445,True
724,left_shoulder,627.6975,715.0925,-0.0213588783967391,0.6164907561141304,1.19675,0.1822,False
724,left_toe_tip,636.28,590.034,-0.0093380086956522,0.5774353473913043,0.0560999999999999,0.7863,True
724,right_shoulder,,,,,,0.015,False
724,right_toe_tip,742.464,583.342,0.2503908313043479,0.545779874347826,-0.2621999999999998,0.9188,True
725,left_shoulder,,,,,,0.083,False
725,left_toe_tip,636.314,589.5040000000001,-0.0092991369565218,0.5789986782608699,0.0445,0.7846,True
725,right_shoulder,,,,,,0.0132,False
725,right_toe_tip,742.378,583.068,0.2505145147826088,0.5458376973913043,-0.2651999999999998,0.9223,True
726,left_shoulder,,,,,,0.0608,False
726,left_toe_tip,636.28,589.0319999999999,-0.0094318173913044,0.5806956991304346,0.0329,0.8294,True
726,right_shoulder,,,,,,0.0122,True
726,right_toe_tip,742.2860000000001,582.7719999999999,0.2504450473913044,0.5454523991304345,-0.2665999999999999,0.9359,True
727,left_shoulder,,,,,,0.0467,False
727,left_toe_tip,636.1600000000001,588.4100000000001,-0.0097469217391302,0.5797641652173915,0.0348000000000001,0.8229,True
727,right_shoulder,,,,,,0.018,False
727,right_toe_tip,742.26,582.556,0.2509149173913043,0.5460846895652175,-0.2519,0.9553,True
728,left_shoulder,,,,,,0.0573,True
728,left_toe_tip,636.176,587.976,-0.0097270921739129,0.57990156,0.0298000000000001,0.8108,True
728,right_shoulder,,,,,,0.0085,False
728,right_toe_tip,742.1659999999999,582.3660000000001,0.2514616199999999,0.5473104026086959,-0.2589000000000001,0.9616,True
729,left_shoulder,,,,,,0.2189,True
729,left_toe_tip,636.116,587.8960000000001,-0.0098932234782609,0.5804907460869567,0.0265999999999999,0.8224,True
729,right_shoulder,,,,,,0.0078,True
729,right_toe_tip,742.0139999999999,582.174,0.2521298186956519,0.5491078708695651,-0.2683000000000002,0.9631,True
730,left_shoulder,,,,,,0.0354,False
730,left_toe_tip,635.44,587.83,-0.0115903304347824,0.5790844260869566,0.0315999999999999,0.7929,True
730,right_shoulder,,,,,,0.0065,True
730,right_toe_tip,741.8779999999999,581.8340000000001,0.2528346191304346,0.5505341182608696,-0.2701999999999998,0.9673,True
731,left_shoulder,,,,,,0.0217,False
731,left_toe_tip,634.9620000000001,587.71,-0.012786663043478,0.5779378804347828,0.035,0.5749,True
731,right_shoulder,,,,,,0.0081,True
731,right_toe_tip,741.7479999999999,581.552,0.2545690721739129,0.5543134713043479,-0.2888000000000001,0.9726,True
732,left_shoulder,,,,,,0.0642,True
732,left_toe_tip,635.016,587.928,-0.0126853634782609,0.5801263095652174,0.0284,0.6234,True
732,right_shoulder,,,,,,0.0053,True
732,right_toe_tip,741.656,581.316,0.2547587756521738,0.5546371408695653,-0.2925999999999999,0.9798,True
733,left_shoulder,,,,,,0.0061,True
733,left_toe_tip,635.1659999999999,587.774,-0.0124486008695653,0.5865675660869565,0.0008000000000001,0.5697,True
733,right_shoulder,,,,,,0.0056,True
733,right_toe_tip,741.608,581.0600000000001,0.2557870956521738,0.5564945217391306,-0.298,0.9883,True
734,left_shoulder,,,,,,0.0056,True
734,left_toe_tip,635.204,587.478,-0.0124497904347827,0.5905032169565215,-0.0181999999999998,0.4924,True
734,right_shoulder,,,,,,0.0051,True
734,right_toe_tip,741.5820000000001,580.82,0.2556333113043481,0.5556983304347827,-0.2971999999999998,0.9889,True
735,left_shoulder,,,,,,0.0056,True
735,left_toe_tip,635.664,587.3340000000001,-0.0113188452173913,0.5934405808695653,-0.0315999999999999,0.6475,True
735,right_shoulder,,,,,,0.005,True
735,right_toe_tip,741.626,580.7540000000001,0.2562079830434782,0.5565400300000003,-0.3014000000000001,0.9883,True
736,left_shoulder,,,,,,0.0071,True
736,left_toe_tip,636.416,586.67,-0.0094126747826085,0.5953044065217391,-0.0101999999999998,0.6581,True
736,right_shoulder,,,,,,0.0064,True
736,right_toe_tip,741.714,580.658,0.2553242517391306,0.5538995491304348,-0.2914000000000001,0.9968,True
737,left_shoulder,,,,,,0.0063,True
737,left_toe_tip,636.476,586.228,-0.0092550965217391,0.5941435799999999,-0.0101999999999998,0.6587,True
737,right_shoulder,,,,,,0.0053,True
737,right_toe_tip,741.7560000000001,580.57,0.2556287686956524,0.5541102000000001,-0.2931999999999998,0.9915,True
738,left_shoulder,,,,,,0.0105,True
738,left_toe_tip,636.784,586.708,-0.0083755826086956,0.5904264869565216,0.01,0.6538,True
738,right_shoulder,,,,,,0.006,True
738,right_toe_tip,741.8,580.5000000000001,0.2561155217391303,0.5547492391304351,-0.2965999999999999,0.9957,True
739,left_shoulder,,,,,,0.0072,True
739,left_toe_tip,637.3684,587.1371999999999,-0.0068122970608696,0.5879792065565214,0.02444,0.6481,True
739,right_shoulder,,,,,,0.0078,True
739,right_toe_tip,741.848,580.4300000000001,0.2569669321739129,0.5561544739130436,-0.3031999999999998,1.0,True
740,left_shoulder,,,,,,0.0101,True
740,left_toe_tip,638.2692,587.5396,-0.004469000852174,0.5875171402260868,0.0175199999999999,0.3889,True
740,right_shoulder,,,,,,0.0075,True
740,right_toe_tip,741.848,580.318,0.2575204539130433,0.5570692734782607,-0.3081999999999998,1.0,True
741,left_shoulder,,,,,,0.0066,True
741,left_toe_tip,638.9343999999999,588.6092,-0.0027397039304351,0.5877641927304346,0.0276400000000003,0.2641,True
741,right_shoulder,,,,,,0.0076,True
741,right_toe_tip,741.8019999999999,580.1759999999999,0.2576918452173911,0.5573324660869564,-0.3108000000000002,0.9815,True
742,left_shoulder,,,,,,0.0289,False
742,left_toe_tip,640.034,589.422,8.731347826084855e-05,0.5891656708695653,0.0174,0.2316,True
742,right_shoulder,,,,,,0.0064,False
742,right_toe_tip,741.702,580.022,0.2577924608695652,0.5577079391304348,-0.314,0.9891,True
743,left_shoulder,,,,,,0.0101,True
743,left_toe_tip,640.906,589.708,0.0023284199999998,0.59034956,0.0200999999999999,0.2597,True
743,right_shoulder,,,,,,0.0064,True
743,right_toe_tip,741.606,579.838,0.2561133847826086,0.5541351326086955,-0.301,0.9899,True
744,left_shoulder,,,,,,0.0099,True
744,left_toe_tip,642.5220999999999,589.9938,0.0064810842326084,0.5910190677521738,0.0203599999999996,0.2009,True
744,right_shoulder,,,,,,0.0091,True
744,right_toe_tip,741.526,579.77,0.2551833939130434,0.5523871173913043,-0.2944000000000001,1.0,True
745,left_shoulder,,,,,,0.0066,True
745,left_toe_tip,644.8823,590.2794,0.0125338193326086,0.5911722744652176,0.0101799999999998,0.3233,True
745,right_shoulder,,,,,,0.0061,True
745,right_toe_tip,741.4820000000001,579.7479999999999,0.2550728008695654,0.5523318208695651,-0.2924000000000001,0.9897,True
746,left_shoulder,,,,,,0.0075,False
746,left_toe_tip,647.9866,590.5647999999999,0.0204651416347824,0.5908072631652171,0.0145599999999999,0.1959,True
746,right_shoulder,,,,,,0.005,True
746,right_toe_tip,741.498,579.876,0.2556425713043479,0.5538007252173912,-0.2991999999999998,0.9857,True
747,left_shoulder,,,,,,0.0089,False
747,left_toe_tip,651.8349999999999,590.8499999999999,0.0302435706521737,0.5899221195652171,0.0145,0.2938,True
747,right_shoulder,,,,,,0.0049,True
747,right_toe_tip,741.6020000000001,579.99,0.2565450500000002,0.55547475,-0.305,0.9943,True
748,left_shoulder,,,,,,0.0175,True
748,left_toe_tip,655.545,590.0939999999999,0.039724233695652,0.587990210869565,0.017,0.2721,True
748,right_shoulder,,,,,,0.0064,True
748,right_toe_tip,741.782,580.1879999999999,0.2580616230434783,0.5582723139130431,-0.3145999999999999,0.9928,True
749,left_shoulder,,,,,,0.0152,True
749,left_toe_tip,659.3985,587.757,0.0501345798369565,0.588628064021739,-0.0096999999999998,0.4372,True
749,right_shoulder,,,,,,0.0056,False
749,right_toe_tip,742.144,580.3439999999999,0.2564702608695652,0.5532550434782607,-0.294,0.9846,True
750,left_shoulder,,,,,,0.01,True
750,left_toe_tip,663.7355,584.247,0.0624785438586956,0.5902814781521738,-0.0241999999999998,0.7466,True
750,right_shoulder,,,,,,0.006,True
750,right_toe_tip,742.3455,580.1965,0.254278507201087,0.5470805976902174,-0.26975,0.985,True
751,left_shoulder,,,,,,0.0208,True
751,left_toe_tip,668.868,579.2379999999999,0.0779059460869566,0.5916566373913043,-0.0338000000000001,0.9748,True
751,right_shoulder,,,,,,0.0113,True
751,right_toe_tip,742.3765,579.6455,0.2529645419836955,0.5427273183423912,-0.25525,0.9768,True
752,left_shoulder,,,,,,0.0125,True
752,left_toe_tip,674.938,572.956,0.0966719269565217,0.5892399930434782,-0.0575999999999999,0.9661,True
752,right_shoulder,,,,,,0.008,True
752,right_toe_tip,742.241,578.8190000000001,0.2517906888043477,0.5388893568478262,-0.2476999999999998,0.9749,False
753,left_shoulder,,,,,,0.0074,True
753,left_toe_tip,682.952,566.232,0.1216662086956521,0.584174556521739,-0.118,0.949,True
753,right_shoulder,,,,,,0.0057,True
753,right_toe_tip,741.905,577.655,0.2516056603260869,0.5373949266304348,-0.2515,0.9904,False
754,left_shoulder,,,,,,0.0066,True
754,left_toe_tip,691.684,559.804,0.1481982521739129,0.5729162521739128,-0.2425,0.892,True
754,right_shoulder,,,,,,0.0079,True
754,right_toe_tip,741.6429999999999,576.487,0.2553780374999998,0.5439235874999999,-0.2915,0.9063,False
755,left_shoulder,,,,,,0.0144,True
755,left_toe_tip,701.472,553.07,0.1769458156521738,0.5557477978260871,-0.3241999999999998,0.8611,True
755,right_shoulder,,,,,,0.0077,True
755,right_toe_tip,739.8915,576.2284999999999,0.2533063857880433,0.5483155207336955,-0.3129499999999998,0.834,True
756,left_shoulder,,,,,,0.016,True
756,left_toe_tip,712.178,546.642,0.2063192439130435,0.5335120995652176,-0.3598000000000002,0.9708,True
756,right_shoulder,,,,,,0.0048,False
756,right_toe_tip,736.6505,576.8795,0.2453924678532607,0.5506499783423913,-0.3068499999999999,0.7322,True
757,left_shoulder,,,,,,0.0279,False
757,left_toe_tip,723.32,540.818,0.2351978695652175,0.5104177673913043,-0.347,0.9779,True
757,right_shoulder,,,,,,0.0102,True
757,right_toe_tip,731.9200000000001,578.4399999999999,0.231818243478261,0.5508961826086954,-0.2721999999999998,0.2514,True
758,left_shoulder,,,,,,0.0081,True
758,left_toe_tip,735.086,535.924,0.2666748882608695,0.4933903313043477,-0.3021999999999998,0.9112,True
758,right_shoulder,,,,,,0.0039,True
758,right_toe_tip,728.0640000000001,580.002,0.2197196800000002,0.5489049899999998,-0.2269000000000001,0.1645,True
759,left_shoulder,,,,,,0.0063,False
759,left_toe_tip,747.538,531.862,0.29841795,0.4769170499999999,-0.231,0.9919,True
759,right_shoulder,,,,,,0.0049,True
759,right_toe_tip,724.518,581.736,0.2084287373913044,0.5468202573913044,-0.1888000000000002,0.7436,True
760,left_shoulder,,,,,,0.006,False
760,left_toe_tip,759.2520000000001,528.636,0.329083671304348,0.46536204,-0.1668000000000001,0.9016,True
760,right_shoulder,,,,,,0.0048,True
760,right_toe_tip,723.068,582.632,0.2033540756521738,0.5450128156521737,-0.1706999999999998,0.6756,True
761,left_shoulder,,,,,,0.0066,False
761,left_toe_tip,769.8720000000001,526.1,0.3575432626086959,0.4572805217391306,-0.1778000000000001,0.9699,True
761,right_shoulder,,,,,,0.0039,False
761,right_toe_tip,724.5540000000001,582.526,0.2072675878260871,0.5454789513043478,-0.1751999999999998,0.8593,True
762,left_shoulder,,,,,,0.0064,False
762,left_toe_tip,779.2,523.49,0.3864615652173914,0.453897997826087,-0.1991999999999998,0.8925,True
762,right_shoulder,,,,,,0.0054,True
762,right_toe_tip,728.356,581.316,0.2188155547826087,0.5480938852173914,-0.2144000000000001,0.8577,True
763,left_shoulder,,,,,,0.0074,True
763,left_toe_tip,786.55,521.0899999999999,0.4059116413043477,0.4461842804347824,-0.1851999999999998,0.8978,True
763,right_shoulder,,,,,,0.0043,True
763,right_toe_tip,731.796,580.38,0.2292305765217392,0.5503271869565217,-0.2464000000000001,0.9266,True
764,left_shoulder,,,,,,0.007,True
764,left_toe_tip,792.212,519.006,0.4189800747826087,0.4376812982608694,-0.1644000000000001,0.9192,True
764,right_shoulder,,,,,,0.0063,True
764,right_toe_tip,734.798,579.382,0.238602444347826,0.5521749556521738,-0.2775999999999999,0.8674,True
765,left_shoulder,,,,,,0.0126,True
765,left_toe_tip,796.694,517.386,0.4283877704347825,0.4302796382608694,-0.1451999999999998,0.9291,True
765,right_shoulder,,,,,,0.0057,True
765,right_toe_tip,737.514,578.652,0.2475795665217391,0.5551384147826088,-0.3068000000000002,0.9517,True
766,left_shoulder,,,,,,0.0241,True
766,left_toe_tip,800.596,516.26,0.4372400660869566,0.4254348347826087,-0.1368000000000001,0.923,True
766,right_shoulder,,,,,,0.0046,True
766,right_toe_tip,738.862,578.364,0.2515393147826086,0.5555939686956523,-0.3118000000000002,0.9448,True
767,left_shoulder,,,,,,0.0273,False
767,left_toe_tip,804.0440000000001,515.872,0.4424551973913046,0.420413892173913,-0.1204,0.9556,True
767,right_shoulder,,,,,,0.0078,True
767,right_toe_tip,739.65,578.548,0.2533709565217391,0.5556820452173913,-0.3146999999999998,0.9545,True
768,left_shoulder,,,,,,0.0069,True
768,left_toe_tip,807.33,515.924,0.4480078869565218,0.4174695617391303,-0.1101999999999998,0.9138,True
768,right_shoulder,,,,,,0.0035,False
768,right_toe_tip,740.1119999999999,578.808,0.2550897286956518,0.5575322973913043,-0.3196999999999998,0.9542,True
769,left_shoulder,,,,,,0.0071,True
769,left_toe_tip,810.068,516.1199999999999,0.4580744608695652,0.4205058260869563,-0.131,0.9256,True
769,right_shoulder,,,,,,0.0067,True
769,right_toe_tip,740.668,578.8979999999999,0.2567034,0.5581898999999998,-0.326,0.9491,True
770,left_shoulder,,,,,,0.0273,True
770,left_toe_tip,812.262,516.4100000000001,0.4629728491304345,0.4203688760869567,-0.1305999999999999,0.8942,True
770,right_shoulder,,,,,,0.004,True
770,right_toe_tip,741.082,578.976,0.2574734334782608,0.5577699547826087,-0.3234000000000001,0.9425,True
771,left_shoulder,,,,,,0.0109,False
771,left_toe_tip,813.5260000000001,516.736,0.466030479130435,0.4209383791304348,-0.1368000000000001,0.8726,True
771,right_shoulder,,,,,,0.013,True
771,right_toe_tip,741.438,578.988,0.2577407269565217,0.5564199443478263,-0.3175999999999999,0.9494,True
772,left_shoulder,,,,,,0.0073,True
772,left_toe_tip,814.3779999999999,517.264,0.4681670217391303,0.422219652173913,-0.202,0.8765,True
772,right_shoulder,,,,,,0.0073,True
772,right_toe_tip,741.6519999999999,578.984,0.2571795599999998,0.55402952,-0.3075999999999999,0.9593,True
773,left_shoulder,,,,,,0.0347,True
773,left_toe_tip,814.624,517.996,0.471143144347826,0.4262800773913042,-0.2141999999999998,0.8817,True
773,right_shoulder,,,,,,0.0153,False
773,right_toe_tip,741.9480000000001,578.982,0.2573743747826089,0.5528343404347825,-0.3045999999999999,0.9719,True
774,left_shoulder,,,,,,0.0625,True
774,left_toe_tip,814.7239999999999,518.54,0.4708811799999998,0.4272652999999999,-0.2554,0.8488,True
774,right_shoulder,,,,,,0.0117,True
774,right_toe_tip,742.064,579.0020000000001,0.2577559756521738,0.5530752682608697,-0.3054000000000001,0.9518,True
775,left_shoulder,776.39,715.78,0.2600304999999999,0.678302304347826,1.278,0.0706,True
775,left_toe_tip,814.8,518.894,0.4749999999999998,0.4317771739130435,-0.276,0.8437,True
775,right_shoulder,,,,,,0.0115,True
775,right_toe_tip,742.13,579.002,0.2573009934782608,0.5517422126086956,-0.2998000000000002,0.9667,True
776,left_shoulder,778.81,714.8199999999999,0.2657004456521738,0.679171760869565,1.285,0.2846,True
776,left_toe_tip,814.824,518.9680000000001,0.4785236921739129,0.4351230626086958,-0.2941999999999998,0.8385,True
776,right_shoulder,,,,,,0.0175,False
776,right_toe_tip,742.28,579.068,0.2579679478260869,0.5525275947826087,-0.3024000000000001,0.9625,True
777,left_shoulder,781.6,713.43,0.2710408695652174,0.6765111195652173,1.292,0.5458,True
777,left_toe_tip,814.7479999999999,518.536,0.4827223556521737,0.4379384678260868,-0.3174,0.8813,True
777,right_shoulder,,,,,,0.019,True
777,right_toe_tip,742.3520000000001,579.1980000000001,0.2591508139130437,0.5549998056521742,-0.3114,0.9789,True
778,left_shoulder,783.745,711.3725,0.275146679347826,0.672572796195652,1.292,0.8001,True
778,left_toe_tip,815.134,517.596,0.484359727826087,0.43585572,-0.2764000000000001,0.9068,True
778,right_shoulder,,,,,,0.0377,True
778,right_toe_tip,742.142,579.176,0.2577087069565218,0.5529905773913044,-0.3031999999999998,0.9886,True
779,left_shoulder,785.826,709.2360000000001,0.2808101539130435,0.6725070626086959,1.2919,0.835,True
779,left_toe_tip,815.46,516.658,0.4857953391304348,0.4337383234782608,-0.2331999999999998,0.9207,True
779,right_shoulder,,,,,,0.0183,True
779,right_toe_tip,741.952,579.1539999999999,0.2572293286956521,0.5529350704347823,-0.3031999999999998,0.9952,True
780,left_shoulder,790.61,705.5980000000001,0.290873747826087,0.6674549200000002,1.2937,0.8498,True
780,left_toe_tip,815.958,515.778,0.4864091147826085,0.4306245756521739,-0.2556999999999998,0.9035,True
780,right_shoulder,,,,,,0.0189,True
780,right_toe_tip,741.884,579.186,0.2580544530434782,0.5551600186956522,-0.3101999999999998,0.9935,True
781,left_shoulder,795.5719999999999,701.8100000000001,0.3006259799999998,0.6605106717391305,1.3072,0.8567,True
781,left_toe_tip,816.52,515.0219999999999,0.4862742260869565,0.4270519095652172,-0.2124000000000001,0.915,True
781,right_shoulder,,,,,,0.0289,True
781,right_toe_tip,741.798,579.168,0.2581021899999999,0.5556861704347826,-0.3125999999999999,0.9706,True
782,left_shoulder,800.0329999999999,697.214,0.3101161221739128,0.6534620860869566,1.3057,0.8739,True
782,left_toe_tip,817.0160000000001,514.494,0.4855241026086959,0.423750173478261,-0.2014,0.9139,True
782,right_shoulder,,,,,,0.0159,True
782,right_toe_tip,741.894,579.134,0.2582569882608696,0.5554094143478262,-0.3138000000000002,0.973,True
783,left_shoulder,804.5829999999999,692.258,0.3202928295652171,0.6466029600000001,1.3196,0.8336,True
783,left_toe_tip,817.1940000000001,514.162,0.4843559469565219,0.421398475652174,-0.1928000000000002,0.889,True
783,right_shoulder,,,,,,0.0249,True
783,right_toe_tip,742.046,579.216,0.2593743113043479,0.5571898852173914,-0.3204000000000001,1.0,True
784,left_shoulder,809.205857142857,687.216,0.3284853209893519,0.6352360054658386,1.3319714285714286,0.8485,False
784,left_toe_tip,817.25,513.76,0.4841236956521739,0.4199653565217391,-0.1908000000000002,0.871,True
784,right_shoulder,,,,,,0.0132,True
784,right_toe_tip,742.092,579.2700000000001,0.2585812808695651,0.5553727760869567,-0.3121999999999998,0.9812,True
785,left_shoulder,813.4635714285714,681.8059999999999,0.3369502939662821,0.6251031580124221,1.3529142857142855,0.9018,True
785,left_toe_tip,817.204,513.528,0.4836513521739129,0.4190313130434783,-0.173,0.9014,True
785,right_shoulder,,,,,,0.0157,True
785,right_toe_tip,741.976,579.26,0.2573785565217391,0.5533931739130434,-0.304,0.9993,True
786,left_shoulder,817.4421428571428,675.942,0.3448880109582962,0.6140852798757763,1.404828571428571,0.8777,False
786,left_toe_tip,817.08,513.398,0.4827739739130435,0.4182096343478261,-0.1701999999999998,0.8695,True
786,right_shoulder,,,,,,0.0206,True
786,right_toe_tip,742.018,579.2280000000001,0.258127717826087,0.5546944982608698,-0.3098000000000002,0.9968,True
787,left_shoulder,821.5985714285714,670.54,0.3523971035936112,0.6026115496894409,1.3882142857142858,0.8948,False
787,left_toe_tip,816.946,513.256,0.4814854526086957,0.4170229026086955,-0.1654000000000001,0.8694,True
787,right_shoulder,,,,,,0.0115,False
787,right_toe_tip,742.0899999999999,579.226,0.2585096347826084,0.5551183582608696,-0.3115999999999999,0.9818,True
788,left_shoulder,825.9328571428571,665.6,0.3594220712067434,0.5907475776397515,1.3315714285714286,0.9347,False
788,left_toe_tip,816.7940000000001,513.058,0.4814177486956524,0.4167835886956521,-0.1671999999999998,0.8355,True
788,right_shoulder,,,,,,0.014,False
788,right_toe_tip,742.268,579.164,0.2600719704347827,0.5573435808695651,-0.3215999999999999,0.977,True
789,left_shoulder,828.0999999999999,663.1300000000001,0.3629103260869563,0.5848432065217394,1.306,0.9102,False
789,left_toe_tip,816.766,512.9599999999999,0.4815336404347825,0.4166829913043475,-0.1681999999999998,0.8403,True
789,right_shoulder,,,,,,0.019,False
789,right_toe_tip,742.426,578.984,0.2622328265217392,0.5606466452173914,-0.3374000000000001,0.972,True
790,left_shoulder,833.5178571428571,656.955,0.3715602955856254,0.5701628222049689,1.3040714285714288,0.8831,False
790,left_toe_tip,816.6460000000001,512.89,0.4810147382608697,0.4163261173913043,-0.1671999999999998,0.8208,True
790,right_shoulder,,,,,,0.0174,True
790,right_toe_tip,742.5899999999999,578.6980000000001,0.2641246456521737,0.5630522639130436,-0.3505999999999999,0.9738,True
791,left_shoulder,838.9196428571429,651.1650000000001,0.3791699771008948,0.5550031399456523,1.3133452380952382,0.9484,False
791,left_toe_tip,816.632,512.684,0.4815141913043477,0.4162298608695651,-0.17,0.8688,True
791,right_shoulder,,,,,,0.0144,False
791,right_toe_tip,742.612,578.278,0.2659212286956521,0.565672182173913,-0.3661999999999998,0.9746,True
792,left_shoulder,844.3053571428571,645.76,0.3856660171500665,0.5394274658385092,1.3093214285714287,0.902,True
792,left_toe_tip,816.6,512.54,0.4823483478260871,0.4166331652173913,-0.1748000000000001,0.8169,True
792,right_shoulder,,,,,,0.0141,False
792,right_toe_tip,742.4660000000001,577.816,0.2680599660869568,0.5698255965217393,-0.3868000000000002,0.982,True
793,left_shoulder,849.675,640.74,0.3909755027173912,0.5234885543478262,1.3235,0.8963,False
793,left_toe_tip,816.6000000000001,512.5020000000001,0.4840375652173916,0.4179880904347827,-0.1835999999999999,0.8257,True
793,right_shoulder,,,,,,0.0146,False
793,right_toe_tip,742.28,577.342,0.2684405304347825,0.5704282534782608,-0.3945999999999999,0.9732,True
794,left_shoulder,851.0880000000001,638.858,0.3923942365217392,0.5183727734782607,1.3288,0.9158,False
794,left_toe_tip,816.5360000000001,512.55,0.486126415652174,0.4200762717391303,-0.1954000000000001,0.8231,True
794,right_shoulder,,,,,,0.0131,True
794,right_toe_tip,742.326,576.946,0.2678939169565217,0.5679740604347827,-0.3885999999999999,0.9767,True
795,left_shoulder,854.0899999999999,635.168,0.3962061239130433,0.5092402573913044,1.3364,0.8849,True
795,left_toe_tip,816.508,512.566,0.4883132191304348,0.4220771556521739,-0.2071999999999998,0.8068,True
795,right_shoulder,,,,,,0.0175,True
795,right_toe_tip,742.512,576.6279999999999,0.2683808730434781,0.5671415226086954,-0.3885999999999999,0.9462,True
796,left_shoulder,856.368,631.154,0.4000299385507246,0.5013205185507246,1.3380666666666667,0.8722,True
796,left_toe_tip,816.5020000000001,512.682,0.4927091700000002,0.426215122173913,-0.2301999999999998,0.8113,True
796,right_shoulder,,,,,,0.0151,True
796,right_toe_tip,742.934,576.368,0.2681206930434782,0.5635916034782611,-0.3764,0.9327,True
797,left_shoulder,858.1899999999999,627.354,0.4048847478260869,0.4961160313043479,1.3318,0.9203,True
797,left_toe_tip,816.592,512.8340000000001,0.4974519860869565,0.4305267330434784,-0.2535999999999999,0.7602,True
797,right_shoulder,,,,,,0.015,True
797,right_toe_tip,743.446,576.048,0.2667107739130435,0.5570281043478261,-0.352,0.9206,True
798,left_shoulder,859.5440000000001,623.738,0.4096881947826088,0.4921580417391305,1.3082,0.9584,True
798,left_toe_tip,816.606,513.014,0.4990271278260869,0.4323643417391304,-0.2615999999999999,0.8538,True
798,right_shoulder,,,,,,0.0157,True
798,right_toe_tip,744.2239999999999,575.812,0.264547700869565,0.5477871547826088,-0.3151999999999998,0.9219,True
799,left_shoulder,861.07,620.684,0.4154193652173913,0.4898592382608695,1.2927,0.9731,True
799,left_toe_tip,816.616,513.23,0.5013974660869566,0.435006645652174,-0.2738000000000001,0.8587,True
799,right_shoulder,,,,,,0.0205,False
799,right_toe_tip,744.827,575.577,0.2619421633695652,0.5386847448913044,-0.2789000000000001,0.9109,True
800,left_shoulder,862.516,617.9859999999999,0.4198780173913043,0.486808365217391,1.289,0.9572,True
800,left_toe_tip,816.592,513.452,0.5019051756521739,0.4361372713043478,-0.2768000000000001,0.8822,True
800,right_shoulder,,,,,,0.0161,False
800,right_toe_tip,745.3430000000001,575.327,0.2573689794565219,0.5260766281521739,-0.2276999999999998,0.9387,True
801,left_shoulder,864.1619999999999,616.146,0.4238611034782606,0.4843386756521737,1.2889000000000002,0.8663,True
801,left_toe_tip,816.51,513.732,0.5000988760869565,0.4355628599999999,-0.2685999999999999,0.8932,True
801,right_shoulder,,,,,,0.0332,True
801,right_toe_tip,745.987,574.9680000000001,0.2543803203260869,0.5159465660869568,-0.1880999999999999,0.94,False
802,left_shoulder,865.568,614.516,0.4272061773913044,0.482031172173913,1.2931,0.8697,True
802,left_toe_tip,816.344,513.96,0.4990151843478262,0.4356733304347827,-0.2814000000000001,0.932,True
802,right_shoulder,,,,,,0.0383,True
802,right_toe_tip,746.917,574.464,0.2537767966304348,0.5090489530434784,-0.1656999999999998,0.9426,True
803,left_shoulder,866.7279999999998,612.952,0.4312267982608692,0.4811037060869565,1.2892,0.9358,True
803,left_toe_tip,816.202,514.0060000000001,0.4978472595652174,0.435133909130435,-0.2774000000000001,0.9434,True
803,right_shoulder,,,,,,0.033,True
803,right_toe_tip,748.057,573.984,0.2562242885869566,0.5073979304347828,-0.1655,0.9279,False
804,left_shoulder,867.632,611.578,0.4325007999999998,0.4779982,1.298,0.9497,True
804,left_toe_tip,816.0840000000001,513.97,0.4942218530434784,0.4321536239130435,-0.2601999999999998,0.9312,True
804,right_shoulder,,,,,,0.0199,True
804,right_toe_tip,749.332,573.445,0.2581185913043478,0.5039158043478262,-0.156,0.9667,True
805,left_shoulder,868.4,610.6339999999999,0.4338606956521738,0.4760956286956519,1.2984,0.95,True
805,left_toe_tip,816.0780000000001,514.008,0.4910279530434784,0.4294814400000001,-0.2435999999999999,0.9117,True
805,right_shoulder,,,,,,0.0329,True
805,right_toe_tip,750.906,572.7529999999999,0.2636187399999999,0.5057046308695652,-0.1738000000000001,0.8728,True
806,left_shoulder,868.7819999999999,609.722,0.4352826226086955,0.4751232486956521,1.2991,0.9628,True
806,left_toe_tip,816.028,513.948,0.4876740939130435,0.4265028939130434,-0.2268000000000001,0.9167,True
806,right_shoulder,,,,,,0.0599,True
806,right_toe_tip,753.7860000000001,574.0440000000001,0.2654676852173915,0.4993739582608699,-0.1424,0.7248,True
807,left_shoulder,868.988,609.05,0.4357741200000001,0.4739529782608694,1.2987,0.9479,True
807,left_toe_tip,816.0339999999999,513.856,0.483098525217391,0.4222343791304348,-0.2028000000000001,0.9591,True
807,right_shoulder,,,,,,0.054,True
807,right_toe_tip,757.9639999999999,574.1226666666668,0.2703598110144926,0.490744326183575,-0.1820333333333333,0.6072,True
808,left_shoulder,868.9380000000001,608.886,0.435479891304348,0.4734244565217391,1.2995,0.9358,True
808,left_toe_tip,816.0699999999999,513.788,0.4807476521739128,0.4199081043478261,-0.19,0.9531,True
808,right_shoulder,,,,,,0.0126,True
808,right_toe_tip,763.322,572.7280000000001,0.2790294295652174,0.4813202226086958,-0.2135999999999999,0.3235,True
809,left_shoulder,868.824,608.8399999999999,0.4359594643478259,0.4740942956521737,1.2967,0.9376,True
809,left_toe_tip,816.144,513.6780000000001,0.47911168,0.4180041600000003,-0.1644000000000001,0.9542,True
809,right_shoulder,,,,,,0.0148,True
809,right_toe_tip,770.162,570.018,0.2949018182608697,0.4758277382608696,-0.1954000000000001,0.0402,True
810,left_shoulder,868.668,609.0640000000001,0.4351651460869565,0.4739796208695653,1.2987,0.9456,True
810,left_toe_tip,816.0939999999999,513.472,0.4793202117391303,0.4177441113043477,-0.1661999999999998,0.9403,True
810,right_shoulder,,,,,,0.0129,True
810,right_toe_tip,778.7448571428572,566.0820000000001,0.313662480612245,0.4658925214285716,-0.1473571428571426,0.0265,True
811,left_shoulder,868.642,609.486,0.4344198000000001,0.4740234,1.3015,0.9431,True
811,left_toe_tip,816.124,513.322,0.4794018704347826,0.417335817826087,-0.1661999999999998,0.9618,True
811,right_shoulder,,,,,,0.0122,False
811,right_toe_tip,787.7445714285716,558.9460000000001,0.3416707922803907,0.4600780711180127,-0.1565714285714284,0.5527,True
812,left_shoulder,868.6360000000001,609.972,0.4338616617391306,0.4743490408695652,1.3002,0.9383,True
812,left_toe_tip,816.1120000000001,513.006,0.4786417878260872,0.4158436982608695,-0.1624000000000001,0.9417,True
812,right_shoulder,,,,,,0.0114,True
812,right_toe_tip,797.1691428571429,551.8053333333335,0.370681633717835,0.4523706945479643,-0.2173095238095238,0.2552,True
813,left_shoulder,868.8800000000001,610.676,0.4326827130434785,0.4738866295652175,1.3103,0.9492,True
813,left_toe_tip,816.138,512.8399999999999,0.4776403069565218,0.414462208695652,-0.1568000000000002,0.9438,True
813,right_shoulder,,,,,,0.0174,True
813,right_toe_tip,807.0185714285715,544.6600000000001,0.4005852258207631,0.4428972608695654,-0.2370714285714284,0.0349,True
814,left_shoulder,869.176,611.4100000000001,0.4319469391304348,0.4738531956521741,1.312,0.9313,True
814,left_toe_tip,816.12,512.606,0.4790464000000001,0.41508832,-0.1644000000000001,0.9051,True
814,right_shoulder,,,,,,0.0229,True
814,right_toe_tip,817.2928571428572,537.51,0.4312566160159717,0.431784805900621,-0.2473571428571426,0.0242,True
815,left_shoulder,869.5319999999999,612.104,0.4326179217391303,0.4751612347826088,1.312,0.9155,True
815,left_toe_tip,816.0780000000001,512.558,0.479123549130435,0.4151235839130435,-0.1654000000000001,0.8986,True
815,right_shoulder,,,,,,0.0279,True
815,right_toe_tip,822.4300000000001,533.9350000000001,0.4468543532608697,0.4260462201086957,-0.263,0.029,True
816,left_shoulder,869.8059999999999,612.7940000000001,0.4333841413043477,0.4767365108695654,1.3075,0.9256,True
816,left_toe_tip,815.8660000000001,512.562,0.479655399130435,0.416096272173913,-0.1711999999999998,0.8683,True
816,right_shoulder,,,,,,0.0266,True
816,right_toe_tip,835.2728571428571,524.9975000000001,0.4866129859693877,0.411167877232143,-0.2446071428571426,0.1185,True
817,left_shoulder,870.052,613.454,0.4342981669565217,0.4784770730434781,1.3057,0.9191,True
817,left_toe_tip,815.966,512.892,0.4813817704347827,0.4182593321739132,-0.1788000000000001,0.8789,True
817,right_shoulder,,,,,,0.0289,True
817,right_toe_tip,848.8346428571429,515.3025,0.528474871838953,0.393006963121118,-0.1806428571428573,0.0276,True
818,left_shoulder,870.1899999999999,613.876,0.4345586869565216,0.4792737356521738,1.3092,0.919,True
818,left_toe_tip,815.892,513.012,0.4852707330434783,0.4221468026086954,-0.2001999999999998,0.8957,True
818,right_shoulder,,,,,,0.0202,True
818,right_toe_tip,861.0428571428572,506.4525,0.5711332115128662,0.3784057433035714,-0.2096071428571431,1.0,True
819,left_shoulder,870.3219999999999,614.296,0.4355088599999998,0.4808405669565218,1.3029000000000002,0.9177,True
819,left_toe_tip,815.8900000000001,513.3199999999999,0.4850740304347828,0.4228298956521737,-0.1991999999999998,0.9148,True
819,right_shoulder,,,,,,0.0152,True
819,right_toe_tip,871.3699999999999,495.25,0.618034538043478,0.3612792119565217,-0.1875,0.8659,True
820,left_shoulder,870.4279999999999,614.518,0.4356091060869563,0.48114968,1.3033,0.907,True
820,left_toe_tip,815.996,513.382,0.4868584999999999,0.4243012934782607,-0.207,0.8721,True
820,right_shoulder,,,,,,0.0143,True
820,right_toe_tip,875.85,490.822,0.6335136086956521,0.3513992678260867,-0.1121999999999998,0.9549,True
821,left_shoulder,870.7180000000001,614.81,0.4364081126086958,0.481978654347826,1.3023,0.9004,True
821,left_toe_tip,816.212,513.3720000000001,0.4907504199999999,0.4271410200000001,-0.2241999999999998,0.8614,True
821,right_shoulder,,,,,,0.0144,True
821,right_toe_tip,884.55,482.46,0.6684721086956521,0.334741747826087,-0.0268000000000001,0.8876,True
822,left_shoulder,871.168,614.99,0.4372592973913043,0.4823191282608696,1.3023,0.8831,True
822,left_toe_tip,816.156,513.258,0.4905944599999998,0.42682353,-0.2241999999999998,0.8167,True
822,right_shoulder,,,,,,0.0149,True
822,right_toe_tip,891.4100000000001,474.608,0.6952033043478263,0.3169160347826086,-0.032,0.889,True
823,left_shoulder,871.684,614.986,0.4388397156521739,0.4829767430434782,1.2999,0.8687,True
823,left_toe_tip,816.25,513.22,0.4900899456521739,0.4260515260869565,-0.2201999999999998,0.8833,True
823,right_shoulder,,,,,,0.015,True
823,right_toe_tip,897.624,466.792,0.7147385843478262,0.2962781530434783,-0.0664000000000001,0.9529,True
824,left_shoulder,872.5,614.814,0.4409918478260869,0.4833156847826086,1.301,0.862,True
824,left_toe_tip,816.2639999999999,513.144,0.4901288747826084,0.4258401965217391,-0.2201999999999998,0.8896,True
824,right_shoulder,,,,,,0.0149,True
824,right_toe_tip,903.356,461.752,0.7248587643478261,0.2800613199999999,-0.1411999999999998,0.9603,True
825,left_shoulder,873.8219999999999,614.574,0.4446684469565214,0.4841333373913042,1.2999,0.8712,True
825,left_toe_tip,816.292,513.1600000000001,0.4898234895652175,0.4255517304347828,-0.2181999999999998,0.8953,True
825,right_shoulder,,,,,,0.0183,False
825,right_toe_tip,906.148,457.61,0.7351470626086954,0.2696157956521739,-0.1861999999999998,0.9335,True
826,left_shoulder,875.6859999999999,614.03,0.4478546360869563,0.4827122239130434,1.3083,0.9064,True
826,left_toe_tip,816.27,513.296,0.4844742630434782,0.421330723478261,-0.1905999999999999,0.8908,True
826,right_shoulder,,,,,,0.0315,True
826,right_toe_tip,907.238,454.596,0.740830212173913,0.2622365634782609,-0.1994,0.9755,True
827,left_shoulder,877.756,613.4979999999999,0.4517880860869564,0.4817013082608694,1.3188,0.934,True
827,left_toe_tip,816.164,513.278,0.4839914417391304,0.4211146443478262,-0.1895999999999999,0.8911,True
827,right_shoulder,,,,,,0.047,True
827,right_toe_tip,907.332,452.822,0.7497500286956521,0.2603253526086955,-0.2251999999999998,0.9788,True
828,left_shoulder,880.174,612.92,0.4576881052173913,0.4819775478260869,1.3173,0.8896,True
828,left_toe_tip,816.0260000000001,513.2360000000001,0.4810101782608697,0.4187340260869567,-0.176,0.8669,True
828,right_shoulder,,,,,,0.0344,True
828,right_toe_tip,906.904,451.538,0.7570209756521735,0.2596296273913044,-0.2524,0.9743,True
829,left_shoulder,882.924,612.162,0.4650410313043478,0.4827257765217392,1.3198,0.9179,True
829,left_toe_tip,815.948,513.204,0.4795347991304347,0.4175475104347825,-0.1694,0.8655,True
829,right_shoulder,,,,,,0.029,True
829,right_toe_tip,906.176,450.424,0.7697115547826088,0.2614826191304347,-0.2904000000000001,0.9742,True
830,left_shoulder,885.882,611.28,0.473162492173913,0.4835501217391304,1.3216,0.9111,True
830,left_toe_tip,815.952,513.076,0.4771741739130435,0.4151354565217392,-0.157,0.8565,True
830,right_shoulder,,,,,,0.016,True
830,right_toe_tip,905.408,448.984,0.7820881391304347,0.2622126347826088,-0.339,0.9419,True
831,left_shoulder,889.0319999999999,610.37,0.4818769199999999,0.48446595,1.3298,0.902,True
831,left_toe_tip,816.1279999999999,512.858,0.4774600347826085,0.4143780999999999,-0.156,0.8634,True
831,right_shoulder,,,,,,0.0152,True
831,right_toe_tip,904.472,447.29,0.7913462191304348,0.2611868608695651,-0.3598000000000002,0.8793,True
832,left_shoulder,892.5960000000001,609.1600000000001,0.4924523756521741,0.4857536695652175,1.3354,0.9346,True
832,left_toe_tip,816.3299999999999,512.676,0.4751326847826085,0.4113954391304349,-0.141,0.8802,True
832,right_shoulder,,,,,,0.0141,True
832,right_toe_tip,903.22,445.316,0.7971560478260871,0.2583776513043477,-0.3711999999999998,0.9038,True
833,left_shoulder,896.3399999999999,607.594,0.5033180173913042,0.4861454365217392,1.3411,0.8656,True
833,left_toe_tip,816.53,512.462,0.4752878369565216,0.4104873630434782,-0.139,0.8645,True
833,right_shoulder,,,,,,0.0166,True
833,right_toe_tip,901.602,443.2,0.7995922000000002,0.2543026086956521,-0.374,0.9255,True
834,left_shoulder,900.2620000000001,605.742,0.5140174500000001,0.4853404499999998,1.345,0.979,True
834,left_toe_tip,816.4979999999999,512.1,0.4750098347826085,0.4093473913043479,-0.134,0.8702,True
834,right_shoulder,,,,,,0.0221,True
834,right_toe_tip,900.118,441.322,0.7944343004347828,0.2483679952173913,-0.3543000000000001,0.8963,True
835,left_shoulder,904.834,603.7560000000001,0.5236228760869567,0.4819480043478262,1.366,0.9403,True
835,left_toe_tip,816.286,511.75999999999993,0.4751674160869563,0.4090591826086955,-0.1378000000000001,0.8675,True
835,right_shoulder,,,,,,0.0177,True
835,right_toe_tip,898.43,439.816,0.7809080434782607,0.2411831304347825,-0.308,0.8758,True
836,left_shoulder,909.288,601.388,0.5352391704347829,0.479784887826087,1.3724,0.9045,True
836,left_toe_tip,815.89,511.3,0.4750177108695652,0.4086086739130435,-0.1425999999999999,0.8749,True
836,right_shoulder,,,,,,0.0181,True
836,right_toe_tip,896.918,438.61,0.7664534160869565,0.2345141369565217,-0.2630999999999999,0.8808,True
837,left_shoulder,914.464,599.0719999999999,0.5468993530434781,0.4763769460869562,1.4068,0.9086,True
837,left_toe_tip,815.476,510.956,0.4755018130434782,0.4090579434782607,-0.151,0.8555,True
837,right_shoulder,,,,,,0.0119,True
837,right_toe_tip,895.7520000000001,438.058,0.7498537443478263,0.228862662173913,-0.2114000000000001,0.8994,True
838,left_shoulder,920.276,596.8080000000001,0.5589678313043479,0.4722775200000002,1.4412,0.9108,True
838,left_toe_tip,815.1,510.42,0.475015847826087,0.4080632999999999,-0.1513000000000001,0.8441,True
838,right_shoulder,,,,,,0.0335,True
838,right_toe_tip,895.1899999999999,437.756,0.7376100521739128,0.2247486469565216,-0.1731999999999998,0.9025,True
839,left_shoulder,926.238,594.6659999999999,0.5702358765217393,0.4674954834782607,1.4602,0.9569,True
839,left_toe_tip,814.688,509.908,0.4749994573913043,0.4076194052173913,-0.1570999999999999,0.8455,True
839,right_shoulder,,,,,,0.029,True
839,right_toe_tip,894.8120000000001,437.5280000000001,0.7238322617391308,0.2202300817391306,-0.1274000000000001,0.9141,True
840,left_shoulder,931.242,591.924,0.5813443573913043,0.4629404713043478,1.4606,0.9247,True
840,left_toe_tip,814.054,509.43,0.4747133660869564,0.4075540826086956,-0.1621999999999998,0.8954,True
840,right_shoulder,,,,,,0.0231,True
840,right_toe_tip,894.692,437.42,0.714466427826087,0.2171799304347825,-0.0948000000000001,0.9314,True
841,left_shoulder,936.996,589.258,0.5917968121739128,0.4568214843478261,1.4718,0.9828,True
841,left_toe_tip,813.408,509.084,0.4743839721739132,0.4078419686956522,-0.1698000000000001,0.9072,True
841,right_shoulder,,,,,,0.0192,True
841,right_toe_tip,894.74,437.45200000000006,0.7072357695652173,0.2150303243478262,-0.0681999999999998,0.9245,True
842,left_shoulder,942.3,586.396,0.6023656086956521,0.4511186382608694,1.4718,0.9495,True
842,left_toe_tip,812.766,508.7720000000001,0.475932772173913,0.4098345182608697,-0.1874000000000001,0.9386,True
842,right_shoulder,,,,,,0.0215,True
842,right_toe_tip,895.034,437.352,0.7036166291304347,0.2134074417391305,-0.0521999999999998,0.9166,True
843,left_shoulder,947.712,583.538,0.6131496069565214,0.4454237626086956,1.4638,0.9161,True
843,left_toe_tip,811.932,508.672,0.4745323199999999,0.41033472,-0.1921999999999998,0.9041,True
843,right_shoulder,,,,,,0.0125,True
843,right_toe_tip,895.344,437.352,0.7008637704347827,0.2123144243478261,-0.0391999999999998,0.8987,True
844,left_shoulder,953.05,580.6879999999999,0.6235819891304346,0.4396009008695649,1.4644,0.9421,True
844,left_toe_tip,811.3199999999999,508.588,0.4726569826086954,0.4099413713043479,-0.1891999999999998,0.924,True
844,right_shoulder,,,,,,0.015,True
844,right_toe_tip,895.594,437.398,0.7026612443478262,0.2127771973913044,-0.0431999999999998,0.8887,True
845,left_shoulder,958.722,578.186,0.6346725043478261,0.4344747304347827,1.465,0.8915,True
845,left_toe_tip,810.988,508.598,0.4715551669565219,0.409807440869565,-0.1881999999999998,0.9116,True
845,right_shoulder,,,,,,0.0132,True
845,right_toe_tip,895.874,437.366,0.7037091247826087,0.2127733186956521,-0.0486999999999998,0.8874,True
846,left_shoulder,963.514,575.58,0.6463950378260869,0.4307382130434783,1.4748,0.9049,True
846,left_toe_tip,810.6479999999999,508.6,0.470061045217391,0.4093283913043478,-0.1851999999999998,0.886,True
846,right_shoulder,,,,,,0.021,True
846,right_toe_tip,896.0600000000001,437.238,0.7047773173913044,0.2125891995652173,-0.0461999999999998,0.8999,True
847,left_shoulder,968.29,572.9860000000001,0.6561517956521739,0.4256941921739132,1.4912,0.9079,True
847,left_toe_tip,810.524,508.448,0.4669762669565217,0.4065216208695651,-0.1704,0.8416,True
847,right_shoulder,,,,,,0.032,True
847,right_toe_tip,896.0559999999999,437.192,0.7050446295652171,0.2125464939130435,-0.0471999999999998,0.9135,True
848,left_shoulder,972.732,570.64,0.6643066713043477,0.4205473391304348,1.5022,0.9578,True
848,left_toe_tip,810.762,508.21,0.4671083143478259,0.4054187891304349,-0.1675999999999999,0.8299,True
848,right_shoulder,,,,,,0.0366,True
848,right_toe_tip,895.908,437.174,0.7068624017391304,0.2131680095652173,-0.0551999999999998,0.9117,True
849,left_shoulder,977.1560000000002,568.4620000000001,0.6729926939130438,0.4161082791304349,1.5195999999999998,0.8155,True
849,left_toe_tip,811.17,507.956,0.4677034195652173,0.4042736878260868,-0.1648000000000001,0.8512,True
849,right_shoulder,,,,,,0.0178,False
849,right_toe_tip,895.626,437.184,0.7052499056521737,0.2129439443478261,-0.0501999999999998,0.9006,True
850,left_shoulder,981.606,566.554,0.6820980673913043,0.412434454347826,1.549,0.8397,True
850,left_toe_tip,811.7059999999999,507.576,0.4687947073913041,0.4029145617391305,-0.1608000000000002,0.8507,True
850,right_shoulder,,,,,,0.0153,True
850,right_toe_tip,895.3639999999999,437.276,0.7064145434782606,0.2137689347826087,-0.059,0.9224,True
851,left_shoulder,986.212,565.0840000000001,0.6906929399999998,0.4091425800000001,1.5806,0.9222,True
851,left_toe_tip,812.368,507.1940000000001,0.4697402713043479,0.4011356486956523,-0.1561999999999998,0.8706,True
851,right_shoulder,,,,,,0.015,True
851,right_toe_tip,895.152,437.374,0.7083241391304348,0.2147969521739129,-0.068,0.9421,True
852,left_shoulder,990.614,563.866,0.698484064347826,0.4061365269565217,1.5832,0.944,True
852,left_toe_tip,813.124,506.596,0.4718005356521739,0.3995059686956521,-0.1581999999999998,0.9041,True
852,right_shoulder,,,,,,0.0146,True
852,right_toe_tip,895.018,437.466,0.7107240782608696,0.2158943739130435,-0.078,0.9345,True
853,left_shoulder,994.824,562.7180000000001,0.7070253878260869,0.4039376495652175,1.5828,0.8934,True
853,left_toe_tip,813.6719999999999,506.182,0.4732939547826084,0.3983777286956519,-0.1561999999999998,0.8965,True
853,right_shoulder,,,,,,0.013,True
853,right_toe_tip,894.9100000000001,437.552,0.7098689347826088,0.2159654608695651,-0.076,0.9279,True
854,left_shoulder,998.628,561.586,0.7146052713043479,0.4016820165217391,1.5613,0.8664,True
854,left_toe_tip,814.836,505.656,0.4745277086956522,0.3953293826086955,-0.146,0.8399,True
854,right_shoulder,,,,,,0.0142,True
854,right_toe_tip,894.894,437.578,0.710655554347826,0.2162908369565216,-0.079,0.9206,True
855,left_shoulder,1002.092,560.688,0.7212715208695651,0.3997617704347826,1.5619,0.8961,True
855,left_toe_tip,815.9219999999999,505.7,0.4724270578260867,0.3912678478260869,-0.1195999999999999,0.8675,True
855,right_shoulder,,,,,,0.0156,True
855,right_toe_tip,894.722,437.598,0.7082932830434782,0.2157730473913042,-0.0721999999999998,0.9316,True
856,left_shoulder,1005.204,559.65,0.7265177834782608,0.3971732934782608,1.5513,0.9188,True
856,left_toe_tip,818.246,505.138,0.4749480917391304,0.3867296665217392,-0.1004,0.7562,True
856,right_shoulder,,,,,,0.0155,False
856,right_toe_tip,894.5260000000001,437.596,0.7052583469565219,0.2150083947826087,-0.0631999999999998,0.9469,True
857,left_shoulder,1008.612,558.8399999999999,0.7335378799999998,0.3956915999999998,1.5507,0.8863,True
857,left_toe_tip,820.759,504.471,0.4765946807608696,0.3809166355434782,-0.0706999999999998,0.6839,True
857,right_shoulder,,,,,,0.0151,False
857,right_toe_tip,894.266,437.49799999999993,0.7020505360869564,0.2139787169565215,-0.0496999999999998,0.9613,True
858,left_shoulder,1011.618,557.988,0.7401661121739131,0.3943404469565218,1.5576,0.9281,True
858,left_toe_tip,823.731,503.351,0.4781599275000001,0.3730709775,-0.0433000000000001,0.3568,True
858,right_shoulder,,,,,,0.0127,True
858,right_toe_tip,893.902,437.362,0.6986168726086958,0.2128632247826086,-0.0409,0.9527,True
859,left_shoulder,1014.668,557.232,0.7466481643478262,0.3930490747826087,1.5611,0.9145,True
859,left_toe_tip,826.711,501.179,0.4928155666304348,0.3726358322826086,-0.0733000000000001,0.2983,True
859,right_shoulder,,,,,,0.0125,True
859,right_toe_tip,893.442,437.318,0.6952024252173914,0.212086635652174,-0.0330999999999999,0.9629,True
860,left_shoulder,1017.616,556.382,0.7531797391304348,0.391696706521739,1.5855,0.9489,True
860,left_toe_tip,829.9010000000001,497.439,0.5130423211956524,0.371309385326087,-0.1135,0.3862,True
860,right_shoulder,,,,,,0.0137,True
860,right_toe_tip,892.722,437.0759999999999,0.69372189,0.2115736199999998,-0.0324,0.9693,True
861,left_shoulder,1020.566,555.75,0.7596428286956523,0.3907340217391304,1.6156,0.9836,True
861,left_toe_tip,832.5469999999999,491.745,0.5334598351086954,0.3650052505434783,-0.0609,0.8323,True
861,right_shoulder,,,,,,0.0133,True
861,right_toe_tip,892.012,436.70200000000006,0.6904580947826086,0.210146805652174,-0.0275999999999999,0.9648,True
862,left_shoulder,1022.48,555.0960000000001,0.7649599999999999,0.3901920000000002,1.621,0.9581,True
862,left_toe_tip,834.3639999999999,485.226,0.5568106069565215,0.3587452669565217,-0.0085999999999999,0.827,True
862,right_shoulder,,,,,,0.0126,True
862,right_toe_tip,891.5139999999999,436.246,0.688054820869565,0.2085825356521738,-0.0238000000000001,0.965,True
863,left_shoulder,1024.306,554.548,0.7687790895652175,0.3891805860869565,1.6485999999999998,0.9248,True
863,left_toe_tip,836.624,478.698,0.5808101982608697,0.3506235704347826,-0.0695999999999999,0.9221,True
863,right_shoulder,,,,,,0.0138,True
863,right_toe_tip,891.1600000000001,435.7360000000001,0.6881238000000003,0.207500175652174,-0.0225999999999999,0.9698,True
864,left_shoulder,1025.86,554.124,0.7718877652173916,0.3883324017391305,1.6666,0.9176,True
864,left_toe_tip,839.1659999999999,468.968,0.5970217334782607,0.3266434243478261,-0.0243000000000001,0.9673,True
864,right_shoulder,,,,,,0.0144,True
864,right_toe_tip,890.5959999999999,435.554,0.6852711052173911,0.2066073404347825,-0.0178000000000001,0.8489,True
865,left_shoulder,1027.35,553.938,0.7746157934782606,0.3878338395652173,1.6772,0.9326,True
865,left_toe_tip,840.134,459.85,0.5980526008695651,0.298377847826087,0.1178000000000001,0.9035,True
865,right_shoulder,,,,,,0.0151,True
865,right_toe_tip,890.076,434.966,0.6761837582608696,0.2027015452173913,0.0104,0.7222,True
866,left_shoulder,1028.394,553.73,0.7762813991304347,0.3872073086956522,1.6782,0.9201,True
866,left_toe_tip,843.8399999999999,448.898,0.5871921391304346,0.2560842169565216,0.2998000000000002,0.6289,True
866,right_shoulder,,,,,,0.0149,True
866,right_toe_tip,888.9649999999999,437.8730000000001,0.6713395347826087,0.2099862373913044,0.0171999999999998,0.3945,True
867,left_shoulder,1029.504,553.4820000000001,0.777399179130435,0.3861648352173915,1.6898,0.9183,True
867,left_toe_tip,847.836,436.234,0.5813986191304348,0.2132563286956522,0.2874000000000001,0.4943,True
867,right_shoulder,,,,,,0.0166,True
867,right_toe_tip,887.1969999999999,444.289,0.6694739621739128,0.2282766004347827,0.0064,0.4019,True
868,left_shoulder,1030.3960000000002,553.144,0.7785854139130438,0.3851963165217392,1.7012,0.8903,True
868,left_toe_tip,851.5020000000001,421.966,0.5905963456521741,0.1730333195652174,0.267,0.6319,True
868,right_shoulder,,,,,,0.0177,True
868,right_toe_tip,886.201,449.867,0.65735667,0.23994489,0.0505999999999999,0.2066,True
869,left_shoulder,1030.956,552.7139999999999,0.779022325217391,0.3840035921739129,1.6978,0.9101,True
869,left_toe_tip,855.094,409.888,0.5952025056521741,0.1380487721739131,0.2661999999999998,0.8684,True
869,right_shoulder,,,,,,0.0201,True
869,right_toe_tip,885.7048461538461,454.7326923076923,0.6475719680228967,0.2496745056277334,0.0922769230769231,0.6747,True
870,left_shoulder,1031.138,552.008,0.7792149200000003,0.3825133286956522,1.6982000000000002,0.9166,True
870,left_toe_tip,861.082,396.24,0.6186931708695651,0.101416852173913,0.1249000000000001,0.9519,True
870,right_shoulder,,,,,,0.0286,True
870,right_toe_tip,885.7105384615385,459.866076923077,0.6438068083599177,0.2616674915526115,0.1454307692307693,0.4285,True
871,left_shoulder,1031.182,551.138,0.778877377826087,0.3805723786956522,1.6942000000000002,0.8931,True
871,left_toe_tip,864.4159999999999,384.596,0.6494891756521737,0.071184032173913,-0.0195999999999999,0.918,True
871,right_shoulder,,,,,,0.0165,True
871,right_toe_tip,886.4450769230768,461.3041538461538,0.6358653888577306,0.2613799633676355,0.1947615384615387,0.0501,True
872,left_shoulder,1030.698,549.758,0.777234216956522,0.3774946647826088,1.6958,0.877,True
872,left_toe_tip,868.258,374.362,0.6761398930434783,0.0425427417391303,-0.1191999999999998,0.9363,True
872,right_shoulder,,,,,,0.015,True
872,right_toe_tip,887.9084615384614,459.0469230769231,0.6236058583097501,0.2491493880241832,0.2117692307692309,0.2576,True
873,left_shoulder,1030.086,548.002,0.7744903126086956,0.3732657099999999,1.6804,0.8975,True
873,left_toe_tip,871.7760000000001,364.782,0.6837392000000001,0.0141068999999999,-0.133,0.9273,True
873,right_shoulder,,,,,,0.014,True
873,right_toe_tip,888.7976923076924,457.3853846153846,0.6203300321584773,0.2428120542835091,0.2156538461538462,0.088,True
874,left_shoulder,1029.266,545.734,0.7721852717391305,0.3684397282608697,1.682,0.9247,True
874,left_toe_tip,874.558,356.574,0.6939857347826086,-0.0101364913043479,-0.151,0.9466,True
874,right_shoulder,,,,,,0.0113,True
874,right_toe_tip,889.2423076923078,456.5546153846154,0.618677341941086,0.2396709986815025,0.2233461538461538,0.02,True
875,left_shoulder,1028.264,543.008,0.7699443930434781,0.3629128208695653,1.6601,0.9484,True
875,left_toe_tip,876.3520000000001,349.78000000000003,0.6972384000000003,-0.0301489999999999,-0.153,0.961,True
875,right_shoulder,,,,,,0.0107,True
875,right_toe_tip,889.6869230769231,455.7238461538462,0.6170148002958581,0.236548350591716,0.2335384615384614,0.0219,True
876,left_shoulder,1027.206,539.97,0.7678463330434782,0.3568883347826087,1.6601,0.9757,True
876,left_toe_tip,877.442,345.02200000000005,0.7036025873913043,-0.0443837213043476,-0.1551999999999998,0.917,True
876,right_shoulder,,,,,,0.0145,True
876,right_toe_tip,890.1315384615386,454.893076923077,0.6153424072227945,0.2334441100141499,0.2347307692307686,0.0552,True
877,left_shoulder,1026.45,536.9559999999999,0.7665991847826087,0.3510268478260868,1.6455,0.8969,True
877,left_toe_tip,878.2360000000001,341.176,0.708648519130435,-0.0559932156521739,-0.1755999999999999,0.9554,True
877,right_shoulder,,,,,,0.019,True
877,right_toe_tip,890.5761538461538,454.0623076923077,0.6136601627218935,0.2303582769488036,0.2449230769230771,0.0693,True
878,left_shoulder,1025.238,533.73,0.7662886304347828,0.3455716304347827,1.622,0.8835,True
878,left_toe_tip,878.7459999999999,338.372,0.7130720204347822,-0.0645971939130434,-0.1818000000000001,0.9655,True
878,right_shoulder,,,,,,0.0158,True
878,right_toe_tip,,,,,,0.0311,True
879,left_shoulder,1024.22,530.088,0.7628437521739131,0.3376986313043477,1.6119,0.9245,True
879,left_toe_tip,879.052,336.196,0.7119072495652174,-0.0708893469565216,-0.1688000000000001,0.8894,True
879,right_shoulder,,,,,,0.0139,False
879,right_toe_tip,,,,,,0.0721,True
880,left_shoulder,1023.044,526.246,0.7600925286956519,0.3298898886956521,1.5904,0.9372,True
880,left_toe_tip,879.2860000000001,334.458,0.7126041117391306,-0.0760651865217392,-0.1838000000000001,0.9374,True
880,right_shoulder,,,,,,0.0148,True
880,right_toe_tip,,,,,,0.0848,True
881,left_shoulder,1022.146,522.0939999999999,0.7568152304347828,0.3210165956521738,1.577,0.9435,True
881,left_toe_tip,879.4440000000001,332.964,0.7145321278260872,-0.0806789504347826,-0.1894000000000001,0.9223,True
881,right_shoulder,,,,,,0.0135,True
881,right_toe_tip,897.69,440.77,0.5854044565217392,0.1834883695652173,0.38,0.1138,True
882,left_shoulder,1020.716,517.208,0.753734915652174,0.311237664347826,1.5686,0.9443,True
882,left_toe_tip,879.338,331.898,0.7135914499999999,-0.0837867239130434,-0.187,0.9347,True
882,right_shoulder,,,,,,0.0199,True
882,right_toe_tip,897.73,440.765,0.5850751141304348,0.1833453288043477,0.3815,0.0408,True
883,left_shoulder,1019.058,512.036,0.7496283969565218,0.3006677156521739,1.5406,0.9283,True
883,left_toe_tip,879.216,330.858,0.7149958226086958,-0.0871029039130434,-0.1788000000000001,0.9241,True
883,right_shoulder,,,,,,0.0168,True
883,right_toe_tip,897.3166666666666,440.8633333333333,0.5833443417874395,0.1833195205314008,0.3933333333333335,0.532,True
884,left_shoulder,1017.166,506.946,0.748182554347826,0.2914961413043478,1.522,0.9531,True
884,left_toe_tip,878.838,330.00600000000003,0.7180197178260869,-0.0901710926086955,-0.1948000000000002,0.9202,True
884,right_shoulder,,,,,,0.0149,True
884,right_toe_tip,896.9157142857143,440.6882142857143,0.582413762006433,0.1829157339105478,0.3934107142857142,0.5321,True
885,left_shoulder,1014.852,501.2600000000001,0.7439997304347828,0.2803703913043479,1.5085,0.906,True
885,left_toe_tip,878.4619999999999,329.05,0.7180816573913039,-0.0931998695652173,-0.1994,0.9031,True
885,right_shoulder,,,,,,0.0368,True
885,right_toe_tip,896.5197142857144,440.4037142857143,0.5818018482564331,0.1823603683185447,0.3923857142857145,0.4507,True
886,left_shoulder,1012.324,495.488,0.7406819399999999,0.2695327582608696,1.5043,0.9229,True
886,left_toe_tip,877.9040000000001,327.928,0.7170219686956526,-0.0966622191304348,-0.2018000000000001,0.9185,True
886,right_shoulder,,,,,,0.0148,True
886,right_toe_tip,895.8134285714286,439.9234285714286,0.5805375925288376,0.1813765409760426,0.3981714285714288,0.0565,True
887,left_shoulder,1010.274,490.09,0.7374087204347827,0.2590770630434782,1.4978,0.8961,True
887,left_toe_tip,877.5379999999999,326.948,0.7144213543478257,-0.0994074826086957,-0.1835,0.9308,True
887,right_shoulder,,,,,,0.0127,True
887,right_toe_tip,894.9357142857143,439.2657142857144,0.5793453693433894,0.1801325665483586,0.3952857142857147,0.0215,True
888,left_shoulder,1008.308,484.708,0.7334933886956522,0.2483586930434782,1.5108,0.9182,True
888,left_toe_tip,877.116,326.238,0.7125851269565218,-0.1014621495652173,-0.1838000000000001,0.9435,True
888,right_shoulder,,,,,,0.0159,True
888,right_toe_tip,894.1585714285715,438.3685714285714,0.5790592607586513,0.1785501342058562,0.3944285714285716,0.0274,True
889,left_shoulder,1006.234,479.404,0.730796062173913,0.2382628947826086,1.5202,0.8746,True
889,left_toe_tip,876.8120000000001,325.63,0.7113626556521743,-0.1032444913043478,-0.1825999999999999,0.9416,True
889,right_shoulder,,,,,,0.0144,True
889,right_toe_tip,893.77,437.92,0.5789128124999999,0.1777549999999998,0.39175,0.0992,True
890,left_shoulder,1004.786,474.682,0.7312373273913045,0.2298875482608695,1.5158,0.9859,True
890,left_toe_tip,876.424,325.32,0.7113792573913043,-0.1043491043478261,-0.1871999999999998,0.9582,True
890,right_shoulder,,,,,,0.0138,True
890,right_toe_tip,893.3814285714285,437.4714285714285,0.5787641015971605,0.1769572537710735,0.3890714285714284,0.0492,True
891,left_shoulder,1002.902,469.876,0.7319575556521739,0.2216151147826087,1.4914,0.9382,True
891,left_toe_tip,876.1120000000001,325.178,0.7104404765217394,-0.10477637,-0.1796999999999998,0.9495,True
891,right_shoulder,,,,,,0.0158,True
891,right_toe_tip,892.9928571428571,437.0228571428571,0.5786131280501331,0.1761568955190771,0.3863928571428568,0.0284,True
892,left_shoulder,1000.894,464.86,0.7289274247826087,0.2117944043478261,1.4808,0.9282,True
892,left_toe_tip,875.7180000000001,325.04200000000003,0.7119708460869568,-0.1055883591304347,-0.1903000000000002,0.9647,True
892,right_shoulder,,,,,,0.0147,True
892,right_toe_tip,892.6042857142858,436.57428571428574,0.5784598918589176,0.1753539252440106,0.3862142857142858,0.0323,True
893,left_shoulder,999.102,460.122,0.7259324995652175,0.2023987995652174,1.4747,0.9436,True
893,left_toe_tip,875.432,325.024,0.7111070017391306,-0.1056427269565217,-0.1903000000000002,0.9575,True
893,right_shoulder,,,,,,0.0126,True
893,right_toe_tip,,,,,,0.0347,True
894,left_shoulder,997.24,455.188,0.7215471391304349,0.1922590669565217,1.4808,0.9238,True
894,left_toe_tip,875.222,324.968,0.7104727104347827,-0.1058118713043479,-0.1903000000000002,0.9657,True
894,right_shoulder,,,,,,0.0145,True
894,right_toe_tip,,,,,,0.1616,True
895,left_shoulder,995.162,449.858,0.7161146847826088,0.1811810760869565,1.484,0.913,True
895,left_toe_tip,875.168,324.86,0.7103096069565218,-0.1061380782608695,-0.1903000000000002,0.9618,True
895,right_shoulder,,,,,,0.0109,True
895,right_toe_tip,,,,,,0.0521,True
896,left_shoulder,993.696,444.862,0.7093142608695651,0.170185206521739,1.4895,0.9398,True
896,left_toe_tip,875.1020000000001,324.85200000000003,0.7094969486956525,-0.1060705513043477,-0.1879000000000001,0.9666,True
896,right_shoulder,,,,,,0.0125,True
896,right_toe_tip,,,,,,0.0964,True
897,left_shoulder,992.112,440.004,0.705142553043478,0.1602167060869565,1.4966,0.9135,True
897,left_toe_tip,875.1259999999999,324.91400000000004,0.7083426321739126,-0.105700388695652,-0.1830999999999999,0.9669,True
897,right_shoulder,,,,,,0.0132,True
897,right_toe_tip,885.61,428.5,0.5753147282608695,0.160453804347826,0.366,0.1198,True
898,left_shoulder,990.434,435.028,0.7076481360869564,0.1515076286956521,1.4812,0.9333,True
898,left_toe_tip,875.184,324.884,0.7093865217391303,-0.1059205434782608,-0.1865,0.9647,True
898,right_shoulder,,,,,,0.0145,True
898,right_toe_tip,885.7850000000001,430.205,0.5693128641304349,0.1626161467391305,0.381,0.1428,True
899,left_shoulder,989.22,431.162,0.7071705,0.1441030499999999,1.48,0.9448,True
899,left_toe_tip,875.262,324.904,0.7105423839130433,-0.1059975495652174,-0.1900999999999999,0.9683,True
899,right_shoulder,,,,,,0.0134,True
899,right_toe_tip,885.8433333333334,430.77333333333337,0.5673102137681161,0.1633171594202899,0.389,0.305,True
900,left_shoulder,988.158,427.686,0.7107721256521741,0.1381824404347826,1.4733,0.9902,True
900,left_toe_tip,875.1779999999999,324.96000000000004,0.7102886856521735,-0.1058284173913042,-0.1900999999999999,0.9781,True
900,right_shoulder,,,,,,0.0141,True
900,right_toe_tip,886.07,431.54,0.5660947336956522,0.1645808804347826,0.3955,0.5329,True
901,left_shoulder,986.45,424.36,0.7118794347826088,0.1322458086956522,1.4656,0.9873,True
901,left_toe_tip,875.132,324.986,0.7113254156521737,-0.1059249617391304,-0.1946999999999998,0.9778,True
901,right_shoulder,,,,,,0.0142,True
901,right_toe_tip,886.382,432.016,0.5660894256521738,0.1654645878260869,0.3981999999999998,0.5313,True
902,left_shoulder,984.734,421.4200000000001,0.7113511147826087,0.1267388347826088,1.4616,0.9454,True
902,left_toe_tip,874.982,324.98999999999995,0.7093902247826086,-0.105692145652174,-0.1889000000000001,0.9731,True
902,right_shoulder,,,,,,0.014,True
902,right_toe_tip,886.1719999999999,432.28600000000006,0.5642690365217389,0.165692083478261,0.4031999999999998,0.7411,True
903,left_shoulder,983.398,418.56000000000006,0.7091915217391302,0.1209391304347827,1.464,0.892,True
903,left_toe_tip,874.8279999999999,324.994,0.7060154869565213,-0.1052462999999999,-0.1775,0.984,True
903,right_shoulder,,,,,,0.0143,True
903,right_toe_tip,885.7531111111111,431.172,0.5647453981857221,0.1635546313043478,0.3978222222222221,0.6996,True
904,left_shoulder,981.424,414.876,0.7125370434782607,0.1145238260869565,1.444,0.9224,True
904,left_toe_tip,874.6600000000001,324.986,0.7028577130434785,-0.1048745417391304,-0.1545999999999999,0.9795,True
904,right_shoulder,,,,,,0.0104,True
904,right_toe_tip,885.1953333333333,429.3560000000001,0.5651041722222222,0.1598454768115943,0.4081666666666669,0.4137,True
905,left_shoulder,979.698,411.476,0.7104119043478261,0.1076519826086956,1.436,0.9318,True
905,left_toe_tip,874.608,324.95200000000006,0.7012229113043477,-0.1047554243478259,-0.1488000000000001,0.9743,True
905,right_shoulder,,,,,,0.0139,True
905,right_toe_tip,884.3406666666666,426.45200000000006,0.5655069965700482,0.1537978571014494,0.4217333333333335,0.2512,True
906,left_shoulder,978.282,408.358,0.7099509626086955,0.101488724347826,1.4292,0.8743,True
906,left_toe_tip,874.5219999999999,324.964,0.6997932547826085,-0.1045443773913043,-0.1441999999999998,0.975,True
906,right_shoulder,,,,,,0.0135,True
906,right_toe_tip,883.171111111111,422.83,0.5650497799248523,0.1459962801932368,0.4532222222222222,0.2173,True
907,left_shoulder,976.498,405.294,0.7105959939130433,0.095649112173913,1.4132,0.922,True
907,left_toe_tip,874.488,324.96,0.701170095652174,-0.1047772173913044,-0.15,0.9834,True
907,right_shoulder,,,,,,0.0224,True
907,right_toe_tip,882.4766666666667,419.32,0.5644610809178744,0.1380909420289855,0.4853333333333335,0.2444,True
908,left_shoulder,975.086,402.658,0.7070314600000001,0.09000838,1.4188,0.9455,True
908,left_toe_tip,874.4559999999999,324.946,0.7025015321739128,-0.1050324526086955,-0.1555999999999999,0.9761,True
908,right_shoulder,,,,,,0.0166,True
908,right_toe_tip,882.1294444444444,417.565,0.5641645298242081,0.1341271452294684,0.5093888888888891,0.065,True
909,left_shoulder,974.06,400.39,0.7040677608695654,0.0851263152173912,1.417,0.8996,True
909,left_toe_tip,874.458,324.968,0.7025075247826085,-0.1049665339130434,-0.1555999999999999,0.9781,True
909,right_shoulder,,,,,,0.0153,True
909,right_toe_tip,881.7822222222221,415.81,0.563866511003757,0.1301559299516906,0.5104444444444448,0.0219,True
910,left_shoulder,973.046,398.274,0.7000482117391305,0.0804502839130434,1.4262,0.9156,True
910,left_toe_tip,874.4680000000001,325.038,0.7028433156521742,-0.1048023952173912,-0.1568000000000002,0.9749,True
910,right_shoulder,,,,,,0.0174,True
910,right_toe_tip,881.435,414.055,0.5635670244565215,0.126177296195652,0.5115000000000005,0.0142,True
911,left_shoulder,972.016,396.1,0.6980275513043479,0.0758963260869565,1.4388,0.9982,True
911,left_toe_tip,874.472,325.068,0.7019887791304347,-0.1045833704347826,-0.1534000000000001,0.9657,True
911,right_shoulder,,,,,,0.0302,True
911,right_toe_tip,879.6988888888889,405.28,0.5620475758185721,0.1061728502415458,0.5017777777777779,0.0194,True
912,left_shoulder,971.506,394.242,0.697171531304348,0.0720124147826087,1.4467,0.9939,True
912,left_toe_tip,874.402,325.052,0.6994351852173913,-0.1042817930434781,-0.1441999999999998,0.9523,True
912,right_shoulder,,,,,,0.0155,True
912,right_toe_tip,879.0753846153846,394.32,0.5672743145742216,0.0814339565217391,0.4340384615384614,0.2577,True
913,left_shoulder,970.578,392.564,0.6968009321739133,0.0686392486956522,1.4508,0.9269,True
913,left_toe_tip,874.434,325.052,0.6981036808695651,-0.1040690660869564,-0.1385999999999999,0.9649,True
913,right_shoulder,,,,,,0.0163,True
913,right_toe_tip,879.8407692307692,390.38,0.5737729171597632,0.0726783076923075,0.3700769230769233,0.7894,True
914,left_shoulder,969.808,391.102,0.6938873530434783,0.0654359034782609,1.4589,0.8925,True
914,left_toe_tip,874.4559999999999,325.042,0.6987298486956519,-0.1041824395652174,-0.1408000000000001,0.9595,True
914,right_shoulder,,,,,,0.0149,True
914,right_toe_tip,880.6061538461538,386.44,0.5803014055827115,0.0637688143812709,0.3371153846153847,0.0223,True
915,left_shoulder,968.954,389.9,0.6927342169565218,0.0629654999999999,1.4570999999999998,0.9183,True
915,left_toe_tip,874.3639999999999,324.96200000000005,0.696417720869565,-0.104116178695652,-0.1328000000000002,0.9502,True
915,right_shoulder,,,,,,0.0141,True
915,right_toe_tip,881.3715384615385,382.5,0.5868597798430668,0.0547054765886287,0.2891538461538462,0.036,True
916,left_shoulder,968.476,389.034,0.6909421252173913,0.0610723878260869,1.4593,0.8959,True
916,left_toe_tip,874.3280000000001,324.934,0.6983483808695655,-0.1045043030434781,-0.1408000000000001,0.9496,True
916,right_shoulder,,,,,,0.0163,True
916,right_toe_tip,882.9023076923077,374.62,0.6000661858759969,0.0361172675585284,0.239230769230769,0.0254,True
917,left_shoulder,967.942,388.298,0.6886069082608696,0.0594196482608695,1.4582,0.8972,True
917,left_toe_tip,874.3299999999999,324.922,0.6977939869565215,-0.1044561834782609,-0.1385999999999999,0.9582,True
917,right_shoulder,,,,,,0.0155,True
917,right_toe_tip,883.6676923076923,370.68,0.6067142176485721,0.0265923963210701,0.2212692307692305,0.0158,True
918,left_shoulder,967.64,387.712,0.6866194782608694,0.0580747130434782,1.462,0.908,True
918,left_toe_tip,874.2520000000001,324.946,0.6984274304347828,-0.1045142630434781,-0.142,0.9495,True
918,right_shoulder,,,,,,0.0153,True
918,right_toe_tip,884.4330769230769,366.74,0.6133921352585543,0.0169136806020065,0.2033076923076919,0.0255,True
919,left_shoulder,967.444,387.362,0.6848562443478263,0.0572282178260868,1.4658,0.9151,True
919,left_toe_tip,874.226,324.994,0.6960585695652174,-0.1040286999999999,-0.133,0.9533,True
919,right_shoulder,,,,,,0.0195,True
919,right_toe_tip,885.1984615384615,362.8,0.6200999387059429,0.0070811204013376,0.1903461538461538,0.0291,True
920,left_shoulder,967.488,387.18,0.6835244104347827,0.0567293869565217,1.4698,0.8998,True
920,left_toe_tip,874.2439999999999,325.064,0.6946862278260867,-0.1036080243478262,-0.1274000000000001,0.9594,True
920,right_shoulder,,,,,,0.0178,True
920,right_toe_tip,885.9638461538461,358.86,0.6268376279907383,-0.0029052842809364,0.1723846153846152,0.0158,True
921,left_shoulder,967.386,386.894,0.6827421517391304,0.0560856830434782,1.4714,0.9152,True
921,left_toe_tip,874.3380000000001,325.108,0.6915008721739133,-0.1029617408695652,-0.1138000000000001,0.9675,True
921,right_shoulder,,,,,,0.0165,True
921,right_toe_tip,,,,,,0.022,True
922,left_shoulder,967.66,386.534,0.682102643478261,0.0552368660869565,1.4748,0.9302,True
922,left_toe_tip,874.412,325.288,0.68917128,-0.1020532799999999,-0.1038000000000001,0.9698,True
922,right_shoulder,,,,,,0.0177,True
922,right_toe_tip,,,,,,0.0372,True
923,left_shoulder,967.788,386.142,0.6821553313043475,0.0544037752173912,1.4669,0.9281,True
923,left_toe_tip,874.45,325.35,0.6844920652173915,-0.1011629347826086,-0.085,0.9797,True
923,right_shoulder,,,,,,0.0143,True
923,right_toe_tip,,,,,,0.0175,True
924,left_shoulder,968.01,385.646,0.6808346695652173,0.0532321756521739,1.4719,0.9057,True
924,left_toe_tip,874.26,325.356,0.6814419695652173,-0.1007763834782608,-0.0751999999999998,0.9667,True
924,right_shoulder,,,,,,0.0156,True
924,right_toe_tip,898.21,295.82,0.7387051304347828,-0.1836106086956522,-0.226,0.0157,True
925,left_shoulder,967.888,385.1,0.6792271200000003,0.0519951956521739,1.4757,0.8927,True
925,left_toe_tip,874.176,325.32,0.6790085843478262,-0.1005569217391304,-0.0665999999999999,0.9598,True
925,right_shoulder,,,,,,0.0158,True
925,right_toe_tip,897.355,290.55999999999995,0.7059079809782609,-0.1904693913043479,-0.099,0.02,True
926,left_shoulder,968.092,384.45,0.6752276008695652,0.0503191630434782,1.4881,0.9035,True
926,left_toe_tip,873.9100000000001,325.27599999999995,0.6763050000000003,-0.1003976521739132,-0.059,0.9852,True
926,right_shoulder,,,,,,0.0142,True
926,right_toe_tip,896.5,285.29999999999995,0.6733125,-0.1960875000000001,-0.052,0.8066,True
927,left_shoulder,968.2279999999998,383.816,0.6722965686956518,0.0487813808695651,1.4971,0.9069,True
927,left_toe_tip,873.8100000000001,325.212,0.6757617282608697,-0.1005448826086956,-0.058,1.0,True
927,right_shoulder,,,,,,0.0126,True
927,right_toe_tip,895.8625,278.72,0.6803995720108694,-0.2161429565217391,-0.1725,0.8469,False
928,left_shoulder,968.768,382.916,0.6697575930434784,0.0466838773913043,1.4988,0.959,True
928,left_toe_tip,873.906,325.202,0.6768527752173912,-0.1006948213043478,-0.0611999999999998,1.0,True
928,right_shoulder,,,,,,0.0124,True
928,right_toe_tip,894.7299999999999,272.236,0.6831747847826084,-0.2353792321739131,-0.2284000000000001,0.7713,True
929,left_shoulder,969.232,381.756,0.6663369391304348,0.0440322521739129,1.511,0.9702,True
929,left_toe_tip,874.2199999999999,325.174,0.6777613956521736,-0.1007758447826087,-0.0611999999999998,0.89,True
929,right_shoulder,,,,,,0.0123,True
929,right_toe_tip,892.506,260.59000000000003,0.6703485373913043,-0.2639119391304347,0.0130999999999999,0.9389,True
930,left_shoulder,970.23,380.008,0.663044408695652,0.040172584347826,1.5213,0.9888,True
930,left_toe_tip,874.432,325.182,0.6791902747826087,-0.1008738013043477,-0.0644000000000001,0.4014,True
930,right_shoulder,,,,,,0.0127,True
930,right_toe_tip,890.156,249.04,0.6668288852173911,-0.2957807652173913,0.0380999999999999,0.8694,True
931,left_shoulder,971.612,378.042,0.6622868356521736,0.0360330117391305,1.5311,0.9609,True
931,left_toe_tip,874.8380000000001,325.184,0.6803665273913045,-0.1008680069565216,-0.0769000000000001,0.7683,True
931,right_shoulder,,,,,,0.0136,True
931,right_toe_tip,888.2860000000001,239.37600000000003,0.6747981678260871,-0.3278350539130434,-0.0124,0.9104,True
932,left_shoulder,972.762,375.956,0.6615453239130434,0.0317212217391304,1.5395,0.9051,True
932,left_toe_tip,875.124,325.102,0.6803261826086957,-0.1009766043478261,-0.0735,0.7682,True
932,right_shoulder,,,,,,0.0138,True
932,right_toe_tip,886.608,232.56000000000003,0.6613919339130433,-0.3417885391304347,0.0090999999999999,0.9484,True
933,left_shoulder,973.658,373.91,0.6615857865217393,0.0275811108695651,1.5488,0.9235,True
933,left_toe_tip,875.034,325.054,0.67924826,-0.10099394,-0.0703000000000001,0.9721,True
933,right_shoulder,,,,,,0.0153,True
933,right_toe_tip,885.618,228.02,0.6484849152173914,-0.3484558913043478,0.02,0.9299,True
934,left_shoulder,974.754,371.448,0.663395100869565,0.0226869495652173,1.5583,0.952,True
934,left_toe_tip,874.652,325.05800000000005,0.6770220313043479,-0.1008152660869563,-0.0534,0.9943,True
934,right_shoulder,,,,,,0.0153,True
934,right_toe_tip,884.982,225.18400000000003,0.6391367352173912,-0.3517232208695651,-0.0111999999999998,0.9437,True
935,left_shoulder,975.474,368.864,0.6652595278260869,0.0175776973913043,1.5656,0.9167,True
935,left_toe_tip,874.216,325.116,0.674134747826087,-0.100405252173913,-0.047,1.0,True
935,right_shoulder,,,,,,0.0295,True
935,right_toe_tip,884.72,224.3,0.6332928000000001,-0.351168,0.0081999999999998,0.927,True
936,left_shoulder,976.02,365.994,0.6670727478260872,0.0118993930434783,1.5636,0.8581,True
936,left_toe_tip,873.4680000000001,325.142,0.6697993904347829,-0.1000045708695652,-0.0384,0.9775,True
936,right_shoulder,,,,,,0.0209,False
936,right_toe_tip,883.9879999999999,223.728,0.6278978139130432,-0.3506930295652174,0.0004,0.9242,True
937,left_shoulder,976.868,362.624,0.6680238904347827,0.0052035060869564,1.5486,0.8785,True
937,left_toe_tip,872.692,325.15,0.6670672617391304,-0.0999058586956522,-0.0204,0.972,True
937,right_shoulder,,,,,,0.0139,True
937,right_toe_tip,883.1299999999999,223.55,0.6259011869565215,-0.3512697608695652,-0.0004,0.9195,True
938,left_shoulder,978.162,358.958,0.6692667060869563,-0.0020622539130435,1.5432,0.9319,True
938,left_toe_tip,872.0899999999999,325.12600000000003,0.6653414847826084,-0.0999746604347825,-0.0204,0.9578,True
938,right_shoulder,,,,,,0.0133,True
938,right_toe_tip,881.586,222.728,0.6219263939130436,-0.3533858747826087,-0.0094,0.8989,True
939,left_shoulder,979.528,355.15000000000003,0.6708630417391303,-0.0095829673913042,1.5462,0.9422,True
939,left_toe_tip,871.72,325.054,0.6645830347826088,-0.1002266473913044,-0.0215999999999999,0.949,True
939,right_shoulder,,,,,,0.0278,False
939,right_toe_tip,879.848,220.736,0.6174521773913043,-0.3585139756521739,-0.0154,0.8798,True
940,left_shoulder,981.436,351.016,0.6712928660869564,-0.0176633252173913,1.5682,0.9236,True
940,left_toe_tip,871.234,324.98400000000004,0.6639934578260872,-0.1005492052173912,-0.0198000000000001,0.9612,True
940,right_shoulder,,,,,,0.0146,True
940,right_toe_tip,876.924,218.604,0.6151783165217392,-0.3671377878260871,-0.0338000000000001,0.8346,True
941,left_shoulder,983.14,346.72799999999995,0.6721068260869565,-0.0259958086956522,1.588,0.9264,True
941,left_toe_tip,870.9620000000001,324.938,0.664517841304348,-0.1008794717391304,-0.025,0.9481,True
941,right_shoulder,,,,,,0.015,True
941,right_toe_tip,873.948,216.066,0.6152832399999999,-0.37854642,-0.0565999999999999,0.6178,True
942,left_shoulder,985.37,342.114,0.6727206956521742,-0.0348388173913044,1.581,0.8871,True
942,left_toe_tip,870.5559999999999,325.10600000000005,0.663600313043478,-0.1004340347826085,-0.026,0.9814,True
942,right_shoulder,,,,,,0.0284,False
942,right_toe_tip,870.7439999999999,213.372,0.6181932730434782,-0.3928355373913044,-0.0628000000000001,0.6897,True
943,left_shoulder,986.986,337.054,0.6723985226086958,-0.0444653573913043,1.5857,0.9037,True
943,left_toe_tip,870.204,325.362,0.6628373869565216,-0.0997348500000001,-0.027,0.9383,True
943,right_shoulder,,,,,,0.017,True
943,right_toe_tip,868.278,211.538,0.6226034321739131,-0.4049139678260869,-0.0326999999999998,0.7763,True
944,left_shoulder,988.728,332.014,0.6751677321739132,-0.0541833295652173,1.5828,0.9681,True
944,left_toe_tip,869.76,325.79200000000003,0.6623581217391303,-0.0986157147826086,-0.0301999999999998,0.9957,True
944,right_shoulder,,,,,,0.0171,True
944,right_toe_tip,866.0199999999999,210.844,0.6256823217391301,-0.4129027182608697,-0.0588000000000001,0.8758,True
945,left_shoulder,990.296,326.508,0.6793457860869564,-0.0649526373913043,1.5888,0.8923,True
945,left_toe_tip,869.318,326.17,0.6613331713043479,-0.0975627782608696,-0.0311999999999998,0.9819,True
945,right_shoulder,,,,,,0.0175,True
945,right_toe_tip,864.9680000000001,210.294,0.630448366956522,-0.4195347926086956,-0.0661999999999998,0.897,True
946,left_shoulder,992.004,320.682,0.6808216495652176,-0.0760461404347825,1.6021,0.8716,True
946,left_toe_tip,869.048,326.504,0.6605545147826087,-0.0965995513043477,-0.0311999999999998,0.9685,True
946,right_shoulder,,,,,,0.0761,True
946,right_toe_tip,864.2639999999999,209.938,0.633399540869565,-0.423827283478261,-0.0864,0.8212,True
947,left_shoulder,993.674,314.77599999999995,0.68435919,-0.08750844,1.6403,0.9236,True
947,left_toe_tip,868.982,326.706,0.660911742173913,-0.0960966169565218,-0.0334,0.9591,True
947,right_shoulder,,,,,,0.0161,False
947,right_toe_tip,863.8219999999999,209.624,0.6355085091304343,-0.4269697686956522,-0.0836999999999998,0.815,True
948,left_shoulder,995.438,308.734,0.6866907621739128,-0.0990436830434783,1.6656,0.9548,True
948,left_toe_tip,868.6119999999999,327.284,0.659843809565217,-0.0944283330434783,-0.0309,0.9625,True
948,right_shoulder,,,,,,0.0184,True
948,right_toe_tip,863.3100000000001,209.378,0.6375500500000002,-0.4300258099999999,-0.0980999999999999,0.7112,True
949,left_shoulder,997.684,302.226,0.6875308539130435,-0.1110516756521739,1.6305999999999998,0.9268,True
949,left_toe_tip,868.192,327.834,0.6580858852173913,-0.0927639469565217,-0.0286999999999998,0.9488,True
949,right_shoulder,,,,,,0.0193,True
949,right_toe_tip,862.9739999999999,209.256,0.6400323252173912,-0.4327008208695652,-0.1123000000000001,0.7863,True
950,left_shoulder,999.904,295.82000000000005,0.6860865599999998,-0.1223466130434781,1.6022,0.8586,True
950,left_toe_tip,867.674,328.438,0.6565920182608695,-0.0910220634782609,-0.0286999999999998,0.906,True
950,right_shoulder,,,,,,0.031,True
950,right_toe_tip,862.7199999999999,209.152,0.6370760347826083,-0.4314908660869565,-0.0805999999999999,0.8143,True
951,left_shoulder,1001.984,289.684,0.6866679095652175,-0.1333863947826086,1.5978,0.8916,True
951,left_toe_tip,867.1479999999999,329.136,0.6532973999999997,-0.0887675478260868,-0.019,0.8294,True
951,right_shoulder,,,,,,0.0222,True
951,right_toe_tip,862.5319999999999,209.122,0.633587305217391,-0.4295759056521739,-0.0484,0.8728,True
952,left_shoulder,1003.598,283.608,0.6873583060869565,-0.1444140939130434,1.5998,0.9215,True
952,left_toe_tip,866.65,329.616,0.6467901195652173,-0.0867066886956522,0.0015999999999999,0.7186,True
952,right_shoulder,,,,,,0.0293,True
952,right_toe_tip,862.43,209.086,0.6289933565217389,-0.4267585460869566,-0.0305999999999999,0.8254,True
953,left_shoulder,1005.496,277.496,0.6862584678260867,-0.154910227826087,1.6241,0.9015,True
953,left_toe_tip,866.202,329.85,0.640741752173913,-0.0854031521739129,0.021,0.831,True
953,right_shoulder,,,,,,0.0189,True
953,right_toe_tip,862.372,209.046,0.6283459252173911,-0.4265434982608695,-0.0285999999999999,0.8236,True
954,left_shoulder,1006.7,271.96400000000006,0.6851709782608697,-0.1644933521739129,1.671,0.8621,True
954,left_toe_tip,865.5219999999999,330.168,0.6267550539130432,-0.0829070191304347,0.0701999999999998,0.8618,True
954,right_shoulder,,,,,,0.0195,True
954,right_toe_tip,862.376,208.926,0.6281155147826085,-0.4267183656521738,-0.0275999999999999,0.8273,True
955,left_shoulder,1007.398,267.21,0.6864751760869563,-0.1733760978260869,1.6755,0.8695,True
955,left_toe_tip,865.3280000000001,329.892,0.6154393460869569,-0.0822341113043478,0.1141999999999998,0.794,True
955,right_shoulder,,,,,,0.0136,True
955,right_toe_tip,862.3039999999999,208.866,0.6281537808695647,-0.4270521156521739,-0.0285999999999999,0.8598,True
956,left_shoulder,1008.13,262.018,0.6884030999999998,-0.18322634,1.6696,0.8923,True
956,left_toe_tip,864.9399999999999,329.396,0.6032303999999997,-0.082071944347826,0.1598000000000002,0.8709,True
956,right_shoulder,,,,,,0.0184,True
956,right_toe_tip,862.242,208.81,0.6282201578260869,-0.4273746891304347,-0.0295999999999999,0.9002,True
957,left_shoulder,1008.968,257.11800000000005,0.686922163478261,-0.1915394452173912,1.6862,0.855,True
957,left_toe_tip,864.3800000000001,328.53599999999994,0.5937777695652177,-0.0832633200000001,0.1924000000000001,0.8058,True
957,right_shoulder,,,,,,0.0138,True
957,right_toe_tip,862.0799999999999,208.874,0.6275208347826084,-0.4270295104347826,-0.0285999999999999,0.9111,True
958,left_shoulder,1009.676,252.682,0.6876777243478261,-0.19963481,1.6876,0.895,True
958,left_toe_tip,862.6700000000001,327.072,0.5801521630434784,-0.0857917565217391,0.23,0.7208,True
958,right_shoulder,,,,,,0.0142,True
958,right_toe_tip,861.7699999999999,208.984,0.6224505369565214,-0.4238625165217391,-0.0111999999999998,0.9044,True
959,left_shoulder,1010.296,248.554,0.687945568695652,-0.2070472860869565,1.6898,0.8155,True
959,left_toe_tip,862.302,325.426,0.5757138534782609,-0.0895391439130435,0.2494000000000001,0.7218,True
959,right_shoulder,,,,,,0.0185,True
959,right_toe_tip,861.4220000000001,209.252,0.6175748391304352,-0.4204558347826086,-0.015,0.9133,True
960,left_shoulder,1011.09,244.036,0.6885332934782608,-0.2151636391304348,1.683,0.8154,True
960,left_toe_tip,861.8220000000001,324.52599999999995,0.5709023169565222,-0.0912992795652175,0.2641999999999998,0.6787,True
960,right_shoulder,,,,,,0.0194,True
960,right_toe_tip,861.0539999999999,209.538,0.6185187030434778,-0.4209992178260869,-0.0031999999999998,0.9421,True
961,left_shoulder,1011.956,240.158,0.6874717199999998,-0.2214992791304348,1.6896,0.7909,True
961,left_toe_tip,861.5559999999999,323.91,0.568965440869565,-0.0926806891304347,0.2694000000000001,0.6339,True
961,right_shoulder,,,,,,0.0175,True
961,right_toe_tip,860.702,209.858,0.6172938982608696,-0.4199406460869564,-0.0021999999999998,0.935,True
962,left_shoulder,1012.516,236.576,0.6883447826086955,-0.2280660869565217,1.677,0.9066,True
962,left_toe_tip,861.3720000000001,322.774,0.567674806956522,-0.095460412173913,0.2728000000000002,0.5504,True
962,right_shoulder,,,,,,0.015,True
962,right_toe_tip,860.494,210.012,0.6193964060869566,-0.4213358556521739,-0.0134,0.9397,True
963,left_shoulder,1013.132,233.234,0.6894830434782607,-0.2342415217391304,1.6685,0.8722,True
963,left_toe_tip,862.6279999999999,322.414,0.5725411391304347,-0.0966613869565217,0.266,0.5043,True
963,right_shoulder,,,,,,0.0168,True
963,right_toe_tip,860.3699999999999,210.156,0.6202457369565214,-0.4217457104347826,-0.0184,0.9425,True
964,left_shoulder,1013.472,230.028,0.68905584,-0.2397983399999999,1.6666,0.928,True
964,left_toe_tip,863.5260000000001,317.116,0.5872902686956524,-0.1126730486956522,0.2048000000000001,0.3525,True
964,right_shoulder,,,,,,0.0169,True
964,right_toe_tip,860.2819999999999,210.236,0.624116370869565,-0.4243204808695651,-0.0355999999999999,0.9329,True
965,left_shoulder,1014.148,227.17200000000005,0.688513656521739,-0.2444323956521738,1.663,0.9172,True
965,left_toe_tip,863.8860000000001,311.68,0.5954394182608698,-0.1285101913043478,0.1701999999999998,0.3526,True
965,right_shoulder,,,,,,0.0166,True
965,right_toe_tip,860.3279999999999,210.27,0.6222829078260866,-0.4228896000000001,-0.0274,0.9215,True
966,left_shoulder,1014.608,224.268,0.6898487756521738,-0.2499534286956522,1.6618,0.8847,True
966,left_toe_tip,863.93,305.764,0.6025664217391302,-0.1459420017391304,0.1254000000000001,0.3855,True
966,right_shoulder,,,,,,0.0213,True
966,right_toe_tip,860.2819999999999,210.338,0.6231107356521738,-0.4233482486956521,-0.0314,0.9245,True
967,left_shoulder,1015.242,221.566,0.6911794491304347,-0.2549894091304348,1.6524,0.8845,True
967,left_toe_tip,863.5959999999999,300.29,0.6082783356521737,-0.1624371608695653,0.1031999999999998,0.4981,True
967,right_shoulder,,,,,,0.0098,True
967,right_toe_tip,860.39,210.306,0.6188167913043477,-0.4203147182608695,-0.0121999999999998,0.9234,True
968,left_shoulder,1015.452,219.152,0.6915662599999999,-0.259435892173913,1.6524,0.8654,True
968,left_toe_tip,863.118,294.036,0.6149326095652176,-0.18180252,0.0864,0.5743,True
968,right_shoulder,,,,,,0.0124,True
968,right_toe_tip,859.7180000000001,210.756,0.6145416930434785,-0.4174289791304347,-0.0221999999999998,0.9161,True
969,left_shoulder,1016.4439999999998,216.362,0.6929024669565215,-0.2643875969565217,1.6581,0.8617,True
969,left_toe_tip,862.1379999999999,290.11600000000004,0.609817100869565,-0.1918467721739129,0.1144,0.835,True
969,right_shoulder,,,,,,0.0147,True
969,right_toe_tip,859.0300000000001,211.202,0.6073797130434785,-0.4126233234782608,0.0298000000000001,0.8567,True
970,left_shoulder,1017.252,213.654,0.694225691304348,-0.2693084543478261,1.6585,0.8644,True
970,left_toe_tip,859.226,283.528,0.6114022508695652,-0.2132737582608697,0.0901999999999998,0.7871,True
970,right_shoulder,,,,,,0.0165,True
970,right_toe_tip,858.583142857143,212.114,0.6023662659804795,-0.4075407483229814,0.0456857142857143,0.8702,True
971,left_shoulder,1017.976,211.568,0.6946541530434782,-0.2727922017391304,1.6652,0.8897,True
971,left_toe_tip,855.3460000000001,277.03000000000003,0.6107867960869569,-0.2353281717391303,0.0545999999999999,0.6587,True
971,right_shoulder,,,,,,0.018,True
971,right_toe_tip,858.4594285714286,213.462,0.5979953712156167,-0.4011227452173914,0.0376571428571428,0.7292,True
972,left_shoulder,1018.79,209.48,0.6952443413043476,-0.2762696434782608,1.6674,0.8154,True
972,left_toe_tip,850.7119999999999,268.118,0.6111106069565212,-0.2664777743478261,0.0288000000000001,0.9234,True
972,right_shoulder,,,,,,0.0213,True
972,right_toe_tip,858.4068571428572,215.458,0.5957013114463181,-0.3942360605590063,0.0052142857142853,0.202,True
973,left_shoulder,1019.778,207.48,0.6963147069565216,-0.2796421043478261,1.6647,0.8617,True
973,left_toe_tip,845.016,256.49,0.6047526313043476,-0.3053319978260869,0.0391999999999998,0.8563,True
973,right_shoulder,,,,,,0.0402,True
973,right_toe_tip,859.5214285714286,217.38,0.5967983185448094,-0.3877315155279503,0.0058571428571426,0.1053,True
974,left_shoulder,1020.382,205.78,0.6968432856521739,-0.2825243347826087,1.6616,0.9175,True
974,left_toe_tip,837.2719999999999,245.388,0.5934885234782606,-0.3448077104347826,0.0261999999999998,0.7021,True
974,right_shoulder,,,,,,0.0675,True
974,right_toe_tip,860.9571428571429,219.7,0.5993977151730256,-0.3805964285714285,-0.0077142857142853,0.0873,True
975,left_shoulder,1020.268,204.726,0.6967997765217392,-0.2845227273913043,1.6612,0.9246,True
975,left_toe_tip,830.6880000000001,235.428,0.5757948521739134,-0.3761532782608697,0.043,0.7907,True
975,right_shoulder,,,,,,0.0287,True
975,right_toe_tip,861.6750000000001,220.86,0.600691059782609,-0.377039152173913,-0.0375,0.0732,True
976,left_shoulder,1019.91,203.386,0.6970522608695654,-0.2873526434782608,1.659,0.9106,True
976,left_toe_tip,824.1640000000001,223.448,0.5565356008695655,-0.4126542069565217,0.0318000000000001,0.9167,True
976,right_shoulder,,,,,,0.0205,True
976,right_toe_tip,863.4696428571428,223.76,0.6039058896683672,-0.3681759068322981,-0.0532142857142853,0.0405,True
977,left_shoulder,1019.186,202.056,0.6961360369565218,-0.2899645826086957,1.658,0.8991,True
977,left_toe_tip,817.73,212.432,0.5311808782608697,-0.4410358399999999,-0.0245999999999999,0.9515,True
977,right_shoulder,,,,,,0.0169,True
977,right_toe_tip,865.4228571428572,225.4475,0.6042400179680569,-0.3606644243982919,-0.0395357142857142,0.1015,True
978,left_shoulder,1018.056,200.594,0.6949655513043477,-0.2930298121739131,1.6558,0.8469,True
978,left_toe_tip,811.0139999999999,202.712,0.5039336456521736,-0.4634867043478261,-0.025,1.0,True
978,right_shoulder,,,,,,0.0182,True
978,right_toe_tip,866.6471428571429,226.375,0.6028849193655723,-0.3554445749223602,-0.0207142857142857,0.6085,True
979,left_shoulder,1016.442,199.272,0.6928987856521739,-0.2958443426086957,1.6456,0.8737,True
979,left_toe_tip,805.52,193.004,0.4769854608695651,-0.4812389078260869,0.0128000000000001,0.9668,True
979,right_shoulder,,,,,,0.014,True
979,right_toe_tip,866.945,226.4125,0.6004792024456523,-0.3534623607336957,-0.00775,0.7191,True
980,left_shoulder,1015.026,197.496,0.6904554769565219,-0.2991839947826087,1.6447,0.923,True
980,left_toe_tip,800.46,183.596,0.4500903000000001,-0.49481322,-0.0095999999999999,0.9449,True
980,right_shoulder,,,,,,0.0152,True
980,right_toe_tip,866.314,225.54,0.5987481260869565,-0.3557343913043477,-0.0235,0.7268,True
981,left_shoulder,1013.402,195.828,0.6869785056521739,-0.3020407904347826,1.6419,0.9336,True
981,left_toe_tip,795.208,175.776,0.4263833686956521,-0.5060953669565218,-0.0129,0.9584,True
981,right_shoulder,,,,,,0.0138,True
981,right_toe_tip,864.924,223.116,0.5959997034782608,-0.3627128426086957,-0.0228000000000001,0.6881,True
982,left_shoulder,1011.742,194.228,0.6839244665217391,-0.3049844426086955,1.6464,0.8702,True
982,left_toe_tip,790.3100000000001,169.666,0.407078691304348,-0.515474124347826,0.0154,0.9779,True
982,right_shoulder,,,,,,0.0094,True
982,right_toe_tip,862.7779999999999,221.06,0.5976261999999998,-0.372721652173913,-0.037,0.7038,True
983,left_shoulder,1010.058,192.332,0.6803435882608695,-0.3082539730434782,1.6516,0.8811,True
983,left_toe_tip,786.412,165.04000000000002,0.3944530252173913,-0.5252476695652173,0.0284,0.9904,True
983,right_shoulder,,,,,,0.0146,True
983,right_toe_tip,860.894,218.884,0.6007836595652173,-0.3838048426086956,-0.0141999999999998,0.8029,True
984,left_shoulder,1008.21,190.3,0.676625897826087,-0.3118421956521739,1.6524,0.8742,True
984,left_toe_tip,782.786,162.006,0.3848393104347824,-0.5336368721739131,0.0324,0.9424,True
984,right_shoulder,,,,,,0.0117,True
984,right_toe_tip,859.634,216.482,0.604661951304348,-0.3951112939130436,-0.0308000000000001,0.8867,True
985,left_shoulder,1005.594,188.628,0.6725340060869566,-0.3152499704347826,1.6545999999999998,0.911,True
985,left_toe_tip,779.8399999999999,160.124,0.3828271999999997,-0.5471822756521739,0.0024,0.9091,True
985,right_shoulder,,,,,,0.0108,True
985,right_toe_tip,858.6940000000001,214.436,0.6112972721739133,-0.4068830243478261,-0.0405999999999999,0.869,True
986,left_shoulder,1003.2720000000002,186.92,0.6692891739130439,-0.3188810869565218,1.6565,0.8793,True
986,left_toe_tip,777.936,159.142,0.3816929008695653,-0.555809017826087,0.0126999999999998,0.9181,True
986,right_shoulder,,,,,,0.0119,True
986,right_toe_tip,858.7120000000001,213.326,0.6174810313043482,-0.4140989647826086,-0.0414,0.9508,True
987,left_shoulder,1000.836,184.902,0.6651148791304348,-0.3227512917391304,1.6557,0.8719,True
987,left_toe_tip,776.5699999999999,158.322,0.3826038239130433,-0.5650053013043478,0.0035999999999999,0.9381,True
987,right_shoulder,,,,,,0.0098,True
987,right_toe_tip,859.018,212.29399999999995,0.6220111200000001,-0.4194850400000001,-0.0568000000000001,0.9551,True
988,left_shoulder,998.208,183.238,0.6614388591304347,-0.3263948756521739,1.6482,0.8776,True
988,left_toe_tip,775.584,157.76799999999997,0.381167888695652,-0.5685357008695654,-0.0054,0.9343,True
988,right_shoulder,,,,,,0.0132,True
988,right_toe_tip,859.2940000000001,211.47,0.626275060434783,-0.4241823065217392,-0.0464,0.9655,True
989,left_shoulder,995.1,181.546,0.6582473260869567,-0.3307994039130434,1.6416,0.9478,True
989,left_toe_tip,774.926,157.736,0.3831605082608696,-0.5743857895652174,-0.0140999999999999,0.9453,True
989,right_shoulder,,,,,,0.029,True
989,right_toe_tip,859.458,210.954,0.6260277991304347,-0.4251699156521739,-0.0434,0.9507,True
990,left_shoulder,992.684,179.512,0.6537687973913043,-0.3345698208695652,1.6336,0.9071,True
990,left_toe_tip,774.246,157.558,0.3819882378260869,-0.5760355082608696,-0.0193000000000001,0.9615,True
990,right_shoulder,,,,,,0.0115,True
990,right_toe_tip,859.4119999999999,210.594,0.6268982426086955,-0.4268789256521739,-0.0375999999999999,0.9635,True
991,left_shoulder,989.624,177.526,0.6497686034782609,-0.339123962173913,1.6162,0.8705,True
991,left_toe_tip,773.538,157.22400000000002,0.38197674,-0.5800275234782607,-0.0045999999999999,0.9783,True
991,right_shoulder,,,,,,0.0123,True
991,right_toe_tip,859.05,210.532,0.623435347826087,-0.4253989252173913,-0.0274,0.9392,True
992,left_shoulder,986.294,175.464,0.6460641539130434,-0.3442799895652174,1.6056,0.8732,True
992,left_toe_tip,772.746,157.03199999999998,0.3806347260869564,-0.5819886782608695,-0.011,0.9779,True
992,right_shoulder,,,,,,0.0105,False
992,right_toe_tip,858.6899999999999,210.594,0.6155172673913041,-0.4205129308695652,0.0015999999999999,0.9448,True
993,left_shoulder,983.04,173.108,0.6406644869565217,-0.3490411243478261,1.5993,0.904,True
993,left_toe_tip,771.758,156.95200000000003,0.3812675517391305,-0.5875591147826086,-0.0191999999999998,0.9655,True
993,right_shoulder,,,,,,0.0118,True
993,right_toe_tip,858.316,210.828,0.6088643400000001,-0.4160277365217392,0.0151999999999998,0.903,True
994,left_shoulder,979.9,170.886,0.6348001956521738,-0.3531909508695652,1.5993,0.9286,True
994,left_toe_tip,770.736,156.80599999999998,0.3790775582608695,-0.5891742547826087,-0.0245999999999999,0.9531,True
994,right_shoulder,,,,,,0.0099,True
994,right_toe_tip,857.824,211.018,0.6046983652173912,-0.4135869869565218,0.047,0.9032,True
995,left_shoulder,976.632,168.562,0.6301604678260869,-0.3583636126086956,1.5908,0.8709,True
995,left_toe_tip,769.6379999999999,156.82,0.3771056691304345,-0.591032952173913,-0.0281999999999998,0.9342,True
995,right_shoulder,,,,,,0.0122,True
995,right_toe_tip,857.642,210.862,0.597521916956522,-0.4094486526086957,0.0751999999999998,0.8609,True
996,left_shoulder,972.998,166.308,0.6255295039130433,-0.3638462113043478,1.5848,0.8766,True
996,left_toe_tip,768.692,156.868,0.3737383539130435,-0.5899218234782608,-0.0188000000000001,0.9354,True
996,right_shoulder,,,,,,0.0182,True
996,right_toe_tip,857.738,210.574,0.5949927521739131,-0.4083227869565217,0.0895,0.8209,True
997,left_shoulder,969.558,164.118,0.6184227513043479,-0.3675768313043479,1.5866,0.9176,True
997,left_toe_tip,767.932,156.948,0.3716980826086957,-0.5899543434782608,-0.02,0.9376,True
997,right_shoulder,,,,,,0.0458,True
997,right_toe_tip,857.7180000000001,210.23200000000003,0.5953640700000002,-0.4095503634782608,0.0876999999999998,0.7325,True
998,left_shoulder,966.148,161.702,0.6115274999999998,-0.37180875,1.588,0.9405,True
998,left_toe_tip,767.366,157.058,0.3688630113043478,-0.5877376791304348,-0.0054,0.9521,True
998,right_shoulder,,,,,,0.0236,True
998,right_toe_tip,857.8799999999999,209.87,0.5948597652173909,-0.4098875369565218,0.0916999999999998,0.7634,True
999,left_shoulder,963.024,158.922,0.6036335443478261,-0.3757535843478261,1.5938,0.8985,True
999,left_toe_tip,766.854,157.228,0.3673802147826088,-0.587245344347826,-0.0054,0.9579,True
999,right_shoulder,,,,,,0.0158,True
999,right_toe_tip,858.0800000000002,209.68400000000003,0.5947420869565222,-0.4099378739130433,0.0945,0.7476,True
1000,left_shoulder,959.204,156.302,0.5964951269565218,-0.3806495669565218,1.5938,0.8795,True
1000,left_toe_tip,766.534,157.374,0.3659858413043478,-0.5860736804347827,-0.002,0.9674,True
1000,right_shoulder,,,,,,0.0097,True
1000,right_toe_tip,858.1719999999999,209.722,0.5954672739130433,-0.4101609326086957,0.08,0.7056,True
1001,left_shoulder,955.578,153.472,0.5865634565217389,-0.3838726956521738,1.603,0.8948,True
1001,left_toe_tip,766.3059999999999,157.43800000000002,0.3660677373913041,-0.5870775182608695,-0.0074,0.9669,True
1001,right_shoulder,,,,,,0.0137,True
1001,right_toe_tip,858.094,209.658,0.5971034426086957,-0.4116102495652174,0.0846999999999998,0.7133,True
1002,left_shoulder,951.716,150.61,0.5793851739130434,-0.3891922826086957,1.603,0.88,True
1002,left_toe_tip,766.144,157.498,0.3655982191304348,-0.5869036226086957,-0.0074,0.9554,True
1002,right_shoulder,,,,,,0.0386,True
1002,right_toe_tip,858.2120000000001,209.51800000000003,0.5988021904347829,-0.4129422360869564,0.0664000000000001,0.7352,True
1003,left_shoulder,947.792,147.898,0.5716901843478261,-0.3939564104347826,1.5962,0.9479,True
1003,left_toe_tip,766.034,157.45,0.3651150182608695,-0.5867785434782609,0.0018000000000001,0.9506,True
1003,right_shoulder,,,,,,0.0447,True
1003,right_toe_tip,858.142,209.368,0.5995585447826088,-0.4140087773913044,0.0624,0.7609,True
1004,left_shoulder,943.812,145.20999999999998,0.5642977669565216,-0.3989490782608696,1.5882,0.9015,True
1004,left_toe_tip,766.034,157.32,0.3649506260869565,-0.5868907826086956,0.003,0.9602,True
1004,right_shoulder,,,,,,0.028,True
1004,right_toe_tip,858.1380000000001,209.218,0.6002114491304352,-0.4148799508695652,0.0595999999999999,0.8351,True
1005,left_shoulder,940.274,142.324,0.5560943926086956,-0.4031264878260869,1.5932,0.8618,True
1005,left_toe_tip,766.024,157.23,0.3650860486956522,-0.5874158739130435,0.0018000000000001,0.9729,True
1005,right_shoulder,,,,,,0.0305,True
1005,right_toe_tip,857.758,209.124,0.6003019995652175,-0.4159257730434783,0.0648000000000001,0.7654,True
1006,left_shoulder,936.996,139.37,0.5491843426086954,-0.4079736478260869,1.5918,0.8754,True
1006,left_toe_tip,765.9820000000001,157.102,0.3646905026086959,-0.5873456017391304,0.0038000000000001,0.9749,True
1006,right_shoulder,,,,,,0.0301,True
1006,right_toe_tip,857.452,209.144,0.5996947982608695,-0.416034612173913,0.0638000000000001,0.8466,True
1007,left_shoulder,933.746,136.58999999999995,0.5410673604347823,-0.4115115065217392,1.5984,0.8739,True
1007,left_toe_tip,765.9399999999999,157.0,0.3641034913043477,-0.586890652173913,0.0071999999999998,0.9695,True
1007,right_shoulder,,,,,,0.0186,True
1007,right_toe_tip,857.144,209.254,0.598845387826087,-0.4157312513043478,0.0663000000000001,0.8333,True
1008,left_shoulder,930.236,133.89,0.5339080504347828,-0.4159440913043479,1.5920999999999998,0.9507,True
1008,left_toe_tip,765.854,156.948,0.3640190152173914,-0.5873058391304348,0.006,0.9932,True
1008,right_shoulder,,,,,,0.018,True
1008,right_toe_tip,856.7459999999999,209.498,0.5977477730434778,-0.4150583417391304,0.0663000000000001,0.9069,True
1009,left_shoulder,926.436,131.47799999999998,0.526668627826087,-0.420182407826087,1.5804,0.8766,True
1009,left_toe_tip,765.7639999999999,156.91,0.3634579599999997,-0.5869301000000001,0.0081999999999998,0.9891,True
1009,right_shoulder,,,,,,0.0355,True
1009,right_toe_tip,856.5120000000001,209.76800000000003,0.597761391304348,-0.414770956521739,0.077,0.8945,True
1010,left_shoulder,922.78,129.12,0.5198234086956521,-0.4244176695652173,1.5568,0.8575,True
1010,left_toe_tip,765.6659999999999,156.858,0.3633113334782607,-0.5873011865217391,0.0071999999999998,0.9823,True
1010,right_shoulder,,,,,,0.0554,True
1010,right_toe_tip,856.618,210.088,0.5966884082608697,-0.4129423808695651,0.0693000000000001,0.8139,True
1011,left_shoulder,919.658,126.51399999999998,0.5134156108695652,-0.4286498413043478,1.543,0.8325,True
1011,left_toe_tip,765.568,156.86200000000002,0.3624274643478261,-0.5863180926086956,0.0115999999999999,0.9789,True
1011,right_shoulder,,,,,,0.0474,True
1011,right_toe_tip,856.662,210.47000000000003,0.5949726921739132,-0.4106223826086956,0.0770999999999999,0.8278,True
1012,left_shoulder,916.632,123.948,0.5078602695652173,-0.4333606826086956,1.5235,0.9399,True
1012,left_toe_tip,765.508,156.806,0.3622542860869566,-0.5864797256521739,0.0115999999999999,0.9698,True
1012,right_shoulder,,,,,,0.0311,True
1012,right_toe_tip,856.6659999999999,210.762,0.5952191830434781,-0.4099827404347826,0.0735999999999999,0.804,True
1013,left_shoulder,913.284,121.618,0.5017137782608696,-0.4376382586956522,1.504,0.9149,True
1013,left_toe_tip,765.4280000000001,156.77800000000002,0.3621597165217395,-0.5867814356521739,0.0105999999999999,0.9763,True
1013,right_shoulder,,,,,,0.021,True
1013,right_toe_tip,856.624,210.718,0.5941619582608696,-0.4094545639130435,0.0800999999999999,0.738,True
1014,left_shoulder,910.552,119.116,0.4969334452173913,-0.4424410686956521,1.4882,0.8652,True
1014,left_toe_tip,765.3280000000001,156.85,0.3624703721739133,-0.5875451304347826,0.0061999999999998,0.9684,True
1014,right_shoulder,,,,,,0.0473,True
1014,right_toe_tip,856.278,210.456,0.5932129404347827,-0.4101731843478261,0.0935999999999999,0.7049,True
1015,left_shoulder,907.852,116.872,0.4913337339130437,-0.4459813182608695,1.4674,0.913,True
1015,left_toe_tip,765.2520000000001,156.892,0.3624139391304349,-0.5876885826086956,0.005,0.967,True
1015,right_shoulder,,,,,,0.0726,True
1015,right_toe_tip,855.914,210.602,0.5942798160869565,-0.4112017560869565,0.0848000000000001,0.5757,True
1016,left_shoulder,904.684,115.024,0.4855225199999999,-0.4493711930434783,1.4299000000000002,0.889,True
1016,left_toe_tip,765.192,156.98200000000003,0.3623764086956522,-0.5876488413043477,0.004,0.9774,True
1016,right_shoulder,,,,,,0.0508,True
1016,right_toe_tip,855.51,209.944,0.5929336,-0.4128497252173911,0.0858000000000001,0.5032,True
1017,left_shoulder,901.696,113.154,0.4802121599999999,-0.45296241,1.4078,0.9089,True
1017,left_toe_tip,765.0939999999999,157.15,0.3625550452173911,-0.5879122173913043,0.0005999999999999,0.972,True
1017,right_shoulder,,,,,,0.0235,True
1017,right_toe_tip,855.258,209.742,0.5915383430434783,-0.4129155169565217,0.0888000000000001,0.4688,True
1018,left_shoulder,899.176,111.386,0.4749681913043478,-0.4556121782608696,1.402,0.9095,True
1018,left_toe_tip,765.05,157.214,0.3624275217391303,-0.5877267286956521,0.0005999999999999,0.9737,True
1018,right_shoulder,,,,,,0.0185,True
1018,right_toe_tip,855.2280000000001,209.647,0.5914792960869567,-0.4131929238043478,0.0886999999999998,0.4081,True
1019,left_shoulder,896.402,110.006,0.4694943578260869,-0.4577607526086956,1.3894000000000002,0.9246,True
1019,left_toe_tip,765.052,157.18,0.3618352434782609,-0.5868552608695652,0.005,0.9689,True
1019,right_shoulder,,,,,,0.0333,True
1019,right_toe_tip,855.296,209.769,0.5912449391304349,-0.4125637190217391,0.0905,0.4846,True
1020,left_shoulder,893.832,108.544,0.4645677408695652,-0.460219144347826,1.3867,0.8915,True
1020,left_toe_tip,765.04,157.176,0.3615015130434782,-0.5863818208695653,0.0071999999999998,0.9771,True
1020,right_shoulder,,,,,,0.0254,True
1020,right_toe_tip,855.1039999999999,209.313,0.588005488695652,-0.4119160177173913,0.1020999999999999,0.2508,True
1021,left_shoulder,891.1379999999999,107.174,0.459418754347826,-0.4625066934782609,1.384,0.9153,True
1021,left_toe_tip,765.054,157.118,0.3615419882608695,-0.5865495039130435,0.0071999999999998,0.9807,True
1021,right_shoulder,,,,,,0.0324,True
1021,right_toe_tip,854.9879999999999,209.287,0.5870340813043475,-0.4115283992391305,0.1124000000000001,0.3465,True
1022,left_shoulder,888.548,106.04,0.4545186469565218,-0.4644155478260869,1.3845999999999998,0.8993,True
1022,left_toe_tip,765.1020000000001,157.022,0.3613816034782611,-0.5863416660869565,0.0094,0.9807,True
1022,right_shoulder,,,,,,0.0299,True
1022,right_toe_tip,855.174,208.349,0.5831917054347825,-0.4110236614130435,0.1125,0.503,True
1023,left_shoulder,886.3539999999999,104.854,0.4506135991304346,-0.4666953139130435,1.3702,0.9193,True
1023,left_toe_tip,765.1279999999999,157.01,0.361320700869565,-0.5861556891304348,0.0104,0.9798,True
1023,right_shoulder,,,,,,0.0195,True
1023,right_toe_tip,855.402,206.996,0.5752169930434785,-0.4085872034782609,0.1466999999999998,0.4945,True
1024,left_shoulder,884.3979999999999,103.664,0.4466107799999998,-0.4684261773913044,1.3648,0.9391,True
1024,left_toe_tip,765.1220000000001,157.01,0.3613033752173915,-0.5861556891304348,0.0104,0.9775,True
1024,right_shoulder,,,,,,0.0267,True
1024,right_toe_tip,855.618,204.952,0.5666534786956524,-0.4074728852173913,0.1831999999999998,0.3905,True
1025,left_shoulder,882.7120000000001,102.66,0.4433187443478263,-0.4700371043478262,1.3656,0.9133,True
1025,left_toe_tip,765.13,157.052,0.3593407173913043,-0.5828137130434783,0.025,0.9756,True
1025,right_shoulder,,,,,,0.0418,True
1025,right_toe_tip,855.684,201.716,0.5601219704347825,-0.4110566660869564,0.1668000000000001,0.4598,True
1026,left_shoulder,881.424,101.832,0.4408612173913043,-0.4714372173913043,1.359,0.9094,True
1026,left_toe_tip,765.1899999999999,157.074,0.3552946630434781,-0.5759128108695653,0.056,0.9833,True
1026,right_shoulder,,,,,,0.0311,True
1026,right_toe_tip,855.222,198.524,0.5512490443478261,-0.4135891808695652,0.1575999999999999,0.5728,True
1027,left_shoulder,880.134,101.158,0.4382967530434783,-0.47244292,1.3528,0.8952,True
1027,left_toe_tip,765.3059999999999,157.192,0.3513471278260868,-0.5686559965217391,0.0874,0.9709,True
1027,right_shoulder,,,,,,0.0376,True
1027,right_toe_tip,853.726,195.15,0.5405873934782609,-0.4169629891304348,0.171,0.7718,True
1028,left_shoulder,878.984,100.594,0.4360938469565217,-0.4733595573913043,1.3462,0.8959,True
1028,left_toe_tip,765.4286666666667,157.32333333333332,0.3473283382608696,-0.5612381260869567,0.1194,0.9721,True
1028,right_shoulder,,,,,,0.0326,True
1028,right_toe_tip,850.4119999999999,191.236,0.5314732669565216,-0.4262758513043478,0.1551999999999998,0.8789,True
1029,left_shoulder,877.8779999999999,100.18,0.4344893382608695,-0.4745668782608696,1.3446,0.9079,True
1029,left_toe_tip,765.548,157.47199999999998,0.3433737799999999,-0.55391408,0.1508000000000001,0.9686,True
1029,right_shoulder,,,,,,0.0153,True
1029,right_toe_tip,846.0559999999999,187.004,0.5191715304347825,-0.4358747043478261,0.1515,0.8313,True
1030,left_shoulder,876.692,99.984,0.432631812173913,-0.475264027826087,1.3294,0.9203,True
1030,left_toe_tip,765.658,157.594,0.3411341530434782,-0.5494882886956521,0.1694,0.9711,False
1030,right_shoulder,,,,,,0.0139,True
1030,right_toe_tip,839.9119999999999,182.43,0.4981720121739128,-0.4424967195652173,0.1724,0.7648,True
1031,left_shoulder,875.6039999999999,99.904,0.4306431373913042,-0.4754102539130435,1.3154,0.9308,True
1031,left_toe_tip,765.6919999999999,157.75600000000003,0.3408985634782605,-0.5485209008695651,0.1718000000000001,0.9533,False
1031,right_shoulder,,,,,,0.0182,True
1031,right_toe_tip,831.2535,175.4645,0.4739968536413044,-0.4573471669021739,0.1259000000000001,0.6533,True
1032,left_shoulder,874.6479999999999,99.748,0.429252808695652,-0.4760914304347826,1.2705,0.9316,True
1032,left_toe_tip,765.646,157.848,0.3401455734782607,-0.5472606208695651,0.1764,0.932,True
1032,right_shoulder,,,,,,0.0102,True
1032,right_toe_tip,820.1365,166.61950000000002,0.4475804623369564,-0.4804874836413043,0.0730999999999999,0.4795,True
1033,left_shoulder,873.8300000000002,99.56,0.4284172260869568,-0.4771713739130435,1.2679,0.9232,True
1033,left_toe_tip,765.7293333333333,157.76066666666668,0.3440063889855072,-0.5533444020289855,0.1498000000000001,0.9677,False
1033,right_shoulder,,,,,,0.024,True
1033,right_toe_tip,807.741,156.155,0.4181126752173912,-0.5081058195652174,0.0658000000000001,0.0555,True
1034,left_shoulder,873.198,99.16,0.4276141586956521,-0.4783011739130435,1.244,0.9148,True
1034,left_toe_tip,765.8539999999999,157.78,0.3485061417391302,-0.5599735565217391,0.1194,0.9688,True
1034,right_shoulder,,,,,,0.0441,True
1034,right_toe_tip,793.345,144.12500000000003,0.3858626902173913,-0.5432072010869564,-0.191,0.0166,True
1035,left_shoulder,872.5960000000001,98.596,0.4268642243478263,-0.4797331669565217,1.2426,0.8988,True
1035,left_toe_tip,765.858,157.59199999999998,0.3530590504347825,-0.5677984417391305,0.0861999999999998,0.978,True
1035,right_shoulder,,,,,,0.0434,True
1035,right_toe_tip,778.595,133.169,0.3497715989130435,-0.572452408478261,-0.1998000000000001,0.0447,True
1036,left_shoulder,872.152,97.848,0.4264531304347826,-0.4815618260869564,1.241,0.8714,True
1036,left_toe_tip,765.838,157.484,0.3575714126086955,-0.5754536165217391,0.0528000000000001,0.9831,True
1036,right_shoulder,,,,,,0.03,True
1036,right_toe_tip,764.5675000000001,123.9265,0.3150609953804351,-0.5970863338586957,-0.2184000000000001,0.6633,True
1037,left_shoulder,871.874,97.116,0.4257912343478261,-0.4827350321739131,1.2415999999999998,0.8648,True
1037,left_toe_tip,765.95,157.496,0.3626538586956523,-0.583079452173913,0.018,0.9441,True
1037,right_shoulder,,,,,,0.014,True
1037,right_toe_tip,750.8605,115.8575,0.2803686145108695,-0.6174416899456521,-0.1911999999999998,0.8419,True
1038,left_shoulder,871.296,96.372,0.4239756243478262,-0.4832415860869565,1.2026,0.8678,True
1038,left_toe_tip,765.906,157.674,0.3637041147826085,-0.5844582365217391,0.0094,1.0,True
1038,right_shoulder,,,,,,0.023,True
1038,right_toe_tip,737.482,108.934,0.2471804452173912,-0.6366160486956521,-0.2158000000000001,0.9134,True
1039,left_shoulder,870.5720000000001,95.78,0.4219968843478263,-0.4835800391304348,1.2052,0.8654,True
1039,left_toe_tip,765.8120000000001,157.598,0.3638701843478265,-0.5853817843478261,0.0061999999999998,0.9171,True
1039,right_shoulder,,,,,,0.0178,True
1039,right_toe_tip,724.952,103.588,0.2165721965217391,-0.6536833747826087,-0.1804000000000001,0.89,True
1040,left_shoulder,869.854,94.976,0.4201331373913044,-0.4844177808695651,1.1914,0.8913,True
1040,left_toe_tip,765.842,157.672,0.3640937343478261,-0.5853876852173914,0.0051999999999998,0.9595,True
1040,right_shoulder,,,,,,0.0116,True
1040,right_toe_tip,713.588,98.108,0.1895690869565216,-0.6746565652173913,-0.123,0.8987,True
1041,left_shoulder,869.124,93.844,0.418400347826087,-0.486024,1.193,0.9216,True
1041,left_toe_tip,765.9639999999999,157.616,0.3646110130434781,-0.5858136869565217,0.004,0.9528,True
1041,right_shoulder,,,,,,0.0224,True
1041,right_toe_tip,702.84,92.936,0.1643675826086957,-0.6985465321739129,-0.0514,0.9499,True
1042,left_shoulder,867.7700000000001,92.544,0.4154326739130436,-0.4878164869565217,1.189,0.9108,True
1042,left_toe_tip,765.96,157.358,0.364900643478261,-0.5870450634782608,0.0018000000000001,0.9786,True
1042,right_shoulder,,,,,,0.0152,True
1042,right_toe_tip,694.21,88.97999999999999,0.1435150826086957,-0.7174959913043477,0.0089,0.876,True
1043,left_shoulder,866.4620000000001,90.966,0.4127023795652175,-0.4902852221739129,1.1904,0.9205,True
1043,left_toe_tip,766.0,157.054,0.3642769565217392,-0.5867345334782609,0.0071999999999998,0.9642,True
1043,right_shoulder,,,,,,0.0125,True
1043,right_toe_tip,687.7819999999999,86.43199999999999,0.1277753004347824,-0.7315565147826086,0.0423000000000001,0.9341,True
1044,left_shoulder,864.9440000000001,88.882,0.4097403860869567,-0.4938473308695651,1.2002000000000002,0.8867,True
1044,left_toe_tip,765.966,157.0,0.3641786595652174,-0.586890652173913,0.0071999999999998,0.9566,True
1044,right_shoulder,,,,,,0.0177,True
1044,right_toe_tip,683.4979999999999,85.136,0.1187779082608693,-0.7505579791304349,-0.0026999999999998,0.9175,True
1045,left_shoulder,863.2060000000001,86.874,0.4061378739130437,-0.4969705695652173,1.2115,0.8278,True
1045,left_toe_tip,765.9,157.02800000000002,0.363851,-0.58658908,0.0081999999999998,0.9645,True
1045,right_shoulder,,,,,,0.024,True
1045,right_toe_tip,680.45,85.244,0.1134446630434783,-0.770571120869565,-0.0681999999999998,0.967,True
1046,left_shoulder,861.0400000000002,84.92,0.4021966956521742,-0.5005259999999999,1.2085,0.8309,True
1046,left_toe_tip,765.778,157.06,0.3636351352173914,-0.5867171869565218,0.0071999999999998,0.9804,True
1046,right_shoulder,,,,,,0.0189,True
1046,right_toe_tip,678.906,86.52799999999999,0.1111442926086954,-0.7812381634782607,-0.1046999999999998,0.9603,True
1047,left_shoulder,858.838,82.52,0.3969531026086956,-0.5033245913043479,1.2202,0.8924,True
1047,left_toe_tip,765.608,157.224,0.3628432834782607,-0.5857581495652174,0.0094,0.9793,True
1047,right_shoulder,,,,,,0.0148,True
1047,right_toe_tip,677.688,88.446,0.1097867826086956,-0.7910486086956522,-0.149,0.9443,True
1048,left_shoulder,856.392,79.876,0.3910579773913044,-0.5062327852173913,1.2229,0.8762,True
1048,left_toe_tip,765.4039999999999,157.452,0.363126365217391,-0.5865085565217392,0.003,0.9887,True
1048,right_shoulder,,,,,,0.0126,True
1048,right_toe_tip,676.7860000000001,90.706,0.1077110073913045,-0.7885045404347825,-0.1603000000000002,0.9936,True
1049,left_shoulder,853.702,77.066,0.3840596595652173,-0.5084816039130434,1.2261,0.9079,True
1049,left_toe_tip,765.266,157.656,0.3633258634782608,-0.5868855756521739,-0.0014,0.9848,True
1049,right_shoulder,,,,,,0.0173,True
1049,right_toe_tip,675.59,92.954,0.1026694130434783,-0.770369656521739,-0.098,0.9779,True
1050,left_shoulder,851.0219999999999,73.97800000000001,0.3771788878260869,-0.5112332356521739,1.2166,0.915,True
1050,left_toe_tip,765.196,157.712,0.3635582973913043,-0.5874267617391304,-0.0045999999999999,0.9593,True
1050,right_shoulder,,,,,,0.0126,True
1050,right_toe_tip,674.4040000000001,94.646,0.0975502982608698,-0.7523939613043478,-0.0475999999999999,0.9366,True
1051,left_shoulder,848.4200000000001,70.416,0.3690846347826088,-0.5128154921739131,1.2188,0.8892,True
1051,left_toe_tip,765.17,157.834,0.3636460608695651,-0.5873361791304348,-0.0058000000000001,0.946,True
1051,right_shoulder,,,,,,0.0207,True
1051,right_toe_tip,673.402,95.63,0.0932061026086957,-0.7377072434782609,-0.0061999999999998,0.928,True
1052,left_shoulder,845.7139999999999,66.55,0.3618330378260869,-0.5161530326086957,1.2148,0.8802,True
1052,left_toe_tip,765.222,157.93399999999997,0.3637971321739129,-0.5870456573913044,-0.0058000000000001,0.9572,True
1052,right_shoulder,,,,,,0.0256,True
1052,right_toe_tip,672.576,96.218,0.0893644660869565,-0.7236228386956521,0.0371999999999998,0.9258,True
1053,left_shoulder,842.604,62.42999999999999,0.3546891330434783,-0.5209415673913043,1.2044,0.9193,True
1053,left_toe_tip,765.238,158.05,0.3634080052173914,-0.5860062173913043,-0.0025999999999999,0.9704,True
1053,right_shoulder,,,,,,0.0117,True
1053,right_toe_tip,671.882,96.602,0.087044790869565,-0.7191338004347826,0.0341999999999998,0.9021,True
1054,left_shoulder,839.45,58.49400000000001,0.3468695652173914,-0.5243582608695652,1.1675,0.8984,True
1054,left_toe_tip,765.208,158.12,0.362586036521739,-0.5846181478260869,0.0028000000000001,0.9664,True
1054,right_shoulder,,,,,,0.0193,True
1054,right_toe_tip,671.408,96.824,0.0855253495652174,-0.7166396904347826,0.0608000000000001,0.8994,True
1055,left_shoulder,836.1020000000001,53.83200000000001,0.3386596278260871,-0.528738824347826,1.1332,0.8993,True
1055,left_toe_tip,765.1020000000001,158.30599999999998,0.3615447800000003,-0.5828956600000001,0.0081999999999998,0.9588,True
1055,right_shoulder,,,,,,0.0165,True
1055,right_toe_tip,670.992,97.032,0.084358876521739,-0.7157874626086956,0.0618000000000001,0.9168,True
1056,left_shoulder,832.472,48.546,0.3305915808695652,-0.5349560986956522,1.0998,0.8898,True
1056,left_toe_tip,764.9399999999999,158.526,0.3606148652173911,-0.581515282173913,0.0115999999999999,0.9532,True
1056,right_shoulder,,,,,,0.0153,True
1056,right_toe_tip,670.6139999999999,97.302,0.0831702517391302,-0.7136819360869565,0.0515999999999999,0.935,True
1057,left_shoulder,828.8039999999999,43.306,0.3228137956521736,-0.5414778934782609,1.094,0.9395,True
1057,left_toe_tip,764.744,158.68599999999998,0.3600491495652175,-0.581053473478261,0.0115999999999999,0.9661,True
1057,right_shoulder,,,,,,0.0451,True
1057,right_toe_tip,670.3120000000001,97.632,0.0820137286956525,-0.7098765495652174,0.0618000000000001,0.9437,True
1058,left_shoulder,825.336,38.142,0.3149100382608696,-0.5468787234782609,1.0848,0.8874,True
1058,left_toe_tip,764.632,158.926,0.3585879391304346,-0.5785248673913044,0.02,0.9758,True
1058,right_shoulder,,,,,,0.0301,True
1058,right_toe_tip,670.1,97.89,0.0812569130434783,-0.7075830391304349,0.0674,0.937,True
1059,left_shoulder,821.7459999999999,32.668,0.3075853499999997,-0.5539738304347825,1.0775,0.8921,True
1059,left_toe_tip,764.568,159.09,0.3565623599999999,-0.5750830369565216,0.0335999999999999,0.9714,True
1059,right_shoulder,,,,,,0.0167,True
1059,right_toe_tip,669.932,98.178,0.0806797539130435,-0.705724125652174,0.0711999999999998,0.9392,True
1060,left_shoulder,818.17,27.852,0.3008361717391303,-0.5608246773913044,1.0836,0.9228,True
1060,left_toe_tip,764.5020000000001,159.568,0.3542893869565219,-0.5703597565217391,0.052,0.9559,True
1060,right_shoulder,,,,,,0.0131,True
1060,right_toe_tip,669.8459999999999,98.38,0.0800910921739127,-0.7020515826086957,0.1021999999999998,0.9397,True
1061,left_shoulder,815.012,22.728,0.2942103904347825,-0.56698356,1.1014000000000002,0.862,True
1061,left_toe_tip,764.3199999999999,160.272,0.3510148173913041,-0.5639276660869565,0.0724,0.9593,True
1061,right_shoulder,,,,,,0.0274,True
1061,right_toe_tip,669.7479999999999,98.664,0.080015653043478,-0.7029370278260869,0.0964000000000001,0.9436,True
1062,left_shoulder,811.642,18.25,0.2872764691304348,-0.5719854891304349,1.1082,0.8679,True
1062,left_toe_tip,764.144,161.176,0.3474952486956521,-0.5565343095652173,0.0948000000000001,0.9585,True
1062,right_shoulder,,,,,,0.0192,True
1062,right_toe_tip,669.7239999999999,98.844,0.0802547999999998,-0.7051212,0.087,0.9392,True
1063,left_shoulder,807.988,13.986,0.2803208452173914,-0.5773920573913044,1.1018,0.9882,True
1063,left_toe_tip,763.97,162.086,0.3433969000000001,-0.54822178,0.1215999999999999,0.982,True
1063,right_shoulder,,,,,,0.0162,True
1063,right_toe_tip,669.602,99.044,0.0798031308695651,-0.7035033382608696,0.0908000000000001,0.9385,True
1064,left_shoulder,804.716,10.34,0.2741089086956522,-0.581879847826087,1.1035,0.9762,True
1064,left_toe_tip,763.786,163.06,0.3402500399999998,-0.5413281217391305,0.1411999999999998,0.9844,True
1064,right_shoulder,,,,,,0.021,True
1064,right_toe_tip,669.606,99.19,0.0799040195652173,-0.7039035108695653,0.088,0.9431,True
1065,left_shoulder,801.214,6.678,0.2669493560869566,-0.5850551465217392,1.1111,0.8855,True
1065,left_toe_tip,763.568,163.69400000000002,0.3376898539130434,-0.5364701578260869,0.1558000000000002,0.9785,True
1065,right_shoulder,,,,,,0.0286,True
1065,right_toe_tip,669.5840000000001,99.236,0.080288403478261,-0.7076908208695654,0.0741999999999998,0.9371,True
1066,left_shoulder,797.1519999999999,4.69,0.2601548869565216,-0.5881925326086956,1.1115,0.7887,True
1066,left_toe_tip,763.316,164.11399999999998,0.3359556765217392,-0.5336615982608697,0.1635999999999999,0.9843,True
1066,right_shoulder,,,,,,0.0342,True
1066,right_toe_tip,669.6740000000001,99.158,0.0802552682608698,-0.7054642004347825,0.0828000000000001,0.9367,True
1067,left_shoulder,793.4559999999999,3.2340000000000004,0.2535026399999998,-0.5893619204347826,1.1172,0.4436,True
1067,left_toe_tip,763.1120000000001,164.43200000000002,0.3352660921739133,-0.5325826817391304,0.1645999999999999,0.9916,True
1067,right_shoulder,,,,,,0.0332,True
1067,right_toe_tip,669.784,99.002,0.0802225565217391,-0.7029924391304349,0.093,0.9383,True
1068,left_shoulder,790.2125531914893,2.4078297872340424,0.2475929474688526,-0.5894134513637885,1.1155787234042551,0.3331,True
1068,left_toe_tip,762.892,164.662,0.3363500608695653,-0.5346316130434782,0.1595,0.9732,True
1068,right_shoulder,,,,,,0.0337,True
1068,right_toe_tip,669.9540000000001,98.874,0.0806804478260871,-0.7033372043478261,0.093,0.9367,True
1069,left_shoulder,786.8056595744681,1.8354893617021275,0.2417288953232822,-0.5897505024776114,1.1071361702127658,0.3745,True
1069,left_toe_tip,762.5640000000001,164.85,0.3363316026086959,-0.5355170543478261,0.1529000000000001,0.9605,True
1069,right_shoulder,,,,,,0.0411,True
1069,right_toe_tip,670.0440000000001,98.778,0.0808967356521741,-0.7033686286956521,0.0938000000000001,0.9282,True
1070,left_shoulder,783.6613191489362,1.8409787234042556,0.2368424960479855,-0.5904670588003622,1.084272340425532,0.1999,True
1070,left_toe_tip,762.1899999999999,164.866,0.337775660869565,-0.5394182486956521,0.1343000000000001,0.9617,True
1070,right_shoulder,,,,,,0.0395,True
1070,right_toe_tip,670.054,98.948,0.0808648604347825,-0.7024001313043479,0.0955999999999999,0.932,True
1071,left_shoulder,780.7655319148937,2.028297872340425,0.2321426761174642,-0.5903469959995669,1.0712872340425534,0.1639,True
1071,left_toe_tip,761.568,164.066,0.3389632973913043,-0.5463151052173914,0.1098000000000001,0.9503,True
1071,right_shoulder,,,,,,0.039,True
1071,right_toe_tip,669.932,99.202,0.0806276982608696,-0.7025104386956521,0.0928000000000001,0.9246,True
1072,left_shoulder,777.9082978723405,2.027446808510638,0.2280462329895488,-0.5919461956128093,1.0596808510638298,0.072,True
1072,left_toe_tip,760.7520000000001,163.01,0.3393393704347827,-0.5535847239130435,0.0945999999999999,0.9217,True
1072,right_shoulder,,,,,,0.0346,True
1072,right_toe_tip,669.7320000000001,99.578,0.0802634730434784,-0.7030261730434784,0.0874,0.9393,True
1073,left_shoulder,776.4796808510639,2.027021276595744,0.2259884465637118,-0.5927457982684473,1.057627659574468,0.0343,True
1073,left_toe_tip,760.318,161.93200000000002,0.3406568765217391,-0.5607907895652173,0.0701999999999998,0.7986,True
1073,right_shoulder,,,,,,0.0217,True
1073,right_toe_tip,669.5519999999999,99.878,0.0798674921739128,-0.7030079791304349,0.1020999999999999,0.9346,True
1074,left_shoulder,775.0510638297874,2.0265957446808507,0.2239242835632887,-0.5935454028234298,1.0455744680851065,0.0265,True
1074,left_toe_tip,759.174,159.968,0.3366924573913042,-0.5651338852173913,0.0808000000000001,0.8078,True
1074,right_shoulder,,,,,,0.0239,True
1074,right_toe_tip,669.402,100.174,0.079487667826087,-0.7024339426086956,0.0988000000000001,0.9348,True
1075,left_shoulder,773.6224468085109,2.0261702127659564,0.2218537439882795,-0.5943450092777571,1.0435212765957445,0.0515,True
1075,left_toe_tip,757.238,158.14600000000002,0.3299485104347828,-0.5680873660869564,0.0968000000000001,0.7899,True
1075,right_shoulder,,,,,,0.0309,True
1075,right_toe_tip,669.284,100.304,0.0791368269565217,-0.701800212173913,0.0998000000000001,0.9332,True
1076,left_shoulder,772.1938297872341,2.0257446808510635,0.2197768278386837,-0.5951446176314288,1.041468085106383,0.0679,True
1076,left_toe_tip,753.4019999999999,157.89600000000002,0.3236887521739128,-0.5768751130434783,0.076,0.7685,True
1076,right_shoulder,,,,,,0.0227,True
1076,right_toe_tip,669.132,100.25,0.0786690660869563,-0.7014379347826087,0.1015999999999999,0.9025,True
1077,left_shoulder,,,,,,0.0735,True
1077,left_toe_tip,747.9979999999999,157.048,0.3127950769565215,-0.58781076,0.0744,0.8037,True
1077,right_shoulder,,,,,,0.0213,True
1077,right_toe_tip,668.826,100.346,0.0780181956521739,-0.702759195652174,0.096,0.9031,True
1078,left_shoulder,,,,,,0.0642,True
1078,left_toe_tip,739.9780000000001,155.668,0.2952828495652175,-0.6034901199999999,0.0978000000000001,0.8386,True
1078,right_shoulder,,,,,,0.0179,True
1078,right_toe_tip,668.556,100.804,0.0771446547826088,-0.7002236286956522,0.1005999999999999,0.89,True
1079,left_shoulder,,,,,,0.0578,True
1079,left_toe_tip,730.786,154.342,0.2773117578260868,-0.6281957734782609,0.0438000000000001,0.9636,True
1079,right_shoulder,,,,,,0.0173,True
1079,right_toe_tip,668.478,100.114,0.0769091726086955,-0.7018616908695652,0.1014,0.8891,True
1080,left_shoulder,,,,,,0.0594,True
1080,left_toe_tip,720.046,152.672,0.2530497678260871,-0.655426907826087,-0.0104,0.9284,True
1080,right_shoulder,,,,,,0.0199,True
1080,right_toe_tip,668.75325,99.56875,0.0776033028057064,-0.702888374490489,0.0779749999999999,0.6338,True
1081,left_shoulder,,,,,,0.0643,True
1081,left_toe_tip,709.3779999999999,149.858,0.2220095999999997,-0.6724544,0.06,0.9449,True
1081,right_shoulder,,,,,,0.019,True
1081,right_toe_tip,669.37375,99.33425,0.0793242907948368,-0.7039321078600542,0.076525,0.3017,True
1082,left_shoulder,,,,,,0.0549,True
1082,left_toe_tip,698.522,147.588,0.190463665652174,-0.6913087069565217,0.0308000000000001,0.9228,True
1082,right_shoulder,,,,,,0.0167,True
1082,right_toe_tip,670.4594999999999,99.0425,0.0821595350271737,-0.7038903088315217,0.0894499999999998,0.1811,True
1083,left_shoulder,,,,,,0.0674,True
1083,left_toe_tip,687.45,145.22,0.1580703913043479,-0.715497547826087,-0.0048000000000001,0.8969,True
1083,right_shoulder,,,,,,0.0207,True
1083,right_toe_tip,671.8025,98.5175,0.0859445278532608,-0.7066422452445653,0.09475,0.0388,True
1084,left_shoulder,,,,,,0.0455,True
1084,left_toe_tip,676.25,143.42000000000002,0.1213586956521739,-0.7250721739130433,0.098,0.9076,True
1084,right_shoulder,,,,,,0.0243,True
1084,right_toe_tip,673.25875,99.20125,0.0899206340013586,-0.7051133595448369,0.101125,0.0715,True
1085,left_shoulder,,,,,,0.0379,True
1085,left_toe_tip,666.112,141.76799999999997,0.0866577808695651,-0.7242455895652175,0.1558000000000002,0.8975,True
1085,right_shoulder,,,,,,0.0232,True
1085,right_toe_tip,673.9868749999999,99.543125,0.0919100226307743,-0.70434828961447,0.1030625,0.0459,True
1086,left_shoulder,,,,,,0.0373,True
1086,left_toe_tip,657.8340000000001,140.238,0.0588289382608697,-0.7249279539130435,0.0111999999999998,0.9351,True
1086,right_shoulder,,,,,,0.0218,True
1086,right_toe_tip,674.715,99.885,0.0939003016304348,-0.7035828016304349,0.1175,0.0399,True
1087,left_shoulder,,,,,,0.0338,True
1087,left_toe_tip,646.688,136.764,0.0214088695652173,-0.7145978478260868,-0.047,0.9207,True
1087,right_shoulder,,,,,,0.0243,True
1087,right_toe_tip,677.1420833333333,101.02458333333334,0.100540995414402,-0.701028155740489,0.126625,0.0448,True
1088,left_shoulder,,,,,,0.0304,True
1088,left_toe_tip,636.8199999999999,133.576,-0.0096692739130436,-0.688476627826087,-0.0184,0.7064,True
1088,right_shoulder,,,,,,0.0172,True
1088,right_toe_tip,677.7204166666667,101.92625,0.1017853326728562,-0.6963900407042574,0.1444583333333335,0.2676,True
1089,left_shoulder,,,,,,0.0359,True
1089,left_toe_tip,627.53,129.8,-0.0363852913043479,-0.6716835652173914,-0.1534000000000001,0.858,True
1089,right_shoulder,,,,,,0.0164,True
1089,right_toe_tip,677.0500000000001,102.76,0.0994040760869567,-0.690167463768116,0.1796666666666665,0.7972,True
1090,left_shoulder,,,,,,0.032,True
1090,left_toe_tip,618.4399999999999,125.60533333333332,-0.0603742492753624,-0.6563730071497584,-0.2232666666666669,0.8762,True
1090,right_shoulder,,,,,,0.0148,True
1090,right_toe_tip,676.185,102.7375,0.0967358777173911,-0.6877577377717391,0.1625,0.9453,True
1091,left_shoulder,,,,,,0.0593,True
1091,left_toe_tip,608.524,120.94,-0.083685104347826,-0.6355877826086956,-0.282,0.9046,True
1091,right_shoulder,,,,,,0.0155,True
1091,right_toe_tip,675.5840000000001,102.704,0.0949241878260871,-0.6863650469565217,0.1678000000000001,0.9408,True
1092,left_shoulder,,,,,,0.0437,True
1092,left_toe_tip,602.1780000000001,117.792,-0.0963803226086953,-0.6172091686956522,-0.2374,0.926,False
1092,right_shoulder,,,,,,0.0148,True
1092,right_toe_tip,673.9559999999999,102.58599999999998,0.0902712878260867,-0.6843295230434784,0.1711999999999998,0.9402,True
1093,left_shoulder,,,,,,0.0197,True
1093,left_toe_tip,596.538,114.548,-0.1068220373913043,-0.603278328695652,-0.1941999999999998,0.9554,False
1093,right_shoulder,,,,,,0.0165,True
1093,right_toe_tip,673.3040000000001,102.208,0.0883062800000002,-0.6835410921739131,0.1775999999999999,0.9058,True
1094,left_shoulder,,,,,,0.0318,True
1094,left_toe_tip,592.054,112.28000000000002,-0.1144033252173913,-0.591081460869565,-0.1486999999999998,0.9181,True
1094,right_shoulder,,,,,,0.02,True
1094,right_toe_tip,672.958,101.548,0.0873243704347825,-0.6847854295652174,0.1794000000000001,0.909,True
1095,left_shoulder,,,,,,0.033,True
1095,left_toe_tip,588.384,110.72466666666666,-0.1204971779710144,-0.5819314593236713,-0.1247333333333331,0.9483,True
1095,right_shoulder,,,,,,0.0177,True
1095,right_toe_tip,672.774,100.98,0.0868083513043478,-0.686065147826087,0.1641999999999998,0.9101,True
1096,left_shoulder,,,,,,0.0328,True
1096,left_toe_tip,585.652,109.91400000000002,-0.1251776217391303,-0.5760132978260869,-0.1045,0.9043,True
1096,right_shoulder,,,,,,0.0143,True
1096,right_toe_tip,672.6719999999999,100.452,0.0867654678260867,-0.6892692104347826,0.1578000000000002,0.9069,True
1097,left_shoulder,,,,,,0.0307,True
1097,left_toe_tip,583.8879999999999,109.762,-0.1291551860869567,-0.5759825965217391,-0.1030999999999999,0.9181,True
1097,right_shoulder,,,,,,0.0135,True
1097,right_toe_tip,672.708,100.1,0.0867046417391303,-0.6889609999999999,0.1621999999999998,0.8856,True
1098,left_shoulder,,,,,,0.0281,True
1098,left_toe_tip,582.1659999999999,110.014,-0.1317860843478262,-0.5696420113043478,-0.0864,0.9504,True
1098,right_shoulder,,,,,,0.0129,True
1098,right_toe_tip,672.658,99.968,0.0867992843478261,-0.6911198330434783,0.1558000000000002,0.8701,True
1099,left_shoulder,,,,,,0.0335,True
1099,left_toe_tip,580.6540000000001,109.854,-0.1339929469565215,-0.5647861643478261,-0.0686999999999998,0.9605,True
1099,right_shoulder,,,,,,0.0129,True
1099,right_toe_tip,672.754,100.0,0.0872466873913044,-0.6925608695652175,0.1504000000000001,0.8678,True
1100,left_shoulder,,,,,,0.0184,True
1100,left_toe_tip,579.21,109.41400000000002,-0.1358788652173912,-0.5601141852173912,-0.0494,0.9505,True
1100,right_shoulder,,,,,,0.0125,True
1100,right_toe_tip,672.72,99.964,0.0874121913043479,-0.6946918269565219,0.1431999999999998,0.876,True
1101,left_shoulder,,,,,,0.0276,True
1101,left_toe_tip,578.0899999999999,108.864,-0.137426741304348,-0.5574673252173914,-0.0382,0.9306,True
1101,right_shoulder,,,,,,0.0186,True
1101,right_toe_tip,672.7180000000001,99.892,0.0874068482608697,-0.6948841765217393,0.1431999999999998,0.8872,True
1102,left_shoulder,,,,,,0.0182,True
1102,left_toe_tip,576.972,108.05800000000002,-0.1396755286956522,-0.5583253800000001,-0.0497999999999999,0.919,True
1102,right_shoulder,,,,,,0.0083,True
1102,right_toe_tip,672.648,99.864,0.0875108347826087,-0.6972775826086957,0.135,0.9176,True
1103,left_shoulder,,,,,,0.0228,True
1103,left_toe_tip,576.184,107.242,-0.1415466626086957,-0.560628233478261,-0.0665999999999999,0.9189,True
1103,right_shoulder,,,,,,0.0098,True
1103,right_toe_tip,672.356,99.934,0.0867281478260869,-0.6970899521739132,0.13,0.919,True
1104,left_shoulder,,,,,,0.034,True
1104,left_toe_tip,575.6679999999999,107.17,-0.1422436460869567,-0.5590291152173913,-0.0707,0.9214,True
1104,right_shoulder,,,,,,0.0205,True
1104,right_toe_tip,671.938,99.86,0.0857049286956521,-0.6980800347826087,0.1271999999999998,0.9075,True
1105,left_shoulder,,,,,,0.0263,True
1105,left_toe_tip,575.376,107.66,-0.1433388417391304,-0.5597010913043478,-0.0605999999999999,0.9283,True
1105,right_shoulder,,,,,,0.0206,True
1105,right_toe_tip,671.61,99.822,0.0850171565217391,-0.6997656991304348,0.1215999999999999,0.9205,True
1106,left_shoulder,,,,,,0.0228,True
1106,left_toe_tip,574.97,108.41400000000002,-0.1445079695652173,-0.5590678460869565,-0.0644000000000001,0.9259,True
1106,right_shoulder,,,,,,0.014,True
1106,right_toe_tip,671.306,99.724,0.0841042495652175,-0.6992371321739131,0.1094000000000001,0.9401,True
1107,left_shoulder,,,,,,0.0404,True
1107,left_toe_tip,574.88,109.758,-0.1448070608695652,-0.5564620473913043,-0.0507999999999999,0.9253,True
1107,right_shoulder,,,,,,0.0124,True
1107,right_toe_tip,671.034,99.576,0.0833735156521739,-0.6996347373913043,0.1094000000000001,0.9476,True
1108,left_shoulder,,,,,,0.0317,True
1108,left_toe_tip,574.592,111.082,-0.1462579756521739,-0.5566022930434783,-0.0531999999999998,0.9076,True
1108,right_shoulder,,,,,,0.0187,True
1108,right_toe_tip,670.936,99.484,0.083238015652174,-0.7009579417391304,0.0955999999999999,0.9308,True
1109,left_shoulder,,,,,,0.0221,True
1109,left_toe_tip,574.146,111.912,-0.1484578217391305,-0.5592766434782609,-0.0655,0.9046,True
1109,right_shoulder,,,,,,0.02,True
1109,right_toe_tip,670.988,99.652,0.0834116121739132,-0.7007888991304349,0.1045999999999999,0.9363,True
1110,left_shoulder,,,,,,0.0332,True
1110,left_toe_tip,573.74,112.45,-0.1501221130434782,-0.560862195652174,-0.0759,0.8942,True
1110,right_shoulder,,,,,,0.0149,True
1110,right_toe_tip,671.004,99.77,0.08332662,-0.6993964108695653,0.1234,0.9465,True
1111,left_shoulder,,,,,,0.0405,True
1111,left_toe_tip,573.374,112.766,-0.1517045052173912,-0.5629410686956522,-0.0863000000000001,0.8947,True
1111,right_shoulder,,,,,,0.0221,True
1111,right_toe_tip,671.028,99.982,0.0836137147826087,-0.7006919843478261,0.1168000000000001,0.9388,True
1112,left_shoulder,,,,,,0.0342,True
1112,left_toe_tip,572.854,112.696,-0.1525965834782608,-0.5620252208695653,-0.0823000000000001,0.8932,True
1112,right_shoulder,,,,,,0.0294,True
1112,right_toe_tip,671.012,100.102,0.0835975652173911,-0.7005946086956523,0.116,0.9464,True
1113,left_shoulder,,,,,,0.054,True
1113,left_toe_tip,572.634,112.776,-0.1534333873913043,-0.5630795321739132,-0.0869,0.8954,True
1113,right_shoulder,,,,,,0.0305,True
1113,right_toe_tip,671.0179999999999,100.112,0.0835463086956519,-0.7000026782608697,0.118,0.9393,True
1114,left_shoulder,652.19,1.99,0.0225515000000001,-0.6623184999999999,1.358,0.0756,True
1114,left_toe_tip,572.4739999999999,112.972,-0.1532693404347827,-0.5606998582608694,-0.0796999999999998,0.8913,True
1114,right_shoulder,,,,,,0.0208,True
1114,right_toe_tip,670.91,100.072,0.0832822913043477,-0.7003364417391305,0.1096999999999998,0.9473,True
1115,left_shoulder,650.095,2.315,0.0188842336956522,-0.6691042228260871,1.346,0.1044,True
1115,left_toe_tip,572.372,113.12,-0.1526922626086957,-0.5574121043478261,-0.0686999999999998,0.9027,True
1115,right_shoulder,,,,,,0.0376,True
1115,right_toe_tip,670.812,100.018,0.0831120208695652,-0.7012731860869563,0.1069,0.9392,True
1116,left_shoulder,647.7533333333334,2.26,0.0145122173913045,-0.6695959565217391,1.3415,0.3292,True
1116,left_toe_tip,572.312,113.21599999999998,-0.1525334365217391,-0.5561223791304348,-0.0646999999999998,0.9061,True
1116,right_shoulder,,,,,,0.0343,True
1116,right_toe_tip,670.586,100.056,0.0825954982608696,-0.7019618191304346,0.1040999999999999,0.9521,True
1117,left_shoulder,645.74,2.3175,0.0107671793478261,-0.6709462764945653,1.33775,0.4822,True
1117,left_toe_tip,572.286,113.35,-0.1528275539130436,-0.5566783260869564,-0.0599,0.9102,True
1117,right_shoulder,,,,,,0.0257,True
1117,right_toe_tip,670.368,100.216,0.0821652452173914,-0.702885144347826,0.0993000000000001,0.9484,True
1118,left_shoulder,644.096,2.48,0.0076995895652173,-0.6720598782608695,1.3306,0.4158,True
1118,left_toe_tip,572.2479999999999,113.38200000000002,-0.1530164191304349,-0.5569813917391305,-0.0613000000000001,0.9055,True
1118,right_shoulder,,,,,,0.0384,True
1118,right_toe_tip,670.0060000000001,100.428,0.0814010595652176,-0.7041736930434782,0.0926999999999998,0.953,True
1119,left_shoulder,640.8720000000001,2.81,0.0016463739130436,-0.67439025,1.323,0.4583,True
1119,left_toe_tip,572.204,113.348,-0.1532042217391305,-0.5573799,-0.0625,0.9118,True
1119,right_shoulder,,,,,,0.0407,True
1119,right_toe_tip,669.7620000000001,100.65,0.0808620600000001,-0.7046426739130436,0.0889,0.9497,True
1120,left_shoulder,638.144,3.056,-0.0035021913043478,-0.6735378086956523,1.324,0.6011,True
1120,left_toe_tip,572.1299999999999,113.336,-0.1536517782608698,-0.5584258469565218,-0.0663000000000001,0.9065,True
1120,right_shoulder,,,,,,0.038,True
1120,right_toe_tip,669.6899999999999,101.082,0.0808536152173911,-0.705101257826087,0.0830999999999999,0.935,True
1121,left_shoulder,636.178,3.436,-0.0072227491304347,-0.6738284460869566,1.3214,0.6641,True
1121,left_toe_tip,572.03,113.418,-0.1537304086956522,-0.5577041582608695,-0.0643000000000001,0.8951,True
1121,right_shoulder,,,,,,0.0333,True
1121,right_toe_tip,669.71,101.604,0.0808434934782609,-0.7031179852173913,0.1025999999999999,0.927,True
1122,left_shoulder,634.6780000000001,3.732,-0.010057423043478,-0.6732690704347825,1.3214,0.6757,True
1122,left_toe_tip,571.964,113.532,-0.1534951321739129,-0.55605324,-0.0590999999999999,0.8914,True
1122,right_shoulder,,,,,,0.0293,True
1122,right_toe_tip,669.516,102.066,0.080437516521739,-0.7029262226086955,0.0988000000000001,0.8878,True
1123,left_shoulder,633.46,3.838,-0.0123179478260868,-0.670823384347826,1.3307,0.6394,True
1123,left_toe_tip,571.882,113.68,-0.1538282139130436,-0.5562548173913043,-0.0610999999999999,0.9014,True
1123,right_shoulder,,,,,,0.0262,True
1123,right_toe_tip,669.484,102.468,0.0804144052173914,-0.7023905373913042,0.0968000000000001,0.8591,True
1124,left_shoulder,632.408,3.75,-0.0142696591304347,-0.6695951086956522,1.3308,0.6044,True
1124,left_toe_tip,571.858,113.838,-0.1542231221739131,-0.5571288221739129,-0.0656999999999998,0.9037,True
1124,right_shoulder,,,,,,0.0233,True
1124,right_toe_tip,669.3340000000001,102.756,0.0800052965217393,-0.7016050486956522,0.1178000000000001,0.8825,True
1125,left_shoulder,631.712,3.5480000000000005,-0.01558144,-0.6701297599999999,1.3304,0.59,True
1125,left_toe_tip,571.772,114.012,-0.1547589026086955,-0.5579649547826088,-0.0703000000000001,0.8997,True
1125,right_shoulder,,,,,,0.0246,True
1125,right_toe_tip,668.8799999999999,102.968,0.0787921739130431,-0.7012503478260868,0.117,0.87,True
1126,left_shoulder,631.048,3.332,-0.0168122452173913,-0.6698380113043478,1.3357,0.5373,True
1126,left_toe_tip,571.814,114.18800000000002,-0.155004565652174,-0.5587948008695652,-0.0749,0.8991,True
1126,right_shoulder,,,,,,0.0232,True
1126,right_toe_tip,668.2540000000001,102.902,0.0772009839130438,-0.7024923395652175,0.1131999999999998,0.8666,True
1127,left_shoulder,630.468,3.156,-0.0178559226086957,-0.6684619017391304,1.3400999999999998,0.5164,True
1127,left_toe_tip,571.89,114.386,-0.155172347826087,-0.5595727652173913,-0.0795,0.9012,True
1127,right_shoulder,,,,,,0.0222,True
1127,right_toe_tip,667.836,102.758,0.0760588443478261,-0.7028858039130437,0.1081999999999998,0.8733,True
1128,left_shoulder,629.9879999999999,3.1700000000000004,-0.0187115573913044,-0.6668842413043479,1.3476,0.5339,True
1128,left_toe_tip,571.9540000000001,114.53,-0.1547306869565216,-0.5581774347826087,-0.0755,0.9097,True
1128,right_shoulder,,,,,,0.026,True
1128,right_toe_tip,667.0780000000001,102.574,0.0739288265217393,-0.702828942173913,0.0841999999999998,0.8395,True
1129,left_shoulder,629.678,3.2920000000000003,-0.0192954082608695,-0.6668113243478262,1.3472,0.5084,True
1129,left_toe_tip,572.008,114.706,-0.1549035130434781,-0.5588437217391306,-0.0795,0.9171,True
1129,right_shoulder,,,,,,0.0296,True
1129,right_toe_tip,666.2239999999999,102.386,0.0716257252173911,-0.7036222382608697,0.0756999999999998,0.7898,True
1130,left_shoulder,629.2959999999999,3.4440000000000004,-0.0200048452173914,-0.6663721591304348,1.3476,0.5826,True
1130,left_toe_tip,572.14,114.83,-0.1550896043478261,-0.5603200456521739,-0.0750999999999999,0.9153,True
1130,right_shoulder,,,,,,0.0286,True
1130,right_toe_tip,665.322,102.08599999999998,0.0690850217391304,-0.7036566739130434,0.0785,0.7356,True
1131,left_shoulder,628.814,3.338,-0.0209129565217391,-0.6668028695652173,1.347,0.5763,True
1131,left_toe_tip,572.176,114.884,-0.155508636521739,-0.5620083591304348,-0.0819000000000001,0.8988,True
1131,right_shoulder,,,,,,0.0276,True
1131,right_toe_tip,663.978,102.07,0.0653713256521737,-0.7031956804347826,0.0778000000000001,0.7122,True
1132,left_shoulder,628.482,3.29,-0.021601257826087,-0.6689863413043479,1.3451,0.4975,True
1132,left_toe_tip,572.1659999999999,114.896,-0.1557232695652175,-0.5626735304347825,-0.0845,0.8966,True
1132,right_shoulder,,,,,,0.028,True
1132,right_toe_tip,662.574,102.022,0.0614945204347824,-0.7027657213043478,0.0748000000000001,0.7307,True
1133,left_shoulder,627.9660000000001,2.96,-0.0226029913043476,-0.6706142608695653,1.3425,0.4122,True
1133,left_toe_tip,572.19,114.804,-0.1553291239130433,-0.5616587504347826,-0.0799000000000001,0.8954,True
1133,right_shoulder,,,,,,0.0318,True
1133,right_toe_tip,661.174,101.666,0.0576393104347825,-0.703230075652174,0.0665999999999999,0.6757,True
1134,left_shoulder,627.22,2.5500000000000003,-0.0239902826086956,-0.6709958152173913,1.3435,0.4774,True
1134,left_toe_tip,572.24,114.652,-0.1547284869565217,-0.5602468243478261,-0.0843000000000001,0.8945,True
1134,right_shoulder,,,,,,0.0325,True
1134,right_toe_tip,658.39,100.6,0.0496929782608695,-0.7009439130434783,0.04,0.5184,True
1135,left_shoulder,626.3700000000001,2.368,-0.0255473608695649,-0.6703267617391304,1.3461,0.3704,True
1135,left_toe_tip,572.3,114.572,-0.1544001521739131,-0.5597359017391303,-0.0816999999999998,0.9059,True
1135,right_shoulder,,,,,,0.0338,True
1135,right_toe_tip,655.2639999999999,98.662,0.0407681530434779,-0.6979997104347825,0.0498000000000001,0.8585,True
1136,left_shoulder,625.6659999999999,2.414,-0.0267484904347827,-0.6672865704347826,1.3537,0.3019,True
1136,left_toe_tip,572.288,114.528,-0.1541183999999999,-0.5587156173913044,-0.0775,0.9099,True
1136,right_shoulder,,,,,,0.0361,True
1136,right_toe_tip,652.174,94.14,0.0318508891304347,-0.6955706739130435,0.042,0.798,True
1137,left_shoulder,624.75,2.522,-0.028245652173913,-0.6621114260869565,1.37,0.4306,True
1137,left_toe_tip,572.296,114.472,-0.1537616713043477,-0.5576154382608696,-0.0729,0.9036,True
1137,right_shoulder,,,,,,0.036,True
1137,right_toe_tip,649.89,89.16,0.0252753999999999,-0.6921728347826088,0.0038000000000001,0.9105,True
1138,left_shoulder,623.906,2.716,-0.0299103491304348,-0.6640045469565217,1.3642,0.4263,True
1138,left_toe_tip,572.26,114.65,-0.1541821304347826,-0.5584379347826086,-0.0775,0.9096,True
1138,right_shoulder,,,,,,0.0355,True
1138,right_toe_tip,663.698,101.15200000000002,0.0606308178260869,-0.6622569808695651,0.2021999999999998,0.3778,True
1139,left_shoulder,623.076,3.0420000000000003,-0.0313903408695651,-0.6620794904347828,1.3676,0.5125,True
1139,left_toe_tip,572.1800000000001,114.83200000000002,-0.1549097260869563,-0.5599956904347826,-0.0739,0.9124,True
1139,right_shoulder,,,,,,0.0341,True
1139,right_toe_tip,694.902,130.532,0.1449293447826088,-0.6057456356521739,0.4474000000000001,0.6788,True
1140,left_shoulder,622.452,3.338,-0.0326049469565217,-0.6626935030434783,1.3716,0.5004,True
1140,left_toe_tip,572.024,114.986,-0.1551626086956521,-0.5592710869565217,-0.0725,0.9166,True
1140,right_shoulder,,,,,,0.0332,True
1140,right_toe_tip,715.4572,155.3004,0.203061886695652,-0.5508644235652174,0.4741999999999998,0.1084,True
1141,left_shoulder,621.884,3.658,-0.0338532904347825,-0.6658947460869564,1.3618,0.5972,True
1141,left_toe_tip,571.9879999999999,115.196,-0.155451775652174,-0.5595367947826088,-0.0753000000000001,0.9205,True
1141,right_shoulder,,,,,,0.0326,True
1141,right_toe_tip,725.3736,176.9012,0.2326616194782608,-0.4989840340869564,0.5598000000000002,0.344,True
1142,left_shoulder,621.36,3.806,-0.0349297391304347,-0.6674765826086957,1.368,0.6429,True
1142,left_toe_tip,572.1020000000001,115.492,-0.1557373473913041,-0.560826936521739,-0.0826999999999998,0.8905,True
1142,right_shoulder,,,,,,0.0301,True
1142,right_toe_tip,723.4472,193.4924,0.2270670874782607,-0.4530816585217391,0.5250999999999999,0.0186,True
1143,left_shoulder,620.76,3.95,-0.0360666347826087,-0.6674389456521739,1.3714000000000002,0.6166,True
1143,left_toe_tip,572.47,115.85,-0.1565815173913042,-0.5661095434782609,-0.1056999999999998,0.9148,True
1143,right_shoulder,,,,,,0.0264,True
1143,right_toe_tip,694.512,187.92400000000004,0.1424422260869564,-0.4496420695652173,0.6315,0.1239,True
1144,left_shoulder,620.242,3.948,-0.0369818217391305,-0.6664364608695652,1.374,0.6293,True
1144,left_toe_tip,572.682,116.058,-0.1574363139130434,-0.5705060947826087,-0.1240999999999999,0.9344,True
1144,right_shoulder,,,,,,0.028,True
1144,right_toe_tip,638.568,160.19599999999997,-0.0034383565217391,-0.4797467782608697,0.8335,0.0164,True
1145,left_shoulder,619.596,3.846,-0.038204272173913,-0.6668596526086955,1.3769,0.5652,True
1145,left_toe_tip,572.914,116.276,-0.1582208726086957,-0.5748177556521741,-0.1218000000000001,0.9146,True
1145,right_shoulder,,,,,,0.0264,True
1145,right_toe_tip,591.5818,139.3416,-0.1079410089130434,-0.4919243243478261,0.304,0.0154,True
1146,left_shoulder,618.882,3.752,-0.0394585239130435,-0.6656416434782608,1.3805,0.5075,True
1146,left_toe_tip,573.214,116.314,-0.1579053339130433,-0.576158464347826,-0.1271999999999998,0.9432,True
1146,right_shoulder,,,,,,0.025,True
1146,right_toe_tip,553.5534,125.3608,-0.1813499326086956,-0.4922322347826086,0.1305,0.4765,True
1147,left_shoulder,618.046,3.796,-0.0412782926086955,-0.6697409556521738,1.3697,0.5301,True
1147,left_toe_tip,573.3,116.32,-0.1584705000000001,-0.578951895652174,-0.1378000000000001,0.9289,True
1147,right_shoulder,,,,,,0.0248,True
1147,right_toe_tip,524.7278,118.0616,-0.2316720628260869,-0.4862435886956521,-0.076,0.8145,False
1148,left_shoulder,617.0360000000001,3.8715,-0.0432222417391303,-0.6702957723913042,1.3679,0.5334,True
1148,left_toe_tip,573.134,116.24,-0.1582834508695652,-0.5770223130434783,-0.1443000000000001,0.9384,True
1148,right_shoulder,,,,,,0.0225,True
1148,right_toe_tip,505.973,117.842,-0.2633047823913044,-0.4757351839130435,-0.0254,0.8757,True
1149,left_shoulder,615.6980000000001,3.9845,-0.0460205917391302,-0.6741850044565216,1.3608,0.4932,True
1149,left_toe_tip,573.22,116.436,-0.1580798739130434,-0.5765583469565219,-0.1298000000000002,0.9183,True
1149,right_shoulder,,,,,,0.0189,True
1149,right_toe_tip,496.441,123.624,-0.2808138873913043,-0.4623720104347826,-0.0105999999999999,0.8748,True
1150,left_shoulder,614.028,3.997,-0.0491548330434782,-0.673774373478261,1.3618,0.278,True
1150,left_toe_tip,573.36,116.466,-0.1580092347826086,-0.5774402908695652,-0.1334000000000001,0.9276,True
1150,right_shoulder,,,,,,0.0187,True
1150,right_toe_tip,488.668,129.10399999999998,-0.2956895686956521,-0.4511507060869565,-0.0085999999999999,0.8921,True
1151,left_shoulder,612.1000000000001,3.945,-0.0528280434782606,-0.674182402173913,1.368,0.2191,True
1151,left_toe_tip,573.412,116.544,-0.1583491591304347,-0.5789489530434783,-0.1398000000000001,0.8874,True
1151,right_shoulder,,,,,,0.0248,True
1151,right_toe_tip,482.598,133.59,-0.3074813852173914,-0.4422870130434783,-0.0082,0.8253,True
1152,left_shoulder,610.134,3.807,-0.0563103952173912,-0.6715786715217391,1.3834000000000002,0.2383,True
1152,left_toe_tip,573.4860000000001,116.51000000000002,-0.1580719669565214,-0.5786592782608695,-0.1384,0.8936,True
1152,right_shoulder,,,,,,0.0345,True
1152,right_toe_tip,478.585,137.827,-0.3159523173913043,-0.4348794982608695,-0.0017999999999999,0.8408,True
1153,left_shoulder,608.102,3.6155,-0.0597948813043478,-0.6680659877173913,1.3969,0.4117,True
1153,left_toe_tip,573.4860000000001,116.45,-0.1584479156521736,-0.5801784565217392,-0.1435999999999999,0.9128,True
1153,right_shoulder,,,,,,0.0352,True
1153,right_toe_tip,475.7610000000001,141.417,-0.3229438597826085,-0.4298007032608695,-0.0075,0.5423,True
1154,left_shoulder,605.8979999999999,3.5725,-0.0639115960869566,-0.6679916255434782,1.4233,0.4528,True
1154,left_toe_tip,573.37,116.34,-0.1582027956521739,-0.5785335913043478,-0.1364000000000001,0.9151,True
1154,right_shoulder,,,,,,0.035,True
1154,right_toe_tip,474.49300000000005,145.021,-0.3276678802173912,-0.4256116854347826,-0.0074,0.2382,True
1155,left_shoulder,603.4,3.5420000000000003,-0.0686090869565217,-0.6682037682608696,1.4349,0.4382,True
1155,left_toe_tip,573.2439999999999,116.444,-0.1582407443478263,-0.5773336139130434,-0.1328000000000002,0.9163,True
1155,right_shoulder,,,,,,0.0312,True
1155,right_toe_tip,473.523,147.563,-0.3287196936956522,-0.4194707110869565,0.0009,0.8507,True
1156,left_shoulder,600.548,3.436,-0.0737066278260869,-0.6661545686956521,1.4512,0.4357,True
1156,left_toe_tip,573.088,116.702,-0.1589305460869566,-0.5778856408695652,-0.1371999999999998,0.9277,True
1156,right_shoulder,,,,,,0.0263,True
1156,right_toe_tip,472.929,149.90300000000002,-0.331163777826087,-0.4164487926086956,0.0019,0.808,True
1157,left_shoulder,597.506,3.474,-0.0790850291304348,-0.6635258882608696,1.4543,0.4175,True
1157,left_toe_tip,572.992,117.054,-0.1593625043478261,-0.5777889652173914,-0.14,0.9053,True
1157,right_shoulder,,,,,,0.0272,True
1157,right_toe_tip,472.182,151.536,-0.3332646586956522,-0.4139823130434782,0.0,0.698,True
1158,left_shoulder,594.072,3.722,-0.0853961269565217,-0.6624447247826087,1.4514,0.4189,True
1158,left_toe_tip,573.0840000000001,117.542,-0.1595655660869563,-0.5781569134782608,-0.1458000000000001,0.9175,True
1158,right_shoulder,,,,,,0.0372,True
1158,right_toe_tip,471.132,152.394,-0.3340282460869566,-0.410653694347826,0.0092,0.7784,True
1159,left_shoulder,590.362,3.638,-0.0922943073913044,-0.66260091,1.4444,0.5238,True
1159,left_toe_tip,573.422,118.102,-0.159555624347826,-0.579713815652174,-0.1348000000000001,0.9259,True
1159,right_shoulder,,,,,,0.0382,True
1159,right_toe_tip,470.408,153.05800000000002,-0.3351654069565217,-0.408980374347826,0.0107999999999999,0.8502,True
1160,left_shoulder,586.14,3.656,-0.0996292913043478,-0.6591589339130435,1.4532,0.6088,True
1160,left_toe_tip,573.6,118.452,-0.1593311304347825,-0.5796101791304347,-0.1375999999999999,0.9094,True
1160,right_shoulder,,,,,,0.0288,True
1160,right_toe_tip,469.8,153.888,-0.3387349999999999,-0.4102076869565217,-0.0005,0.8886,True
1161,left_shoulder,581.684,3.942,-0.1077071165217392,-0.6576236452173913,1.4443,0.4034,True
1161,left_toe_tip,573.836,118.822,-0.1591963373913043,-0.58029524,-0.1435999999999999,0.8834,True
1161,right_shoulder,,,,,,0.0259,True
1161,right_toe_tip,469.114,154.724,-0.3402860347826086,-0.4087669913043479,-0.0015,0.9019,True
1162,left_shoulder,576.7499999999999,4.738,-0.1173150000000002,-0.6589337791304348,1.4296,0.5446,True
1162,left_toe_tip,573.804,119.078,-0.1593308939130435,-0.5798887791304348,-0.1444,0.9254,True
1162,right_shoulder,,,,,,0.0354,True
1162,right_toe_tip,468.446,155.794,-0.3412432826086956,-0.4061923695652173,0.0005,0.9361,True
1163,left_shoulder,571.2479999999999,4.848000000000001,-0.1279385043478262,-0.660891547826087,1.417,0.5861,True
1163,left_toe_tip,573.644,119.162,-0.1594563530434782,-0.5787441852173915,-0.1408000000000001,0.9015,True
1163,right_shoulder,,,,,,0.0296,True
1163,right_toe_tip,467.988,156.942,-0.343014364347826,-0.4049241378260869,-0.0025999999999999,0.9374,True
1164,left_shoulder,565.634,5.632000000000001,-0.1380459291304347,-0.6578148591304347,1.4132,0.7117,True
1164,left_toe_tip,573.258,119.166,-0.1602678547826085,-0.5783157313043478,-0.1391999999999998,0.9647,True
1164,right_shoulder,,,,,,0.0151,True
1164,right_toe_tip,467.584,157.83800000000002,-0.3438199930434782,-0.4031373969565217,-0.0025999999999999,0.9174,True
1165,left_shoulder,559.942,6.426,-0.1485423978260869,-0.656033497826087,1.396,0.5653,True
1165,left_toe_tip,573.0600000000001,119.36,-0.1609033869565216,-0.5784253217391305,-0.1264000000000001,0.9535,True
1165,right_shoulder,,,,,,0.0304,True
1165,right_toe_tip,467.256,158.644,-0.3443989617391303,-0.4014425817391304,-0.0002,0.9069,True
1166,left_shoulder,553.784,7.126,-0.1598931947826087,-0.6544278465217391,1.3858,0.7794,True
1166,left_toe_tip,572.67,119.458,-0.1616651847826088,-0.5775622586956523,-0.132,0.9308,True
1166,right_shoulder,,,,,,0.0209,True
1166,right_toe_tip,467.0820000000001,159.46999999999997,-0.3444451378260868,-0.3994470413043479,-0.0005999999999999,0.9016,True
1167,left_shoulder,547.4280000000001,7.416000000000001,-0.1717210599999998,-0.6540433199999999,1.3709,0.7018,True
1167,left_toe_tip,572.548,119.794,-0.1622807139130434,-0.5779043047826087,-0.1364000000000001,0.9396,True
1167,right_shoulder,,,,,,0.0221,True
1167,right_toe_tip,467.03,159.96599999999998,-0.3454135695652173,-0.3994592008695652,-0.0032,0.8897,True
1168,left_shoulder,541.2,8.36,-0.1820282608695651,-0.6478584782608696,1.372,0.7644,True
1168,left_toe_tip,572.336,119.95,-0.1631143686956521,-0.578677054347826,-0.1408000000000001,0.9377,True
1168,right_shoulder,,,,,,0.0218,True
1168,right_toe_tip,467.004,160.32,-0.3449765886956522,-0.3981879652173913,-0.0005999999999999,0.896,True
1169,left_shoulder,534.774,9.392,-0.1930668347826087,-0.6432894608695652,1.379,0.768,True
1169,left_toe_tip,571.766,120.136,-0.1645477743478261,-0.5784372504347827,-0.1415999999999999,0.9282,True
1169,right_shoulder,,,,,,0.0148,True
1169,right_toe_tip,467.008,160.684,-0.3467361391304349,-0.3994985913043478,-0.01,0.8968,True
1170,left_shoulder,528.176,10.272000000000002,-0.2039329426086955,-0.6377974330434782,1.3892,0.6974,True
1170,left_toe_tip,571.824,120.294,-0.1645857565217392,-0.57868155,-0.144,0.918,True
1170,right_shoulder,,,,,,0.0192,True
1170,right_toe_tip,466.97800000000007,160.98999999999998,-0.3470595639130434,-0.3991881021739131,-0.0114,0.8882,True
1171,left_shoulder,521.678,11.174,-0.2155003730434782,-0.6353183104347826,1.3879,0.954,True
1171,left_toe_tip,571.6575,120.551,-0.1651381370244564,-0.5785881665489132,-0.1460250000000001,0.9106,True
1171,right_shoulder,,,,,,0.0151,True
1171,right_toe_tip,467.04800000000006,161.19,-0.3477839130434781,-0.3997809782608696,-0.016,0.8901,True
1172,left_shoulder,515.332,12.330000000000002,-0.2241855860869565,-0.6252013565217392,1.3881,0.7666,True
1172,left_toe_tip,571.1405,120.79099999999998,-0.1665557868070653,-0.5785932689945652,-0.1317750000000001,0.751,True
1172,right_shoulder,,,,,,0.0151,True
1172,right_toe_tip,467.052,161.32399999999998,-0.3481894408695652,-0.3999866165217391,-0.0152,0.8882,True
1173,left_shoulder,509.1740000000001,13.468,-0.2357996447826085,-0.6245862634782609,1.3188,0.9789,True
1173,left_toe_tip,570.429,121.318,-0.1682521700543479,-0.5772342564130434,-0.1314499999999998,0.2355,True
1173,right_shoulder,,,,,,0.0174,True
1173,right_toe_tip,467.084,161.46,-0.3495910434782608,-0.4013960869565217,-0.023,0.8861,True
1174,left_shoulder,503.026,14.198000000000002,-0.2461363226086956,-0.6213911591304349,1.2578,0.8481,True
1174,left_toe_tip,569.755,121.88,-0.1698287404891304,-0.5756939239130435,-0.13125,0.1659,True
1174,right_shoulder,,,,,,0.0105,True
1174,right_toe_tip,467.16,161.684,-0.3481598782608695,-0.3994774034782608,-0.0162,0.9009,True
1175,left_shoulder,497.45200000000006,15.552,-0.2566173886956521,-0.6200812800000001,1.2228,0.8712,True
1175,left_toe_tip,568.1125,122.535,-0.1736532421875,-0.573626390625,-0.115875,0.1522,True
1175,right_shoulder,,,,,,0.0144,True
1175,right_toe_tip,467.246,161.91000000000005,-0.347723757826087,-0.3987207195652173,-0.0127999999999999,0.9047,True
1176,left_shoulder,492.2720000000001,16.684,-0.2639835130434781,-0.6134907652173912,1.2225,0.95,True
1176,left_toe_tip,567.29125,122.8625,-0.175562982421875,-0.5725936251698369,-0.1149375,0.09,True
1176,right_shoulder,,,,,,0.0149,True
1176,right_toe_tip,467.296,162.11,-0.347548027826087,-0.3982321152173913,-0.0124,0.9114,True
1177,left_shoulder,487.016,17.278,-0.2729101530434783,-0.6113862460869565,1.2198,0.8754,True
1177,left_toe_tip,566.4699999999999,123.19,-0.1774710489130437,-0.571561527173913,-0.1205,0.1345,True
1177,right_shoulder,,,,,,0.0118,True
1177,right_toe_tip,467.37,162.29,-0.3462357347826087,-0.3965374913043478,-0.0062,0.9132,True
1178,left_shoulder,482.112,18.52,-0.2793931130434783,-0.6042711304347826,1.22,0.8355,True
1178,left_toe_tip,563.7325000000001,124.28166666666668,-0.1838191824048911,-0.5681260210597826,-0.110875,0.182,True
1178,right_shoulder,,,,,,0.0163,True
1178,right_toe_tip,467.46400000000006,162.44,-0.344996984347826,-0.3950341043478261,-0.0005999999999999,0.9224,True
1179,left_shoulder,477.708,20.008000000000003,-0.2845049321739131,-0.5960207582608696,1.2292,0.8352,True
1179,left_toe_tip,561.9977380952381,125.13880952380951,-0.1878932978971026,-0.5657379997581461,-0.1161130952380954,0.2611,True
1179,right_shoulder,,,,,,0.0134,True
1179,right_toe_tip,467.512,162.472,-0.344338544347826,-0.3943260052173913,0.0024,0.9232,True
1180,left_shoulder,473.234,20.444,-0.2904991213043477,-0.5914917886956521,1.2364000000000002,0.8179,True
1180,left_toe_tip,561.2657142857142,125.76142857142855,-0.1897080607808342,-0.5643912908163266,-0.1097142857142857,0.4014,True
1180,right_shoulder,,,,,,0.0173,True
1180,right_toe_tip,467.526,162.48399999999998,-0.3443855847826086,-0.3943879260869565,0.002,0.9304,True
1181,left_shoulder,468.6360000000001,21.110000000000003,-0.2966087321739129,-0.5865743869565216,1.2406,0.7996,True
1181,left_toe_tip,561.9485714285714,125.73714285714286,-0.1882202928127772,-0.5649226974267968,-0.1115714285714284,0.2155,True
1181,right_shoulder,,,,,,0.0124,True
1181,right_toe_tip,467.562,162.46999999999997,-0.3442012426086956,-0.3942870565217392,0.0025999999999999,0.9322,True
1182,left_shoulder,464.506,22.1,-0.3024600939130434,-0.582363304347826,1.2414,0.7906,True
1182,left_toe_tip,562.6314285714286,125.71285714285712,-0.1867297679680566,-0.565454202085182,-0.1104285714285715,0.0936,True
1182,right_shoulder,,,,,,0.0158,True
1182,right_toe_tip,467.558,162.43800000000002,-0.344771537826087,-0.3949951552173913,-0.0004,0.9254,True
1183,left_shoulder,460.73,22.696,-0.3079157108695652,-0.5793562834782608,1.2378,0.8678,True
1183,left_toe_tip,563.9971428571428,125.66428571428573,-0.1837404476486249,-0.5665175055456966,-0.1111428571428573,0.0873,True
1183,right_shoulder,,,,,,0.0163,True
1183,right_toe_tip,467.544,162.41199999999998,-0.3456618086956521,-0.3960350782608696,-0.005,0.8789,True
1184,left_shoulder,456.90600000000006,22.716,-0.3156381347826086,-0.5814482869565217,1.229,0.8358,True
1184,left_toe_tip,564.68,125.64,-0.1822416521739131,-0.5670493043478262,-0.113,0.0509,True
1184,right_shoulder,,,,,,0.0182,True
1184,right_toe_tip,467.586,162.382,-0.346139845652174,-0.3967396152173913,-0.008,0.8515,True
1185,left_shoulder,453.042,22.74,-0.3202265395652173,-0.5776677260869565,1.2362,0.8324,True
1185,left_toe_tip,566.3871428571429,125.57928571428572,-0.1784826021517302,-0.5683792303127773,-0.1176428571428573,0.0501,True
1185,right_shoulder,,,,,,0.0128,True
1185,right_toe_tip,467.648,162.392,-0.3459404382608697,-0.3966336226086956,-0.0075999999999999,0.8839,True
1186,left_shoulder,449.596,22.598,-0.3263358991304348,-0.5782776886956521,1.2292,0.8494,True
1186,left_toe_tip,567.4828571428571,125.89571428571428,-0.1761186914374445,-0.568557155390417,-0.1173571428571426,0.0286,True
1186,right_shoulder,,,,,,0.0141,True
1186,right_toe_tip,467.746,162.452,-0.3458560747826087,-0.396642027826087,-0.0082,0.8962,True
1187,left_shoulder,446.25,22.302,-0.332070652173913,-0.5787850069565217,1.2232,0.8585,True
1187,left_toe_tip,567.0721428571428,127.12928571428571,-0.1780306015694322,-0.5684811672304789,-0.1258928571428569,0.3953,True
1187,right_shoulder,,,,,,0.0146,True
1187,right_toe_tip,467.884,162.55,-0.3475620704347826,-0.3987202282608695,-0.0187999999999999,0.86,True
1188,left_shoulder,443.058,21.978,-0.3364711256521739,-0.5775032386956521,1.2107,0.8982,True
1188,left_toe_tip,562.745,129.47000000000003,-0.1885189945652174,-0.5625433152173913,-0.125,0.8102,True
1188,right_shoulder,,,,,,0.0156,True
1188,right_toe_tip,467.8,162.606,-0.3466835217391305,-0.3974056160869565,-0.0132,0.888,True
1189,left_shoulder,440.1,21.910000000000004,-0.3389608695652173,-0.5732830434782609,1.2105,0.8493,True
1189,left_toe_tip,559.436,132.044,-0.1970315217391303,-0.5575010869565217,-0.123,0.9449,True
1189,right_shoulder,,,,,,0.0176,True
1189,right_toe_tip,467.2720000000001,162.828,-0.348535064347826,-0.3978588052173913,-0.0149,0.8311,True
1190,left_shoulder,437.686,22.468,-0.3434939869565218,-0.5730706347826087,1.2,0.8532,True
1190,left_toe_tip,552.392,137.074,-0.2142586956521738,-0.5451994565217391,-0.099,0.8832,True
1190,right_shoulder,,,,,,0.0143,True
1190,right_toe_tip,467.65,162.824,-0.3504325108695652,-0.4009102452173912,-0.0290999999999999,0.7701,True
1191,left_shoulder,435.456,23.108,-0.3478581982608695,-0.5729361121739129,1.1914,0.8504,True
1191,left_toe_tip,543.804,143.17400000000004,-0.2350946591304348,-0.5299038895652174,-0.0114,0.9057,True
1191,right_shoulder,,,,,,0.0132,True
1191,right_toe_tip,468.324,163.13,-0.3514506286956523,-0.4030271282608695,-0.0419,0.7231,True
1192,left_shoulder,433.226,23.4,-0.3513809473913044,-0.5720004782608696,1.1956,0.841,True
1192,left_toe_tip,534.5500000000001,150.43,-0.2577106304347825,-0.5121708565217392,-0.0539,0.9271,True
1192,right_shoulder,,,,,,0.0143,True
1192,right_toe_tip,469.066,163.13299999999998,-0.3504704393478261,-0.4036415457608696,-0.0422999999999999,0.504,True
1193,left_shoulder,431.084,23.696,-0.3546122017391304,-0.5708394852173911,1.1974,0.8302,True
1193,left_toe_tip,525.58,159.252,-0.2801797565217391,-0.4915707547826087,-0.0798000000000001,0.9149,True
1193,right_shoulder,,,,,,0.0168,True
1193,right_toe_tip,470.072,162.867,-0.351658607826087,-0.4079581725,-0.0599,0.4539,True
1194,left_shoulder,429.132,23.910000000000004,-0.3582005547826088,-0.5709146217391304,1.1962000000000002,0.8909,True
1194,left_toe_tip,514.912,167.996,-0.3043445426086956,-0.4671540799999999,-0.0034,0.9598,True
1194,right_shoulder,,,,,,0.0219,True
1194,right_toe_tip,471.552,162.15,-0.3503352208695652,-0.4114849891304348,-0.0694,0.0572,True
1195,left_shoulder,427.548,24.368,-0.3601985104347826,-0.5690421669565218,1.1992,0.9342,True
1195,left_toe_tip,504.526,176.946,-0.3368295952173912,-0.4551279560869565,-0.0634000000000001,0.9154,True
1195,right_shoulder,,,,,,0.022,True
1195,right_toe_tip,472.23,161.37,-0.349216902173913,-0.4134526630434782,-0.067,0.0191,True
1196,left_shoulder,426.134,24.792,-0.3613870473913043,-0.5664286486956521,1.2099000000000002,0.9187,True
1196,left_toe_tip,493.408,186.032,-0.3726623582608696,-0.4422569113043478,-0.0998000000000001,0.8908,True
1196,right_shoulder,,,,,,0.0209,True
1196,right_toe_tip,472.65,159.945,-0.3484336141304348,-0.4165275570652174,-0.0715,0.0375,True
1197,left_shoulder,425.018,25.736,-0.3628522278260869,-0.5641794991304347,1.2117,0.9555,True
1197,left_toe_tip,481.7099999999999,195.094,-0.4063579586956524,-0.4233423813043478,-0.0608000000000001,0.9297,True
1197,right_shoulder,,,,,,0.0211,True
1197,right_toe_tip,473.07,158.52,-0.3476498695652174,-0.419604,-0.077,0.0307,True
1198,left_shoulder,423.99,26.876,-0.363413345652174,-0.5604449208695653,1.2167,0.8725,True
1198,left_toe_tip,470.474,202.86,-0.4374139334782609,-0.4054553608695653,-0.0518000000000001,0.9271,True
1198,right_shoulder,,,,,,0.0172,True
1198,right_toe_tip,472.636,158.36399999999998,-0.3476077513043479,-0.4187892052173914,-0.0717999999999999,0.0538,True
1199,left_shoulder,423.16399999999993,28.876,-0.3624460878260871,-0.5534809643478261,1.2267,0.8836,True
1199,left_toe_tip,459.28,210.32,-0.4664540347826086,-0.3863370956521739,-0.0195999999999999,0.9337,True
1199,right_shoulder,,,,,,0.013,True
1199,right_toe_tip,472.09,158.761,-0.3471174228260869,-0.4160178848913044,-0.0629000000000001,0.7776,True
1200,left_shoulder,421.978,30.666000000000004,-0.3643337204347827,-0.5503457517391305,1.2216,0.8909,True
1200,left_toe_tip,448.12,216.49,-0.4807845391304347,-0.3595861434782608,-0.0701999999999998,0.9109,True
1200,right_shoulder,,,,,,0.0176,True
1200,right_toe_tip,471.538,159.469,-0.346610565,-0.4125925325,-0.0559,0.8662,True
1201,left_shoulder,420.7099999999999,33.014,-0.3641167434782609,-0.5429389278260869,1.2314,0.9083,True
1201,left_toe_tip,438.454,221.114,-0.4899320373913043,-0.3376137504347827,-0.0924000000000001,0.9131,True
1201,right_shoulder,,,,,,0.0116,True
1201,right_toe_tip,470.796,160.504,-0.3466474991304348,-0.408706587826087,-0.0457999999999999,0.9112,True
1202,left_shoulder,419.032,35.238,-0.3675274278260869,-0.5401639265217392,1.2288,0.8993,True
1202,left_toe_tip,430.194,224.53000000000003,-0.49965755,-0.3226247499999999,-0.045,0.8901,True
1202,right_shoulder,,,,,,0.0131,True
1202,right_toe_tip,469.768,161.86,-0.3487535582608695,-0.4059285565217392,-0.0457999999999999,0.9048,True
1203,left_shoulder,416.902,37.260000000000005,-0.3717491673913042,-0.5377830652173913,1.226,0.8574,True
1203,left_toe_tip,422.058,228.77,-0.5092262208695653,-0.306621747826087,-0.0140999999999999,0.9315,True
1203,right_shoulder,,,,,,0.0126,True
1203,right_toe_tip,469.342,162.22400000000002,-0.3509618869565218,-0.4067306434782607,-0.053,0.9074,True
1204,left_shoulder,414.4,38.79,-0.376016347826087,-0.5353732760869565,1.2311,0.8657,True
1204,left_toe_tip,415.444,232.394,-0.5198471400000002,-0.29540789,-0.0168000000000001,0.9248,True
1204,right_shoulder,,,,,,0.0244,True
1204,right_toe_tip,468.99799999999993,162.284,-0.3535652221739132,-0.4087993208695653,-0.0632,0.9051,True
1205,left_shoulder,411.872,40.572,-0.3810729460869564,-0.5335836417391304,1.2307,0.9607,True
1205,left_toe_tip,410.512,235.548,-0.5294188382608697,-0.2871053530434783,-0.0154,0.7905,True
1205,right_shoulder,,,,,,0.0271,True
1205,right_toe_tip,468.582,162.32099999999997,-0.357350632826087,-0.4120962544565218,-0.0789000000000001,0.916,True
1206,left_shoulder,409.42,42.916,-0.3879257869565218,-0.5334593643478261,1.2167,0.9775,True
1206,left_toe_tip,406.612,238.912,-0.5365387173913045,-0.2783707826086957,-0.0135,0.9216,True
1206,right_shoulder,,,,,,0.0287,True
1206,right_toe_tip,468.278,162.319,-0.3617547915217391,-0.4164408109782608,-0.0990999999999999,0.9194,True
1207,left_shoulder,407.048,45.852,-0.390549092173913,-0.5266759513043479,1.2281,0.9096,True
1207,left_toe_tip,403.3,241.57,-0.5413226086956522,-0.2708442608695652,-0.001,0.9325,True
1207,right_shoulder,,,,,,0.0303,True
1207,right_toe_tip,468.184,162.279,-0.3653144321739129,-0.4203935305434783,-0.1170999999999999,0.9297,False
1208,left_shoulder,404.758,49.374,-0.3948485830434783,-0.5213789882608695,1.2378,0.9214,True
1208,left_toe_tip,402.0700000000001,242.296,-0.5436183260869564,-0.268928052173913,0.001,0.95,True
1208,right_shoulder,,,,,,0.0276,True
1208,right_toe_tip,468.2720000000001,162.243,-0.3683005617391303,-0.4241242790217391,-0.1340999999999999,0.9415,True
1209,left_shoulder,401.856,53.194,-0.4021009669565217,-0.5180352613043478,1.2466,0.8899,True
1209,left_toe_tip,401.678,242.61,-0.5445139608695652,-0.2682106304347826,0.001,0.9446,True
1209,right_shoulder,,,,,,0.0208,False
1209,right_toe_tip,468.2600000000001,162.215,-0.3708277282608694,-0.4270651114130435,-0.1475,0.9368,True
1210,left_shoulder,398.558,57.260000000000005,-0.4075645934782608,-0.5110382826086957,1.262,0.8515,True
1210,left_toe_tip,401.57,243.064,-0.545123545652174,-0.2673512852173913,-0.0004,0.9599,True
1210,right_shoulder,,,,,,0.0146,True
1210,right_toe_tip,468.082,162.16,-0.3722398434782609,-0.4283666086956522,-0.153,0.9361,True
1211,left_shoulder,395.192,61.824,-0.4145238069565217,-0.5048897530434782,1.2632,0.9837,True
1211,left_toe_tip,401.592,243.594,-0.5445549686956522,-0.2658864873913043,0.0015999999999999,0.9639,True
1211,right_shoulder,,,,,,0.0186,True
1211,right_toe_tip,467.728,162.092,-0.372781627826087,-0.4282557026086955,-0.1517999999999999,0.9403,True
1212,left_shoulder,391.68,66.19800000000001,-0.4220360347826086,-0.4993356599999999,1.2664000000000002,0.8838,True
1212,left_toe_tip,401.758,244.304,-0.5443311782608695,-0.2643402086956521,0.005,0.9364,True
1212,right_shoulder,,,,,,0.01,True
1212,right_toe_tip,467.516,162.026,-0.3705031313043479,-0.4252567595652173,-0.1372,0.9433,True
1213,left_shoulder,387.59,70.434,-0.4293164869565216,-0.4925139965217391,1.2652,0.8606,True
1213,left_toe_tip,401.882,245.142,-0.5449278665217393,-0.2628500360869565,0.0015999999999999,0.9265,True
1213,right_shoulder,,,,,,0.0194,True
1213,right_toe_tip,467.27,162.042,-0.36847815,-0.4222960552173913,-0.1235999999999999,0.9302,True
1214,left_shoulder,383.85,74.926,-0.4375710217391304,-0.4869807591304348,1.2584000000000002,0.846,True
1214,left_toe_tip,402.052,246.11,-0.5450561034782608,-0.2608823760869566,-0.0004,0.9115,True
1214,right_shoulder,,,,,,0.0128,True
1214,right_toe_tip,466.988,162.05,-0.3675376660869565,-0.4205146521739131,-0.1174,0.9366,True
1215,left_shoulder,380.292,79.702,-0.4461896356521738,-0.4815641508695652,1.2524000000000002,0.8582,True
1215,left_toe_tip,402.37,246.914,-0.544482652173913,-0.2591144434782609,0.002,0.9067,True
1215,right_shoulder,,,,,,0.0159,True
1215,right_toe_tip,466.91399999999993,162.03199999999998,-0.365964007826087,-0.4185732104347826,-0.1082,0.9493,True
1216,left_shoulder,376.562,83.76,-0.4540296660869564,-0.4760936347826087,1.2564000000000002,0.8595,True
1216,left_toe_tip,402.566,247.514,-0.5448594139130435,-0.2581309165217391,-0.0011999999999998,0.888,True
1216,right_shoulder,,,,,,0.0132,True
1216,right_toe_tip,466.98,162.01,-0.3635676782608695,-0.416037247826087,-0.0962,0.9333,True
1217,left_shoulder,372.868,88.37,-0.4628352260869565,-0.4706285,1.257,0.8145,True
1217,left_toe_tip,402.818,248.012,-0.5442811286956521,-0.2569881147826087,-0.0011999999999998,0.8825,True
1217,right_shoulder,,,,,,0.0183,True
1217,right_toe_tip,466.79,161.842,-0.3622724804347827,-0.4144517647826087,-0.0872,0.9198,True
1218,left_shoulder,369.38,93.112,-0.4722319000000001,-0.46571956,1.2555999999999998,0.8278,True
1218,left_toe_tip,403.00999999999993,248.424,-0.5438405304347828,-0.2560426643478261,-0.0011999999999998,0.8846,True
1218,right_shoulder,,,,,,0.0117,True
1218,right_toe_tip,466.686,161.616,-0.3613220130434781,-0.4135875130434782,-0.081,0.911,True
1219,left_shoulder,365.724,97.776,-0.4801022504347826,-0.4590060104347826,1.2691,0.7357,True
1219,left_toe_tip,403.092,248.58,-0.5434978530434782,-0.2556120130434782,-0.0005999999999999,0.875,True
1219,right_shoulder,,,,,,0.0171,True
1219,right_toe_tip,466.646,161.43800000000002,-0.3594834360869565,-0.4117571560869564,-0.0707999999999999,0.8973,True
1220,left_shoulder,362.258,102.42,-0.4870145591304348,-0.4516609304347826,1.3208,0.7985,True
1220,left_toe_tip,403.174,248.706,-0.5434641860869566,-0.2553955356521739,-0.0011999999999998,0.8791,True
1220,right_shoulder,,,,,,0.0124,True
1220,right_toe_tip,466.492,161.25,-0.3578413904347826,-0.4099002717391305,-0.0604,0.9087,True
1221,left_shoulder,358.916,107.784,-0.4945856295652174,-0.4437905008695652,1.3782,0.8442,True
1221,left_toe_tip,403.252,248.828,-0.5432851930434782,-0.255115572173913,-0.0011999999999998,0.8795,True
1221,right_shoulder,,,,,,0.0139,True
1221,right_toe_tip,466.292,160.946,-0.3577251921739129,-0.409921422173913,-0.0605999999999999,0.8944,True
1222,left_shoulder,355.238,112.396,-0.5010573104347826,-0.4356753860869565,1.4062,0.8108,True
1222,left_toe_tip,403.35,248.966,-0.5430603043478259,-0.254798892173913,-0.0011999999999998,0.881,True
1222,right_shoulder,,,,,,0.0124,True
1222,right_toe_tip,466.19,160.78199999999998,-0.3581619543478261,-0.4105190047826087,-0.0617999999999999,0.9003,True
1223,left_shoulder,351.828,117.05,-0.5076838886956522,-0.4280145217391304,1.4217,0.75,True
1223,left_toe_tip,403.432,249.002,-0.5430264156521739,-0.25478867,-0.0018000000000001,0.8855,True
1223,right_shoulder,,,,,,0.0135,True
1223,right_toe_tip,465.98,160.542,-0.3584055391304347,-0.4107967591304348,-0.0607999999999999,0.8764,True
1224,left_shoulder,348.772,121.774,-0.5159167330434782,-0.4220225378260869,1.4232,0.8227,True
1224,left_toe_tip,403.478,249.088,-0.5430750791304348,-0.2546635965217391,-0.0024,0.9003,True
1224,right_shoulder,,,,,,0.0176,True
1224,right_toe_tip,465.78,160.228,-0.3568101347826086,-0.4091417417391304,-0.0502,0.8949,True
1225,left_shoulder,346.126,126.862,-0.52162635,-0.41381995,1.4445,0.8783,True
1225,left_toe_tip,403.46400000000006,249.066,-0.5429529617391303,-0.2546417621739131,-0.0018000000000001,0.8917,True
1225,right_shoulder,,,,,,0.0113,True
1225,right_toe_tip,465.766,160.154,-0.3568388073913044,-0.4092932969565218,-0.0502,0.8903,True
1226,left_shoulder,343.4,131.066,-0.5282059130434783,-0.4077015930434783,1.4646,0.8343,True
1226,left_toe_tip,403.40600000000006,249.01,-0.5430860969565215,-0.2547703065217391,-0.0018000000000001,0.8877,True
1226,right_shoulder,,,,,,0.0129,True
1226,right_toe_tip,465.93,160.21599999999998,-0.3558217847826086,-0.4083845547826087,-0.0465999999999999,0.8997,True
1227,left_shoulder,341.608,135.78400000000002,-0.5391165026086957,-0.4050998208695652,1.5468,0.8468,True
1227,left_toe_tip,403.342,248.906,-0.5433873469565218,-0.255081484347826,-0.0024,0.8924,True
1227,right_shoulder,,,,,,0.0144,True
1227,right_toe_tip,466.044,160.488,-0.353395395652174,-0.4053129652173913,-0.035,0.8904,True
1228,left_shoulder,340.184,140.47600000000003,-0.5439705078260869,-0.398292892173913,1.5948,0.9215,True
1228,left_toe_tip,403.25,248.782,-0.5434441847826087,-0.2552936656521739,-0.0018000000000001,0.9044,True
1228,right_shoulder,,,,,,0.011,True
1228,right_toe_tip,466.026,160.846,-0.3508223530434782,-0.4015983704347826,-0.0212,0.9023,True
1229,left_shoulder,338.62,144.73200000000003,-0.5481840130434783,-0.3915537730434782,1.6065999999999998,0.8717,True
1229,left_toe_tip,403.236,248.728,-0.5426527939130436,-0.2550305860869565,0.0014,0.9011,True
1229,right_shoulder,,,,,,0.0234,True
1229,right_toe_tip,466.0100000000001,161.328,-0.3514597999999999,-0.40131744,-0.0214,0.9105,True
1230,left_shoulder,337.136,148.13,-0.5546361599999999,-0.387998452173913,1.6082,0.8892,True
1230,left_toe_tip,403.292,248.748,-0.5425244443478261,-0.2549847469565218,0.0014,0.9009,True
1230,right_shoulder,,,,,,0.0951,True
1230,right_toe_tip,465.842,161.546,-0.3505876260869566,-0.3994965304347826,-0.015,0.8934,True
1231,left_shoulder,336.162,151.318,-0.5591279717391304,-0.3840202456521739,1.5915,0.9176,True
1231,left_toe_tip,403.292,248.772,-0.5420098617391303,-0.2546879399999999,0.0034,0.8957,True
1231,right_shoulder,234.89,53.35,-0.8111006739130435,-0.6139666304347826,2.674,0.1401,True
1231,right_toe_tip,465.53600000000006,161.892,-0.3496865391304347,-0.3970773391304348,-0.0085,0.8856,True
1232,left_shoulder,335.054,153.93,-0.5576534243478262,-0.3768393130434783,1.5976,0.9461,True
1232,left_toe_tip,403.31,248.854,-0.5409395586956521,-0.2540169343478261,0.0074,0.9044,True
1232,right_shoulder,234.17,53.605,-0.8284225434782609,-0.6254454456521737,2.6535,0.1784,True
1232,right_toe_tip,465.22,162.108,-0.3503199130434783,-0.3966444,-0.0085,0.8865,True
1233,left_shoulder,334.134,155.978,-0.5603332134782609,-0.3737594334782608,1.5991,0.9714,True
1233,left_toe_tip,403.4,248.988,-0.5398594782608696,-0.253300424347826,0.0108000000000001,0.8981,True
1233,right_shoulder,232.41666666666663,55.153333333333336,-0.8368749094202899,-0.625929731884058,2.643,0.6273,True
1233,right_toe_tip,465.162,162.372,-0.3506262065217391,-0.3963300652173913,-0.0095,0.8801,True
1234,left_shoulder,334.064,158.012,-0.5609270052173914,-0.3703406069565216,1.5932,0.997,True
1234,left_toe_tip,403.55,249.05,-0.5396714239130435,-0.2532313152173913,0.0101999999999998,0.895,True
1234,right_shoulder,231.2925,56.5725,-0.8419596623641304,-0.625077140625,2.63625,0.8427,True
1234,right_toe_tip,464.85,162.85,-0.3505665326086956,-0.3946000108695652,-0.0044,0.8686,True
1235,left_shoulder,334.158,159.98,-0.5632146917391304,-0.3683411782608696,1.5858,0.979,True
1235,left_toe_tip,403.638,249.022,-0.5393164243478259,-0.2532228452173912,0.0108000000000001,0.905,True
1235,right_shoulder,229.68400000000003,58.804,-0.8481945313043479,-0.6226245139130435,2.6222,0.9092,True
1235,right_toe_tip,464.406,163.43599999999998,-0.3508826191304349,-0.3927861495652174,-0.0014,0.851,True
1236,left_shoulder,334.112,161.644,-0.5622354434782609,-0.364586952173913,1.589,0.94,True
1236,left_toe_tip,403.808,249.04,-0.5396473739130434,-0.2535194782608696,0.008,0.9256,True
1236,right_shoulder,226.692,61.95399999999999,-0.8621065782608696,-0.6216850804347827,2.628,0.7841,True
1236,right_toe_tip,463.922,163.788,-0.3516583882608695,-0.3918694878260869,-0.0009,0.8398,True
1237,left_shoulder,334.312,163.136,-0.5665860626086957,-0.3648831443478261,1.5793,0.9398,True
1237,left_toe_tip,403.93,248.986,-0.5406003000000001,-0.2542220599999999,0.0031999999999998,0.9182,True
1237,right_shoulder,223.602,65.74,-0.8685519152173913,-0.6137879782608695,2.7325,0.7658,True
1237,right_toe_tip,463.256,164.278,-0.3549864817391303,-0.393103382173913,-0.0107999999999999,0.8892,True
1238,left_shoulder,334.46,164.458,-0.5714262217391305,-0.3657060491304347,1.5594,0.9656,True
1238,left_toe_tip,404.07,248.946,-0.5409977478260869,-0.2546516504347826,0.0004,0.9171,True
1238,right_shoulder,220.728,69.482,-0.8787394243478263,-0.6088878343478261,2.8243,0.8692,True
1238,right_toe_tip,461.7615,165.18649999999997,-0.3602936287500001,-0.3937985499456523,-0.0232,0.8666,True
1239,left_shoulder,334.738,165.548,-0.5762815669565218,-0.3670915582608695,1.5432,0.9727,True
1239,left_toe_tip,404.08,248.89,-0.5416415478260868,-0.2550940673913042,-0.0021999999999998,0.8982,True
1239,right_shoulder,217.81,73.27000000000001,-0.8871496826086958,-0.602506995652174,2.8978,0.883,True
1239,right_toe_tip,459.7825,166.3155,-0.3671148008152174,-0.394547958097826,-0.0370999999999999,0.814,True
1240,left_shoulder,334.938,166.252,-0.5769650869565218,-0.3664364347826087,1.5445,0.9481,True
1240,left_toe_tip,404.138,248.946,-0.5421749539130435,-0.2552793469565217,-0.0048000000000001,0.9059,True
1240,right_shoulder,215.346,76.296,-0.8930658252173912,-0.5966418469565218,2.9132,0.8519,True
1240,right_toe_tip,457.223,167.917,-0.3760835445652175,-0.3952316510869565,-0.056,0.7678,False
1241,left_shoulder,335.492,166.85,-0.5806835165217392,-0.3683286521739131,1.5301,0.9081,True
1241,left_toe_tip,404.188,248.964,-0.5413423304347826,-0.2549000347826087,-0.002,0.8923,True
1241,right_shoulder,213.218,79.59799999999998,-0.8972627656521741,-0.5895147265217393,2.9588,0.8052,True
1241,right_toe_tip,453.995,170.115,-0.3869712717391304,-0.3950433586956521,-0.0735,0.6005,False
1242,left_shoulder,336.26800000000003,167.18800000000002,-0.580920464347826,-0.3687739078260869,1.5164000000000002,0.9074,True
1242,left_toe_tip,404.31000000000006,248.974,-0.5410622608695651,-0.2548770782608696,-0.002,0.8915,True
1242,right_shoulder,211.0,82.4,-0.897915652173913,-0.5810288695652174,2.9764,0.8956,True
1242,right_toe_tip,449.429,172.879,-0.4014833828260871,-0.394215132826087,-0.0512,0.8989,False
1243,left_shoulder,337.34000000000003,167.39600000000002,-0.5770936652173912,-0.3672455834782608,1.5258,0.8645,True
1243,left_toe_tip,404.45,248.95,-0.541406554347826,-0.2552460108695652,-0.0045999999999999,0.9071,True
1243,right_shoulder,209.21,84.65599999999999,-0.9011003,-0.5759478191304348,2.9871,0.8999,True
1243,right_toe_tip,443.7835,176.13850000000002,-0.4151045369021739,-0.3889669972282608,-0.0592999999999999,0.6261,True
1244,left_shoulder,338.178,167.288,-0.5761519526086957,-0.3678704504347825,1.5158,0.891,True
1244,left_toe_tip,404.716,249.02,-0.5416646869565217,-0.2554952608695652,-0.008,0.9192,True
1244,right_shoulder,207.3,86.84599999999999,-0.9037786086956522,-0.570535572173913,2.9994,0.8301,True
1244,right_toe_tip,437.2625,180.15950000000004,-0.4307951508152174,-0.3821415146195651,-0.1079,0.7706,True
1245,left_shoulder,339.024,167.13600000000002,-0.5715926817391305,-0.366273892173913,1.5048,0.879,True
1245,left_toe_tip,404.96,249.066,-0.5413073391304349,-0.2554858252173914,-0.0088000000000001,0.9406,True
1245,right_shoulder,205.728,88.86,-0.90762848,-0.5666825999999999,2.9982,0.6829,True
1245,right_toe_tip,430.7078181818182,186.55,-0.4469587582464965,-0.3704151581027667,-0.0697272727272727,0.5042,True
1246,left_shoulder,339.562,166.76399999999998,-0.5664562552173913,-0.3643338756521739,1.5174,0.8845,True
1246,left_toe_tip,405.23,249.13,-0.5424207739130434,-0.256157904347826,-0.0155999999999999,0.934,True
1246,right_shoulder,204.32,90.634,-0.9180535304347824,-0.5676010082608696,2.9824,0.716,True
1246,right_toe_tip,424.1194545454546,195.31,-0.4636226702263744,-0.3536864213438735,-0.0187818181818183,0.4159,True
1247,left_shoulder,338.708,165.422,-0.5621060747826089,-0.3630148686956522,1.5516,0.8634,True
1247,left_toe_tip,405.544,249.388,-0.5425617652173913,-0.2559705956521739,-0.016,0.9351,True
1247,right_shoulder,203.30006593406597,92.92854945054944,-0.9323032405093904,-0.5701662843786983,2.956907692307692,0.7811,True
1247,right_toe_tip,418.340909090909,206.158,-0.4761727901545097,-0.3304866679841898,0.0246363636363635,0.0627,True
1248,left_shoulder,337.666,164.05,-0.5667448004347826,-0.3673210543478261,1.5394,0.8855,True
1248,left_toe_tip,405.822,249.65,-0.5415620791304347,-0.2551963695652173,-0.0145999999999999,0.9245,True
1248,right_shoulder,202.4561978021978,95.69364835164836,-0.9380924485548898,-0.5666719339663346,2.939023076923077,0.555,True
1248,right_toe_tip,413.6081818181818,218.88,-0.4907467703018325,-0.30590409486166,0.0742272727272727,0.04,True
1249,left_shoulder,336.61800000000005,162.80800000000002,-0.5663350508695651,-0.3681060226086956,1.5506,0.9299,True
1249,left_toe_tip,406.12,249.834,-0.5403644869565217,-0.2545313582608695,-0.0125999999999999,0.9531,True
1249,right_shoulder,201.8863956043956,98.7212967032967,-0.9452557435841082,-0.5637240945944355,2.908046153846154,0.0154,False
1249,right_toe_tip,409.7172727272728,233.21,-0.5038458643550126,-0.2774095039525692,0.0755909090909092,0.8949,False
1250,left_shoulder,335.184,161.642,-0.5719938504347827,-0.3722230991304348,1.5496,0.9302,True
1250,left_toe_tip,406.444,250.012,-0.5396159060869564,-0.2541201008695652,-0.0125999999999999,0.954,True
1250,right_shoulder,201.37065934065933,102.06549450549451,-0.9501679730603844,-0.5587430742768936,2.9000769230769228,0.0156,True
1250,right_toe_tip,407.7718181818182,240.375,-0.5104545247484726,-0.2629444972826086,0.0862727272727274,0.891,False
1251,left_shoulder,333.42999999999995,160.61200000000002,-0.5799504652173915,-0.3771900817391304,1.5396,0.9205,True
1251,left_toe_tip,406.93,250.166,-0.5381383630434783,-0.2535971552173913,-0.0111999999999998,0.9413,True
1251,right_shoulder,200.930989010989,105.85824175824176,-0.9484771712301078,-0.5489971961483334,2.9056153846153845,0.0154,True
1251,right_toe_tip,405.8263636363637,247.54,-0.5171025940531797,-0.2483343498023714,0.0814545454545457,0.9224,False
1252,left_shoulder,332.628,160.71800000000002,-0.58594458,-0.3798921430434782,1.5307,0.896,True
1252,left_toe_tip,407.298,250.174,-0.5367828091304349,-0.2533399317391305,-0.0091999999999998,0.9286,True
1252,right_shoulder,200.71115384615385,107.75461538461538,-0.947629785181374,-0.5441413815281709,2.9173846153846155,0.0233,True
1252,right_toe_tip,403.8809090909092,254.705,-0.5237900722691337,-0.2335790615118576,0.0721363636363639,0.8736,False
1253,left_shoulder,331.342,160.844,-0.5903419747826087,-0.3809074973913043,1.5249,0.8713,True
1253,left_toe_tip,407.568,250.18400000000003,-0.5393432973913044,-0.2548208660869565,-0.0218000000000001,0.9407,True
1253,right_shoulder,200.4913186813187,109.650989010989,-0.9467810757102432,-0.539296983204087,2.9296538461538457,0.0128,True
1253,right_toe_tip,401.93545454545455,261.87,-0.5305169593963349,-0.2186786324110671,0.0738181818181819,0.9215,False
1254,left_shoulder,330.00199999999995,161.164,-0.5980939673913045,-0.383623804347826,1.518,0.9255,True
1254,left_toe_tip,407.684,250.274,-0.5406397347826086,-0.2553514847826088,-0.028,0.9449,True
1254,right_shoulder,200.27148351648356,111.54736263736262,-0.9459310428167154,-0.5344640011760816,2.9414230769230763,0.0184,True
1254,right_toe_tip,,,,,,0.9164,False
1255,left_shoulder,328.822,161.554,-0.6059853313043477,-0.3864520147826087,1.5384,0.9235,True
1255,left_toe_tip,407.862,250.42200000000005,-0.5400236386956522,-0.2549117778260868,-0.0271999999999998,0.9329,True
1255,right_shoulder,200.05164835164837,113.44373626373628,-0.9450796865007902,-0.5296424354441545,2.953692307692308,0.0158,False
1255,right_toe_tip,378.59,347.85,-0.6143135000000001,-0.0285524999999999,0.0,0.9031,False
1256,left_shoulder,327.55,161.888,-0.6124699239130436,-0.3883425878260869,1.5606,0.933,True
1256,left_toe_tip,408.002,250.588,-0.5391936126086956,-0.2542877591304347,-0.0251999999999998,0.9385,True
1256,right_shoulder,,,,,,0.0233,True
1256,right_toe_tip,379.895,347.8,-0.6072886304347827,-0.0284843478260869,0.014,0.8932,False
1257,left_shoulder,325.978,162.17199999999997,-0.6212174347826087,-0.3913553913043479,1.605,0.93,True
1257,left_toe_tip,408.338,250.74,-0.5389163178260868,-0.2541720130434782,-0.0201999999999998,0.9482,True
1257,right_shoulder,,,,,,0.0159,True
1257,right_toe_tip,380.67333333333335,348.24666666666667,-0.6048136787439613,-0.0274116690821255,0.0163333333333334,0.8637,True
1258,left_shoulder,324.496,162.504,-0.62943048,-0.3940045200000001,1.6536,0.9489,True
1258,left_toe_tip,408.886,250.912,-0.5374907765217389,-0.2537007443478261,-0.0195999999999999,0.964,True
1258,right_shoulder,,,,,,0.0141,True
1258,right_toe_tip,381.2325,348.5875,-0.6026891963315217,-0.0265805808423913,0.01925,0.8493,True
1259,left_shoulder,322.54200000000003,162.7,-0.6389877439130434,-0.3971305869565217,1.7032,0.9223,True
1259,left_toe_tip,409.558,251.038,-0.5359279382608695,-0.253407712173913,-0.0195999999999999,0.9777,True
1259,right_shoulder,,,,,,0.0158,True
1259,right_toe_tip,381.494,348.822,-0.6013636317391302,-0.0260034299999999,0.0233000000000001,0.8752,True
1260,left_shoulder,320.004,163.12000000000003,-0.6499397017391303,-0.3998803999999999,1.7444000000000002,0.9126,True
1260,left_toe_tip,410.18,251.142,-0.5349809913043478,-0.253402492173913,-0.0175999999999999,0.961,True
1260,right_shoulder,,,,,,0.0159,True
1260,right_toe_tip,382.332,349.274,-0.597621715652174,-0.0248773247826087,0.0296999999999998,0.8625,True
1261,left_shoulder,317.124,163.97199999999998,-0.6611237052173913,-0.4013886373913043,1.7892,0.9495,True
1261,left_toe_tip,410.778,251.216,-0.5371269430434784,-0.2549092904347826,-0.0318000000000001,0.9575,True
1261,right_shoulder,,,,,,0.0162,True
1261,right_toe_tip,382.768,349.732,-0.59605128,-0.0237927417391305,0.0331999999999998,0.8506,True
1262,left_shoulder,314.322,165.372,-0.6765606452173913,-0.4043185147826087,1.8568,0.9156,True
1262,left_toe_tip,411.196,251.298,-0.5382365399999999,-0.2557096395652173,-0.0401999999999998,0.9719,True
1262,right_shoulder,,,,,,0.014,True
1262,right_toe_tip,383.216,349.916,-0.594622427826087,-0.0233510365217391,0.0345999999999999,0.8967,True
1263,left_shoulder,311.3059999999999,167.226,-0.6917222319565218,-0.405684501521739,1.9369,0.9571,True
1263,left_toe_tip,411.574,251.358,-0.5387874130434783,-0.2562534130434782,-0.033,0.9715,True
1263,right_shoulder,,,,,,0.0104,True
1263,right_toe_tip,383.586,350.02,-0.5941558317391306,-0.0231253956521739,0.0331999999999998,0.8827,True
1264,left_shoulder,308.18999999999994,169.51600000000002,-0.7067192336956523,-0.4057102152173912,2.0125,0.958,True
1264,left_toe_tip,411.95200000000006,251.396,-0.5407712139130433,-0.2575331373913043,-0.0445999999999999,0.9801,True
1264,right_shoulder,,,,,,0.022,True
1264,right_toe_tip,384.07,350.15600000000006,-0.5944252434782609,-0.0228637599999998,0.0281999999999998,0.8798,True
1265,left_shoulder,305.058,172.212,-0.714846322826087,-0.400784497826087,2.2225,0.9537,False
1265,left_toe_tip,412.362,251.408,-0.5437084143478261,-0.2593696313043478,-0.0604,0.9789,True
1265,right_shoulder,,,,,,0.0091,True
1265,right_toe_tip,384.656,350.256,-0.5954511060869565,-0.0227225843478261,0.0275999999999999,0.8572,True
1266,left_shoulder,302.03000000000003,175.382,-0.7235864228260869,-0.3952631245652174,2.3403,0.9313,True
1266,left_toe_tip,412.96,251.392,-0.5441062956521738,-0.2602814330434783,-0.0498000000000001,0.9786,True
1266,right_shoulder,,,,,,0.0141,True
1266,right_toe_tip,385.18,350.422,-0.5963341956521739,-0.0224146021739129,0.02,0.8537,True
1267,left_shoulder,298.742,178.648,-0.7304033997826086,-0.3881524165217391,2.3829,0.9876,True
1267,left_toe_tip,413.526,251.332,-0.5447192034782609,-0.2613701634782608,-0.0578000000000001,0.9715,True
1267,right_shoulder,,,,,,0.018,True
1267,right_toe_tip,385.49,350.582,-0.5967706217391305,-0.0220831626086956,0.0158000000000001,0.873,True
1268,left_shoulder,295.76000000000005,182.314,-0.7332312,-0.37847118,2.4809,0.9199,True
1268,left_toe_tip,414.374,251.082,-0.5448867900000001,-0.2630369699999999,-0.0458000000000001,0.9508,True
1268,right_shoulder,,,,,,0.0247,True
1268,right_toe_tip,385.794,350.756,-0.5982130326086956,-0.0217535434782609,0.008,0.8715,True
1269,left_shoulder,292.258,186.642,-0.7394809226086957,-0.3686495556521739,2.5596,0.9672,True
1269,left_toe_tip,415.518,250.748,-0.5445152513043477,-0.2650073513043478,-0.0555999999999999,0.9424,True
1269,right_shoulder,,,,,,0.0112,True
1269,right_toe_tip,386.082,350.9,-0.5980872891304347,-0.0214344565217391,0.006,0.8735,True
1270,left_shoulder,289.28000000000003,191.268,-0.750464556521739,-0.3610497991304348,2.6264000000000003,0.9576,True
1270,left_toe_tip,417.648,250.266,-0.5444240382608696,-0.2686813134782608,-0.0435999999999999,0.8242,True
1270,right_shoulder,,,,,,0.0108,True
1270,right_toe_tip,386.216,351.104,-0.5981578539130434,-0.0209674852173913,0.0045999999999999,0.8721,True
1271,left_shoulder,286.59000000000003,196.086,-0.7627509739130434,-0.353769172173913,2.6904,0.9435,True
1271,left_toe_tip,419.598,249.794,-0.5431471895652175,-0.2715859165217391,-0.0471999999999998,0.8316,True
1271,right_shoulder,,,,,,0.0173,False
1271,right_toe_tip,386.312,351.29200000000003,-0.5980970347826087,-0.020530056521739,0.004,0.8763,True
1272,left_shoulder,283.77200000000005,201.494,-0.7723177921739129,-0.3436478995652173,2.8184,0.9151,True
1272,left_toe_tip,422.266,249.292,-0.5427729952173914,-0.2759757904347826,-0.0584,0.7216,True
1272,right_shoulder,,,,,,0.013,True
1272,right_toe_tip,386.434,351.438,-0.5983606369565216,-0.0202044586956522,0.002,0.8844,True
1273,left_shoulder,280.7102222222222,206.85,-0.77797518935051,-0.3316178405797102,2.937911111111111,0.9845,True
1273,left_toe_tip,424.52,249.118,-0.5414169217391305,-0.2786030773913043,-0.0685999999999999,0.7584,True
1273,right_shoulder,,,,,,0.0098,True
1273,right_toe_tip,386.53,351.712,-0.5981340978260868,-0.0195578782608695,0.002,0.8911,True
1274,left_shoulder,278.2306666666667,211.892,-0.7718532232850241,-0.3159959307246376,3.1386333333333334,0.964,True
1274,left_toe_tip,426.556,249.004,-0.5408021347826085,-0.2812300826086956,-0.065,0.7107,True
1274,right_shoulder,,,,,,0.0098,True
1274,right_toe_tip,386.602,351.92600000000004,-0.5991760969565219,-0.0190914995652172,0.0005999999999999,0.8877,True
1275,left_shoulder,275.4773333333334,216.782,-0.7609542740096618,-0.2989727640579709,3.397466666666667,0.9735,False
1275,left_toe_tip,427.47,249.106,-0.5403806260869566,-0.2819600486956521,-0.0731999999999998,0.6961,True
1275,right_shoulder,,,,,,0.0148,False
1275,right_toe_tip,386.742,352.04799999999994,-0.598845057826087,-0.0188030226086957,0.0005999999999999,0.908,True
1276,left_shoulder,272.70222222222225,221.49,-0.7417374567901235,-0.27971325,3.5911111111111107,0.9433,False
1276,left_toe_tip,428.246,249.446,-0.5408933695652174,-0.2823933695652174,-0.066,0.7964,True
1276,right_shoulder,,,,,,0.0207,False
1276,right_toe_tip,386.86,352.208,-0.5991713739130434,-0.0184433252173913,-0.0015999999999999,0.9186,True
1277,left_shoulder,270.2133333333333,225.8,-0.7155907922705315,-0.2596964492753623,3.703166666666667,0.9449,False
1277,left_toe_tip,428.342,249.834,-0.5416144169565217,-0.281905214347826,-0.0591999999999998,0.7821,True
1277,right_shoulder,,,,,,0.0162,True
1277,right_toe_tip,386.97,352.392,-0.5997361065217391,-0.0180326139130434,-0.0045999999999999,0.9151,True
1278,left_shoulder,268.9688888888889,227.955,-0.7023601009125067,-0.2499605471014493,3.753444444444445,0.9305,False
1278,left_toe_tip,428.388,250.248,-0.5428767852173912,-0.2815615982608695,-0.0651999999999998,0.7661,True
1278,right_shoulder,,,,,,0.0143,False
1278,right_toe_tip,387.0700000000001,352.428,-0.6007087499999999,-0.0179835,-0.009,0.9236,True
1279,left_shoulder,267.7244444444445,230.11,-0.6890245034889961,-0.2404063103864734,3.792222222222223,0.9928,False
1279,left_toe_tip,428.2679999999999,250.612,-0.5439671252173915,-0.28103204,-0.0685999999999999,0.7518,True
1279,right_shoulder,,,,,,0.013,False
1279,right_toe_tip,387.14,352.444,-0.6005425,-0.0179455,-0.009,0.9109,True
1280,left_shoulder,266.48,232.265,-0.6755839999999999,-0.2310337391304347,3.808,0.9335,False
1280,left_toe_tip,428.284,250.878,-0.5448925486956523,-0.2808468169565218,-0.0728000000000001,0.7049,True
1280,right_shoulder,,,,,,0.0117,True
1280,right_toe_tip,387.172,352.476,-0.6014558269565219,-0.0178989417391304,-0.0125999999999999,0.9267,True
1281,left_shoulder,260.2577777777778,243.04,-0.6068078915727321,-0.1868958647342995,3.868888888888889,0.9395,False
1281,left_toe_tip,428.434,250.936,-0.5451043982608695,-0.2810057669565217,-0.0754,0.7854,True
1281,right_shoulder,,,,,,0.0117,True
1281,right_toe_tip,387.212,352.418,-0.6027894721739131,-0.0180797734782608,-0.0178000000000001,0.9248,True
1282,left_shoulder,254.295,253.245,-0.5494200027173912,-0.1520678559782608,3.9645,0.9416,False
1282,left_toe_tip,428.486,251.116,-0.5453382695652174,-0.2807313565217391,-0.077,0.7484,True
1282,right_shoulder,,,,,,0.0271,True
1282,right_toe_tip,387.162,352.38199999999995,-0.6032934539130436,-0.0181772104347827,-0.0191999999999998,0.918,True
1283,left_shoulder,252.75666666666663,254.45,-0.5563115277777778,-0.151632518115942,3.911833333333333,0.9901,True
1283,left_toe_tip,428.956,251.144,-0.5469251139130435,-0.2821026904347826,-0.0891999999999998,0.7472,True
1283,right_shoulder,,,,,,0.0126,True
1283,right_toe_tip,387.08,352.316,-0.6026643739130433,-0.0183096356521739,-0.0161999999999998,0.9162,True
1284,left_shoulder,250.71,256.1925,-0.5670093478260869,-0.1511978804347826,3.771,0.9736,True
1284,left_toe_tip,429.834,251.106,-0.5462031586956522,-0.2830060369565217,-0.079,0.8197,True
1284,right_shoulder,,,,,,0.0129,True
1284,right_toe_tip,387.04,352.294,-0.6033645913043478,-0.0183804852173913,-0.0184,0.9231,True
1285,left_shoulder,249.394,257.738,-0.5774175652173913,-0.1511699130434782,3.693,0.9205,True
1285,left_toe_tip,431.282,250.954,-0.5420769447826088,-0.2832114265217391,-0.0614,0.7847,True
1285,right_shoulder,,,,,,0.0121,True
1285,right_toe_tip,386.98,352.204,-0.6025176260869566,-0.0185646486956521,-0.0148000000000001,0.9287,True
1286,left_shoulder,246.64,260.628,-0.5966245043478262,-0.1507214008695652,3.5626,0.8207,True
1286,left_toe_tip,432.212,250.748,-0.5345120443478261,-0.2810388947826087,-0.0385999999999999,0.8036,True
1286,right_shoulder,,,,,,0.0094,True
1286,right_toe_tip,386.9740000000001,352.066,-0.6023118913043477,-0.0188863695652174,-0.014,0.9228,True
1287,left_shoulder,244.064,263.108,-0.6166272834782608,-0.1508987582608695,3.4602,0.9338,True
1287,left_toe_tip,430.782,251.28,-0.5317775773913044,-0.2763378782608696,-0.0164,0.7306,True
1287,right_shoulder,,,,,,0.0114,True
1287,right_toe_tip,387.056,352.092,-0.6031064765217392,-0.0188554226086956,-0.0175999999999999,0.9253,True
1288,left_shoulder,242.188,265.528,-0.6329534843478261,-0.1503131669565218,3.3582,0.9654,True
1288,left_toe_tip,428.2720000000001,253.59,-0.5391699547826085,-0.2709753782608696,-0.0308000000000001,0.4126,True
1288,right_shoulder,,,,,,0.0122,True
1288,right_toe_tip,387.1,352.186,-0.6030015652173913,-0.0186312939130435,-0.0175999999999999,0.9232,True
1289,left_shoulder,241.252,267.408,-0.64397802,-0.1495360799999999,3.3092,0.9659,True
1289,left_toe_tip,425.0200000000001,259.418,-0.5515171695652171,-0.2580365613043477,-0.0631999999999998,0.6583,True
1289,right_shoulder,,,,,,0.0117,True
1289,right_toe_tip,387.13,352.286,-0.6025452326086956,-0.0183811204347826,-0.0161999999999998,0.9284,True
1290,left_shoulder,240.168,269.046,-0.6519,-0.1482945652173913,3.244,0.9546,True
1290,left_toe_tip,421.898,266.77200000000005,-0.5645522856521739,-0.2413186513043477,-0.0954000000000001,0.8483,True
1290,right_shoulder,,,,,,0.0118,True
1290,right_toe_tip,387.35,352.472,-0.603613804347826,-0.0179853739130435,-0.022,0.9205,True
1291,left_shoulder,238.902,270.714,-0.6557080347826088,-0.1459632,3.164,0.9141,True
1291,left_toe_tip,419.436,275.96400000000006,-0.582624600869565,-0.221982920869565,-0.1521999999999998,0.8644,True
1291,right_shoulder,,,,,,0.012,True
1291,right_toe_tip,387.676,352.72200000000004,-0.6044805391304348,-0.017435556521739,-0.028,0.9104,True
1292,left_shoulder,237.942,272.32000000000005,-0.6606861786956522,-0.1440811130434781,3.0512,0.9374,True
1292,left_toe_tip,419.58900000000006,286.29800000000006,-0.5960919664130433,-0.1993238545652172,-0.2300999999999999,0.9268,True
1292,right_shoulder,,,,,,0.014,True
1292,right_toe_tip,388.00200000000007,352.78000000000003,-0.6033160813043477,-0.0172856217391303,-0.0265999999999999,0.8967,True
1293,left_shoulder,236.472,273.994,-0.6664352643478262,-0.1420407786956521,3.0201,0.9504,True
1293,left_toe_tip,420.671,296.832,-0.5979337661956521,-0.1722083269565217,-0.2420999999999999,0.8935,True
1293,right_shoulder,,,,,,0.017,True
1293,right_toe_tip,388.506,352.82,-0.6015080408695653,-0.0171726869565217,-0.0244,0.8422,True
1294,left_shoulder,235.05,275.544,-0.6720409347826086,-0.14016024,2.9892,0.9615,True
1294,left_toe_tip,422.527,306.194,-0.6002018416304347,-0.148498711521739,-0.2550999999999999,0.9419,False
1294,right_shoulder,,,,,,0.0138,True
1294,right_toe_tip,389.1065,351.1875,-0.5983946330163044,-0.0210182914402173,-0.01425,0.8478,True
1295,left_shoulder,233.768,277.076,-0.6762879686956521,-0.1380504330434783,2.9169,0.9138,True
1295,left_toe_tip,423.659,316.39,-0.592280518152174,-0.1193918554347826,-0.1866999999999998,0.9567,True
1295,right_shoulder,,,,,,0.0174,True
1295,right_toe_tip,389.6055,347.8485,-0.5936935245380436,-0.0288116027445652,-0.0053499999999999,0.6428,True
1296,left_shoulder,232.77,278.618,-0.6805167413043479,-0.1359963986956522,2.8586,0.9203,True
1296,left_toe_tip,424.619,326.992,-0.5845487161956522,-0.0895844295652175,-0.1459,0.9293,True
1296,right_shoulder,,,,,,0.0126,True
1296,right_toe_tip,390.033,342.839,-0.5872865983695653,-0.0403190233695652,0.0035,0.1016,True
1297,left_shoulder,232.066,280.244,-0.6819592304347827,-0.1333312260869565,2.843,0.8917,True
1297,left_toe_tip,425.496,337.66,-0.5881606417391304,-0.061255308695652,-0.1355999999999999,0.9477,True
1297,right_shoulder,,,,,,0.0134,True
1297,right_toe_tip,390.535,336.185,-0.581497491847826,-0.0555122472826086,0.0105,0.0381,True
1298,left_shoulder,231.958,281.856,-0.6796560443478261,-0.1301607234782608,2.8486,0.9415,True
1298,left_toe_tip,426.22800000000007,348.85600000000005,-0.5911725243478259,-0.0308180052173911,-0.1571999999999998,0.9321,True
1298,right_shoulder,,,,,,0.0131,True
1298,right_toe_tip,390.63233333333335,330.383,-0.5782890400362318,-0.0686824668478261,0.0005,0.0541,True
1299,left_shoulder,232.026,283.61800000000005,-0.6740440000000001,-0.1261963478260868,2.854,0.9655,True
1299,left_toe_tip,426.102,360.10200000000003,-0.5834300447826087,0.0002782160869566,-0.1204,0.9239,True
1299,right_shoulder,,,,,,0.014,True
1299,right_toe_tip,390.3545,327.1315,-0.577237380298913,-0.0759994745923912,-0.00025,0.3488,True
1300,left_shoulder,232.48,285.64,-0.6670925217391304,-0.1217240869565217,2.861,0.989,True
1300,left_toe_tip,425.3440000000001,371.51,-0.5915639373913042,0.0317200586956521,-0.0974000000000001,0.9962,True
1300,right_shoulder,,,,,,0.0128,True
1300,right_toe_tip,389.7015,326.43050000000005,-0.5783391699728261,-0.0775656137228259,-0.00175,0.2862,False
1301,left_shoulder,233.562,287.59000000000003,-0.6593131208695653,-0.1174616130434782,2.8671,0.9842,True
1301,left_toe_tip,424.028,383.042,-0.5974912330434783,0.0637461939130435,-0.1391999999999998,0.8636,True
1301,right_shoulder,,,,,,0.0149,True
1301,right_toe_tip,388.896,328.456,-0.5820154017391305,-0.0731135060869564,-0.0054,0.2155,True
1302,left_shoulder,234.47,289.9,-0.6497295869565217,-0.1123123913043478,2.8785,0.9652,True
1302,left_toe_tip,422.32,394.582,-0.5918056695652174,0.0940179330434782,-0.0586999999999998,0.9213,True
1302,right_shoulder,,,,,,0.0121,True
1302,right_toe_tip,388.024,332.524,-0.5855703130434783,-0.0638518347826087,-0.004,0.3357,True
1303,left_shoulder,235.578,292.348,-0.6414484591304348,-0.1073019547826086,2.8718000000000004,0.9583,True
1303,left_toe_tip,419.866,405.184,-0.5870399517391305,0.1204939408695651,-0.0024,0.9116,True
1303,right_shoulder,,,,,,0.0139,True
1303,right_toe_tip,387.47066666666666,336.23999999999995,-0.5887227327536233,-0.0553917913043479,-0.0023000000000001,0.7719,True
1304,left_shoulder,236.736,295.04800000000006,-0.6306698295652174,-0.1015792799999999,2.8642,0.9498,True
1304,left_toe_tip,417.7360000000001,414.784,-0.5927201060869565,0.1460946365217391,-0.0109,0.869,True
1304,right_shoulder,,,,,,0.014,True
1304,right_toe_tip,387.334,339.61,-0.5904694565217392,-0.0476505434782608,0.001,0.8922,True
1305,left_shoulder,237.896,297.946,-0.6200268852173912,-0.0956845699999999,2.8434,0.981,True
1305,left_toe_tip,416.032,422.73,-0.5975076730434784,0.1673527304347826,-0.0164,0.7806,True
1305,right_shoulder,,,,,,0.015,True
1305,right_toe_tip,387.446,342.976,-0.5917450026086954,-0.039887972173913,0.0029,0.9072,True
1306,left_shoulder,239.00933333333333,301.1673333333333,-0.6158257749275362,-0.0903529073188406,2.7731,0.9718,True
1306,left_toe_tip,414.612,428.918,-0.603745855652174,0.1846103469565217,-0.0019,0.8156,True
1306,right_shoulder,,,,,,0.0121,True
1306,right_toe_tip,387.3440000000001,345.57,-0.591983993043478,-0.0338101173913043,0.0064,0.8676,True
1307,left_shoulder,240.072,304.512,-0.6213229243478261,-0.0862054330434782,2.7507,0.9198,True
1307,left_toe_tip,413.308,433.282,-0.6101957269565217,0.1972560269565218,0.0075999999999999,0.888,True
1307,right_shoulder,,,,,,0.0168,False
1307,right_toe_tip,387.164,347.84599999999995,-0.593559992173913,-0.0285328360869566,0.0051999999999998,0.8918,True
1308,left_shoulder,241.034,308.048,-0.6346161352173914,-0.0826375617391304,2.7321,0.939,False
1308,left_toe_tip,412.514,436.22800000000007,-0.6161903391304347,0.2064784521739132,-0.004,0.8846,True
1308,right_shoulder,,,,,,0.0211,False
1308,right_toe_tip,387.024,349.666,-0.5942736208695653,-0.0242759139130434,0.0078000000000001,0.8937,True
1309,left_shoulder,241.9633333333333,311.66333333333336,-0.6597890398550724,-0.0801232789855072,2.676,0.9004,False
1309,left_toe_tip,411.16,438.27,-0.6203553913043478,0.2121797608695651,-0.006,0.8557,True
1309,right_shoulder,,,,,,0.0331,True
1309,right_toe_tip,386.7120000000001,350.918,-0.5953919878260868,-0.0213486230434782,0.0104,0.8839,True
1310,left_shoulder,242.76000000000005,315.31,-0.6932269782608694,-0.0779889076086956,2.576,0.9454,False
1310,left_toe_tip,409.908,439.74,-0.6227990199999999,0.2158353782608694,-0.0021999999999998,0.816,True
1310,right_shoulder,,,,,,0.0112,False
1310,right_toe_tip,386.434,351.31,-0.5964864534782608,-0.0204422804347826,0.0088000000000001,0.8784,True
1311,left_shoulder,243.55666666666667,318.95666666666665,-0.7265255,-0.0752163695652174,2.5,0.9525,False
1311,left_toe_tip,408.7,440.656,-0.6251636739130435,0.217999140869565,0.0014,0.7808,True
1311,right_shoulder,,,,,,0.0129,True
1311,right_toe_tip,386.376,351.46,-0.5967882991304347,-0.0200949913043478,0.0081999999999998,0.8861,True
1312,left_shoulder,244.594,322.784,-0.7564288695652175,-0.0711958260869565,2.4465,0.9272,False
1312,left_toe_tip,407.602,441.462,-0.6258073969565219,0.2193629986956521,0.0065999999999999,0.8222,True
1312,right_shoulder,,,,,,0.0135,True
1312,right_toe_tip,386.46,351.696,-0.596755995652174,-0.0195450886956521,0.0075999999999999,0.8767,True
1313,left_shoulder,245.954,326.93,-0.7749428563043477,-0.0650364684782608,2.4177,0.9374,True
1313,left_toe_tip,406.602,442.246,-0.6279928360869566,0.2212953786956521,0.0060999999999999,0.8333,True
1313,right_shoulder,,,,,,0.0216,True
1313,right_toe_tip,386.414,351.636,-0.596257864347826,-0.0196663095652173,0.0098000000000001,0.8714,True
1314,left_shoulder,247.85066666666663,331.2126666666667,-0.7874102863768115,-0.0578030878985507,2.3462,0.9128,True
1314,left_toe_tip,406.292,442.91,-0.6292841930434782,0.2232441869565218,0.0043000000000001,0.8503,True
1314,right_shoulder,,,,,,0.0239,True
1314,right_toe_tip,386.38,351.546,-0.5965032130434783,-0.0198834404347826,0.0091999999999998,0.8825,True
1315,left_shoulder,249.97833333333327,335.7071666666667,-0.7923657570048309,-0.0493531793719806,2.264933333333333,0.9339,True
1315,left_toe_tip,406.22,443.372,-0.6304436739130436,0.2248325347826087,0.003,0.8705,True
1315,right_shoulder,,,,,,0.0253,True
1315,right_toe_tip,386.344,351.356,-0.5967533113043478,-0.0203359495652174,0.0085999999999999,0.8898,True
1316,left_shoulder,252.337,340.4135,-0.7899054997826087,-0.0399096227173913,2.2334,0.9505,True
1316,left_toe_tip,406.32,443.926,-0.6310884,0.2266549343478262,-0.0005999999999999,0.8605,True
1316,right_shoulder,,,,,,0.0147,True
1316,right_toe_tip,386.292,351.116,-0.5963241078260868,-0.0208812626086956,0.0105999999999999,0.8932,True
1317,left_shoulder,254.686,345.15099999999995,-0.7833601147826088,-0.0301886626086957,2.2571,0.9468,False
1317,left_toe_tip,406.468,444.524,-0.633024023478261,0.2291151643478261,-0.0098000000000001,0.8458,True
1317,right_shoulder,,,,,,0.0259,True
1317,right_toe_tip,386.1,350.78000000000003,-0.5960026521739129,-0.0216429478260868,0.0134,0.9096,True
1318,left_shoulder,256.9433333333333,349.78166666666664,-0.7805473526570049,-0.0208217053140097,2.220333333333333,0.9315,False
1318,left_toe_tip,406.836,445.192,-0.6311141226086957,0.23059252,-0.0021999999999998,0.8316,True
1318,right_shoulder,,,,,,0.0267,True
1318,right_toe_tip,386.014,350.72200000000004,-0.5984131017391304,-0.0218597747826086,0.0054,0.9051,True
1319,left_shoulder,258.895,354.4875,-0.7762943152173913,-0.0112287228260869,2.11,0.9351,False
1319,left_toe_tip,407.268,445.706,-0.6289835269565218,0.2316297808695651,0.0015999999999999,0.8462,True
1319,right_shoulder,,,,,,0.0291,True
1319,right_toe_tip,386.008,350.76,-0.5990346104347828,-0.0217923391304348,0.0031999999999998,0.906,True
1320,left_shoulder,259.8708333333333,356.84041666666667,-0.7741688571859905,-0.0064347891002415,2.074333333333333,0.9302,False
1320,left_toe_tip,407.598,446.212,-0.6273843556521739,0.2327349165217391,0.0044,0.826,True
1320,right_shoulder,,,,,,0.0122,False
1320,right_toe_tip,386.05,350.916,-0.6005365434782608,-0.0214816852173913,-0.0025999999999999,0.9131,True
1321,left_shoulder,260.84666666666664,359.1933333333333,-0.7720441062801933,-0.0016425603864734,2.074666666666667,0.9876,False
1321,left_toe_tip,408.146,446.72800000000007,-0.6261570091304347,0.2342221617391306,0.0034,0.8175,True
1321,right_shoulder,,,,,,0.016,True
1321,right_toe_tip,386.138,351.084,-0.6035293113043477,-0.0211968208695652,-0.0141999999999998,0.8984,True
1322,left_shoulder,261.8225,361.54625,-0.7699200625000001,0.0031479633152173,2.0635,0.9456,False
1322,left_toe_tip,408.932,447.058,-0.6249887078260868,0.235472964347826,0.0045999999999999,0.8282,True
1322,right_shoulder,,,,,,0.0383,True
1322,right_toe_tip,386.304,351.216,-0.6061128347826088,-0.0209861217391304,-0.025,0.8871,True
1323,left_shoulder,262.79833333333335,363.8991666666666,-0.7677967258454106,0.0079367820048308,2.058333333333333,0.9654,False
1323,left_toe_tip,409.686,447.15199999999993,-0.6255027830434781,0.2366934643478258,-0.0055999999999999,0.8706,True
1323,right_shoulder,,,,,,0.0159,False
1323,right_toe_tip,386.40400000000005,351.31,-0.6074726791304347,-0.0208163282608695,-0.0308000000000001,0.8916,True
1324,left_shoulder,,,,,,0.9746,False
1324,left_toe_tip,410.376,447.194,-0.6267237652173911,0.2379827543478259,-0.018,0.8637,True
1324,right_shoulder,,,,,,0.0141,False
1324,right_toe_tip,386.412,351.36,-0.60987914,-0.0207791999999999,-0.0395999999999999,0.8935,True
1325,left_shoulder,,,,,,0.9746,False
1325,left_toe_tip,411.0100000000001,447.3059999999999,-0.6306185478260867,0.2404331321739128,-0.0405999999999999,0.8854,True
1325,right_shoulder,,,,,,0.0341,True
1325,right_toe_tip,386.378,351.38199999999995,-0.6104019917391303,-0.020741277826087,-0.0411999999999998,0.9049,True
1326,left_shoulder,276.46,396.84,-0.7381442608695653,0.0748012173913043,2.0395,0.9413,False
1326,left_toe_tip,411.36,447.3059999999999,-0.6317919652173911,0.2412492534782606,-0.0441999999999998,0.8899,True
1326,right_shoulder,,,,,,0.033,True
1326,right_toe_tip,386.418,351.502,-0.6096993304347826,-0.0204321478260869,-0.039,0.8948,True
1327,left_shoulder,277.3614705882353,398.2485294117647,-0.7289985092052806,0.0768895709060478,2.063558823529412,0.9206,False
1327,left_toe_tip,411.572,447.2600000000001,-0.6338877,0.2421465000000001,-0.055,0.8953,True
1327,right_shoulder,,,,,,0.0121,False
1327,right_toe_tip,386.398,351.65200000000004,-0.6099679408695652,-0.0200787547826085,-0.0398000000000001,0.8932,True
1328,left_shoulder,278.2629411764706,399.6570588235293,-0.7198891276139613,0.0789210969234239,2.0711176470588235,1.0,True
1328,left_toe_tip,411.74799999999993,447.214,-0.6351360000000003,0.2426824347826085,-0.062,0.9063,True
1328,right_shoulder,,,,,,0.0243,True
1328,right_toe_tip,386.392,351.9,-0.6083835391304347,-0.0194311956521739,-0.031,0.8932,True
1329,left_shoulder,279.16441176470585,401.06558823529406,-0.7108161160956071,0.080895795443433,2.089676470588235,0.986,False
1329,left_toe_tip,411.978,447.122,-0.6359831,0.2429946217391304,-0.068,0.8955,True
1329,right_shoulder,,,,,,0.0205,False
1329,right_toe_tip,386.472,352.294,-0.6073649043478261,-0.0184608956521739,-0.028,0.8989,True
1330,left_shoulder,280.0658823529412,402.4741176470588,-0.7017794746502182,0.0828136664660748,2.0962352941176468,0.9798,False
1330,left_toe_tip,412.198,447.066,-0.634626658695652,0.2425545195652173,-0.065,0.903,True
1330,right_shoulder,,,,,,0.027,False
1330,right_toe_tip,386.612,352.728,-0.6065888382608696,-0.0174085356521738,-0.0264,0.9066,True
1331,left_shoulder,281.86882352941177,405.2911764705882,-0.6838153019783361,0.0864789260192567,2.0938529411764706,1.0,False
1331,left_toe_tip,412.4320000000001,447.03,-0.6349641913043477,0.2428326195652174,-0.069,0.9137,True
1331,right_shoulder,,,,,,0.0462,False
1331,right_toe_tip,386.528,353.15,-0.605963387826087,-0.0163759673913044,-0.0234,0.9152,True
1332,left_shoulder,282.77029411764704,406.6997058823529,-0.6748877707518429,0.0882263145497967,2.0729117647058826,1.0,False
1332,left_toe_tip,412.612,447.174,-0.633226147826087,0.2427606391304347,-0.064,0.9073,True
1332,right_shoulder,,,,,,0.1781,True
1332,right_toe_tip,386.61800000000005,353.486,-0.6045364021739129,-0.0155415543478261,-0.019,0.9137,True
1333,left_shoulder,283.6717647058824,408.1082352941176,-0.6659966095983149,0.0899168755829695,2.0804705882352947,0.939,False
1333,left_toe_tip,412.68,447.338,-0.6315542608695651,0.242647747826087,-0.058,0.906,True
1333,right_shoulder,,,,,,0.0615,True
1333,right_toe_tip,386.664,353.798,-0.6034353373913045,-0.014772894347826,-0.0154,0.919,True
1334,left_shoulder,284.57323529411764,409.5167647058823,-0.6571418185177523,0.0915506091187752,2.0780294117647062,0.9686,False
1334,left_toe_tip,412.726,447.508,-0.6321675717391305,0.243405404347826,-0.061,0.9163,True
1334,right_shoulder,,,,,,0.0648,True
1334,right_toe_tip,386.83,353.872,-0.6006733434782608,-0.0145393460869566,-0.0068000000000001,0.9092,True
1335,left_shoulder,285.4747058823529,410.9252941176471,-0.6483233975101551,0.0931275151572138,2.0745882352941174,0.9332,False
1335,left_toe_tip,412.812,447.532,-0.6301997565217391,0.2428061565217391,-0.054,0.9142,True
1335,right_shoulder,,,,,,0.0484,True
1335,right_toe_tip,386.822,354.008,-0.5977202347826088,-0.0141463304347826,0.004,0.9195,True
1336,left_shoulder,,,,,,1.0,False
1336,left_toe_tip,412.988,447.594,-0.628724539130435,0.2425972956521737,-0.046,0.9014,True
1336,right_shoulder,,,,,,0.1422,True
1336,right_toe_tip,386.926,354.312,-0.5951090126086956,-0.0133754556521738,0.0125999999999999,0.9133,True
1337,left_shoulder,,,,,,1.0,False
1337,left_toe_tip,413.064,447.62,-0.6277740434782609,0.2423835869565217,-0.043,0.8938,True
1337,right_shoulder,162.24,439.62,-0.7789565217391304,0.1298152173913043,1.618,0.2382,True
1337,right_toe_tip,386.966,354.694,-0.5926496339130435,-0.0124275747826086,0.0211999999999998,0.9343,True
1338,left_shoulder,,,,,,1.0,False
1338,left_toe_tip,413.128,447.782,-0.62715312,0.2426599808695651,-0.0411999999999998,0.9065,True
1338,right_shoulder,162.54000000000002,441.575,-0.7774294347826086,0.1328253804347826,1.711,0.0831,True
1338,right_toe_tip,387.006,355.23,-0.5921159573913044,-0.0111638739130434,0.0268000000000001,0.9464,True
1339,left_shoulder,,,,,,1.0,False
1339,left_toe_tip,413.216,447.882,-0.6246913182608695,0.2420767004347824,-0.0321999999999998,0.9014,True
1339,right_shoulder,162.84,443.53,-0.775903652173913,0.1358270434782608,1.768,0.3401,True
1339,right_toe_tip,386.99,355.948,-0.5943534913043478,-0.0095186765217391,0.0188000000000001,0.9494,True
1340,left_shoulder,,,,,,0.9679,False
1340,left_toe_tip,413.362,448.01200000000006,-0.622367655652174,0.2416886052173915,-0.0244,0.926,True
1340,right_shoulder,163.29250000000002,445.085,-0.7822925523097826,0.1396272595108695,1.76625,0.2779,False
1340,right_toe_tip,387.178,356.486,-0.5964950360869564,-0.0082907482608695,0.0164,0.9547,True
1341,left_shoulder,,,,,,0.929,False
1341,left_toe_tip,413.388,448.24000000000007,-0.6237741617391304,0.242890191304348,-0.0304,0.9206,True
1341,right_shoulder,163.696,446.45,-0.7853838782608694,0.1425485326086956,1.763,0.5413,True
1341,right_toe_tip,387.622,357.026,-0.5996172091304347,-0.0070658360869564,0.0011999999999998,0.9546,True
1342,left_shoulder,,,,,,0.8553,False
1342,left_toe_tip,413.468,448.418,-0.6233077226086957,0.2432840491304348,-0.0294,0.8901,True
1342,right_shoulder,164.384,449.443,-0.7881784278260869,0.1482226063043479,1.7844,0.5085,True
1342,right_toe_tip,388.086,357.82000000000005,-0.6010887095652175,-0.0052016695652172,-0.0081999999999998,0.9687,True
1343,left_shoulder,307.11,444.73,-0.4475923152173913,0.1139250108695652,2.5525,0.9793,False
1343,left_toe_tip,413.634,448.488,-0.6237859599999999,0.2438421495652173,-0.0331999999999998,0.9016,True
1343,right_shoulder,165.026,452.189,-0.7906251995652174,0.1534546028260869,1.7816,0.5174,True
1343,right_toe_tip,388.742,358.516,-0.6001242708695651,-0.0035445017391305,-0.0064,0.9688,True
1344,left_shoulder,307.505,445.2000000000001,-0.4528437336956521,0.1160386956521739,2.547,0.9331,False
1344,left_toe_tip,413.734,448.616,-0.6232644534782608,0.2440985513043477,-0.0321999999999998,0.905,True
1344,right_shoulder,165.954,454.487,-0.7959850660869565,0.1586559973913043,1.8582,0.6504,False
1344,right_toe_tip,389.278,359.244,-0.597644941304348,-0.0018020739130434,-0.002,0.9271,True
1345,left_shoulder,307.83,445.76,-0.4585390217391304,0.1183860869565217,2.53,0.9564,True
1345,left_toe_tip,413.74799999999993,448.764,-0.622979963478261,0.2444097443478261,-0.0311999999999998,0.9112,True
1345,right_shoulder,166.99800000000002,456.57,-0.7947461865217391,0.1622585934782608,1.8792,0.4247,True
1345,right_toe_tip,389.665,360.99,-0.5966408201086957,0.0023595358695652,0.0093000000000001,0.8844,True
1346,left_shoulder,308.245,446.185,-0.46238353125,0.1201203437499999,2.51775,0.972,True
1346,left_toe_tip,413.814,448.706,-0.6201430069565218,0.2432087113043477,-0.0204,0.9192,True
1346,right_shoulder,168.268,458.468,-0.7933301634782609,0.1655974886956522,1.8518,0.585,True
1346,right_toe_tip,389.803,363.422,-0.5959311805434783,0.0081506832608696,0.0106999999999998,0.8643,True
1347,left_shoulder,308.59000000000003,446.586,-0.4644062739130435,0.1213333382608695,2.5003,0.9691,True
1347,left_toe_tip,413.91,448.626,-0.6201255499999999,0.2430857047826088,-0.0214,0.9153,True
1347,right_shoulder,169.51350000000002,460.158,-0.7926419029076086,0.1687390131521739,1.84905,0.6382,False
1347,right_toe_tip,389.7000000000001,366.866,-0.5972647717391304,0.016383619347826,0.0136999999999998,0.5505,False
1348,left_shoulder,309.30600000000004,447.302,-0.4690822499999999,0.1238359891304348,2.5005,0.9498,True
1348,left_toe_tip,413.994,448.552,-0.6198951526086958,0.2428827356521739,-0.0214,0.9068,True
1348,right_shoulder,170.7345,461.64,-0.7926761416032608,0.1716887413043478,1.84495,0.4223,True
1348,right_toe_tip,389.306,371.46,-0.6000033897826087,0.0274280152173913,0.0140999999999999,0.8527,True
1349,left_shoulder,309.97200000000004,447.974,-0.4735184347826087,0.1262235652173912,2.4695,0.9467,True
1349,left_toe_tip,414.154,448.434,-0.6185234582608695,0.2421938113043479,-0.0175999999999999,0.9102,True
1349,right_shoulder,171.599,463.115,-0.7902230348913043,0.1739617298913042,1.8639,0.164,True
1349,right_toe_tip,387.95400000000006,377.382,-0.6064719893478259,0.0418244928260869,0.0063000000000001,0.8091,False
1350,left_shoulder,310.68,448.43,-0.4762969478260869,0.1278966934782608,2.4694000000000003,0.9315,True
1350,left_toe_tip,414.262,448.29800000000006,-0.6191600752173914,0.2421860578260871,-0.0214,0.9347,True
1350,right_shoulder,172.155,464.67,-0.788471383152174,0.176403081521739,1.857,0.2781,True
1350,right_toe_tip,386.725,384.402,-0.6115490054347826,0.0589202204347825,0.0045999999999999,0.868,True
1351,left_shoulder,311.284,448.852,-0.47799594,0.1292023973913043,2.4622,0.9418,True
1351,left_toe_tip,414.284,448.246,-0.6193450765217392,0.2421393504347825,-0.0224,0.92,True
1351,right_shoulder,172.341,466.39,-0.7872429274999999,0.1790936880434782,1.8543,0.3331,False
1351,right_toe_tip,386.749,390.778,-0.6133629110869565,0.0745429778260868,0.0048000000000001,0.594,True
1352,left_shoulder,312.02,449.198,-0.481275,0.1308883695652173,2.478,0.9428,True
1352,left_toe_tip,414.32,448.15,-0.6183141391304348,0.2415118369565216,-0.0185999999999999,0.9757,True
1352,right_shoulder,172.75349999999997,468.025,-0.7868786573641305,0.1819223192934782,1.85365,0.4,True
1352,right_toe_tip,387.1344,399.3956,-0.6160135840695653,0.0959728201565217,-0.0022400000000002,0.6221,True
1353,left_shoulder,312.718,449.602,-0.4862983630434783,0.1331368847826087,2.412,0.9673,True
1353,left_toe_tip,414.424,448.11800000000005,-0.6175388191304348,0.2412326030434783,-0.0115999999999999,0.938,True
1353,right_shoulder,173.2025,469.74300000000005,-0.785259946603261,0.1846127760326087,1.89535,0.4365,True
1353,right_toe_tip,387.8812,410.2548000000001,-0.6194778149739131,0.1234804135826088,-0.0025199999999999,0.5225,True
1354,left_shoulder,313.396,449.804,-0.492178027826087,0.1353307234782608,2.3926,0.9734,True
1354,left_toe_tip,414.578,448.13,-0.6164311604347826,0.2409972326086956,-0.0088000000000001,0.9391,True
1354,right_shoulder,173.788,471.326,-0.7830334591304349,0.1869792773913044,1.9068,0.3777,True
1354,right_toe_tip,389.8124,423.2136,-0.6199322396347827,0.1566350555478262,0.0098599999999996,0.0163,True
1355,left_shoulder,313.79200000000003,450.04,-0.4982472626086956,0.1375263130434782,2.3738,1.0,True
1355,left_toe_tip,415.224,447.852,-0.6146646313043479,0.2402370234782609,-0.0088000000000001,0.893,True
1355,right_shoulder,174.506,473.208,-0.7805120047826087,0.1898202834782608,1.9419,0.5434,True
1355,right_toe_tip,391.894,437.666,-0.6217212743478263,0.1946208656521739,0.0475999999999999,0.0151,True
1356,left_shoulder,314.236,450.308,-0.5064213834782609,0.1403896756521739,2.3488,0.9859,True
1356,left_toe_tip,416.144,447.246,-0.6112242086956523,0.2382195130434782,0.0,0.8594,True
1356,right_shoulder,175.18,474.94,-0.7793818826086957,0.1927243956521738,1.9279,0.4739,True
1356,right_toe_tip,392.996,455.354,-0.6267994982608697,0.2419711395652173,0.0124,0.0144,True
1357,left_shoulder,314.382,450.536,-0.5151135186956521,0.1432240156521738,2.3236,1.0,True
1357,left_toe_tip,417.06000000000006,446.704,-0.6087231304347824,0.2367396173913043,0.0,0.8819,True
1357,right_shoulder,175.776,477.23,-0.7783825460869565,0.1965641282608696,1.9184,0.6748,True
1357,right_toe_tip,394.9656,469.5184,-0.6192338898086955,0.2767672818086957,0.0530399999999999,0.014,True
1358,left_shoulder,314.404,450.682,-0.5234309608695652,0.1457811717391303,2.3,1.0,True
1358,left_toe_tip,417.818,446.184,-0.6062187569565216,0.2351511704347826,0.0208000000000001,0.8751,True
1358,right_shoulder,176.31599999999997,479.42800000000005,-0.7791907217391305,0.2006909652173914,1.906,0.5905,True
1358,right_toe_tip,398.1728,483.6452000000001,-0.6351591408000002,0.3247541178000001,0.0011199999999998,0.7718,True
1359,left_shoulder,314.30600000000004,451.0,-0.5316600534782608,0.1485476086956521,2.2447,1.0,True
1359,left_toe_tip,418.536,445.592,-0.6058484730434786,0.2341499408695652,0.0141999999999998,0.8894,True
1359,right_shoulder,176.798,481.812,-0.7792870169565218,0.2049354495652174,1.8907,0.5405,True
1359,right_toe_tip,402.6176,497.7344,-0.6731494000695651,0.3905758334608694,-0.4108599999999996,0.7529,True
1360,left_shoulder,314.27000000000004,451.338,-0.5409242326086956,0.1516806482608696,2.2187,0.9658,True
1360,left_toe_tip,418.746,445.62000000000006,-0.6057549730434784,0.2344126695652175,0.0121999999999998,0.9044,True
1360,right_shoulder,177.264,484.262,-0.7827280034782609,0.210191874347826,1.8338,0.5196,True
1360,right_toe_tip,407.65,509.766,-0.6936910271739131,0.4471329045652172,-0.5521999999999998,0.0531,False
1361,left_shoulder,314.11,451.678,-0.5490538043478261,0.1544575,2.1965,0.9586,True
1361,left_toe_tip,418.854,445.808,-0.6072861460869566,0.2356362295652174,0.0045999999999999,0.9006,True
1361,right_shoulder,177.818,487.028,-0.78802031,0.2165827399999999,1.8304,0.555,True
1361,right_toe_tip,413.74799999999993,519.118,-0.7079474265217393,0.4978836810869566,-0.3891999999999998,0.8478,True
1362,left_shoulder,313.9,452.062,-0.5572056521739132,0.1573059391304348,2.1745,0.9648,True
1362,left_toe_tip,418.972,445.916,-0.6072023556521738,0.2360261939130434,0.0135999999999999,0.8934,True
1362,right_shoulder,178.136,489.72800000000007,-0.7936028382608695,0.2229065460869566,1.8182,0.5353,True
1362,right_toe_tip,419.676,529.044,-0.7295837673913041,0.5597745065217391,0.0205,0.8663,True
1363,left_shoulder,313.81800000000004,452.578,-0.5653584969565216,0.1604618247826086,2.1094,0.9223,True
1363,left_toe_tip,419.19000000000005,445.968,-0.6061234499999999,0.23598216,0.0155999999999999,0.9054,True
1363,right_shoulder,178.522,492.9120000000001,-0.7923376617391303,0.2282041252173914,1.8814,0.7404,True
1363,right_toe_tip,424.948,536.19,-0.7257069991304347,0.5945646456521742,-0.0585999999999999,0.9263,True
1364,left_shoulder,313.886,453.222,-0.5715502321739131,0.163381687826087,2.0916,0.9345,True
1364,left_toe_tip,419.332,446.064,-0.6045823486956522,0.2357966504347826,0.0204,0.9002,True
1364,right_shoulder,178.986,496.12,-0.7966522360869565,0.2352212782608695,1.9362,0.6549,True
1364,right_toe_tip,429.354,540.3639999999999,-0.6993447200000001,0.5988084799999999,-0.0049,0.9533,True
1365,left_shoulder,313.98400000000004,454.198,-0.5774735582608694,0.1668533269565218,2.0644,0.8851,True
1365,left_toe_tip,419.53600000000006,445.938,-0.6014833043478258,0.2344612826086956,0.031,0.8978,True
1365,right_shoulder,179.206,499.684,-0.7929663704347825,0.2403779443478261,1.9528,0.7607,True
1365,right_toe_tip,433.15,543.2520000000001,-0.685168141304348,0.6070023313043481,-0.0014,0.8589,True
1366,left_shoulder,313.698,455.472,-0.5840096447826088,0.1708741252173913,2.0164,0.8318,True
1366,left_toe_tip,419.52199999999993,445.886,-0.5997001600000001,0.2336099199999999,0.0385999999999999,0.9157,True
1366,right_shoulder,179.522,503.8,-0.789919977826087,0.2466795217391304,1.9578,0.7229,True
1366,right_toe_tip,436.314,545.294,-0.6722080795652173,0.6115104813043478,0.0028000000000001,0.8366,True
1367,left_shoulder,313.3,457.254,-0.5895514565217391,0.1755011856521739,2.0028,0.8789,True
1367,left_toe_tip,419.516,446.082,-0.5988057852173914,0.2337874839130434,0.0424,0.9169,True
1367,right_shoulder,180.4398175895765,507.2864690553746,-0.7849064676450125,0.2515581344576,1.9646846905537456,0.6682,True
1367,right_toe_tip,439.05,546.754,-0.6574996630434782,0.6110509682608696,0.0078000000000001,0.8562,True
1368,left_shoulder,312.50199999999995,459.296,-0.595334407826087,0.1805028591304347,1.9406,0.9153,True
1368,left_toe_tip,419.5220000000001,446.04,-0.5987894899999997,0.2336734173913042,0.0424,0.9187,True
1368,right_shoulder,181.82345276872965,510.0754071661239,-0.7854470390501201,0.2572726275606893,1.9588540716612377,0.4853,True
1368,right_toe_tip,441.892,547.18,-0.6482007626086956,0.6124448217391303,-0.0196999999999998,0.8582,True
1369,left_shoulder,311.434,461.422,-0.6028471826086955,0.1860873217391304,1.905,0.8304,True
1369,left_toe_tip,419.664,445.99,-0.5997929113043476,0.2340797347826085,0.0365999999999999,0.8912,True
1369,right_shoulder,183.56490553745928,512.5668143322476,-0.7810457090371898,0.2610703189157492,1.9757081433224757,0.1805,True
1369,right_toe_tip,444.422,547.0219999999999,-0.6411131873913043,0.6130662473913041,-0.0458000000000001,0.861,True
1370,left_shoulder,310.196,463.8200000000001,-0.6085600765217392,0.1915704695652174,1.8864,0.8154,True
1370,left_toe_tip,419.93,445.736,-0.6037572608695653,0.235214852173913,0.017,0.917,True
1370,right_shoulder,185.94817589576547,514.114690553746,-0.7808472810357345,0.2650359071323326,1.9728469055374596,0.0396,True
1370,right_toe_tip,447.348,546.298,-0.6350815060869567,0.6141354069565218,-0.0628000000000001,0.8228,True
1371,left_shoulder,309.3,466.516,-0.6145987608695651,0.1979576704347825,1.8642,0.9034,True
1371,left_toe_tip,420.292,445.45200000000006,-0.6067284182608694,0.235977555652174,0.0004,0.9275,True
1371,right_shoulder,188.7672638436482,514.637035830619,-0.7762819856709354,0.2660311090356397,1.986270358306189,0.0309,True
1371,right_toe_tip,449.91,545.388,-0.6396941739130434,0.6238709217391305,-0.0955,0.8637,True
1372,left_shoulder,308.72799999999995,469.21,-0.6191905773913045,0.2041277347826087,1.8444,0.7918,True
1372,left_toe_tip,420.482,445.1,-0.6089715647826088,0.2360785,0.0188000000000001,0.9438,True
1372,right_shoulder,190.1768078175896,514.8982084690555,-0.7739980129852606,0.2665289554954915,1.990982084690554,0.0235,True
1372,right_toe_tip,452.208,544.382,-0.6476782782608697,0.6359174847826086,-0.113,0.8472,True
1373,left_shoulder,308.35200000000003,472.412,-0.6232819478260869,0.2112612478260869,1.835,0.7595,True
1373,left_toe_tip,420.484,445.138,-0.6120201521739129,0.237368445652174,0.006,0.9339,True
1373,right_shoulder,191.58635179153097,515.1593811074919,-0.7717131569640687,0.2670269656274752,1.9956938110749185,0.0247,True
1373,right_toe_tip,453.908,543.426,-0.6628920678260869,0.6533953121739131,-0.1561999999999998,0.8577,True
1374,left_shoulder,307.648,476.534,-0.6269170226086956,0.2198185908695652,1.8286,0.8082,True
1374,left_toe_tip,420.254,445.126,-0.6170085513043476,0.2390190034782609,-0.0421999999999998,0.9303,True
1374,right_shoulder,192.9958957654723,515.4205537459284,-0.7694274176073601,0.2675251394315912,2.0004055374592835,0.0164,True
1374,right_toe_tip,455.546,542.4060000000001,-0.6775075617391304,0.6699851686956525,-0.2391999999999998,0.8565,True
1375,left_shoulder,307.25199999999995,480.834,-0.6304851234782609,0.2289541617391304,1.8308,0.8158,True
1375,left_toe_tip,419.82,445.188,-0.6201896217391305,0.2399523730434782,-0.0504,0.9144,True
1375,right_shoulder,194.40543973941368,515.6817263843649,-0.7671407949151345,0.2680234769078395,2.000117263843648,0.0116,True
1375,right_toe_tip,456.656,541.7560000000001,-0.6888154365217393,0.6828493895652177,-0.1964000000000001,0.8939,True
1376,left_shoulder,306.922,485.418,-0.6321241173913045,0.238021552173913,1.838,0.8085,True
1376,left_toe_tip,419.506,445.3059999999999,-0.6232790178260871,0.2411378082608693,-0.0595999999999999,0.9024,True
1376,right_shoulder,,,,,,0.0259,True
1376,right_toe_tip,457.684,541.098,-0.69644712,0.6917943599999998,-0.2544,0.8939,True
1377,left_shoulder,306.35,490.432,-0.633499804347826,0.2476506713043477,1.8417,0.7651,True
1377,left_toe_tip,419.162,445.526,-0.6283801265217392,0.2433586552173913,-0.0768000000000001,0.8997,True
1377,right_shoulder,,,,,,0.0146,True
1377,right_toe_tip,458.676,540.306,-0.700699005217391,0.6967650991304349,-0.2706999999999998,0.8989,True
1378,left_shoulder,305.712,495.67,-0.6358739130434783,0.2580679347826086,1.829,0.7399,True
1378,left_toe_tip,419.374,445.326,-0.6312301708695652,0.2441251056521739,-0.0911999999999998,0.8293,True
1378,right_shoulder,,,,,,0.0111,True
1378,right_toe_tip,459.552,539.79,-0.6958231791304348,0.6932858739130433,-0.2630999999999999,0.8762,True
1379,left_shoulder,305.65,500.8059999999999,-0.6365006413043478,0.2680517699999998,1.8176,0.8383,True
1379,left_toe_tip,419.614,445.316,-0.6271418999999999,0.2427796608695651,-0.077,0.847,True
1379,right_shoulder,,,,,,0.016,True
1379,right_toe_tip,460.20200000000006,539.4,-0.685069466521739,0.683553,-0.2209000000000001,0.8783,True
1380,left_shoulder,305.9440000000001,505.50999999999993,-0.6359409547826086,0.2770067543478259,1.8081,0.7879,True
1380,left_toe_tip,420.06000000000006,445.174,-0.6215217521739129,0.240690614347826,-0.0588000000000001,0.8463,True
1380,right_shoulder,,,,,,0.0099,True
1380,right_toe_tip,460.778,538.9799999999999,-0.6857968791304349,0.6848708608695648,-0.2314,0.8932,True
1381,left_shoulder,305.948,510.222,-0.6368047800000001,0.2863688517391305,1.7917,0.6413,True
1381,left_toe_tip,420.304,445.15,-0.61672488,0.239030858695652,-0.0415999999999999,0.7966,True
1381,right_shoulder,,,,,,0.0155,True
1381,right_toe_tip,461.232,538.748,-0.6818056069565218,0.6817293286956525,-0.2243000000000002,0.8794,True
1382,left_shoulder,306.306,514.686,-0.6416355282608696,0.2974342760869565,1.776,0.8567,True
1382,left_toe_tip,420.704,444.664,-0.6103103026086957,0.2356235930434783,0.0230999999999999,0.7019,True
1382,right_shoulder,,,,,,0.0215,True
1382,right_toe_tip,461.476,538.698,-0.6816123939130434,0.6822767334782608,-0.2280999999999999,0.8808,True
1383,left_shoulder,306.862,519.038,-0.6404215943478262,0.3057332682608696,1.7719,0.7898,True
1383,left_toe_tip,420.90199999999993,444.228,-0.6060917500000002,0.2330002826086955,0.0385,0.6706,True
1383,right_shoulder,,,,,,0.0249,True
1383,right_toe_tip,461.572,538.6379999999999,-0.6842325913043478,0.6850378956521735,-0.2435,0.8647,True
1384,left_shoulder,307.151,522.919,-0.6399383817391304,0.3132294860869564,1.7437,0.8408,True
1384,left_toe_tip,421.166,443.43,-0.6070264869565217,0.2314275652173913,0.0315,0.8023,True
1384,right_shoulder,,,,,,0.016,True
1384,right_toe_tip,461.674,538.542,-0.6916335143478263,0.6924712656521741,-0.2836999999999998,0.8794,True
1385,left_shoulder,306.807,527.0429999999999,-0.6417586913043479,0.3217393434782606,1.717,0.7821,True
1385,left_toe_tip,421.634,443.032,-0.6105228534782607,0.2321466417391303,0.0138000000000001,0.8843,True
1385,right_shoulder,,,,,,0.0213,True
1385,right_toe_tip,461.798,538.5139999999999,-0.6904165313043481,0.6916253278260867,-0.2799000000000001,0.8722,True
1386,left_shoulder,306.999,530.827,-0.6412440995652173,0.3289533839130434,1.6899000000000002,0.8351,False
1386,left_toe_tip,422.52199999999993,442.454,-0.6130988486956523,0.2324485808695652,0.0179,0.8956,True
1386,right_shoulder,,,,,,0.0156,False
1386,right_toe_tip,461.852,538.494,-0.6880385582608697,0.6893748704347826,-0.2686999999999998,0.8611,True
1387,left_shoulder,306.891,534.559,-0.6385192625,0.334603039673913,1.6975,0.8189,True
1387,left_toe_tip,423.49,442.08600000000007,-0.6161121521739131,0.2335882043478263,0.0115,0.8708,True
1387,right_shoulder,,,,,,0.02,True
1387,right_toe_tip,461.948,538.5380000000001,-0.6873194269565216,0.6891954926086962,-0.2669000000000001,0.89,True
1388,left_shoulder,306.649,537.9889999999999,-0.6408672974999999,0.3421838524999998,1.7113,0.8381,True
1388,left_toe_tip,424.252,441.302,-0.6175551991304349,0.2327181378260868,-0.0039,0.8504,True
1388,right_shoulder,,,,,,0.0132,True
1388,right_toe_tip,462.036,538.568,-0.6850840243478262,0.6874091617391304,-0.2570999999999999,0.9095,True
1389,left_shoulder,306.574,541.2360000000001,-0.6407215493478262,0.3482686134782611,1.7211,0.878,False
1389,left_toe_tip,424.97800000000007,440.74,-0.6186556891304346,0.2323030217391302,-0.0015,0.806,True
1389,right_shoulder,,,,,,0.0125,True
1389,right_toe_tip,462.15,538.62,-0.6813588152173914,0.6843087521739131,-0.2400999999999999,0.9115,True
1390,left_shoulder,306.44,544.6020000000001,-0.6404714565217391,0.3544559054347828,1.7225,0.8543,True
1390,left_toe_tip,425.39,440.162,-0.6177502195652171,0.230744574347826,-0.0026999999999998,0.8133,True
1390,right_shoulder,,,,,,0.0156,True
1390,right_toe_tip,462.278,538.542,-0.6812547882608696,0.6843980621739131,-0.2420999999999999,0.9139,True
1391,left_shoulder,305.58000000000004,548.454,-0.64415835,0.3629992754347825,1.6984,0.8548,True
1391,left_toe_tip,425.662,439.688,-0.6179923682608697,0.229761292173913,-0.0070999999999999,0.8075,True
1391,right_shoulder,,,,,,0.0103,True
1391,right_toe_tip,462.434,538.51,-0.6813516230434782,0.6849739152173913,-0.2456999999999998,0.9121,True
1392,left_shoulder,304.61400000000003,552.162,-0.64634715,0.3703295934782609,1.679,0.8619,True
1392,left_toe_tip,425.926,439.616,-0.6187203978260868,0.2301075478260869,-0.0135,0.7738,True
1392,right_shoulder,,,,,,0.0194,True
1392,right_toe_tip,462.58,538.4040000000001,-0.6775515521739129,0.6813093626086962,-0.2289000000000001,0.8987,True
1393,left_shoulder,303.76800000000003,555.25,-0.648635384347826,0.3766627173913043,1.6682,0.8235,True
1393,left_toe_tip,426.18,440.042,-0.6207287565217393,0.2323654060869566,-0.0253000000000001,0.806,True
1393,right_shoulder,,,,,,0.0121,True
1393,right_toe_tip,462.69,538.302,-0.6731612695652177,0.676927419130435,-0.2128000000000001,0.9012,True
1394,left_shoulder,302.672,558.582,-0.6530230086956521,0.38442885,1.662,0.8376,True
1394,left_toe_tip,426.422,440.744,-0.6205369499999999,0.2345964260869564,-0.025,0.7717,True
1394,right_shoulder,,,,,,0.0118,True
1394,right_toe_tip,462.802,538.2239999999999,-0.6709640791304347,0.6748490504347824,-0.2035999999999999,0.8869,True
1395,left_shoulder,301.552,562.016,-0.6550440313043477,0.3909887930434781,1.6759000000000002,0.8627,True
1395,left_toe_tip,426.558,441.192,-0.6216266247826088,0.2364628747826087,-0.0314,0.6966,True
1395,right_shoulder,,,,,,0.0248,True
1395,right_toe_tip,462.86800000000005,538.244,-0.6657082643478258,0.6698874504347826,-0.1775999999999999,0.8972,True
1396,left_shoulder,300.806,564.912,-0.6542019930434784,0.395212883478261,1.7146,0.8739,True
1396,left_toe_tip,426.614,441.6839999999999,-0.6219274134782607,0.238073345217391,-0.0334,0.7626,True
1396,right_shoulder,,,,,,0.0163,True
1396,right_toe_tip,462.882,538.1980000000001,-0.6598415578260872,0.6638650273913047,-0.1474000000000001,0.899,True
1397,left_shoulder,299.89,568.078,-0.654416002173913,0.4003692126086956,1.7368,0.8763,True
1397,left_toe_tip,426.642,442.024,-0.6213819839130436,0.2388859843478261,-0.0314,0.6829,True
1397,right_shoulder,,,,,,0.0427,True
1397,right_toe_tip,462.914,538.2560000000001,-0.6563346117391303,0.6606709878260874,-0.1298000000000002,0.8953,True
1398,left_shoulder,299.01000000000005,571.4259999999999,-0.653514747826087,0.4052025252173912,1.7583,0.8796,True
1398,left_toe_tip,426.8,442.73,-0.6201802608695651,0.2406543760869565,-0.0281999999999998,0.72,True
1398,right_shoulder,,,,,,0.0417,True
1398,right_toe_tip,462.93,538.374,-0.6545431043478261,0.6593633686956523,-0.1208000000000001,0.8846,True
1399,left_shoulder,298.438,574.64,-0.6512696308695652,0.4092624869565217,1.7628,0.85,True
1399,left_toe_tip,427.198,443.392,-0.6192538199999998,0.24267072,-0.0291999999999998,0.5688,True
1399,right_shoulder,,,,,,0.0176,True
1399,right_toe_tip,462.99,538.426,-0.6503193478260871,0.6555216086956523,-0.1,0.8793,True
1400,left_shoulder,298.206,577.3700000000001,-0.6518606004347826,0.414562393478261,1.7344000000000002,0.8603,True
1400,left_toe_tip,427.682,444.932,-0.6176145995652174,0.2470598026086955,-0.0306999999999998,0.6172,True
1400,right_shoulder,,,,,,0.0302,True
1400,right_toe_tip,462.97,538.442,-0.6514319152173914,0.6566277682608695,-0.1054,0.8669,True
1401,left_shoulder,297.946,580.374,-0.6522077465217392,0.4201957291304348,1.6403,0.8702,True
1401,left_toe_tip,428.0,447.206,-0.6159521739130436,0.2533713456521738,-0.025,0.5766,True
1401,right_shoulder,,,,,,0.0118,True
1401,right_toe_tip,462.966,538.482,-0.6547948860869565,0.6601505973913043,-0.1228000000000001,0.8631,True
1402,left_shoulder,297.946,583.484,-0.6528769826086955,0.4265629391304348,1.5745,0.8754,True
1402,left_toe_tip,427.95,448.03600000000006,-0.6173420869565217,0.2562995895652175,-0.0329,0.5687,True
1402,right_shoulder,,,,,,0.0218,True
1402,right_toe_tip,462.938,538.3820000000001,-0.6586321482608696,0.6635422613043479,-0.1421999999999998,0.8782,True
1403,left_shoulder,297.9119999999999,586.7180000000001,-0.6539830156521741,0.4334256721739131,1.5632,0.8882,True
1403,left_toe_tip,427.331,449.0100000000001,-0.6170868429347827,0.2582741250000002,-0.035,0.5137,True
1403,right_shoulder,,,,,,0.0382,True
1403,right_toe_tip,462.932,538.164,-0.6466061443478262,0.6506084504347825,-0.0795999999999999,0.8698,True
1404,left_shoulder,298.15399999999994,589.4939999999999,-0.654560775652174,0.4394311199999998,1.5474,0.8539,True
1404,left_toe_tip,426.01900000000006,450.23,-0.6167537148913042,0.2600683597826087,-0.0401999999999998,0.5662,True
1404,right_shoulder,,,,,,0.0366,True
1404,right_toe_tip,462.86,538.076,-0.6342382173913043,0.6375895043478261,-0.014,0.8789,True
1405,left_shoulder,298.264,592.508,-0.6533100834782609,0.4444946417391304,1.5462,0.8528,True
1405,left_toe_tip,425.151,451.0846666666666,-0.6164687267028987,0.2613502901207729,-0.0337666666666668,0.2687,True
1405,right_shoulder,,,,,,0.0111,False
1405,right_toe_tip,463.181,537.942,-0.6137349051086955,0.6176328136956523,0.0866999999999998,0.8662,True
1406,left_shoulder,298.326,595.4459999999999,-0.6528201708695651,0.4498554117391303,1.5472,0.8304,True
1406,left_toe_tip,424.813,451.598,-0.6160663470652175,0.2622391002173912,-0.0479,0.785,True
1406,right_shoulder,,,,,,0.0287,False
1406,right_toe_tip,463.789,537.712,-0.5902876966304347,0.5953158834782608,0.2025999999999999,0.8728,True
1407,left_shoulder,298.392,598.044,-0.6518029165217392,0.4541983017391304,1.5576,0.8576,True
1407,left_toe_tip,425.28100000000006,453.766,-0.6129527279347825,0.2676713541304347,-0.0378000000000001,0.2948,True
1407,right_shoulder,,,,,,0.0204,True
1407,right_toe_tip,464.797,537.2539999999999,-0.5677148514130435,0.574360760217391,0.2989000000000001,0.8531,False
1408,left_shoulder,298.428,600.796,-0.650471895652174,0.4585593391304348,1.57,0.8476,True
1408,left_toe_tip,428.14400000000006,456.776,-0.6050791582608693,0.2764006713043478,-0.0005999999999999,0.1944,True
1408,right_shoulder,,,,,,0.0136,True
1408,right_toe_tip,465.5602,536.7983999999999,-0.5585524474304349,0.5661046333565214,0.3341799999999998,0.8205,True
1409,left_shoulder,298.002,603.6479999999999,-0.6497218526086956,0.4628782330434781,1.5782,0.8522,True
1409,left_toe_tip,432.9200000000001,461.262,-0.5872518695652172,0.2871658239130435,0.039,0.8223,True
1409,right_shoulder,,,,,,0.0264,True
1409,right_toe_tip,466.0826,536.1992,-0.5525393606130433,0.5597886888173913,0.3491400000000003,0.5543,True
1410,left_shoulder,297.796,605.8879999999999,-0.6497412469565218,0.4668664765217389,1.5832,0.857,True
1410,left_toe_tip,440.228,467.1473333333333,-0.5686408646376812,0.3049894493236714,0.0242666666666668,0.9098,True
1410,right_shoulder,,,,,,0.0247,True
1410,right_toe_tip,466.0732,535.6143999999999,-0.5494423232347827,0.5547735250086955,0.3656799999999998,0.2318,True
1411,left_shoulder,297.46400000000006,607.7700000000001,-0.6505950069565216,0.4706014108695654,1.5786,0.8557,True
1411,left_toe_tip,448.822,473.63,-0.5559539360869565,0.3304409804347826,-0.1444,0.794,True
1411,right_shoulder,,,,,,0.0257,True
1411,right_toe_tip,465.532,535.0440000000001,-0.5492328495652175,0.5510461226086959,0.3838000000000002,0.0316,True
1412,left_shoulder,297.44,609.092,-0.6506405913043478,0.4731123486956521,1.5786,0.836,True
1412,left_toe_tip,459.342,481.142,-0.5325483652173914,0.3571055478260869,0.013,0.9652,True
1412,right_shoulder,,,,,,0.0242,False
1412,right_toe_tip,464.348,534.7259999999999,-0.5471559800000002,0.5442714899999996,0.4141999999999998,0.0086,True
1413,left_shoulder,297.462,610.316,-0.6505988056521739,0.4754371504347827,1.5746,0.8578,True
1413,left_toe_tip,469.934,488.402,-0.5071663886956521,0.3829170947826088,0.4184000000000001,0.8437,True
1413,right_shoulder,,,,,,0.0249,True
1413,right_toe_tip,463.7559999999999,534.567,-0.546088202608696,0.5408920545652174,0.4379,0.0343,True
1414,left_shoulder,297.83000000000004,611.3380000000001,-0.6507924630434783,0.4780339482608697,1.5632,0.8634,True
1414,left_toe_tip,481.516,495.608,-0.4798275365217392,0.41056796,0.3465999999999999,0.8374,True
1414,right_shoulder,,,,,,0.0173,True
1414,right_toe_tip,463.16399999999993,534.408,-0.545000863478261,0.5375178730434783,0.4530999999999999,0.0211,True
1415,left_shoulder,298.288,612.72,-0.6506642191304348,0.4812118434782609,1.5612,0.8786,True
1415,left_toe_tip,492.572,503.092,-0.4463542947826089,0.4332265834782609,0.2465999999999999,0.895,True
1415,right_shoulder,,,,,,0.0223,True
1415,right_toe_tip,462.5719999999999,534.249,-0.5438939626086959,0.5341489454347826,0.4728000000000001,0.0523,True
1416,left_shoulder,299.23400000000004,614.068,-0.6488629117391305,0.4837786113043478,1.5492,0.8693,True
1416,left_toe_tip,503.58600000000007,510.86800000000005,-0.4045268204347824,0.4473892147826088,0.1228000000000001,0.8616,True
1416,right_shoulder,,,,,,0.0253,False
1416,right_toe_tip,461.98,534.0899999999999,-0.5427675,0.5307852717391301,0.488,0.0423,True
1417,left_shoulder,300.616,615.138,-0.6464527408695653,0.4859824252173914,1.5486,0.8185,True
1417,left_toe_tip,514.076,519.658,-0.3650427260869564,0.4628346586956521,0.0325,0.8772,True
1417,right_shoulder,,,,,,0.0258,True
1417,right_toe_tip,456.06,532.5,-0.5304269782608696,0.4974375,0.652,0.9368,False
1418,left_shoulder,302.642,615.998,-0.6425936513043479,0.4876205382608697,1.5526,0.7935,True
1418,left_toe_tip,524.004,529.348,-0.3283695460869564,0.4794020991304347,0.0490999999999999,0.9525,True
1418,right_shoulder,,,,,,0.0145,True
1418,right_toe_tip,456.63375,532.85375,-0.5433969128736414,0.5122436333220108,0.574625,0.9447,False
1419,left_shoulder,305.188,616.6320000000001,-0.6381080008695652,0.4891071182608696,1.5556,0.8272,True
1419,left_toe_tip,532.412,538.7479999999999,-0.2973404878260868,0.4940050704347823,0.0894,0.8732,True
1419,right_shoulder,,,,,,0.017,True
1419,right_toe_tip,457.2075,533.2075,-0.556275328125,0.5271061936141304,0.50125,0.9102,True
1420,left_shoulder,308.362,616.636,-0.6318424852173914,0.4889473704347825,1.5692000000000002,0.8846,True
1420,left_toe_tip,539.07,547.116,-0.2725548826086955,0.5052945547826087,0.0085999999999999,0.965,True
1420,right_shoulder,,,,,,0.0238,True
1420,right_toe_tip,457.78125,533.56125,-0.5690622240149457,0.5420251808763585,0.427875,0.899,False
1421,left_shoulder,311.544,616.776,-0.6254230660869566,0.488934996521739,1.5872,0.8027,True
1421,left_toe_tip,544.8,554.884,-0.2529629565217392,0.5178406808695653,-0.0725999999999999,0.9355,True
1421,right_shoulder,,,,,,0.0475,True
1421,right_toe_tip,458.355,533.915,-0.5817576005434782,0.5570005951086955,0.3545,0.9262,False
1422,left_shoulder,315.058,616.608,-0.6198621847826087,0.4895076521739129,1.6135,0.8445,True
1422,left_toe_tip,549.004,560.7760000000001,-0.2393986069565216,0.5282154678260871,-0.0734,0.9327,True
1422,right_shoulder,,,,,,0.0255,False
1422,right_toe_tip,459.437,534.8530000000001,-0.6048664235869565,0.5857385442391306,0.2150999999999999,0.9148,False
1423,left_shoulder,318.682,616.298,-0.6128093073913043,0.4888048595652174,1.6399,0.8242,True
1423,left_toe_tip,552.05,565.176,-0.2293200652173914,0.5349741182608697,-0.0808000000000001,0.9365,True
1423,right_shoulder,,,,,,0.0234,True
1423,right_toe_tip,460.2755,535.8395,-0.612499142472826,0.5992591047010871,0.1576500000000001,0.9237,True
1424,left_shoulder,322.67400000000004,615.802,-0.6049889173913043,0.4876920739130435,1.671,0.8789,True
1424,left_toe_tip,554.154,568.4480000000001,-0.2232742486956522,0.5421460591304351,-0.0998000000000001,0.966,True
1424,right_shoulder,,,,,,0.0189,True
1424,right_toe_tip,460.9165,536.7265,-0.6136432386684784,0.6055667988315218,0.1405500000000001,0.9906,True
1425,left_shoulder,326.612,615.74,-0.5995929973913044,0.4892973347826087,1.6873,0.8709,True
1425,left_toe_tip,555.356,570.9,-0.2198351886956522,0.5477439782608696,-0.1334000000000001,0.99,True
1425,right_shoulder,,,,,,0.0191,True
1425,right_toe_tip,461.462,537.472,-0.6099401456521739,0.6062983652173911,0.146,1.0,True
1426,left_shoulder,331.442,615.264,-0.5906873365217392,0.4886640834782609,1.6998,0.8824,True
1426,left_toe_tip,555.626,572.936,-0.2169512330434783,0.5475232626086957,-0.1185999999999999,1.0,True
1426,right_shoulder,,,,,,0.018,True
1426,right_toe_tip,461.888,538.01,-0.60879456,0.6084459195652173,0.1399,1.0,True
1427,left_shoulder,336.436,615.4820000000001,-0.5805331539130435,0.4885815552173915,1.7110999999999998,0.7882,True
1427,left_toe_tip,555.524,574.4,-0.21625856,0.5488639999999999,-0.1161999999999998,0.9954,True
1427,right_shoulder,,,,,,0.0186,True
1427,right_toe_tip,462.208,538.204,-0.6061161182608696,0.6075206799999998,0.1480999999999999,1.0,True
1428,left_shoulder,341.77200000000005,615.452,-0.5703286339130434,0.4885241834782609,1.7251,0.8734,True
1428,left_toe_tip,555.168,575.504,-0.2168564104347826,0.5508938121739132,-0.1168000000000001,0.9631,True
1428,right_shoulder,,,,,,0.0174,True
1428,right_toe_tip,462.624,538.234,-0.6092480000000001,0.612195043478261,0.1245,1.0,True
1429,left_shoulder,347.806,615.78,-0.5599961530434784,0.4902079304347825,1.7348,0.8763,True
1429,left_toe_tip,555.042,576.12,-0.2177325786956521,0.5538779739130435,-0.1228000000000001,0.9611,True
1429,right_shoulder,,,,,,0.0427,True
1429,right_toe_tip,463.072,538.152,-0.6249404660869565,0.6292638469565219,0.0304,0.9986,True
1430,left_shoulder,354.106,615.8779999999999,-0.5455603330434782,0.4882819747826085,1.7659,0.8458,True
1430,left_toe_tip,555.322,576.4119999999999,-0.2175488269565217,0.5559906556521736,-0.1285999999999999,0.966,True
1430,right_shoulder,,,,,,0.0318,True
1430,right_toe_tip,463.34800000000007,537.952,-0.6423988382608694,0.6471263165217391,-0.0655999999999999,0.9781,True
1431,left_shoulder,360.474,616.154,-0.5336515939130435,0.4890313973913043,1.7795999999999998,0.8688,True
1431,left_toe_tip,555.9620000000001,576.236,-0.2175122669565214,0.5596751773913042,-0.1461999999999998,0.9744,True
1431,right_shoulder,,,,,,0.0545,True
1431,right_toe_tip,463.382,537.9200000000001,-0.6536785760869567,0.658497391304348,-0.125,0.9671,True
1432,left_shoulder,366.576,616.93,-0.52140768,0.4899543391304347,1.7811,0.8501,True
1432,left_toe_tip,556.892,575.874,-0.2155026573913042,0.559770667826087,-0.1525999999999999,0.9669,True
1432,right_shoulder,,,,,,0.0212,True
1432,right_toe_tip,463.27199999999993,537.974,-0.6579660278260872,0.6626049400000001,-0.1451999999999998,0.9769,True
1433,left_shoulder,372.31000000000006,617.938,-0.5109969326086956,0.4923812126086956,1.7558,0.8782,True
1433,left_toe_tip,558.0899999999999,575.396,-0.2142124565217393,0.5633073652173912,-0.175,0.9474,True
1433,right_shoulder,,,,,,0.0196,True
1433,right_toe_tip,463.046,538.154,-0.6588074356521739,0.6632750878260869,-0.1451999999999998,0.9776,True
1434,left_shoulder,377.344,619.128,-0.5027578434782609,0.4960047913043479,1.719,0.8531,True
1434,left_toe_tip,559.208,574.96,-0.2126410313043479,0.5657653739130436,-0.1864000000000001,0.9268,True
1434,right_shoulder,,,,,,0.0159,True
1434,right_toe_tip,462.8,538.626,-0.6443531304347826,0.6495385004347826,-0.0654000000000001,0.99,True
1435,left_shoulder,382.418,620.5,-0.4923175965217392,0.4978947826086957,1.6936,0.9,True
1435,left_toe_tip,560.1020000000001,574.586,-0.210670183043478,0.5658073030434784,-0.1928000000000002,0.933,True
1435,right_shoulder,,,,,,0.0186,True
1435,right_toe_tip,462.646,539.16,-0.6329610039130433,0.639406460869565,-0.0034,1.0,True
1436,left_shoulder,387.0100000000001,621.762,-0.4848608347826086,0.5016725634782608,1.6663,0.9364,True
1436,left_toe_tip,560.8019999999999,574.374,-0.2092893234782611,0.5665065965217392,-0.1996999999999998,0.936,True
1436,right_shoulder,,,,,,0.0176,True
1436,right_toe_tip,462.694,539.5919999999999,-0.6210335373913045,0.6290405008695648,0.0455999999999999,1.0,True
1437,left_shoulder,392.064,622.5,-0.4763605147826087,0.5043423913043478,1.6314000000000002,0.8958,True
1437,left_toe_tip,561.162,574.374,-0.2078238234782607,0.5651085052173913,-0.1936999999999998,0.9437,True
1437,right_shoulder,,,,,,0.0123,True
1437,right_toe_tip,463.11800000000005,539.808,-0.6205481991304345,0.6308133704347826,0.0404,0.9928,True
1438,left_shoulder,397.356,623.308,-0.4653489930434783,0.5049789513043479,1.6301,0.8876,True
1438,left_toe_tip,561.2639999999999,574.464,-0.2070072139130437,0.5638538295652175,-0.1873000000000002,0.9563,True
1438,right_shoulder,,,,,,0.0149,True
1438,right_toe_tip,463.61,539.818,-0.6294055347826086,0.6416375330434783,-0.0148000000000001,0.9946,True
1439,left_shoulder,402.626,624.16,-0.4570481560869566,0.508622852173913,1.6361,0.8631,True
1439,left_toe_tip,561.28,574.562,-0.2051340521739131,0.559120585652174,-0.1659000000000001,0.9422,True
1439,right_shoulder,,,,,,0.0115,True
1439,right_toe_tip,464.078,539.6659999999999,-0.6359962739130436,0.6495316478260867,-0.058,0.9748,True
1440,left_shoulder,407.926,624.778,-0.4455820800000001,0.5083737600000001,1.6586,0.8702,True
1440,left_toe_tip,561.2719999999999,574.654,-0.2061475565217393,0.5620668326086955,-0.1775,0.9477,True
1440,right_shoulder,,,,,,0.0101,True
1440,right_toe_tip,464.568,539.5699999999999,-0.637924144347826,0.6529711717391302,-0.0854,0.9731,True
1441,left_shoulder,413.216,625.692,-0.4341434573913043,0.5086269026086957,1.6638,0.8706,True
1441,left_toe_tip,561.2,574.74,-0.2057193913043477,0.5606114478260871,-0.1703000000000001,0.9506,True
1441,right_shoulder,,,,,,0.0135,True
1441,right_toe_tip,465.034,539.5360000000001,-0.6380933947826087,0.6547599860869567,-0.0951999999999998,0.9934,True
1442,left_shoulder,418.472,626.1579999999999,-0.4236000626086956,0.5089403843478258,1.6838,0.9188,True
1442,left_toe_tip,561.236,574.774,-0.2064986608695652,0.5630814000000001,-0.1805,0.948,True
1442,right_shoulder,,,,,,0.0102,True
1442,right_toe_tip,465.2480000000001,539.644,-0.6327921878260868,0.6505065452173913,-0.0714,0.9916,True
1443,left_shoulder,423.75,626.512,-0.4141657608695652,0.5104284173913043,1.672,0.8914,True
1443,left_toe_tip,561.296,574.7459999999999,-0.2072823826086955,0.5655756065217388,-0.1915,0.9345,True
1443,right_shoulder,,,,,,0.0135,True
1443,right_toe_tip,465.58600000000007,539.594,-0.626601253043478,0.6452109660869566,-0.0451999999999998,0.9681,True
1444,left_shoulder,428.48,627.0559999999999,-0.4001866434782608,0.505258340869565,1.7024,0.9369,True
1444,left_toe_tip,561.3100000000001,574.728,-0.209075908695652,0.5705229599999998,-0.2129000000000001,0.9381,True
1444,right_shoulder,,,,,,0.0109,True
1444,right_toe_tip,466.018,539.2860000000001,-0.6259948004347826,0.6450788230434785,-0.0621999999999998,0.9113,True
1445,left_shoulder,433.136,627.49,-0.3958747373913044,0.51189445,1.6824,0.9114,True
1445,left_toe_tip,561.318,574.7,-0.208678347826087,0.5694217391304348,-0.2085,0.942,True
1445,right_shoulder,,,,,,0.011,True
1445,right_toe_tip,466.45200000000006,538.924,-0.622886408695652,0.6421815739130433,-0.042,0.883,True
1446,left_shoulder,437.698,627.812,-0.387144457826087,0.51251066,1.6469,0.957,True
1446,left_toe_tip,561.322,574.632,-0.2082401413043478,0.5680749130434781,-0.2035,0.9299,True
1446,right_shoulder,,,,,,0.0099,True
1446,right_toe_tip,466.742,538.366,-0.6129566721739131,0.6310278878260869,0.0051999999999998,0.8608,True
1447,left_shoulder,441.666,628.5440000000001,-0.3778693860869565,0.5116346991304349,1.6202,0.8786,True
1447,left_toe_tip,561.3100000000001,574.52,-0.2078271326086955,0.5665659739130434,-0.1983000000000001,0.9197,True
1447,right_shoulder,,,,,,0.0103,True
1447,right_toe_tip,467.074,537.762,-0.602346369130435,0.619191418695652,0.0554,0.8766,True
1448,left_shoulder,445.292,629.258,-0.3730774591304347,0.5159217417391305,1.5842,0.8608,True
1448,left_toe_tip,561.2379999999999,574.442,-0.2057914082608697,0.5602996517391305,-0.1723000000000001,0.9257,True
1448,right_shoulder,,,,,,0.011,True
1448,right_toe_tip,467.28,537.3539999999999,-0.5941943478260869,0.6101363152173911,0.091,0.9021,True
1449,left_shoulder,448.734,630.142,-0.3675217769565216,0.519083725652174,1.5667,0.7651,True
1449,left_toe_tip,561.168,574.3439999999999,-0.2038664069565217,0.5543122226086955,-0.1476999999999998,0.9271,True
1449,right_shoulder,,,,,,0.0123,True
1449,right_toe_tip,467.4719999999999,537.0939999999999,-0.58929563826087,0.6048915060869564,0.1135999999999999,0.92,True
1450,left_shoulder,452.032,630.9680000000001,-0.3596318191304348,0.518432471304348,1.5618,0.9334,True
1450,left_toe_tip,561.22,574.252,-0.2013856565217391,0.5476933191304347,-0.1203000000000001,0.9328,True
1450,right_shoulder,,,,,,0.0106,True
1450,right_toe_tip,467.988,537.382,-0.5875331617391304,0.6058752139130433,0.1135999999999999,0.9434,True
1451,left_shoulder,455.134,631.618,-0.3540585782608695,0.5202075173913044,1.56,0.7835,True
1451,left_toe_tip,561.262,574.22,-0.2000629878260871,0.5443050782608697,-0.1060999999999999,0.9278,True
1451,right_shoulder,,,,,,0.026,True
1451,right_toe_tip,468.45200000000006,537.662,-0.5906099295652172,0.6116593682608696,0.0885999999999999,0.9752,True
1452,left_shoulder,457.738,632.574,-0.3505373726086957,0.5242309082608695,1.5436,0.8313,True
1452,left_toe_tip,561.372,574.182,-0.1975613965217392,0.5381555556521739,-0.0800999999999999,0.9394,True
1452,right_shoulder,,,,,,0.0203,True
1452,right_toe_tip,468.796,538.012,-0.5981346704347826,0.6219197504347824,0.0098000000000001,0.9795,True
1453,left_shoulder,460.05,633.672,-0.3443304130434782,0.5236654226086958,1.5406,0.7994,True
1453,left_toe_tip,561.494,574.094,-0.1955311395652173,0.5332336865217392,-0.0599,0.9257,True
1453,right_shoulder,,,,,,0.0114,True
1453,right_toe_tip,469.252,538.472,-0.6023692486956523,0.6296181773913043,-0.0215999999999999,0.9833,True
1454,left_shoulder,462.794,634.024,-0.341275642173913,0.5277344817391305,1.5172,0.8073,True
1454,left_toe_tip,561.662,573.98,-0.1938695199999999,0.5295539826086957,-0.0453000000000001,0.9265,True
1454,right_shoulder,,,,,,0.0138,True
1454,right_toe_tip,469.57,538.9979999999999,-0.6051006,0.635520725217391,-0.0424,0.9637,True
1455,left_shoulder,464.918,634.464,-0.3383649956521739,0.5304315130434784,1.511,0.8289,True
1455,left_toe_tip,561.744,573.828,-0.192935064347826,0.527178988695652,-0.0366999999999998,0.9202,True
1455,right_shoulder,,,,,,0.0125,True
1455,right_toe_tip,469.70200000000006,539.376,-0.6147387586956521,0.6475083652173912,-0.12,0.9509,True
1456,left_shoulder,466.976,634.86,-0.33566656,0.5332284,1.4997,0.9112,True
1456,left_toe_tip,561.896,573.632,-0.1917622991304349,0.5245130017391304,-0.0198000000000001,0.9265,True
1456,right_shoulder,,,,,,0.0113,True
1456,right_toe_tip,470.126,540.27,-0.6246931704347825,0.6629233304347826,-0.1821999999999998,0.9419,True
1457,left_shoulder,469.306,634.6600000000001,-0.3315916486956521,0.5335569043478263,1.4928,0.8837,True
1457,left_toe_tip,561.9060000000001,573.516,-0.1914830926086955,0.5235319486956521,-0.0168000000000001,0.9237,True
1457,right_shoulder,,,,,,0.0186,False
1457,right_toe_tip,471.028,541.164,-0.6222944895652175,0.6671955052173912,-0.2331999999999998,0.9268,True
1458,left_shoulder,471.59,634.22,-0.3281798347826087,0.5343713217391305,1.4872,0.8327,True
1458,left_toe_tip,561.9159999999999,573.47,-0.1908135313043479,0.5216557108695652,-0.0091999999999998,0.9219,True
1458,right_shoulder,,,,,,0.0136,True
1458,right_toe_tip,471.672,542.204,-0.6217524017391303,0.6730061226086954,-0.2431999999999998,0.8616,True
1459,left_shoulder,473.288,634.12,-0.3246172573913043,0.5337593130434783,1.4886,0.8203,True
1459,left_toe_tip,561.912,573.45,-0.189719888695652,0.518590695652174,0.0038000000000001,0.9236,True
1459,right_shoulder,,,,,,0.0138,True
1459,right_toe_tip,472.758,543.512,-0.6153778460869566,0.6752443721739128,-0.2786999999999998,0.8605,True
1460,left_shoulder,474.942,634.08,-0.3203560486956521,0.5319535304347827,1.5034,0.8612,True
1460,left_toe_tip,561.906,573.518,-0.1892251573913044,0.5173633973913043,0.0098000000000001,0.9331,True
1460,right_shoulder,,,,,,0.0129,True
1460,right_toe_tip,474.274,545.0060000000001,-0.5971179834782608,0.6665846617391308,-0.2443000000000001,0.8638,True
1461,left_shoulder,476.308,634.208,-0.3167796052173913,0.5306520904347826,1.5086,0.901,True
1461,left_toe_tip,561.908,573.568,-0.1888468278260869,0.5164631373913043,0.0141999999999998,0.9351,True
1461,right_shoulder,,,,,,0.0138,True
1461,right_toe_tip,475.824,546.544,-0.5945669530434785,0.6755731513043478,-0.2858000000000001,0.759,True
1462,left_shoulder,477.22,634.626,-0.3144838826086957,0.5305654917391304,1.5115999999999998,0.8976,True
1462,left_toe_tip,561.952,573.518,-0.1886725565217391,0.5161565565217393,0.015,0.9327,True
1462,right_shoulder,,,,,,0.0151,True
1462,right_toe_tip,477.505,548.6800000000001,-0.5856001875,0.6799658043478263,-0.3785,0.4797,True
1463,left_shoulder,477.978,635.164,-0.3116105726086957,0.5292121539130435,1.5275999999999998,0.8989,True
1463,left_toe_tip,561.934,573.47,-0.1887839530434783,0.516226147826087,0.0141999999999998,0.9368,True
1463,right_shoulder,,,,,,0.0143,True
1463,right_toe_tip,479.869,551.238,-0.5608588274999999,0.6698110950000002,-0.3173000000000002,0.342,True
1464,left_shoulder,478.846,635.374,-0.309660914347826,0.5291371273913044,1.5212,0.849,True
1464,left_toe_tip,561.882,573.456,-0.1892323639130435,0.5170739582608695,0.0104,0.9241,True
1464,right_shoulder,,,,,,0.0144,True
1464,right_toe_tip,482.854,554.425,-0.5332202915217391,0.6597136114130433,-0.2976999999999998,0.5464,True
1465,left_shoulder,479.71400000000006,635.37,-0.3100488756521738,0.5326613608695652,1.5094,0.8068,True
1465,left_toe_tip,561.84,573.426,-0.1894530434782608,0.5173260652173914,0.009,0.9269,True
1465,right_shoulder,,,,,,0.0151,True
1465,right_toe_tip,486.218,557.993,-0.5025495467391303,0.6470282114130437,-0.227,0.7035,True
1466,left_shoulder,480.714,635.26,-0.3095342508695653,0.5349019869565217,1.5012,0.8252,True
1466,left_toe_tip,561.7819999999999,573.46,-0.1895936304347828,0.5174084782608697,0.009,0.9274,True
1466,right_shoulder,,,,,,0.0119,True
1466,right_toe_tip,489.992,561.113,-0.4659541973913043,0.6246963261956523,-0.1826999999999998,0.7107,False
1467,left_shoulder,481.882,635.038,-0.3097050391304349,0.5387157347826087,1.495,0.8288,True
1467,left_toe_tip,561.76,573.48,-0.1894598608695652,0.5169464608695653,0.0111999999999998,0.9344,True
1467,right_shoulder,,,,,,0.2187,True
1467,right_toe_tip,495.4053333333333,564.8376666666667,-0.4311069030917874,0.610720534504831,-0.1209666666666667,0.5518,True
1468,left_shoulder,483.0299999999999,634.696,-0.310288741304348,0.5430023321739131,1.4784000000000002,0.857,True
1468,left_toe_tip,561.8199999999999,573.282,-0.1893145695652175,0.5164669995652175,0.0111999999999998,0.9262,True
1468,right_shoulder,,,,,,0.1099,True
1468,right_toe_tip,502.458,569.167,-0.3980196376086957,0.6052883740217393,-0.0838000000000001,0.3541,True
1469,left_shoulder,483.864,634.758,-0.3104390991304347,0.5462905800000001,1.4678,0.8918,True
1469,left_toe_tip,562.024,572.958,-0.1890748486956522,0.5163768547826086,0.0081999999999998,0.9263,True
1469,right_shoulder,,,,,,0.0157,False
1469,right_toe_tip,510.694,573.85,-0.36138216,0.5976642608695653,-0.0711999999999998,0.4289,False
1470,left_shoulder,484.654,634.998,-0.3092060817391304,0.5473655843478261,1.4658,0.8985,True
1470,left_toe_tip,562.174,572.826,-0.1885927004347826,0.515732917826087,0.0095999999999999,0.9374,True
1470,right_shoulder,,,,,,0.0119,False
1470,right_toe_tip,520.1133333333333,578.8866666666667,-0.3218262004830918,0.587583809178744,-0.0721666666666669,0.1029,True
1471,left_shoulder,485.273,635.267,-0.3090335461956522,0.5497859918478262,1.4595,0.8982,True
1471,left_toe_tip,562.322,572.778,-0.1880989656521739,0.5152465526086958,0.0111999999999998,0.9684,True
1471,right_shoulder,,,,,,0.0174,False
1471,right_toe_tip,531.155,585.22,-0.2708702472826088,0.5604795543478261,-0.0355,0.016,True
1472,left_shoulder,485.723,635.8230000000001,-0.3089061540217392,0.552275595978261,1.4549,0.8724,True
1472,left_toe_tip,562.448,572.708,-0.1881816139130435,0.5161405860869565,0.0065999999999999,0.9592,True
1472,right_shoulder,,,,,,0.0175,False
1472,right_toe_tip,542.1966666666666,591.5533333333333,-0.2242389468599034,0.5308947439613524,0.0331666666666669,0.0163,True
1473,left_shoulder,486.193,636.487,-0.3084666257608695,0.554506699673913,1.4519000000000002,0.835,False
1473,left_toe_tip,562.504,572.892,-0.1882310452173912,0.517096155652174,0.0044,0.9582,True
1473,right_shoulder,,,,,,0.0143,False
1473,right_toe_tip,553.2379999999999,598.8380000000001,-0.1851614247826088,0.5097114447826089,0.0565999999999999,0.0232,True
1474,left_shoulder,486.933,636.631,-0.3072487270652174,0.5552765953260869,1.4423,0.8185,True
1474,left_toe_tip,562.33,573.198,-0.1884004043478259,0.5171441921739129,0.0074,0.9189,True
1474,right_shoulder,,,,,,0.012,True
1474,right_toe_tip,564.211,605.427,-0.1520228484782608,0.4922945497826087,-0.0644000000000001,0.3381,True
1475,left_shoulder,487.521,636.933,-0.3072949064130434,0.5581102992391304,1.4259000000000002,0.8591,True
1475,left_toe_tip,562.2299999999999,573.298,-0.1878314565217393,0.5151610391304348,0.017,0.9224,True
1475,right_shoulder,,,,,,0.0111,True
1475,right_toe_tip,575.1156666666667,611.3203333333333,-0.1237974272946859,0.4795119113526569,-0.1323333333333332,0.7135,True
1476,left_shoulder,488.144,636.894,-0.3060888765217392,0.5581219930434782,1.4256,0.8417,True
1476,left_toe_tip,562.25,573.152,-0.1879690760869565,0.5153181286956523,0.0148000000000001,0.9324,True
1476,right_shoulder,,,,,,0.0122,False
1476,right_toe_tip,586.734,616.939,-0.0983278780434781,0.4743038083695651,-0.0742999999999999,0.9561,False
1477,left_shoulder,488.898,636.766,-0.3051931917391305,0.5590071534782609,1.4178,0.8198,True
1477,left_toe_tip,562.2860000000001,573.126,-0.186158818695652,0.5105294334782609,0.0351999999999998,0.9864,True
1477,right_shoulder,,,,,,0.0096,True
1477,right_toe_tip,597.858,621.713,-0.0770419889130435,0.4784511898913043,-0.0419,0.9161,True
1478,left_shoulder,489.504,636.918,-0.3059649113043478,0.5629863339130434,1.4056,0.8996,True
1478,left_toe_tip,562.37,573.0559999999999,-0.1856369565217391,0.5094817391304346,0.039,1.0,True
1478,right_shoulder,,,,,,0.0084,True
1478,right_toe_tip,609.1020000000001,624.5910000000001,-0.057104205869565,0.4890044318478262,-0.0542999999999999,0.8757,True
1479,left_shoulder,490.11,637.5360000000001,-0.3064598804347826,0.5674404521739131,1.391,0.8952,True
1479,left_toe_tip,562.5559999999999,572.9860000000001,-0.1852426808695653,0.5094532517391307,0.0384,0.9801,True
1479,right_shoulder,,,,,,0.0092,True
1479,right_toe_tip,619.444,627.544,-0.0387927469565218,0.5049020573913043,-0.0622,0.9289,True
1480,left_shoulder,490.716,638.328,-0.3059997469565217,0.5705118939130434,1.3702,0.9466,True
1480,left_toe_tip,562.7,572.842,-0.1858896956521738,0.51183874,0.0265999999999999,0.9848,True
1480,right_shoulder,,,,,,0.0089,True
1480,right_toe_tip,627.778,629.76,-0.023862126521739,0.5266770782608695,-0.0942,0.9161,True
1481,left_shoulder,491.578,639.4159999999999,-0.3060397108695653,0.5761436434782607,1.351,0.9351,True
1481,left_toe_tip,562.7160000000001,572.858,-0.1858512191304345,0.511877216521739,0.0265999999999999,0.9751,True
1481,right_shoulder,,,,,,0.012,True
1481,right_toe_tip,633.3860000000001,630.682,-0.013354528695652,0.5465422643478262,-0.0105999999999999,0.9582,True
1482,left_shoulder,492.504,640.896,-0.3057656208695652,0.5823096208695651,1.3248,0.8935,True
1482,left_toe_tip,562.7500000000001,572.732,-0.186911413043478,0.5147189478260868,0.013,0.9834,True
1482,right_shoulder,,,,,,0.0101,True
1482,right_toe_tip,637.52,631.072,-0.0051794260869565,0.5661279791304348,-0.0314,0.8821,True
1483,left_shoulder,493.71,642.912,-0.3033609369565216,0.5866733843478261,1.3082,0.859,True
1483,left_toe_tip,562.83,572.5300000000001,-0.186046804347826,0.5123821086956524,0.021,0.982,True
1483,right_shoulder,,,,,,0.0127,True
1483,right_toe_tip,639.4680000000001,631.146,-0.0011379017391302,0.5799577160869565,-0.0197999999999999,0.8674,True
1484,left_shoulder,494.978,644.7099999999999,-0.3009837030434783,0.5908970369565216,1.2996,0.8666,True
1484,left_toe_tip,562.906,572.284,-0.184891523478261,0.5091124104347826,0.0325999999999999,0.9913,True
1484,right_shoulder,,,,,,0.013,True
1484,right_toe_tip,640.288,630.2239999999999,0.0006309078260869,0.5919667930434781,-0.0054,0.8712,True
1485,left_shoulder,496.398,646.962,-0.298660942173913,0.5968185769565216,1.2956,0.8511,True
1485,left_toe_tip,563.09,572.0780000000001,-0.1833969108695651,0.5057138221739133,0.0531999999999998,0.9786,True
1485,right_shoulder,,,,,,0.0116,True
1485,right_toe_tip,641.042,628.918,0.0023223008695652,0.5993363773913045,-0.0154,0.8867,True
1486,left_shoulder,497.808,649.484,-0.2962539408695652,0.6031336208695653,1.2802,0.8814,True
1486,left_toe_tip,563.302,571.772,-0.1827746686956521,0.504661883478261,0.0545999999999999,0.9708,True
1486,right_shoulder,,,,,,0.0158,True
1486,right_toe_tip,641.3660000000001,627.2700000000001,0.0030957717391306,0.6057151630434784,-0.037,0.8828,True
1487,left_shoulder,499.5780000000001,652.228,-0.2926577639130432,0.609041268695652,1.2871,0.9241,True
1487,left_toe_tip,563.52,571.6539999999999,-0.1817065043478261,0.5028622969565215,0.0611999999999998,0.9811,True
1487,right_shoulder,,,,,,0.0121,True
1487,right_toe_tip,641.6700000000001,625.214,0.003861693478261,0.6132785473913045,-0.0664000000000001,0.8924,True
1488,left_shoulder,501.624,655.042,-0.2885741234782609,0.6152908491304349,1.2784,0.9704,True
1488,left_toe_tip,563.686,571.4100000000001,-0.1822245599999999,0.5048103130434785,0.0501999999999998,0.9862,True
1488,right_shoulder,,,,,,0.011,True
1488,right_toe_tip,642.274,622.322,0.0053013860869565,0.6115524191304349,-0.0563000000000001,0.8749,True
1489,left_shoulder,503.756,659.242,-0.2841279765217391,0.6240496752173912,1.2664000000000002,0.8917,True
1489,left_toe_tip,563.908,571.2239999999999,-0.1826042582608695,0.5068916817391304,0.0441999999999998,1.0,True
1489,right_shoulder,,,,,,0.0101,True
1489,right_toe_tip,643.981,619.452,0.0093306851086956,0.608104725652174,-0.0548000000000001,0.8767,True
1490,left_shoulder,506.16399999999993,663.206,-0.2789316808695654,0.6319208526086957,1.2451,0.8213,True
1490,left_toe_tip,564.0899999999999,571.064,-0.183273143478261,0.5095819095652172,0.0308000000000001,0.9911,True
1490,right_shoulder,,,,,,0.0089,True
1490,right_toe_tip,646.835,616.8040000000001,0.0161149983695653,0.6054712569565219,-0.0560999999999999,0.8284,True
1491,left_shoulder,508.924,667.3140000000001,-0.2726950695652174,0.6393467347826087,1.226,0.8968,True
1491,left_toe_tip,564.298,571.034,-0.1827051313043478,0.5093259713043479,0.0315999999999999,1.0,True
1491,right_shoulder,,,,,,0.0193,True
1491,right_toe_tip,650.1429999999999,614.6959999999999,0.0241105724999998,0.6054290026086955,-0.0629000000000001,0.8764,False
1492,left_shoulder,511.588,673.0600000000001,-0.2659245026086956,0.6483064260869567,1.2348,0.8978,True
1492,left_toe_tip,564.432,570.856,-0.1831045495652173,0.5109132556521738,0.0228000000000001,1.0,True
1492,right_shoulder,,,,,,0.0167,True
1492,right_toe_tip,653.4770000000001,613.034,0.0321001631521741,0.602688482826087,-0.0658000000000001,0.8664,True
1493,left_shoulder,514.6719999999999,678.79,-0.257004135652174,0.653727406521739,1.2234,0.9425,True
1493,left_toe_tip,564.576,570.6780000000001,-0.1827556313043477,0.5104819539130436,0.0428000000000001,1.0,True
1493,right_shoulder,,,,,,0.0114,True
1493,right_toe_tip,656.357,612.256,0.0391412342391303,0.6036321565217391,-0.0625,0.897,True
1494,left_shoulder,518.1299999999999,683.116,-0.2476875282608698,0.6566981486956521,1.2042,0.9,True
1494,left_toe_tip,564.6879999999999,570.466,-0.1824187617391307,0.5097852547826087,0.0435999999999999,1.0,True
1494,right_shoulder,,,,,,0.015,True
1494,right_toe_tip,658.066,611.774,0.0433819643478261,0.6045860008695652,-0.0701999999999998,0.9407,True
1495,left_shoulder,521.8279999999999,688.288,-0.2389900252173915,0.663926796521739,1.1854,0.9172,True
1495,left_toe_tip,564.754,570.2280000000001,-0.1825696969565216,0.5100771104347827,0.0398000000000001,1.0,True
1495,right_shoulder,,,,,,0.0126,True
1495,right_toe_tip,658.534,611.5840000000001,0.044461454347826,0.6035281391304349,-0.068,0.9473,True
1496,left_shoulder,525.574,694.176,-0.2301455113043479,0.6721296417391306,1.1886,0.8813,True
1496,left_toe_tip,564.816,569.978,-0.1826644313043477,0.5101552452173912,0.0368000000000001,1.0,True
1496,right_shoulder,,,,,,0.0159,True
1496,right_toe_tip,658.7239999999999,611.542,0.0447544304347824,0.6012400630434782,-0.06,0.9581,True
1497,left_shoulder,529.9599999999999,698.5759999999999,-0.2200800000000001,0.6771519999999999,1.2025,0.8376,True
1497,left_toe_tip,564.9440000000001,569.568,-0.1821739652173911,0.5086579826086957,0.039,1.0,True
1497,right_shoulder,,,,,,0.0112,True
1497,right_toe_tip,658.726,611.588,0.0446696517391304,0.6001467660869564,-0.0555999999999999,0.9595,True
1498,left_shoulder,533.846,702.726,-0.2114541526086956,0.6826952908695653,1.2169,0.7827,True
1498,left_toe_tip,565.042,569.374,-0.1819361021739129,0.5081871108695653,0.039,1.0,True
1498,right_shoulder,,,,,,0.014,True
1498,right_toe_tip,658.746,611.476,0.0447173604347825,0.5998795973913044,-0.0555999999999999,0.9682,True
1499,left_shoulder,537.4190000000001,707.432,-0.2031772806521737,0.6881419460869566,1.2308,0.8308,True
1499,left_toe_tip,565.0840000000001,569.05,-0.1808244234782607,0.5045830760869565,0.0654000000000001,1.0,True
1499,right_shoulder,,,,,,0.0305,True
1499,right_toe_tip,658.7499999999999,611.3459999999999,0.044682065217391,0.5989684460869562,-0.0534,0.9691,True
1500,left_shoulder,540.695,711.388,-0.1944219195652173,0.6879565930434784,1.2518,0.7243,True
1500,left_toe_tip,565.062,568.574,-0.1802584717391304,0.501711154347826,0.073,1.0,True
1500,right_shoulder,,,,,,0.021,True
1500,right_toe_tip,658.786,611.266,0.0448413652173911,0.5997610173913043,-0.057,0.98,True
1501,left_shoulder,543.7745185185186,713.99,-0.1864748337245779,0.685995282890499,1.2771370370370374,0.2676,True
1501,left_toe_tip,564.804,567.838,-0.1808136860869565,0.4997600256521737,0.0738000000000001,0.9983,True
1501,right_shoulder,,,,,,0.013,True
1501,right_toe_tip,658.91,611.1199999999999,0.0452688956521738,0.6011594434782607,-0.0444,0.9808,True
1502,left_shoulder,546.2395555555556,715.6480000000001,-0.1802431307192698,0.6836903273429955,1.298411111111111,0.4786,True
1502,left_toe_tip,564.438,567.168,-0.1821208465217391,0.4993199165217392,0.0795999999999999,0.9765,True
1502,right_shoulder,,,,,,0.0124,False
1502,right_toe_tip,658.924,610.812,0.0453312078260869,0.6008037886956522,-0.0458000000000001,0.9778,True
1503,left_shoulder,548.6841111111112,716.6460000000001,-0.1749074240848093,0.6831235388405799,1.3048222222222223,0.4263,False
1503,left_toe_tip,564.06,566.296,-0.1850129521739131,0.5025998417391305,0.0555999999999999,0.9819,True
1503,right_shoulder,,,,,,0.0129,False
1503,right_toe_tip,658.96,610.592,0.0454298086956522,0.6004402226086957,-0.0464,0.9683,True
1504,left_shoulder,551.1651851851852,717.1300000000001,-0.1697159811534561,0.6822850756843803,1.3093703703703703,0.2671,True
1504,left_toe_tip,563.7479999999999,565.4480000000001,-0.1872981191304349,0.5046428156521742,0.0411999999999998,1.0,True
1504,right_shoulder,,,,,,0.0135,True
1504,right_toe_tip,658.99,610.434,0.0455016913043478,0.6000616408695651,-0.0464,0.9576,True
1505,left_shoulder,553.6827777777778,717.1000000000001,-0.1646542713030059,0.6811855012077298,1.3120555555555555,0.1675,True
1505,left_toe_tip,563.48,564.716,-0.1882724695652173,0.5036903669565217,0.0484,0.9852,True
1505,right_shoulder,,,,,,0.0153,True
1505,right_toe_tip,658.972,610.284,0.045491556521739,0.6001375043478261,-0.048,0.9471,True
1506,left_shoulder,554.9415740740741,717.085,-0.1621289274122904,0.6806357796396941,1.313398148148148,0.0249,False
1506,left_toe_tip,563.36,564.14,-0.1899505739130434,0.505956552173913,0.0318000000000001,0.9533,True
1506,right_shoulder,,,,,,0.0073,True
1506,right_toe_tip,658.95,610.1700000000001,0.0454552826086957,0.6000816913043481,-0.0488000000000001,0.9432,True
1507,left_shoulder,556.2003703703704,717.07,-0.1596072575445816,0.6800861018518519,1.3147407407407403,0.011,True
1507,left_toe_tip,563.344,563.704,-0.1914400278260868,0.5087285982608695,0.0144,0.9464,True
1507,right_shoulder,,,,,,0.0083,True
1507,right_toe_tip,658.996,610.1679999999999,0.0454623834782608,0.598717285217391,-0.0438000000000001,0.9432,True
1508,left_shoulder,557.4591666666665,717.0550000000001,-0.1570892616998795,0.6795364678442032,1.309083333333333,0.0123,True
1508,left_toe_tip,563.47,563.5179999999999,-0.1902269608695651,0.5058749591304347,0.0251999999999998,0.8658,True
1508,right_shoulder,,,,,,0.0093,True
1508,right_toe_tip,659.048,610.232,0.0455868330434782,0.5988704539130434,-0.0438000000000001,0.9459,True
1509,left_shoulder,558.7179629629629,717.0400000000001,-0.1545749398781834,0.6789868776167474,1.3034259259259258,0.0102,True
1509,left_toe_tip,563.5640000000001,563.414,-0.1911896991304345,0.5088003226086956,0.0108000000000001,0.8095,True
1509,right_shoulder,,,,,,0.0066,True
1509,right_toe_tip,659.048,610.246,0.0455412834782608,0.5983055452173912,-0.0415999999999999,0.923,True
1510,left_shoulder,,,,,,0.0088,True
1510,left_toe_tip,563.844,563.51,-0.1914495617391303,0.5116064434782609,0.0011999999999998,0.9185,True
1510,right_shoulder,,,,,,0.0084,True
1510,right_toe_tip,659.11,610.322,0.045627202173913,0.5976709839130435,-0.0385999999999999,0.9399,True
1511,left_shoulder,,,,,,0.0076,True
1511,left_toe_tip,564.3399999999999,563.7819999999999,-0.1906632000000002,0.5135306399999998,-0.0044,0.9486,True
1511,right_shoulder,,,,,,0.0076,True
1511,right_toe_tip,659.088,610.356,0.0455746747826086,0.5977521626086957,-0.0385999999999999,0.932,True
1512,left_shoulder,,,,,,0.0161,True
1512,left_toe_tip,564.922,564.408,-0.189000704347826,0.5145749217391304,-0.002,0.9173,True
1512,right_shoulder,,,,,,0.0094,True
1512,right_toe_tip,659.108,610.368,0.0457885834782607,0.5999579269565218,-0.0465999999999999,0.9479,True
1513,left_shoulder,,,,,,0.0058,False
1513,left_toe_tip,565.11,565.196,-0.1894716999999999,0.5191458800000001,-0.0175999999999999,0.8608,True
1513,right_shoulder,,,,,,0.0066,True
1513,right_toe_tip,659.0980000000001,610.342,0.0455985508695653,0.5977187360869565,-0.0385999999999999,0.9408,True
1514,left_shoulder,,,,,,0.0064,False
1514,left_toe_tip,567.202,567.2360000000001,-0.1843688478260869,0.5248476956521742,-0.0245,0.7201,True
1514,right_shoulder,,,,,,0.0075,True
1514,right_toe_tip,659.234,610.3720000000001,0.0456974752173913,0.5948512147826088,-0.0278000000000001,0.9461,True
1515,left_shoulder,,,,,,0.0094,True
1515,left_toe_tip,568.9300000000001,568.926,-0.1793899499999998,0.5273564752173914,-0.0231999999999998,0.5855,True
1515,right_shoulder,,,,,,0.0085,True
1515,right_toe_tip,659.28,610.3100000000001,0.0454798434782608,0.5904595239130436,-0.0121999999999998,0.9452,True
1516,left_shoulder,,,,,,0.0057,True
1516,left_toe_tip,571.374,570.1200000000001,-0.1726093086956521,0.5284974782608698,-0.017,0.5577,True
1516,right_shoulder,,,,,,0.0079,True
1516,right_toe_tip,659.4,610.164,0.0455773478260869,0.5877222495652173,-0.0034,0.8921,True
1517,left_shoulder,,,,,,0.0068,True
1517,left_toe_tip,575.136,570.6540000000001,-0.162413815652174,0.5274592982608698,0.0104,0.7508,True
1517,right_shoulder,,,,,,0.0067,True
1517,right_toe_tip,659.456,610.214,0.0453578573913043,0.5833249860869567,0.0131999999999998,0.9302,True
1518,left_shoulder,,,,,,0.0066,False
1518,left_toe_tip,580.6880000000001,571.288,-0.1483573634782606,0.5284955930434782,0.0208000000000001,0.847,True
1518,right_shoulder,,,,,,0.0149,True
1518,right_toe_tip,659.402,610.28,0.0450716895652174,0.5814113217391303,0.0208000000000001,0.8649,True
1519,left_shoulder,,,,,,0.0097,True
1519,left_toe_tip,585.9680000000001,571.108,-0.1346688869565215,0.5261637434782608,0.033,0.8567,True
1519,right_shoulder,,,,,,0.0058,True
1519,right_toe_tip,659.298,610.216,0.0448007265217391,0.580881883478261,0.0221999999999998,0.8882,True
1520,left_shoulder,,,,,,0.0096,True
1520,left_toe_tip,593.642,570.796,-0.1163988913043477,0.5292812608695654,0.0325,0.8516,True
1520,right_shoulder,,,,,,0.0077,True
1520,right_toe_tip,658.9860000000001,610.144,0.0442043608695654,0.5824004869565217,0.016,0.9182,True
1521,left_shoulder,,,,,,0.0144,True
1521,left_toe_tip,602.142,570.7180000000001,-0.0964062199999998,0.5365979678260872,0.0206999999999998,0.7685,True
1521,right_shoulder,,,,,,0.0062,True
1521,right_toe_tip,658.88,609.946,0.0440478608695652,0.5831348852173914,0.0115999999999999,0.9069,True
1522,left_shoulder,,,,,,0.0106,True
1522,left_toe_tip,610.712,570.9459999999999,-0.0758686539130435,0.5464418556521737,0.0208000000000001,0.9467,True
1522,right_shoulder,,,,,,0.0059,True
1522,right_toe_tip,659.097,609.643,0.0447471770652173,0.5849515381521739,0.0223000000000001,0.7201,True
1523,left_shoulder,,,,,,0.0075,True
1523,left_toe_tip,619.1780000000001,570.518,-0.0545581665217388,0.5516029247826088,0.0569,0.8727,True
1523,right_shoulder,,,,,,0.0052,True
1523,right_toe_tip,659.7370000000001,609.347,0.0464741990217393,0.5871308761956521,0.0116999999999998,0.4654,True
1524,left_shoulder,,,,,,0.0098,True
1524,left_toe_tip,626.79,569.608,-0.0353137760869566,0.560336864347826,0.0385999999999999,0.908,True
1524,right_shoulder,,,,,,0.0085,False
1524,right_toe_tip,658.9159999999999,608.9280000000001,0.0447168071739128,0.5884576747826089,0.00315,0.2401,True
1525,left_shoulder,,,,,,0.0066,True
1525,left_toe_tip,636.524,569.322,-0.0094350730434782,0.5681727156521739,0.0438000000000001,0.9102,True
1525,right_shoulder,,,,,,0.0051,True
1525,right_toe_tip,656.978,608.29,0.0401889559782607,0.587732116847826,0.00575,0.3382,True
1526,left_shoulder,,,,,,0.0067,False
1526,left_toe_tip,646.1859999999999,569.182,0.0168729873913041,0.5705666421739132,0.0865999999999999,0.8801,True
1526,right_shoulder,,,,,,0.0059,True
1526,right_toe_tip,653.421,607.655,0.0316852304347827,0.584681152173913,0.046,0.0767,True
1527,left_shoulder,,,,,,0.0051,False
1527,left_toe_tip,656.676,569.248,0.0456741139130436,0.5731120765217392,0.0486999999999998,0.9399,True
1527,right_shoulder,,,,,,0.0058,True
1527,right_toe_tip,648.15,606.75,0.0191835054347825,0.5808012228260869,0.0695,0.0225,True
1528,left_shoulder,,,,,,0.006,False
1528,left_toe_tip,667.91,570.2879999999999,0.0765826130434781,0.5770119860869563,-0.0124,0.9203,True
1528,right_shoulder,,,,,,0.0046,True
1528,right_toe_tip,643.328,605.8399999999999,0.0078652939130434,0.5810107739130433,0.0586999999999998,0.2181,True
1529,left_shoulder,,,,,,0.0075,True
1529,left_toe_tip,680.2,571.252,0.1100518695652175,0.5783253121739129,-0.0670999999999999,0.8951,True
1529,right_shoulder,,,,,,0.0052,True
1529,right_toe_tip,640.1110000000001,605.2289999999999,0.0002634741847828,0.5820856834239128,0.05125,0.3001,True
1530,left_shoulder,,,,,,0.0069,True
1530,left_toe_tip,690.1479999999999,572.0840000000001,0.1368168260869562,0.5786204782608696,-0.178,0.9488,True
1530,right_shoulder,,,,,,0.0069,True
1530,right_toe_tip,638.235,604.8789999999999,-0.0041977263586956,0.5823994521195651,0.0449499999999998,0.3837,True
1531,left_shoulder,,,,,,0.0067,True
1531,left_toe_tip,699.93,572.896,0.1628923456521737,0.5786605843478259,-0.2950999999999999,0.9333,True
1531,right_shoulder,,,,,,0.0044,True
1531,right_toe_tip,637.986,604.802,-0.0048090817391304,0.5845446017391306,0.0361999999999998,0.6021,True
1532,left_shoulder,,,,,,0.0092,True
1532,left_toe_tip,708.698,573.354,0.1858579586956521,0.5772153326086957,-0.327,0.924,True
1532,right_shoulder,,,,,,0.0048,True
1532,right_toe_tip,639.2520000000001,605.024,-0.0017860939130433,0.5850746991304349,0.0381999999999998,0.5712,True
1533,left_shoulder,,,,,,0.0073,True
1533,left_toe_tip,716.634,572.964,0.2060288430434783,0.5725490843478263,-0.3494000000000001,0.9516,True
1533,right_shoulder,,,,,,0.0044,True
1533,right_toe_tip,639.794,605.2320000000001,-0.000488802173913,0.5818928869565219,0.052,0.6932,True
1534,left_shoulder,,,,,,0.0077,True
1534,left_toe_tip,724.096,572.938,0.2249019547826087,0.5694702773913043,-0.3654000000000001,0.9096,False
1534,right_shoulder,,,,,,0.0056,True
1534,right_toe_tip,640.26,605.3399999999999,0.0006144478260869,0.5798024217391302,0.0538000000000001,0.8471,True
1535,left_shoulder,,,,,,0.0058,True
1535,left_toe_tip,729.972,572.5899999999999,0.2447042808695651,0.5781985847826084,-0.4701999999999998,0.905,True
1535,right_shoulder,,,,,,0.0067,True
1535,right_toe_tip,642.31,605.6659999999999,0.0054681717391303,0.5815341465217392,0.0551999999999998,0.8655,True
1536,left_shoulder,,,,,,0.0108,True
1536,left_toe_tip,734.65625,572.0885000000001,0.261423586107337,0.5857503993885872,-0.524875,0.9191,True
1536,right_shoulder,,,,,,0.0049,True
1536,right_toe_tip,645.558,606.686,0.0131217130434782,0.5823934695652175,0.063,0.5956,True
1537,left_shoulder,,,,,,0.006,False
1537,left_toe_tip,738.31075,571.5895,0.2755506062160325,0.593054320040761,-0.564125,0.9437,True
1537,right_shoulder,,,,,,0.0034,True
1537,right_toe_tip,648.9879999999999,607.74,0.0212624817391303,0.5860666695652175,0.0515999999999999,0.5959,True
1538,left_shoulder,,,,,,0.0055,False
1538,left_toe_tip,740.9354999999999,571.0930000000001,0.2869475581249997,0.6001121596195654,-0.6024499999999998,0.8839,False
1538,right_shoulder,,,,,,0.0051,True
1538,right_toe_tip,652.676,608.742,0.030044875652174,0.5895726143478259,0.0244,0.8747,True
1539,left_shoulder,,,,,,0.0187,True
1539,left_toe_tip,742.4825,570.205,0.2943865509510868,0.6038252866847826,-0.63125,0.8775,False
1539,right_shoulder,,,,,,0.0069,True
1539,right_toe_tip,656.228,609.692,0.0384144982608694,0.5910643886956523,0.0056999999999998,0.9407,True
1540,left_shoulder,,,,,,0.0169,True
1540,left_toe_tip,743.9037500000001,569.3075000000001,0.2951233551290763,0.5945072401494569,-0.600125,0.8782,False
1540,right_shoulder,,,,,,0.0104,True
1540,right_toe_tip,658.2479999999999,610.362,0.0430811478260868,0.5910720260869565,-0.014,0.9666,True
1541,left_shoulder,,,,,,0.0148,True
1541,left_toe_tip,744.6143750000001,568.8587500000001,0.2954574328719432,0.5898698922384514,-0.5883125,0.8668,False
1541,right_shoulder,,,,,,0.0089,True
1541,right_toe_tip,658.9060000000001,610.362,0.0446346000000001,0.5910720260869565,-0.014,0.9531,True
1542,left_shoulder,,,,,,0.0135,True
1542,left_toe_tip,745.3250000000002,568.4100000000001,0.2957686277173917,0.5852469945652177,-0.5735,0.847,False
1542,right_shoulder,,,,,,0.0107,True
1542,right_toe_tip,659.4639999999999,610.316,0.0459519652173911,0.5909634260869566,-0.014,0.9484,True
1543,left_shoulder,,,,,,0.0159,True
1543,left_toe_tip,747.69375,566.9141666666667,0.2966406784986414,0.56994169848279,-0.524125,0.8308,False
1543,right_shoulder,,,,,,0.0087,True
1543,right_toe_tip,659.7479999999999,610.4999999999999,0.046575228695652,0.590798804347826,-0.0118000000000001,1.0,True
1544,left_shoulder,,,,,,0.0057,True
1544,left_toe_tip,749.4187499999999,565.4041666666667,0.2915008664515397,0.5472141891228866,-0.4409583333333335,0.8291,False
1544,right_shoulder,,,,,,0.0093,True
1544,right_toe_tip,660.0260000000001,610.612,0.0472439460869566,0.591226396521739,-0.0124,1.0,True
1545,left_shoulder,,,,,,0.006,True
1545,left_toe_tip,750.5183333333334,564.0100000000001,0.2866469163647345,0.5291324583333336,-0.3776666666666665,0.8726,True
1545,right_shoulder,,,,,,0.0034,True
1545,right_toe_tip,660.164,610.732,0.047683476521739,0.5929266730434781,-0.0175999999999999,1.0,True
1546,left_shoulder,,,,,,0.0053,False
1546,left_toe_tip,750.28625,563.7025,0.2860100073029891,0.5282703284646739,-0.377375,0.8773,True
1546,right_shoulder,,,,,,0.0049,True
1546,right_toe_tip,660.296,610.768,0.0480088643478262,0.5931753495652174,-0.0181999999999998,1.0,True
1547,left_shoulder,,,,,,0.0091,True
1547,left_toe_tip,750.226,563.495,0.2913081482608696,0.5378018945652174,-0.4229000000000001,0.8867,False
1547,right_shoulder,,,,,,0.0068,True
1547,right_toe_tip,660.112,610.626,0.0476348347826086,0.5936022326086955,-0.021,1.0,True
1548,left_shoulder,,,,,,0.0143,True
1548,left_toe_tip,750.1,563.0409999999999,0.2999985652173914,0.5532425856521738,-0.4968000000000002,0.9075,True
1548,right_shoulder,,,,,,0.0109,True
1548,right_toe_tip,659.972,610.258,0.0474638921739129,0.5947435773913043,-0.0284,1.0,True
1549,left_shoulder,,,,,,0.008,True
1549,left_toe_tip,750.2065,562.597,0.310093539375,0.5700573087499999,-0.5786500000000001,0.9069,False
1549,right_shoulder,,,,,,0.0054,True
1549,right_toe_tip,659.826,610.004,0.04722898,0.5955530069565217,-0.0335999999999999,1.0,True
1550,left_shoulder,,,,,,0.0184,False
1550,left_toe_tip,750.5345,562.0849999999999,0.3178647825271739,0.581137152445652,-0.63565,0.8967,True
1550,right_shoulder,,,,,,0.0065,False
1550,right_toe_tip,659.8199999999999,609.682,0.0472146869565215,0.5947859469565216,-0.0135999999999999,1.0,True
1551,left_shoulder,,,,,,0.0103,False
1551,left_toe_tip,751.0840000000001,561.505,0.3233268860869567,0.5865109663043478,-0.6678000000000002,0.8804,False
1551,right_shoulder,,,,,,0.0061,True
1551,right_toe_tip,659.8019999999999,609.316,0.0471718078260867,0.5939140713043478,-0.0135999999999999,0.9689,True
1552,left_shoulder,,,,,,0.0114,True
1552,left_toe_tip,751.6850000000001,560.77,0.3210336766304349,0.5771046358695652,-0.6345,0.8597,False
1552,right_shoulder,,,,,,0.0069,True
1552,right_toe_tip,659.9159999999999,609.1980000000001,0.0473351365217389,0.5922786378260871,-0.0085999999999999,0.9812,True
1553,left_shoulder,,,,,,0.027,True
1553,left_toe_tip,752.265,559.972,0.3138416885869565,0.5590304204347826,-0.5619000000000001,0.854,False
1553,right_shoulder,,,,,,0.0087,True
1553,right_toe_tip,660.076,609.162,0.0476193991304348,0.5910014308695654,-0.0041999999999998,0.9707,True
1554,left_shoulder,682.08,715.57,0.0740059130434783,0.6253394130434784,1.052,0.2293,True
1554,left_toe_tip,752.6825,559.234,0.3088786550271739,0.5461285466304349,-0.5118499999999999,0.8787,True
1554,right_shoulder,,,,,,0.0265,True
1554,right_toe_tip,660.252,609.226,0.047957616521739,0.5901780039130434,-0.0005999999999999,1.0,True
1555,left_shoulder,684.885,715.83,0.0788902663043478,0.625409902173913,1.053,0.1089,True
1555,left_toe_tip,753.0095,558.636,0.304701864375,0.5355723149999999,-0.4690500000000002,0.8959,True
1555,right_shoulder,,,,,,0.0281,True
1555,right_toe_tip,660.394,609.3259999999999,0.0481653078260869,0.5888429704347824,-0.0038000000000001,1.0,True
1556,left_shoulder,687.69,716.09,0.0837685217391305,0.6254798260869566,1.059,0.3443,True
1556,left_toe_tip,753.212,558.2139999999999,0.303826552173913,0.5319460499999998,-0.4575,0.9046,True
1556,right_shoulder,,,,,,0.0265,True
1556,right_toe_tip,660.508,609.4599999999999,0.0484211713043479,0.5889967521739128,-0.0031999999999998,1.0,True
1557,left_shoulder,690.2025,715.7950000000001,0.0882909184782608,0.6257351195652175,1.068,0.2478,True
1557,left_toe_tip,753.308,557.942,0.3045275660869564,0.5319906404347826,-0.4610999999999999,0.9146,True
1557,right_shoulder,,,,,,0.0237,False
1557,right_toe_tip,660.5840000000001,609.482,0.0486498365217392,0.5896452834782608,-0.0054,1.0,True
1558,left_shoulder,692.62,715.442,0.0926798347826087,0.6260415400000001,1.0876,0.3225,True
1558,left_toe_tip,753.3471999999999,557.7408,0.3044949324521737,0.5312091656347828,-0.4599800000000005,0.9214,True
1558,right_shoulder,,,,,,0.0188,False
1558,right_toe_tip,660.664,609.458,0.0488883286956521,0.59018509,-0.0075999999999999,1.0,True
1559,left_shoulder,697.734,715.0899999999999,0.1016620434782609,0.6252671739130434,1.139,0.3964,True
1559,left_toe_tip,753.4196,557.6424,0.3044132751130434,0.5304636084521739,-0.4577400000000002,0.9216,True
1559,right_shoulder,,,,,,0.0254,True
1559,right_toe_tip,660.664,609.286,0.0490006330434782,0.5911329756521737,-0.0125999999999999,1.0,True
1560,left_shoulder,703.146,713.79,0.1116997830434781,0.6258237456521739,1.1726,0.574,True
1560,left_toe_tip,753.4532,557.5668,0.3057909032347827,0.5325026550260868,-0.4681800000000003,0.9397,False
1560,right_shoulder,,,,,,0.04,True
1560,right_toe_tip,660.7,609.0319999999999,0.0491670000000001,0.5915051373913042,-0.0161999999999998,1.0,True
1561,left_shoulder,708.0799999999999,711.79,0.1204571999999998,0.6224388717391304,1.1932,0.6227,True
1561,left_toe_tip,753.4820000000001,557.4780000000001,0.3061300300000002,0.5327183700000002,-0.4703000000000001,0.9332,False
1561,right_shoulder,,,,,,0.0191,False
1561,right_toe_tip,660.692,608.764,0.0493279286956521,0.5930317443478261,-0.0241999999999998,0.982,True
1562,left_shoulder,713.49,709.818,0.1299654673913043,0.6186455282608695,1.203,0.8307,True
1562,left_toe_tip,753.488,557.402,0.3071824104347827,0.534315717826087,-0.4786999999999998,0.9317,False
1562,right_shoulder,,,,,,0.0476,True
1562,right_toe_tip,660.766,608.5360000000001,0.0497165126086955,0.5950276017391306,-0.0335999999999999,0.9749,True
1563,left_shoulder,718.874,707.478,0.1404471595652174,0.6187374560869564,1.1918,0.8486,True
1563,left_toe_tip,753.4968,557.3442,0.3078625373217391,0.5353004325913042,-0.4840199999999995,0.937,False
1563,right_shoulder,,,,,,0.052,True
1563,right_toe_tip,660.88,608.164,0.0500711478260869,0.5951080617391303,-0.0171999999999998,0.9618,True
1564,left_shoulder,723.918,703.904,0.1517273926086956,0.621793384347826,1.1666,0.8782,True
1564,left_toe_tip,753.5084,557.3046,0.308170370852174,0.5356734105391305,-0.4862599999999997,0.9289,True
1564,right_shoulder,,,,,,0.0146,True
1564,right_toe_tip,661.068,607.826,0.0505540399999999,0.5946746495652174,-0.0185999999999999,0.9419,True
1565,left_shoulder,728.826,701.126,0.1616247,0.620701004347826,1.162,0.9099,True
1565,left_toe_tip,753.5008,557.2902,0.3103901442782609,0.5395286521565217,-0.5044199999999996,0.9274,False
1565,right_shoulder,,,,,,0.0235,True
1565,right_toe_tip,661.388,607.5880000000001,0.0513730460869566,0.594695611304348,-0.0208000000000001,0.9502,True
1566,left_shoulder,733.9879999999999,699.2740000000001,0.1726723017391303,0.6233053421739133,1.1518,0.9046,True
1566,left_toe_tip,753.4793333333333,557.2416666666667,0.3115665551207729,0.5415427179951692,-0.5144333333333334,0.9251,True
1566,right_shoulder,,,,,,0.0378,True
1566,right_toe_tip,661.81,607.332,0.052419860869565,0.5944570852173912,-0.0221999999999998,0.9556,True
1567,left_shoulder,738.358,696.9040000000001,0.1825823830434781,0.6253963600000002,1.1402,0.9053,True
1567,left_toe_tip,753.444,557.159,0.3116997208695651,0.5417157828260869,-0.5163000000000002,0.9131,True
1567,right_shoulder,,,,,,0.0362,True
1567,right_toe_tip,662.182,607.01,0.0532801995652174,0.5933072804347825,-0.0263000000000001,0.9303,True
1568,left_shoulder,742.3219999999999,694.282,0.1914533595652172,0.6254706900000001,1.1421,0.8799,True
1568,left_toe_tip,753.392,557.024,0.3111624382608697,0.5406595547826086,-0.5130999999999999,0.8992,False
1568,right_shoulder,,,,,,0.0149,True
1568,right_toe_tip,662.504,606.824,0.0541074434782609,0.5934507478260869,-0.0285,0.9253,True
1569,left_shoulder,745.914,692.5120000000001,0.1973914613043478,0.6197011686956523,1.1714,0.9344,True
1569,left_toe_tip,753.258,556.7660000000001,0.3113856360869566,0.5409781743478262,-0.5179000000000001,0.9048,False
1569,right_shoulder,,,,,,0.0177,True
1569,right_toe_tip,662.856,606.7360000000001,0.0549189930434782,0.5928636973913045,-0.0070999999999999,0.8995,True
1570,left_shoulder,748.972,690.682,0.2056491156521738,0.6240544439130434,1.1818,0.9071,True
1570,left_toe_tip,753.172,556.49,0.3094516121739131,0.5372720043478261,-0.5040999999999999,0.9054,True
1570,right_shoulder,,,,,,0.0172,True
1570,right_toe_tip,663.04,606.62,0.055416208695652,0.5931747130434782,-0.0093000000000001,0.8585,True
1571,left_shoulder,751.6700000000001,688.1360000000001,0.2130954913043479,0.6261690886956524,1.1979000000000002,0.8794,True
1571,left_toe_tip,753.1366666666667,556.3273333333334,0.30879751352657,0.5358598070531403,-0.4995666666666666,0.9006,True
1571,right_shoulder,,,,,,0.0237,True
1571,right_toe_tip,663.13,606.5719999999999,0.0556326782608695,0.5930592626086953,-0.0093000000000001,0.8581,True
1572,left_shoulder,754.232,686.7320000000001,0.2204180939130434,0.6304507026086958,1.2048,0.9063,True
1572,left_toe_tip,753.048,556.244,0.3098989739130435,0.5379645304347827,-0.5105,0.8974,True
1572,right_shoulder,,,,,,0.0156,True
1572,right_toe_tip,663.268,606.424,0.0559089573913044,0.5921140156521738,-0.0070999999999999,0.8326,True
1573,left_shoulder,756.684,686.088,0.2256313434782608,0.6305549478260868,1.2045,0.8859,True
1573,left_toe_tip,752.9939999999999,556.2520000000001,0.313263583043478,0.5440873382608697,-0.5390999999999999,0.9007,True
1573,right_shoulder,,,,,,0.0206,True
1573,right_toe_tip,663.234,606.27,0.055807057826087,0.5915298326086956,-0.0063000000000001,0.8158,True
1574,left_shoulder,759.158,684.5719999999999,0.2319695413043478,0.631857013043478,1.206,0.8047,True
1574,left_toe_tip,752.9680000000001,556.3929999999999,0.3154508608695653,0.5484061054347823,-0.5575,0.8937,True
1574,right_shoulder,,,,,,0.0219,False
1574,right_toe_tip,663.3340000000001,606.274,0.0560117452173914,0.5911646756521739,-0.0049,0.8731,True
1575,left_shoulder,761.1600000000001,682.8979999999999,0.2358669130434784,0.6285981717391302,1.206,0.826,True
1575,left_toe_tip,752.862,556.5550000000001,0.3170931495652173,0.552234091304348,-0.5733000000000001,0.8897,True
1575,right_shoulder,,,,,,0.0187,True
1575,right_toe_tip,663.5740000000001,606.156,0.0565673504347827,0.5906673756521738,-0.0130999999999999,0.8635,True
1576,left_shoulder,762.79,681.1020000000001,0.2400544499999999,0.6277544100000001,1.1984,0.8702,True
1576,left_toe_tip,752.72,556.6270000000001,0.3190466086956522,0.5565399000000002,-0.5925,0.8842,False
1576,right_shoulder,,,,,,0.0253,True
1576,right_toe_tip,664.1940000000001,605.958,0.0580182639130436,0.5898179778260869,-0.0116999999999998,0.8733,True
1577,left_shoulder,764.168,678.5459999999999,0.2432343147826087,0.624003914347826,1.1948,0.9165,True
1577,left_toe_tip,752.61,556.6969999999999,0.3175112391304348,0.5546000195652171,-0.5825,0.8846,True
1577,right_shoulder,,,,,,0.0259,True
1577,right_toe_tip,664.722,605.594,0.059402666521739,0.5901196700000001,-0.0160999999999999,0.9008,True
1578,left_shoulder,765.628,676.036,0.2476237121739131,0.6229344373913043,1.1941,0.9335,True
1578,left_toe_tip,752.394,556.687,0.3159004404347826,0.5528187441304349,-0.5728000000000002,0.8838,True
1578,right_shoulder,,,,,,0.0207,True
1578,right_toe_tip,665.124,605.094,0.0604341434782609,0.5895576326086958,-0.0115,0.9301,True
1579,left_shoulder,767.0120000000001,674.582,0.2521740426086958,0.6245820447826087,1.1879000000000002,0.9051,True
1579,left_toe_tip,752.2299999999999,556.644,0.3143903869565215,0.5508596921739131,-0.5641999999999998,0.8894,True
1579,right_shoulder,,,,,,0.0147,True
1579,right_toe_tip,665.124,604.484,0.06067446,0.59042886,-0.0203000000000001,0.95,True
1580,left_shoulder,768.458,673.3039999999999,0.2554638660869564,0.6230663026086954,1.1884,0.9092,True
1580,left_toe_tip,752.0200000000001,556.574,0.3135585913043481,0.5502362660869563,-0.5621999999999998,0.8911,True
1580,right_shoulder,,,,,,0.0138,True
1580,right_toe_tip,665.1139999999999,604.284,0.0607322034782606,0.5907424382608696,-0.0233000000000001,0.8334,True
1581,left_shoulder,769.912,672.496,0.2578470782608696,0.6202366260869565,1.1955,0.9266,True
1581,left_toe_tip,751.8120000000001,556.562,0.3110075086956526,0.5467414760869566,-0.546,0.8807,True
1581,right_shoulder,,,,,,0.0164,True
1581,right_toe_tip,665.044,604.35,0.0604431495652173,0.5897334130434783,-0.0189,0.814,True
1582,left_shoulder,771.394,672.27,0.2610741652173913,0.6204669130434782,1.197,0.9054,True
1582,left_toe_tip,751.586,556.446,0.3114704869565218,0.5483405739130436,-0.555,0.8868,True
1582,right_shoulder,,,,,,0.0167,True
1582,right_toe_tip,665.7850000000001,604.3199999999999,0.0621698771739132,0.5890767652173912,-0.0166999999999998,0.4481,True
1583,left_shoulder,772.7479999999999,671.934,0.2635336382608694,0.6192568017391303,1.2056,0.8882,True
1583,left_toe_tip,751.452,556.4100000000001,0.3107330217391304,0.5475996195652176,-0.552,0.8971,True
1583,right_shoulder,,,,,,0.0173,True
1583,right_toe_tip,667.491,604.058,0.0663250256521738,0.5888164530434782,-0.0305999999999999,0.6636,True
1584,left_shoulder,773.942,671.788,0.2648266282608695,0.6164591,1.22,0.8535,True
1584,left_toe_tip,751.28,556.426,0.3089471478260868,0.5453383578260871,-0.5411999999999998,0.8739,True
1584,right_shoulder,,,,,,0.0169,True
1584,right_toe_tip,670.895,603.848,0.0745375456521738,0.5883098052173912,-0.0505999999999999,0.2313,True
1585,left_shoulder,774.8720000000001,671.6179999999999,0.2673397600000001,0.6176810704347824,1.2154,0.8359,True
1585,left_toe_tip,751.272,556.516,0.3072558573913044,0.5426404852173912,-0.5274000000000001,0.8883,True
1585,right_shoulder,,,,,,0.0179,False
1585,right_toe_tip,675.231,603.468,0.0859712989130434,0.5941148478260869,-0.104,0.396,True
1586,left_shoulder,775.828,671.472,0.2684965226086956,0.6156988904347825,1.2239,0.8482,True
1586,left_toe_tip,751.228,556.5840000000001,0.3064331399999998,0.5415889200000001,-0.5216,0.9081,True
1586,right_shoulder,,,,,,0.0784,False
1586,right_toe_tip,681.089,603.0840000000001,0.1038390489130436,0.6143155434782611,-0.215,0.843,True
1587,left_shoulder,776.7120000000001,671.3340000000001,0.2700359200000002,0.614952331304348,1.2288,0.8789,True
1587,left_toe_tip,751.274,556.736,0.30595512,0.5409384626086956,-0.5166,0.9157,True
1587,right_shoulder,,,,,,0.0161,True
1587,right_toe_tip,687.3619999999999,602.766,0.1240060713043474,0.6356247182608696,-0.3533000000000001,0.8058,True
1588,left_shoulder,777.2360000000001,670.888,0.2715482765217393,0.6151527339130435,1.2255999999999998,0.9009,True
1588,left_toe_tip,751.358,556.79,0.3046367547826086,0.5383489913043478,-0.5038000000000001,0.9301,True
1588,right_shoulder,,,,,,0.0144,True
1588,right_toe_tip,696.2596000000001,601.5835999999999,0.1513016329565219,0.6497023294782606,-0.4641999999999998,0.8225,True
1589,left_shoulder,777.74,670.4280000000001,0.2735037304347826,0.6164020330434785,1.2192,0.8967,True
1589,left_toe_tip,751.644,556.864,0.3091082573913044,0.5450565008695653,-0.5341999999999998,0.9617,True
1589,right_shoulder,,,,,,0.0139,True
1589,right_toe_tip,707.1048,599.0208,0.1842172639999998,0.6561640570434782,-0.5216,0.3471,True
1590,left_shoulder,778.15,669.874,0.2736270978260869,0.6137526117391304,1.2308,0.9136,True
1590,left_toe_tip,751.95,556.926,0.3086899565217393,0.5430020400000002,-0.5238000000000002,0.9423,True
1590,right_shoulder,,,,,,0.0189,True
1590,right_toe_tip,720.3276,595.1676,0.2217565635652172,0.649215946173913,-0.5748000000000002,0.2371,False
1591,left_shoulder,778.562,669.488,0.2773950995652174,0.6195815200000001,1.2112,0.9397,True
1591,left_toe_tip,751.766,556.652,0.3075994695652173,0.5412205043478262,-0.519,0.9545,True
1591,right_shoulder,,,,,,0.0208,True
1591,right_toe_tip,735.126,589.8860000000001,0.2576673826086956,0.6226912086956524,-0.558,0.2236,True
1592,left_shoulder,778.932,668.8399999999999,0.2776525817391305,0.6172100260869564,1.2144,0.9402,True
1592,left_toe_tip,752.012,556.5799999999999,0.3068885295652172,0.5385864652173912,-0.5075999999999999,0.9551,True
1592,right_shoulder,,,,,,0.0208,True
1592,right_toe_tip,752.134,583.674,0.2952049434782609,0.5888461173913043,-0.519,0.0357,True
1593,left_shoulder,779.332,668.316,0.2780582086956522,0.615291495652174,1.217,0.9697,True
1593,left_toe_tip,752.316,556.562,0.3073795921739131,0.5379389169565219,-0.5048000000000001,0.9502,True
1593,right_shoulder,,,,,,0.0222,True
1593,right_toe_tip,768.2783999999999,577.0604,0.3270541467826084,0.5534096459130434,-0.5126,0.0536,True
1594,left_shoulder,779.6600000000001,667.894,0.2789556695652175,0.6149847982608696,1.2154,0.9503,True
1594,left_toe_tip,752.29,556.842,0.3032562326086955,0.5316017752173913,-0.4715999999999999,0.9012,True
1594,right_shoulder,,,,,,0.0231,True
1594,right_toe_tip,783.8172000000001,570.4472000000001,0.3548220440869567,0.5192098419130436,-0.3908000000000002,0.6223,True
1595,left_shoulder,780.1659999999999,667.6780000000001,0.2799663495652172,0.6145533617391307,1.2154,0.9555,True
1595,left_toe_tip,752.434,556.978,0.3047939086956521,0.5339816652173912,-0.481,0.9253,True
1595,right_shoulder,,,,,,0.0224,True
1595,right_toe_tip,798.4304,563.4923999999999,0.3819205881739129,0.4905493964347823,-0.2838000000000001,0.9076,True
1596,left_shoulder,780.7520000000001,667.484,0.2792091304347827,0.6099546739130436,1.228,0.9769,True
1596,left_toe_tip,752.894,557.3100000000001,0.3066299208695652,0.5359111173913046,-0.4873000000000002,0.9172,True
1596,right_shoulder,,,,,,0.0229,True
1596,right_toe_tip,812.0440000000001,556.358,0.4072206678260872,0.464770848695652,-0.2295999999999999,0.9267,True
1597,left_shoulder,781.598,667.672,0.2809796834782607,0.610528264347826,1.2344000000000002,0.9725,True
1597,left_toe_tip,752.996,557.316,0.3077175852173913,0.5373429417391306,-0.4939000000000001,0.988,True
1597,right_shoulder,,,,,,0.0205,True
1597,right_toe_tip,824.4040000000001,549.2520000000001,0.430823866956522,0.4421502704347828,-0.1954000000000001,0.9467,True
1598,left_shoulder,782.524,667.842,0.2824144043478261,0.6099956152173913,1.237,0.9401,True
1598,left_toe_tip,752.9100000000001,557.274,0.3070170173913045,0.5364137373913043,-0.4900999999999999,0.9714,True
1598,right_shoulder,,,,,,0.0194,True
1598,right_toe_tip,836.018,542.65,0.4600031108695652,0.4286319021739129,-0.176,0.9709,True
1599,left_shoulder,784.0640000000001,668.3520000000001,0.2842132173913044,0.6083248695652176,1.252,0.9089,True
1599,left_toe_tip,752.962,556.792,0.3063480326086956,0.5336913478260871,-0.4835,0.9845,True
1599,right_shoulder,,,,,,0.0169,True
1599,right_toe_tip,846.642,536.348,0.4895618513043479,0.4177914139130433,-0.1635999999999999,0.9295,True
1600,left_shoulder,785.796,668.9680000000001,0.2866793086956523,0.6075251217391305,1.265,0.9241,True
1600,left_toe_tip,752.664,556.278,0.3037274486956521,0.5291398865217392,-0.4686999999999998,0.9823,True
1600,right_shoulder,,,,,,0.0141,False
1600,right_toe_tip,855.698,531.0260000000001,0.5128923313043477,0.4066700843478262,-0.1495999999999999,0.935,True
1601,left_shoulder,787.626,669.396,0.2904381086956521,0.608703,1.271,0.9452,True
1601,left_toe_tip,752.392,555.8399999999999,0.3024077791304349,0.5269373217391302,-0.4624000000000001,0.9678,True
1601,right_shoulder,,,,,,0.0112,True
1601,right_toe_tip,862.6700000000001,526.754,0.5331978369565219,0.3993033282608695,-0.152,0.9317,True
1602,left_shoulder,789.5160000000001,669.65,0.294579023478261,0.6100778152173912,1.2719,0.9038,True
1602,left_toe_tip,751.976,555.4559999999999,0.2996818556521738,0.5230997426086953,-0.4461999999999998,0.9366,True
1602,right_shoulder,,,,,,0.0123,True
1602,right_toe_tip,867.231,523.519,0.5629895015217391,0.4051360963043477,-0.2154000000000001,0.9635,True
1603,left_shoulder,791.8520000000001,670.122,0.2997756547826088,0.6122212786956521,1.2718,0.897,True
1603,left_toe_tip,751.656,555.096,0.2992866260869564,0.5229421043478262,-0.45,0.9336,True
1603,right_shoulder,,,,,,0.0145,True
1603,right_toe_tip,869.7370000000001,521.247,0.5986646563043482,0.4201886497826086,-0.3089,0.9257,True
1604,left_shoulder,794.296,670.184,0.30550608,0.61416432,1.2669,0.9477,True
1604,left_toe_tip,751.302,554.74,0.2982167717391304,0.5217761956521739,-0.449,0.9308,True
1604,right_shoulder,,,,,,0.0264,False
1604,right_toe_tip,869.8810000000001,519.785,0.6182799417391307,0.4297521782608695,-0.3859000000000001,0.9592,False
1605,left_shoulder,797.316,670.1679999999999,0.3127852469565217,0.6166948973913041,1.2668,0.9699,True
1605,left_toe_tip,751.0120000000001,554.4820000000001,0.2986705460869566,0.5232411373913045,-0.4591999999999998,0.9068,True
1605,right_shoulder,,,,,,0.0182,True
1605,right_toe_tip,869.1870000000001,518.569,0.6328052363043483,0.4378227976086955,-0.4431999999999998,0.9738,True
1606,left_shoulder,800.658,670.1700000000001,0.3193601634782609,0.6165640173913045,1.2742,0.9112,True
1606,left_toe_tip,750.722,554.106,0.29519448,0.5175034747826087,-0.4303000000000002,0.9057,True
1606,right_shoulder,,,,,,0.0149,True
1606,right_toe_tip,868.131,517.245,0.6418912028260868,0.442439572826087,-0.4835999999999999,0.9645,True
1607,left_shoulder,804.328,669.866,0.3270841669565216,0.616768064347826,1.2828,0.9178,True
1607,left_toe_tip,750.4639999999999,553.754,0.294194448695652,0.5160174465217391,-0.4276999999999998,0.9121,True
1607,right_shoulder,,,,,,0.0135,True
1607,right_toe_tip,867.342,515.948,0.6345807130434783,0.4352983304347825,-0.461,0.9842,True
1608,left_shoulder,808.876,669.6719999999999,0.3361366643478261,0.6163819199999999,1.3008,0.8814,True
1608,left_toe_tip,750.118,553.268,0.290567887826087,0.5099754313043479,-0.4050999999999999,0.9495,True
1608,right_shoulder,,,,,,0.0124,True
1608,right_toe_tip,866.7699999999999,514.554,0.6160256347826083,0.419849300869565,-0.3861999999999998,0.9661,True
1609,left_shoulder,813.5840000000001,669.5379999999999,0.3458095165217393,0.616653528695652,1.3292,0.9235,True
1609,left_toe_tip,749.9079999999999,552.7879999999999,0.2882217834782605,0.5055655747826083,-0.3900999999999999,0.9507,True
1609,right_shoulder,,,,,,0.0171,False
1609,right_toe_tip,866.798,513.086,0.6096428847826086,0.4115018239130434,-0.356,0.9569,True
1610,left_shoulder,818.27,669.1279999999999,0.3547573,0.6151647199999999,1.3427,0.9402,True
1610,left_toe_tip,749.764,552.198,0.2854818469565218,0.4998819286956522,-0.3653000000000002,0.9444,True
1610,right_shoulder,,,,,,0.0097,True
1610,right_toe_tip,866.684,511.848,0.6051970008695651,0.4054011495652173,-0.3341999999999998,0.95,True
1611,left_shoulder,823.958,668.7779999999999,0.366276374347826,0.6148038482608693,1.3192000000000002,0.8553,True
1611,left_toe_tip,749.73,551.708,0.2856081065217392,0.4989825834782608,-0.3670999999999999,0.9352,True
1611,right_shoulder,,,,,,0.0109,True
1611,right_toe_tip,866.632,511.07,0.6068810817391302,0.4045391869565217,-0.3415999999999999,0.9713,True
1612,left_shoulder,829.808,668.3019999999999,0.3768926678260869,0.6121805365217389,1.3097,0.9144,True
1612,left_toe_tip,749.736,551.2259999999999,0.2850750434782609,0.4967718913043475,-0.352,0.939,True
1612,right_shoulder,,,,,,0.0141,False
1612,right_toe_tip,866.484,510.342,0.6096358452173914,0.404681444347826,-0.3474000000000001,0.9871,True
1613,left_shoulder,836.058,667.894,0.3875981417391304,0.6086930513043478,1.2842,0.8901,True
1613,left_toe_tip,749.704,550.792,0.2859458608695651,0.497303495652174,-0.36,0.965,True
1613,right_shoulder,,,,,,0.0118,True
1613,right_toe_tip,866.348,509.708,0.6147808504347825,0.4066199460869564,-0.3698000000000002,0.994,True
1614,left_shoulder,842.424,667.1940000000001,0.3996113791304347,0.6064410247826089,1.2793,0.9189,True
1614,left_toe_tip,749.6700000000001,550.514,0.2876453369565219,0.4996850891304348,-0.375,0.9577,True
1614,right_shoulder,,,,,,0.0125,True
1614,right_toe_tip,866.1220000000001,509.204,0.6169198043478262,0.4070674347826086,-0.3725,0.994,True
1615,left_shoulder,849.256,666.566,0.4096413652173912,0.6001362673913043,1.287,0.9474,True
1615,left_toe_tip,749.442,550.336,0.2888317130434783,0.5023215304347826,-0.39,0.9749,True
1615,right_shoulder,,,,,,0.0106,True
1615,right_toe_tip,865.9630000000001,508.782,0.6207350977173915,0.408713857173913,-0.3898000000000002,0.9846,True
1616,left_shoulder,855.9399999999999,665.854,0.4148864608695651,0.5876386200000001,1.3204,0.8708,True
1616,left_toe_tip,749.176,550.16,0.2910252417391305,0.5069004173913042,-0.3984000000000001,0.9608,True
1616,right_shoulder,,,,,,0.012,True
1616,right_toe_tip,865.781,508.334,0.6219039479347825,0.4085795536956521,-0.3965999999999999,0.9669,True
1617,left_shoulder,863.052,665.4680000000001,0.4226835400000001,0.5788618600000002,1.3376,0.9211,True
1617,left_toe_tip,748.98,550.062,0.2930140521739131,0.5110188730434783,-0.4195999999999999,0.98,True
1617,right_shoulder,,,,,,0.013,True
1617,right_toe_tip,865.6496666666666,507.87266666666665,0.6237823412198065,0.4087768423429951,-0.4022333333333331,0.9636,False
1618,left_shoulder,869.768,664.524,0.4276681773913044,0.5668118452173914,1.3581,0.8604,True
1618,left_toe_tip,748.7819999999999,550.01,0.2945390891304346,0.5144727282608695,-0.437,0.9866,True
1618,right_shoulder,,,,,,0.0124,True
1618,right_toe_tip,865.5110000000001,507.478,0.620081713804348,0.4055164093478259,-0.3781999999999998,0.9664,True
1619,left_shoulder,876.7479999999999,663.65,0.4334032408695651,0.5558775326086957,1.3933,0.8967,True
1619,left_toe_tip,748.3299999999999,549.778,0.2948695499999998,0.5165674647826087,-0.4501999999999998,0.9855,True
1619,right_shoulder,,,,,,0.0126,True
1619,right_toe_tip,865.3770000000001,507.046,0.6187823525000001,0.4037211863043478,-0.3744,0.959,False
1620,left_shoulder,883.344,662.4739999999999,0.4401352347826087,0.5470834086956521,1.424,0.9289,True
1620,left_toe_tip,748.05,549.5899999999999,0.2924396739130434,0.5131294565217389,-0.423,0.9691,True
1620,right_shoulder,,,,,,0.012,False
1620,right_toe_tip,865.104,506.546,0.617421123478261,0.4019501917391304,-0.3719,0.9316,False
1621,left_shoulder,889.55,661.076,0.4520652499999999,0.5454057191304348,1.4294,0.9377,True
1621,left_toe_tip,747.691,549.2360000000001,0.2884597079347827,0.5068850813043482,-0.3873000000000002,0.9725,True
1621,right_shoulder,,,,,,0.0149,True
1621,right_toe_tip,864.818,506.066,0.6152193443478261,0.399712784347826,-0.3500999999999999,0.9099,True
1622,left_shoulder,895.2520000000001,659.1299999999999,0.4611737765217393,0.5404498760869564,1.4408,0.9317,True
1622,left_toe_tip,747.037,548.5980000000001,0.2831477683695653,0.4989032093478263,-0.3566999999999998,0.97,True
1622,right_shoulder,,,,,,0.0128,True
1622,right_toe_tip,864.5353333333333,505.69733333333335,0.6129001066183573,0.3977009311111111,-0.3437666666666669,0.9121,True
1623,left_shoulder,900.436,657.322,0.4731442721739131,0.5401565117391304,1.4466,0.9215,True
1623,left_toe_tip,746.889,548.018,0.2824309457608696,0.4967966915217392,-0.3424000000000001,0.9718,False
1623,right_shoulder,,,,,,0.0107,True
1623,right_toe_tip,864.2699999999999,505.398,0.6137684847826084,0.3979163960869565,-0.3503000000000001,0.8934,True
1624,left_shoulder,905.558,655.368,0.48418151,0.5385329165217393,1.4546,0.8979,True
1624,left_toe_tip,747.019,547.45,0.2815646625,0.4931768750000001,-0.332,0.9742,True
1624,right_shoulder,,,,,,0.0119,True
1624,right_toe_tip,864.0319999999999,505.20200000000006,0.6159905947826084,0.3992423686956522,-0.3605999999999999,0.881,True
1625,left_shoulder,910.536,653.408,0.497609803478261,0.5396793669565219,1.4553,0.9282,True
1625,left_toe_tip,748.043,546.8480000000001,0.2854096770652174,0.4935833634782611,-0.3533000000000001,0.9434,True
1625,right_shoulder,,,,,,0.014,True
1625,right_toe_tip,863.952,505.124,0.6238036904347826,0.4042334373913042,-0.3935999999999999,0.8686,True
1626,left_shoulder,915.236,651.418,0.5100841086956525,0.5400735760869566,1.4615,0.9409,True
1626,left_toe_tip,749.658,546.232,0.2908797643478261,0.4940006226086955,-0.3634000000000001,0.9074,True
1626,right_shoulder,,,,,,0.0099,True
1626,right_toe_tip,863.858,504.95,0.635270072173913,0.4113428913043478,-0.4418000000000002,0.8596,True
1627,left_shoulder,919.992,649.5580000000001,0.523524172173913,0.5414105126086959,1.4613,0.9132,True
1627,left_toe_tip,751.9280000000001,545.422,0.3001616973913046,0.4972534330434782,-0.4001999999999998,0.8683,True
1627,right_shoulder,,,,,,0.0138,True
1627,right_toe_tip,863.808,504.776,0.6475349286956522,0.418874735652174,-0.4928000000000002,0.8624,True
1628,left_shoulder,924.62,647.7860000000001,0.5367561956521741,0.5427268586956523,1.481,0.899,True
1628,left_toe_tip,754.048,544.556,0.3064420173913043,0.495893947826087,-0.4165,0.8975,True
1628,right_shoulder,,,,,,0.034,True
1628,right_toe_tip,863.792,504.746,0.6559538121739131,0.4242631126086956,-0.5130999999999999,0.863,True
1629,left_shoulder,928.812,646.2940000000001,0.547361525217391,0.5425893678260871,1.4804000000000002,0.8822,True
1629,left_toe_tip,756.574,543.748,0.3084649408695651,0.4862131860869567,-0.3674000000000001,0.7878,True
1629,right_shoulder,,,,,,0.0193,True
1629,right_toe_tip,863.802,504.726,0.6620646991304348,0.4281372626086956,-0.5380999999999999,0.8656,True
1630,left_shoulder,932.506,644.746,0.5563972826086956,0.5416364130434782,1.49,0.8943,True
1630,left_toe_tip,759.289,542.444,0.3125501461956521,0.478023110869565,-0.3625,0.6834,True
1630,right_shoulder,,,,,,0.0127,True
1630,right_toe_tip,863.7059999999999,504.442,0.6607108078260866,0.4266063069565217,-0.5336999999999998,0.8728,True
1631,left_shoulder,936.068,643.514,0.5643957156521738,0.5404639708695653,1.5062,0.9001,True
1631,left_toe_tip,762.699,540.8639999999999,0.3194041685869564,0.4708165147826085,-0.3259000000000001,0.4268,True
1631,right_shoulder,,,,,,0.0175,True
1631,right_toe_tip,863.5719999999999,504.1719999999999,0.651955393043478,0.4204180886956519,-0.4993000000000002,0.8812,True
1632,left_shoulder,939.144,642.664,0.5709748521739129,0.5395195478260869,1.524,0.8836,True
1632,left_toe_tip,765.6129999999999,539.828,0.3243682653260867,0.4643667169565216,-0.2821999999999998,0.2551,True
1632,right_shoulder,,,,,,0.0157,True
1632,right_toe_tip,863.5319999999999,503.792,0.6394473017391302,0.4113388973913044,-0.4483000000000002,0.8992,True
1633,left_shoulder,942.0599999999998,642.234,0.5771315956521736,0.539251005652174,1.5307,0.8618,True
1633,left_toe_tip,769.1429999999999,537.324,0.3325572622826085,0.4566285743478259,-0.1410999999999999,0.3686,True
1633,right_shoulder,,,,,,0.0141,True
1633,right_toe_tip,863.574,503.16,0.6256183756521739,0.4005990260869566,-0.3729,0.9115,True
1634,left_shoulder,944.712,641.954,0.5833247547826086,0.5397580269565216,1.5318,0.837,True
1634,left_toe_tip,773.645,533.324,0.3507164385869565,0.4548436230434782,-0.1673000000000001,0.7909,True
1634,right_shoulder,,,,,,0.0298,True
1634,right_toe_tip,863.6119999999999,502.364,0.6144954982608692,0.3912224617391305,-0.3266999999999998,0.9155,True
1635,left_shoulder,947.122,641.906,0.588272161304348,0.5399725578260869,1.5308,0.8569,True
1635,left_toe_tip,778.726,528.924,0.3697349478260869,0.4502191826086956,-0.114,0.9205,True
1635,right_shoulder,,,,,,0.0291,True
1635,right_toe_tip,862.3100000000001,502.554,0.5991254500000002,0.3841830299999999,-0.2759000000000001,0.9159,True
1636,left_shoulder,948.9779999999998,641.4979999999999,0.5913570243478258,0.5387626939130433,1.5362,0.8511,True
1636,left_toe_tip,784.444,523.4979999999999,0.3894335843478259,0.4408048252173911,-0.1214,0.9444,True
1636,right_shoulder,,,,,,0.034,True
1636,right_toe_tip,862.406,502.071,0.5939448928260869,0.3794067825000001,-0.2534,0.8262,True
1637,left_shoulder,950.808,640.944,0.5956702886956522,0.5384352834782608,1.5418,0.8222,True
1637,left_toe_tip,791.904,516.632,0.4165141634782608,0.4294781339130433,-0.1505999999999999,0.9626,True
1637,right_shoulder,,,,,,0.0248,True
1637,right_toe_tip,863.7299999999999,500.919,0.598404794565217,0.3769123731521739,-0.2406999999999998,0.3892,True
1638,left_shoulder,952.276,639.9939999999999,0.5989589452173915,0.5370406656521738,1.5444,0.8456,True
1638,left_toe_tip,799.602,510.312,0.4413342260869564,0.4156453565217391,-0.176,0.9367,True
1638,right_shoulder,,,,,,0.0146,True
1638,right_toe_tip,864.5319999999999,500.3416153846154,0.6035386367558527,0.3772361499890662,-0.2529461538461537,0.271,True
1639,left_shoulder,953.406,638.874,0.6024208373913044,0.5360443278260871,1.5446,0.8528,True
1639,left_toe_tip,807.26,504.264,0.4682552782608695,0.403876476521739,-0.2075999999999999,0.9013,True
1639,right_shoulder,,,,,,0.0143,True
1639,right_toe_tip,864.896,500.3508461538461,0.6055663272240801,0.3779157763062773,-0.2572384615384617,0.3148,True
1640,left_shoulder,954.876,637.9440000000001,0.6060678486956521,0.5349817773913045,1.5422,0.9149,True
1640,left_toe_tip,814.308,497.802,0.4984072008695652,0.3940238491304348,-0.1565999999999999,0.9482,True
1640,right_shoulder,,,,,,0.014,True
1640,right_toe_tip,866.2620000000001,500.05669230769234,0.6113935984448161,0.3784540271732699,-0.2579769230769229,0.2929,True
1641,left_shoulder,956.218,636.8280000000001,0.6104382260869566,0.5343984000000002,1.537,0.9007,True
1641,left_toe_tip,820.55,492.24799999999993,0.5275984999999999,0.3864516556521737,-0.1524000000000001,0.9752,True
1641,right_shoulder,,,,,,0.0154,True
1641,right_toe_tip,865.8699999999999,500.9661538461539,0.609225780100334,0.38021966195009,-0.2614615384615381,0.2627,True
1642,left_shoulder,957.068,635.344,0.6144226417391304,0.5335687860869566,1.5392,0.9079,True
1642,left_toe_tip,826.658,486.962,0.5538467482608697,0.376718334347826,-0.1288000000000002,0.9528,True
1642,right_shoulder,,,,,,0.0295,True
1642,right_toe_tip,863.7199999999999,503.0792307692308,0.5991056989966553,0.3831556524311808,-0.2621923076923076,0.259,True
1643,left_shoulder,957.762,633.48,0.619290506521739,0.5329887391304348,1.546,0.8902,True
1643,left_toe_tip,832.0780000000001,482.37,0.5799085356521743,0.3694509913043479,-0.1405999999999999,0.8704,True
1643,right_shoulder,,,,,,0.0136,True
1643,right_toe_tip,862.645,504.13576923076926,0.5940768028846153,0.384593038091716,-0.2713076923076923,0.1366,True
1644,left_shoulder,958.36,631.182,0.622809052173913,0.5305145256521739,1.5432,0.8845,True
1644,left_toe_tip,836.5219999999999,479.016,0.600673765217391,0.3637749913043476,-0.164,0.8696,True
1644,right_shoulder,,,,,,0.016,True
1644,right_toe_tip,861.5699999999998,505.1923076923078,0.5890686697324411,0.3860100173655779,-0.2714230769230771,0.2359,True
1645,left_shoulder,958.428,628.524,0.6247418913043475,0.5268324130434783,1.5425,0.8461,True
1645,left_toe_tip,840.726,476.812,0.6161415478260869,0.358562052173913,-0.168,0.8687,True
1645,right_shoulder,,,,,,0.0153,True
1645,right_toe_tip,860.4949999999999,506.2488461538462,0.5840812995401337,0.3874065902527658,-0.2590384615384619,0.0709,True
1646,left_shoulder,958.706,625.9799999999999,0.6264651417391303,0.5228241652173911,1.5386,0.8726,True
1646,left_toe_tip,844.2879999999999,475.428,0.6294735026086953,0.3556687982608695,-0.1653000000000001,0.8652,True
1646,right_shoulder,,,,,,0.0139,True
1646,right_toe_tip,859.42,507.30538461538464,0.5791146923076922,0.3887827567532802,-0.2556538461538462,0.1814,True
1647,left_shoulder,958.876,623.0559999999999,0.6261060939130435,0.5165047373913042,1.5366,0.8919,True
1647,left_toe_tip,846.234,475.13,0.6360077226086958,0.3550509086956521,-0.1646999999999998,0.8021,True
1647,right_shoulder,,,,,,0.0163,True
1647,right_toe_tip,,,,,,0.092,True
1648,left_shoulder,958.802,620.1,0.6258221869565218,0.5105876086956522,1.524,0.905,True
1648,left_toe_tip,847.7860000000001,475.15,0.6413360060869567,0.3554129782608695,-0.1670999999999999,0.8668,True
1648,right_shoulder,,,,,,0.0158,True
1648,right_toe_tip,,,,,,0.1565,True
1649,left_shoulder,958.758,617.016,0.6261515843478261,0.5048688208695652,1.5188,0.8941,True
1649,left_toe_tip,848.9699999999999,475.25200000000007,0.6444453086956518,0.3554271460869567,-0.1646999999999998,0.8511,True
1649,right_shoulder,,,,,,0.0144,True
1649,right_toe_tip,,,,,,0.1627,True
1650,left_shoulder,958.664,614.014,0.6264518591304347,0.4993583917391304,1.5174,0.865,True
1650,left_toe_tip,849.1880000000001,475.5,0.6448447478260871,0.3560413043478261,-0.1635,0.8553,True
1650,right_shoulder,,,,,,0.0167,True
1650,right_toe_tip,842.22,524.21,0.5024727391304349,0.4080261521739131,-0.1945,0.2412,True
1651,left_shoulder,958.228,610.9979999999999,0.6269091600000001,0.4944660599999999,1.5221,0.9053,True
1651,left_toe_tip,849.0880000000001,475.616,0.644536486956522,0.3563988869565216,-0.1635,0.8935,True
1651,right_shoulder,,,,,,0.0138,True
1651,right_toe_tip,841.5450000000001,524.1500000000001,0.4944424619565219,0.4027027717391307,-0.1655,0.2247,True
1652,left_shoulder,957.924,608.382,0.6265176217391304,0.4894745282608694,1.526,0.8976,True
1652,left_toe_tip,849.1120000000001,475.858,0.6432466956521742,0.3563892826086957,-0.1575,0.8728,True
1652,right_shoulder,,,,,,0.0146,True
1652,right_toe_tip,841.1866666666666,524.15,0.4911578840579709,0.4007401086956521,-0.156,0.4197,True
1653,left_shoulder,957.712,605.9159999999999,0.6271358608695651,0.4854167999999998,1.523,0.9136,True
1653,left_toe_tip,848.832,476.138,0.6410234434782608,0.3564931652173914,-0.1515,0.862,True
1653,right_shoulder,,,,,,0.0167,True
1653,right_toe_tip,841.1031617647059,523.8310294117647,0.4905473807550634,0.3996301284331747,-0.1541397058823531,0.5358,True
1654,left_shoulder,957.3,603.5459999999999,0.6259087391304347,0.4804209573913042,1.5282,0.9449,True
1654,left_toe_tip,848.628,476.256,0.6398530052173915,0.3565520973913043,-0.1570999999999999,0.8916,True
1654,right_shoulder,,,,,,0.0174,True
1654,right_toe_tip,841.129588235294,523.3844705882353,0.4910043922923872,0.3988597271791785,-0.1559352941176466,0.3403,True
1655,left_shoulder,956.982,600.954,0.6268663595652174,0.4765127256521739,1.5235999999999998,0.9095,True
1655,left_toe_tip,848.4720000000001,476.442,0.6391026400000003,0.3569706704347826,-0.1559000000000001,0.8475,True
1655,right_shoulder,,,,,,0.0161,True
1655,right_toe_tip,841.0091764705882,522.6069411764705,0.4899097438754323,0.3963138713509851,-0.1352705882352938,0.2375,True
1656,left_shoulder,956.75,598.31,0.627165,0.4718537999999998,1.5174,0.8824,True
1656,left_toe_tip,848.258,476.628,0.6381749495652175,0.3573887582608695,-0.1546999999999998,0.8379,True
1656,right_shoulder,,,,,,0.0144,True
1656,right_toe_tip,841.2352941176471,521.5982352941176,0.49283346998646,0.3957606909508047,-0.1461176470588234,0.0469,True
1657,left_shoulder,956.556,595.896,0.6288453756521738,0.4686125321739129,1.4944000000000002,0.8645,True
1657,left_toe_tip,848.0439999999999,476.74799999999993,0.638604626086956,0.3583655999999998,-0.1595,0.8484,True
1657,right_shoulder,,,,,,0.0144,True
1657,right_toe_tip,841.6179411764706,520.3223529411764,0.4969611535373101,0.3951730733413568,-0.1476764705882351,0.0483,True
1658,left_shoulder,956.418,593.844,0.627539437826087,0.4637736547826088,1.4974,0.9149,True
1658,left_toe_tip,847.952,476.766,0.6391359513043477,0.3588777626086955,-0.1630999999999999,0.8585,True
1658,right_shoulder,,,,,,0.0152,True
1658,right_toe_tip,841.8092647058824,519.6844117647058,0.4990295367999662,0.3948641215915074,-0.1449558823529414,0.1324,True
1659,left_shoulder,956.302,592.126,0.6278594700000001,0.46077011,1.4912999999999998,0.9267,True
1659,left_toe_tip,847.732,476.892,0.6365631026086955,0.3581977460869565,-0.1546999999999998,0.8687,True
1659,right_shoulder,,,,,,0.0149,True
1659,right_toe_tip,842.000588235294,519.0464705882351,0.5011009477207761,0.394545074544907,-0.1522352941176473,0.0384,True
1660,left_shoulder,956.0019999999998,590.4960000000001,0.6272639699999998,0.4575345600000002,1.4868,0.9593,True
1660,left_toe_tip,847.604,477.018,0.6356292904347828,0.3582785895652175,-0.1523000000000001,0.8583,True
1660,right_shoulder,,,,,,0.0153,True
1660,right_toe_tip,842.1919117647058,518.4085294117646,0.5031753862997402,0.3942159322015567,-0.1595147058823531,0.0406,True
1661,left_shoulder,955.734,588.9280000000001,0.6267319900000001,0.4544220800000003,1.4868,0.9462,True
1661,left_toe_tip,847.7,477.194,0.635381391304348,0.3585117321739129,-0.1499000000000001,0.8745,True
1661,right_shoulder,,,,,,0.0154,True
1661,right_toe_tip,842.3832352941176,517.7705882352941,0.5052528525368588,0.3938766945614562,-0.154294117647059,0.0357,True
1662,left_shoulder,955.466,587.356,0.6265429078260869,0.4515487860869565,1.4778,0.9334,True
1662,left_toe_tip,847.632,477.322,0.6322394399999999,0.3572454899999999,-0.1369,0.8869,True
1662,right_shoulder,,,,,,0.0164,True
1662,right_toe_tip,,,,,,0.0289,True
1663,left_shoulder,955.482,585.478,0.6272605156521739,0.4483090843478259,1.4678,0.9354,True
1663,left_toe_tip,847.8520000000001,477.52,0.6320960060869568,0.3573885391304347,-0.1333000000000001,0.8769,True
1663,right_shoulder,,,,,,0.0381,True
1663,right_toe_tip,,,,,,0.0275,True
1664,left_shoulder,955.352,583.0980000000001,0.6272077060869566,0.4437225221739131,1.4672,0.8986,True
1664,left_toe_tip,847.9119999999999,477.632,0.6349903669565216,0.3592634713043477,-0.1453000000000001,0.8907,True
1664,right_shoulder,,,,,,0.0144,True
1664,right_toe_tip,,,,,,0.0308,True
1665,left_shoulder,955.748,580.8000000000001,0.6278580339130433,0.4390560000000001,1.4676,0.8998,True
1665,left_toe_tip,848.0040000000001,477.7480000000001,0.6358139660869568,0.3599249191304349,-0.1476999999999998,0.8782,True
1665,right_shoulder,,,,,,0.0216,True
1665,right_toe_tip,,,,,,0.0356,True
1666,left_shoulder,956.132,578.5720000000001,0.6280718147826085,0.4342455452173915,1.4692,0.8836,True
1666,left_toe_tip,847.668,477.572,0.6318524626086957,0.3577255895652174,-0.1346999999999998,0.8736,True
1666,right_shoulder,,,,,,0.0149,True
1666,right_toe_tip,,,,,,0.0364,True
1667,left_shoulder,956.9439999999998,576.03,0.628582633043478,0.4284438456521738,1.4724000000000002,0.9386,True
1667,left_toe_tip,847.4380000000001,477.306,0.6332721378260873,0.3581148169565218,-0.1440999999999999,0.8559,True
1667,right_shoulder,,,,,,0.015,True
1667,right_toe_tip,,,,,,0.0352,True
1668,left_shoulder,957.772,573.322,0.629879368695652,0.4228413034782609,1.4734,0.9523,True
1668,left_toe_tip,847.2,477.072,0.6311942608695653,0.3566369426086956,-0.1380999999999999,0.8771,True
1668,right_shoulder,,,,,,0.015,True
1668,right_toe_tip,,,,,,0.033,True
1669,left_shoulder,959.316,570.87,0.632176263478261,0.4174767586956522,1.4835999999999998,0.9329,True
1669,left_toe_tip,847.1959999999999,476.97800000000007,0.6277137947826085,0.3543924800000002,-0.1226999999999998,0.893,True
1669,right_shoulder,,,,,,0.038,True
1669,right_toe_tip,,,,,,0.0344,True
1670,left_shoulder,960.83,568.3979999999999,0.634406452173913,0.4120843930434781,1.4938,0.8981,True
1670,left_toe_tip,847.176,476.912,0.6241852573913046,0.3522355234782608,-0.1073000000000001,0.888,True
1670,right_shoulder,,,,,,0.0399,True
1670,right_toe_tip,,,,,,0.0457,True
1671,left_shoulder,962.832,565.928,0.6357684973913043,0.4055438591304347,1.5057,0.977,True
1671,left_toe_tip,847.4559999999999,476.934,0.6245327582608693,0.3520221808695653,-0.1050999999999999,0.899,True
1671,right_shoulder,,,,,,0.0218,True
1671,right_toe_tip,,,,,,0.0639,True
1672,left_shoulder,964.826,563.664,0.6383537043478261,0.4002440347826087,1.514,0.9983,True
1672,left_toe_tip,847.908,477.06000000000006,0.6242663686956522,0.3514853739130436,-0.0979,0.9071,True
1672,right_shoulder,,,,,,0.0433,True
1672,right_toe_tip,,,,,,0.0363,True
1673,left_shoulder,967.128,561.596,0.6410997652173914,0.3950843347826087,1.523,0.9343,True
1673,left_toe_tip,848.174,477.004,0.6256081252173913,0.351622455652174,-0.1003000000000001,0.8922,True
1673,right_shoulder,1045.77,673.43,0.7753735434782608,0.5989238478260869,1.835,0.262,True
1673,right_toe_tip,,,,,,0.0443,True
1674,left_shoulder,969.516,559.464,0.6434874408695652,0.3895185026086958,1.5379,0.9553,True
1674,left_toe_tip,848.3299999999999,476.956,0.6242653739130433,0.350461196521739,-0.0923000000000001,0.902,True
1674,right_shoulder,1046.105,673.65,0.7793243233695653,0.6019011684782608,1.8275,0.5016,False
1674,right_toe_tip,,,,,,0.1196,True
1675,left_shoulder,972.56,557.47,0.6473352695652175,0.384379647826087,1.5522,1.0,True
1675,left_toe_tip,848.4380000000001,476.986,0.6259030639130438,0.3512886126086956,-0.0980999999999999,0.8795,True
1675,right_shoulder,1046.3066666666666,673.8766666666667,0.7843485217391303,0.6059184347826088,1.817,0.5408,True
1675,right_toe_tip,,,,,,0.1579,True
1676,left_shoulder,975.8,555.618,0.6563429999999999,0.3823481386956522,1.5488,0.955,True
1676,left_toe_tip,848.6200000000001,477.178,0.6241366173913048,0.350566007826087,-0.0879,0.8821,True
1676,right_shoulder,1046.56,674.095,0.7871576086956521,0.6081323029891305,1.81175,0.4339,True
1676,right_toe_tip,,,,,,0.0537,True
1677,left_shoulder,979.746,554.068,0.6638341408695649,0.379191996521739,1.5584,0.912,True
1677,left_toe_tip,848.4620000000001,477.282,0.6244796434782612,0.3513360782608694,-0.0915,0.8782,True
1677,right_shoulder,1046.53575,671.47975,0.7889665813451087,0.6044907822146739,1.80755,0.3557,True
1677,right_toe_tip,,,,,,0.0637,True
1678,left_shoulder,984.152,552.9300000000001,0.6724430817391305,0.376968443478261,1.5709000000000002,0.9128,True
1678,left_toe_tip,848.192,477.526,0.6192806817391304,0.3495887517391304,-0.0720999999999999,0.8837,True
1678,right_shoulder,1046.49325,666.25125,0.793258322160326,0.5976393279211958,1.80265,0.477,True
1678,right_toe_tip,,,,,,0.0798,True
1679,left_shoulder,989.02,552.312,0.6836239565217394,0.3766806782608696,1.588,0.8976,True
1679,left_toe_tip,848.0040000000001,477.6940000000001,0.6174553521739135,0.3493720804347828,-0.0665,0.8714,True
1679,right_shoulder,1046.1405,658.1885,0.7960795257065216,0.5844818717934782,1.7997,0.2501,True
1679,right_toe_tip,,,,,,0.1653,True
1680,left_shoulder,1003.1939999999998,577.664,0.7136762099999996,0.4277097599999999,1.6352,0.8558,True
1680,left_toe_tip,847.876,477.628,0.6134601521739129,0.3471304565217392,-0.0505,0.8862,True
1680,right_shoulder,1045.5575,647.2875,0.7967882404891308,0.5644262567934784,1.8055,0.1432,True
1680,right_toe_tip,,,,,,0.0366,True
1681,left_shoulder,1016.774,603.738,0.7418352430434783,0.4798989273913044,1.6451,0.8183,True
1681,left_toe_tip,847.7520000000001,477.34,0.613591015652174,0.3465611391304348,-0.0526999999999998,0.8716,True
1681,right_shoulder,1044.67625,633.55625,0.7973661654211956,0.5390098828125,1.78525,0.0283,True
1681,right_toe_tip,,,,,,0.0454,True
1682,left_shoulder,1029.7959999999998,630.72,0.7717113417391301,0.5359667478260871,1.7526,0.8517,True
1682,left_toe_tip,847.7880000000001,477.122,0.6080960991304352,0.3427600791304348,-0.0279,0.8575,True
1682,right_shoulder,1044.235625,626.6906250000001,0.7976513562330163,0.5262429275645382,1.777625,0.0418,True
1682,right_toe_tip,,,,,,0.0716,True
1683,left_shoulder,1042.04,658.31,0.8004091999999999,0.5938962999999998,1.7569,0.96,True
1683,left_toe_tip,847.992,476.82,0.6114964799999999,0.3434508,-0.0403000000000001,0.8545,True
1683,right_shoulder,1043.795,619.825,0.7979340326086959,0.513436793478261,1.766,0.1225,True
1683,right_toe_tip,,,,,,0.0932,True
1684,left_shoulder,1053.504,686.476,0.8264686469565214,0.6525261617391304,1.7942,0.9534,True
1684,left_toe_tip,848.0380000000001,476.488,0.6147070643478265,0.3441967165217391,-0.0539,0.8473,True
1684,right_shoulder,1042.32625,596.9395833333334,0.7988581273777176,0.4704667215806161,1.74725,0.1178,True
1684,right_toe_tip,,,,,,0.0967,True
1685,left_shoulder,1054.924,689.9780000000001,0.8351698513043477,0.6641883265217392,1.7912,0.8961,True
1685,left_toe_tip,848.0459999999999,476.334,0.6183488939130433,0.34576488,-0.0699,0.8498,True
1685,right_shoulder,1043.6645833333332,579.97125,0.8050256459465577,0.4386872292798914,1.73425,0.2225,True
1685,right_toe_tip,,,,,,0.1002,True
1686,left_shoulder,1057.052,694.274,0.8415384052173916,0.6745067973913044,1.8016,0.9438,True
1686,left_toe_tip,847.7639999999999,476.50200000000007,0.6222080139130431,0.348898163478261,-0.0906999999999998,0.8565,True
1686,right_shoulder,1048.6633333333334,569.2666666666668,0.8220647922705315,0.4209596135265702,1.7233333333333332,0.3816,True
1686,right_toe_tip,853.48,480.77,0.6309262173913044,0.3569278586956521,-0.105,0.0547,True
1687,left_shoulder,1059.398,698.466,0.8516514604347829,0.6873067186956522,1.7948,0.6474,True
1687,left_toe_tip,847.2879999999999,476.626,0.6245226939130432,0.3513738552173914,-0.1073000000000001,0.8593,True
1687,right_shoulder,1053.6805,572.5215000000001,0.8352748878260868,0.4291086286956523,1.7264000000000002,0.5408,True
1687,right_toe_tip,853.5,480.15,0.6284326086956522,0.3536589130434782,-0.0755,0.1476,True
1688,left_shoulder,1060.4550000000002,700.6075000000001,0.8558772839673915,0.6933398865489132,1.80025,0.8512,True
1688,left_toe_tip,846.726,476.676,0.6249416860869565,0.3527166208695653,-0.1166999999999998,0.8145,True
1688,right_shoulder,1058.8552,576.1356,0.8482910465739131,0.4377309732,1.7302599999999997,0.3038,True
1688,right_toe_tip,853.12,479.84,0.6268507826086956,0.3524859130434782,-0.0735,0.4622,True
1689,left_shoulder,1061.7,703.2233333333334,0.8623459420289856,0.701866845410628,1.7916666666666667,0.709,True
1689,left_toe_tip,846.3700000000001,476.872,0.622833632608696,0.3527247773913043,-0.1120999999999999,0.7588,True
1689,right_shoulder,1068.8764,582.9352,0.8736398735999997,0.4541286952347826,1.74892,0.1132,True
1689,right_toe_tip,853.0175,479.914375,0.6255363080842392,0.3521344275645381,-0.069125,0.5788,True
1690,left_shoulder,1063.7200000000005,706.0200000000001,0.8665534565217397,0.7076485108695654,1.8225,0.1362,True
1690,left_toe_tip,846.2139999999999,476.584,0.6220938430434781,0.3517035147826087,-0.1109000000000001,0.7357,True
1690,right_shoulder,1079.554,590.592,0.9009901447826087,0.4726634713043477,1.7622,0.1078,True
1690,right_toe_tip,853.0260000000001,480.1425,0.6243282650000003,0.3521089377717393,-0.0638000000000001,0.4363,True
1691,left_shoulder,1065.55,707.71,0.8802409239130434,0.7192305760869566,1.822,0.0294,True
1691,left_toe_tip,847.0840000000001,476.452,0.6200365069565219,0.3486724773913041,-0.0900999999999999,0.8206,True
1691,right_shoulder,1090.3760000000002,598.8979999999999,0.9267954817391308,0.4916105365217389,1.8373,0.1631,True
1691,right_toe_tip,853.012,480.383,0.6216245843478259,0.3513089982608695,-0.0523000000000001,0.2233,True
1692,left_shoulder,,,,,,0.0093,True
1692,left_toe_tip,848.7119999999999,477.574,0.6201468730434779,0.3493481373913042,-0.0690999999999999,0.8236,True
1692,right_shoulder,1102.2236,608.4508,0.9522409060347828,0.5118410546260869,1.97168,0.127,True
1692,right_toe_tip,853.0600000000001,481.055,0.6194951086956524,0.3519805706521738,-0.061,0.1332,True
1693,left_shoulder,,,,,,0.0148,True
1693,left_toe_tip,849.5474999999999,477.845,0.6185067785326085,0.3478348885869564,-0.0595,0.8924,True
1693,right_shoulder,1113.6248,617.3524,0.9764701909217391,0.5305823241565216,2.00524,0.3559,True
1693,right_toe_tip,857.4879999999999,482.33900000000006,0.6247579199999999,0.3514320752173915,-0.0563000000000001,0.0706,True
1694,left_shoulder,,,,,,0.0292,False
1694,left_toe_tip,850.7166666666666,478.1133333333332,0.6203926207729465,0.3477496183574876,-0.0576666666666665,0.7268,True
1694,right_shoulder,1124.5796,625.6028,0.9994559593391305,0.5478115489739129,2.01548,0.5585,True
1694,right_toe_tip,862.134,484.6175,0.623641205,0.34986363125,-0.0119,0.368,True
1695,left_shoulder,,,,,,0.008,True
1695,left_toe_tip,852.5749999999998,479.6649999999999,0.6180849184782603,0.3479389945652171,-0.0425,0.0669,True
1695,right_shoulder,1130.425,630.2025,1.0111017595108691,0.557072382472826,2.0282500000000003,0.0729,True
1695,right_toe_tip,867.0270666666668,487.2839666666667,0.621690590335266,0.3485542298504832,-0.0238266666666668,0.5827,True
1696,left_shoulder,,,,,,0.0119,True
1696,left_toe_tip,854.04,482.78,0.616062956521739,0.3533928695652173,-0.057,0.0591,True
1696,right_shoulder,1136.56,635.1,1.0217261739130432,0.566048152173913,2.055,0.5763,True
1696,right_toe_tip,872.1672000000001,490.3384,0.618796247582609,0.3473915042086956,-0.0930799999999999,0.7752,True
1697,left_shoulder,,,,,,0.0081,True
1697,left_toe_tip,,,,,,0.0172,True
1697,right_shoulder,1140.855,637.625,1.0316524184782607,0.5718471467391303,2.0530000000000004,0.1334,True
1697,right_toe_tip,877.5544,493.7808,0.6148424294608695,0.3462537931826087,-0.0671599999999998,0.0355,True
1698,left_shoulder,,,,,,0.0085,True
1698,left_toe_tip,,,,,,0.0136,True
1698,right_shoulder,1145.15,640.15,1.041597336956522,0.5776571195652174,2.063,0.0316,True
1698,right_toe_tip,879.1106666666667,497.24466666666666,0.6043435465700484,0.3468809223671497,-0.0632666666666668,0.0182,True
1699,left_shoulder,,,,,,0.0097,True
1699,left_toe_tip,,,,,,0.0241,True
1699,right_shoulder,,,,,,0.1011,True
1699,right_toe_tip,880.6960000000001,500.102,0.6000132678260873,0.3492499204347826,-0.0654000000000001,0.0131,True
1700,left_shoulder,,,,,,0.0117,True
1700,left_toe_tip,,,,,,0.0142,True
1700,right_shoulder,,,,,,0.0165,True
1700,right_toe_tip,881.4886666666667,501.5306666666666,0.597806944251208,0.3503601909178743,-0.0614666666666667,0.0192,True
1701,left_shoulder,,,,,,0.0061,True
1701,left_toe_tip,,,,,,0.0268,True
1701,right_shoulder,,,,,,0.0085,True
1701,right_toe_tip,882.2813333333334,502.9593333333332,0.5955731645410629,0.3514209757004828,-0.0725333333333333,0.0224,True
1702,left_shoulder,,,,,,0.0186,True
1702,left_toe_tip,,,,,,0.0157,True
1702,right_shoulder,,,,,,0.0111,True
1702,right_toe_tip,883.0740000000001,504.3879999999999,0.5933119286956523,0.3524322747826085,-0.0905999999999999,0.0141,True
1703,left_shoulder,,,,,,0.0063,False
1703,left_toe_tip,,,,,,0.0189,True
1703,right_shoulder,,,,,,0.0075,True
1703,right_toe_tip,883.8666666666667,505.81666666666666,0.5910232367149758,0.3533940881642512,-0.0976666666666665,0.0143,True
1704,left_shoulder,,,,,,0.012,True
1704,left_toe_tip,,,,,,0.0227,True
1704,right_shoulder,,,,,,0.0282,True
1704,right_toe_tip,,,,,,0.0104,True
1705,left_shoulder,,,,,,0.0065,True
1705,left_toe_tip,,,,,,0.0149,True
1705,right_shoulder,,,,,,0.0059,True
1705,right_toe_tip,,,,,,0.0298,True
1706,left_shoulder,,,,,,0.0114,True
1706,left_toe_tip,,,,,,0.0197,True
1706,right_shoulder,,,,,,0.0063,True
1706,right_toe_tip,,,,,,0.0204,True
1707,left_shoulder,,,,,,0.0087,True
1707,left_toe_tip,,,,,,0.0128,True
1707,right_shoulder,,,,,,0.0063,True
1707,right_toe_tip,,,,,,0.0231,False
1708,left_shoulder,,,,,,0.0072,False
1708,left_toe_tip,,,,,,0.013,True
1708,right_shoulder,,,,,,0.0051,False
1708,right_toe_tip,,,,,,0.0169,False
1709,left_shoulder,,,,,,0.0053,False
1709,left_toe_tip,,,,,,0.0167,True
1709,right_shoulder,,,,,,0.0092,True
1709,right_toe_tip,899.72,534.39,0.5394836086956523,0.3622383586956521,0.0,0.015,True
1710,left_shoulder,,,,,,0.0051,True
1710,left_toe_tip,,,,,,0.017,True
1710,right_shoulder,,,,,,0.0059,False
1710,right_toe_tip,905.7538888888888,542.4194444444444,0.5785442903582931,0.3971258086755231,-0.0858333333333332,0.0121,True
1711,left_shoulder,,,,,,0.008,True
1711,left_toe_tip,,,,,,0.1743,True
1711,right_shoulder,,,,,,0.005,True
1711,right_toe_tip,911.787777777778,550.4488888888887,0.6188095636070856,0.4336162383252814,1.1413333333333335,0.3606,True
1712,left_shoulder,,,,,,0.0062,True
1712,left_toe_tip,,,,,,0.5017,False
1712,right_shoulder,,,,,,0.005,True
1712,right_toe_tip,917.8216666666668,558.4783333333332,0.6602794284420291,0.4717096476449273,1.098,0.1689,False
1713,left_shoulder,,,,,,0.0056,False
1713,left_toe_tip,,,,,,0.017,True
1713,right_shoulder,,,,,,0.0056,True
1713,right_toe_tip,923.8555555555556,566.5077777777777,0.7029538848631239,0.5114060366344604,1.022666666666667,0.0112,True
1714,left_shoulder,,,,,,0.0054,False
1714,left_toe_tip,,,,,,0.0154,True
1714,right_shoulder,,,,,,0.0044,True
1714,right_toe_tip,935.9233333333334,582.5666666666666,0.7919165724637685,0.5956077536231882,0.843,0.0149,True
1715,left_shoulder,,,,,,0.0104,True
1715,left_toe_tip,,,,,,0.0314,True
1715,right_shoulder,,,,,,0.0046,True
1715,right_toe_tip,941.9572222222224,590.596111111111,0.8382048036433175,0.6401130816223829,0.7551666666666665,0.0208,True
1716,left_shoulder,,,,,,0.0059,True
1716,left_toe_tip,,,,,,0.0365,True
1716,right_shoulder,,,,,,0.0035,True
1716,right_toe_tip,947.9911111111112,598.6255555555555,0.8856976264090176,0.6862213892914651,0.6718333333333335,0.0627,True
1717,left_shoulder,,,,,,0.0102,True
1717,left_toe_tip,,,,,,0.0293,True
1717,right_shoulder,,,,,,0.006,True
1717,right_toe_tip,954.025,606.6549999999999,0.9343950407608698,0.7339326766304343,0.5885,0.0356,True
1718,left_shoulder,,,,,,0.0048,True
1718,left_toe_tip,,,,,,0.0124,True
1718,right_shoulder,,,,,,0.0062,True
1718,right_toe_tip,984.1944444444443,646.8022222222221,1.1959509863123992,0.9965338083735904,0.1933333333333335,0.0222,True
1719,left_shoulder,,,,,,0.0049,False
1719,left_toe_tip,,,,,,0.015,True
1719,right_shoulder,,,,,,0.0081,True
1719,right_toe_tip,1011.1413333333334,679.146,1.4418437385507248,1.2398475202173913,-0.0335999999999999,0.0216,True
1720,left_shoulder,,,,,,0.0083,True
1720,left_toe_tip,,,,,,0.0221,True
1720,right_shoulder,,,,,,0.0067,True
1720,right_toe_tip,1013.9526666666668,679.372,1.4568708128985508,1.2442316547826084,-0.0247000000000002,0.4485,True
1721,left_shoulder,,,,,,0.0056,False
1721,left_toe_tip,,,,,,0.0402,True
1721,right_shoulder,,,,,,0.0046,True
1721,right_toe_tip,1016.764,679.598,1.471959614347826,1.2486207515217391,-0.0303000000000001,0.1901,True
1722,left_shoulder,,,,,,0.0065,True
1722,left_toe_tip,,,,,,0.0107,True
1722,right_shoulder,,,,,,0.0041,True
1722,right_toe_tip,1019.5753333333334,679.824,1.4871101428985511,1.2530148104347825,-0.0404,0.0136,True
1723,left_shoulder,,,,,,0.0054,False
1723,left_toe_tip,,,,,,0.0119,True
1723,right_shoulder,,,,,,0.0083,True
1723,right_toe_tip,1025.198,680.276,1.5175963813043474,1.261817814782609,-0.0555999999999999,0.0185,True
1724,left_shoulder,,,,,,0.0066,True
1724,left_toe_tip,,,,,,0.0058,True
1724,right_shoulder,,,,,,0.0052,True
1724,right_toe_tip,1028.0093333333332,680.502,1.5329320911594198,1.266226760217391,-0.0606999999999998,0.0288,True
1725,left_shoulder,,,,,,0.0074,True
1725,left_toe_tip,,,,,,0.0313,False
1725,right_shoulder,,,,,,0.0061,True
1725,right_toe_tip,1030.8206666666665,680.728,1.5483295281159413,1.2706406678260866,-0.0707999999999997,0.0211,True
1726,left_shoulder,,,,,,0.0079,True
1726,left_toe_tip,,,,,,0.0102,True
1726,right_shoulder,,,,,,0.0055,True
1726,right_toe_tip,1033.6319999999998,680.954,1.5637886921739124,1.2750595376086953,-0.0809000000000001,0.0219,True
1727,left_shoulder,,,,,,0.0063,True
1727,left_toe_tip,,,,,,0.0109,True
1727,right_shoulder,,,,,,0.0056,True
1727,right_toe_tip,1036.4433333333334,681.18,1.5793095833333337,1.2794833695652172,-0.091,0.0182,True
1728,left_shoulder,,,,,,0.0086,True
1728,left_toe_tip,,,,,,0.0149,True
1728,right_shoulder,,,,,,0.0068,True
1728,right_toe_tip,,,,,,0.0163,True
1729,left_shoulder,,,,,,0.0064,True
1729,left_toe_tip,,,,,,0.0424,True
1729,right_shoulder,,,,,,0.0045,True
1729,right_toe_tip,,,,,,0.1019,True
1730,left_shoulder,,,,,,0.0072,True
1730,left_toe_tip,,,,,,0.0434,True
1730,right_shoulder,,,,,,0.0071,True
1730,right_toe_tip,,,,,,0.0149,True
1731,left_shoulder,,,,,,0.0078,True
1731,left_toe_tip,,,,,,0.0195,True
1731,right_shoulder,,,,,,0.005,True
1731,right_toe_tip,,,,,,0.0132,True
1732,left_shoulder,,,,,,0.0064,True
1732,left_toe_tip,,,,,,0.0172,True
1732,right_shoulder,,,,,,0.0059,True
1732,right_toe_tip,,,,,,0.008,True
1733,left_shoulder,,,,,,0.0107,False
1733,left_toe_tip,,,,,,0.0429,True
1733,right_shoulder,,,,,,0.0099,True
1733,right_toe_tip,1092.67,685.7,1.9026900978260872,1.3690020652173915,0.006,0.2255,True
1734,left_shoulder,,,,,,0.0089,False
1734,left_toe_tip,,,,,,0.0162,True
1734,right_shoulder,,,,,,0.0079,False
1734,right_toe_tip,1092.67,685.7,1.9026900978260872,1.3690020652173915,0.006,0.0209,True
1735,left_shoulder,,,,,,0.0061,True
1735,left_toe_tip,,,,,,0.0215,True
1735,right_shoulder,,,,,,0.004,True
1735,right_toe_tip,1092.67,685.7,1.9026900978260872,1.3690020652173915,0.006,0.3466,True
1736,left_shoulder,,,,,,0.005,False
1736,left_toe_tip,,,,,,0.038,True
1736,right_shoulder,,,,,,0.0049,True
1736,right_toe_tip,1092.67,685.7,1.9026900978260872,1.3690020652173915,0.006,0.2456,True
1737,left_shoulder,,,,,,0.0043,False
1737,left_toe_tip,,,,,,0.0187,True
1737,right_shoulder,,,,,,0.0068,True
1737,right_toe_tip,1092.67,685.7,1.9026900978260872,1.3690020652173915,0.006,0.0667,True
1738,left_shoulder,,,,,,0.0044,False
1738,left_toe_tip,,,,,,0.0214,True
1738,right_shoulder,,,,,,0.0051,False
1738,right_toe_tip,,,,,,0.0129,True
1739,left_shoulder,,,,,,0.0054,False
1739,left_toe_tip,,,,,,0.0252,True
1739,right_shoulder,,,,,,0.0046,False
1739,right_toe_tip,,,,,,0.0162,True
1740,left_shoulder,,,,,,0.0081,False
1740,left_toe_tip,,,,,,0.0279,False
1740,right_shoulder,,,,,,0.0091,True
1740,right_toe_tip,,,,,,0.0338,True
1741,left_shoulder,,,,,,0.0057,True
1741,left_toe_tip,,,,,,0.015,True
1741,right_shoulder,,,,,,0.0048,True
1741,right_toe_tip,,,,,,0.0362,True
1742,left_shoulder,,,,,,0.0137,True
1742,left_toe_tip,,,,,,0.0185,True
1742,right_shoulder,,,,,,0.0083,True
1742,right_toe_tip,,,,,,0.0207,True
1743,left_shoulder,,,,,,0.0051,False
1743,left_toe_tip,,,,,,0.0176,True
1743,right_shoulder,,,,,,0.0039,False
1743,right_toe_tip,,,,,,0.0216,True
1744,left_shoulder,,,,,,0.0077,True
1744,left_toe_tip,,,,,,0.0169,True
1744,right_shoulder,,,,,,0.0042,True
1744,right_toe_tip,,,,,,0.0135,True
1745,left_shoulder,,,,,,0.0062,False
1745,left_toe_tip,,,,,,0.0167,True
1745,right_shoulder,,,,,,0.0045,False
1745,right_toe_tip,,,,,,0.0163,True
1746,left_shoulder,,,,,,0.0053,False
1746,left_toe_tip,,,,,,0.0134,True
1746,right_shoulder,,,,,,0.0058,True
1746,right_toe_tip,,,,,,0.0253,True
1747,left_shoulder,,,,,,0.0061,False
1747,left_toe_tip,,,,,,0.0265,False
1747,right_shoulder,,,,,,0.0068,True
1747,right_toe_tip,,,,,,0.0239,False
1748,left_shoulder,,,,,,0.0058,False
1748,left_toe_tip,,,,,,0.0185,True
1748,right_shoulder,,,,,,0.004,True
1748,right_toe_tip,,,,,,0.0219,True
1749,left_shoulder,,,,,,0.0059,False
1749,left_toe_tip,,,,,,0.0148,True
1749,right_shoulder,,,,,,0.005,False
1749,right_toe_tip,,,,,,0.0212,True
1750,left_shoulder,,,,,,0.0053,False
1750,left_toe_tip,,,,,,0.0101,True
1750,right_shoulder,,,,,,0.0043,False
1750,right_toe_tip,,,,,,0.0257,True
1751,left_shoulder,,,,,,0.0069,False
1751,left_toe_tip,,,,,,0.0139,True
1751,right_shoulder,,,,,,0.0059,False
1751,right_toe_tip,,,,,,0.0228,True
1752,left_shoulder,,,,,,0.0077,True
1752,left_toe_tip,,,,,,0.0113,True
1752,right_shoulder,,,,,,0.0042,False
1752,right_toe_tip,,,,,,0.0183,True
1753,left_shoulder,,,,,,0.0101,False
1753,left_toe_tip,,,,,,0.0088,True
1753,right_shoulder,,,,,,0.0051,True
1753,right_toe_tip,,,,,,0.0179,True
1754,left_shoulder,,,,,,0.0068,False
1754,left_toe_tip,,,,,,0.0096,True
1754,right_shoulder,,,,,,0.0073,True
1754,right_toe_tip,,,,,,0.018,True
1755,left_shoulder,,,,,,0.0088,True
1755,left_toe_tip,,,,,,0.0102,True
1755,right_shoulder,,,,,,0.0041,True
1755,right_toe_tip,,,,,,0.0229,True
1756,left_shoulder,,,,,,0.0072,True
1756,left_toe_tip,,,,,,0.0349,True
1756,right_shoulder,,,,,,0.0045,True
1756,right_toe_tip,,,,,,0.0161,True
1757,left_shoulder,,,,,,0.0064,True
1757,left_toe_tip,,,,,,0.0598,True
1757,right_shoulder,,,,,,0.0046,True
1757,right_toe_tip,,,,,,0.0487,True
1758,left_shoulder,,,,,,0.0074,True
1758,left_toe_tip,,,,,,0.0099,False
1758,right_shoulder,,,,,,0.0047,False
1758,right_toe_tip,,,,,,0.0181,True
1759,left_shoulder,,,,,,0.0063,False
1759,left_toe_tip,,,,,,0.0329,True
1759,right_shoulder,,,,,,0.0033,False
1759,right_toe_tip,,,,,,0.0252,True
1760,left_shoulder,,,,,,0.0064,True
1760,left_toe_tip,,,,,,0.0132,True
1760,right_shoulder,,,,,,0.0069,True
1760,right_toe_tip,,,,,,0.0174,True
1761,left_shoulder,,,,,,0.0056,False
1761,left_toe_tip,,,,,,0.0317,True
1761,right_shoulder,,,,,,0.0087,True
1761,right_toe_tip,,,,,,0.0168,True
1762,left_shoulder,,,,,,0.0065,True
1762,left_toe_tip,,,,,,0.0319,True
1762,right_shoulder,,,,,,0.0069,True
1762,right_toe_tip,,,,,,0.018,True
1763,left_shoulder,,,,,,0.0069,False
1763,left_toe_tip,,,,,,0.0095,True
1763,right_shoulder,,,,,,0.0072,True
1763,right_toe_tip,,,,,,0.0205,True
1764,left_shoulder,,,,,,0.006,True
1764,left_toe_tip,,,,,,0.0145,True
1764,right_shoulder,,,,,,0.0094,True
1764,right_toe_tip,,,,,,0.0174,True
1765,left_shoulder,,,,,,0.017,True
1765,left_toe_tip,,,,,,0.0174,True
1765,right_shoulder,,,,,,0.0045,True
1765,right_toe_tip,,,,,,0.0157,True
1766,left_shoulder,,,,,,0.0096,True
1766,left_toe_tip,,,,,,0.0117,True
1766,right_shoulder,,,,,,0.007,False
1766,right_toe_tip,,,,,,0.0191,True
1767,left_shoulder,,,,,,0.0087,True
1767,left_toe_tip,,,,,,0.0334,True
1767,right_shoulder,,,,,,0.0051,True
1767,right_toe_tip,,,,,,0.0189,True
1768,left_shoulder,,,,,,0.0056,False
1768,left_toe_tip,,,,,,0.0228,True
1768,right_shoulder,,,,,,0.004,True
1768,right_toe_tip,,,,,,0.0158,True
1769,left_shoulder,,,,,,0.0056,False
1769,left_toe_tip,,,,,,0.0168,True
1769,right_shoulder,,,,,,0.0047,True
1769,right_toe_tip,,,,,,0.0145,True
1770,left_shoulder,,,,,,0.0094,True
1770,left_toe_tip,,,,,,0.0225,True
1770,right_shoulder,,,,,,0.0059,True
1770,right_toe_tip,,,,,,0.0203,True
1771,left_shoulder,,,,,,0.009,True
1771,left_toe_tip,,,,,,0.0183,True
1771,right_shoulder,,,,,,0.0061,True
1771,right_toe_tip,,,,,,0.0126,True
1772,left_shoulder,,,,,,0.0257,True
1772,left_toe_tip,,,,,,0.0276,True
1772,right_shoulder,,,,,,0.0049,True
1772,right_toe_tip,,,,,,0.0181,True
1773,left_shoulder,,,,,,0.0057,False
1773,left_toe_tip,,,,,,0.0172,True
1773,right_shoulder,,,,,,0.0046,False
1773,right_toe_tip,,,,,,0.0182,True
1774,left_shoulder,,,,,,0.0365,True
1774,left_toe_tip,,,,,,0.0187,False
1774,right_shoulder,,,,,,0.0058,True
1774,right_toe_tip,,,,,,0.0139,True
1775,left_shoulder,,,,,,0.0172,True
1775,left_toe_tip,,,,,,0.0147,True
1775,right_shoulder,,,,,,0.006,True
1775,right_toe_tip,,,,,,0.0191,True
1776,left_shoulder,,,,,,0.0107,True
1776,left_toe_tip,,,,,,0.0207,True
1776,right_shoulder,,,,,,0.005,True
1776,right_toe_tip,,,,,,0.0294,True
1777,left_shoulder,,,,,,0.0058,True
1777,left_toe_tip,,,,,,0.0193,True
1777,right_shoulder,,,,,,0.0088,True
1777,right_toe_tip,,,,,,0.0148,True
1778,left_shoulder,,,,,,0.0067,True
1778,left_toe_tip,,,,,,0.0179,True
1778,right_shoulder,,,,,,0.0043,True
1778,right_toe_tip,,,,,,0.0138,True
1779,left_shoulder,,,,,,0.0071,True
1779,left_toe_tip,,,,,,0.026,True
1779,right_shoulder,,,,,,0.0054,True
1779,right_toe_tip,,,,,,0.021,True
1780,left_shoulder,,,,,,0.0072,True
1780,left_toe_tip,,,,,,0.0188,True
1780,right_shoulder,,,,,,0.0072,True
1780,right_toe_tip,,,,,,0.0145,True
1781,left_shoulder,,,,,,0.0089,True
1781,left_toe_tip,,,,,,0.0158,True
1781,right_shoulder,,,,,,0.0045,False
1781,right_toe_tip,,,,,,0.0154,True
1782,left_shoulder,,,,,,0.0053,True
1782,left_toe_tip,,,,,,0.0178,True
1782,right_shoulder,,,,,,0.0073,True
1782,right_toe_tip,,,,,,0.0125,True
1783,left_shoulder,,,,,,0.0082,True
1783,left_toe_tip,,,,,,0.0178,True
1783,right_shoulder,,,,,,0.0046,True
1783,right_toe_tip,,,,,,0.0138,True
1784,left_shoulder,,,,,,0.0049,True
1784,left_toe_tip,,,,,,0.0228,True
1784,right_shoulder,,,,,,0.0057,True
1784,right_toe_tip,,,,,,0.0163,True
1785,left_shoulder,,,,,,0.0053,False
1785,left_toe_tip,,,,,,0.017,True
1785,right_shoulder,,,,,,0.0031,True
1785,right_toe_tip,,,,,,0.0103,True
1786,left_shoulder,,,,,,0.0047,True
1786,left_toe_tip,,,,,,0.0186,True
1786,right_shoulder,,,,,,0.0049,True
1786,right_toe_tip,,,,,,0.0107,False
1787,left_shoulder,,,,,,0.0056,True
1787,left_toe_tip,,,,,,0.0192,True
1787,right_shoulder,,,,,,0.0038,True
1787,right_toe_tip,,,,,,0.0117,True
1788,left_shoulder,,,,,,0.032,True
1788,left_toe_tip,,,,,,0.0184,True
1788,right_shoulder,,,,,,0.0072,True
1788,right_toe_tip,,,,,,0.0214,True
1789,left_shoulder,,,,,,0.0055,False
1789,left_toe_tip,,,,,,0.0491,False
1789,right_shoulder,,,,,,0.0046,True
1789,right_toe_tip,,,,,,0.0365,False
1790,left_shoulder,,,,,,0.0055,True
1790,left_toe_tip,,,,,,0.0252,True
1790,right_shoulder,,,,,,0.0043,False
1790,right_toe_tip,,,,,,0.0177,True
1791,left_shoulder,,,,,,0.006,True
1791,left_toe_tip,,,,,,0.0198,False
1791,right_shoulder,,,,,,0.0052,True
1791,right_toe_tip,,,,,,0.0381,True
1792,left_shoulder,,,,,,0.0061,True
1792,left_toe_tip,,,,,,0.0181,False
1792,right_shoulder,,,,,,0.0049,True
1792,right_toe_tip,,,,,,0.0208,True
1793,left_shoulder,,,,,,0.0062,True
1793,left_toe_tip,,,,,,0.0195,True
1793,right_shoulder,,,,,,0.0082,True
1793,right_toe_tip,,,,,,0.0183,True
1794,left_shoulder,,,,,,0.0088,True
1794,left_toe_tip,,,,,,0.0251,True
1794,right_shoulder,,,,,,0.0081,True
1794,right_toe_tip,,,,,,0.0165,True
1795,left_shoulder,,,,,,0.0112,True
1795,left_toe_tip,,,,,,0.0084,True
1795,right_shoulder,,,,,,0.0087,True
1795,right_toe_tip,,,,,,0.0156,True
1796,left_shoulder,,,,,,0.0071,True
1796,left_toe_tip,,,,,,0.0169,True
1796,right_shoulder,,,,,,0.0073,True
1796,right_toe_tip,,,,,,0.0142,True
