frame,body_part,color_x,color_y,x_m,y_m,h_m,confidence,valid
0,left_shoulder,,,,,,0.0102,True
0,left_toe_tip,,,,,,0.0153,False
0,right_shoulder,,,,,,0.008,True
0,right_toe_tip,,,,,,0.0163,True
1,left_shoulder,,,,,,0.0113,True
1,left_toe_tip,,,,,,0.0092,True
1,right_shoulder,,,,,,0.0232,True
1,right_toe_tip,,,,,,0.005,True
2,left_shoulder,,,,,,0.0117,True
2,left_toe_tip,,,,,,0.0334,True
2,right_shoulder,,,,,,0.0152,True
2,right_toe_tip,,,,,,0.0248,True
3,left_shoulder,,,,,,0.0108,True
3,left_toe_tip,,,,,,0.0127,True
3,right_shoulder,,,,,,0.0116,False
3,right_toe_tip,,,,,,0.0147,True
4,left_shoulder,,,,,,0.0093,True
4,left_toe_tip,,,,,,0.0133,True
4,right_shoulder,,,,,,0.0086,False
4,right_toe_tip,,,,,,0.0116,True
5,left_shoulder,,,,,,0.0105,True
5,left_toe_tip,,,,,,0.0103,True
5,right_shoulder,,,,,,0.0088,True
5,right_toe_tip,,,,,,0.0069,True
6,left_shoulder,,,,,,0.0107,True
6,left_toe_tip,,,,,,0.0091,False
6,right_shoulder,,,,,,0.0067,True
6,right_toe_tip,,,,,,0.0064,True
7,left_shoulder,,,,,,0.0106,True
7,left_toe_tip,,,,,,0.019,True
7,right_shoulder,,,,,,0.0061,True
7,right_toe_tip,,,,,,0.0165,True
8,left_shoulder,,,,,,0.0101,True
8,left_toe_tip,,,,,,0.008,False
8,right_shoulder,,,,,,0.0075,True
8,right_toe_tip,,,,,,0.0092,True
9,left_shoulder,,,,,,0.0075,True
9,left_toe_tip,,,,,,0.0149,True
9,right_shoulder,,,,,,0.0051,True
9,right_toe_tip,,,,,,0.009,False
10,left_shoulder,,,,,,0.006,True
10,left_toe_tip,,,,,,0.0083,True
10,right_shoulder,,,,,,0.0057,True
10,right_toe_tip,,,,,,0.0069,True
11,left_shoulder,,,,,,0.0078,True
11,left_toe_tip,,,,,,0.0156,False
11,right_shoulder,,,,,,0.0058,False
11,right_toe_tip,,,,,,0.007,True
12,left_shoulder,,,,,,0.0083,True
12,left_toe_tip,,,,,,0.0161,True
12,right_shoulder,,,,,,0.0075,False
12,right_toe_tip,,,,,,0.0274,False
13,left_shoulder,,,,,,0.008,True
13,left_toe_tip,,,,,,0.0212,True
13,right_shoulder,,,,,,0.0084,True
13,right_toe_tip,,,,,,0.0102,False
14,left_shoulder,,,,,,0.0077,True
14,left_toe_tip,,,,,,0.0175,True
14,right_shoulder,,,,,,0.0054,False
14,right_toe_tip,,,,,,0.0056,True
15,left_shoulder,,,,,,0.0072,False
15,left_toe_tip,,,,,,0.0151,False
15,right_shoulder,,,,,,0.0065,True
15,right_toe_tip,,,,,,0.0092,True
16,left_shoulder,,,,,,0.0073,True
16,left_toe_tip,,,,,,0.032,True
16,right_shoulder,,,,,,0.0133,True
16,right_toe_tip,,,,,,0.0338,True
17,left_shoulder,,,,,,0.0072,True
17,left_toe_tip,,,,,,0.0169,False
17,right_shoulder,,,,,,0.0067,True
17,right_toe_tip,,,,,,0.0098,True
18,left_shoulder,,,,,,0.0084,False
18,left_toe_tip,,,,,,0.0132,True
18,right_shoulder,,,,,,0.0072,False
18,right_toe_tip,,,,,,0.0118,True
19,left_shoulder,,,,,,0.013,False
19,left_toe_tip,,,,,,0.0157,True
19,right_shoulder,,,,,,0.0077,False
19,right_toe_tip,,,,,,0.0121,True
20,left_shoulder,,,,,,0.0089,True
20,left_toe_tip,,,,,,0.0091,True
20,right_shoulder,,,,,,0.0051,True
20,right_toe_tip,,,,,,0.0077,True
21,left_shoulder,,,,,,0.0088,True
21,left_toe_tip,,,,,,0.0151,True
21,right_shoulder,,,,,,0.005,False
21,right_toe_tip,,,,,,0.0114,True
22,left_shoulder,,,,,,0.0088,True
22,left_toe_tip,,,,,,0.0176,True
22,right_shoulder,,,,,,0.0057,True
22,right_toe_tip,,,,,,0.0088,True
23,left_shoulder,,,,,,0.0094,True
23,left_toe_tip,,,,,,0.0163,True
23,right_shoulder,,,,,,0.0066,True
23,right_toe_tip,,,,,,0.0093,True
24,left_shoulder,,,,,,0.0084,True
24,left_toe_tip,,,,,,0.0258,False
24,right_shoulder,,,,,,0.0045,True
24,right_toe_tip,,,,,,0.0107,True
25,left_shoulder,,,,,,0.0088,True
25,left_toe_tip,,,,,,0.0214,True
25,right_shoulder,,,,,,0.0087,False
25,right_toe_tip,,,,,,0.0183,True
26,left_shoulder,,,,,,0.009,True
26,left_toe_tip,,,,,,0.0324,False
26,right_shoulder,,,,,,0.0066,False
26,right_toe_tip,,,,,,0.0301,True
27,left_shoulder,,,,,,0.0081,True
27,left_toe_tip,,,,,,0.0082,True
27,right_shoulder,,,,,,0.0096,True
27,right_toe_tip,,,,,,0.0101,True
28,left_shoulder,,,,,,0.0065,True
28,left_toe_tip,,,,,,0.0119,True
28,right_shoulder,,,,,,0.0052,True
28,right_toe_tip,,,,,,0.0082,True
29,left_shoulder,,,,,,0.0077,True
29,left_toe_tip,,,,,,0.0302,False
29,right_shoulder,,,,,,0.0102,True
29,right_toe_tip,,,,,,0.0191,True
30,left_shoulder,,,,,,0.0075,True
30,left_toe_tip,,,,,,0.0169,True
30,right_shoulder,,,,,,0.0086,True
30,right_toe_tip,,,,,,0.0107,True
31,left_shoulder,,,,,,0.0073,True
31,left_toe_tip,,,,,,0.0226,True
31,right_shoulder,,,,,,0.0096,True
31,right_toe_tip,,,,,,0.0295,False
32,left_shoulder,,,,,,0.0069,True
32,left_toe_tip,,,,,,0.0106,True
32,right_shoulder,,,,,,0.0069,True
32,right_toe_tip,,,,,,0.0091,True
33,left_shoulder,,,,,,0.0065,True
33,left_toe_tip,,,,,,0.0144,True
33,right_shoulder,,,,,,0.0079,True
33,right_toe_tip,,,,,,0.0204,True
34,left_shoulder,,,,,,0.0062,True
34,left_toe_tip,,,,,,0.0172,True
34,right_shoulder,,,,,,0.0065,False
34,right_toe_tip,,,,,,0.1137,True
35,left_shoulder,,,,,,0.0071,True
35,left_toe_tip,,,,,,0.0152,True
35,right_shoulder,,,,,,0.0071,True
35,right_toe_tip,,,,,,0.1893,True
36,left_shoulder,,,,,,0.006,True
36,left_toe_tip,,,,,,0.0209,True
36,right_shoulder,,,,,,0.0065,True
36,right_toe_tip,,,,,,0.15,True
37,left_shoulder,,,,,,0.0068,False
37,left_toe_tip,,,,,,0.0427,True
37,right_shoulder,,,,,,0.0064,True
37,right_toe_tip,,,,,,0.2495,True
38,left_shoulder,,,,,,0.0054,True
38,left_toe_tip,,,,,,0.0202,True
38,right_shoulder,,,,,,0.005,False
38,right_toe_tip,,,,,,0.1466,True
39,left_shoulder,,,,,,0.0068,False
39,left_toe_tip,,,,,,0.0184,True
39,right_shoulder,,,,,,0.005,False
39,right_toe_tip,,,,,,0.1886,True
40,left_shoulder,,,,,,0.0063,True
40,left_toe_tip,,,,,,0.0228,True
40,right_shoulder,,,,,,0.007,True
40,right_toe_tip,,,,,,0.2548,True
41,left_shoulder,,,,,,0.0072,True
41,left_toe_tip,,,,,,0.0343,True
41,right_shoulder,,,,,,0.0082,True
41,right_toe_tip,,,,,,0.2811,True
42,left_shoulder,,,,,,0.0071,True
42,left_toe_tip,,,,,,0.0371,True
42,right_shoulder,,,,,,0.0095,True
42,right_toe_tip,,,,,,0.2295,True
43,left_shoulder,,,,,,0.0063,True
43,left_toe_tip,,,,,,0.0282,True
43,right_shoulder,,,,,,0.0114,True
43,right_toe_tip,,,,,,0.2253,True
44,left_shoulder,,,,,,0.0062,True
44,left_toe_tip,,,,,,0.2136,True
44,right_shoulder,,,,,,0.0069,True
44,right_toe_tip,,,,,,0.1751,True
45,left_shoulder,,,,,,0.0073,True
45,left_toe_tip,,,,,,0.0514,True
45,right_shoulder,,,,,,0.0079,False
45,right_toe_tip,,,,,,0.2313,True
46,left_shoulder,,,,,,0.007,True
46,left_toe_tip,,,,,,0.0326,True
46,right_shoulder,,,,,,0.006,True
46,right_toe_tip,1088.44,712.19,1.9419401739130435,1.5251358260869563,0.043,0.1769,True
47,left_shoulder,,,,,,0.009,False
47,left_toe_tip,,,,,,0.0457,True
47,right_shoulder,,,,,,0.0072,True
47,right_toe_tip,1088.435,711.96,1.9477676739130432,1.5287306086956522,0.031,0.1582,True
48,left_shoulder,,,,,,0.0074,True
48,left_toe_tip,,,,,,0.1273,True
48,right_shoulder,,,,,,0.005,True
48,right_toe_tip,1072.4983333333332,709.7466666666666,1.860761398248792,1.5047343454106274,-0.0041666666666665,0.3631,True
49,left_shoulder,,,,,,0.0069,True
49,left_toe_tip,,,,,,0.0976,True
49,right_shoulder,,,,,,0.0046,True
49,right_toe_tip,1052.57875,707.0375,1.7525067202785332,1.474107793817935,0.005125,0.3961,True
50,left_shoulder,,,,,,0.007,True
50,left_toe_tip,,,,,,0.1261,True
50,right_shoulder,,,,,,0.0064,True
50,right_toe_tip,1039.873,704.064,1.6772499127173917,1.443161488695652,0.0310999999999999,0.0703,True
51,left_shoulder,,,,,,0.0071,True
51,left_toe_tip,,,,,,0.1373,True
51,right_shoulder,,,,,,0.0059,True
51,right_toe_tip,1019.197,698.6659999999999,1.5591179259782604,1.3924694328260867,0.0068000000000001,0.3878,True
52,left_shoulder,,,,,,0.0066,True
52,left_toe_tip,,,,,,0.2195,True
52,right_shoulder,,,,,,0.0058,True
52,right_toe_tip,998.605,692.3799999999999,1.4507521190217398,1.3446577413043477,-0.0639000000000001,0.4894,True
53,left_shoulder,,,,,,0.0071,False
53,left_toe_tip,,,,,,0.1813,True
53,right_shoulder,,,,,,0.0098,True
53,right_toe_tip,987.358,686.2,1.3819562517391302,1.297779608695652,-0.0171999999999998,0.3964,True
54,left_shoulder,,,,,,0.007,True
54,left_toe_tip,,,,,,0.1607,True
54,right_shoulder,,,,,,0.0107,True
54,right_toe_tip,984.914,680.0959999999999,1.3621853560869566,1.26417044173913,-0.0004,0.7039,True
55,left_shoulder,,,,,,0.0074,True
55,left_toe_tip,,,,,,0.1488,True
55,right_shoulder,,,,,,0.0092,True
55,right_toe_tip,982.682,674.79,1.3496456073913043,1.2397935717391304,-0.0104,0.6911,True
56,left_shoulder,,,,,,0.0061,True
56,left_toe_tip,,,,,,0.1533,True
56,right_shoulder,,,,,,0.0087,True
56,right_toe_tip,981.218,670.6279999999999,1.3461050100000005,1.2254274599999997,-0.0264,0.6981,True
57,left_shoulder,,,,,,0.0076,False
57,left_toe_tip,,,,,,0.2321,True
57,right_shoulder,,,,,,0.01,False
57,right_toe_tip,979.72,667.4300000000001,1.3364289391304347,1.209402886956522,-0.0161999999999998,0.6896,True
58,left_shoulder,,,,,,0.0066,True
58,left_toe_tip,976.62,663.06,1.3076955217391304,1.177322217391304,0.019,0.2118,True
58,right_shoulder,,,,,,0.0116,True
58,right_toe_tip,978.136,665.256,1.3301976208695654,1.20085056,-0.0211999999999998,0.7366,True
59,left_shoulder,,,,,,0.0079,True
59,left_toe_tip,976.655,662.8399999999999,1.3060018423913042,1.1748216956521735,0.024,0.2182,True
59,right_shoulder,,,,,,0.0055,False
59,right_toe_tip,977.248,664.2499999999999,1.3223787339130433,1.1929907065217389,-0.0094,0.7377,True
60,left_shoulder,,,,,,0.0062,True
60,left_toe_tip,976.4966666666666,662.7333333333332,1.3107520519323668,1.1792340821256035,0.0093333333333334,0.3918,True
60,right_shoulder,,,,,,0.0112,True
60,right_toe_tip,983.828,663.603,1.354607574782609,1.1961298193478258,-0.0215999999999999,0.7111,True
61,left_shoulder,,,,,,0.0073,True
61,left_toe_tip,976.235,662.805,1.3160676467391306,1.1852182663043476,-0.008,0.4314,True
61,right_shoulder,,,,,,0.0071,False
61,right_toe_tip,997.364,663.015,1.4235517252173908,1.207053665217391,-0.0118000000000001,0.5566,True
62,left_shoulder,,,,,,0.0077,False
62,left_toe_tip,976.048,662.824,1.318403968695652,1.188057549565217,-0.0164,0.7329,True
62,right_shoulder,,,,,,0.0041,False
62,right_toe_tip,1007.734,659.479,1.4706162313043478,1.197655583478261,-0.0111999999999998,0.8719,True
63,left_shoulder,,,,,,0.0169,True
63,left_toe_tip,975.724,662.65,1.319249353043478,1.189282913043478,-0.0221999999999998,0.6541,True
63,right_shoulder,,,,,,0.0046,True
63,right_toe_tip,1015.188,653.195,1.5027910652173908,1.1743734510869568,-0.032,0.9094,True
64,left_shoulder,,,,,,0.0067,False
64,left_toe_tip,975.292,662.6780000000001,1.3225811608695652,1.1939331108695657,-0.036,0.6905,True
64,right_shoulder,,,,,,0.0067,False
64,right_toe_tip,1020.142,644.019,1.5258569321739135,1.1400275686956522,0.0011999999999998,0.7919,True
65,left_shoulder,,,,,,0.0052,False
65,left_toe_tip,975.196,662.574,1.315862906086956,1.187800280869565,-0.0185999999999999,0.834,True
65,right_shoulder,,,,,,0.0045,False
65,right_toe_tip,1015.334,631.7479999999999,1.4924422160869566,1.0805527539130433,-0.0101999999999998,0.8148,True
66,left_shoulder,,,,,,0.0055,False
66,left_toe_tip,975.206,662.2900000000001,1.3094166552173911,1.1808367413043483,-0.0008000000000001,0.9041,True
66,right_shoulder,,,,,,0.0041,False
66,right_toe_tip,1001.154,616.972,1.4082650647826085,1.0020232095652173,0.0105999999999999,0.7768,True
67,left_shoulder,,,,,,0.0055,False
67,left_toe_tip,975.207,662.033,1.3026435504347826,1.1737265017391303,0.0178000000000001,0.8366,True
67,right_shoulder,,,,,,0.0064,False
67,right_toe_tip,990.14,620.1,1.341797373913043,0.9967484347826088,0.0584,0.8063,True
68,left_shoulder,,,,,,0.0072,False
68,left_toe_tip,975.229,661.921,1.2978463610869564,1.1688937150000005,0.0311999999999998,0.7311,True
68,right_shoulder,,,,,,0.0041,False
68,right_toe_tip,979.416,606.356,1.282475977391304,0.9308507904347826,0.0878000000000001,0.7056,True
69,left_shoulder,,,,,,0.0061,True
69,left_toe_tip,975.219,661.7450000000001,1.2927793608695657,1.1636861521739137,0.045,0.2262,True
69,right_shoulder,,,,,,0.0044,True
69,right_toe_tip,970.628,593.9979999999999,1.231517424347826,0.8715916808695651,0.1136999999999998,0.6878,True
70,left_shoulder,,,,,,0.015,True
70,left_toe_tip,974.963,661.753,1.2925202717391306,1.1643729891304349,0.043,0.3641,True
70,right_shoulder,,,,,,0.0089,False
70,right_toe_tip,964.184,583.7320000000001,1.193701867826087,0.8238201339130438,0.0969000000000001,0.6465,True
71,left_shoulder,,,,,,0.0061,False
71,left_toe_tip,974.829,661.5889999999999,1.2948419741304351,1.1662971132608695,0.0351999999999998,0.3432,True
71,right_shoulder,,,,,,0.0061,False
71,right_toe_tip,959.8470769230768,575.9404615384616,1.159910983205557,0.7830983339490613,0.0886615384615383,0.6122,True
72,left_shoulder,,,,,,0.0069,True
72,left_toe_tip,974.614,661.45,1.2950289221739126,1.166677032608696,0.0324,0.5279,True
72,right_shoulder,,,,,,0.004,True
72,right_toe_tip,955.1232307692308,552.9873846153846,1.1223235065088757,0.6873319928994083,0.1048846153846157,0.5315,True
73,left_shoulder,,,,,,0.0098,True
73,left_toe_tip,974.56,661.268,1.2954745043478264,1.1665620904347829,0.0305999999999999,0.4905,True
73,right_shoulder,,,,,,0.0086,False
73,right_toe_tip,952.9884615384616,549.5847692307692,1.0912515430923588,0.6609977599588371,0.1483692307692308,0.2128,True
74,left_shoulder,,,,,,0.009,True
74,left_toe_tip,974.64,660.982,1.2972392347826087,1.1667632660869565,0.0265999999999999,0.6243,True
74,right_shoulder,,,,,,0.0065,True
74,right_toe_tip,951.1407692307693,547.5046153846154,1.0542885295857984,0.6353521775147928,0.2381153846153847,0.1783,True
75,left_shoulder,,,,,,0.0081,True
75,left_toe_tip,970.553,648.204,1.225848614565217,1.068798268695652,0.1621999999999998,0.4142,True
75,right_shoulder,,,,,,0.0054,True
75,right_toe_tip,949.446153846154,546.3969230769231,1.0127893182402885,0.6100602974015953,0.3359230769230771,0.2018,True
76,left_shoulder,,,,,,0.0046,True
76,left_toe_tip,962.205,623.2180000000001,1.078546215217391,0.8810936443478263,0.4659000000000001,0.6871,True
76,right_shoulder,,,,,,0.0052,True
76,right_toe_tip,948.598846153846,545.843076923077,0.9921865745111912,0.5975103542577826,0.3765769230769228,0.1685,True
77,left_shoulder,,,,,,0.0074,True
77,left_toe_tip,953.821,598.1940000000001,0.939279897391304,0.7129249982608697,0.7534000000000001,0.6342,False
77,right_shoulder,,,,,,0.0048,True
77,right_toe_tip,947.7515384615384,545.2892307692309,0.9716817387445332,0.5850244090558275,0.4297307692307695,0.2439,True
78,left_shoulder,,,,,,0.006,True
78,left_toe_tip,945.231,573.17,0.8072032858695651,0.5637419673913042,0.957,0.6689,True
78,right_shoulder,,,,,,0.0047,True
78,right_toe_tip,946.9042307692308,544.7353846153848,0.951274810940314,0.5726024617957298,0.4828846153846152,0.0853,True
79,left_shoulder,,,,,,0.0091,True
79,left_toe_tip,936.629,548.25,0.678571079782609,0.4306423369565217,1.2214,0.7399,True
79,right_shoulder,,,,,,0.005,True
79,right_toe_tip,946.0569230769232,544.1815384615385,0.9309657910985336,0.5602445124774892,0.5360384615384615,0.0534,True
80,left_shoulder,,,,,,0.0097,True
80,left_toe_tip,932.284,535.822,0.6159567599999999,0.3705257539130434,0.0182,0.7571,True
80,right_shoulder,,,,,,0.0073,True
80,right_toe_tip,,,,,,0.039,True
81,left_shoulder,,,,,,0.0119,True
81,left_toe_tip,930.334,541.465,0.6559339336956522,0.4099728288043479,-0.1395,0.687,True
81,right_shoulder,,,,,,0.0083,True
81,right_toe_tip,,,,,,0.0271,True
82,left_shoulder,,,,,,0.0083,False
82,left_toe_tip,926.756,552.729,0.7359343386956522,0.4946222194565218,-0.1330999999999999,0.4299,True
82,right_shoulder,,,,,,0.0084,False
82,right_toe_tip,,,,,,0.0272,True
83,left_shoulder,,,,,,0.005,True
83,left_toe_tip,921.106,559.4010000000001,0.8120602349999999,0.5760304757608696,0.6813000000000001,0.5197,True
83,right_shoulder,,,,,,0.0052,False
83,right_toe_tip,932.5,535.32,0.6193369565217391,0.3712210434782609,0.009,0.1897,True
84,left_shoulder,,,,,,0.0138,False
84,left_toe_tip,914.4445,562.597,0.8669761416847825,0.6400083272826087,-0.2828000000000001,0.6287,True
84,right_shoulder,,,,,,0.0077,False
84,right_toe_tip,925.1466666666666,532.6700000000001,0.624584845410628,0.3782161177536233,-0.0471666666666667,0.2502,True
85,left_shoulder,,,,,,0.0136,False
85,left_toe_tip,906.6895,562.335,0.9010916421195654,0.6836503777173913,-1.2765,0.3013,True
85,right_shoulder,,,,,,0.0081,False
85,right_toe_tip,917.7933333333334,530.02,0.6287590410628022,0.3848242536231884,-0.0443333333333334,0.3131,True
86,left_shoulder,,,,,,0.0067,True
86,left_toe_tip,899.7030000000001,553.0360000000001,0.8811271132608698,0.6549375765217393,-1.2824,0.5107,True
86,right_shoulder,,,,,,0.0039,False
86,right_toe_tip,910.44,527.37,0.631859543478261,0.3910454510869566,-0.0855,0.1755,True
87,left_shoulder,,,,,,0.007,False
87,left_toe_tip,893.485,534.7,0.8114275271739131,0.559229891304348,-0.698,0.027,True
87,right_shoulder,,,,,,0.0042,False
87,right_toe_tip,905.004,522.04,0.6373346200000003,0.3897061999999999,-0.1190999999999999,0.2245,True
88,left_shoulder,,,,,,0.006,False
88,left_toe_tip,888.951,519.0400000000001,0.753455613478261,0.4813380173913046,-0.6914000000000001,0.0194,True
88,right_shoulder,,,,,,0.0081,False
88,right_toe_tip,894.8459999999999,513.2719999999999,0.6493586882608692,0.3905437199999998,-0.2356999999999998,0.8083,True
89,left_shoulder,,,,,,0.0071,True
89,left_toe_tip,886.0885000000001,503.3160000000001,0.7183644300000003,0.4183580973913046,-0.4805999999999999,0.4773,True
89,right_shoulder,,,,,,0.0054,True
89,right_toe_tip,888.0953333333334,502.322,0.6647157141062804,0.3813198281159419,-0.2544333333333334,0.6865,True
90,left_shoulder,,,,,,0.0045,True
90,left_toe_tip,884.0995,489.204,0.7035902761956524,0.3724164860869566,-0.1538000000000002,0.4157,True
90,right_shoulder,,,,,,0.0061,False
90,right_toe_tip,883.8493333333333,491.1256666666667,0.6778834764251207,0.36451985147343,-0.1035333333333333,0.3287,True
91,left_shoulder,,,,,,0.0066,False
91,left_toe_tip,882.466,476.652,0.7035730800000001,0.3384936730434784,0.0054,0.7237,True
91,right_shoulder,,,,,,0.0047,True
91,right_toe_tip,882.108,479.683,0.6900077999999997,0.3410965499999999,0.042,0.3194,True
92,left_shoulder,,,,,,0.0073,False
92,left_toe_tip,881.492,466.77,0.7180187139130435,0.3174550630434782,0.0235999999999999,0.9694,True
92,right_shoulder,,,,,,0.0099,True
92,right_toe_tip,880.9540000000001,470.674,0.6972999234782611,0.3202809321739129,0.0455999999999999,0.0474,True
93,left_shoulder,,,,,,0.0059,False
93,left_toe_tip,880.6960000000001,457.428,0.7216170730434787,0.2920933799999999,0.0718000000000001,0.9127,True
93,right_shoulder,,,,,,0.0049,True
93,right_toe_tip,879.6733333333334,462.20666666666665,0.6964420772946861,0.2969918357487922,0.1386666666666669,0.0647,True
94,left_shoulder,1087.48,716.8,0.9615956086956524,0.7667321739130435,2.031,0.0062,True
94,left_toe_tip,879.106,450.876,0.7162784086956521,0.2722328869565218,0.074,0.9856,True
94,right_shoulder,,,,,,0.005,False
94,right_toe_tip,877.49,455.675,0.6884628586956522,0.2773535054347826,0.175,0.1306,True
95,left_shoulder,1082.505,711.825,0.9581195217391308,0.7617776086956523,1.992,0.0206,True
95,left_toe_tip,872.6139999999999,446.264,0.6829749313043475,0.2532786052173911,0.1718000000000001,0.9776,True
95,right_shoulder,,,,,,0.0088,True
95,right_toe_tip,875.3066666666667,449.1433333333333,0.6805137004830921,0.2578051038647343,0.181333333333333,0.1418,True
96,left_shoulder,1078.1366666666663,706.8633333333333,0.9491373659420288,0.7514115471014493,1.967,0.4979,True
96,left_toe_tip,866.8,442.844,0.6517541739130434,0.2380684426086954,0.3161999999999998,0.7848,True
96,right_shoulder,,,,,,0.0124,True
96,right_toe_tip,873.3860000000001,443.558,0.6728619852173916,0.2409013469565217,0.1895999999999999,0.1957,True
97,left_shoulder,1073.75,701.6375,0.9402238451086956,0.7405549830163044,1.95375,0.7088,True
97,left_toe_tip,865.174,438.878,0.6401794721739129,0.2242535834782608,0.3414000000000001,0.5643,True
97,right_shoulder,,,,,,0.0158,True
97,right_toe_tip,872.024,438.447,0.66822912,0.22592736,0.1924000000000001,0.716,True
98,left_shoulder,1069.938,696.768,0.9328719952173916,0.7307133495652175,1.9348,0.744,True
98,left_toe_tip,863.656,436.178,0.6300778486956521,0.2146066743478261,0.3651999999999998,0.5063,True
98,right_shoulder,,,,,,0.0127,True
98,right_toe_tip,870.7326666666665,434.5123333333333,0.6630721807729465,0.2141311677777776,0.2041333333333332,0.6274,True
99,left_shoulder,1061.976,687.41,0.9137615078260872,0.7089850021739129,1.9208,0.929,True
99,left_toe_tip,860.064,434.792,0.6096729599999999,0.2072063582608697,0.4316999999999998,0.7224,True
99,right_shoulder,,,,,,0.0121,True
99,right_toe_tip,869.5720000000001,431.674,0.6560768504347829,0.2048318269565217,0.2248000000000002,0.526,True
100,left_shoulder,1054.764,678.376,0.892824593043478,0.6853389460869566,1.9216,0.9027,True
100,left_toe_tip,860.008,433.4,0.6093265043478262,0.2032860869565216,0.422,0.5868,True
100,right_shoulder,,,,,,0.0149,True
100,right_toe_tip,868.392,430.082,0.6532507704347829,0.2004497552173913,0.2295999999999999,0.6038,True
101,left_shoulder,1048.2220000000002,670.0379999999999,0.8725301530434787,0.6626725252173911,1.9236,0.8845,True
101,left_toe_tip,861.0799999999999,432.948,0.6125357826086953,0.2021135347826086,0.421,0.4754,True
101,right_shoulder,,,,,,0.0192,False
101,right_toe_tip,867.4100000000001,428.988,0.6564239086956524,0.1991353617391304,0.1984000000000001,0.6923,True
102,left_shoulder,1042.044,662.0559999999999,0.8567033234782612,0.6436419373913042,1.8956,0.9051,True
102,left_toe_tip,859.176,433.52,0.6055928173913044,0.203138956521739,0.442,0.5197,True
102,right_shoulder,,,,,,0.0232,True
102,right_toe_tip,866.3039999999999,428.576,0.66134884173913,0.2004059060869565,0.1784000000000001,0.8878,True
103,left_shoulder,1036.1920000000002,654.548,0.8383767234782613,0.6232891808695652,1.8322,0.9636,True
103,left_toe_tip,858.314,433.964,0.6082892473913043,0.2060862147826085,0.4205999999999999,0.3478,True
103,right_shoulder,,,,,,0.0154,False
103,right_toe_tip,865.336,428.3639999999999,0.6691009617391306,0.2029964947826084,0.1541999999999998,0.8961,True
104,left_shoulder,1030.618,647.0,0.8231849765217389,0.604821304347826,1.7917,0.9199,True
104,left_toe_tip,860.5199999999999,433.516,0.6319336173913039,0.2106712852173912,0.3335999999999999,0.248,True
104,right_shoulder,,,,,,0.0147,True
104,right_toe_tip,865.11,428.704,0.6814960565217391,0.207993892173913,0.1008000000000001,0.8897,True
105,left_shoulder,1025.802,640.088,0.8111067700000003,0.5888545756521738,1.7908,0.8905,True
105,left_toe_tip,864.168,432.718,0.6591513843478259,0.2138225365217391,0.1868000000000002,0.1997,True
105,right_shoulder,,,,,,0.0222,False
105,right_toe_tip,865.4739999999999,428.936,0.6924992765217389,0.211723436521739,0.0604,0.8472,True
106,left_shoulder,1021.088,633.3879999999999,0.8014446330434781,0.5749468504347824,1.7437,0.9484,True
106,left_toe_tip,866.7280000000001,431.334,0.682352702608696,0.2146843252173913,0.1101999999999998,0.7116,True
106,right_shoulder,,,,,,0.0171,True
106,right_toe_tip,868.8520000000001,431.1306666666666,0.7026917243478263,0.2184072274396134,0.0291333333333332,0.4468,True
107,left_shoulder,1017.058,627.1899999999999,0.7882971273913043,0.5586013543478259,1.7246,0.9225,True
107,left_toe_tip,868.2539999999999,430.216,0.6983579991304345,0.2148304313043478,0.0461999999999998,0.8266,True
107,right_shoulder,,,,,,0.0162,True
107,right_toe_tip,875.2700000000001,435.576,0.7131749739130437,0.2290938573913044,0.0171999999999998,0.3248,True
108,left_shoulder,1013.646,621.52,0.7793768195652173,0.5454966086956522,1.714,0.9382,True
108,left_toe_tip,868.85,429.478,0.7045595000000001,0.213901616521739,0.0155999999999999,0.9104,True
108,right_shoulder,,,,,,0.0131,True
108,right_toe_tip,884.9540000000001,442.052,0.7253833452173916,0.2429809443478261,-0.0304,0.2139,True
109,left_shoulder,1010.758,616.5899999999999,0.7731110295652175,0.5350459304347824,1.6896,0.9063,True
109,left_toe_tip,868.5440000000001,429.066,0.7027231165217395,0.2123629356521738,0.0251999999999998,0.8572,True
109,right_shoulder,,,,,,0.0126,True
109,right_toe_tip,893.96,446.158,0.7410111130434784,0.25139406,-0.0314,0.2569,True
110,left_shoulder,1007.684,611.8199999999999,0.7649425826086956,0.5238950869565216,1.689,0.9175,True
110,left_toe_tip,868.226,428.808,0.6993638469565218,0.2108516452173912,0.0348000000000001,0.9153,True
110,right_shoulder,,,,,,0.0154,False
110,right_toe_tip,902.022,449.634,0.7548512052173911,0.2582238626086957,-0.0894,0.7896,True
111,left_shoulder,1005.0800000000002,607.418,0.7573029043478264,0.5132309904347826,1.6801,0.9868,True
111,left_toe_tip,867.36,428.676,0.6920640695652175,0.2090437721739132,0.0535999999999999,0.9052,True
111,right_shoulder,,,,,,0.0184,True
111,right_toe_tip,905.05,449.6633333333333,0.7637857499999998,0.2583798388888887,-0.1251333333333332,0.9439,True
112,left_shoulder,1003.248,604.0899999999999,0.7522392278260868,0.5054785521739129,1.6787999999999998,1.0,True
112,left_toe_tip,866.3219999999999,428.448,0.6842304465217388,0.2069361599999999,0.0855999999999999,0.8265,True
112,right_shoulder,,,,,,0.0149,True
112,right_toe_tip,905.646,444.96400000000006,0.7695649121739129,0.2461370139130436,-0.1531999999999998,0.9727,True
113,left_shoulder,1001.72,601.39,0.7484458608695652,0.4994673956521739,1.6704,0.917,True
113,left_toe_tip,865.2,427.956,0.6765791304347827,0.204163460869565,0.115,0.7523,True
113,right_shoulder,,,,,,0.0186,True
113,right_toe_tip,903.374,437.282,0.7715140543478262,0.2263858586956521,-0.1615,0.3487,True
114,left_shoulder,1000.978,599.384,0.7455765169565218,0.4944320400000001,1.6738,0.958,True
114,left_toe_tip,863.492,427.82,0.6568721391304347,0.1993318260869565,0.188,0.321,True
114,right_shoulder,,,,,,0.0324,True
114,right_toe_tip,901.19,431.316,0.7675579173913041,0.2095760191304347,-0.1225999999999999,0.9436,True
115,left_shoulder,1001.17,598.154,0.7468367478260871,0.4924610539130435,1.6716,0.9783,True
115,left_toe_tip,861.226,427.7600000000001,0.6353033608695652,0.1945890434782609,0.269,0.455,True
115,right_shoulder,,,,,,0.0181,True
115,right_toe_tip,899.796,426.12,0.7631789886956523,0.1942346869565217,-0.0705999999999999,0.848,True
116,left_shoulder,1001.9,597.49,0.7494476956521738,0.4918108130434783,1.6688,0.9805,True
116,left_toe_tip,858.838,427.8560000000001,0.6138405899999999,0.1903360800000001,0.3764,0.546,True
116,right_shoulder,,,,,,0.0179,True
116,right_toe_tip,900.534,422.284,0.7615522095652174,0.18205884,-0.0546999999999998,0.8664,True
117,left_shoulder,1002.788,596.9,0.7525484991304345,0.4914129999999999,1.6656,1.0,True
117,left_toe_tip,856.491,428.14900000000006,0.5909733667391305,0.1860319550000001,0.4890999999999999,0.652,True
117,right_shoulder,,,,,,0.0173,True
117,right_toe_tip,900.6020000000001,421.07,0.7598814404347829,0.178072154347826,-0.0370999999999999,0.9375,True
118,left_shoulder,1003.27,595.8700000000001,0.7535483347826089,0.4892764217391307,1.6656,0.9926,True
118,left_toe_tip,853.993,428.693,0.5683374958695654,0.1824396480434783,0.5745999999999999,0.3973,True
118,right_shoulder,,,,,,0.0219,True
118,right_toe_tip,900.598,420.764,0.7611161152173911,0.1774705086956522,-0.0415,0.9308,True
119,left_shoulder,1003.802,594.58,0.756233635652174,0.4876204260869566,1.6566,0.9348,True
119,left_toe_tip,852.0649999999999,429.041,0.5571316358695649,0.1813827141304347,0.6115,0.2686,True
119,right_shoulder,,,,,,0.0169,True
119,right_toe_tip,900.806,420.7600000000001,0.761723610869565,0.1774588260869566,-0.0415,0.9191,True
120,left_shoulder,1004.07,592.866,0.7570281630434784,0.4842094108695652,1.656,0.9299,True
120,left_toe_tip,852.8394000000001,429.0054,0.5571857875391306,0.1806471364956522,0.61656,0.3786,True
120,right_shoulder,,,,,,0.017,True
120,right_toe_tip,901.018,420.78,0.7629669626086957,0.1776625826086957,-0.0436999999999998,0.9196,True
121,left_shoulder,1004.034,590.644,0.75719072,0.47973952,1.6554,1.0,True
121,left_toe_tip,856.2921999999999,428.6242,0.569676038765217,0.1807442081565218,0.5808800000000001,0.3118,True
121,right_shoulder,,,,,,0.0205,True
121,right_toe_tip,901.072,420.82,0.7653382434782606,0.178295152173913,-0.0515,0.9148,True
122,left_shoulder,1004.074,588.1020000000001,0.7583819713043477,0.4751463834782611,1.6525999999999998,1.0,True
122,left_toe_tip,862.1204,427.7704,0.5925882549739131,0.1808025875826087,0.4565599999999999,0.2785,True
122,right_shoulder,,,,,,0.0157,True
122,right_toe_tip,901.17,420.91,0.7674991434782611,0.1789959521739131,-0.0580999999999999,0.9446,True
123,left_shoulder,1004.734,585.7520000000001,0.7603911000000001,0.470643843478261,1.656,1.0,True
123,left_toe_tip,870.324,426.444,0.6264812799999999,0.1807276799999999,0.3335999999999999,0.1386,True
123,right_shoulder,,,,,,0.0162,True
123,right_toe_tip,901.136,420.99,0.7676830713043481,0.1792973413043477,-0.0590999999999999,0.8852,True
124,left_shoulder,1005.512,583.366,0.7615363060869567,0.4653782052173913,1.6572,0.9854,True
124,left_toe_tip,880.6560000000002,424.526,0.6705931756521745,0.1798031017391304,0.1444,0.1494,True
124,right_shoulder,,,,,,0.0164,True
124,right_toe_tip,901.014,421.104,0.7670407069565214,0.1795660591304347,-0.0580999999999999,0.8718,True
125,left_shoulder,1006.366,581.23,0.7635545308695652,0.4610721760869565,1.6666,0.9797,True
125,left_toe_tip,888.9886,423.0006,0.7071979903434783,0.1789395085173912,0.05694,0.2059,True
125,right_shoulder,,,,,,0.0161,True
125,right_toe_tip,900.9,421.20200000000006,0.7667056956521737,0.1798540513043479,-0.0580999999999999,0.8314,True
126,left_shoulder,1007.504,579.3860000000001,0.7663257321739133,0.4574675026086958,1.6656,0.9657,True
126,left_toe_tip,895.3218,421.8678,0.7356542619608696,0.1782586161782608,0.0082200000000002,0.3246,True
126,right_shoulder,,,,,,0.0148,False
126,right_toe_tip,900.874,421.256,0.7653249195652174,0.1797064608695653,-0.0535,0.7753,True
127,left_shoulder,1008.506,577.6899999999999,0.76841512,0.4539309739130434,1.6656,0.894,True
127,left_toe_tip,899.5726000000001,421.15060000000005,0.7541881893000003,0.1776730683000001,-0.0250599999999999,0.2919,True
127,right_shoulder,,,,,,0.0155,True
127,right_toe_tip,900.864,421.294,0.7640479721739127,0.1795247960869566,-0.0490999999999999,0.7918,True
128,left_shoulder,1009.22,575.708,0.7705460869565218,0.4501732173913043,1.664,0.8905,True
128,left_toe_tip,901.7583333333332,420.81033333333335,0.7631867696256036,0.1772995773067633,-0.0368666666666667,0.3201,True
128,right_shoulder,,,,,,0.0163,False
128,right_toe_tip,900.854,421.258,0.7640186830434784,0.1794193552173912,-0.0490999999999999,0.7733,True
129,left_shoulder,1009.848,573.738,0.7727411147826087,0.4465730256521741,1.6618,0.9507,True
129,left_toe_tip,901.879,420.8469999999999,0.762494866630435,0.1771639770652171,-0.0331999999999998,0.3499,True
129,right_shoulder,,,,,,0.0212,False
129,right_toe_tip,900.844,421.148,0.7639893939130435,0.1790971747826087,-0.0490999999999999,0.7256,True
130,left_shoulder,1010.712,571.586,0.7751910278260867,0.4424447247826087,1.6602,0.966,True
130,left_toe_tip,901.934,420.86800000000005,0.7612599230434782,0.1769009330434784,-0.0418000000000001,0.2823,True
130,right_shoulder,,,,,,0.015,True
130,right_toe_tip,900.854,421.126,0.7624875834782611,0.178673955652174,-0.0436999999999998,0.8375,True
131,left_shoulder,1011.782,569.722,0.7774284908695651,0.4385469386956521,1.6602,0.9668,True
131,left_toe_tip,901.928,420.894,0.7594203773913047,0.1765528865217389,-0.0354,0.2905,True
131,right_shoulder,,,,,,0.0148,True
131,right_toe_tip,900.888,421.156,0.760772093913044,0.1783362139130433,-0.0373000000000001,0.8632,True
132,left_shoulder,1013.064,568.158,0.780109264347826,0.4352764786956522,1.6602,0.9467,True
132,left_toe_tip,901.832,420.98,0.7591420400000001,0.1768022304347826,-0.0219,0.3441,True
132,right_shoulder,,,,,,0.0159,True
132,right_toe_tip,900.716,421.14,0.7602705269565219,0.1782895565217391,-0.0373000000000001,0.7275,True
133,left_shoulder,1014.862,567.0640000000001,0.7838690386956524,0.4329888295652175,1.6602,0.928,True
133,left_toe_tip,899.4386666666666,421.3173333333333,0.7524097331400962,0.1778291532367148,-0.0201333333333332,0.5277,True
133,right_shoulder,,,,,,0.0181,True
133,right_toe_tip,900.28,421.124,0.7574713826086956,0.1778841278260868,-0.0294,0.5237,True
134,left_shoulder,1016.858,566.2139999999999,0.7873874430434783,0.4308527726086956,1.6618,0.9702,True
134,left_toe_tip,894.7479999999999,421.906,0.7392122399999997,0.1796350626086955,-0.0105999999999999,0.4728,True
134,right_shoulder,,,,,,0.0174,True
134,right_toe_tip,899.15,420.86,0.7535631304347825,0.1769702956521738,-0.0271999999999998,0.5937,True
135,left_shoulder,1018.89,565.5240000000001,0.7907269565217391,0.4289196521739132,1.664,1.0,True
135,left_toe_tip,887.76,422.746,0.7195273565217392,0.1822225682608695,0.0031999999999998,0.1944,True
135,right_shoulder,,,,,,0.0233,False
135,right_toe_tip,897.531,422.181,0.7446004999999999,0.179784195652174,-0.007,0.7949,True
136,left_shoulder,1020.614,564.624,0.7934147056521738,0.4265520730434783,1.6662,0.999,True
136,left_toe_tip,882.1719999999999,423.648,0.7110380504347823,0.1868760626086955,0.0008000000000001,0.4458,False
136,right_shoulder,,,,,,0.016,True
136,right_toe_tip,895.345,425.113,0.729565072826087,0.186039165,0.0274,0.339,True
137,left_shoulder,1021.87,563.4019999999999,0.7951197521739133,0.4235183382608694,1.6684,0.9853,True
137,left_toe_tip,875.906,420.1940000000001,0.7012049430434781,0.1789201221739132,0.0594,0.5233,True
137,right_shoulder,,,,,,0.0155,True
137,right_toe_tip,892.892,429.716,0.7085923886956524,0.1953412008695652,0.0751999999999998,0.1591,True
138,left_shoulder,1022.868,561.954,0.7967816008695653,0.4202838352173911,1.6694,0.9629,True
138,left_toe_tip,871.274,413.7833333333333,0.6967883404347828,0.1620398297101448,0.0701999999999998,0.5634,True
138,right_shoulder,,,,,,0.0178,True
138,right_toe_tip,890.26,436.03,0.6835906304347826,0.207677597826087,0.146,0.0837,True
139,left_shoulder,1023.366,559.736,0.7987347269565217,0.4161456139130434,1.6622,0.9276,True
139,left_toe_tip,869.39,404.344,0.6994400304347824,0.1352106399999999,0.0488000000000001,0.8877,True
139,right_shoulder,,,,,,0.019,False
139,right_toe_tip,888.9065,441.688,0.6666771217119567,0.2187950926086956,0.2058499999999999,0.2368,True
140,left_shoulder,1023.55,557.018,0.7977006195652173,0.4097546100000001,1.6606,0.9655,True
140,left_toe_tip,869.9379999999999,391.562,0.7088588647826083,0.0973001569565217,-0.0001999999999998,0.928,True
140,right_shoulder,,,,,,0.0165,True
140,right_toe_tip,888.5844999999999,444.739,0.6613023201358693,0.2254287669021739,0.2275500000000001,0.3332,True
141,left_shoulder,1024.048,554.08,0.7974005321739132,0.402969147826087,1.6638,0.963,True
141,left_toe_tip,869.1719999999999,376.294,0.7076930999999999,0.0503165804347825,-0.014,0.961,True
141,right_shoulder,,,,,,0.0134,True
141,right_toe_tip,889.2940000000001,445.183,0.6673762963043481,0.2280404464130435,0.2120999999999999,0.1388,True
142,left_shoulder,1024.35,550.766,0.795771608695652,0.3949685617391303,1.6692,0.9409,True
142,left_toe_tip,870.6,363.172,0.7053853478260871,0.0097028721739129,-0.0551999999999998,0.9835,True
142,right_shoulder,,,,,,0.0138,True
142,right_toe_tip,891.0350000000001,443.02,0.685025399456522,0.2265453369565217,0.1565,0.0337,True
143,left_shoulder,1024.482,546.92,0.7928687504347826,0.3854615478260869,1.6718,0.945,True
143,left_toe_tip,874.4159999999999,350.924,0.7106881599999997,-0.0275160643478261,-0.1061999999999998,0.9837,True
143,right_shoulder,,,,,,0.0121,True
143,right_toe_tip,893.3310000000001,438.716,0.7088586883695656,0.2202593465217391,0.0736999999999998,0.1589,True
144,left_shoulder,1024.488,542.836,0.7903735930434783,0.3758472208695652,1.6728,0.8871,True
144,left_toe_tip,878.4680000000001,340.172,0.7214175408695654,-0.0599840104347825,-0.1131999999999998,0.9074,True
144,right_shoulder,,,,,,0.0136,True
144,right_toe_tip,895.3645,433.94000000000005,0.7281080306250001,0.2108214250000001,0.0138499999999999,0.6083,True
145,left_shoulder,1024.5080000000005,538.79,0.78707115826087,0.365975356521739,1.6763,0.9626,True
145,left_toe_tip,882.394,331.652,0.7295532456521739,-0.0853213173913043,-0.116,0.914,True
145,right_shoulder,,,,,,0.0207,True
145,right_toe_tip,896.6355,429.568,0.7409094780163044,0.2008435721739131,-0.0160500000000001,0.7398,True
146,left_shoulder,1023.848,534.1719999999999,0.7830499199999998,0.3553108799999998,1.6782,0.9226,True
146,left_toe_tip,886.198,325.47799999999995,0.7410024586956522,-0.1039037152173914,-0.121,0.9254,True
146,right_shoulder,,,,,,0.0176,False
146,right_toe_tip,897.576,426.04800000000006,0.7474743530434784,0.1916684243478263,-0.0268000000000001,0.7881,True
147,left_shoulder,1023.014,529.138,0.7820146713043481,0.3453356730434783,1.6716,0.9126,True
147,left_toe_tip,888.3280000000001,321.452,0.7539993860869568,-0.11704346,-0.1689,0.9029,True
147,right_shoulder,,,,,,0.0248,True
147,right_toe_tip,898.262,423.5220000000001,0.7488475121739129,0.1841861817391305,-0.0195999999999999,0.7926,True
148,left_shoulder,1021.874,523.9739999999999,0.7798531208695653,0.3348634252173911,1.6617,0.9818,True
148,left_toe_tip,888.708,319.202,0.7615330826086956,-0.124921702173913,-0.195,0.7997,True
148,right_shoulder,,,,,,0.0234,True
148,right_toe_tip,898.6779999999999,421.462,0.7503349030434779,0.1782798839130434,-0.0155999999999999,0.8671,True
149,left_shoulder,1020.388,518.5780000000001,0.7778934600000004,0.3242920100000002,1.6401,0.9749,True
149,left_toe_tip,888.45,317.952,0.7633896304347827,-0.1291970504347826,-0.2098000000000001,0.8275,True
149,right_shoulder,,,,,,0.0156,True
149,right_toe_tip,898.7520000000001,420.78,0.7508308034782611,0.1763677043478261,-0.0165999999999999,0.8788,True
150,left_shoulder,1018.54,512.778,0.7756778347826085,0.3130620495652174,1.6223,0.9376,True
150,left_toe_tip,888.1,317.118,0.769487543478261,-0.1329994552173913,-0.2264000000000001,0.8703,True
150,right_shoulder,,,,,,0.0502,True
150,right_toe_tip,898.9739999999999,420.63,0.7511934960869564,0.1758665413043478,-0.0155999999999999,0.8903,True
151,left_shoulder,1016.93,506.886,0.7736897956521738,0.3014994808695651,1.6145999999999998,0.9725,True
151,left_toe_tip,887.622,316.10200000000003,0.7696737730434781,-0.1364464356521738,-0.2325999999999999,0.9391,True
151,right_shoulder,,,,,,0.0244,True
151,right_toe_tip,899.2019999999999,420.622,0.7524746756521737,0.1759883017391305,-0.0178000000000001,0.8992,True
152,left_shoulder,1015.31,500.34,0.7714252282608698,0.2884597173913043,1.5795,0.927,True
152,left_toe_tip,887.142,314.79,0.7662476530434785,-0.140170656521739,-0.2304000000000001,0.9419,True
152,right_shoulder,,,,,,0.0142,True
152,right_toe_tip,899.068,420.67,0.7527051782608695,0.1762727282608694,-0.02,0.9465,True
153,left_shoulder,1013.732,493.894,0.7686692286956521,0.2753850291304346,1.5688,0.9362,True
153,left_toe_tip,886.5440000000001,313.36,0.7634288556521742,-0.1444217739130434,-0.2218000000000002,0.9428,True
153,right_shoulder,,,,,,0.021,True
153,right_toe_tip,899.168,420.7,0.7529957217391304,0.1763598913043478,-0.02,0.9452,True
154,left_shoulder,1011.9,487.238,0.760212108695652,0.2600910682608695,1.5714,0.9546,True
154,left_toe_tip,885.8560000000001,312.056,0.7602829565217395,-0.1482616086956522,-0.218,0.9525,True
154,right_shoulder,,,,,,0.0176,False
154,right_toe_tip,899.1700000000001,420.758,0.7527198260869568,0.1764623652173912,-0.024,0.9284,True
155,left_shoulder,1010.722,480.592,0.7603830586956521,0.2473446782608695,1.538,0.9038,True
155,left_toe_tip,885.26,311.232,0.7557740217391304,-0.1502796521739129,-0.208,0.9828,True
155,right_shoulder,,,,,,0.0233,True
155,right_toe_tip,899.396,420.862,0.7527559139130434,0.1766188778260868,-0.0218000000000001,0.9563,True
156,left_shoulder,1009.194,473.826,0.7589344486956524,0.2339866643478261,1.5293,0.9442,True
156,left_toe_tip,884.7539999999999,310.61,0.7542147717391301,-0.1521963586956521,-0.208,0.9932,True
156,right_shoulder,,,,,,0.0143,True
156,right_toe_tip,899.4959999999999,421.004,0.7527076365217388,0.1769513852173913,-0.0205999999999999,0.9401,True
157,left_shoulder,1007.882,467.446,0.7573570739130433,0.2211986130434783,1.522,0.9068,True
157,left_toe_tip,884.418,310.242,0.7567393817391305,-0.1540550947826086,-0.2214000000000001,0.9812,True
157,right_shoulder,,,,,,0.0182,True
157,right_toe_tip,899.6539999999999,420.986,0.7525450278260866,0.1767533373913043,-0.0184,0.968,True
158,left_shoulder,1006.308,460.898,0.7592131460869564,0.209122072173913,1.5272,0.9489,True
158,left_toe_tip,884.242,310.044,0.7578404491304347,-0.15500478,-0.2275999999999999,0.9706,True
158,right_shoulder,,,,,,0.021,False
158,right_toe_tip,899.9799999999999,420.89,0.7532072739130432,0.1764089195652175,-0.0174,0.9876,True
159,left_shoulder,1004.586,454.078,0.7685631395652175,0.198320514347826,1.5081,0.9428,True
159,left_toe_tip,884.1279999999999,310.052,0.7581235826086955,-0.155110256521739,-0.23,0.9833,True
159,right_shoulder,,,,,,0.0152,True
159,right_toe_tip,900.5260000000001,420.6,0.7541661339130435,0.1754238260869565,-0.0176999999999998,0.967,True
160,left_shoulder,1002.552,447.24799999999993,0.7674280052173914,0.1846812556521737,1.4775999999999998,0.8656,True
160,left_toe_tip,883.984,310.08,0.7557669600000002,-0.1546326260869565,-0.2228000000000002,0.9812,True
160,right_shoulder,,,,,,0.0203,True
160,right_toe_tip,900.986,420.284,0.7561218308695649,0.174653232173913,-0.0199,0.9706,True
161,left_shoulder,1000.681,440.302,0.7696618904347825,0.1713574852173913,1.4183,0.8799,True
161,left_toe_tip,883.85,310.118,0.7518001521739133,-0.1537883747826087,-0.2094,0.9831,True
161,right_shoulder,,,,,,0.0191,False
161,right_toe_tip,901.298,419.882,0.757650592173913,0.1736317643478259,-0.0220999999999999,0.9618,True
162,left_shoulder,998.791,433.402,0.7722586284782607,0.1579898265217392,1.4013,0.8932,True
162,left_toe_tip,883.8059999999999,310.16200000000003,0.747477395217391,-0.1527968073913042,-0.1935999999999999,0.9726,True
162,right_shoulder,,,,,,0.0178,True
162,right_toe_tip,901.416,419.56,0.7589020139130433,0.1729052695652172,-0.0253000000000001,0.967,True
163,left_shoulder,996.921,426.848,0.7723460073913041,0.1446532591304347,1.3907,0.9405,False
163,left_toe_tip,883.7700000000001,310.21400000000006,0.7425446173913046,-0.1516524852173911,-0.1654000000000001,0.9839,True
163,right_shoulder,,,,,,0.0168,True
163,right_toe_tip,901.178,419.258,0.7591195347826084,0.1722346652173912,-0.0285,0.9842,True
164,left_shoulder,995.717,421.166,0.7695086667391303,0.132318014347826,1.3738,0.9423,True
164,left_toe_tip,883.716,310.198,0.7411085669565217,-0.1514413860869566,-0.1605999999999999,0.9814,True
164,right_shoulder,,,,,,0.0263,True
164,right_toe_tip,900.6779999999999,419.082,0.7582896343478257,0.1718644004347825,-0.0281999999999998,0.9789,True
165,left_shoulder,994.229,415.468,0.7754534847826087,0.1214266869565217,1.35,0.8804,True
165,left_toe_tip,883.6780000000001,310.11600000000004,0.7403573321739134,-0.1515606052173911,-0.1581999999999998,0.9732,True
165,right_shoulder,,,,,,0.0205,True
165,right_toe_tip,899.9739999999999,418.95,0.7565243399999998,0.1715445,-0.0241999999999998,0.9596,True
166,left_shoulder,993.006,410.556,0.7778410469565218,0.1113990469565218,1.3373,0.9209,True
166,left_toe_tip,883.7140000000002,310.048,0.7433277000000005,-0.1523536,-0.169,0.9801,True
166,right_shoulder,,,,,,0.0229,True
166,right_toe_tip,899.766,418.61800000000005,0.756201414347826,0.1706420952173914,-0.0251999999999998,0.9541,True
167,left_shoulder,991.448,406.346,0.7828122191304346,0.1032306773913043,1.3238,0.94,True
167,left_toe_tip,883.758,309.966,0.7453695713043479,-0.1529952704347825,-0.1761999999999998,0.9831,True
167,right_shoulder,,,,,,0.0273,True
167,right_toe_tip,899.642,418.254,0.7564613226086959,0.1697217626086957,-0.0274,0.9523,True
168,left_shoulder,989.994,401.944,0.7887038704347823,0.094519892173913,1.3213,0.9036,True
168,left_toe_tip,883.766,309.846,0.7479376791304346,-0.1538855556521739,-0.1858000000000002,0.9775,True
168,right_shoulder,,,,,,0.0251,True
168,right_toe_tip,899.674,417.93,0.755933594347826,0.1686392673913043,-0.0251999999999998,0.9606,True
169,left_shoulder,988.582,397.818,0.7930998286956521,0.0860441713043479,1.2968000000000002,0.9668,True
169,left_toe_tip,883.7880000000001,309.78599999999994,0.7470512278260872,-0.1538731617391306,-0.1921999999999998,0.9747,True
169,right_shoulder,1137.86,403.53,0.8241747608695651,0.0720610760869564,2.013,0.0333,True
169,right_toe_tip,899.7,417.714,0.7566303043478262,0.1681484843478259,-0.0244,0.9512,True
170,left_shoulder,987.45,394.328,0.7950562391304349,0.0785514191304347,1.2633,0.9739,True
170,left_toe_tip,883.816,309.746,0.7474550504347828,-0.1540612843478261,-0.1934000000000001,0.9829,True
170,right_shoulder,1137.29,401.675,0.8175555706521739,0.0685146059782607,2.0135,0.2797,True
170,right_toe_tip,899.7860000000001,417.482,0.7571632395652175,0.1675350378260869,-0.0254,0.9314,True
171,left_shoulder,985.778,390.948,0.7963417678260869,0.0712745895652173,1.2496999999999998,0.8888,True
171,left_toe_tip,883.7819999999999,309.708,0.7454429591304345,-0.1537841895652174,-0.1861999999999998,0.9851,True
171,right_shoulder,1136.8629166666667,400.01666666666665,0.8150082027098431,0.0656396573067632,2.016916666666667,0.4174,True
171,right_toe_tip,899.482,417.436,0.7562772117391304,0.1674009678260869,-0.0254,0.9313,True
172,left_shoulder,984.846,387.904,0.7936705656521741,0.0642216626086956,1.2466,0.9137,True
172,left_toe_tip,883.738,309.662,0.7434009000000001,-0.1535309,-0.174,0.984,True
172,right_shoulder,1136.4715625,398.4075,0.8134780989087974,0.0629314193274456,2.0185625,0.5082,True
172,right_toe_tip,899.244,417.276,0.7552454008695652,0.1668599295652172,-0.0241999999999998,0.9323,True
173,left_shoulder,983.91,384.982,0.7862829282608699,0.0571164552173912,1.2521,0.8806,True
173,left_toe_tip,883.7379999999999,309.674,0.7408575469565216,-0.1529691591304348,-0.1644000000000001,0.989,True
173,right_shoulder,1136.0945,396.818,0.8123547437499998,0.0602894749999999,2.0195,0.1489,True
173,right_toe_tip,899.0619999999999,417.00200000000007,0.7549967765217389,0.1661236547826089,-0.0251999999999998,0.9444,True
174,left_shoulder,982.952,381.998,0.7823778886956523,0.0501841330434782,1.2441999999999998,0.8844,True
174,left_toe_tip,883.686,309.64199999999994,0.7387923817391304,-0.1526723191304349,-0.1571999999999998,0.9881,True
174,right_shoulder,1135.2975,393.58,0.8088961888586957,0.05484125,2.0235,0.0813,True
174,right_toe_tip,898.872,416.61,0.7538240086956519,0.1648458586956522,-0.023,0.9257,True
175,left_shoulder,982.068,379.018,0.7788739634782609,0.0433031591304347,1.2441999999999998,0.9569,True
175,left_toe_tip,883.652,309.604,0.7390071095652175,-0.1528532591304348,-0.1584000000000001,0.988,True
175,right_shoulder,1134.5862499999998,390.46,0.8078690078124997,0.0497540923913044,2.02325,0.0375,True
175,right_toe_tip,898.9100000000001,415.388,0.7512329934782611,0.1607094860869566,-0.0134,0.9464,True
176,left_shoulder,981.84,376.236,0.7733015304347823,0.0367286556521738,1.2578000000000005,0.9171,True
176,left_toe_tip,883.686,309.588,0.7397459356521741,-0.1530332973913043,-0.1608000000000002,0.9843,True
176,right_shoulder,1134.230625,388.9,0.8073552723335596,0.0472098777173913,2.023125,0.0659,True
176,right_toe_tip,899.426,412.634,0.7471468800000002,0.15158592,0.0034,0.9299,True
177,left_shoulder,981.134,373.448,0.7668840639130435,0.0302316886956521,1.2748000000000002,0.911,True
177,left_toe_tip,883.7220000000001,309.636,0.7408089139130438,-0.1530846626086956,-0.1644000000000001,0.9852,True
177,right_shoulder,1133.8749999999998,387.3400000000001,0.8068414402173908,0.0446652391304349,2.023,0.0817,True
177,right_toe_tip,900.3620000000001,408.196,0.743673112608696,0.1376624443478261,0.0041999999999998,0.9275,True
178,left_shoulder,981.0359999999998,371.284,0.7616223539130431,0.0252001156521738,1.2884,0.927,True
178,left_toe_tip,883.768,309.732,0.7409487339130436,-0.1527928643478261,-0.1644000000000001,0.976,True
178,right_shoulder,1132.6895833333335,382.14,0.8051279685612928,0.0361800489130435,1.9995833333333333,0.2156,True
178,right_toe_tip,903.028,401.806,0.74168178,0.1178838317391305,-0.0581999999999998,0.8386,True
179,left_shoulder,981.006,369.302,0.7497684095652177,0.0204522669565217,1.3202,0.9063,True
179,left_toe_tip,883.866,309.796,0.7422008695652172,-0.1527947826086956,-0.173,0.9787,True
179,right_shoulder,1131.8379166666666,376.5533333333333,0.8085476765926932,0.0272125404589372,1.9485833333333331,0.1877,True
179,right_toe_tip,905.106,393.646,0.7386660004347829,0.0937479960869565,-0.0564,0.8215,True
180,left_shoulder,980.6939999999998,367.438,0.7347880813043475,0.0160418256521738,1.3588,0.8861,True
180,left_toe_tip,883.952,309.85600000000005,0.7408716173913044,-0.1522851478260868,-0.167,0.9626,True
180,right_shoulder,1130.8333333333333,371.3,0.8066739130434781,0.0185713043478261,1.9355,0.3236,True
180,right_toe_tip,906.988,383.0688,0.7391969066086959,0.0638694832695652,-0.0451599999999998,0.6023,True
181,left_shoulder,980.546,365.318,0.7243265356521738,0.0113111547826087,1.3902,0.9287,True
181,left_toe_tip,884.0120000000001,309.884,0.738825899130435,-0.151742532173913,-0.1585999999999999,0.9656,True
181,right_shoulder,1130.6575,370.55,0.8097182058423914,0.0174103668478261,1.92925,0.6213,True
181,right_toe_tip,908.296,370.8284,0.7427949735652172,0.0299791315999999,-0.0540799999999999,0.4782,True
182,left_shoulder,980.612,363.348,0.712915725217391,0.0070075095652174,1.4214,0.9448,True
182,left_toe_tip,884.04,309.928,0.7340298782608695,-0.1506078678260869,-0.1401999999999998,0.9709,True
182,right_shoulder,1130.16,369.814,0.8103623478260871,0.0162251021739129,1.9265,0.8371,True
182,right_toe_tip,909.198,357.1848,0.7475979587826086,-0.0078181776,-0.05696,0.2547,True
183,left_shoulder,980.166,361.502,0.7040696708695652,0.0031088134782608,1.4428,0.8821,True
183,left_toe_tip,884.104,309.84800000000007,0.7302954886956523,-0.150041700869565,-0.1254000000000001,0.9665,True
183,right_shoulder,1130.054,367.432,0.8096544347826088,0.0122789565217391,1.923,0.7123,True
183,right_toe_tip,908.27,342.448,0.7524973500000002,-0.04923336,-0.0805999999999999,0.0311,True
184,left_shoulder,979.816,359.976,0.6989128643478262,-4.9361739130436655e-05,1.4548,0.8911,True
184,left_toe_tip,884.124,309.81000000000006,0.7246237165217393,-0.1489770130434781,-0.1038000000000001,0.976,True
184,right_shoulder,1129.4260000000002,365.51,0.8074465030434785,0.009090302173913,1.9252,0.6618,True
184,right_toe_tip,908.1,326.362,0.7607046086956524,-0.0954441686956522,-0.0984,0.0527,True
185,left_shoulder,979.572,358.78599999999994,0.6967869799999997,-0.0024910752173914,1.4637,0.9056,True
185,left_toe_tip,884.216,309.892,0.7195346626086957,-0.1476334182608695,-0.0835999999999999,0.9704,True
185,right_shoulder,1129.034,363.65400000000005,0.8099891404347828,0.0060521360869566,1.9192,0.6591,True
185,right_toe_tip,907.773,310.3122,0.7739338238260867,-0.1436107040347827,-0.1610399999999999,0.0583,True
186,left_shoulder,979.192,357.998,0.6924678417391305,-0.0040871265217391,1.4733,0.9339,True
186,left_toe_tip,884.28,309.872,0.7154748782608694,-0.1468205530434783,-0.0675999999999999,0.9473,True
186,right_shoulder,1128.626,361.298,0.8061266769565217,0.0021414178260869,1.9207,0.6587,True
186,right_toe_tip,907.289,294.2986,0.7921400046521738,-0.1947132403565218,-0.3115199999999999,0.6165,True
187,left_shoulder,978.958,357.43,0.6906637682608694,-0.005236654347826,1.4814,0.8839,True
187,left_toe_tip,884.202,310.02,0.7152464230434782,-0.1463870739130435,-0.0675999999999999,0.9127,True
187,right_shoulder,1128.592,358.668,0.8028841147826089,-0.0021888234782608,1.9267,0.8001,True
187,right_toe_tip,906.411,278.9242,0.8050940420000001,-0.2450110676,-0.4102400000000002,0.2034,True
188,left_shoulder,978.972,356.894,0.6926819130434781,-0.0063470434782608,1.476,0.8763,True
188,left_toe_tip,883.93,310.168,0.7132831369565216,-0.1457152678260869,-0.0631999999999998,0.9862,True
188,right_shoulder,1127.758,356.53000000000003,0.805967077826087,-0.0057337978260869,1.9138,0.8499,True
188,right_toe_tip,905.163,264.601,0.7981982741304345,-0.2871717289130435,-0.3764,0.9248,True
189,left_shoulder,979.144,356.56,0.6964248313043478,-0.0070639652173913,1.4668,0.8375,True
189,left_toe_tip,883.78,310.282,0.7119965869565217,-0.1452089847826087,-0.06,0.978,True
189,right_shoulder,1127.424,354.47,0.8034019060869566,-0.0091148826086957,1.9176,0.7874,True
189,right_toe_tip,903.005,251.421,0.7768653125000003,-0.3207211222826087,-0.2865,0.8944,True
190,left_shoulder,979.366,356.168,0.6980611069565218,-0.0078822573913043,1.4676,0.8541,True
190,left_toe_tip,883.5260000000001,310.434,0.6950020278260871,-0.1414570539130434,0.0114,0.9862,True
190,right_shoulder,1127.314,351.904,0.7998305869565215,-0.013288,1.9285,0.841,True
190,right_toe_tip,900.094,239.348,0.7366597128260871,-0.3417205613043477,-0.1266999999999998,0.9262,True
191,left_shoulder,979.218,355.916,0.7042460652173914,-0.0084787391304347,1.45,0.8193,True
191,left_toe_tip,883.4979999999999,310.77200000000005,0.6756540156521739,-0.1365969982608694,0.0841999999999998,0.9849,True
191,right_shoulder,1126.964,349.34000000000003,0.8031730147826086,-0.0175820478260869,1.9256,0.8315,True
191,right_toe_tip,897.608,227.614,0.6997697313043476,-0.3596150571739131,-0.1730999999999999,0.929,False
192,left_shoulder,979.242,355.482,0.708499542173913,-0.0094357447826086,1.4386,0.8446,True
192,left_toe_tip,883.392,310.788,0.6503328417391305,-0.131492324347826,0.1788000000000001,0.9318,True
192,right_shoulder,1127.04,346.334,0.805521808695652,-0.0226023756521739,1.9394,0.5495,True
192,right_toe_tip,894.914,217.6,0.6702852797826085,-0.3744346086956521,-0.2425999999999999,0.9188,True
193,left_shoulder,979.108,355.044,0.7106524173913041,-0.010386052173913,1.432,0.8315,True
193,left_toe_tip,882.2360000000001,309.62600000000003,0.6209140600000002,-0.1291217030434781,0.2788000000000001,0.9169,True
193,right_shoulder,1127.614,343.006,0.8021250300000001,-0.02795513,1.9571,0.5766,True
193,right_toe_tip,891.8,209.152,0.6537220652173912,-0.3916309217391304,-0.1605,0.8888,True
194,left_shoulder,979.318,354.07800000000003,0.7119039169565218,-0.0124246134782608,1.4338,0.7976,True
194,left_toe_tip,874.1719999999999,304.856,0.5743831904347824,-0.1352586417391304,0.3914000000000001,0.8704,True
194,right_shoulder,1127.4759076923078,339.7659,0.8020352254957297,-0.0332907959144649,1.9568407692307688,0.6581,True
194,right_toe_tip,889.1299999999999,202.586,0.6463298739130432,-0.4083866686956521,-0.0793000000000001,0.8401,True
195,left_shoulder,979.61,352.804,0.7129595152173913,-0.0151069069565217,1.4416,0.8037,True
195,left_toe_tip,872.734,308.41,0.5633680630434783,-0.1248814456521738,0.426,0.695,True
195,right_shoulder,1126.4357230769233,337.1597,0.8005979572006949,-0.0375916008104515,1.956322307692308,0.5326,True
195,right_toe_tip,886.854,197.824,0.6482064056521741,-0.4258530226086957,-0.0778000000000001,0.9353,True
196,left_shoulder,980.628,350.73,0.7125789660869563,-0.0193924369565216,1.4654,0.8265,True
196,left_toe_tip,871.118,311.672,0.5485033056521741,-0.1146949513043479,0.4755999999999999,0.4467,True
196,right_shoulder,1124.9794461538463,334.8534,0.7939721785352202,-0.0411681380377927,1.964344615384616,0.0443,True
196,right_toe_tip,883.868,195.556,0.6458260817391306,-0.4354906104347826,-0.0854,0.9577,True
197,left_shoulder,981.274,348.104,0.7139303699999999,-0.0248859147826087,1.4699,0.8585,True
197,left_toe_tip,869.8640000000001,315.392,0.544427886956522,-0.1056530782608695,0.496,0.6718,True
197,right_shoulder,1122.439076923077,333.319,0.7879448325160794,-0.0435768101755853,1.9679076923076924,0.0265,True
197,right_toe_tip,881.034,193.916,0.6390544921739131,-0.4403392313043479,-0.0841999999999998,0.9179,True
198,left_shoulder,982.22,344.948,0.7146446347826084,-0.0314325026086957,1.4778,0.8751,True
198,left_toe_tip,869.7239999999999,320.976,0.5453447999999999,-0.0926395826086956,0.491,0.7469,True
198,right_shoulder,1119.0586153846157,332.1685,0.7830986131277335,-0.0454950779535953,1.9801115384615384,0.0192,True
198,right_toe_tip,878.622,192.734,0.6355126352173911,-0.4454729926086955,-0.0931999999999998,0.9147,True
199,left_shoulder,983.572,341.852,0.7160488617391303,-0.0378227991304348,1.4901,0.8517,True
199,left_toe_tip,876.162,330.968,0.5613468060869568,-0.0690078017391304,0.4771999999999998,0.7128,True
199,right_shoulder,1117.368384615385,331.59325,0.7806719314784861,-0.0464554275151546,1.9799634615384616,0.029,True
199,right_toe_tip,876.2850000000001,191.506,0.6346820565217393,-0.4525895356521738,-0.1081999999999998,0.9451,True
200,left_shoulder,985.172,337.748,0.7147311521739128,-0.046076152173913,1.511,0.5743,True
200,left_toe_tip,875.6220000000001,333.012,0.5585778065217394,-0.0639791608695652,0.483,0.899,True
200,right_shoulder,1115.678153846154,331.018,0.7782428685258554,-0.0474165875250836,1.9928153846153849,0.0229,True
200,right_toe_tip,874.073,190.31,0.6361697056521738,-0.4611879086956521,-0.1374,0.948,True
201,left_shoulder,985.98,333.568,0.7159529608695651,-0.0546970017391304,1.5122,0.6816,True
201,left_toe_tip,875.8340000000001,335.084,0.5644122839130435,-0.0596304878260869,0.4651999999999998,0.8137,True
201,right_shoulder,1113.9879230769234,330.44275,0.7758114242698423,-0.0483785579833821,2.006167307692308,0.0452,True
201,right_toe_tip,871.781,189.354,0.6311497404347824,-0.4646764773913043,-0.1461999999999998,0.9129,False
202,left_shoulder,987.644,329.06,0.7136526721739129,-0.0635144391304347,1.5104000000000002,0.8016,True
202,left_toe_tip,878.914,328.814,0.5776525017391304,-0.0754023243478261,0.4345999999999999,0.7323,True
202,right_shoulder,1112.2976923076924,329.8675,0.7733775987104452,-0.0493413388900501,2.005519230769231,0.0402,True
202,right_toe_tip,869.5110000000001,188.444,0.6240204515217395,-0.4664458460869566,-0.1384,0.9572,True
203,left_shoulder,989.752,323.486,0.7115172208695654,-0.0742821765217391,1.5014,0.8542,True
203,left_toe_tip,881.7459999999999,322.082,0.592172593043478,-0.0928826139130434,0.3994000000000001,0.5303,True
203,right_shoulder,,,,,,0.0344,True
203,right_toe_tip,867.3709999999999,187.496,0.616817980217391,-0.4679733513043478,-0.1388000000000001,0.9407,True
204,left_shoulder,991.942,316.91,0.7081685113043479,-0.0867045739130435,1.4918,0.7219,True
204,left_toe_tip,884.7059999999999,314.544,0.6082540008695652,-0.1129878052173913,0.3556999999999998,0.6609,True
204,right_shoulder,,,,,,0.0189,True
204,right_toe_tip,865.576,186.76,0.6110167304347827,-0.4692544347826087,-0.135,0.9241,True
205,left_shoulder,994.02,310.46,0.7060390173913046,-0.0987999913043478,1.5082,0.7464,True
205,left_toe_tip,887.25,306.73799999999994,0.6175875000000001,-0.1330392130434784,0.288,0.6482,True
205,right_shoulder,,,,,,0.022,True
205,right_toe_tip,864.076,186.244,0.6042258052173913,-0.4685368313043478,-0.1298000000000002,0.9112,True
206,left_shoulder,996.774,303.484,0.700673112173913,-0.1109925095652174,1.5492,0.6071,True
206,left_toe_tip,887.934,307.404,0.6217753530434782,-0.1319016208695652,0.2838000000000001,0.5791,True
206,right_shoulder,,,,,,0.0335,True
206,right_toe_tip,862.86,185.78,0.5949877521739131,-0.4651295260869565,-0.1051999999999998,0.9098,True
207,left_shoulder,999.36,296.86,0.6987989565217392,-0.1227798478260869,1.5795,0.5347,True
207,left_toe_tip,885.2539999999999,315.446,0.6094028739130433,-0.110707004347826,0.3565,0.5747,True
207,right_shoulder,,,,,,0.0194,True
207,right_toe_tip,862.14,185.476,0.5875120086956521,-0.4615780399999999,-0.0841999999999998,0.9057,True
208,left_shoulder,1001.93,290.16,0.6975807347826087,-0.1346090086956522,1.5828,0.6108,True
208,left_toe_tip,882.7539999999999,321.446,0.5962777056521738,-0.094700357826087,0.3931999999999998,0.3922,True
208,right_shoulder,,,,,,0.0275,True
208,right_toe_tip,861.698,185.306,0.5841742299999999,-0.46031869,-0.0751999999999998,0.9212,True
209,left_shoulder,1004.108,283.86,0.6963169730434782,-0.1456094739130434,1.5876,0.7159,True
209,left_toe_tip,880.46,326.674,0.585833743478261,-0.0811922786956522,0.4175999999999999,0.5944,True
209,right_shoulder,,,,,,0.0423,True
209,right_toe_tip,861.4220000000001,185.214,0.5782483665217395,-0.4564574386956521,-0.0665999999999999,0.9137,True
210,left_shoulder,1006.728,277.708,0.697420987826087,-0.1564979165217391,1.5974000000000002,0.7501,True
210,left_toe_tip,878.0139999999999,330.534,0.5777013717391303,-0.0715191065217391,0.426,0.7826,True
210,right_shoulder,,,,,,0.0185,True
210,right_toe_tip,861.258,185.132,0.5739240121739132,-0.4535923860869565,-0.0504,0.911,True
211,left_shoulder,1009.452,271.454,0.6986658582608695,-0.1674481856521739,1.6157,0.7971,True
211,left_toe_tip,877.0620000000001,325.46000000000004,0.5762152656521742,-0.0839547260869564,0.4228000000000002,0.8245,True
211,right_shoulder,,,,,,0.0141,True
211,right_toe_tip,861.5,185.118,0.5741183695652173,-0.4532865404347826,-0.0485999999999999,0.9032,True
212,left_shoulder,1012.104,265.078,0.6992319513043479,-0.1783708191304348,1.6227,0.7996,True
212,left_toe_tip,876.7059999999999,320.458,0.5835832056521737,-0.0974882221739131,0.3908000000000002,0.8392,True
212,right_shoulder,,,,,,0.0204,True
212,right_toe_tip,861.8520000000001,185.164,0.5792748634782611,-0.4565119991304348,-0.0661999999999998,0.8997,True
213,left_shoulder,1014.562,259.21000000000004,0.699290968695652,-0.1881705478260869,1.6169,0.8307,True
213,left_toe_tip,876.5359999999998,317.19,0.5969448747826083,-0.1080394108695652,0.3311999999999998,0.9567,True
213,right_shoulder,,,,,,0.0185,True
213,right_toe_tip,862.4119999999999,185.304,0.5822842860869564,-0.4573617234782608,-0.0595999999999999,0.8862,True
214,left_shoulder,1016.688,253.81,0.7003121252173911,-0.1974210608695652,1.6196,0.9093,True
214,left_toe_tip,876.274,314.278,0.6164696843478262,-0.1192946617391305,0.2525999999999999,0.955,True
214,right_shoulder,,,,,,0.0321,True
214,right_toe_tip,863.0540000000001,185.36,0.5894444400000003,-0.4615051826086957,-0.0801999999999998,0.8891,True
215,left_shoulder,1018.442,248.798,0.7010226700000001,-0.2059896178260869,1.6133,0.8019,True
215,left_toe_tip,877.0300000000001,312.252,0.6424028282608699,-0.1294074599999999,0.1570999999999999,0.9622,True
215,right_shoulder,,,,,,0.0309,True
215,right_toe_tip,863.7700000000001,185.372,0.5932823739130437,-0.4629919756521739,-0.0881999999999998,0.8917,True
216,left_shoulder,1020.56,244.29,0.7020504695652175,-0.2134597956521738,1.6118,0.8965,True
216,left_toe_tip,877.3140000000001,310.87,0.6632410400000002,-0.1373076695652173,0.0768000000000001,0.9248,True
216,right_shoulder,,,,,,0.0362,True
216,right_toe_tip,864.22,185.43,0.5979362478260871,-0.46553265,-0.1024,0.9194,True
217,left_shoulder,1022.7,239.492,0.7038352173913044,-0.2216299304347825,1.621,0.7862,True
217,left_toe_tip,877.2180000000001,309.48999999999995,0.6795780008695653,-0.1447001695652175,0.0124,0.9113,True
217,right_shoulder,,,,,,0.0114,True
217,right_toe_tip,864.372,185.432,0.5992195695652173,-0.4662104086956521,-0.106,0.9001,True
218,left_shoulder,1024.5,235.298,0.7054739130434782,-0.2288010608695652,1.625,0.8564,True
218,left_toe_tip,877.0899999999999,307.988,0.6902411478260867,-0.1514227617391304,-0.0304,0.921,True
218,right_shoulder,,,,,,0.0093,True
218,right_toe_tip,863.966,185.464,0.595311365652174,-0.4639242765217392,-0.0944000000000001,0.9184,True
219,left_shoulder,1025.976,231.098,0.7067556191304349,-0.2360307708695652,1.6284,0.917,True
219,left_toe_tip,876.9460000000001,306.756,0.6914702400000003,-0.1553798817391305,-0.0368000000000001,0.8444,True
219,right_shoulder,,,,,,0.0184,True
219,right_toe_tip,863.3059999999999,185.522,0.5919550791304345,-0.46251842,-0.0878000000000001,0.8957,True
220,left_shoulder,1027.408,226.75,0.7082828869565219,-0.2436157608695652,1.623,0.896,True
220,left_toe_tip,876.658,305.928,0.6906297808695653,-0.1577962017391304,-0.0393000000000001,0.7441,True
220,right_shoulder,,,,,,0.02,True
220,right_toe_tip,862.484,185.578,0.5908401182608696,-0.4632041634782608,-0.0941999999999998,0.9423,True
221,left_shoulder,1027.84,222.734,0.7085668173913046,-0.2507790139130434,1.6202,0.846,True
221,left_toe_tip,876.494,305.074,0.6904082447826089,-0.1603480986956523,-0.0428000000000001,0.6859,True
221,right_shoulder,,,,,,0.0166,True
221,right_toe_tip,861.71,185.616,0.5853625978260869,-0.4604116695652174,-0.08,0.9634,True
222,left_shoulder,1027.85,219.298,0.7082478260869564,-0.2569340869565217,1.621,0.8967,True
222,left_toe_tip,876.104,305.04200000000003,0.688448467826087,-0.1602503595652173,-0.0345999999999999,0.7478,True
222,right_shoulder,,,,,,0.0124,True
222,right_toe_tip,860.95,185.78,0.5795134239130435,-0.4569487608695652,-0.064,0.9553,True
223,left_shoulder,1026.776,216.294,0.7064547721739132,-0.2624821330434783,1.6245999999999998,0.8801,True
223,left_toe_tip,876.266,304.432,0.68753406,-0.1617028800000001,-0.0341999999999998,0.5464,True
223,right_shoulder,,,,,,0.0142,True
223,right_toe_tip,860.324,185.836,0.5808411191304347,-0.4591493104347826,-0.0764,0.9651,True
224,left_shoulder,1026.002,213.236,0.7047053904347824,-0.2679400156521738,1.6334000000000002,0.9124,True
224,left_toe_tip,875.982,301.43600000000004,0.686964122173913,-0.170484896521739,-0.0351999999999998,0.6498,True
224,right_shoulder,,,,,,0.0226,True
224,right_toe_tip,859.676,185.954,0.5778433913043479,-0.457816652173913,-0.071,0.9639,True
225,left_shoulder,1024.984,210.442,0.7026794921739129,-0.2729758626086956,1.6338,0.8447,True
225,left_toe_tip,875.868,297.602,0.6868886365217393,-0.181713827826087,-0.0361999999999998,0.5003,True
225,right_shoulder,,,,,,0.0224,True
225,right_toe_tip,859.0260000000001,186.22,0.5755146221739132,-0.4566258391304348,-0.0684,0.9456,True
226,left_shoulder,1024.1,207.654,0.7010659999999999,-0.2780645686956521,1.6338,0.8459,True
226,left_toe_tip,875.766,293.232,0.6855152717391303,-0.1941352173913042,-0.038,0.7189,True
226,right_shoulder,,,,,,0.0113,True
226,right_toe_tip,858.5300000000001,186.352,0.5789144739130437,-0.4600162017391304,-0.0881999999999998,0.94,True
227,left_shoulder,1023.08,205.108,0.6988711652173912,-0.2825768834782609,1.6345999999999998,0.8602,True
227,left_toe_tip,875.598,288.494,0.6844634069565216,-0.2077404747826086,-0.0458000000000001,0.6832,True
227,right_shoulder,,,,,,0.0111,True
227,right_toe_tip,858.1600000000001,186.384,0.5830563130434785,-0.4640076313043478,-0.1098000000000001,0.9311,True
228,left_shoulder,1022.81,202.49,0.6978792739130436,-0.2871475782608695,1.6278,0.8648,True
228,left_toe_tip,874.6599999999999,284.052,0.6814832478260866,-0.2205628982608695,-0.0448000000000001,0.66,True
228,right_shoulder,,,,,,0.0303,True
228,right_toe_tip,858.048,186.254,0.5847478539130434,-0.4659414469565216,-0.1181999999999998,0.9354,True
229,left_shoulder,1022.182,200.384,0.6967344026086957,-0.2909869078260869,1.6238,0.8262,True
229,left_toe_tip,874.568,279.918,0.6801452139130434,-0.2322029817391304,-0.0505999999999999,0.6821,True
229,right_shoulder,,,,,,0.0128,True
229,right_toe_tip,857.7819999999999,185.992,0.5848867017391303,-0.4673249634782608,-0.1218000000000001,0.9234,True
230,left_shoulder,1021.716,198.638,0.6958848643478261,-0.2941699417391304,1.6158,0.8761,True
230,left_toe_tip,873.548,273.76000000000005,0.672669011304348,-0.2483899478260868,-0.0303000000000001,0.5516,True
230,right_shoulder,,,,,,0.0322,True
230,right_toe_tip,857.3620000000001,185.492,0.583522464782609,-0.4684781069565217,-0.1208000000000001,0.8716,True
231,left_shoulder,1020.932,197.576,0.6947868434782608,-0.296247252173913,1.619,0.9008,True
231,left_toe_tip,870.2360000000001,266.304,0.6436597739130437,-0.2619414260869566,0.076,0.8112,True
231,right_shoulder,,,,,,0.0351,True
231,right_toe_tip,856.574,185.1,0.5792412873913042,-0.4677814565217391,-0.1205999999999999,0.8337,True
232,left_shoulder,1020.306,196.604,0.6941411252173912,-0.2982332208695652,1.6138,0.8916,True
232,left_toe_tip,867.192,258.24,0.6164805530434784,-0.2761235478260869,0.1540999999999999,0.8225,True
232,right_shoulder,,,,,,0.0132,True
232,right_toe_tip,855.8700000000001,184.878,0.5753874065217395,-0.46677627,-0.1121999999999998,0.8165,True
233,left_shoulder,1019.708,195.736,0.6932147356521738,-0.2998889286956522,1.6094000000000002,0.8803,True
233,left_toe_tip,863.0300000000001,246.266,0.5857931434782611,-0.2987248234782608,0.2365999999999999,0.8877,True
233,right_shoulder,,,,,,0.0144,True
233,right_toe_tip,855.242,184.226,0.5676305873913042,-0.4635466073913042,-0.0861999999999998,0.8881,True
234,left_shoulder,1019.164,194.842,0.6923864347826086,-0.3015928695652174,1.613,0.8997,True
234,left_toe_tip,854.1,236.26400000000004,0.5444190652173914,-0.314639128695652,0.3305999999999999,0.8639,True
234,right_shoulder,,,,,,0.0148,True
234,right_toe_tip,854.8951999999999,184.0156,0.5621471566608695,-0.4603598874086956,-0.0666400000000003,0.8547,True
235,left_shoulder,1017.904,194.21,0.6907427895652172,-0.3030352869565217,1.6074000000000002,0.8715,True
235,left_toe_tip,844.5319999999999,225.274,0.5161765191304346,-0.3400074204347826,0.3261999999999998,0.4125,True
235,right_shoulder,,,,,,0.0127,True
235,right_toe_tip,854.8296,184.3148,0.5577910457739131,-0.4561551640695652,-0.0487200000000002,0.6989,True
236,left_shoulder,1016.806,193.364,0.6885720078260869,-0.3045091773913044,1.6078,0.8469,True
236,left_toe_tip,835.4860000000001,214.068,0.5059262673913045,-0.3776783608695652,0.289,0.3179,True
236,right_shoulder,,,,,,0.0124,True
236,right_toe_tip,855.0812000000002,184.9656,0.5537966845739135,-0.4506831392347826,-0.0288400000000001,0.2635,True
237,left_shoulder,1015.132,192.292,0.6855129547826085,-0.3064681408695652,1.6033,0.8481,True
237,left_toe_tip,824.8299999999999,201.826,0.4905629282608694,-0.4198144273913043,0.1876999999999998,0.7873,True
237,right_shoulder,,,,,,0.0102,True
237,right_toe_tip,855.2819999999999,185.806,0.5483606943478259,-0.4437024126086957,0.0055999999999999,0.1902,True
238,left_shoulder,1013.692,190.936,0.6825565617391305,-0.3087990713043478,1.5996,0.8592,True
238,left_toe_tip,813.9739999999999,192.008,0.4750624813043476,-0.4587277199999999,0.0688000000000001,0.9622,True
238,right_shoulder,,,,,,0.014,True
238,right_toe_tip,855.378,187.634,0.5463109791304349,-0.4372101060869566,0.0214,0.0718,True
239,left_shoulder,1011.76,189.56,0.6788660869565217,-0.3112382608695652,1.6,0.9219,True
239,left_toe_tip,806.4680000000001,180.04000000000002,0.4642285878260871,-0.5018536695652174,-0.0675999999999999,1.0,True
239,right_shoulder,,,,,,0.0115,True
239,right_toe_tip,855.0928,189.3684,0.5437545984,-0.4313566848,0.0397400000000002,0.2818,True
240,left_shoulder,1009.552,188.236,0.674191387826087,-0.3133572799999999,1.5976,0.9209,True
240,left_toe_tip,798.74,170.224,0.4429881260869566,-0.5295988069565218,-0.1119000000000001,0.9616,True
240,right_shoulder,,,,,,0.0103,True
240,right_toe_tip,854.6144,190.6752,0.5380476318608697,-0.4245046355478261,0.0735199999999999,0.8124,True
241,left_shoulder,1006.27,186.974,0.6682038782608698,-0.3156596069565218,1.5976,0.8635,True
241,left_toe_tip,791.8,161.724,0.4162289999999998,-0.5436641713043479,-0.1205999999999999,0.9228,True
241,right_shoulder,,,,,,0.011,True
241,right_toe_tip,853.4548000000001,192.7684,0.5238366404869567,-0.4104008882782609,0.1667400000000002,0.8561,True
242,left_shoulder,1003.582,185.446,0.6633000313043478,-0.3184472104347826,1.5816,0.9288,True
242,left_toe_tip,785.754,153.66400000000002,0.3909375765217391,-0.5534290365217391,-0.1020999999999999,0.917,True
242,right_shoulder,,,,,,0.0128,True
242,right_toe_tip,852.518,194.408,0.5105975947826088,-0.3978527791304348,0.2365999999999999,0.8139,True
243,left_shoulder,1000.414,184.01,0.6579906026086957,-0.3212965260869565,1.5684,0.8935,True
243,left_toe_tip,780.242,147.112,0.3702693673913041,-0.5620706,-0.091,1.0,True
243,right_shoulder,,,,,,0.0582,True
243,right_toe_tip,851.824,194.29,0.5011019060869565,-0.3920122217391304,0.2725999999999999,0.3575,True
244,left_shoulder,997.132,182.65,0.6521540869565217,-0.3238565217391304,1.56,0.9015,True
244,left_toe_tip,774.918,143.232,0.35562625,-0.5713721739130434,-0.109,0.9547,True
244,right_shoulder,,,,,,0.0232,True
244,right_toe_tip,851.528,193.568,0.4953893791304347,-0.3897765078260869,0.2784000000000001,0.45,True
245,left_shoulder,993.864,181.096,0.6464941426086955,-0.3268498295652174,1.5552,0.9418,True
245,left_toe_tip,770.758,140.834,0.3474751721739131,-0.5824098226086958,-0.1288000000000002,0.9414,True
245,right_shoulder,,,,,,0.0167,True
245,right_toe_tip,851.51,192.82,0.4944735956521739,-0.3908377652173913,0.2821999999999998,0.6358,True
246,left_shoulder,991.526,179.144,0.6422227182608695,-0.3304160486956521,1.5512,0.8624,True
246,left_toe_tip,767.262,139.074,0.3431370839130433,-0.595683734347826,-0.1385999999999999,0.9206,True
246,right_shoulder,,,,,,0.0155,True
246,right_toe_tip,852.258,190.918,0.5074811921739131,-0.404253007826087,0.1854000000000001,0.799,True
247,left_shoulder,988.896,177.362,0.6374178226086955,-0.3336716852173913,1.5512,0.8936,True
247,left_toe_tip,764.508,138.348,0.3412601878260871,-0.6075192208695651,-0.1665999999999999,0.9668,True
247,right_shoulder,,,,,,0.0233,True
247,right_toe_tip,852.5220000000002,189.216,0.5203092965217395,-0.4181237843478261,0.1155999999999999,0.8507,True
248,left_shoulder,985.718,175.47799999999998,0.6314614426086959,-0.3370334443478261,1.5516,0.8141,True
248,left_toe_tip,762.7180000000001,138.144,0.3392085586956524,-0.6132389217391304,-0.171,0.9754,True
248,right_shoulder,,,,,,0.0119,True
248,right_toe_tip,852.476,188.786,0.5249542913043479,-0.4230102413043478,0.095,0.8841,True
249,left_shoulder,982.5,173.27399999999997,0.625583695652174,-0.3410590982608696,1.5516,0.8592,True
249,left_toe_tip,761.79,137.67000000000002,0.3374377282608695,-0.6159990978260869,-0.177,0.9634,True
249,right_shoulder,,,,,,0.0133,True
249,right_toe_tip,852.574,188.374,0.5272759434782608,-0.4257071,0.086,0.8152,True
250,left_shoulder,978.424,171.172,0.6181387930434783,-0.3448984469565217,1.5476,0.8613,True
250,left_toe_tip,761.318,137.346,0.3354706434782608,-0.6156867130434783,-0.14,0.9651,True
250,right_shoulder,,,,,,0.0133,True
250,right_toe_tip,852.506,188.012,0.5297866973913042,-0.4287735617391304,0.0654000000000001,0.6215,True
251,left_shoulder,973.702,168.884,0.6095139573913044,-0.3490775286956522,1.5556,0.802,True
251,left_toe_tip,761.068,137.11200000000002,0.3351741260869565,-0.6170605826086957,-0.175,0.9667,True
251,right_shoulder,,,,,,0.0174,True
251,right_toe_tip,852.034,187.77,0.5223411495652174,-0.4242848608695652,0.0965999999999999,0.8599,True
252,left_shoulder,968.146,166.55599999999998,0.5996511469565218,-0.3534978834782609,1.5588,0.7873,True
252,left_toe_tip,760.738,136.91199999999998,0.3347854760869567,-0.6185842260869566,-0.179,0.9736,True
252,right_shoulder,,,,,,0.0168,True
252,right_toe_tip,851.814,188.106,0.5121294147826086,-0.4156097973913043,0.1385999999999999,0.9252,True
253,left_shoulder,962.502,164.202,0.5893373504347827,-0.3577995626086956,1.5588,0.9021,True
253,left_toe_tip,760.212,136.748,0.3350256173913044,-0.6221936173913044,-0.192,0.9691,True
253,right_shoulder,,,,,,0.0235,True
253,right_toe_tip,851.6780000000001,188.102,0.5090395730434786,-0.4133773208695652,0.1505999999999999,0.8287,True
254,left_shoulder,956.642,161.836,0.5784911669565217,-0.362037012173913,1.5512,0.849,True
254,left_toe_tip,759.306,136.762,0.3328896760869567,-0.62288255,-0.163,0.9356,True
254,right_shoulder,,,,,,0.1043,True
254,right_toe_tip,850.8700000000001,188.542,0.5030624739130438,-0.4090391504347827,0.1771999999999998,0.4082,True
255,left_shoulder,951.602,158.894,0.5688768686956523,-0.3671496060869565,1.5329000000000002,0.7327,True
255,left_toe_tip,758.2860000000001,136.634,0.3310979426086958,-0.6252305686956521,-0.1371999999999998,0.9643,True
255,right_shoulder,,,,,,0.0096,True
255,right_toe_tip,849.3119999999999,188.67,0.4938398121739127,-0.4042270630434781,0.2054,0.5631,True
256,left_shoulder,946.136,156.496,0.558764751304348,-0.37143904,1.5098,0.8261,True
256,left_toe_tip,757.1940000000001,136.582,0.3291877552173914,-0.627561734347826,-0.1461999999999998,1.0,True
256,right_shoulder,,,,,,0.012,True
256,right_toe_tip,849.4559999999999,188.918,0.486347725217391,-0.3972449656521738,0.2398000000000001,0.6898,True
257,left_shoulder,940.458,154.106,0.5481398991304347,-0.3756222713043479,1.4995999999999998,0.8489,True
257,left_toe_tip,756.26,136.658,0.3266905999999999,-0.62759102,-0.1131999999999998,1.0,True
257,right_shoulder,,,,,,0.0116,True
257,right_toe_tip,849.484,188.604,0.4815855000000001,-0.3940245,0.261,0.5004,True
258,left_shoulder,935.098,151.492,0.5382330913043477,-0.3803004608695652,1.484,0.8334,True
258,left_toe_tip,755.35,136.788,0.3242588804347827,-0.6274683417391304,-0.0931999999999998,1.0,True
258,right_shoulder,,,,,,0.018,True
258,right_toe_tip,849.4979999999999,188.736,0.4756970891304346,-0.3888809739130434,0.287,0.7642,True
259,left_shoulder,929.868,148.726,0.5276227747826088,-0.3845646091304348,1.4804000000000002,0.9021,True
259,left_toe_tip,754.922,136.66,0.3243298704347827,-0.6303043217391305,-0.1034,0.9887,True
259,right_shoulder,,,,,,0.0253,True
259,right_toe_tip,850.1539999999999,188.656,0.4744911834782606,-0.3868649530434782,0.2988000000000002,0.7607,True
260,left_shoulder,924.012,146.122,0.5162844226086956,-0.388793007826087,1.4526,0.8671,True
260,left_toe_tip,754.74,136.494,0.3224194,-0.62805186,-0.0921999999999998,0.9773,True
260,right_shoulder,,,,,,0.0243,True
260,right_toe_tip,851.8399999999999,188.986,0.4788044521739129,-0.3865288169565217,0.2925999999999999,0.759,True
261,left_shoulder,918.51,143.35,0.5057378326086956,-0.3934081413043477,1.4394,0.7364,True
261,left_toe_tip,754.606,136.36399999999998,0.3229397765217391,-0.6301673547826088,-0.0994,0.9647,True
261,right_shoulder,,,,,,0.0557,True
261,right_toe_tip,851.932,188.84,0.4963355295652173,-0.4008492782608695,0.2174000000000001,0.832,True
262,left_shoulder,913.078,140.848,0.4956365699999997,-0.3977608799999999,1.4182,0.8431,True
262,left_toe_tip,754.482,136.372,0.3242329339130433,-0.633353387826087,-0.1125999999999999,1.0,True
262,right_shoulder,,,,,,0.0449,True
262,right_toe_tip,852.1779999999999,188.072,0.5152696604347823,-0.4175234104347826,0.1248000000000001,0.8974,True
263,left_shoulder,907.428,138.574,0.484858591304348,-0.4014549652173912,1.399,0.7462,True
263,left_toe_tip,754.558,136.276,0.3232029834782609,-0.6311934939130435,-0.1025999999999999,0.9793,True
263,right_shoulder,,,,,,0.2557,True
263,right_toe_tip,852.414,187.134,0.5297882221739131,-0.4311503517391304,0.0644000000000001,0.8829,True
264,left_shoulder,901.544,136.70999999999998,0.4753846486956524,-0.405853845652174,1.3843,0.812,True
264,left_toe_tip,754.4639999999999,136.26,0.321793140869565,-0.6290012347826087,-0.0934000000000001,0.9792,True
264,right_shoulder,,,,,,0.2479,True
264,right_toe_tip,852.46,186.856,0.5445442173913044,-0.4437756,0.001,0.9184,True
265,left_shoulder,895.9440000000001,135.052,0.4665414000000001,-0.4100410826086956,1.376,0.7706,True
265,left_toe_tip,754.386,136.32,0.3212008613043478,-0.6281031652173913,-0.0904,0.9727,True
265,right_shoulder,,,,,,0.1367,True
265,right_toe_tip,852.3,186.696,0.5572413478260869,-0.4548853252173913,-0.0638000000000001,0.932,True
266,left_shoulder,890.608,132.998,0.4573051199999998,-0.4142293017391304,1.3707,0.7951,True
266,left_toe_tip,754.158,136.594,0.3202876408695652,-0.6267995295652173,-0.0881999999999998,0.971,True
266,right_shoulder,,,,,,0.0633,True
266,right_toe_tip,852.394,187.046,0.5614589217391304,-0.4572001391304348,-0.073,0.7877,True
267,left_shoulder,885.6700000000001,131.036,0.4485079695652175,-0.4180086243478261,1.3629,0.7689,True
267,left_toe_tip,754.092,136.62600000000003,0.3201024678260869,-0.6267097486956521,-0.0881999999999998,0.9768,True
267,right_shoulder,,,,,,0.0834,True
267,right_toe_tip,852.488,187.806,0.562538883478261,-0.4558648982608696,-0.0765999999999999,0.8296,True
268,left_shoulder,880.802,129.81,0.4407723565217392,-0.4213477826086956,1.3515,0.6281,True
268,left_toe_tip,754.092,136.61399999999998,0.32173944,-0.6299485200000001,-0.1014,0.974,True
268,right_shoulder,,,,,,0.1218,True
268,right_toe_tip,852.616,188.746,0.5686553582608695,-0.4580299917391304,-0.0925999999999999,0.7994,True
269,left_shoulder,876.458,128.132,0.432615332173913,-0.4242176278260869,1.3008,0.6005,True
269,left_toe_tip,754.1020000000001,136.69,0.3234047556521741,-0.6329382130434782,-0.1145999999999999,0.9829,True
269,right_shoulder,,,,,,0.587,False
269,right_toe_tip,852.7760000000001,188.978,0.5705172139130438,-0.458562032173913,-0.0988000000000001,0.7989,True
270,left_shoulder,872.51,126.862,0.426049302173913,-0.4272000439130434,1.2677,0.6172,True
270,left_toe_tip,753.984,136.67800000000005,0.3254738782608696,-0.637681406521739,-0.134,0.9492,True
270,right_shoulder,,,,,,0.2954,True
270,right_toe_tip,852.7180000000001,188.948,0.5691131360869568,-0.4576384704347826,-0.0934000000000001,0.8585,True
271,left_shoulder,868.396,126.718,0.4202486399999998,-0.4292388799999999,1.1992,0.757,True
271,left_toe_tip,754.07,136.366,0.3261162108695653,-0.6393501595652175,-0.1371999999999998,0.9558,True
271,right_shoulder,,,,,,0.2937,True
271,right_toe_tip,852.492,188.326,0.5653673017391303,-0.4567648013043479,-0.0798000000000001,0.9062,True
272,left_shoulder,864.744,126.752,0.414799252173913,-0.4304946782608695,1.178,0.7285,True
272,left_toe_tip,753.842,136.52800000000002,0.323707252173913,-0.6354377739130435,-0.109,0.962,True
272,right_shoulder,,,,,,0.2939,True
272,right_toe_tip,852.402,187.666,0.5642967047826087,-0.4578464813043478,-0.0851999999999998,0.9559,True
273,left_shoulder,861.7180000000001,126.55800000000002,0.4095999052173914,-0.4312587208695652,1.1514000000000002,0.6295,True
273,left_toe_tip,753.5840000000001,136.596,0.3220847165217393,-0.6334960382608695,-0.1018000000000001,0.9432,True
273,right_shoulder,,,,,,0.1461,False
273,right_toe_tip,852.174,186.708,0.5573718730434782,-0.4552305495652174,-0.0658000000000001,0.9237,True
274,left_shoulder,858.9100000000001,127.008,0.405221445652174,-0.4312884521739131,1.133,0.6651,True
274,left_toe_tip,753.342,136.63,0.3184417408695652,-0.6275725826086956,-0.0778000000000001,0.9197,True
274,right_shoulder,,,,,,0.0389,False
274,right_toe_tip,851.8700000000001,184.836,0.5459337195652177,-0.4513519330434783,-0.0285999999999999,0.9086,True
275,left_shoulder,856.406,127.414,0.4005863239130434,-0.4305369108695652,1.115,0.6629,True
275,left_toe_tip,753.142,136.784,0.3141904147826088,-0.6198611269565218,-0.0478000000000001,0.9062,True
275,right_shoulder,,,,,,0.0371,True
275,right_toe_tip,851.4459999999999,183.088,0.536429308695652,-0.4488180521739131,-0.006,0.8585,True
276,left_shoulder,854.57,127.48,0.3966746260869566,-0.4298587130434782,1.1112,0.6729,True
276,left_toe_tip,752.978,136.982,0.3111561482608694,-0.6142206613043478,-0.0268000000000001,0.8966,True
276,right_shoulder,,,,,,0.0269,False
276,right_toe_tip,851.374,181.452,0.5252184391304349,-0.4436529652173913,0.0195,0.9525,True
277,left_shoulder,853.0640000000001,127.356,0.3929641252173914,-0.4290764556521739,1.1062,0.7938,True
277,left_toe_tip,753.038,136.798,0.3121814678260871,-0.6164256973913045,-0.0338000000000001,0.935,True
277,right_shoulder,,,,,,0.0258,True
277,right_toe_tip,850.7140000000002,179.64600000000002,0.5141879673913048,-0.4401029673913043,0.035,0.9387,True
278,left_shoulder,851.876,126.83400000000002,0.3904966799999999,-0.4297350756521739,1.1014000000000002,0.7738,True
278,left_toe_tip,753.116,136.74,0.3122739313043478,-0.6163432043478261,-0.0328000000000001,0.9267,True
278,right_shoulder,,,,,,0.0364,True
278,right_toe_tip,850.266,177.53199999999998,0.5023986099999999,-0.4359795191304348,0.0408000000000001,0.9562,True
279,left_shoulder,850.762,126.476,0.3881686226086955,-0.4300902886956522,1.0996,0.8314,True
279,left_toe_tip,752.97,136.804,0.313197045652174,-0.6187866495652173,-0.0435999999999999,0.9235,True
279,right_shoulder,,,,,,0.0301,False
279,right_toe_tip,849.182,175.738,0.4938968917391304,-0.4350586047826086,0.0588000000000001,0.9018,True
280,left_shoulder,850.0859999999999,125.948,0.3859188478260867,-0.4299433478260869,1.095,0.8526,True
280,left_toe_tip,752.7919999999999,136.856,0.3136353199999998,-0.6204858486956522,-0.0511999999999998,0.919,True
280,right_shoulder,,,,,,0.0318,True
280,right_toe_tip,847.984,173.53199999999998,0.4817994573913044,-0.4319571756521739,0.0928000000000001,0.9456,True
281,left_shoulder,849.268,125.844,0.3845981895652174,-0.4303380052173913,1.0942,0.8041,True
281,left_toe_tip,752.612,136.91400000000002,0.3147015782608695,-0.6234283760869566,-0.064,0.9123,True
281,right_shoulder,,,,,,0.0234,True
281,right_toe_tip,845.4280000000001,171.192,0.4718591843478263,-0.4336837669565217,0.0883000000000001,0.8977,True
282,left_shoulder,848.184,126.2,0.3852309147826087,-0.4326316521739131,1.0736,0.766,True
282,left_toe_tip,752.432,137.09199999999998,0.3134653043478261,-0.621477195652174,-0.046,0.9264,True
282,right_shoulder,,,,,,0.0237,True
282,right_toe_tip,840.8031111111111,167.29577777777777,0.4565603103596349,-0.4381460975308642,0.0842222222222221,0.8094,True
283,left_shoulder,847.2040000000001,126.638,0.3835976660869566,-0.4320240852173913,1.0673,0.7029,True
283,left_toe_tip,752.244,137.252,0.3123311304347827,-0.6198205217391304,-0.019,0.9245,True
283,right_shoulder,,,,,,0.0256,True
283,right_toe_tip,833.5853333333332,162.16133333333337,0.4417813697584538,-0.4514879079227053,0.0244666666666666,0.5744,True
284,left_shoulder,846.43,127.014,0.3825237652173912,-0.4317331878260869,1.0657,0.7743,True
284,left_toe_tip,752.332,137.18200000000002,0.3117213,-0.61831995,-0.034,0.9115,True
284,right_shoulder,,,,,,0.0284,True
284,right_toe_tip,824.6146666666667,155.90266666666668,0.4250284474396136,-0.4698823461835748,-0.0010666666666666,0.1814,True
285,left_shoulder,845.582,127.608,0.3812205347826087,-0.4309356,1.053,0.7639,True
285,left_toe_tip,752.48,137.16,0.3118874782608696,-0.6178965652173914,-0.044,0.8959,True
285,right_shoulder,,,,,,0.0301,True
285,right_toe_tip,813.6111111111111,148.1677777777778,0.406057098765432,-0.4954520308641975,-0.0417777777777778,0.0256,True
286,left_shoulder,845.126,127.642,0.3798844334782608,-0.4303169134782609,1.0552,0.7723,True
286,left_toe_tip,752.384,137.152,0.310888347826087,-0.6164653913043477,-0.026,0.8946,True
286,right_shoulder,,,,,,0.0284,True
286,right_toe_tip,801.2466666666667,138.92666666666668,0.3825518743961352,-0.5244884734299516,-0.0741666666666665,0.0225,True
287,left_shoulder,844.924,127.362,0.3782184260869565,-0.4293688304347826,1.061,0.7898,True
287,left_toe_tip,752.4200000000001,137.16,0.3101325652173914,-0.6147477391304348,-0.019,0.9147,True
287,right_shoulder,,,,,,0.0215,True
287,right_toe_tip,795.0644444444445,134.30611111111114,0.3704879111647879,-0.5392393966049381,-0.0946111111111108,0.0137,True
288,left_shoulder,844.55,127.43200000000002,0.3774392173913042,-0.4291385182608695,1.0614,0.7495,True
288,left_toe_tip,752.3340000000001,137.236,0.3106279304347827,-0.6159908869565218,-0.025,0.9109,True
288,right_shoulder,,,,,,0.0223,True
288,right_toe_tip,788.8822222222221,129.68555555555557,0.3582163805689745,-0.5541454543746644,-0.1530555555555552,0.0214,True
289,left_shoulder,844.082,127.548,0.3779509908695652,-0.4304909973913043,1.0212,0.6963,True
289,left_toe_tip,752.392,137.32800000000003,0.3134026486956523,-0.6209160313043477,-0.0244,0.8974,True
289,right_shoulder,,,,,,0.0235,True
289,right_toe_tip,782.7,125.065,0.3457372826086957,-0.5692066467391304,-0.1809999999999995,0.035,True
290,left_shoulder,843.7540000000001,127.434,0.3786280852173915,-0.4321682973913043,1.0154,0.6705,True
290,left_toe_tip,752.5,137.45,0.3162961956521739,-0.6257041630434783,-0.0655999999999999,0.9346,True
290,right_shoulder,,,,,,0.0252,True
290,right_toe_tip,751.7888888888888,101.96222222222224,0.280228282340311,-0.6468396274825549,-0.1962222222222221,0.096,False
291,left_shoulder,843.35,127.514,0.377877347826087,-0.4320196365217391,1.0154,0.6502,True
291,left_toe_tip,752.664,137.578,0.3190105652173913,-0.6297927282608695,-0.084,0.9273,True
291,right_shoulder,,,,,,0.0229,True
291,right_toe_tip,720.315,81.64500000000001,0.2074658668478262,-0.7190333233695653,-0.1635,0.2168,True
292,left_shoulder,842.902,127.73,0.3774418291304349,-0.4320726934782609,0.9686,0.6636,True
292,left_toe_tip,752.7239999999999,137.644,0.3222926191304346,-0.6357448069565218,-0.1094000000000001,0.904,True
292,right_shoulder,,,,,,0.0306,True
292,right_toe_tip,713.7199999999999,79.34666666666668,0.1915918695652171,-0.7293936086956522,-0.148,0.8943,True
293,left_shoulder,842.472,127.838,0.3775222486956521,-0.43288119,0.9646,0.7396,True
293,left_toe_tip,752.852,137.61399999999998,0.3230265834782607,-0.6365557526086957,-0.1124000000000001,0.8882,True
293,right_shoulder,,,,,,0.0172,True
293,right_toe_tip,707.9875,76.3275,0.174310343070652,-0.7272962058423914,-0.07275,0.8512,True
294,left_shoulder,842.3040000000001,127.498,0.377340939130435,-0.4336667739130435,0.964,0.7284,True
294,left_toe_tip,752.6859999999999,137.70999999999998,0.3226739113043476,-0.6365225826086958,-0.1134,0.8856,True
294,right_shoulder,,,,,,0.0144,True
294,right_toe_tip,703.202,73.16,0.1586232804347826,-0.719906043478261,-0.016,0.9227,True
295,left_shoulder,842.354,126.78799999999998,0.37615849,-0.4335208286956521,0.9698,0.7394,True
295,left_toe_tip,752.418,137.74599999999998,0.3224197117391304,-0.6374341352173913,-0.0975999999999999,0.8913,True
295,right_shoulder,,,,,,0.0134,True
295,right_toe_tip,693.8100000000001,67.282,0.1309805586956523,-0.7125137926086957,0.0035999999999999,0.9517,True
296,left_shoulder,842.516,125.69,0.3772520878260869,-0.4364787804347826,0.9997,0.7556,True
296,left_toe_tip,752.382,137.82399999999998,0.3212903656521737,-0.6351818643478261,-0.0891999999999998,0.9016,True
296,right_shoulder,,,,,,0.0156,True
296,right_toe_tip,686.1519999999999,61.892,0.1085775965217389,-0.7013314730434783,-0.0374,0.8736,True
297,left_shoulder,842.528,124.278,0.3757334678260869,-0.4373155539130434,1.0237,0.7662,True
297,left_toe_tip,752.324,138.01,0.3212466399999998,-0.6348913999999999,-0.0901999999999998,0.9051,True
297,right_shoulder,,,,,,0.0283,True
297,right_toe_tip,680.3140000000001,57.35799999999999,0.0912235708695654,-0.6848262126086957,0.0146999999999998,0.8638,True
298,left_shoulder,842.232,122.598,0.3736456017391303,-0.4386259995652174,1.0307,0.8275,True
298,left_toe_tip,752.1659999999999,138.39,0.3216725808695651,-0.6355389391304349,-0.0974000000000001,0.9076,True
298,right_shoulder,,,,,,0.0311,True
298,right_toe_tip,675.244,54.70399999999999,0.0778969017391304,-0.6747705286956521,0.0350999999999999,0.8195,True
299,left_shoulder,841.466,120.71399999999998,0.3694273282608696,-0.4387776978260869,1.0155,0.8409,True
299,left_toe_tip,752.28,139.006,0.3216089739130434,-0.6330036834782607,-0.0641999999999998,0.9201,True
299,right_shoulder,,,,,,0.0306,True
299,right_toe_tip,671.2760000000001,53.614,0.0686168243478262,-0.6721842417391305,0.0585999999999999,0.5836,True
300,left_shoulder,840.244,118.478,0.3662723947826087,-0.4417752408695651,1.0167,0.7948,True
300,left_toe_tip,752.426,139.94,0.3208784682608697,-0.6280799434782609,-0.0548000000000001,0.9419,True
300,right_shoulder,,,,,,0.0346,True
300,right_toe_tip,667.338,54.33399999999999,0.0601257708695651,-0.6722658526086956,0.0535999999999999,0.741,True
301,left_shoulder,838.732,115.984,0.3611738086956521,-0.4434725565217391,1.011,0.883,True
301,left_toe_tip,752.518,141.04000000000002,0.3200403286956522,-0.6227984,-0.0408000000000001,0.9465,True
301,right_shoulder,,,,,,0.0187,True
301,right_toe_tip,664.4,55.536,0.0538126086956521,-0.6714754956521738,0.0495,0.7265,True
302,left_shoulder,836.936,113.21599999999998,0.3567110330434783,-0.4470009321739131,1.0035999999999998,0.7668,True
302,left_toe_tip,752.544,142.12,0.3193558330434782,-0.6182581826086956,-0.0145999999999999,0.8953,True
302,right_shoulder,,,,,,0.0164,True
302,right_toe_tip,661.99,57.104,0.0486170217391304,-0.669663547826087,0.0445,0.7868,True
303,left_shoulder,835.192,110.094,0.3518547965217391,-0.4504827286956522,1.0031,0.7297,True
303,left_toe_tip,752.62,143.0,0.3169763347826086,-0.6107606521739131,0.0065999999999999,0.8711,True
303,right_shoulder,,,,,,0.0258,True
303,right_toe_tip,660.838,58.61999999999999,0.0460700999999999,-0.6663118695652173,0.0445,0.8326,True
304,left_shoulder,833.3979999999999,106.034,0.3467289795652172,-0.45531687,1.0095999999999998,0.7385,True
304,left_toe_tip,752.672,143.588,0.3163633808695652,-0.6076472591304348,0.0363000000000001,0.8811,True
304,right_shoulder,,,,,,0.0194,True
304,right_toe_tip,659.784,59.838,0.0434903930434782,-0.6598343791304347,0.0445999999999999,0.8562,True
305,left_shoulder,830.884,102.082,0.3406034504347826,-0.4602154226086957,1.0174,0.6933,True
305,left_toe_tip,752.722,143.82799999999995,0.3170183726086956,-0.6079602530434783,0.0320999999999999,0.887,True
305,right_shoulder,,,,,,0.0341,True
305,right_toe_tip,659.288,60.964,0.0422029826086956,-0.6543037695652174,0.077,0.8987,True
306,left_shoulder,828.14,97.258,0.3328442,-0.4648248686956522,1.0314,0.6381,True
306,left_toe_tip,752.572,143.914,0.3182116773913043,-0.6108187517391305,0.0189,0.9136,True
306,right_shoulder,,,,,,0.0155,True
306,right_toe_tip,658.598,62.04,0.0404102195652173,-0.6474152608695651,0.065,0.8801,True
307,left_shoulder,825.1480000000001,91.552,0.3241297486956523,-0.4699590747826085,1.0484,0.7527,True
307,left_toe_tip,752.5060000000001,143.874,0.3176337873913046,-0.6101800786956522,0.0220999999999999,0.9138,True
307,right_shoulder,,,,,,0.0323,True
307,right_toe_tip,657.992,63.238,0.0390074382608694,-0.6433929186956522,0.0854,0.8605,True
308,left_shoulder,821.368,85.186,0.3145157686956523,-0.4765633213043478,1.0476,0.7994,True
308,left_toe_tip,752.28,144.07399999999998,0.319729504347826,-0.6148727552173914,0.0121999999999998,0.8806,True
308,right_shoulder,,,,,,0.0336,True
308,right_toe_tip,657.088,64.328,0.0369546573913042,-0.6394228382608695,0.0759,0.8632,True
309,left_shoulder,816.714,79.47999999999999,0.304524321304348,-0.4834091391304347,1.0516,0.7057,True
309,left_toe_tip,751.92,144.18800000000002,0.316538956521739,-0.6103726347826086,0.03,0.8803,True
309,right_shoulder,,,,,,0.0173,True
309,right_toe_tip,656.2180000000001,65.696,0.0352247908695653,-0.639215492173913,0.0917999999999999,0.8752,True
310,left_shoulder,811.958,73.48799999999999,0.2937491226086955,-0.4894372382608695,1.0579,0.7037,True
310,left_toe_tip,751.4680000000001,144.168,0.3045984260869567,-0.5897844,0.118,0.8734,True
310,right_shoulder,,,,,,0.025,True
310,right_toe_tip,655.632,66.776,0.0340777599999998,-0.6392283199999998,0.0599,0.8755,True
311,left_shoulder,806.62,66.862,0.2824933434782608,-0.4969963613043479,1.0597,0.8969,True
311,left_toe_tip,751.158,144.03199999999998,0.2914514430434783,-0.5662587060869565,0.2198000000000002,0.8629,True
311,right_shoulder,,,,,,0.0159,True
311,right_toe_tip,655.266,67.81,0.0334093091304347,-0.6394514630434783,0.0520999999999999,0.8711,True
312,left_shoulder,800.682,60.66,0.2709936860869565,-0.5048434173913042,1.0494,0.8307,True
312,left_toe_tip,751.0139999999999,144.028,0.2791760765217388,-0.5431226295652174,0.3184,0.8264,True
312,right_shoulder,,,,,,0.014,True
312,right_toe_tip,654.9159999999999,68.43599999999999,0.0327568330434781,-0.6402998973913044,0.0695999999999999,0.844,True
313,left_shoulder,794.414,54.664,0.2590462691304347,-0.5122343286956522,1.0126,0.9081,True
313,left_toe_tip,751.372,144.788,0.2675833356521738,-0.5170702226086956,0.4350999999999999,0.8183,True
313,right_shoulder,,,,,,0.0302,True
313,right_toe_tip,654.7239999999999,68.894,0.0326616730434781,-0.6457490486956521,0.0492,0.8409,True
314,left_shoulder,788.0899999999999,47.754,0.2465054630434781,-0.5197538308695653,1.0095999999999998,0.8469,True
314,left_toe_tip,751.862,145.704,0.2589848478260869,-0.4961418260869565,0.5155,0.6963,True
314,right_shoulder,,,,,,0.0116,True
314,right_toe_tip,654.5459999999999,69.244,0.0324565530434781,-0.6487651269565218,0.0371999999999998,0.8483,True
315,left_shoulder,781.742,41.218,0.2351684660869565,-0.5289009182608696,0.9971,0.7936,True
315,left_toe_tip,751.89,146.686,0.256130804347826,-0.4883035695652173,0.5445,0.8886,True
315,right_shoulder,,,,,,0.0253,True
315,right_toe_tip,653.882,69.424,0.0309840204347824,-0.6485529982608695,-0.0054,0.8519,True
316,left_shoulder,775.2879999999999,34.854,0.2236369460869563,-0.5374804747826087,0.9937,0.8874,True
316,left_toe_tip,751.374,147.122,0.2525284391304348,-0.4826777260869564,0.5645,0.804,True
316,right_shoulder,,,,,,0.0195,True
316,right_toe_tip,653.1960000000001,69.26599999999999,0.0295963330434785,-0.6520657995652175,-0.0154,0.841,True
317,left_shoulder,769.194,28.268,0.212496044347826,-0.5456270243478261,0.9988,0.8163,True
317,left_toe_tip,750.7760000000001,147.55,0.2488446376811595,-0.4772427536231884,0.589333333333333,0.8506,True
317,right_shoulder,,,,,,0.0138,True
317,right_toe_tip,652.382,70.002,0.0279537108695651,-0.654702006521739,-0.054,0.8138,True
318,left_shoulder,763.9119999999999,21.686,0.2025691826086955,-0.5530698434782609,1.0345,0.8498,True
318,left_toe_tip,749.9620000000001,147.112,0.2444503069565219,-0.47325928,0.6108,0.7522,True
318,right_shoulder,,,,,,0.0359,True
318,right_toe_tip,651.3720000000001,70.78200000000001,0.0257229695652175,-0.6541985413043477,-0.058,0.7651,True
319,left_shoulder,758.9459999999999,15.99,0.1941147004347825,-0.5614093630434783,1.0371,0.9108,True
319,left_toe_tip,749.1120000000001,146.66799999999998,0.2404970800000002,-0.4702115539130435,0.6312000000000001,0.3375,False
319,right_shoulder,,,,,,0.0127,True
319,right_toe_tip,650.266,71.576,0.0232212456521738,-0.6524025478260869,-0.063,0.6486,True
320,left_shoulder,753.8140000000001,10.514,0.186036405652174,-0.5712576595652173,1.0272,0.9495,True
320,left_toe_tip,748.62,145.744,0.2385861913043478,-0.4706179617391304,0.6322000000000001,0.4108,False
320,right_shoulder,,,,,,0.0255,True
320,right_toe_tip,649.586,72.26,0.0218394086956522,-0.6555467826086957,-0.098,0.7117,True
321,left_shoulder,749.254,6.69,0.1797940826086957,-0.5814253695652174,1.047,0.8011,True
321,left_toe_tip,748.4100000000001,145.198,0.2388790782608697,-0.4733115373913043,0.6257999999999999,0.8429,True
321,right_shoulder,,,,,,0.0327,True
321,right_toe_tip,649.172,73.15599999999999,0.0210218252173913,-0.6574339765217391,-0.0985999999999999,0.6587,True
322,left_shoulder,745.2216315789474,4.066368421052632,0.1745559449000361,-0.5904710889732627,1.044778947368421,0.6263,True
322,left_toe_tip,748.3219999999999,144.728,0.2474608240579708,-0.491787324057971,0.5462666666666665,0.8477,True
322,right_shoulder,,,,,,0.0271,True
322,right_toe_tip,648.7819999999999,73.244,0.020135598695652,-0.6574816373913043,-0.0994,0.6919,True
323,left_shoulder,741.3508947368421,2.569105263157895,0.1700341000499818,-0.5996537146952908,1.030036842105263,0.3925,True
323,left_toe_tip,747.732,143.61399999999998,0.2561211199999999,-0.5144341947826088,0.4658000000000001,0.6207,True
323,right_shoulder,,,,,,0.0351,True
323,right_toe_tip,648.726,73.338,0.0200394486956521,-0.6583255147826088,-0.1028000000000001,0.725,True
324,left_shoulder,738.0437894736842,1.9222105263157891,0.1659632320077081,-0.606134744181621,1.0161736842105262,0.2075,True
324,left_toe_tip,746.4259999999999,142.18400000000003,0.2643297934782607,-0.540988652173913,0.363,0.6892,True
324,right_shoulder,,,,,,0.0381,True
324,right_toe_tip,649.276,73.892,0.021383196521739,-0.6595411373913044,-0.1108000000000001,0.5425,True
325,left_shoulder,735.5363157894737,1.703684210526316,0.1623297548777551,-0.608796274328556,1.0427894736842105,0.0704,True
325,left_toe_tip,745.33,140.638,0.2731481673913045,-0.5688628908695652,0.2571999999999998,0.6739,True
325,right_shoulder,,,,,,0.0262,True
325,right_toe_tip,649.65,74.67999999999999,0.0222894021739129,-0.6590271739130434,-0.107,0.4751,True
326,left_shoulder,733.1944736842106,1.7255263157894736,0.1588677875767796,-0.6107472978742623,1.0536842105263158,0.0646,True
326,left_toe_tip,744.094,138.746,0.2815063826086958,-0.5983477739130435,0.144,0.5338,True
326,right_shoulder,,,,,,0.0131,True
326,right_toe_tip,651.116,75.54599999999999,0.0256997086956521,-0.6576452804347825,-0.079,0.4965,True
327,left_shoulder,732.023552631579,1.7364473684210524,0.1571270574152416,-0.6117227187424725,1.0611315789473683,0.0876,True
327,left_toe_tip,741.88,136.068,0.2798820782608696,-0.6151801486956521,0.1125999999999999,0.7236,True
327,right_shoulder,,,,,,0.0201,True
327,right_toe_tip,652.896,75.988,0.0298906852173912,-0.6582904226086956,-0.0054,0.4523,True
328,left_shoulder,730.8526315789474,1.7473684210526317,0.1553798295796699,-0.6126980790075877,1.069578947368421,0.0231,True
328,left_toe_tip,739.062,133.36,0.2751339373913044,-0.6294679652173912,0.0718000000000001,0.6789,True
328,right_shoulder,,,,,,0.0144,True
328,right_toe_tip,654.6271666666667,76.34433333333334,0.0339602002324878,-0.6585693221799516,0.0170166666666668,0.6029,True
329,left_shoulder,729.6817105263158,1.7582894736842103,0.153626104070065,-0.6136733786696074,1.0720263157894738,0.0779,True
329,left_toe_tip,734.47,131.462,0.2623801565217392,-0.6347394539130434,0.0928000000000001,0.586,True
329,right_shoulder,,,,,,0.0172,True
329,right_toe_tip,655.9735,76.167,0.0372243318749998,-0.661438869945652,0.0415500000000001,0.3502,True
330,left_shoulder,728.5107894736842,1.7692105263157891,0.1518658808864265,-0.6146486177285319,1.0694736842105264,0.0956,True
330,left_toe_tip,727.438,129.158,0.2396561530434782,-0.632707812173913,0.1484000000000001,0.6654,True
330,right_shoulder,,,,,,0.0145,True
330,right_toe_tip,657.5029999999999,75.906,0.0409170674999998,-0.6641314845652173,0.0583000000000001,0.2452,True
331,left_shoulder,,,,,,0.1019,True
331,left_toe_tip,716.9939999999999,126.73000000000002,0.205858523043478,-0.6236929847826086,0.2876999999999998,0.7695,True
331,right_shoulder,,,,,,0.016,True
331,right_toe_tip,657.6616666666666,75.57333333333334,0.0414633221618356,-0.6677328212560385,0.0291666666666669,0.0974,True
332,left_shoulder,,,,,,0.1133,True
332,left_toe_tip,706.7760000000001,124.882,0.174822471304348,-0.6155491465217391,0.4334000000000001,0.7968,True
332,right_shoulder,,,,,,0.0231,True
332,right_toe_tip,657.7975,75.675,0.041935359375,-0.6699407812499999,0.02125,0.044,True
333,left_shoulder,,,,,,0.0452,True
333,left_toe_tip,694.146,123.57,0.1393317830434781,-0.6083960673913044,0.6025999999999999,0.7733,True
333,right_shoulder,,,,,,0.0173,True
333,right_toe_tip,657.8654166666666,75.72583333333333,0.0421722546233393,-0.6710441051102055,0.0172916666666665,0.0381,True
334,left_shoulder,,,,,,0.0532,True
334,left_toe_tip,682.1200000000001,121.51,0.1082117739130437,-0.6127119173913044,0.6684000000000001,0.8399,True
334,right_shoulder,,,,,,0.0204,True
334,right_toe_tip,657.9333333333334,75.77666666666666,0.042409734299517,-0.6721469915458936,0.0333333333333334,0.0723,True
335,left_shoulder,,,,,,0.037,True
335,left_toe_tip,671.3979999999999,119.416,0.0826108682608693,-0.632997424347826,0.5564000000000001,0.8633,True
335,right_shoulder,,,,,,0.0169,True
335,right_toe_tip,658.00125,75.82749999999999,0.0426477984035326,-0.6732494405570653,0.029375,0.0616,True
336,left_shoulder,,,,,,0.0356,True
336,left_toe_tip,660.0600000000001,117.75,0.0527447173913045,-0.6369595108695653,0.435,0.8252,True
336,right_shoulder,,,,,,0.0168,True
336,right_toe_tip,658.0691666666667,75.87833333333333,0.0428864469353864,-0.6743514521437198,0.0254166666666665,0.3907,False
337,left_shoulder,,,,,,0.035,True
337,left_toe_tip,646.978,115.61,0.0183233178260868,-0.6417362630434784,0.1901999999999998,0.7547,True
337,right_shoulder,,,,,,0.0192,True
337,right_toe_tip,,,,,,0.14,False
338,left_shoulder,,,,,,0.0429,True
338,left_toe_tip,635.0,113.652,-0.0131021739130434,-0.645538867826087,-0.0788000000000001,0.8277,True
338,right_shoulder,,,,,,0.0214,True
338,right_toe_tip,,,,,,0.0575,True
339,left_shoulder,,,,,,0.0234,True
339,left_toe_tip,622.8039999999999,111.79066666666668,-0.0439818852173916,-0.634840335458937,-0.1140666666666666,0.9221,True
339,right_shoulder,,,,,,0.008,True
339,right_toe_tip,659.02,76.59,0.0462888913043477,-0.6897336847826085,-0.019,0.0514,True
340,left_shoulder,,,,,,0.0307,True
340,left_toe_tip,609.72,110.914,-0.0735014086956521,-0.6046291904347826,-0.1131999999999998,0.8742,True
340,right_shoulder,,,,,,0.0095,True
340,right_toe_tip,658.335,76.42500000000001,0.0456979945652174,-0.7067798641304348,-0.084,0.2164,True
341,left_shoulder,,,,,,0.0416,True
341,left_toe_tip,599.09,110.172,-0.0963163695652173,-0.5881820086956522,-0.151,0.8935,False
341,right_shoulder,,,,,,0.0111,True
341,right_toe_tip,658.0933333333334,76.24666666666667,0.0454496666666667,-0.7127760362318841,-0.102,0.8439,True
342,left_shoulder,,,,,,0.0281,True
342,left_toe_tip,589.204,109.474,-0.1152958773913044,-0.5686395578260868,-0.1631999999999998,0.972,False
342,right_shoulder,,,,,,0.0089,True
342,right_toe_tip,658.1475,75.575,0.0456005251358696,-0.714695101902174,-0.12275,0.9041,True
343,left_shoulder,,,,,,0.0165,True
343,left_toe_tip,580.2520000000001,108.702,-0.1310949052173911,-0.55138059,-0.1235999999999999,0.9476,True
343,right_shoulder,,,,,,0.0073,True
343,right_toe_tip,657.8199999999999,75.646,0.0449761304347824,-0.7176847695652174,-0.133,0.9609,True
344,left_shoulder,,,,,,0.0088,False
344,left_toe_tip,572.86,108.40733333333333,-0.1440396260869564,-0.539757426763285,-0.1107333333333331,0.83,True
344,right_shoulder,,,,,,0.0066,False
344,right_toe_tip,656.886,75.34,0.0430592999999999,-0.725883,-0.1825,0.9572,True
345,left_shoulder,,,,,,0.0409,True
345,left_toe_tip,566.4639999999999,108.846,-0.1562160417391305,-0.5335384539130436,-0.1274000000000001,0.7789,True
345,right_shoulder,,,,,,0.0109,True
345,right_toe_tip,655.9,74.708,0.0405449999999999,-0.7274946000000001,-0.1825,0.8999,True
346,left_shoulder,,,,,,0.0232,True
346,left_toe_tip,561.632,110.194,-0.1669068034782609,-0.5320324743478261,-0.1654000000000001,0.8392,True
346,right_shoulder,,,,,,0.0151,True
346,right_toe_tip,654.974,74.266,0.0381413821739131,-0.7278141908695651,-0.2099000000000001,0.9173,True
347,left_shoulder,,,,,,0.0233,True
347,left_toe_tip,558.158,112.378,-0.1745547526086956,-0.5281346613043478,-0.1547,0.8967,True
347,right_shoulder,,,,,,0.019,True
347,right_toe_tip,653.842,74.34200000000001,0.0352940908695651,-0.7283658004347827,-0.2323000000000001,0.9835,True
348,left_shoulder,,,,,,0.0466,True
348,left_toe_tip,556.046,115.102,-0.179168786521739,-0.5226442752173913,-0.1314000000000001,0.8328,True
348,right_shoulder,,,,,,0.0265,True
348,right_toe_tip,652.996,73.724,0.0329392095652173,-0.7255851921739133,-0.2288000000000001,0.9483,True
349,left_shoulder,,,,,,0.0664,True
349,left_toe_tip,554.4525,117.6325,-0.1834807902173913,-0.5198255989130435,-0.1402,0.8048,True
349,right_shoulder,,,,,,0.0178,True
349,right_toe_tip,652.462,72.97,0.0312389830434782,-0.7195093326086957,-0.2391999999999998,0.8888,True
350,left_shoulder,,,,,,0.1556,True
350,left_toe_tip,553.9415,119.7135,-0.1862231106521738,-0.519959091521739,-0.1452999999999999,0.893,True
350,right_shoulder,,,,,,0.017,True
350,right_toe_tip,652.2259999999999,72.594,0.030485265217391,-0.7166406130434784,-0.2475,0.9863,True
351,left_shoulder,,,,,,0.1272,True
351,left_toe_tip,553.9449999999999,121.169,-0.1887036489130436,-0.523714847173913,-0.1624000000000001,0.8922,False
351,right_shoulder,,,,,,0.0147,True
351,right_toe_tip,651.9939999999999,72.08399999999999,0.0297711939130432,-0.7146575843478261,-0.2370999999999999,0.9315,True
352,left_shoulder,,,,,,0.0898,True
352,left_toe_tip,554.1949999999999,122.475,-0.1907295923913044,-0.5279767663043479,-0.182,0.9264,False
352,right_shoulder,,,,,,0.0134,True
352,right_toe_tip,651.742,71.43,0.0291048443478259,-0.715277204347826,-0.2339,0.9095,True
353,left_shoulder,,,,,,0.1227,True
353,left_toe_tip,554.559,123.599,-0.1917778967391305,-0.5306174619565217,-0.202,0.9491,False
353,right_shoulder,,,,,,0.0206,True
353,right_toe_tip,651.452,70.888,0.0283586373913043,-0.7159293026086956,-0.2551999999999998,0.8418,True
354,left_shoulder,,,,,,0.086,True
354,left_toe_tip,554.8885,124.7025,-0.1921669649999999,-0.5312608336956521,-0.1861999999999998,0.939,True
354,right_shoulder,,,,,,0.0261,True
354,right_toe_tip,651.214,70.638,0.027930173478261,-0.7207000943478259,-0.2874000000000001,0.9508,True
355,left_shoulder,,,,,,0.0625,True
355,left_toe_tip,555.0835,125.8435,-0.1929819763043479,-0.5321460980434783,-0.1828000000000001,0.9422,True
355,right_shoulder,,,,,,0.021,True
355,right_toe_tip,650.5540000000001,70.236,0.026302403478261,-0.7221422817391305,-0.2888000000000001,0.9466,True
356,left_shoulder,,,,,,0.0557,True
356,left_toe_tip,555.1220000000001,126.876,-0.1925992530434781,-0.5289887634782608,-0.1225999999999999,0.9301,True
356,right_shoulder,,,,,,0.0142,True
356,right_toe_tip,650.144,69.9,0.0253688208695652,-0.7255022608695654,-0.2968000000000002,0.9342,True
357,left_shoulder,,,,,,0.0621,True
357,left_toe_tip,555.012,127.788,-0.1937726400000001,-0.5294433599999999,-0.1325999999999999,0.9253,True
357,right_shoulder,,,,,,0.0127,True
357,right_toe_tip,649.858,69.80799999999999,0.0247328647826085,-0.7280664939130433,-0.3041999999999998,0.8916,True
358,left_shoulder,,,,,,0.1272,True
358,left_toe_tip,554.741,128.365,-0.1943071144565217,-0.5279012005434782,-0.1151999999999998,0.9363,True
358,right_shoulder,,,,,,0.0219,True
358,right_toe_tip,649.8340000000001,70.054,0.0248201608695653,-0.7317984913043479,-0.318,0.9169,True
359,left_shoulder,651.23,2.49,0.0213247934782609,-0.6788804021739131,1.114,0.2654,True
359,left_toe_tip,554.365,128.829,-0.1951640266304347,-0.5268437344565217,-0.1261999999999998,0.9539,True
359,right_shoulder,,,,,,0.0348,True
359,right_toe_tip,650.012,70.426,0.0254239504347824,-0.7353291073913043,-0.3321999999999998,0.8625,True
360,left_shoulder,650.02,2.89,0.0190652282608695,-0.6794794076086956,1.1105,0.2098,True
360,left_toe_tip,554.081,129.13899999999998,-0.1960167272826086,-0.5266892966304348,-0.1284000000000001,0.963,False
360,right_shoulder,,,,,,0.0281,True
360,right_toe_tip,650.56,70.878,0.0269876869565216,-0.738895267826087,-0.3471999999999998,0.9236,True
361,left_shoulder,648.6033333333334,3.4,0.0164086763285024,-0.6801240579710146,1.1123333333333332,0.3606,True
361,left_toe_tip,553.817,129.393,-0.1980241779347825,-0.5298697144565218,-0.1434,0.957,True
361,right_shoulder,,,,,,0.0234,True
361,right_toe_tip,650.5719999999999,71.35,0.0271033904347823,-0.74001075,-0.3405999999999999,0.9157,True
362,left_shoulder,647.3625,3.625,0.0140587737771738,-0.6805019361413043,1.11625,0.36,True
362,left_toe_tip,553.5989999999999,129.527,-0.1987880398913045,-0.5302632598913043,-0.1461999999999998,0.9574,True
362,right_shoulder,,,,,,0.0193,True
362,right_toe_tip,650.52,71.66799999999999,0.0270066695652173,-0.7401983886956522,-0.3438000000000001,0.931,True
363,left_shoulder,646.088,3.712,0.0117273408695651,-0.6863191234782609,1.1068,0.3891,True
363,left_toe_tip,553.4599999999999,129.61,-0.1996440173913045,-0.5314997130434783,-0.1519000000000001,0.946,True
363,right_shoulder,,,,,,0.0174,True
363,right_toe_tip,650.5000000000001,71.792,0.0269827173913046,-0.7406319060869564,-0.3461999999999998,0.9289,True
364,left_shoulder,643.6859999999999,3.91,0.0070979539130433,-0.6857054826086956,1.1074000000000002,0.3656,True
364,left_toe_tip,553.5319999999999,129.794,-0.1999854460869567,-0.5324264421739131,-0.1048000000000001,0.9361,True
364,right_shoulder,,,,,,0.0244,True
364,right_toe_tip,650.278,71.848,0.0263742417391304,-0.7394230886956522,-0.3428000000000001,0.9229,True
365,left_shoulder,641.652,4.294,0.0031639391304348,-0.6812543173913045,1.117,0.3779,True
365,left_toe_tip,553.524,129.93200000000002,-0.199928752173913,-0.5319072130434782,-0.104,0.9489,True
365,right_shoulder,,,,,,0.0259,False
365,right_toe_tip,650.436,72.074,0.02676834,-0.7385301900000001,-0.3418000000000001,0.927,True
366,left_shoulder,639.828,4.4,-0.0003281086956522,-0.678345652173913,1.137,0.3588,True
366,left_toe_tip,553.596,130.04066666666668,-0.1996182846376811,-0.531272714879227,-0.1024666666666666,0.9678,True
366,right_shoulder,,,,,,0.029,True
366,right_toe_tip,650.8860000000001,72.262,0.0279131239130436,-0.7377977630434783,-0.341,0.9157,True
367,left_shoulder,638.058,4.616,-0.0037024652173913,-0.6775473217391305,1.138,0.4186,True
367,left_toe_tip,553.7139999999999,130.196,-0.1986641360869566,-0.5290987313043478,-0.0951999999999998,0.9747,True
367,right_shoulder,,,,,,0.0274,True
367,right_toe_tip,651.512,72.512,0.029498248695652,-0.7366567513043478,-0.3109,0.9534,True
368,left_shoulder,636.634,5.436,-0.0063507639130434,-0.6689697730434783,0.6622,0.4404,True
368,left_toe_tip,553.836,130.342,-0.197633992173913,-0.5267655560869564,-0.0871999999999998,0.9749,False
368,right_shoulder,,,,,,0.023,True
368,right_toe_tip,652.01,72.90599999999999,0.0307873739130434,-0.735959227826087,-0.2914000000000001,0.9584,True
369,left_shoulder,635.38,6.928,-0.0087006652173913,-0.6649266817391304,0.3374000000000001,0.3189,True
369,left_toe_tip,553.824,130.32800000000003,-0.1975303791304349,-0.5264481669565217,-0.0858000000000001,0.9713,False
369,right_shoulder,,,,,,0.0202,True
369,right_toe_tip,653.13,73.50999999999999,0.0337069934782608,-0.7354696543478262,-0.2588000000000002,0.9349,True
370,left_shoulder,633.932,8.184000000000001,-0.0114962217391304,-0.6665383565217391,0.6005,0.5811,False
370,left_toe_tip,553.668,130.156,-0.1978879582608695,-0.5268424208695652,-0.0858000000000001,0.9568,True
370,right_shoulder,,,,,,0.0168,False
370,right_toe_tip,654.034,74.197,0.0360689054347825,-0.7345447755434782,-0.2615,0.7848,True
371,left_shoulder,632.642,9.398,-0.0140265873913042,-0.6683541169565217,0.2537,0.7366,True
371,left_toe_tip,553.608,130.08533333333332,-0.1975497066666667,-0.5257382044444444,-0.0807333333333331,0.9614,True
371,right_shoulder,,,,,,0.0164,True
371,right_toe_tip,654.96,75.021,0.0385463913043479,-0.7342855646739129,-0.237,0.613,True
372,left_shoulder,631.34,10.528,-0.0163579869565216,-0.6601222191304347,0.2757,0.6979,True
372,left_toe_tip,553.594,130.11,-0.1968741926086955,-0.5237993673913043,-0.0731999999999998,0.9434,True
372,right_shoulder,,,,,,0.0142,True
372,right_toe_tip,655.816,75.703,0.0408826408695652,-0.7348768431521739,-0.2445999999999999,0.2677,True
373,left_shoulder,629.54,11.047999999999998,-0.0196443347826087,-0.655347027826087,0.2982,0.6803,True
373,left_toe_tip,553.5899999999999,130.076,-0.1973153565217393,-0.5250264556521739,-0.0778000000000001,0.9609,True
373,right_shoulder,,,,,,0.0117,True
373,right_toe_tip,656.26675,75.99575,0.04206148359375,-0.734359358933424,-0.193375,0.3204,True
374,left_shoulder,627.13,11.214,-0.0240529108695652,-0.6518507047826088,0.4005999999999999,0.7264,True
374,left_toe_tip,553.606,130.08200000000002,-0.1971473517391304,-0.5246628795652174,-0.0764,0.9706,True
374,right_shoulder,,,,,,0.0133,True
374,right_toe_tip,655.81225,75.82924999999999,0.0408269716915759,-0.7337242432812501,-0.2224250000000001,0.3455,True
375,left_shoulder,624.4359999999999,11.53,-0.0286885121739131,-0.6423211152173913,0.4172,0.6313,True
375,left_toe_tip,553.826,130.272,-0.1962706517391304,-0.5232304904347826,-0.0724,0.9727,True
375,right_shoulder,,,,,,0.016,True
375,right_toe_tip,654.9224999999999,75.2865,0.0383775881793475,-0.7322243224728261,-0.2325500000000001,0.2856,True
376,left_shoulder,621.36,12.18,-0.0340787826086956,-0.6359056956521739,0.452,0.7082,True
376,left_toe_tip,553.952,130.35,-0.1966757982608696,-0.5249000217391305,-0.0798000000000001,0.969,True
376,right_shoulder,,,,,,0.0179,True
376,right_toe_tip,653.5975,74.36749999999999,0.0347438294836955,-0.7298376080163044,-0.23725,0.1654,True
377,left_shoulder,618.14,13.512,-0.0397186695652174,-0.6295536313043478,0.4794000000000001,0.8316,True
377,left_toe_tip,553.942,130.232,-0.1977650256521738,-0.5280168539130434,-0.0911999999999998,0.9698,True
377,right_shoulder,,,,,,0.0161,True
377,right_toe_tip,651.84125,73.32124999999999,0.0299844261209237,-0.725928242357337,-0.262625,0.0227,True
378,left_shoulder,614.546,14.876,-0.0460108717391303,-0.6238491434782609,0.954,0.7314,True
378,left_toe_tip,554.018,130.252,-0.1976651413043477,-0.5281706739130435,-0.092,0.9514,True
378,right_shoulder,,,,,,0.01,True
378,right_toe_tip,650.963125,72.798125,0.0276349696416439,-0.723955541567595,-0.2840625,0.0218,True
379,left_shoulder,610.702,16.184,-0.0527300308695652,-0.6187940573913043,0.9837,0.6801,True
379,left_toe_tip,554.096,130.248,-0.1979340208695652,-0.5293785756521739,-0.0968000000000001,0.947,True
379,right_shoulder,,,,,,0.0166,True
379,right_toe_tip,650.085,72.27499999999999,0.0253056766304348,-0.7219708288043479,-0.2905,0.0216,True
380,left_shoulder,606.92,17.724,-0.0599610956521739,-0.6204124539130434,1.3714000000000002,0.7081,True
380,left_toe_tip,554.1600000000001,130.158,-0.1979171826086954,-0.5299357069565217,-0.0981999999999998,0.95,True
380,right_shoulder,,,,,,0.0155,True
380,right_toe_tip,647.1579166666667,70.53125,0.0176869916402475,-0.7152683664515398,-0.3252916666666665,0.0221,True
381,left_shoulder,603.4599999999999,19.274,-0.0661930043478262,-0.6172325560869565,1.3794000000000002,0.812,True
381,left_toe_tip,554.1859999999999,130.14,-0.197857235652174,-0.5299772086956521,-0.0981999999999998,0.9306,True
381,right_shoulder,,,,,,0.0133,True
381,right_toe_tip,644.9195833333333,68.05291666666666,0.0117969736752717,-0.7000779991508154,-0.303125,0.0516,True
382,left_shoulder,600.104,20.072,-0.0728535652173912,-0.6207380869565217,1.3695,0.7766,True
382,left_toe_tip,554.1200000000001,130.21800000000002,-0.1981214260869563,-0.5300970834782609,-0.0994,0.9323,True
382,right_shoulder,,,,,,0.0194,True
382,right_toe_tip,639.190909090909,67.68545454545455,-0.0018763660318602,-0.677907856270212,-0.2895757575757575,0.4138,True
383,left_shoulder,597.642,21.064,-0.0775243482608694,-0.6203265617391304,1.3692,0.8617,True
383,left_toe_tip,553.902,130.19,-0.1986243426086955,-0.5301616782608696,-0.0994,0.9389,True
383,right_shoulder,,,,,,0.0167,True
383,right_toe_tip,634.1220454545454,69.61727272727273,-0.0134700704893551,-0.6654484608560906,-0.2712954545454545,0.4493,True
384,left_shoulder,596.356,22.13,-0.0801436669565217,-0.6204321500000001,1.3636,0.8751,True
384,left_toe_tip,553.66,130.244,-0.1993140130434783,-0.5303867313043479,-0.1008000000000001,0.9547,True
384,right_shoulder,,,,,,0.0134,True
384,right_toe_tip,628.6352727272726,71.83363636363637,-0.0257642410061086,-0.6532833973409988,-0.2466727272727271,0.0184,True
385,left_shoulder,595.5440000000001,22.854,-0.0813254869565215,-0.6167573021739131,1.37,0.8553,True
385,left_toe_tip,553.4159999999999,130.35933333333335,-0.2005172504347827,-0.5318178308695651,-0.1075999999999999,0.9371,True
385,right_shoulder,,,,,,0.024,True
385,right_toe_tip,618.9154545454546,75.41272727272727,-0.0465797611390584,-0.6287072782968021,-0.1749545454545455,0.1386,True
386,left_shoulder,595.054,23.39,-0.0821339295652174,-0.6151181869565218,1.3718,0.8499,True
386,left_toe_tip,553.1859999999999,130.446,-0.2015028430434784,-0.5328147952173914,-0.1254000000000001,0.9398,True
386,right_shoulder,,,,,,0.0142,True
386,right_toe_tip,606.6881818181819,80.69909090909091,-0.0722425369205891,-0.6057131474128638,-0.157181818181818,0.2877,True
387,left_shoulder,594.904,24.036,-0.0824962695652174,-0.6145950130434783,1.37,0.8491,True
387,left_toe_tip,553.116,130.57,-0.2021375147826087,-0.5337738826086956,-0.1304000000000001,0.9425,False
387,right_shoulder,,,,,,0.0139,True
387,right_toe_tip,600.5745454545455,83.34227272727273,-0.0847023945382679,-0.5943767101149838,-0.1475454545454545,0.0297,True
388,left_shoulder,594.918,24.586,-0.0830782856521739,-0.6181096691304347,1.3576,0.8478,True
388,left_toe_tip,553.182,130.828,-0.2021726991304347,-0.5336718400000001,-0.1324000000000001,0.9436,False
388,right_shoulder,,,,,,0.013,True
388,right_toe_tip,594.4609090909092,85.98545454545454,-0.0969145653072221,-0.5831473582464965,-0.1429090909090907,0.0181,True
389,left_shoulder,594.796,24.918,-0.0834112069565216,-0.6182991339130435,1.3554000000000002,0.8507,True
389,left_toe_tip,553.072,130.97,-0.2020320104347826,-0.5322955934782608,-0.1281999999999998,0.941,True
389,right_shoulder,,,,,,0.0124,True
389,right_toe_tip,588.3472727272729,88.62863636363636,-0.108879049227452,-0.572025091807402,-0.121772727272727,0.0189,True
390,left_shoulder,594.648,25.076,-0.0839997913043477,-0.6203374956521738,1.349,0.8514,True
390,left_toe_tip,553.134,131.19666666666666,-0.2020767534782608,-0.5322661891304347,-0.1301999999999998,0.9625,True
390,right_shoulder,,,,,,0.0129,True
390,right_toe_tip,582.2336363636364,91.27181818181818,-0.1205958462989579,-0.5610099107977004,-0.1056363636363635,0.0239,True
391,left_shoulder,594.5,25.218,-0.0841057608695652,-0.6188372491304348,1.3524,0.8368,True
391,left_toe_tip,553.39,131.504,-0.2011423108695652,-0.5306571234782609,-0.0760999999999999,0.9364,True
391,right_shoulder,,,,,,0.0126,True
391,right_toe_tip,,,,,,0.0255,True
392,left_shoulder,594.414,25.258000000000003,-0.0844332,-0.6200004000000001,1.349,0.8182,True
392,left_toe_tip,553.528,131.868,-0.2014985582608695,-0.5315971539130435,-0.0833000000000001,0.9041,True
392,right_shoulder,,,,,,0.0129,True
392,right_toe_tip,508.87,122.99,-0.2418778369565217,-0.437180402173913,0.011,0.0204,True
393,left_shoulder,594.2900000000001,25.272,-0.0842455173913042,-0.6169182573913045,1.3574000000000002,0.8096,True
393,left_toe_tip,553.652,132.052,-0.2022044904347825,-0.5337947513043478,-0.0939000000000001,0.9166,True
393,right_shoulder,,,,,,0.0132,True
393,right_toe_tip,502.415,127.52,-0.2539340543478261,-0.4290772173913043,0.001,0.0458,True
394,left_shoulder,593.912,25.188,-0.0850223408695651,-0.6176553547826087,1.3558,0.7986,True
394,left_toe_tip,554.146,132.472,-0.2026341039130436,-0.5370155426086957,-0.1109000000000001,0.8659,True
394,right_shoulder,,,,,,0.0129,True
394,right_toe_tip,497.7133333333333,131.33666666666667,-0.2638489710144928,-0.4240213550724638,-0.009,0.5057,True
395,left_shoulder,593.356,25.026,-0.08602776,-0.617808568695652,1.3562,0.7812,True
395,left_toe_tip,554.546,132.8,-0.202228748695652,-0.5376737391304347,-0.0971999999999998,0.8679,True
395,right_shoulder,,,,,,0.0135,True
395,right_toe_tip,493.2425,135.6425,-0.272777527173913,-0.4170123097826086,-0.011,0.8899,True
396,left_shoulder,592.7280000000001,25.04,-0.0874326469565216,-0.6195303652173914,1.3514000000000002,0.7635,True
396,left_toe_tip,554.862,133.124,-0.2025358986956522,-0.539718275652174,-0.1000999999999999,0.8294,True
396,right_shoulder,,,,,,0.0134,True
396,right_toe_tip,488.50200000000007,139.522,-0.2821814921739129,-0.41066424,-0.0145999999999999,0.8566,True
397,left_shoulder,591.938,25.208,-0.0884654247826087,-0.6162356226086958,1.3561,0.7255,True
397,left_toe_tip,555.418,133.38,-0.2013419347826087,-0.5394541304347826,-0.1015,0.826,True
397,right_shoulder,,,,,,0.0152,True
397,right_toe_tip,480.00200000000007,146.74,-0.2988832204347825,-0.398378952173913,-0.0195999999999999,0.8467,True
398,left_shoulder,590.844,25.432,-0.0901157713043477,-0.6133504226086955,1.3629,0.7579,True
398,left_toe_tip,555.924,133.68,-0.2000094930434783,-0.5383956,-0.1000999999999999,0.7278,True
398,right_shoulder,,,,,,0.0135,True
398,right_toe_tip,472.864,153.01000000000002,-0.3133799999999999,-0.38810625,-0.006,0.857,True
399,left_shoulder,589.676,25.952,-0.0914365199999999,-0.606950692173913,1.3779,0.704,True
399,left_toe_tip,556.524,133.848,-0.1987091739130434,-0.5383400869565217,-0.093,0.4918,True
399,right_shoulder,,,,,,0.0168,True
399,right_toe_tip,466.858,158.086,-0.3258457160869565,-0.3799933691304347,-0.0124,0.8767,True
400,left_shoulder,588.1859999999999,26.676,-0.093850923478261,-0.6037512104347827,1.3796,0.724,True
400,left_toe_tip,556.9399999999999,133.808,-0.1980439304347827,-0.5393204034782609,-0.0965999999999999,0.5756,True
400,right_shoulder,,,,,,0.0226,True
400,right_toe_tip,461.796,161.548,-0.33622446,-0.3744271539130435,-0.0207999999999999,0.8603,True
401,left_shoulder,586.418,27.696000000000005,-0.0964592482608695,-0.5982194399999999,1.3898,0.8106,True
401,left_toe_tip,557.196,133.71200000000002,-0.1972355278260869,-0.5390081773913044,-0.0944000000000001,0.511,True
401,right_shoulder,,,,,,0.0258,True
401,right_toe_tip,458.768,163.916,-0.3411495408695651,-0.3691068165217391,-0.0157999999999999,0.9072,True
402,left_shoulder,584.246,28.508,-0.1003935613043478,-0.5969017904347826,1.3859,0.7639,True
402,left_toe_tip,557.308,133.66,-0.1970945843478261,-0.5394764695652174,-0.0958000000000001,0.4218,True
402,right_shoulder,,,,,,0.0163,True
402,right_toe_tip,456.138,165.834,-0.3464599599999999,-0.3658762799999999,-0.0145999999999999,0.8873,True
403,left_shoulder,581.434,29.414,-0.1055079221739131,-0.5955578656521738,1.3781,0.809,True
403,left_toe_tip,557.6,133.728,-0.1967926956521738,-0.5403965634782607,-0.1001999999999998,0.3058,True
403,right_shoulder,,,,,,0.01,True
403,right_toe_tip,454.116,167.164,-0.3505125686956521,-0.3636216226086956,-0.0127999999999999,0.8723,True
404,left_shoulder,578.448,30.54,-0.1116365947826087,-0.5975401695652174,1.3634000000000002,0.6481,True
404,left_toe_tip,557.4399999999999,133.64600000000002,-0.1969235478260871,-0.5399034973913043,-0.0974000000000001,0.4648,True
404,right_shoulder,,,,,,0.0108,True
404,right_toe_tip,452.41399999999993,168.398,-0.3532325939130437,-0.3607948965217391,-0.0064,0.8992,True
405,left_shoulder,575.316,32.184000000000005,-0.1176264478260869,-0.5961262695652173,1.359,0.6035,True
405,left_toe_tip,557.3860000000001,133.686,-0.1966033604347824,-0.5385781213043478,-0.0924000000000001,0.6173,True
405,right_shoulder,,,,,,0.0185,True
405,right_toe_tip,451.52199999999993,169.432,-0.3547483747826088,-0.3586821182608695,0.0054,0.8981,True
406,left_shoulder,571.7479999999999,33.612,-0.1245747373913044,-0.5957290539130434,1.3458,0.6133,True
406,left_toe_tip,557.134,133.612,-0.1975993813043478,-0.5398369504347826,-0.0968000000000001,0.5847,True
406,right_shoulder,,,,,,0.0144,True
406,right_toe_tip,450.61800000000005,170.392,-0.3569027299999999,-0.3573286417391305,0.0072,0.8959,True
407,left_shoulder,568.12,35.762,-0.1308059739130435,-0.5900426734782609,1.3368,0.7624,True
407,left_toe_tip,556.938,133.546,-0.197615332173913,-0.5387636034782609,-0.0918000000000001,0.6407,True
407,right_shoulder,,,,,,0.0129,True
407,right_toe_tip,449.958,171.11,-0.3590967530434783,-0.3569199739130435,0.0025999999999999,0.9144,True
408,left_shoulder,564.0120000000001,37.64,-0.1385955043478259,-0.5879566086956521,1.326,0.7878,True
408,left_toe_tip,556.458,133.28199999999998,-0.1982306369565218,-0.5379623847826087,-0.086,0.6563,True
408,right_shoulder,,,,,,0.0228,True
408,right_toe_tip,449.928,171.72200000000004,-0.3592774,-0.3558863499999999,0.002,0.9098,True
409,left_shoulder,559.3700000000001,39.85,-0.1471322217391302,-0.584204152173913,1.2982,0.8061,True
409,left_toe_tip,556.042,133.032,-0.1983051456521738,-0.536088547826087,-0.0845,0.6585,True
409,right_shoulder,,,,,,0.0255,True
409,right_toe_tip,449.99799999999993,172.672,-0.359805961304348,-0.3547422191304348,0.0067999999999999,0.9184,True
410,left_shoulder,554.34,41.56,-0.1557149826086956,-0.5788685391304348,1.2775999999999998,0.8171,True
410,left_toe_tip,555.274,132.49200000000002,-0.199216612173913,-0.5349405495652173,-0.0881999999999998,0.8415,True
410,right_shoulder,,,,,,0.0229,True
410,right_toe_tip,449.91,173.79000000000002,-0.3655926586956521,-0.3581304065217391,-0.0134,0.9179,True
411,left_shoulder,548.646,43.26199999999999,-0.1652713017391305,-0.5730203556521739,1.2631,0.7954,True
411,left_toe_tip,555.004,132.21,-0.1987982530434782,-0.532781002173913,-0.0768000000000001,0.7785,True
411,right_shoulder,,,,,,0.0173,True
411,right_toe_tip,449.878,174.96999999999997,-0.3669767908695652,-0.3571481239130435,-0.0027999999999999,0.9067,True
412,left_shoulder,542.42,45.108,-0.1759621956521739,-0.5678324217391305,1.2655,0.6684,True
412,left_toe_tip,554.7180000000001,132.05,-0.1985402039130433,-0.5306775108695653,-0.0668000000000001,0.4585,True
412,right_shoulder,,,,,,0.0169,True
412,right_toe_tip,449.97800000000007,176.21300000000002,-0.3699645721739129,-0.3578252982608695,-0.0182,0.9256,True
413,left_shoulder,536.114,47.544,-0.1862043630434782,-0.5600434173913044,1.269,0.8414,True
413,left_toe_tip,554.74,132.164,-0.1985445913043478,-0.5305607026086958,-0.0674,0.8277,True
413,right_shoulder,,,,,,0.0138,True
413,right_toe_tip,450.2,177.465,-0.3765879565217391,-0.3621732489130435,-0.0194,0.9411,True
414,left_shoulder,529.764,49.982000000000006,-0.1959085434782608,-0.550955902173913,1.263,0.8523,True
414,left_toe_tip,554.644,132.35,-0.1993619269565217,-0.5317112173913043,-0.0883000000000001,0.9957,True
414,right_shoulder,,,,,,0.0119,True
414,right_toe_tip,450.476,178.453,-0.3825912747826087,-0.3664881395652173,-0.0332,0.9706,False
415,left_shoulder,522.6899999999999,52.63,-0.2058790500000001,-0.53943435,1.2394,0.9001,True
415,left_toe_tip,555.062,132.978,-0.1988841734782608,-0.5315769482608695,-0.0656999999999998,1.0,True
415,right_shoulder,,,,,,0.0133,True
415,right_toe_tip,450.962,179.243,-0.3836238543478261,-0.366818825,-0.0415,0.936,True
416,left_shoulder,515.438,55.444,-0.2169003521739131,-0.5303246869565217,1.219,0.8627,True
416,left_toe_tip,555.112,133.53,-0.1994868,-0.5322045,-0.0735,1.0,True
416,right_shoulder,,,,,,0.017,True
416,right_toe_tip,451.602,179.96099999999998,-0.386461636521739,-0.3693147834782609,-0.0552,0.9551,True
417,left_shoulder,507.62,57.848,-0.2284706130434782,-0.5214749408695651,1.1427,0.9809,True
417,left_toe_tip,555.266,133.904,-0.1999169786956522,-0.5334391060869565,-0.0820999999999999,1.0,True
417,right_shoulder,,,,,,0.0193,True
417,right_toe_tip,452.08,180.538,-0.3907101913043477,-0.3731249060869566,-0.0807999999999999,0.9591,True
418,left_shoulder,500.006,60.676,-0.2384767356521739,-0.5098919269565219,1.1158,0.9327,True
418,left_toe_tip,555.0,134.196,-0.2003413043478261,-0.5322102104347827,-0.0799000000000001,0.9944,True
418,right_shoulder,,,,,,0.0132,True
418,right_toe_tip,452.38200000000006,180.914,-0.3866562260869564,-0.3690728869565217,-0.057,0.9634,True
419,left_shoulder,491.73,63.13799999999999,-0.2493192282608695,-0.4991799065217391,1.112,0.9879,True
419,left_toe_tip,555.11,134.53,-0.199934404347826,-0.5310308652173914,-0.0683000000000001,0.9794,True
419,right_shoulder,,,,,,0.0318,False
419,right_toe_tip,452.69000000000005,181.124,-0.3853292456521738,-0.3679790408695652,-0.0535999999999999,0.9601,True
420,left_shoulder,484.14400000000006,65.93599999999999,-0.2601439930434781,-0.490831172173913,1.0964,0.9496,True
420,left_toe_tip,555.082,134.752,-0.2000003504347826,-0.5305080069565218,-0.0683000000000001,0.9681,True
420,right_shoulder,,,,,,0.0205,False
420,right_toe_tip,452.78,181.276,-0.3848184999999999,-0.3673555260869565,-0.052,0.9625,True
421,left_shoulder,476.812,68.878,-0.2695794808695652,-0.4809208865217392,1.0562,0.9076,True
421,left_toe_tip,555.28,135.04000000000002,-0.1999392,-0.5309055999999999,-0.0726999999999998,0.9665,True
421,right_shoulder,,,,,,0.0153,False
421,right_toe_tip,452.758,181.362,-0.3858406343478261,-0.3681107830434781,-0.0567999999999999,0.9606,True
422,left_shoulder,469.552,71.52399999999999,-0.279608827826087,-0.4732260643478261,1.0268,0.8712,True
422,left_toe_tip,555.4399999999999,135.342,-0.1995616000000001,-0.53019288,-0.0726999999999998,0.9831,True
422,right_shoulder,,,,,,0.0129,True
422,right_toe_tip,452.658,181.46,-0.3840918265217391,-0.3660458130434783,-0.0472,0.9578,True
423,left_shoulder,462.382,73.484,-0.2899420786956522,-0.4677062269565217,1.0217,0.8948,True
423,left_toe_tip,555.918,135.566,-0.1988356513043477,-0.5307376199999999,-0.0770999999999999,0.9879,True
423,right_shoulder,,,,,,0.0154,True
423,right_toe_tip,452.662,181.524,-0.3870565982608696,-0.3687469356521739,-0.0617999999999999,0.9503,True
424,left_shoulder,455.334,74.934,-0.3008048560869565,-0.4643477256521739,1.0184000000000002,0.8848,True
424,left_toe_tip,556.278,135.692,-0.1984575408695651,-0.5317074852173913,-0.0758000000000001,0.9862,True
424,right_shoulder,,,,,,0.0124,True
424,right_toe_tip,452.622,181.636,-0.3863652891304347,-0.3677788130434782,-0.058,0.9476,True
425,left_shoulder,448.596,76.176,-0.3108650617391304,-0.4609671965217391,1.0128,0.8754,True
425,left_toe_tip,556.716,135.904,-0.1976727634782608,-0.5318869843478261,-0.0750999999999999,0.9783,True
425,right_shoulder,,,,,,0.0163,True
425,right_toe_tip,452.756,181.808,-0.385193472173913,-0.3665719339130434,-0.0535999999999999,0.951,True
426,left_shoulder,441.926,76.92,-0.3207507013043477,-0.4584049826086956,1.0172,0.9208,True
426,left_toe_tip,557.0939999999999,135.98,-0.1963790817391305,-0.5306352,-0.0706999999999998,0.9677,True
426,right_shoulder,,,,,,0.0247,False
426,right_toe_tip,452.778,181.91,-0.387142535652174,-0.368259147826087,-0.0634000000000001,0.9328,True
427,left_shoulder,435.578,77.24000000000001,-0.3285861452173913,-0.4545059652173912,1.0232,0.9013,True
427,left_toe_tip,557.4060000000001,136.09,-0.1959632426086955,-0.5312508130434783,-0.0743000000000001,0.9454,True
427,right_shoulder,,,,,,0.0691,False
427,right_toe_tip,452.91,181.964,-0.3867475673913043,-0.3680313747826087,-0.0627999999999999,0.9198,True
428,left_shoulder,429.552,77.39000000000001,-0.3368540486956521,-0.4523603108695652,1.0254,0.9001,True
428,left_toe_tip,557.716,136.3,-0.195818032173913,-0.5323573695652174,-0.0809000000000001,0.9579,True
428,right_shoulder,,,,,,0.0321,True
428,right_toe_tip,453.096,182.11,-0.3869319113043478,-0.3682709717391305,-0.0655999999999999,0.9325,True
429,left_shoulder,423.982,77.562,-0.3455348791304348,-0.4517780008695652,1.0239,0.858,True
429,left_toe_tip,557.708,136.696,-0.1964989843478261,-0.5332111165217391,-0.0883000000000001,0.9332,True
429,right_shoulder,,,,,,0.0547,False
429,right_toe_tip,453.222,182.20800000000003,-0.3877673695652173,-0.3691116521739129,-0.071,0.94,True
430,left_shoulder,418.288,76.96600000000001,-0.3544982086956522,-0.4525467543478261,1.022,0.8626,True
430,left_toe_tip,557.222,137.16400000000002,-0.1986492047826087,-0.5347579573913044,-0.0993000000000001,0.9328,True
430,right_shoulder,,,,,,0.0201,True
430,right_toe_tip,453.136,182.186,-0.3872959513043478,-0.3685388426086957,-0.0677999999999999,0.9276,True
431,left_shoulder,413.076,76.252,-0.3622397678260869,-0.4529481660869565,1.0244000000000002,0.8847,True
431,left_toe_tip,555.95,138.648,-0.2031269239130433,-0.5349500400000001,-0.1134,0.8994,True
431,right_shoulder,,,,,,0.0574,True
431,right_toe_tip,453.03,182.252,-0.3868246717391304,-0.3677451556521738,-0.0564,0.9262,True
432,left_shoulder,408.632,76.1,-0.3705408817391305,-0.4546720217391304,1.0246,0.8434,True
432,left_toe_tip,552.682,141.678,-0.2108160234782607,-0.5271052460869564,-0.1041999999999998,0.9215,True
432,right_shoulder,,,,,,0.0357,True
432,right_toe_tip,452.696,182.398,-0.3863348591304347,-0.3663234295652174,-0.0505999999999999,0.9364,True
433,left_shoulder,404.038,75.704,-0.3787190099999999,-0.4562950799999999,1.0214,0.904,True
433,left_toe_tip,547.9459999999999,146.13600000000002,-0.2215899873913045,-0.5148078417391304,-0.0845999999999999,0.815,True
433,right_shoulder,,,,,,0.0192,True
433,right_toe_tip,451.996,182.904,-0.3870021469565217,-0.3645482660869564,-0.0467999999999999,0.8997,True
434,left_shoulder,399.818,75.014,-0.3855965369565218,-0.4575264369565217,1.025,0.8618,True
434,left_toe_tip,541.4399999999999,152.24200000000002,-0.237401043478261,-0.5004257913043478,-0.096,0.8948,True
434,right_shoulder,,,,,,0.0184,True
434,right_toe_tip,451.446,183.584,-0.3879293599999999,-0.3629567443478261,-0.0457999999999999,0.8068,True
435,left_shoulder,395.938,74.71400000000001,-0.3927806491304348,-0.4591244039130434,1.0264000000000002,0.897,True
435,left_toe_tip,533.746,159.458,-0.2570884826086957,-0.485224447826087,-0.0835,0.8994,True
435,right_shoulder,,,,,,0.0198,True
435,right_toe_tip,451.1608571428572,184.13485714285716,-0.3895481746938774,-0.362784666122449,-0.0428285714285714,0.7421,True
436,left_shoulder,392.3,74.646,-0.3985816086956522,-0.4591718060869565,1.0316,0.8415,True
436,left_toe_tip,523.8399999999999,168.62,-0.2829758608695654,-0.4662183217391303,-0.0611999999999998,0.9274,True
436,right_shoulder,,,,,,0.0123,True
436,right_toe_tip,451.0645714285714,184.44257142857143,-0.3896353147293701,-0.3620463057231588,-0.0422857142857142,0.3199,True
437,left_shoulder,388.99,74.772,-0.4040169652173912,-0.4590930678260869,1.0287,0.8863,True
437,left_toe_tip,513.576,178.458,-0.3134765530434781,-0.4501452286956521,0.0048000000000001,0.8829,True
437,right_shoulder,,,,,,0.0215,True
437,right_toe_tip,451.30514285714287,184.49514285714287,-0.3902643292280391,-0.362984377985803,-0.0477714285714287,0.026,True
438,left_shoulder,385.994,75.06199999999998,-0.409943596521739,-0.4598651547826086,1.0222,0.9067,True
438,left_toe_tip,502.048,188.86,-0.3437403965217392,-0.4264362347826087,0.0455999999999999,0.8826,True
438,right_shoulder,,,,,,0.0193,False
438,right_toe_tip,451.90857142857146,183.97857142857143,-0.3895303389529724,-0.3645338187666371,-0.0502857142857142,0.0343,True
439,left_shoulder,383.552,75.878,-0.4139405217391305,-0.4586099673913044,1.0245,0.9004,True
439,left_toe_tip,489.534,199.074,-0.372894,-0.3988166086956522,0.071,0.8538,True
439,right_shoulder,,,,,,0.0951,True
439,right_toe_tip,452.5028571428571,183.11285714285717,-0.3885325110913931,-0.3665464163708962,-0.0594285714285713,0.0485,True
440,left_shoulder,381.828,77.22,-0.4169477799999999,-0.4566897,1.0237,0.9584,True
440,left_toe_tip,476.50999999999993,209.406,-0.4013324086956523,-0.369675532173913,0.1095999999999999,0.7634,True
440,right_shoulder,,,,,,0.0195,True
440,right_toe_tip,452.8,182.68,-0.3880330434782609,-0.3675535217391305,-0.06,0.0234,True
441,left_shoulder,380.386,78.95599999999999,-0.4209697447826086,-0.4557189556521739,1.0272,0.9632,True
441,left_toe_tip,465.578,219.024,-0.4274097356521739,-0.3454524939130435,0.0405999999999999,0.7177,True
441,right_shoulder,,,,,,0.0395,True
441,right_toe_tip,453.54285714285714,181.59785714285715,-0.386782759538598,-0.370073637644188,-0.0694285714285713,0.0729,True
442,left_shoulder,378.742,80.994,-0.4258505399999999,-0.4547797799999999,1.0294,0.8258,True
442,left_toe_tip,454.06000000000006,228.372,-0.4452858782608693,-0.3152204452173912,0.0508000000000001,0.6487,True
442,right_shoulder,,,,,,0.0437,False
442,right_toe_tip,454.02214285714285,181.52964285714287,-0.3864744049190328,-0.3708733186418588,-0.0728214285714284,0.077,True
443,left_shoulder,377.654,83.346,-0.4291068052173913,-0.4525097165217391,1.0362,0.8316,True
443,left_toe_tip,444.006,236.774,-0.4651448908695653,-0.2924474439130435,0.0555999999999999,0.5437,True
443,right_shoulder,,,,,,0.0119,True
443,right_toe_tip,454.0403571428572,181.85035714285715,-0.3864582112078527,-0.3702276001830079,-0.0729285714285713,0.5078,True
444,left_shoulder,376.564,86.144,-0.4314050843478261,-0.4484689669565217,1.0469000000000002,0.8453,True
444,left_toe_tip,435.18,244.766,-0.4885402260869566,-0.2748581408695652,0.0090999999999999,0.8846,True
444,right_shoulder,,,,,,0.0171,True
444,right_toe_tip,453.5925,182.4625,-0.3882138804347826,-0.3697411413043477,-0.0675,0.8612,True
445,left_shoulder,375.26,88.946,-0.4352095391304348,-0.4455892060869565,1.0560999999999998,0.8114,True
445,left_toe_tip,427.568,252.26,-0.5078510226086956,-0.2575688652173913,-0.0484,0.9031,True
445,right_shoulder,,,,,,0.0272,False
445,right_toe_tip,453.25,182.768,-0.3894143478260869,-0.3695672486956521,-0.0714,0.8859,True
446,left_shoulder,373.994,92.196,-0.4384472808695652,-0.4414108539130435,1.0746,0.878,True
446,left_toe_tip,420.5559999999999,257.906,-0.5263793686956524,-0.2448924339130435,-0.0968000000000001,0.9527,True
446,right_shoulder,,,,,,0.0312,True
446,right_toe_tip,452.784,183.526,-0.3931942991304348,-0.3706337639130435,-0.0852,0.8691,True
447,left_shoulder,373.062,95.27,-0.44288496,-0.4392216000000001,1.0906,0.8873,True
447,left_toe_tip,416.434,262.608,-0.5409325173913043,-0.2356462956521739,-0.129,0.8929,True
447,right_shoulder,,,,,,0.0499,True
447,right_toe_tip,452.424,183.582,-0.3952144765217392,-0.3717050556521739,-0.0914,0.8897,True
448,left_shoulder,372.432,99.064,-0.4456170539130434,-0.4345718904347825,1.0923,0.8337,True
448,left_toe_tip,413.576,266.81000000000006,-0.5517854434782608,-0.2270999782608694,-0.149,0.9103,True
448,right_shoulder,,,,,,0.0871,True
448,right_toe_tip,452.228,183.42,-0.3967704000000001,-0.3731212173913042,-0.097,0.8936,True
449,left_shoulder,371.97,103.362,-0.4498242608695652,-0.4307055130434783,1.093,0.8838,True
449,left_toe_tip,412.416,270.1,-0.5551565356521738,-0.2192973695652173,-0.1491999999999998,0.9076,True
449,right_shoulder,,,,,,0.0156,True
449,right_toe_tip,452.182,183.064,-0.3962959800000001,-0.37333496,-0.0942,0.9102,True
450,left_shoulder,371.456,107.936,-0.4527885356521739,-0.4250018226086957,1.1018,0.9413,True
450,left_toe_tip,412.188,272.628,-0.5586841678260869,-0.2142703330434782,-0.1531999999999998,0.8925,True
450,right_shoulder,,,,,,0.0503,False
450,right_toe_tip,451.846,182.7,-0.3950824969565217,-0.3722914565217392,-0.0847999999999999,0.9286,True
451,left_shoulder,371.1060000000001,112.37,-0.4571197999999999,-0.420971,1.095,0.866,True
451,left_toe_tip,412.292,274.738,-0.5519443913043478,-0.2066676739130435,-0.1215,0.8915,True
451,right_shoulder,,,,,,0.0599,True
451,right_toe_tip,451.236,182.432,-0.3932036191304348,-0.3698818643478261,-0.0694,0.9428,True
452,left_shoulder,370.444,117.488,-0.4600617730434782,-0.41390472,1.0968,0.8345,True
452,left_toe_tip,412.662,275.6,-0.5510475434782609,-0.2045782608695651,-0.12,0.8855,True
452,right_shoulder,,,,,,0.0535,True
452,right_toe_tip,450.7700000000001,182.228,-0.3923231543478259,-0.3685677313043478,-0.0684,0.9316,True
453,left_shoulder,369.648,122.874,-0.4649466678260869,-0.4078051708695652,1.0903,0.9054,True
453,left_toe_tip,413.168,275.802,-0.5485389495652174,-0.2036127286956522,-0.1133000000000001,0.8802,True
453,right_shoulder,250.28,36.49,-0.7781691739130435,-0.6459650760869565,2.487,0.2898,True
453,right_toe_tip,450.27,182.036,-0.3908850456521739,-0.366644527826087,-0.0574,0.9129,True
454,left_shoulder,368.928,128.554,-0.4701331339130434,-0.4014078669565217,1.0929,0.8377,True
454,left_toe_tip,414.078,276.098,-0.5456016300000001,-0.2026233300000001,-0.1103000000000001,0.9018,True
454,right_shoulder,248.45,39.325,-0.7890583695652175,-0.6462298369565218,2.428,0.0951,True
454,right_toe_tip,449.596,181.892,-0.3912802199999999,-0.36601194,-0.0525999999999999,0.9179,True
455,left_shoulder,367.728,134.124,-0.4751738295652173,-0.3942027234782608,1.0884,0.8246,True
455,left_toe_tip,415.014,276.416,-0.53781436,-0.1998021008695652,-0.0861999999999998,0.893,True
455,right_shoulder,247.45,42.26,-0.7976160869565216,-0.6456108405797102,2.350666666666667,0.539,True
455,right_toe_tip,449.27,181.72,-0.3914111304347826,-0.3658615652173912,-0.05,0.9232,True
456,left_shoulder,366.09,140.06,-0.4802356847826087,-0.3856121956521739,1.106,0.9314,True
456,left_toe_tip,415.918,276.84000000000003,-0.5335100139130434,-0.1979931130434782,-0.0704,0.9019,True
456,right_shoulder,246.3525,45.2525,-0.8043031392663044,-0.6430941447010871,2.34025,0.784,True
456,right_toe_tip,449.24,181.718,-0.3905603652173914,-0.3650130165217391,-0.0455999999999999,0.8928,True
457,left_shoulder,364.5,145.738,-0.4849997826086956,-0.3771942773913043,1.1509,0.8749,True
457,left_toe_tip,416.652,277.596,-0.5284122356521739,-0.1949571156521739,-0.0565999999999999,0.9071,True
457,right_shoulder,245.058,48.988,-0.8122068086956521,-0.6396029391304348,2.383,0.7428,True
457,right_toe_tip,449.114,181.782,-0.3901128882608695,-0.3642233517391304,-0.0422,0.8698,True
458,left_shoulder,362.43,151.17,-0.4914799239130434,-0.3697652934782608,1.183,0.8902,True
458,left_toe_tip,416.984,278.35200000000003,-0.5260268695652173,-0.1925827826086955,-0.046,0.8711,True
458,right_shoulder,242.342,56.416,-0.8293762721739131,-0.6331706295652174,2.4192,0.8025,True
458,right_toe_tip,449.416,181.826,-0.3897028486956521,-0.364327096521739,-0.0432,0.868,True
459,left_shoulder,359.908,156.23,-0.4987464286956521,-0.3628434934782609,1.1978,0.9482,True
459,left_toe_tip,417.092,278.886,-0.5227677182608695,-0.1902299634782608,-0.0335999999999999,0.8254,True
459,right_shoulder,239.332,63.912,-0.8496774652173914,-0.6278996608695654,2.359,0.2671,True
459,right_toe_tip,450.098,181.782,-0.3886385713043479,-0.3647270113043478,-0.0447999999999999,0.876,True
460,left_shoulder,357.68600000000004,161.41000000000005,-0.5111110852173912,-0.3595342434782608,1.2394,0.9128,True
460,left_toe_tip,417.042,279.35600000000005,-0.5243875221739129,-0.1896711817391303,-0.0398000000000001,0.8316,True
460,right_shoulder,235.932,71.06,-0.8718206304347828,-0.6234194565217392,2.318,0.5804,True
460,right_toe_tip,450.734,181.768,-0.3878718656521738,-0.3652593617391305,-0.0464,0.9284,True
461,left_shoulder,355.8059999999999,166.33800000000002,-0.5251101963043481,-0.3578326454347826,1.2601,0.8962,True
461,left_toe_tip,416.9719999999999,279.652,-0.5250854869565219,-0.1891671391304347,-0.042,0.7965,True
461,right_shoulder,232.504,77.672,-0.8962254417391304,-0.6209374730434781,2.3006,0.5189,True
461,right_toe_tip,451.23,181.82200000000003,-0.3866502043478261,-0.3649550252173912,-0.0454,0.9515,True
462,left_shoulder,354.142,171.372,-0.5408619789130436,-0.3568964778260869,1.2398,0.8995,True
462,left_toe_tip,417.152,279.77200000000005,-0.5272777460869564,-0.1898264243478259,-0.0513000000000001,0.8321,True
462,right_shoulder,228.924,84.138,-0.9216145191304348,-0.6184706099999998,2.2754000000000003,0.7249,True
462,right_toe_tip,451.572,181.902,-0.3855400730434782,-0.3644039947826087,-0.0434,0.9423,True
463,left_shoulder,352.502,176.07,-0.5597773558695651,-0.3581237054347826,1.2132,0.8393,False
463,left_toe_tip,417.646,279.982,-0.5294925469565217,-0.1905472113043479,-0.0638000000000001,0.7921,True
463,right_shoulder,225.524,89.66400000000002,-0.949059936521739,-0.6190106713043477,2.3259000000000003,0.8618,True
463,right_toe_tip,451.666,182.092,-0.3853477408695652,-0.3640152382608695,-0.0434,0.9121,True
464,left_shoulder,351.164,180.456,-0.5772638621739131,-0.3588342965217392,1.2073,0.9168,True
464,left_toe_tip,417.848,280.01,-0.5321989217391306,-0.1916282173913044,-0.077,0.8107,True
464,right_shoulder,222.414,95.768,-0.9692534178260872,-0.6133054486956522,2.3501,0.9121,True
464,right_toe_tip,451.808,182.71,-0.3860799791304348,-0.3637142891304348,-0.0404,0.8864,True
465,left_shoulder,350.208,184.514,-0.5905141982608696,-0.3575908741304348,1.2478,0.9309,True
465,left_toe_tip,418.408,279.91600000000005,-0.5348074747826087,-0.1932809930434781,-0.0934000000000001,0.7589,True
465,right_shoulder,219.496,101.932,-0.985716224347826,-0.6049450530434782,2.3984,0.9931,True
465,right_toe_tip,452.0100000000001,183.438,-0.3859107760869564,-0.3624510795652174,-0.0415999999999999,0.871,True
466,left_shoulder,349.40600000000006,188.188,-0.6014664073913042,-0.3556134895652175,1.3278,0.9904,True
466,left_toe_tip,418.874,279.97400000000005,-0.5347403530434783,-0.1935237443478259,-0.0928000000000001,0.8196,True
466,right_shoulder,216.462,108.792,-1.0039692069565218,-0.5954721808695652,2.4142,0.9025,True
466,right_toe_tip,452.204,183.788,-0.3871863617391304,-0.3633031756521739,-0.0407999999999999,0.8768,True
467,left_shoulder,348.268,191.216,-0.6104175000000001,-0.3531621739130435,1.347,0.9808,True
467,left_toe_tip,418.92,280.06,-0.5355422695652174,-0.1936459608695651,-0.0965999999999999,0.6318,True
467,right_shoulder,213.552,115.138,-1.0243095547826089,-0.588147877826087,2.3852,0.9178,True
467,right_toe_tip,452.364,184.028,-0.3884065199999999,-0.36426204,-0.0484,0.9108,True
468,left_shoulder,347.53,193.696,-0.6180654065217392,-0.351443735652174,1.5028,0.975,True
468,left_toe_tip,418.848,280.024,-0.5341301565217392,-0.1931594260869565,-0.095,0.7029,True
468,right_shoulder,210.61400000000003,121.84,-1.045928289130435,-0.580126695652174,2.386,0.895,True
468,right_toe_tip,452.486,184.248,-0.389947592173913,-0.3654877460869565,-0.0572,0.8676,True
469,left_shoulder,346.796,195.712,-0.6259268,-0.3507191652173912,1.426,0.9789,True
469,left_toe_tip,418.712,280.05,-0.5333521860869566,-0.1926968804347825,-0.0904,0.6535,True
469,right_shoulder,207.94,128.16400000000002,-1.0791168130434785,-0.5790356095652174,2.3952,0.8989,True
469,right_toe_tip,452.448,184.112,-0.3909236034782608,-0.3666117704347825,-0.0615999999999999,0.786,True
470,left_shoulder,345.906,197.42800000000005,-0.6363299091304347,-0.3517563295652173,1.4614,0.9701,True
470,left_toe_tip,418.238,279.932,-0.5324698456521739,-0.1922502304347826,-0.082,0.5249,True
470,right_shoulder,205.222,134.486,-1.129005045652174,-0.5856010282608695,2.338,0.9578,True
470,right_toe_tip,452.276,183.938,-0.3934042086956521,-0.3689647130434782,-0.072,0.7269,True
471,left_shoulder,345.10600000000005,198.718,-0.6450485713043477,-0.352786844347826,1.4396,0.9466,True
471,left_toe_tip,418.0100000000001,279.85,-0.5332103282608694,-0.1925168152173912,-0.0828000000000001,0.5594,True
471,right_shoulder,202.67,140.648,-1.147706034782609,-0.5756559443478262,2.3296,0.9899,True
471,right_toe_tip,451.476,183.76,-0.3954085982608695,-0.3696442434782608,-0.0745999999999999,0.7047,True
472,left_shoulder,344.648,199.78,-0.653241575652174,-0.3543648434782609,1.4452,0.8958,True
472,left_toe_tip,418.00999999999993,279.74,-0.5334033630434784,-0.1928508217391304,-0.0865999999999999,0.3884,True
472,right_shoulder,200.635,146.296,-1.1492737744565216,-0.5589985608695652,2.329,0.9031,True
472,right_toe_tip,450.598,183.978,-0.3978265486956523,-0.3697227313043478,-0.0774000000000001,0.7387,True
473,left_shoulder,344.298,200.888,-0.6617296495652174,-0.3560649843478261,1.4122,0.9256,True
473,left_toe_tip,423.444,260.922,-0.5079650521739131,-0.2324025260869565,-0.0395,0.3642,True
473,right_shoulder,198.937,151.354,-1.1332922018478262,-0.5361068254347826,2.3121,0.9217,True
473,right_toe_tip,444.12,202.996,-0.4244634434782608,-0.3402208417391304,-0.0195999999999999,0.7076,True
474,left_shoulder,343.754,201.858,-0.6695803613043478,-0.3574352986956522,1.3386,0.9321,True
474,left_toe_tip,423.354,260.64,-0.5090710030434784,-0.2334744,-0.0518000000000001,0.3877,True
474,right_shoulder,197.564,155.776,-1.0950291,-0.5054544,2.383,0.8729,False
474,right_toe_tip,437.638,222.158,-0.4520591113043476,-0.3079270417391304,0.0888000000000001,0.6415,True
475,left_shoulder,343.316,202.572,-0.673988652173913,-0.357635347826087,1.494,0.9521,True
475,left_toe_tip,423.3488,260.5968,-0.5117772324869565,-0.2348119677913044,-0.0632400000000002,0.4302,True
475,right_shoulder,196.52,160.06,-1.0286807826086957,-0.4637738695652173,2.493,0.9026,False
475,right_toe_tip,431.132,241.139,-0.4821672373913045,-0.2743880345652174,0.0396999999999998,0.4466,True
476,left_shoulder,342.562,202.856,-0.680809717826087,-0.3596889513043478,1.4781999999999995,0.9283,True
476,left_toe_tip,423.2144,260.4364,-0.5162136409043478,-0.2370825758608696,-0.0807200000000002,0.333,True
476,right_shoulder,196.128,163.898,-0.9795097113043478,-0.4327459569565218,2.5328000000000004,0.9498,False
476,right_toe_tip,425.156,260.195,-0.5141310330434784,-0.2388377043478261,-0.0760999999999999,0.3389,True
477,left_shoulder,341.966,202.79,-0.6904670300000001,-0.3642145586956521,1.4526,0.9413,True
477,left_toe_tip,423.0028,260.3308,-0.5219348739652174,-0.2397304266608695,-0.1028400000000001,0.1857,True
477,right_shoulder,195.413,167.50600000000003,-0.9487583229347826,-0.4107863806521738,2.4037,0.9129,True
477,right_toe_tip,419.508,278.883,-0.5459094321739131,-0.2008351115217392,-0.1508000000000001,0.2948,True
478,left_shoulder,341.288,202.268,-0.6985315182608697,-0.3688528530434783,1.5526,0.9349,True
478,left_toe_tip,417.338,279.00800000000004,-0.5567518095652174,-0.2025152139130434,-0.1764,0.0841,True
478,right_shoulder,194.491,170.73399999999998,-0.9219615055434784,-0.3916777580434783,2.3091,0.9791,True
478,right_toe_tip,419.56200000000007,278.779,-0.5495615182608694,-0.2024874843478261,-0.1665999999999999,0.4158,True
479,left_shoulder,341.02200000000005,201.43,-0.7157273339130433,-0.3796027913043479,1.4721,0.9239,True
479,left_toe_tip,417.512,279.142,-0.5655548226086957,-0.2055375204347826,-0.2145999999999999,0.0391,True
479,right_shoulder,193.61,173.618,-0.9047160804347824,-0.3777476926086956,2.1434,0.8833,True
479,right_toe_tip,419.604,278.731,-0.5576018800000001,-0.20561057,-0.2005999999999999,0.2414,True
480,left_shoulder,340.46400000000006,200.4,-0.7456492904347826,-0.3972999130434783,1.3843,0.8826,True
480,left_toe_tip,417.8032,279.31320000000005,-0.563887174747826,-0.2047655577913042,-0.2107599999999997,0.2594,True
480,right_shoulder,192.846,176.01,-0.8911001560869566,-0.3666600717391305,2.1266,0.8699,True
480,right_toe_tip,419.756,278.786,-0.5568342869565216,-0.2053301782608695,-0.199,0.5358,True
481,left_shoulder,340.192,199.538,-0.7806087860869566,-0.4177942117391304,1.3725999999999998,0.8805,True
481,left_toe_tip,418.1636,279.5016,-0.5602044254260867,-0.2032829595130434,-0.1992799999999997,0.4773,True
481,right_shoulder,191.818,177.8,-0.8961691382608695,-0.3643207826086956,2.0854,0.8199,True
481,right_toe_tip,420.139,278.822,-0.5583991441304347,-0.2061744726086956,-0.2095999999999999,0.3159,True
482,left_shoulder,339.682,198.746,-0.8177789713043477,-0.4391016530434782,1.2628,0.9171,True
482,left_toe_tip,418.7032,279.6132,-0.5635996523999999,-0.204729451747826,-0.2190599999999999,0.6052,True
482,right_shoulder,191.053,179.434,-0.8879878868478261,-0.3571477719565217,2.0933,0.9043,True
482,right_toe_tip,420.539,278.746,-0.5644441502173911,-0.2089817552173913,-0.2341999999999998,0.3077,True
483,left_shoulder,339.082,198.096,-0.8618684021739129,-0.4637141739130435,1.133,0.9164,True
483,left_toe_tip,419.4219999999999,279.648,-0.5740062932608697,-0.2090986121739129,-0.2670999999999999,0.7245,True
483,right_shoulder,190.435,181.062,-0.8810985342391304,-0.3506990302173912,2.1099,0.8253,True
483,right_toe_tip,413.661,280.612,-0.576278775652174,-0.2021287513043479,-0.2224000000000001,0.1907,False
484,left_shoulder,338.3492,197.774,-0.8845450676173912,-0.4757030584347825,1.13624,0.9166,True
484,left_toe_tip,420.228,279.678,-0.5925960873913044,-0.2165812884782608,-0.3536999999999998,0.5927,False
484,right_shoulder,189.837,182.81,-0.8732672892391304,-0.3437293402173913,2.1283000000000003,0.8709,False
484,right_toe_tip,406.795,284.86800000000005,-0.5815929913043479,-0.1873726747826085,-0.1744,0.3278,True
485,left_shoulder,337.8716,197.734,-0.8816500792521738,-0.4735133531304347,1.14932,0.9103,True
485,left_toe_tip,420.792,279.668,-0.62529082,-0.22914703,-0.4923000000000002,0.631,True
485,right_shoulder,189.487,184.712,-0.8751215025000001,-0.3404969399999999,2.1204,0.816,True
485,right_toe_tip,399.673,291.558,-0.59538402,-0.1695576156521739,-0.2151999999999998,0.4315,True
486,left_shoulder,337.2932,197.832,-0.8600689857913045,-0.4607615926956521,1.25304,0.9122,False
486,left_toe_tip,421.162,279.63800000000003,-0.6637689554347826,-0.2437501749999999,-0.6585,0.7024,True
486,right_shoulder,188.881,186.76,-0.8662955840217391,-0.3326772913043478,2.1353,0.903,True
486,right_toe_tip,392.5865,299.922,-0.6048520523777173,-0.1468727519021738,-0.156125,0.707,True
487,left_shoulder,336.902,198.15,-0.8205389986956522,-0.4381560978260869,1.3764,0.9154,False
487,left_toe_tip,421.39,279.636,-0.6736752293478261,-0.2476521482608694,-0.7031,0.8804,False
487,right_shoulder,188.372,189.1,-0.86162768,-0.3260474782608695,2.1468000000000003,0.6152,True
487,right_toe_tip,385.5355,309.96000000000004,-0.6096568361820653,-0.1198879532608695,-0.0941750000000001,0.7681,True
488,left_shoulder,336.608,198.66000000000005,-0.7582821356521738,-0.4032447782608694,1.5676,0.9367,False
488,left_toe_tip,421.476,279.662,-0.6551207004347827,-0.2408480845652174,-0.6260999999999999,0.8926,True
488,right_shoulder,188.018,191.632,-0.8600431404347827,-0.3203750226086956,2.1454,0.7303,True
488,right_toe_tip,385.815,319.618,-0.612461520380435,-0.0973008679347826,-0.10675,0.9025,False
489,left_shoulder,336.1768,199.28000000000003,-0.7056095674434784,-0.3732617182608695,1.7303599999999997,0.9257,False
489,left_toe_tip,421.564,279.768,-0.6261277995652172,-0.2299780513043479,-0.5000999999999999,0.9341,False
489,right_shoulder,187.648,194.138,-0.8607471860869564,-0.3156065404347826,2.1284,0.5975,True
489,right_toe_tip,386.285,328.36,-0.6164309279891306,-0.0768731630434783,-0.10525,0.9506,False
490,left_shoulder,335.5824,199.948,-0.6645965629913043,-0.3494213511304347,1.90448,0.8662,True
490,left_toe_tip,421.474,279.926,-0.5913741110869565,-0.2166959106521739,-0.3526999999999998,0.9063,True
490,right_shoulder,186.458,197.084,-0.8592648978260871,-0.3086549869565217,2.1075,0.7024,True
490,right_toe_tip,387.1674999999999,336.22,-0.6194052727581524,-0.0582577690217392,0.312625,0.9407,False
491,left_shoulder,334.6408,200.746,-0.6368199733565219,-0.3321207549565217,1.99436,0.8813,True
491,left_toe_tip,421.482,280.23400000000004,-0.5500715610869567,-0.2007935645652173,-0.1789000000000001,0.8636,True
491,right_shoulder,185.62081818181815,200.6159696969697,-0.8581974548769314,-0.3010326498823212,1.9583727272727272,0.5075,True
491,right_toe_tip,387.60874999999993,340.15,-0.6208790457710599,-0.0488307302989131,-0.0581875,0.9449,False
492,left_shoulder,333.5926666666666,201.65133333333333,-0.6096617796135266,-0.3150679485024155,2.1064666666666665,0.9333,True
492,left_toe_tip,421.432,280.55,-0.5270339686956522,-0.1915781304347825,-0.0814000000000001,0.8935,True
492,right_shoulder,184.9224545454545,204.37990909090908,-0.8577627146038447,-0.2933238806404958,1.9049181818181815,0.4732,True
492,right_toe_tip,388.05,344.0799999999999,-0.6223438858695653,-0.0393241304347827,-0.0635,0.923,False
493,left_shoulder,332.438,202.664,-0.5830974352173913,-0.2982885339130435,2.2158,0.9611,True
493,left_toe_tip,421.046,280.812,-0.5256323960869566,-0.1901028443478261,-0.0715999999999999,0.8884,True
493,right_shoulder,184.30490909090912,208.47581818181817,-0.8590662988501617,-0.2856500336687029,1.8786363636363637,0.2458,True
493,right_toe_tip,389.5208333333333,357.18,-0.6271621707050121,-0.0070608559782608,-0.0685416666666665,0.9012,False
494,left_shoulder,331.314,203.674,-0.5473136991304348,-0.2771727947826087,2.3408,1.0,False
494,left_toe_tip,420.3280000000001,280.898,-0.5231536434782607,-0.1883831326086955,-0.059,0.8499,True
494,right_shoulder,183.8181818181818,212.95969696969692,-0.8594429392741646,-0.2770227685351539,1.8847272727272728,0.1341,True
494,right_toe_tip,391.2808333333333,368.2833333333333,-0.624602765964674,0.0208017459239129,-0.082375,0.8932,False
495,left_shoulder,329.906,204.956,-0.5161042747826088,-0.2580471443478261,2.4528000000000003,0.9851,False
495,left_toe_tip,419.794,280.966,-0.5226541539130435,-0.1875854808695651,-0.0515999999999999,0.8256,True
495,right_shoulder,183.96227272727276,217.47954545454544,-0.8587433744834709,-0.2683736207554796,1.8755909090909093,0.0449,True
495,right_toe_tip,393.0966666666666,377.17333333333335,-0.6160953828502416,0.0428524444444444,-0.0486666666666665,0.8606,True
496,left_shoulder,328.644,206.212,-0.4895057808695652,-0.2417814817391304,2.5741,0.9459,True
496,left_toe_tip,419.186,280.84599999999995,-0.520208982173913,-0.1864764995652175,-0.0354,0.8555,True
496,right_shoulder,184.0343181818182,219.7394696969697,-0.858393693535528,-0.264052229071221,1.871022727272728,0.0517,True
496,right_toe_tip,393.965,377.8625,-0.6108754877717393,0.0443504517663042,-0.03025,0.918,True
497,left_shoulder,327.2873333333333,207.52466666666663,-0.4774533251207729,-0.232801106763285,2.665833333333333,0.8313,True
497,left_toe_tip,418.65,280.76000000000005,-0.5199319021739132,-0.1861278695652172,-0.034,0.8838,True
497,right_shoulder,184.10636363636365,221.99939393939397,-0.8580440802191878,-0.2597329588573481,1.8614545454545457,0.0412,False
497,right_toe_tip,394.766,378.658,-0.6077005143478262,0.0462353352173913,-0.0258000000000001,0.9198,True
498,left_shoulder,325.68600000000004,209.15,-0.4805587743478259,-0.2306365326086956,2.6884,0.8469,True
498,left_toe_tip,418.45,280.914,-0.5183306739130435,-0.1850268547826087,-0.0254,0.8932,True
498,right_shoulder,184.1784090909091,224.25931818181817,-0.8576945345344501,-0.2554158101138609,1.852886363636364,0.0202,False
498,right_toe_tip,396.338,380.026,-0.5988788199999999,0.0492204252173911,-0.0051999999999998,0.8701,True
499,left_shoulder,323.62800000000004,211.176,-0.4993175478260869,-0.2348830956521739,2.715,0.8301,True
499,left_toe_tip,418.552,281.168,-0.5168885165217392,-0.1840041704347826,-0.0204,0.8999,True
499,right_shoulder,184.25045454545452,226.5192424242424,-0.8573450564813151,-0.2511007828407594,1.8483181818181815,0.026,True
499,right_toe_tip,397.79800000000006,381.15600000000006,-0.5936581630434781,0.051855195652174,0.003,0.8617,True
500,left_shoulder,322.268,213.318,-0.5150021286956522,-0.2377523895652174,2.6558,0.6356,True
500,left_toe_tip,418.914,281.536,-0.5128233956521738,-0.1820023652173913,0.003,0.8923,True
500,right_shoulder,,,,,,0.0127,True
500,right_toe_tip,399.26,382.194,-0.592900752173913,0.054659962173913,-0.0078000000000001,0.8732,True
501,left_shoulder,320.898,216.132,-0.5261714499999999,-0.2372258217391304,2.6505,0.7353,True
501,left_toe_tip,419.316,281.816,-0.511363207826087,-0.1811659252173914,0.0051999999999998,0.8906,True
501,right_shoulder,,,,,,0.0114,True
501,right_toe_tip,400.6,383.076,-0.5929313478260868,0.0571532321739129,-0.0205999999999999,0.8395,True
502,left_shoulder,319.36400000000003,219.592,-0.5356712304347825,-0.2345729304347825,2.6695,0.8414,True
502,left_toe_tip,419.656,282.066,-0.5100484591304348,-0.180400267826087,0.0074,0.8092,True
502,right_shoulder,,,,,,0.0146,True
502,right_toe_tip,402.228,383.766,-0.5996506460869565,0.059936818695652,-0.0621999999999998,0.8848,True
503,left_shoulder,317.738,223.62000000000003,-0.5425911282608695,-0.2296224130434782,2.726,0.8607,True
503,left_toe_tip,420.00200000000007,282.034,-0.5101084060869564,-0.1807794252173913,0.0038000000000001,0.8519,True
503,right_shoulder,,,,,,0.0193,True
503,right_toe_tip,403.88,384.388,-0.6074956956521739,0.0627460826086957,-0.1185,0.9015,True
504,left_shoulder,316.622,227.78000000000003,-0.546649419130435,-0.2235092869565217,2.7548000000000004,0.9241,True
504,left_toe_tip,420.192,281.86800000000005,-0.5129171895652175,-0.1823193234782607,-0.0098000000000001,0.8544,True
504,right_shoulder,,,,,,0.0238,True
504,right_toe_tip,405.502,384.891,-0.6148435604347827,0.0652631197826087,-0.1636999999999998,0.8768,True
505,left_shoulder,314.982,232.448,-0.5499163247826087,-0.2158124382608695,2.7814,0.8769,True
505,left_toe_tip,420.314,281.618,-0.5168829517391306,-0.1844192143478261,-0.0275999999999999,0.8802,True
505,right_shoulder,,,,,,0.0094,True
505,right_toe_tip,407.12,385.259,-0.6200683130434781,0.0672548330434782,-0.2025999999999999,0.8647,True
506,left_shoulder,312.798,238.03,-0.5534692960869565,-0.2063149065217391,2.8108,0.8691,True
506,left_toe_tip,420.388,281.3639999999999,-0.5214830165217391,-0.1867263104347828,-0.0435999999999999,0.8137,True
506,right_shoulder,,,,,,0.0105,True
506,right_toe_tip,408.512,385.577,-0.6339751791304349,0.0700476186956521,-0.2730999999999999,0.88,False
507,left_shoulder,310.888,243.91400000000004,-0.5554838191304349,-0.1959329791304347,2.8872,0.8947,True
507,left_toe_tip,420.658,280.982,-0.5251333578260869,-0.1891793986956522,-0.0655999999999999,0.7831,True
507,right_shoulder,,,,,,0.0132,False
507,right_toe_tip,409.432,385.751,-0.6409289165217392,0.0715821819565218,-0.3109,0.9071,True
508,left_shoulder,309.128,249.95,-0.556656175652174,-0.1851471630434782,3.1122,0.8567,True
508,left_toe_tip,420.86,280.868,-0.5266982260869565,-0.1901920417391304,-0.0741999999999998,0.6295,True
508,right_shoulder,,,,,,0.0325,True
508,right_toe_tip,410.08,385.989,-0.6437759999999999,0.0727692,-0.331,0.9077,True
509,left_shoulder,306.29,256.938,-0.5583838847826087,-0.1724496117391304,3.1791,0.8616,True
509,left_toe_tip,421.518,280.898,-0.5265416199999998,-0.1906358199999999,-0.0801999999999998,0.5674,True
509,right_shoulder,,,,,,0.0595,True
509,right_toe_tip,410.611,386.205,-0.6455554998913042,0.0737471364130435,-0.3440999999999999,0.9221,True
510,left_shoulder,303.284,264.256,-0.5603393434782609,-0.1593305043478261,2.887,0.8275,True
510,left_toe_tip,422.362,280.86,-0.5264473969565218,-0.1914327782608695,-0.0844,0.5681,True
510,right_shoulder,,,,,,0.0603,True
510,right_toe_tip,411.025,386.399,-0.6462819375000001,0.0745111775,-0.3481999999999998,0.9089,True
511,left_shoulder,300.756,271.4820000000001,-0.5606375843478262,-0.146285616521739,2.8606,0.8385,True
511,left_toe_tip,423.834,281.89399999999995,-0.529183766521739,-0.1912068839130436,-0.0871999999999998,0.7708,True
511,right_shoulder,,,,,,0.0349,True
511,right_toe_tip,411.34833333333336,386.555,-0.6384269343599034,0.0741452161231884,-0.3187666666666668,0.9121,False
512,left_shoulder,297.90600000000006,279.04200000000003,-0.5623727886956521,-0.133087912173913,2.8836,0.8628,True
512,left_toe_tip,424.8860000000001,282.836,-0.532921553043478,-0.1911654226086956,-0.1031999999999998,0.8484,True
512,right_shoulder,,,,,,0.0148,True
512,right_toe_tip,411.575,386.68500000000006,-0.6310240625000001,0.0737173125000001,-0.2915,0.9191,True
513,left_shoulder,295.30400000000003,286.9,-0.5640275634782608,-0.1196138478260869,2.8616,0.8654,True
513,left_toe_tip,426.058,282.026,-0.5372734747826088,-0.1958164452173913,-0.1304000000000001,0.911,True
513,right_shoulder,,,,,,0.011,True
513,right_toe_tip,411.755,386.735,-0.6275497038043479,0.0735067201086957,-0.2795,0.9265,False
514,left_shoulder,293.582,294.458,-0.565715655652174,-0.1070329356521739,2.7516,0.9095,True
514,left_toe_tip,427.476,281.674,-0.5405501739130435,-0.1992204782608696,-0.142,0.6981,True
514,right_shoulder,,,,,,0.0225,True
514,right_toe_tip,411.994,386.718,-0.6245877404347827,0.0731898952173913,-0.2701999999999998,0.9394,False
515,left_shoulder,292.178,302.096,-0.5665717926086957,-0.0943205808695652,2.6254,0.9157,True
515,left_toe_tip,427.484,281.2,-0.5450111417391303,-0.2020877391304348,-0.1724,0.8175,True
515,right_shoulder,,,,,,0.0169,True
515,right_toe_tip,412.2,386.75,-0.6201112173913044,0.072818152173913,-0.2544,0.9579,True
516,left_shoulder,290.6,309.35600000000005,-0.5658760869565217,-0.0820212608695651,2.636,0.9115,True
516,left_toe_tip,426.554,280.028,-0.544565707826087,-0.2040329113043477,-0.1601999999999998,0.8333,True
516,right_shoulder,,,,,,0.0222,True
516,right_toe_tip,412.3566666666667,386.792,-0.614966917874396,0.0723772289855073,-0.235333333333333,0.9373,True
517,left_shoulder,289.024,316.39399999999995,-0.5645372660869565,-0.0701393030434783,2.6122,0.8928,True
517,left_toe_tip,426.304,279.02200000000005,-0.5403256904347826,-0.2047511126086955,-0.1611999999999998,0.8897,True
517,right_shoulder,,,,,,0.0148,True
517,right_toe_tip,412.561,386.757,-0.6118356316304349,0.0719792383695652,-0.2249000000000001,0.9277,True
518,left_shoulder,287.068,323.136,-0.5641541295652174,-0.0589263026086957,2.4194,0.9164,True
518,left_toe_tip,426.32,279.274,-0.5335961217391305,-0.2015868613043478,-0.1324000000000001,0.9138,True
518,right_shoulder,,,,,,0.0254,True
518,right_toe_tip,412.813,386.645,-0.6107132279347827,0.0716258146739131,-0.2230999999999999,0.9267,True
519,left_shoulder,284.992,329.486,-0.5629963826086957,-0.0483912239130435,2.414,0.9372,True
519,left_toe_tip,426.112,278.566,-0.5286288417391305,-0.2012659013043479,-0.1088000000000001,0.9155,True
519,right_shoulder,,,,,,0.0137,True
519,right_toe_tip,412.87700000000007,386.581,-0.6098499422826087,0.0713728742391305,-0.2203000000000002,0.9305,False
520,left_shoulder,283.002,335.36,-0.5625822830434782,-0.0388294260869565,2.3512,0.9185,True
520,left_toe_tip,427.46,277.586,-0.5241421217391304,-0.2032400904347826,-0.0958000000000001,0.919,True
520,right_shoulder,,,,,,0.0214,True
520,right_toe_tip,412.907,386.465,-0.6120403190217392,0.0713260516304348,-0.2295,0.9177,True
521,left_shoulder,281.422,340.97799999999995,-0.564604446521739,-0.0299513795652174,2.2874,0.908,True
521,left_toe_tip,429.264,276.308,-0.5213425391304347,-0.2070467304347826,-0.1,0.9129,True
521,right_shoulder,,,,,,0.0315,True
521,right_toe_tip,413.037,386.297,-0.6144036429347827,0.0711876940217392,-0.2405,0.9083,True
522,left_shoulder,279.98400000000004,346.092,-0.5667121426086956,-0.0218930060869565,2.2353,0.9011,True
522,left_toe_tip,431.02,275.672,-0.5223591391304347,-0.210783335652174,-0.0850999999999999,0.8843,True
522,right_shoulder,,,,,,0.0306,True
522,right_toe_tip,413.014,386.25200000000007,-0.6091613413043478,0.0704523782608697,-0.219,0.9325,True
523,left_shoulder,279.012,350.632,-0.5684776243478261,-0.0147525634782608,2.2297,0.8685,True
523,left_toe_tip,431.862,278.088,-0.5233765752173913,-0.2059730660869564,-0.0934000000000001,0.8591,True
523,right_shoulder,,,,,,0.0309,True
523,right_toe_tip,412.934,386.326,-0.5996023265217391,0.0695178091304348,-0.1794000000000001,0.9106,True
524,left_shoulder,278.242,355.026,-0.5711844247826086,-0.0078535134782608,2.2154000000000003,0.9779,True
524,left_toe_tip,431.9980000000001,283.596,-0.5223563269565216,-0.1918736973913043,-0.0754,0.8919,True
524,right_shoulder,,,,,,0.0241,False
524,right_toe_tip,412.984,386.556,-0.5884649530434781,0.0688377704347825,-0.1348000000000001,0.9224,True
525,left_shoulder,277.446,359.244,-0.5755150669565217,-0.0012000678260869,2.2131,0.9378,True
525,left_toe_tip,431.994,291.94,-0.5200149999999999,-0.1701499999999999,-0.03,0.8786,True
525,right_shoulder,,,,,,0.0216,True
525,right_toe_tip,413.236,386.966,-0.5764242286956521,0.0685463995652174,-0.0885999999999999,0.9119,True
526,left_shoulder,276.71400000000006,362.94,-0.5780985913043478,0.0046784347826086,2.2145,0.9689,True
526,left_toe_tip,431.96400000000006,302.25,-0.518778468695652,-0.1440109239130435,-0.0491999999999998,0.9075,True
526,right_shoulder,,,,,,0.0311,True
526,right_toe_tip,413.40125,387.282,-0.5653084630774455,0.0680619177717392,-0.0451750000000001,0.8628,True
527,left_shoulder,276.326,366.206,-0.5802972086956522,0.0099026173913043,2.231,0.9186,True
527,left_toe_tip,433.398,315.596,-0.5152025091304349,-0.1107300617391304,-0.0511999999999998,0.8833,True
527,right_shoulder,,,,,,0.0458,True
527,right_toe_tip,413.63575,387.416,-0.560233065142663,0.067852365,-0.0269250000000001,0.7255,True
528,left_shoulder,275.72200000000004,369.28,-0.5832407543478261,0.0148580869565217,2.221,0.9448,True
528,left_toe_tip,436.506,329.17400000000004,-0.5161227169565217,-0.0781841178260868,0.0155999999999999,0.8433,True
528,right_shoulder,,,,,,0.0338,True
528,right_toe_tip,413.84350000000006,387.372,-0.5578813792663042,0.0675210710869565,-0.0194499999999998,0.1192,True
529,left_shoulder,275.308,372.222,-0.5835072,0.0195551999999999,2.191,0.9491,True
529,left_toe_tip,440.7600000000001,342.538,-0.519539956521739,-0.0455340630434782,-0.023,0.6134,True
529,right_shoulder,,,,,,0.0297,True
529,right_toe_tip,413.9225,387.08,-0.5582516963315217,0.0668684673913044,-0.02175,0.03,True
530,left_shoulder,274.864,374.864,-0.5832650713043479,0.0237436243478261,2.1534,0.9292,True
530,left_toe_tip,444.73,356.68600000000004,-0.5223897,-0.0088656704347825,-0.0281999999999998,0.8661,True
530,right_shoulder,,,,,,0.019,True
530,right_toe_tip,413.73875,386.5,-0.5599043676970109,0.0655766983695652,-0.026625,0.0432,True
531,left_shoulder,274.584,377.548,-0.5840300939130436,0.0280462817391304,2.1376,0.9302,True
531,left_toe_tip,448.994,371.626,-0.5263876221739131,0.0320397395652174,-0.0494,0.968,True
531,right_shoulder,,,,,,0.0209,True
531,right_toe_tip,413.646875,386.21,-0.5607314336362095,0.0649285088315217,-0.0320625,0.0324,True
532,left_shoulder,274.23400000000004,380.474,-0.5856231717391305,0.032780654347826,2.125,0.9288,True
532,left_toe_tip,451.426,385.228,-0.5324755839130434,0.0712361939130435,-0.0858000000000001,1.0,True
532,right_shoulder,,,,,,0.0232,True
532,right_toe_tip,413.555,385.92,-0.5615589864130435,0.0642787826086956,-0.0345,0.0882,False
533,left_shoulder,274.26,383.286,-0.5839913695652174,0.0371816673913042,2.115,0.8957,True
533,left_toe_tip,452.5679999999999,398.754,-0.539152222608696,0.1114767234782609,-0.1079,0.9706,True
533,right_shoulder,,,,,,0.0359,True
533,right_toe_tip,413.24875,384.9533333333334,-0.5643210117187499,0.0621019302536232,-0.042625,0.0439,True
534,left_shoulder,274.54999999999995,385.812,-0.582018847826087,0.0411084156521739,2.1138000000000003,0.915,True
534,left_toe_tip,452.97,411.898,-0.5465748456521741,0.1516662639130434,-0.1075999999999999,1.0,True
534,right_shoulder,,,,,,0.0277,False
534,right_toe_tip,413.00375,384.3966666666667,-0.5665345266644022,0.0608889089673913,-0.055125,0.0755,True
535,left_shoulder,275.008,388.574,-0.5782742817391305,0.0452711547826086,2.1164,0.9429,True
535,left_toe_tip,453.07,425.044,-0.5511996782608696,0.1917949600000001,-0.0598000000000001,0.9273,True
535,right_shoulder,,,,,,0.0197,True
535,right_toe_tip,413.0266666666666,383.95666666666665,-0.5694070144927537,0.0600999855072463,-0.067,0.682,True
536,left_shoulder,275.36800000000005,391.446,-0.5719173652173912,0.0493223673913043,2.126,0.9481,True
536,left_toe_tip,452.358,437.1360000000001,-0.5517898552173913,0.2268301460869567,-0.0439,0.9401,True
536,right_shoulder,,,,,,0.0225,True
536,right_toe_tip,413.03,384.2575,-0.572544160326087,0.0611908620923912,-0.07975,0.8513,True
537,left_shoulder,276.158,394.432,-0.5636387156521739,0.0533396591304347,2.1388000000000003,0.9309,True
537,left_toe_tip,451.31000000000006,447.398,-0.5501954282608694,0.2548411682608694,-0.0075999999999999,0.8606,True
537,right_shoulder,,,,,,0.0199,True
537,right_toe_tip,412.95,384.486,-0.5744365,0.0619495799999999,-0.0865999999999999,0.9048,True
538,left_shoulder,276.86,397.564,-0.5555252565217391,0.0574647539130435,2.1476,0.9519,True
538,left_toe_tip,449.86,455.45200000000006,-0.5443790869565217,0.2732832260869566,0.022,0.8869,True
538,right_shoulder,,,,,,0.0388,True
538,right_toe_tip,412.884,384.856,-0.5766277747826087,0.0631072226086955,-0.0888000000000001,0.9412,True
539,left_shoulder,277.808,400.752,-0.5483271930434783,0.0616949843478261,2.1382,0.919,True
539,left_toe_tip,447.904,461.7,-0.53653248,0.2840525217391303,0.0474,0.8014,True
539,right_shoulder,,,,,,0.0352,True
539,right_toe_tip,412.758,385.204,-0.5789730956521739,0.0642154086956521,-0.099,0.9409,True
540,left_shoulder,279.402,403.862,-0.5395643552173912,0.0656309013043477,2.1169,0.9528,True
540,left_toe_tip,445.806,464.682,-0.5321759921739129,0.2868741939130433,0.0448000000000001,0.8528,True
540,right_shoulder,,,,,,0.0212,True
540,right_toe_tip,412.402,385.674,-0.5775051860869564,0.065144984347826,-0.0894,0.9354,True
541,left_shoulder,281.222,406.976,-0.5334872869565218,0.0698512695652174,2.121,0.907,True
541,left_toe_tip,443.924,466.092,-0.5310249582608696,0.287324812173913,0.0494,0.843,True
541,right_shoulder,,,,,,0.015,True
541,right_toe_tip,412.294,385.82,-0.5739676239130433,0.0650832391304347,-0.074,0.9444,True
542,left_shoulder,282.908,410.304,-0.5270212147826087,0.0742421426086956,2.1587,0.969,True
542,left_toe_tip,442.264,467.0100000000001,-0.5323826869565217,0.2881127934782609,0.064,0.8269,True
542,right_shoulder,,,,,,0.0177,True
542,right_toe_tip,412.372,385.784,-0.5697627808695652,0.0645384730434782,-0.0578000000000001,0.9341,True
543,left_shoulder,285.04200000000003,413.65199999999993,-0.5195504813043478,0.0785301991304346,2.1794,0.994,True
543,left_toe_tip,440.884,467.332,-0.5354921817391304,0.2886530808695652,0.0643000000000001,0.8097,True
543,right_shoulder,,,,,,0.0435,True
543,right_toe_tip,412.544,385.664,-0.567107144347826,0.0639870469565218,-0.0488000000000001,0.9324,True
544,left_shoulder,286.928,417.482,-0.5089609634782609,0.0828615526086956,2.2048,0.9404,True
544,left_toe_tip,439.81000000000006,467.602,-0.5398166869565216,0.290151132173913,0.0601999999999998,0.8001,True
544,right_shoulder,,,,,,0.0275,True
544,right_toe_tip,412.708,385.546,-0.5650923821739132,0.0635123541304347,-0.0423000000000001,0.9173,True
545,left_shoulder,288.6605714285714,421.6405714285714,-0.4997094145874002,0.0876712698846495,2.2224857142857144,0.9278,True
545,left_toe_tip,439.462,468.024,-0.5421937186956522,0.2920640191304348,0.0535999999999999,0.8455,True
545,right_shoulder,,,,,,0.0364,True
545,right_toe_tip,412.91,385.462,-0.5669598054347825,0.0635692041304347,-0.0499,0.9095,True
546,left_shoulder,290.64571428571423,426.0897142857143,-0.489909713398403,0.0926795356699201,2.216857142857142,0.9373,True
546,left_toe_tip,439.358,468.46400000000006,-0.5430855526086956,0.2935837530434783,0.0508000000000001,0.8651,True
546,right_shoulder,,,,,,0.0289,True
546,right_toe_tip,412.898,385.4740000000001,-0.5731116449999999,0.0642858541304349,-0.0746999999999998,0.9344,False
547,left_shoulder,292.8974285714286,430.5674285714285,-0.480920314338953,0.0977731446672581,2.2053142857142856,0.9168,False
547,left_toe_tip,439.462,468.996,-0.5418013617391304,0.2944787582608694,0.0504,0.8244,True
547,right_shoulder,,,,,,0.0242,True
547,right_toe_tip,412.81000000000006,385.588,-0.5827670445652172,0.0656360013043479,-0.1149,0.9501,True
548,left_shoulder,295.1557142857143,435.5057142857143,-0.4742144401064774,0.1038320816326531,2.1778571428571425,0.9791,False
548,left_toe_tip,439.718,469.318,-0.5408920186956521,0.2952298943478262,0.0514,0.8426,True
548,right_shoulder,,,,,,0.0204,True
548,right_toe_tip,412.6215,385.815,-0.5909369494565218,0.0670909402173913,-0.146,0.935,True
549,left_shoulder,297.6985714285714,440.4585714285714,-0.4705581594942324,0.1106055485803016,2.1167857142857143,0.9414,False
549,left_toe_tip,440.0220000000001,469.344,-0.5400710204347824,0.2953001113043476,0.0489,0.8182,True
549,right_shoulder,,,,,,0.0181,True
549,right_toe_tip,412.4665,385.971,-0.5977948074456522,0.0682331566304347,-0.1720999999999999,0.9447,True
550,left_shoulder,298.97,442.935,-0.4687309076086957,0.1139905516304347,2.1085,0.9779,False
550,left_toe_tip,439.838,469.612,-0.5399587517391304,0.295690284347826,0.0541999999999998,0.8047,True
550,right_shoulder,,,,,,0.0167,True
550,right_toe_tip,412.345,386.056,-0.6033352402173914,0.0690540643478261,-0.1931999999999998,0.936,False
551,left_shoulder,302.1485714285714,449.1260714285714,-0.4641653691215617,0.1224480121866681,2.109035714285714,0.9157,False
551,left_toe_tip,439.5820000000001,469.524,-0.5402572173913042,0.2952386086956522,0.056,0.8268,True
551,right_shoulder,,,,,,0.0161,False
551,right_toe_tip,412.235,386.18,-0.6040723913043479,0.0694339130434782,-0.195,0.9331,False
552,left_shoulder,305.20642857142855,455.5989285714286,-0.4590804861634871,0.1310885463481588,2.208964285714286,0.9017,False
552,left_toe_tip,439.314,469.40600000000006,-0.5407615152173912,0.2948016021739132,0.057,0.6946,True
552,right_shoulder,,,,,,0.0194,True
552,right_toe_tip,412.203,386.322,-0.6121796769565218,0.0707375139130434,-0.2224000000000001,0.9443,False
553,left_shoulder,308.3598214285714,462.0610714285714,-0.4531085436654282,0.1394425236385315,2.2880357142857144,1.0,True
553,left_toe_tip,439.402,469.682,-0.5403499604347825,0.295449926521739,0.0578000000000001,0.7785,True
553,right_shoulder,,,,,,0.0121,True
553,right_toe_tip,412.2015,386.4155,-0.6160216175543479,0.0714338287499998,-0.2379,0.9257,True
554,left_shoulder,311.60875,468.5125,-0.446273000339674,0.147464949048913,2.27575,0.9151,True
554,left_toe_tip,439.46400000000006,470.17,-0.5395726243478259,0.2964291499999999,0.0605999999999999,0.8161,True
554,right_shoulder,,,,,,0.0164,True
554,right_toe_tip,412.2305,386.4605,-0.6155965888586956,0.0715152535326087,-0.2365,0.9238,True
555,left_shoulder,313.461,471.0100000000001,-0.4457967217391304,0.1515527826086957,2.2235,0.9261,False
555,left_toe_tip,439.6940000000001,470.214,-0.5381264234782607,0.2960923069565216,0.0644000000000001,0.8431,True
555,right_shoulder,,,,,,0.0219,False
555,right_toe_tip,412.29,386.457,-0.6109063282608697,0.0709795297826086,-0.2181999999999998,0.9242,False
556,left_shoulder,316.669,475.986,-0.4424714445652174,0.1587243195652173,2.105,1.0,True
556,left_toe_tip,442.186,471.348,-0.5294534713043478,0.2980253426086955,0.0635999999999999,0.7848,True
556,right_shoulder,193.04,502.23,-0.8152161739130435,0.259415152173913,1.686,0.0511,True
556,right_toe_tip,412.38,386.405,-0.6019559347826087,0.0698297445652173,-0.183,0.9124,False
557,left_shoulder,319.645,480.712,-0.4419506152173914,0.1665300765217391,2.1038,0.8789,True
557,left_toe_tip,444.4648333333333,472.40216666666674,-0.5223197716545893,0.3002522514371982,0.0589666666666666,0.498,True
557,right_shoulder,194.23166666666663,504.8083333333334,-0.807712838768116,0.2623864039855073,1.7015,0.1695,True
557,right_toe_tip,412.332,386.469,-0.5824836286956522,0.0677203610869563,-0.1038000000000001,0.9302,False
558,left_shoulder,322.766,485.43500000000006,-0.4418517908695653,0.1747091402173914,2.2076,0.9319,True
558,left_toe_tip,446.4245,473.14850000000007,-0.5159628707608697,0.3015899475000002,0.0598000000000001,0.8404,True
558,right_shoulder,195.4233333333333,507.3866666666667,-0.800238,0.2652960000000001,1.717,0.4162,True
558,right_toe_tip,412.244,386.5945,-0.5698356095652175,0.0665382827173914,-0.0518000000000001,0.9243,True
559,left_shoulder,326.03200000000004,490.155,-0.4421488486956521,0.1832921934782609,2.2884,0.984,True
559,left_toe_tip,448.379,473.74300000000005,-0.5093786060869564,0.3023585660869566,0.0614,0.0469,True
559,right_shoulder,196.615,509.965,-0.7927916576086956,0.2681439402173913,1.745,0.3062,False
559,right_toe_tip,412.146,386.7395,-0.561610576521739,0.0659070545652174,-0.0175999999999999,0.934,True
560,left_shoulder,328.72200000000004,494.457,-0.4431651352173912,0.1914258463043478,2.3232,0.9554,False
560,left_toe_tip,450.2883333333333,474.3416666666667,-0.5038356944444444,0.3036682669082126,0.0636666666666669,0.0423,True
560,right_shoulder,197.528,511.91,-0.7941410504347827,0.2726454260869566,1.7648,0.1701,True
560,right_toe_tip,412.1139999999999,386.966,-0.559757372608696,0.0662367030434782,-0.0098000000000001,0.925,True
561,left_shoulder,331.33000000000004,498.653,-0.4434111652173912,0.1991780486956521,2.3569,0.9905,True
561,left_toe_tip,449.9525,474.0225,-0.5052784619565218,0.3031511250000001,0.061,0.0284,True
561,right_shoulder,199.599,516.505,-0.7907112736956522,0.2809945206521739,1.7642,0.4751,True
561,right_toe_tip,412.198,387.136,-0.5606900530434784,0.0667899547826087,-0.0144,0.9315,True
562,left_shoulder,334.17,502.685,-0.4429881065217392,0.2066761206521738,2.3559,0.9665,True
562,left_toe_tip,449.7845833333333,473.8629166666667,-0.5060005757850243,0.3028918602053141,0.0596666666666665,0.042,True
562,right_shoulder,201.6363333333333,521.1716666666667,-0.7899122680434781,0.2904243358695653,1.7412,0.6714,True
562,right_toe_tip,412.4599999999999,387.06000000000006,-0.5609850304347828,0.0667146652173914,-0.0181999999999998,0.9542,True
563,left_shoulder,336.828,506.384,-0.4450696773913043,0.2148980765217391,2.3744,0.9741,True
563,left_toe_tip,449.6166666666666,473.7033333333334,-0.5067231763285025,0.3026321328502416,0.0583333333333334,0.1901,True
563,right_shoulder,203.704,525.7880000000001,-0.7920669339130436,0.3009773017391307,1.7068,0.7092,False
563,right_toe_tip,412.778,386.974,-0.5584721591304348,0.0662974008695651,-0.0111999999999998,0.9558,True
564,left_shoulder,339.138,509.776,-0.4492000469565217,0.22362208,2.3944,0.9976,True
564,left_toe_tip,449.4487499999999,473.5437500000001,-0.5074462635869568,0.3023719429347827,0.057,0.2759,True
564,right_shoulder,205.802,530.354,-0.7971308934782608,0.3127477239130435,1.671,0.6741,True
564,right_toe_tip,413.106,387.078,-0.5563342230434785,0.0663940786956522,-0.0058000000000001,0.9358,True
565,left_shoulder,341.564,513.1020000000001,-0.4516115208695653,0.2316832656521741,2.3868,0.9311,True
565,left_toe_tip,449.2808333333333,473.38416666666666,-0.5081698375603866,0.3021112904589371,0.0556666666666665,0.0246,True
565,right_shoulder,208.22200000000004,535.404,-0.7905291991304347,0.3211418452173913,1.6501,0.8519,False
565,right_toe_tip,413.446,387.292,-0.551905244347826,0.0664856852173913,0.0088000000000001,0.9478,True
566,left_shoulder,343.88199999999995,516.094,-0.4566010813043479,0.2406901613043479,2.3494,0.9634,True
566,left_toe_tip,,,,,,0.0226,True
566,right_shoulder,210.50366666666667,540.2030000000001,-0.7845777584782607,0.3291838715217392,1.6499,0.8182,True
566,right_toe_tip,413.642,387.666,-0.5499023152173913,0.0672103369565217,0.015,0.9639,True
567,left_shoulder,346.09800000000007,518.7040000000001,-0.4620011656521738,0.249475787826087,2.2898,0.9487,True
567,left_toe_tip,,,,,,0.0201,True
567,right_shoulder,212.647,544.751,-0.7792689052173912,0.336889432173913,1.6444,0.7461,True
567,right_toe_tip,413.636,388.118,-0.5488342808695653,0.0681739247826086,0.0254,0.9622,True
568,left_shoulder,348.064,520.912,-0.465701384347826,0.2566896208695652,2.3109,0.9486,True
568,left_toe_tip,,,,,,0.0233,True
568,right_shoulder,214.588,549.17,-0.7742498400000001,0.3442893999999999,1.6385999999999998,0.9527,False
568,right_toe_tip,413.702,388.626,-0.5483298930434783,0.0693620426086957,0.0268000000000001,0.9644,True
569,left_shoulder,349.764,522.9759999999999,-0.4704346991304348,0.2641628382608694,2.2983,1.0,True
569,left_toe_tip,,,,,,0.0132,True
569,right_shoulder,216.4464,553.4124,-0.7655823396869567,0.3495971176173914,1.63808,0.9221,False
569,right_toe_tip,413.656,389.142,-0.5482445321739132,0.070586992173913,0.0275999999999999,0.9592,True
570,left_shoulder,351.23,524.914,-0.4749638739130435,0.2712476791304348,2.3263000000000003,0.9741,True
570,left_toe_tip,,,,,,0.014,True
570,right_shoulder,218.2092,557.5772000000001,-0.7591134076173912,0.3555874181217391,1.6412400000000005,0.9443,True
570,right_toe_tip,413.564,389.55,-0.5492057504347828,0.071671597826087,0.0285999999999999,0.9633,True
571,left_shoulder,352.46,526.702,-0.4791291521739131,0.2777762673913043,2.3285,0.912,True
571,left_toe_tip,,,,,,0.0227,False
571,right_shoulder,220.0917333333333,561.6944000000001,-0.7487694669913044,0.3596561924869567,1.64848,0.9633,False
571,right_toe_tip,413.27,390.23,-0.5501159847826087,0.0733471804347826,0.0278000000000001,0.9643,True
572,left_shoulder,353.348,528.324,-0.4833825139130435,0.2838454930434782,2.3046,0.8743,True
572,left_toe_tip,,,,,,0.0364,True
572,right_shoulder,222.094,565.764,-0.7346060686956523,0.3616973269565218,1.6713,0.9104,False
572,right_toe_tip,413.116,391.524,-0.5514267652173914,0.0766170260869565,0.03,0.9562,True
573,left_shoulder,354.044,529.944,-0.4889225956521739,0.2905672956521739,2.294,0.9024,True
573,left_toe_tip,,,,,,0.0105,True
573,right_shoulder,224.216,569.7860000000001,-0.7166850730434782,0.3616072160869565,1.7107,0.8747,False
573,right_toe_tip,412.948,393.332,-0.5550434217391305,0.0814822478260869,0.023,0.9363,True
574,left_shoulder,354.71400000000006,531.1220000000001,-0.4926765182608695,0.2955202539130436,2.2727,0.9351,True
574,left_toe_tip,,,,,,0.0176,True
574,right_shoulder,226.1461,573.6236000000001,-0.7045547758663043,0.363677925030435,1.73077,0.8506,False
574,right_toe_tip,411.978,396.496,-0.5631647700000001,0.0901371860869564,-0.0001999999999998,0.9375,True
575,left_shoulder,355.068,532.12,-0.4964630391304348,0.2999003913043478,2.253,0.9721,True
575,left_toe_tip,,,,,,0.0164,True
575,right_shoulder,227.8843,577.2768,-0.6981284753184782,0.3680692609043478,1.73851,0.9336,True
575,right_toe_tip,410.8639999999999,401.13,-0.5706482643478262,0.1024315826086956,-0.0091999999999998,0.8923,True
576,left_shoulder,355.162,533.0780000000001,-0.5007575882608697,0.3042786491304349,2.2386,0.9785,True
576,left_toe_tip,,,,,,0.0256,True
576,right_shoulder,229.4306,580.7456,-0.6973342750565217,0.3749268039652172,1.73042,0.971,False
576,right_toe_tip,410.016,407.168,-0.575309975652174,0.1179917773913043,-0.0084,0.8648,True
577,left_shoulder,355.324,533.984,-0.5043097226086956,0.3082164382608696,2.1927,0.9666,True
577,left_toe_tip,,,,,,0.0547,True
577,right_shoulder,230.78500000000005,584.03,-0.7021150842391304,0.3843819076086956,1.7145,0.9249,False
577,right_toe_tip,410.145,415.4243333333334,-0.5769943465579711,0.139129133562802,0.0045666666666666,0.8747,True
578,left_shoulder,355.468,534.7360000000001,-0.507085507826087,0.3114099408695654,2.1829,0.9394,True
578,left_toe_tip,,,,,,0.1106,True
578,right_shoulder,231.9994,587.0824,-0.7096638262304348,0.3949802153565218,1.68828,0.9451,False
578,right_toe_tip,411.265,425.835,-0.5739508125,0.165195758152174,0.0385,0.6425,True
579,left_shoulder,355.50199999999995,535.614,-0.5104883678260871,0.3151125991304348,2.1832,0.9207,True
579,left_toe_tip,,,,,,0.0473,True
579,right_shoulder,233.2657,590.0871999999999,-0.714397850775,0.4041306601652173,1.6640899999999998,0.9675,True
579,right_toe_tip,414.364,437.448,-0.5633542304347826,0.193367452173913,0.083,0.2624,True
580,left_shoulder,355.538,536.488,-0.5140104660869566,0.3189061426086958,2.1431,0.92,True
580,left_toe_tip,442.9,467.32,-0.536026304347826,0.2918637391304348,0.034,0.0913,True
580,right_shoulder,234.5839,593.0444,-0.7163394018228262,0.4117717231608696,1.6504299999999998,0.9019,False
580,right_toe_tip,418.64,450.2833333333333,-0.5505928985507246,0.224563435990338,0.2096666666666669,0.1255,True
581,left_shoulder,355.612,537.2719999999999,-0.5170297486956522,0.3222882034782607,2.1329,0.906,True
581,left_toe_tip,442.845,468.105,-0.5357472826086955,0.2937635869565217,0.036,0.0312,False
581,right_shoulder,235.954,595.954,-0.7155127643478261,0.4178437573913042,1.6468,0.952,False
581,right_toe_tip,423.945,464.11500000000007,-0.5376716548913043,0.259099230978261,0.234,0.2198,False
582,left_shoulder,355.672,537.838,-0.5203202400000001,0.3254435399999999,2.1164,0.9158,True
582,left_toe_tip,443.0333333333333,467.26666666666665,-0.5370672020933978,0.292483035426731,0.0274444444444448,0.3891,True
582,right_shoulder,237.37600000000003,598.816,-0.7119442643478261,0.422288987826087,1.6452,0.8977,False
582,right_toe_tip,429.25,477.9466666666666,-0.5247369565217392,0.2936701062801931,0.270333333333333,0.0164,True
583,left_shoulder,355.606,538.466,-0.5240268573913044,0.3288430034782609,2.1048,0.9218,True
583,left_toe_tip,443.2825,466.0225,-0.5387814354619566,0.2903806460597826,0.02125,0.6237,True
583,right_shoulder,238.7156,601.6976000000001,-0.7075167386434782,0.4261443945739132,1.65392,0.859,False
583,right_toe_tip,435.43666666666667,490.976,-0.5212214439613526,0.3337230515942028,0.0618666666666667,0.0174,True
584,left_shoulder,355.614,539.034,-0.5274123839130435,0.3320302291304348,2.0938000000000003,0.9225,True
584,left_toe_tip,443.5559999999999,464.616,-0.5406480521739132,0.2879214260869565,0.024,0.1903,True
584,right_shoulder,240.06080000000003,604.9327999999999,-0.7069533963130433,0.4329559963826085,1.65376,0.8751,True
584,right_toe_tip,442.505,503.2030000000001,-0.5259163048913044,0.3813402496739133,-0.0009,0.7917,True
585,left_shoulder,355.54200000000003,539.5260000000001,-0.5316891052173912,0.3355575104347827,2.0754,0.9359,True
585,left_toe_tip,443.638,464.034,-0.5420871821739129,0.2872016882608695,0.0411999999999998,0.1969,True
585,right_shoulder,241.3976,608.1422666666667,-0.707149541831884,0.4402223623903383,1.6478533333333334,0.7926,True
585,right_toe_tip,450.455,514.6276666666666,-0.5373120019927535,0.4383302178381641,0.7390333333333333,0.8184,False
586,left_shoulder,355.756,540.0,-0.5348730573913044,0.3387130434782608,2.0638,0.9121,True
586,left_toe_tip,443.928,463.402,-0.5435456834782609,0.2866483269565218,0.0305999999999999,0.3041,True
586,right_shoulder,242.72600000000003,611.326,-0.7080977230434783,0.4479612769565217,1.6407,0.8038,True
586,right_toe_tip,459.29800000000006,525.1320000000001,-0.5429702269565216,0.4961857617391306,0.5365999999999999,0.9524,False
587,left_shoulder,355.96400000000006,540.77,-0.5375690034782609,0.3421268739130434,2.0483,0.9179,True
587,left_toe_tip,443.982,463.468,-0.5428136137681161,0.2865238855072465,0.033333333333333,0.4594,True
587,right_shoulder,244.046,614.484,-0.7097905834782609,0.4561902313043479,1.6268,0.8816,False
587,right_toe_tip,468.441,533.721,-0.5408583952173914,0.5476743352173914,0.3635999999999999,0.8596,True
588,left_shoulder,356.116,541.754,-0.5404287365217392,0.3460042995652174,2.0381,0.8602,True
588,left_toe_tip,444.232,463.664,-0.5435115495652174,0.2878028139130436,0.0268000000000001,0.5338,True
588,right_shoulder,245.628,617.89,-0.7127416569565218,0.4660801119565217,1.6093,0.8954,False
588,right_toe_tip,477.00233333333335,541.197,-0.5250769037439613,0.5837038141304349,0.254583333333333,0.8682,True
589,left_shoulder,356.098,542.986,-0.5431785873913043,0.3500999534782608,2.0293,0.7683,True
589,left_toe_tip,455.602,483.71,-0.5155126695652174,0.3458501304347827,-0.079,0.6116,True
589,right_shoulder,247.384,621.2099999999999,-0.7122993104347826,0.4738974032608694,1.6029,0.759,True
589,right_toe_tip,484.982,547.56,-0.497776277826087,0.6022714695652172,0.0918000000000001,0.8402,False
590,left_shoulder,356.29200000000003,544.3,-0.5457678460869565,0.3545371086956521,2.0252,0.7423,True
590,left_toe_tip,467.95,503.204,-0.4849939891304348,0.4036796234782608,0.6155999999999999,0.4286,True
590,right_shoulder,249.292,624.6673333333333,-0.7097437317391305,0.4807835540338164,1.6047666666666665,0.5986,False
590,right_toe_tip,492.38,552.8100000000001,-0.4608311304347826,0.6019025217391305,-0.051,0.7697,False
591,left_shoulder,356.284,546.076,-0.549175492173913,0.3601784139130435,2.0192,0.8712,True
591,left_toe_tip,481.0046666666667,522.1386666666667,-0.4516734820772946,0.460603054299517,0.4824666666666667,0.3868,True
591,right_shoulder,250.95127304347824,627.3590330434782,-0.7070717916631578,0.4859083642047439,1.6079573913043477,0.6407,True
591,right_toe_tip,498.708,556.051,-0.4285754947826087,0.5946738267391306,-0.1155999999999999,0.6713,False
592,left_shoulder,356.206,547.9680000000001,-0.5521644130434783,0.3657203478260871,2.01,0.817,True
592,left_toe_tip,495.064,540.74,-0.4162498904347825,0.5190774217391304,0.4143000000000001,0.7292,True
592,right_shoulder,252.3618191304348,629.2850991304347,-0.7042913106273986,0.489258191681637,1.6084721739130436,0.7396,True
592,right_toe_tip,504.559,558.278,-0.4017297834782607,0.5881097895652175,-0.2218000000000002,0.3481,True
593,left_shoulder,356.002,549.954,-0.5560804317391305,0.3719381908695651,1.9666,0.7613,True
593,left_toe_tip,509.696,559.576,-0.3762952904347825,0.5763407791304349,-0.2768000000000001,0.5857,False
593,right_shoulder,253.3356382608696,630.1521982608696,-0.7017351489912582,0.4902838530146395,1.606344347826087,0.6253,False
593,right_toe_tip,509.483,559.0360000000001,-0.3844576847826086,0.5862908260869567,-0.33,0.3665,False
594,left_shoulder,355.936,552.196,-0.5597295860869567,0.3787096834782609,1.9552,0.707,True
594,left_toe_tip,513.306,558.496,-0.3719846008695651,0.582801516521739,-0.3416999999999998,0.6895,False
594,right_shoulder,253.87273043478257,629.9603304347826,-0.6994049509660558,0.4889879750868742,1.6095739130434783,0.1866,True
594,right_toe_tip,513.48,558.325,-0.3760119391304347,0.5894132771739132,-0.3746999999999998,0.3081,True
595,left_shoulder,356.202,554.4939999999999,-0.5619817352173913,0.3851404013043476,1.9462,0.7369,True
595,left_toe_tip,516.492,556.492,-0.367839043478261,0.5852044347826086,-0.377,0.6757,True
595,right_shoulder,254.0090956521739,628.8654956521739,-0.6990375540498068,0.4869210034019888,1.6098608695652177,0.0855,False
595,right_toe_tip,516.4040000000001,556.221,-0.3719433539130431,0.5904972397826086,-0.4055999999999999,0.2619,True
596,left_shoulder,356.17600000000004,557.2760000000001,-0.5651799652173912,0.3928365565217393,1.9045,0.6786,True
596,left_toe_tip,519.1833333333333,554.6013333333333,-0.365321584541063,0.58842930705314,-0.3758666666666668,0.6497,True
596,right_shoulder,254.07727826086952,628.3180782608696,-0.6988538874918632,0.4858877736763787,1.6100043478260873,0.0121,True
596,right_toe_tip,518.812,554.134,-0.3698078165217391,0.5924041213043478,-0.3784,0.3055,True
597,left_shoulder,355.90000000000003,560.502,-0.5708557173913043,0.4028782578260867,1.9194,0.4706,True
597,left_toe_tip,521.34,552.9739999999999,-0.3629964173913042,0.590332636521739,-0.3789,0.597,True
597,right_shoulder,254.1454608695652,627.7706608695653,-0.6986702422007067,0.4848547146953235,1.6101478260869568,0.0181,True
597,right_toe_tip,520.838,552.168,-0.3676147700000001,0.5928382799999999,-0.3661999999999998,0.4814,True
598,left_shoulder,356.207,563.815,-0.5736011777173914,0.4119499918478262,1.9355,0.5937,True
598,left_toe_tip,522.7860000000001,551.648,-0.3630831056521738,0.5936505113043479,-0.3778000000000002,0.5221,True
598,right_shoulder,254.2136434782608,627.2232434782609,-0.6984866181763376,0.4838218264588229,1.6102913043478266,0.0302,True
598,right_toe_tip,522.598,550.762,-0.3633591900000001,0.5904083899999998,-0.3594000000000001,0.5252,True
599,left_shoulder,356.855,567.017,-0.5749997864130434,0.4204020229347827,1.9382,0.4281,True
599,left_toe_tip,522.6548,549.4842000000001,-0.3612956668695651,0.5834053749130438,-0.3445999999999999,0.4965,True
599,right_shoulder,254.28182608695653,626.6758260869565,-0.6983030154187556,0.4827891089668775,1.6104347826086958,0.0256,True
599,right_toe_tip,523.9939999999999,550.0300000000001,-0.3571723865217394,0.5850858456521741,-0.3535999999999999,0.5047,True
600,left_shoulder,357.33500000000004,570.483,-0.5782649961956521,0.4305978851086955,1.9404,0.2821,True
600,left_toe_tip,520.8824,546.1486000000001,-0.3650436537391305,0.5704645248260873,-0.3124,0.4572,True
600,right_shoulder,,,,,,0.0222,True
600,right_toe_tip,525.12,549.858,-0.3506337391304348,0.5794796347826084,-0.334,0.5813,True
601,left_shoulder,358.069,574.481,-0.5798891644565217,0.4411547785869564,1.9302,0.5248,True
601,left_toe_tip,517.3568,541.4312,-0.3727820048695651,0.5514719648695652,-0.2379,0.2046,True
601,right_shoulder,,,,,,0.0154,True
601,right_toe_tip,525.926,549.802,-0.3430155582608694,0.5707263617391305,-0.2924000000000001,0.7422,True
602,left_shoulder,359.283,578.759,-0.5792229142391304,0.4513806627173913,1.9467,0.4754,True
602,left_toe_tip,512.1179999999999,535.182,-0.3858700347826089,0.5285926434782608,-0.109,0.1891,True
602,right_shoulder,,,,,,0.0184,True
602,right_toe_tip,526.322,549.8040000000001,-0.3380190617391304,0.5643780678260871,-0.2635999999999999,0.8125,True
603,left_shoulder,360.362,583.2379999999999,-0.5774524699999999,0.4609864699999998,1.9342,0.4656,True
603,left_toe_tip,505.342,527.363,-0.4019248565217392,0.4995421717391306,0.072,0.155,True
603,right_shoulder,,,,,,0.0343,True
603,right_toe_tip,526.572,549.8320000000001,-0.3360920956521739,0.5624804695652178,-0.254,0.8248,True
604,left_shoulder,361.168,588.838,-0.5753031547826087,0.4721524908695652,1.8268,0.702,True
604,left_toe_tip,501.954,523.4535000000001,-0.4097865499999999,0.4852081614130437,0.108,0.1164,True
604,right_shoulder,,,,,,0.0665,True
604,right_toe_tip,526.826,549.7880000000001,-0.3315506139130433,0.5559963234782612,-0.2231999999999998,0.8953,True
605,left_shoulder,361.888,594.988,-0.5743617391304348,0.4853013043478262,1.804,0.7774,True
605,left_toe_tip,498.566,519.544,-0.4175377652173913,0.4710016347826087,0.145,0.1794,True
605,right_shoulder,,,,,,0.0185,False
605,right_toe_tip,527.048,549.6619999999999,-0.3290340869565217,0.5524936521739129,-0.194,0.9175,True
606,left_shoulder,363.094,600.1800000000001,-0.5708477386956521,0.4951362913043479,1.8074,0.6935,True
606,left_toe_tip,495.17800000000005,515.6345,-0.4251785021739129,0.4569225918478261,0.191,0.087,True
606,right_shoulder,,,,,,0.0579,False
606,right_toe_tip,527.2239999999999,549.6,-0.3287910730434785,0.5527664347826088,-0.1961999999999998,0.914,True
607,left_shoulder,364.512,605.308,-0.5672657252173913,0.5051211686956522,1.8096,0.7681,True
607,left_toe_tip,491.79,511.725,-0.4327087608695653,0.4429710326086957,0.298,0.0453,True
607,right_shoulder,,,,,,0.0501,True
607,right_toe_tip,527.392,549.412,-0.3285705599999999,0.5526712747826088,-0.1984000000000001,0.9211,True
608,left_shoulder,366.25,610.798,-0.5643415760869566,0.5170255291304348,1.8339,0.7652,True
608,left_toe_tip,457.91,472.63,-0.5019350434782608,0.3104670434782609,-0.0125,0.0585,True
608,right_shoulder,,,,,,0.034,True
608,right_toe_tip,527.512,549.192,-0.3253593130434784,0.5472172956521739,-0.175,0.9295,True
609,left_shoulder,368.344,615.132,-0.5622688643478262,0.5280677765217391,1.8638,0.6862,True
609,left_toe_tip,459.005,474.09,-0.4984248179347826,0.3141815380434783,-0.0125,0.1919,True
609,right_shoulder,,,,,,0.0193,True
609,right_toe_tip,527.576,548.9399999999999,-0.3232678799999999,0.5432846478260868,-0.1714,0.9168,True
610,left_shoulder,370.574,619.51,-0.5574775365217393,0.5369600391304348,1.9304,0.8303,True
610,left_toe_tip,459.5733333333333,473.76666666666665,-0.4983306086956521,0.3142185869565216,-0.02,0.39,True
610,right_shoulder,,,,,,0.0271,True
610,right_toe_tip,527.7360000000001,548.684,-0.3230518626086954,0.5429587191304347,-0.1734,0.9023,True
611,left_shoulder,372.696,624.164,-0.5545395808695651,0.5480254460869565,1.9254,0.8894,True
611,left_toe_tip,459.91,473.725,-0.4974007499999999,0.3141035054347826,-0.0125,0.7057,True
611,right_shoulder,,,,,,0.0185,True
611,right_toe_tip,527.9680000000001,548.3839999999999,-0.3237237704347824,0.5443478539130432,-0.1844000000000001,0.9046,True
612,left_shoulder,374.6,628.804,-0.5485702608695652,0.5556061808695651,1.9094,0.8695,True
612,left_toe_tip,460.374,473.984,-0.4955334652173913,0.3144471652173914,-0.0095,0.6226,True
612,right_shoulder,,,,,,0.0248,True
612,right_toe_tip,528.128,548.208,-0.3198809599999999,0.5381521356521738,-0.1425999999999999,0.8797,True
613,left_shoulder,376.37,632.928,-0.542791245652174,0.5619350191304349,1.8848,0.8637,True
613,left_toe_tip,461.188,474.488,-0.4938709695652173,0.3162108782608695,-0.005,0.7331,True
613,right_shoulder,,,,,,0.0208,True
613,right_toe_tip,528.384,548.058,-0.3195371965217391,0.5383773482608696,-0.1458000000000001,0.8894,True
614,left_shoulder,377.888,637.184,-0.5396658156521739,0.5706977530434781,1.7848,0.9192,True
614,left_toe_tip,461.67,474.172,-0.4929273804347827,0.3155863000000001,-0.007,0.7568,True
614,right_shoulder,,,,,,0.0118,True
614,right_toe_tip,528.562,547.934,-0.3214501786956522,0.5421078795652174,-0.1658000000000001,0.8855,True
615,left_shoulder,379.48,640.592,-0.5371809130434783,0.578568504347826,1.807,0.9047,True
615,left_toe_tip,462.65600000000006,474.892,-0.492746448695652,0.319224924347826,-0.0151999999999998,0.7346,True
615,right_shoulder,,,,,,0.0115,True
615,right_toe_tip,528.7259999999999,547.82,-0.3173244200000003,0.535613643478261,-0.1355999999999999,0.885,True
616,left_shoulder,381.068,643.9159999999999,-0.5319363913043477,0.5832622173913041,1.846,0.885,True
616,left_toe_tip,464.495,476.176,-0.4949241000000001,0.3276163200000002,-0.0384,0.7247,True
616,right_shoulder,,,,,,0.0153,True
616,right_toe_tip,528.7879999999999,547.742,-0.3118046008695655,0.5263714291304347,-0.0914,0.8655,True
617,left_shoulder,382.8059999999999,646.8,-0.5293723460869567,0.5903092173913042,1.8529,0.8312,True
617,left_toe_tip,466.967,477.836,-0.4998396747826087,0.340392340869565,-0.0690999999999999,0.4922,True
617,right_shoulder,,,,,,0.0134,True
617,right_toe_tip,528.938,547.676,-0.3088972234782609,0.5219840747826089,-0.0708000000000001,0.8795,True
618,left_shoulder,384.5,649.366,-0.5285517391304349,0.5986101860869566,1.9043,0.8833,True
618,left_toe_tip,471.441,480.222,-0.4980185584782609,0.3552037395652175,-0.0241999999999998,0.0278,True
618,right_shoulder,,,,,,0.0115,True
618,right_toe_tip,529.148,547.5780000000001,-0.3018307173913043,0.5107422717391307,-0.031,0.8891,True
619,left_shoulder,386.186,651.6940000000001,-0.5251742721739131,0.6035529330434785,1.9074,0.9425,True
619,left_toe_tip,478.03899999999993,483.388,-0.4889109665217393,0.3724708191304348,0.2033000000000001,0.8544,True
619,right_shoulder,,,,,,0.0127,True
619,right_toe_tip,529.5319999999999,547.49,-0.2947094121739133,0.5001907130434783,0.0195999999999999,0.8811,True
620,left_shoulder,387.796,654.15,-0.5191016243478261,0.6054374347826087,1.9404,0.9481,True
620,left_toe_tip,486.027,486.892,-0.4721615517391302,0.3891170765217391,0.2423000000000001,0.9091,True
620,right_shoulder,,,,,,0.0143,True
620,right_toe_tip,529.9200000000001,547.5939999999999,-0.2901565217391302,0.4944733152173911,0.049,0.8963,True
621,left_shoulder,389.402,656.064,-0.5156326239130435,0.6091838608695651,1.9635,0.8987,True
621,left_toe_tip,495.39,490.892,-0.4444871282608696,0.4023221713043478,0.2181999999999998,0.8964,True
621,right_shoulder,,,,,,0.0145,True
621,right_toe_tip,530.466,547.632,-0.2848122117391304,0.4878839895652172,0.0818000000000001,0.8985,True
622,left_shoulder,390.886,657.8520000000001,-0.5134997713043479,0.6139636226086959,1.9826,0.9232,True
622,left_toe_tip,506.928,495.7,-0.4016170817391304,0.4095484999999998,0.0994,0.9338,True
622,right_shoulder,,,,,,0.0132,True
622,right_toe_tip,531.276,547.544,-0.2805551913043479,0.4839450608695652,0.091,0.918,True
623,left_shoulder,392.294,659.6220000000001,-0.5109205495652174,0.6180029426086957,1.9869,0.9277,True
623,left_toe_tip,518.976,501.042,-0.3566261565217391,0.4156139804347827,0.054,0.9944,True
623,right_shoulder,,,,,,0.0102,True
623,right_toe_tip,532.124,547.518,-0.277358576521739,0.4821250839130436,0.0815999999999999,0.9496,True
624,left_shoulder,393.792,661.258,-0.507563144347826,0.6210499160869566,1.9934,0.9624,True
624,left_toe_tip,530.682,506.824,-0.3144318386956521,0.4223105095652172,-0.0116999999999998,0.9865,True
624,right_shoulder,,,,,,0.0106,True
624,right_toe_tip,531.6493333333334,547.142,-0.2775896971014491,0.4794496673913045,0.108,0.914,True
625,left_shoulder,395.488,662.508,-0.5055019826086956,0.6254024086956522,1.988,0.9479,True
625,left_toe_tip,543.22,513.108,-0.2691956739130434,0.4258732304347825,-0.061,0.9572,True
625,right_shoulder,,,,,,0.0161,True
625,right_toe_tip,529.894,546.27,-0.2836186943478261,0.4798072239130435,0.1161999999999998,0.6742,True
626,left_shoulder,397.268,663.854,-0.5028246147826086,0.6294401665217392,1.9962,0.9067,True
626,left_toe_tip,554.998,519.6899999999999,-0.2269922973913042,0.4264417304347825,-0.0058000000000001,0.93,True
626,right_shoulder,,,,,,0.0147,True
626,right_toe_tip,526.8,545.0759999999999,-0.2943692173913044,0.4812780678260867,0.1055999999999999,0.0862,True
627,left_shoulder,399.392,664.756,-0.4965939895652174,0.6289898834782609,1.9857,0.8424,True
627,left_toe_tip,565.4440000000001,526.66,-0.1929217539130432,0.4312508652173912,0.0459,0.8979,True
627,right_shoulder,,,,,,0.0131,True
627,right_toe_tip,523.652,543.9,-0.3065011008695651,0.4844565652173912,0.0834,0.083,False
628,left_shoulder,402.0,665.436,-0.4878482608695652,0.6260774008695653,2.0042,0.9179,True
628,left_toe_tip,575.95,534.734,-0.162227510869565,0.4425708334782608,0.1278000000000002,0.8258,True
628,right_shoulder,,,,,,0.0115,True
628,right_toe_tip,520.816,542.934,-0.3175735408695651,0.4874395734782608,0.0675999999999999,0.8038,True
629,left_shoulder,404.754,666.096,-0.4813849126086955,0.6263655756521739,1.9844,0.9363,True
629,left_toe_tip,585.528,542.462,-0.1354694956521738,0.4537750608695651,0.127,0.829,True
629,right_shoulder,,,,,,0.0121,True
629,right_toe_tip,519.5926666666667,542.8299999999999,-0.3250212734782609,0.4935217630434781,0.0425999999999999,0.8945,True
630,left_shoulder,407.42,667.314,-0.4755249782608696,0.6283235152173912,1.9695,0.9304,True
630,left_toe_tip,593.2700000000001,549.385,-0.1154027826086954,0.4676986086956521,0.077,0.7605,True
630,right_shoulder,,,,,,0.0139,True
630,right_toe_tip,519.97,543.566,-0.3283603304347826,0.5021727269565219,0.0091999999999998,0.8809,True
631,left_shoulder,410.366,668.104,-0.469102325652174,0.6294028886956523,1.9326,0.9653,True
631,left_toe_tip,600.5139999999999,555.4390000000001,-0.0983458917391306,0.4867705702173915,0.0035999999999999,0.8457,True
631,right_shoulder,,,,,,0.015,True
631,right_toe_tip,522.0799999999999,545.0219999999999,-0.3241261913043481,0.5085691669565217,-0.0218000000000001,0.7992,True
632,left_shoulder,413.592,668.3520000000001,-0.4644809339130435,0.632590831304348,1.8611,0.8951,True
632,left_toe_tip,606.85,560.033,-0.0829182391304347,0.5003434126086956,-0.0021999999999998,0.8333,False
632,right_shoulder,,,,,,0.021,True
632,right_toe_tip,523.9219999999999,546.6519999999999,-0.319416374782609,0.5136176121739129,-0.0295999999999999,0.8601,True
633,left_shoulder,416.834,668.5960000000001,-0.4571021852173913,0.6320851113043481,1.8196,0.9121,True
633,left_toe_tip,611.054,562.501,-0.0728054826086957,0.5093340369565217,-0.004,0.8911,True
633,right_shoulder,,,,,,0.0152,True
633,right_toe_tip,525.222,548.242,-0.3156145482608696,0.517624577826087,-0.0368000000000001,0.916,True
634,left_shoulder,420.02,669.4399999999999,-0.4492852391304348,0.6319975652173913,1.794,0.9745,True
634,left_toe_tip,614.572,564.711,-0.0640951434782608,0.5160052271739131,0.005,0.8839,True
634,right_shoulder,,,,,,0.0168,True
634,right_toe_tip,526.208,549.356,-0.3118148173913044,0.518876604347826,-0.035,0.9376,True
635,left_shoulder,424.016,669.418,-0.4416403269565218,0.6326925452173913,1.7493,0.9244,True
635,left_toe_tip,617.2520000000001,566.606,-0.0573991382608694,0.5213208352173914,-0.0299,0.8792,True
635,right_shoulder,,,,,,0.016,True
635,right_toe_tip,526.86,550.17,-0.3062650608695652,0.5147819217391303,-0.0184,0.9254,True
636,left_shoulder,428.358,669.25,-0.4316576617391304,0.6307355434782609,1.7266,0.8955,True
636,left_toe_tip,618.916,568.25,-0.0526183304347824,0.5197195652173913,-0.018,0.8776,True
636,right_shoulder,,,,,,0.0157,True
636,right_toe_tip,527.0060000000001,550.588,-0.3029713034782606,0.5110244330434782,0.0051999999999998,0.932,True
637,left_shoulder,432.71,669.86,-0.4225561586956521,0.6316428739130436,1.7030999999999998,0.8784,True
637,left_toe_tip,619.65,569.606,-0.0507201630434783,0.5224201717391305,-0.029,0.9307,True
637,right_shoulder,,,,,,0.0155,True
637,right_toe_tip,527.172,550.894,-0.2994111730434782,0.5065745778260871,0.0305999999999999,0.92,True
638,left_shoulder,437.696,670.288,-0.4135357634782607,0.634269144347826,1.7034,0.9152,True
638,left_toe_tip,620.0260000000001,570.9879999999999,-0.0493184113043476,0.5209568921739129,-0.0265999999999999,0.9605,True
638,right_shoulder,,,,,,0.0134,True
638,right_toe_tip,527.54,550.978,-0.2996081086956523,0.508790302173913,0.021,0.9489,True
639,left_shoulder,443.82,669.3860000000001,-0.4034484347826086,0.6362590347826088,1.682,0.9138,True
639,left_toe_tip,620.1600000000001,571.962,-0.048694260869565,0.5202284739130435,-0.013,0.967,True
639,right_shoulder,,,,,,0.0125,True
639,right_toe_tip,527.884,551.03,-0.2964493278260869,0.5051082369565216,0.0274,0.9406,True
640,left_shoulder,449.568,669.312,-0.3901786086956521,0.6337533913043478,1.66,0.8897,True
640,left_toe_tip,620.272,572.582,-0.0479304626086955,0.5164818330434782,-0.0001999999999998,0.9515,True
640,right_shoulder,,,,,,0.0119,True
640,right_toe_tip,528.104,551.0020000000001,-0.2958676191304346,0.505034201304348,0.0274,0.9541,True
641,left_shoulder,455.758,669.322,-0.3774958369565218,0.6337738804347826,1.632,0.9233,True
641,left_toe_tip,620.624,572.64,-0.047285864347826,0.518934052173913,-0.0101999999999998,0.9572,True
641,right_shoulder,,,,,,0.0141,True
641,right_toe_tip,528.4,550.97,-0.2962737391304348,0.5069838347826088,0.0175999999999999,0.9705,True
642,left_shoulder,462.196,668.9359999999999,-0.3641889756521738,0.6327815199999999,1.6001,0.8666,True
642,left_toe_tip,621.2520000000001,572.524,-0.0462097443478259,0.5238254591304348,-0.0265999999999999,0.9456,True
642,right_shoulder,,,,,,0.0165,True
642,right_toe_tip,528.764,550.958,-0.2980399347826086,0.511642902173913,-0.005,0.926,True
643,left_shoulder,468.3860000000001,669.274,-0.3527040773913042,0.6356253034782609,1.5797,0.9275,True
643,left_toe_tip,621.9799999999999,572.096,-0.0444780608695654,0.5235082573913045,-0.0128000000000001,0.935,True
643,right_shoulder,,,,,,0.016,True
643,right_toe_tip,529.052,551.042,-0.2933851026086956,0.5051814973913045,0.0271999999999998,0.9491,True
644,left_shoulder,474.258,669.922,-0.3376452786956522,0.631365013478261,1.5688,0.9304,True
644,left_toe_tip,622.7299999999999,571.6560000000001,-0.0428971782608698,0.5257350991304349,-0.0091999999999998,0.9184,True
644,right_shoulder,,,,,,0.0111,True
644,right_toe_tip,529.3779999999999,550.998,-0.291993983478261,0.5041516773913045,0.0205999999999999,0.9716,True
645,left_shoulder,480.54,670.462,-0.3240157869565218,0.630845285652174,1.5206,0.8399,True
645,left_toe_tip,623.3059999999999,571.306,-0.0417785495652175,0.5288162330434784,-0.0264,0.9055,True
645,right_shoulder,,,,,,0.0118,False
645,right_toe_tip,529.8700000000001,550.784,-0.2902643739130431,0.5028402643478261,0.0241999999999998,0.9724,True
646,left_shoulder,486.646,670.8720000000001,-0.3113419578260869,0.6311377408695653,1.5092,0.8856,True
646,left_toe_tip,623.9159999999999,571.236,-0.0407624504347827,0.5353454973913043,-0.0555999999999999,0.8874,True
646,right_shoulder,,,,,,0.0154,True
646,right_toe_tip,530.312,550.5719999999999,-0.2890994156521739,0.5022815060869563,0.0241999999999998,0.9974,True
647,left_shoulder,492.752,671.712,-0.2993935965217392,0.633791812173913,1.4684,0.8764,True
647,left_toe_tip,624.356,571.1740000000001,-0.0397901739130434,0.5371164782608698,-0.045,0.8867,True
647,right_shoulder,,,,,,0.0156,True
647,right_toe_tip,530.582,550.3480000000001,-0.2852955417391304,0.4963117200000002,0.0346999999999998,0.9955,True
648,left_shoulder,499.1719999999999,671.928,-0.2865849800000002,0.63477348,1.4708,0.8426,True
648,left_toe_tip,624.6653333333334,571.152,-0.0393789795169081,0.542232215652174,-0.0675333333333333,0.8743,True
648,right_shoulder,,,,,,0.016,True
648,right_toe_tip,530.758,550.074,-0.284955382173913,0.4958038969565216,0.0336999999999998,1.0,True
649,left_shoulder,505.568,672.486,-0.2760824139130434,0.6417511395652175,1.4366,0.8572,True
649,left_toe_tip,624.9219999999999,571.188,-0.0387078482608697,0.542156324347826,-0.0668000000000001,0.896,True
649,right_shoulder,,,,,,0.0098,False
649,right_toe_tip,530.798,550.024,-0.2842575539130434,0.4946407339130435,0.0386999999999998,1.0,True
650,left_shoulder,511.966,672.77,-0.2621635317391304,0.6404305717391303,1.3722,0.8286,True
650,left_toe_tip,625.202,571.2360000000001,-0.0379343513043478,0.5414988939130437,-0.0634000000000001,0.8973,False
650,right_shoulder,,,,,,0.0137,True
650,right_toe_tip,530.6800000000001,550.1200000000001,-0.2825446695652172,0.4913775391304351,0.0556999999999998,1.0,True
651,left_shoulder,518.38,672.8199999999999,-0.2456724,0.6318963999999999,1.0161,0.9053,True
651,left_toe_tip,625.204,571.282,-0.0375754069565218,0.5365644182608698,-0.0414,0.8873,False
651,right_shoulder,,,,,,0.0114,True
651,right_toe_tip,530.5600000000001,550.192,-0.2808801391304346,0.4881319026086956,0.0878000000000001,0.9984,True
652,left_shoulder,524.5840000000001,672.958,-0.2271437060869564,0.6159149508695652,0.9229,0.8856,True
652,left_toe_tip,625.202,571.4,-0.03736495,0.533785,-0.028,0.8926,True
652,right_shoulder,,,,,,0.0131,True
652,right_toe_tip,530.492,550.1940000000001,-0.2805547347826088,0.4872687586956524,0.092,0.9907,True
653,left_shoulder,530.36,673.244,-0.2120580608695652,0.6058547539130436,0.9146,0.9141,True
653,left_toe_tip,625.2246666666667,571.456,-0.03711927763285,0.5312295698550726,-0.0162666666666668,0.8993,True
653,right_shoulder,,,,,,0.017,True
653,right_toe_tip,530.458,550.1700000000001,-0.2806418413043479,0.4872072717391306,0.092,1.0,True
654,left_shoulder,536.008,672.946,-0.1945328608695651,0.5854131152173914,0.949,0.893,True
654,left_toe_tip,625.265,571.44,-0.0369576222826087,0.5303236956521741,-0.0125,0.8984,True
654,right_shoulder,,,,,,0.0128,True
654,right_toe_tip,530.412,550.092,-0.2805452799999999,0.48663552,0.0938000000000001,1.0,True
655,left_shoulder,541.264,672.47,-0.1820820626086956,0.5762354369565218,0.9674,0.8946,True
655,left_toe_tip,625.323,571.3520000000001,-0.0368791531521739,0.5310678460869567,-0.0166999999999998,0.8939,True
655,right_shoulder,,,,,,0.0209,True
655,right_toe_tip,530.462,549.882,-0.2811078456521739,0.4872950021739129,0.088,1.0,True
656,left_shoulder,545.842,672.5640000000001,-0.1731893126086957,0.5749139139130437,0.9828,0.9098,True
656,left_toe_tip,625.373,571.168,-0.0368043938043477,0.5313400034782609,-0.0199,0.8826,False
656,right_shoulder,,,,,,0.0131,True
656,right_toe_tip,530.4959999999999,549.702,-0.2812110330434786,0.4871629839130434,0.1024,1.0,True
657,left_shoulder,550.268,672.52,-0.1652629356521738,0.5755803130434783,1.0026,0.8641,True
657,left_toe_tip,625.397,570.9780000000001,-0.0367313068478259,0.5306784671739131,-0.0190999999999999,0.8678,True
657,right_shoulder,,,,,,0.0145,True
657,right_toe_tip,530.586,549.576,-0.2806706956521738,0.486303652173913,0.089,1.0,True
658,left_shoulder,554.22,672.426,-0.1574622434782608,0.5735054660869565,1.0192,0.9132,True
658,left_toe_tip,625.4069999999999,570.8199999999999,-0.0366458781521741,0.5294102673913043,-0.0153000000000001,0.8605,True
658,right_shoulder,,,,,,0.0141,True
658,right_toe_tip,530.796,549.51,-0.2793248399999998,0.4847336217391303,0.0958000000000001,1.0,True
659,left_shoulder,557.87,672.1980000000001,-0.1519226456521739,0.5774984308695654,1.0457,0.9198,True
659,left_toe_tip,625.434,570.638,-0.0364719973913044,0.527419235652174,0.0184,0.8485,True
659,right_shoulder,,,,,,0.0137,True
659,right_toe_tip,531.136,549.438,-0.2782658504347827,0.4842200008695651,0.0974000000000001,1.0,True
660,left_shoulder,561.33,672.0260000000001,-0.1453000695652173,0.5762984556521741,1.0713,0.8914,True
660,left_toe_tip,625.434,570.5519999999999,-0.0364593313043479,0.5270208104347824,0.0191999999999998,0.8382,True
660,right_shoulder,,,,,,0.0132,False
660,right_toe_tip,531.4939999999999,549.3639999999999,-0.2781527721739132,0.4854304973913041,0.0905999999999999,1.0,True
661,left_shoulder,564.514,671.902,-0.1392060299999999,0.5751879708695652,1.1094000000000002,0.915,True
661,left_toe_tip,625.414,570.572,-0.03617328,0.52221856,0.0404,0.8304,True
661,right_shoulder,,,,,,0.0171,True
661,right_toe_tip,532.0540000000001,549.35,-0.2798852047826085,0.4909516195652175,0.0635999999999999,1.0,True
662,left_shoulder,567.3839999999999,671.5559999999999,-0.1341185947826088,0.5754303860869564,1.1368,0.8826,True
662,left_toe_tip,625.3979999999999,570.566,-0.0359367917391306,0.5182212360869566,0.0578000000000001,0.8283,True
662,right_shoulder,,,,,,0.0129,True
662,right_toe_tip,532.676,549.214,-0.2802789591304346,0.4941364743478262,0.0304,1.0,True
663,left_shoulder,570.0020000000001,671.126,-0.1292832626086955,0.5746361947826086,1.1738,0.9073,True
663,left_toe_tip,625.4559999999999,570.524,-0.0356328000000002,0.5157838,0.068,0.8523,True
663,right_shoulder,,,,,,0.016,True
663,right_toe_tip,533.3779999999999,549.132,-0.2815284373913045,0.4993907113043476,0.0038000000000001,1.0,True
664,left_shoulder,572.134,671.2760000000001,-0.125773402173913,0.5768756304347827,1.1715,0.8796,True
664,left_toe_tip,625.478,570.542,-0.0355283886956523,0.5150955800000002,0.0711999999999998,0.8636,True
664,right_shoulder,,,,,,0.0209,True
664,right_toe_tip,534.248,549.246,-0.2820589756521738,0.504751994347826,-0.0388000000000001,1.0,True
665,left_shoulder,573.7239999999999,671.2819999999999,-0.1229131643478262,0.5772927699999998,1.1858,0.8586,True
665,left_toe_tip,625.492,570.5640000000001,-0.0352575939130435,0.5117162947826089,0.0861999999999998,0.8665,True
665,right_shoulder,,,,,,0.0201,True
665,right_toe_tip,536.658,550.2880000000001,-0.2807757208695651,0.5170042226086959,-0.1170999999999999,1.0,True
666,left_shoulder,575.1899999999999,670.9219999999999,-0.120455020652174,0.577875573695652,1.1850999999999998,0.8394,True
666,left_toe_tip,625.5980000000001,570.4620000000001,-0.0351064404347824,0.513024001304348,0.0794000000000001,0.8913,True
666,right_shoulder,,,,,,0.0177,True
666,right_toe_tip,540.246,550.848,-0.2690322008695652,0.5147087582608694,-0.1131999999999998,0.8604,True
667,left_shoulder,576.542,670.2879999999999,-0.1183008867391303,0.5784510313043476,1.1769,0.828,True
667,left_toe_tip,625.744,570.3779999999999,-0.034797036521739,0.5135052573913041,0.0904,0.8875,True
667,right_shoulder,,,,,,0.0157,True
667,right_toe_tip,546.2248571428572,552.75,-0.2517513113132207,0.5174619177018633,-0.1338571428571426,0.749,True
668,left_shoulder,577.528,669.9280000000001,-0.1164627469565216,0.5777799052173914,1.1639000000000002,0.9049,False
668,left_toe_tip,625.8240000000001,570.298,-0.0346387478260867,0.5138585913043479,0.088,0.902,True
668,right_shoulder,,,,,,0.0132,True
668,right_toe_tip,554.5185714285715,555.7699999999999,-0.2264487993345163,0.5186141854037264,-0.1671714285714288,0.4841,True
669,left_shoulder,578.3979999999999,669.452,-0.1149613845652175,0.5774979769565218,1.1690999999999998,0.9305,True
669,left_toe_tip,625.926,570.2639999999999,-0.0345088360869564,0.5155581860869564,0.0801999999999998,0.9123,True
669,right_shoulder,,,,,,0.0146,True
669,right_toe_tip,565.0771428571428,559.758,-0.1952834023070099,0.520661162236025,-0.168442857142857,0.2266,False
670,left_shoulder,579.1800000000001,669.132,-0.1135945717391303,0.5773712126086955,1.1607,0.9237,True
670,left_toe_tip,626.1279999999999,570.074,-0.034058775652174,0.5157773382608696,0.0771999999999998,0.9365,True
670,right_shoulder,,,,,,0.0146,True
670,right_toe_tip,576.5585714285714,564.0699999999999,-0.1600221375332741,0.5147380559006209,-0.1155714285714284,0.1404,True
671,left_shoulder,579.702,669.25,-0.1133864565217391,0.5815244565217391,1.149,0.9492,True
671,left_toe_tip,626.342,569.9499999999999,-0.0336283713043478,0.516933413043478,0.0708000000000001,0.9504,True
671,right_shoulder,,,,,,0.0137,True
671,right_toe_tip,589.1528571428571,570.03,-0.1258940516858918,0.5200199301242234,-0.1338571428571426,0.0821,True
672,left_shoulder,580.034,669.7180000000001,-0.1127100078260869,0.5821351800000002,1.1498,0.9513,True
672,left_toe_tip,626.338,569.91,-0.0338283,0.5197554130434782,0.058,0.9489,True
672,right_shoulder,,,,,,0.0144,True
672,right_toe_tip,595.45,573.01,-0.1092685597826085,0.5224533315217391,-0.1195,0.0767,True
673,left_shoulder,580.6540000000001,669.7099999999999,-0.1120478282608693,0.5847459456521737,1.133,0.9361,True
673,left_toe_tip,626.442,569.5939999999999,-0.0337800517391304,0.5222080073913041,0.0438000000000001,0.9473,True
673,right_shoulder,,,,,,0.0137,True
673,right_toe_tip,611.1928571428571,580.46,-0.0689839371672584,0.527931522515528,-0.0606071428571426,0.0359,True
674,left_shoulder,581.1940000000001,670.23,-0.1110794204347824,0.5859974934782609,1.1292,0.9355,True
674,left_toe_tip,626.3340000000001,569.21,-0.0340491360869563,0.5212512630434784,0.0588000000000001,0.9351,True
674,right_shoulder,,,,,,0.0146,True
674,right_toe_tip,626.8246428571429,587.525,-0.0312254941354259,0.5392324835015528,-0.0448928571428573,0.0207,True
675,left_shoulder,581.7719999999999,670.874,-0.1104939591304349,0.589917205652174,1.1212,0.8872,True
675,left_toe_tip,626.2360000000001,569.2439999999999,-0.034433937391304,0.5234739026086954,0.0494,0.8384,True
675,right_shoulder,,,,,,0.0121,True
675,right_toe_tip,639.9378571428571,591.7950000000001,-0.0001479342557676,0.5517998751940997,0.0228928571428568,0.7915,True
676,left_shoulder,582.5139999999999,671.324,-0.1080986739130436,0.5854244782608695,1.1275,0.8774,True
676,left_toe_tip,626.06,569.28,-0.034765147826087,0.5219261217391303,0.0415999999999999,0.8838,True
676,right_shoulder,,,,,,0.0124,True
676,right_toe_tip,656.595,596.8050000000001,0.0396476195652174,0.5657580326086957,0.062,0.9014,True
677,left_shoulder,583.256,671.86,-0.1062716434782609,0.584059543478261,1.1345,0.8558,True
677,left_toe_tip,626.1479999999999,569.23,-0.034494491304348,0.5210281847826087,0.06,0.8866,True
677,right_shoulder,,,,,,0.0169,True
677,right_toe_tip,663.274,598.54,0.0557361704347826,0.5712514434782607,0.0453000000000001,0.6198,True
678,left_shoulder,583.9200000000001,672.78,-0.1048330260869564,0.5846946130434783,1.1282,0.9057,True
678,left_toe_tip,626.106,569.496,-0.0344178543478261,0.5189580260869564,0.057,0.9259,True
678,right_shoulder,,,,,,0.0159,True
678,right_toe_tip,675.1400000000001,600.5120000000001,0.085222139130435,0.5832938852173913,0.0038000000000001,0.9962,True
679,left_shoulder,584.6139999999999,673.196,-0.1027410300000001,0.5809785799999999,1.1414000000000002,0.8855,True
679,left_toe_tip,626.3059999999999,569.8,-0.0337825026086958,0.5175674782608695,0.0664000000000001,0.9221,True
679,right_shoulder,,,,,,0.0157,True
679,right_toe_tip,686.6940000000001,602.188,0.1136186830434784,0.5893065834782608,-0.0105999999999999,1.0,True
680,left_shoulder,585.352,673.876,-0.10061172,0.5778730095652173,1.1512,0.8757,True
680,left_toe_tip,626.426,569.754,-0.0333595804347825,0.5154932543478262,0.075,0.9559,True
680,right_shoulder,,,,,,0.0109,True
680,right_toe_tip,699.048,604.7940000000001,0.1431785634782609,0.5935722339130438,-0.0108000000000001,1.0,True
681,left_shoulder,586.144,675.068,-0.0997272626086956,0.5834237443478261,1.1414000000000002,0.8914,True
681,left_toe_tip,626.596,569.6899999999999,-0.0330670852173912,0.5172961130434781,0.0664000000000001,0.9454,True
681,right_shoulder,,,,,,0.012,True
681,right_toe_tip,707.2180000000001,605.518,0.1632082265217393,0.5961283786956522,-0.0303000000000001,0.9821,True
682,left_shoulder,586.9879999999999,677.1719999999999,-0.0986945147826088,0.5904915234782606,1.1322,0.9005,True
682,left_toe_tip,626.678,569.46,-0.0328763791304347,0.5169108521739132,0.0655999999999999,0.9481,True
682,right_shoulder,,,,,,0.0199,True
682,right_toe_tip,714.3120000000001,605.4459999999999,0.1820805547826089,0.6013960578260867,-0.0896999999999998,1.0,True
683,left_shoulder,587.912,679.7,-0.0957513321739129,0.5876920000000001,1.1633,0.8508,True
683,left_toe_tip,626.7819999999999,569.298,-0.0328381095652175,0.5199690313043478,0.0504,0.9467,True
683,right_shoulder,,,,,,0.044,False
683,right_toe_tip,719.908,605.642,0.1968863634782609,0.6052405278260872,-0.4378000000000002,0.9918,True
684,left_shoulder,588.988,682.298,-0.0938509904347825,0.5929582552173913,1.1744,0.7766,True
684,left_toe_tip,626.884,569.014,-0.0328612826086956,0.523670945652174,0.046,0.9426,True
684,right_shoulder,,,,,,0.0457,True
684,right_toe_tip,723.5600000000001,605.0540000000001,0.206084391304348,0.6043777456521742,-0.44,0.9457,True
685,left_shoulder,590.226,684.6479999999999,-0.0915949804347826,0.5974228956521738,1.18,0.7644,True
685,left_toe_tip,627.034,568.732,-0.0327701556521739,0.5275474417391304,0.0258000000000001,0.9485,True
685,right_shoulder,,,,,,0.0329,True
685,right_toe_tip,725.742,603.9379999999999,0.2115404256521738,0.6018374699999998,-0.4393000000000002,0.8983,True
686,left_shoulder,591.76,687.02,-0.0880484869565217,0.5968825913043478,1.1998,0.7639,True
686,left_toe_tip,627.054,568.384,-0.0328349960869565,0.5285252452173914,0.0175999999999999,0.9493,True
686,right_shoulder,,,,,,0.0333,True
686,right_toe_tip,726.342,601.222,0.2169999699999999,0.6062538134782607,-0.4751999999999998,0.898,True
687,left_shoulder,593.71,688.3340000000001,-0.0832515586956521,0.5905015613043479,1.2244000000000002,0.7725,True
687,left_toe_tip,627.106,568.202,-0.0327956086956521,0.5295572608695651,0.011,0.9458,True
687,right_shoulder,,,,,,0.0206,True
687,right_toe_tip,726.016,597.8439999999999,0.2197521808695651,0.6076397147826085,-0.2434000000000001,0.8619,True
688,left_shoulder,595.992,689.2700000000001,-0.0796736139130435,0.5961218608695654,1.2204000000000002,0.8153,True
688,left_toe_tip,627.134,567.95,-0.0327467669565217,0.5292779565217393,0.0094,0.9563,True
688,right_shoulder,,,,,,0.015,True
688,right_toe_tip,725.42,594.1,0.2211078130434781,0.6059627608695654,-0.1574000000000001,0.896,True
689,left_shoulder,598.74,690.7860000000001,-0.0749048391304347,0.6005204100000002,1.2248,0.7929,True
689,left_toe_tip,627.122,567.8340000000001,-0.0327409152173914,0.5283953543478263,0.012,0.9488,True
689,right_shoulder,,,,,,0.0249,True
689,right_toe_tip,724.7460000000001,590.1959999999999,0.2222740195652176,0.6037640739130432,-0.187,1.0,True
690,left_shoulder,601.7479999999999,692.898,-0.0693691704347827,0.6037032860869566,1.2495999999999998,0.8286,True
690,left_toe_tip,627.094,567.8,-0.032741960869565,0.5271795652173912,0.017,0.9578,True
690,right_shoulder,,,,,,0.0186,False
690,right_toe_tip,724.2880000000001,586.792,0.2234364939130438,0.6011960104347828,-0.2148000000000001,1.0,True
691,left_shoulder,604.738,694.264,-0.0635252595652172,0.6021838626086956,1.2896,0.8177,True
691,left_toe_tip,627.0699999999999,567.77,-0.0328028478260871,0.5271034565217391,0.017,0.9654,True
691,right_shoulder,,,,,,0.0315,True
691,right_toe_tip,724.288,584.888,0.2216041460869565,0.5912598852173915,-0.1948000000000002,0.9749,True
692,left_shoulder,608.136,696.3280000000001,-0.05703656,0.6020271200000001,1.3032,0.8048,True
692,left_toe_tip,627.068,567.742,-0.0328191669565217,0.5272130669565216,0.0306999999999998,0.9889,True
692,right_shoulder,,,,,,0.0343,True
692,right_toe_tip,724.5,583.746,0.219185652173913,0.5803776678260869,-0.1644000000000001,0.9503,True
693,left_shoulder,611.6020000000001,698.356,-0.050492878695652,0.6016116791304348,1.3212000000000002,0.8178,True
693,left_toe_tip,627.0840000000001,567.722,-0.0327336365217389,0.5264397991304347,0.0339,0.987,True
693,right_shoulder,,,,,,0.024,True
693,right_toe_tip,724.7280000000001,583.092,0.217511511304348,0.5727159626086957,-0.1398000000000001,0.9486,True
694,left_shoulder,615.2860000000001,700.4979999999999,-0.0434644043478259,0.598832352173913,1.3,0.8086,True
694,left_toe_tip,627.104,567.774,-0.032730608695652,0.5273394456521739,0.016,0.9902,True
694,right_shoulder,,,,,,0.0177,True
694,right_toe_tip,724.884,582.792,0.2168970730434783,0.5692819930434784,-0.1288000000000002,0.9383,True
695,left_shoulder,618.9979999999999,701.8799999999999,-0.0368813382608696,0.6003710086956519,1.2704000000000002,0.8505,True
695,left_toe_tip,627.052,567.7160000000001,-0.0328625869565216,0.5271922391304351,0.0305,1.0,True
695,right_shoulder,,,,,,0.035,True
695,right_toe_tip,725.002,582.68,0.2164224834782607,0.5669626434782608,-0.1204,0.9326,True
696,left_shoulder,622.6560000000001,704.5799999999999,-0.0305706852173911,0.607359704347826,1.2419,0.7861,True
696,left_toe_tip,627.0319999999999,567.608,-0.0329246243478262,0.5270986591304347,0.0296999999999998,1.0,True
696,right_shoulder,,,,,,0.0415,False
696,right_toe_tip,725.1479999999999,582.882,0.2167942121739128,0.5674769530434781,-0.1204,0.932,True
697,left_shoulder,625.7760000000001,707.432,-0.0254393147826085,0.6213745791304349,1.2156,0.8056,True
697,left_toe_tip,626.892,567.408,-0.0332572756521737,0.5262301669565217,0.0313000000000001,0.9923,True
697,right_shoulder,,,,,,0.0283,False
697,right_toe_tip,725.2539999999999,583.168,0.2168231621739128,0.5675744417391305,-0.1178000000000001,0.9228,True
698,left_shoulder,628.356,710.4219999999999,-0.0208781982608695,0.6283218817391303,1.2049,0.7605,True
698,left_toe_tip,626.7299999999999,567.128,-0.0337634956521741,0.5270056765217392,0.0246999999999998,1.0,True
698,right_shoulder,,,,,,0.0186,True
698,right_toe_tip,725.3619999999999,583.446,0.2175803152173909,0.5695444239130436,-0.123,0.9169,True
699,left_shoulder,630.490625,712.7079166666666,-0.0171498649513133,0.6360978653268416,1.1858083333333336,0.542,True
699,left_toe_tip,626.548,566.6960000000001,-0.0342616591304347,0.5264457252173916,0.0223000000000001,1.0,True
699,right_shoulder,,,,,,0.0208,True
699,right_toe_tip,725.482,583.7520000000001,0.219409994347826,0.5743130139130437,-0.1394,0.9441,True
700,left_shoulder,632.4658750000001,715.00575,-0.0135907016270378,0.6403898560394022,1.179425,0.5543,True
700,left_toe_tip,626.3679999999999,566.286,-0.0348682852173914,0.5276437121739128,0.0123000000000001,1.0,True
700,right_shoulder,,,,,,0.0185,True
700,right_toe_tip,725.578,583.9959999999999,0.221144714347826,0.5788348808695649,-0.1554000000000001,0.949,True
701,left_shoulder,634.43975,716.1995000000001,-0.0100516628124999,0.6439273895923915,1.1758499999999998,0.2727,True
701,left_toe_tip,626.26,565.842,-0.0353088130434782,0.5289691917391304,0.0208000000000001,1.0,True
701,right_shoulder,,,,,,0.0292,True
701,right_toe_tip,725.58,584.046,0.2219312652173914,0.5810097247826089,-0.1638000000000002,0.9305,True
702,left_shoulder,636.44625,716.4991666666667,-0.0064157419610507,0.643603703879831,1.1780833333333336,0.151,True
702,left_toe_tip,626.168,565.2560000000001,-0.0356444626086956,0.5289357878260872,0.0141999999999998,1.0,True
702,right_shoulder,,,,,,0.0406,True
702,right_toe_tip,725.516,583.9159999999999,0.2235499782608694,0.5853456304347825,-0.183,0.9282,True
703,left_shoulder,638.799375,716.5087500000001,-0.0021714020889944,0.6447673873980979,1.172125,0.1837,False
703,left_toe_tip,626.078,564.64,-0.0361124573913044,0.5308183652173913,0.0285999999999999,1.0,True
703,right_shoulder,,,,,,0.0264,True
703,right_toe_tip,725.4399999999999,583.6659999999999,0.2255801739130433,0.590526863043478,-0.207,0.9209,True
704,left_shoulder,639.9759375,716.5135416666667,-4.355715721243412e-05,0.6453492522692106,1.1706458333333332,0.1468,False
704,left_toe_tip,625.856,563.8299999999999,-0.0368912417391304,0.531641813043478,0.0154,0.9705,True
704,right_shoulder,,,,,,0.0154,False
704,right_toe_tip,725.294,583.172,0.225194702173913,0.5892225956521739,-0.207,0.927,True
705,left_shoulder,641.1525,716.5183333333333,0.0020880711050725,0.6459311325483091,1.169166666666667,0.025,True
705,left_toe_tip,625.592,562.874,-0.0377896782608696,0.5321032195652174,0.02,0.9896,True
705,right_shoulder,,,,,,0.0079,True
705,right_toe_tip,725.136,582.5699999999999,0.2267393773913042,0.5927619717391301,-0.2281999999999998,0.9348,True
706,left_shoulder,642.3290625,716.5231249999999,0.0042234826978599,0.6465130282353939,1.1676875,0.0612,False
706,left_toe_tip,625.284,561.972,-0.0388278460869565,0.5328987313043478,0.0055999999999999,0.9391,True
706,right_shoulder,,,,,,0.0123,True
706,right_toe_tip,725.0260000000001,581.8480000000001,0.2290896182608697,0.5977356765217394,-0.2568000000000002,0.9747,True
707,left_shoulder,643.505625,716.5279166666667,0.0063626776211503,0.6470949393304651,1.1662083333333333,0.0492,False
707,left_toe_tip,625.024,561.328,-0.0398752278260869,0.5360576834782608,0.0129,0.8608,True
707,right_shoulder,,,,,,0.0096,False
707,right_toe_tip,725.028,581.1139999999999,0.2305552704347826,0.5995554178260866,-0.2725999999999999,0.977,True
708,left_shoulder,,,,,,0.0184,False
708,left_toe_tip,624.572,560.696,-0.0411692826086956,0.5355529130434783,0.0075,0.8389,True
708,right_shoulder,,,,,,0.013,False
708,right_toe_tip,725.0260000000001,580.3019999999999,0.2315294947826088,0.5998919243478258,-0.2831999999999998,0.9856,True
709,left_shoulder,,,,,,0.0329,False
709,left_toe_tip,624.192,560.2520000000001,-0.0421970504347825,0.5345422408695654,0.0066999999999998,0.8355,True
709,right_shoulder,,,,,,0.0104,False
709,right_toe_tip,725.016,579.622,0.2332025843478259,0.6024326947826086,-0.2975999999999999,0.9677,True
710,left_shoulder,,,,,,0.0107,False
710,left_toe_tip,623.8120000000001,559.9420000000001,-0.0432114026086953,0.5337147430434785,0.0066999999999998,0.8089,True
710,right_shoulder,,,,,,0.0152,False
710,right_toe_tip,724.956,578.912,0.2329456582608695,0.6002471860869565,-0.2965999999999999,0.9735,True
711,left_shoulder,,,,,,0.0264,True
711,left_toe_tip,623.516,559.8280000000001,-0.043904775652174,0.5322375339130437,0.0120999999999999,0.8232,True
711,right_shoulder,,,,,,0.0131,False
711,right_toe_tip,724.826,578.274,0.2320544313043479,0.5971217426086958,-0.2908000000000001,0.9725,True
712,left_shoulder,,,,,,0.0192,False
712,left_toe_tip,623.358,559.808,-0.0439565869565218,0.5277537391304348,0.0325,0.8445,True
712,right_shoulder,,,,,,0.0063,True
712,right_toe_tip,724.624,577.6039999999999,0.2314098469565218,0.5950523295652171,-0.2808000000000001,0.9758,True
713,left_shoulder,,,,,,0.0069,True
713,left_toe_tip,623.41,560.2860000000001,-0.0436749782608696,0.5272746652173915,0.025,0.8031,True
713,right_shoulder,,,,,,0.0056,False
713,right_toe_tip,724.4280000000001,577.114,0.2304333782608698,0.5925796239130436,-0.276,0.9633,True
714,left_shoulder,,,,,,0.0068,False
714,left_toe_tip,623.802,561.234,-0.0425479204347825,0.5285892221739131,0.0304,0.8013,True
714,right_shoulder,,,,,,0.007,False
714,right_toe_tip,724.338,576.638,0.2301877369565216,0.5912804543478263,-0.2645,0.9426,True
715,left_shoulder,,,,,,0.0087,True
715,left_toe_tip,625.064,562.382,-0.03905764,0.5292289299999999,0.0271999999999998,0.7653,True
715,right_shoulder,,,,,,0.0055,False
715,right_toe_tip,724.3,576.33,0.2302672826086955,0.590910097826087,-0.2665,0.9478,True
716,left_shoulder,,,,,,0.009,True
716,left_toe_tip,629.196,564.408,-0.0283698947826086,0.5367487460869567,0.0331999999999998,0.7334,True
716,right_shoulder,,,,,,0.0083,True
716,right_toe_tip,724.3599999999999,576.0939999999999,0.2298259826086953,0.5887152191304346,-0.2599000000000001,0.9449,True
717,left_shoulder,,,,,,0.0097,True
717,left_toe_tip,634.414,565.842,-0.014873332173913,0.5480766991304347,0.0179,0.8309,True
717,right_shoulder,,,,,,0.006,False
717,right_toe_tip,724.612,575.9179999999999,0.2293169139130434,0.5851847186956519,-0.2469000000000001,0.9542,True
718,left_shoulder,,,,,,0.0102,True
718,left_toe_tip,638.836,565.5959999999999,-0.0031212913043477,0.5513101434782606,0.0235,0.4387,True
718,right_shoulder,,,,,,0.0044,False
718,right_toe_tip,724.9879999999999,575.662,0.2293752217391302,0.5820529847826088,-0.2365,0.9333,True
719,left_shoulder,,,,,,0.0114,True
719,left_toe_tip,651.112,566.26,0.029914228695652,0.5552653717391304,0.0423000000000001,0.3977,True
719,right_shoulder,,,,,,0.0065,False
719,right_toe_tip,725.3199999999999,575.288,0.2288059826086954,0.5773462539130434,-0.2301999999999998,0.9199,True
720,left_shoulder,,,,,,0.0071,True
720,left_toe_tip,670.7120000000001,568.088,0.0827387956521742,0.5605935956521738,0.045,0.6182,True
720,right_shoulder,,,,,,0.0076,True
720,right_toe_tip,725.756,574.774,0.2283346713043477,0.5718591199999999,-0.1915999999999999,0.8746,True
721,left_shoulder,,,,,,0.0099,True
721,left_toe_tip,677.1940000000001,564.77,0.1016245193478262,0.5594895097826085,0.0373000000000001,0.2331,True
721,right_shoulder,,,,,,0.01,True
721,right_toe_tip,726.184,574.2120000000001,0.2284625426086955,0.5678480713043482,-0.1808000000000001,0.8437,True
722,left_shoulder,,,,,,0.0067,True
722,left_toe_tip,684.6659999999999,561.1120000000001,0.1240986549999998,0.5587634600000001,0.0709,0.3255,True
722,right_shoulder,,,,,,0.0077,True
722,right_toe_tip,726.492,573.582,0.2301439304347825,0.5683138434782609,-0.151,0.6577,True
723,left_shoulder,,,,,,0.0062,True
723,left_toe_tip,695.044,558.0459999999999,0.1563668413043478,0.5626013271739129,0.0395,0.8736,True
723,right_shoulder,,,,,,0.0066,True
723,right_toe_tip,726.8639999999999,572.9219999999999,0.2311337739130432,0.5665576695652171,-0.178,0.9712,True
724,left_shoulder,,,,,,0.0082,True
724,left_toe_tip,699.7760000000001,552.8,0.1742210504347828,0.5619281739130434,-0.0114,0.8251,True
724,right_shoulder,,,,,,0.0126,False
724,right_toe_tip,726.996,572.5,0.2319956373913043,0.5666820652173914,-0.1834000000000001,0.9313,True
725,left_shoulder,,,,,,0.0096,True
725,left_toe_tip,698.764,545.234,0.1751805939130435,0.5521986613043479,-0.0515999999999999,0.889,True
725,right_shoulder,,,,,,0.0063,True
725,right_toe_tip,725.29,573.0350000000001,0.2273998271739129,0.5679929907608698,-0.1559000000000001,0.8931,True
726,left_shoulder,,,,,,0.0064,True
726,left_toe_tip,710.3299999999999,541.038,0.2099044717391302,0.540319717826087,-0.0758000000000001,0.9028,True
726,right_shoulder,,,,,,0.0051,True
726,right_toe_tip,721.78,574.5029999999999,0.2175614673913042,0.5706479266304346,-0.1095,0.7934,True
727,left_shoulder,,,,,,0.0098,True
727,left_toe_tip,721.5559999999999,536.78,0.2423099678260867,0.525228752173913,-0.0804000000000001,0.924,True
727,right_shoulder,,,,,,0.0102,True
727,right_toe_tip,718.306,575.835,0.2073832271739131,0.5716108451086958,-0.092,0.0856,True
728,left_shoulder,,,,,,0.0069,True
728,left_toe_tip,732.804,532.498,0.2732270808695651,0.5078566117391305,-0.0495999999999999,0.9663,True
728,right_shoulder,,,,,,0.0088,False
728,right_toe_tip,715.298,577.057,0.198598475,0.5724878375000001,-0.0755,0.3239,True
729,left_shoulder,,,,,,0.0075,False
729,left_toe_tip,743.17,528.7280000000001,0.3013236847826085,0.4927958000000001,-0.023,0.8909,True
729,right_shoulder,,,,,,0.0093,True
729,right_toe_tip,713.1479999999999,577.911,0.1924348960869563,0.573271731847826,-0.0403000000000001,0.7962,True
730,left_shoulder,,,,,,0.0098,True
730,left_toe_tip,753.2239999999999,525.658,0.3296049095652172,0.4822448430434783,-0.0251999999999998,0.9408,True
730,right_shoulder,,,,,,0.0056,True
730,right_toe_tip,713.28,577.696,0.1928219826086956,0.572824431304348,-0.0578000000000001,0.8816,True
731,left_shoulder,,,,,,0.0074,True
731,left_toe_tip,762.38,523.574,0.3542901,0.4735467299999999,-0.0049,0.8754,True
731,right_shoulder,,,,,,0.0063,False
731,right_toe_tip,715.7,576.612,0.1997821739130436,0.5716673217391304,-0.06,0.9153,True
732,left_shoulder,,,,,,0.0063,True
732,left_toe_tip,770.676,522.298,0.3739038069565218,0.4643839730434783,0.0205999999999999,0.8256,True
732,right_shoulder,,,,,,0.0091,True
732,right_toe_tip,718.4219999999999,575.688,0.2064203426086954,0.5677283269565218,-0.0770999999999999,0.9281,True
733,left_shoulder,,,,,,0.0066,True
733,left_toe_tip,777.876,521.654,0.3904888104347825,0.4578322417391304,-0.0145999999999999,0.8049,True
733,right_shoulder,,,,,,0.006,False
733,right_toe_tip,720.61,575.1379999999999,0.2120218239130435,0.5658597091304347,-0.0688000000000001,0.9103,True
734,left_shoulder,,,,,,0.0073,True
734,left_toe_tip,783.9739999999999,521.266,0.4041600569565215,0.4527017082608694,-0.0590999999999999,0.8458,True
734,right_shoulder,,,,,,0.0043,False
734,right_toe_tip,722.332,575.01,0.2156024504347825,0.563045752173913,-0.0991999999999998,0.9586,True
735,left_shoulder,,,,,,0.0079,True
735,left_toe_tip,788.442,521.096,0.4156698699999999,0.4511038208695651,-0.0571999999999998,0.8494,True
735,right_shoulder,,,,,,0.0105,True
735,right_toe_tip,723.622,575.2239999999999,0.2180898117391303,0.5613135495652173,-0.0894,0.9406,True
736,left_shoulder,,,,,,0.0078,False
736,left_toe_tip,791.972,520.722,0.4269422078260869,0.4515240013043478,-0.0585999999999999,0.8122,True
736,right_shoulder,,,,,,0.0075,False
736,right_toe_tip,724.424,575.5559999999999,0.2195207530434782,0.5604924599999997,-0.1456999999999998,0.9149,True
737,left_shoulder,,,,,,0.0056,True
737,left_toe_tip,794.5620000000001,520.6099999999999,0.4405689008695656,0.4578083304347823,-0.0939000000000001,0.8203,True
737,right_shoulder,,,,,,0.0071,False
737,right_toe_tip,724.9699999999999,576.0339999999999,0.2208665847826084,0.5615475082608692,-0.1449,0.8904,True
738,left_shoulder,,,,,,0.0079,False
738,left_toe_tip,796.3340000000001,520.342,0.4514654034782611,0.4630398104347825,-0.1208000000000001,0.8265,True
738,right_shoulder,,,,,,0.0067,False
738,right_toe_tip,725.2740000000001,576.346,0.2213416434782611,0.5615589652173912,-0.1415,0.9026,True
739,left_shoulder,,,,,,0.0062,False
739,left_toe_tip,797.6360000000001,520.3100000000001,0.4597145521739132,0.4675127500000001,-0.147,0.8407,True
739,right_shoulder,,,,,,0.0067,False
739,right_toe_tip,725.424,576.394,0.2224552382608695,0.5635182013043479,-0.1588000000000002,0.8801,True
740,left_shoulder,,,,,,0.0303,False
740,left_toe_tip,798.494,520.4,0.4642495991304349,0.4698325217391304,-0.1538000000000002,0.8352,True
740,right_shoulder,,,,,,0.0075,False
740,right_toe_tip,725.4959999999999,576.3399999999999,0.2238880034782605,0.5665286173913041,-0.1721999999999998,0.9065,True
741,left_shoulder,,,,,,0.0398,False
741,left_toe_tip,798.784,520.5840000000001,0.4669630330434782,0.4722565982608697,-0.1645999999999999,0.836,True
741,right_shoulder,,,,,,0.0089,False
741,right_toe_tip,725.5360000000001,576.216,0.2252386017391306,0.5693531321739131,-0.1855999999999999,0.9115,True
742,left_shoulder,,,,,,0.0435,False
742,left_toe_tip,798.91,520.626,0.4654335717391303,0.4704595865217391,-0.1535999999999999,0.8417,True
742,right_shoulder,,,,,,0.0088,False
742,right_toe_tip,725.442,576.022,0.2254925826086956,0.5701102347826088,-0.191,0.9048,True
743,left_shoulder,,,,,,0.0117,False
743,left_toe_tip,798.9159999999999,520.9480000000001,0.4610636817391303,0.4669591321739132,-0.1281999999999998,0.8513,True
743,right_shoulder,,,,,,0.0065,True
743,right_toe_tip,725.452,575.806,0.2266707182608695,0.5724488721739132,-0.2034,0.8948,True
744,left_shoulder,,,,,,0.0405,True
744,left_toe_tip,799.068,521.062,0.4551073799999999,0.4608123873913043,-0.0911999999999998,0.8725,True
744,right_shoulder,,,,,,0.0095,False
744,right_toe_tip,725.408,575.808,0.2278351234782608,0.5756912973913042,-0.2171999999999998,0.8792,True
745,left_shoulder,,,,,,0.014,True
745,left_toe_tip,799.442,521.13,0.4514981504347826,0.4562781260869565,-0.0641999999999998,0.8801,True
745,right_shoulder,,,,,,0.0102,True
745,right_toe_tip,725.388,575.86,0.2282087113043479,0.5769093130434783,-0.2218000000000002,0.8864,True
746,left_shoulder,744.69,716.94,0.2044868804347827,0.6971969347826088,1.187,0.1151,True
746,left_toe_tip,799.966,520.72,0.4462008143478261,0.4483039826086957,-0.0251999999999998,0.8476,True
746,right_shoulder,,,,,,0.0129,True
746,right_toe_tip,725.3720000000001,575.882,0.2283515408695654,0.5774374191304347,-0.2238000000000002,0.8644,True
747,left_shoulder,747.0350000000001,715.83,0.207671168478261,0.6903875543478262,1.219,0.0935,True
747,left_toe_tip,800.6540000000001,520.0260000000001,0.4432653408695656,0.4415326069565219,0.0025999999999999,0.8341,True
747,right_shoulder,,,,,,0.0152,False
747,right_toe_tip,725.3520000000001,575.99,0.2291330104347828,0.5798392413043479,-0.2328000000000001,0.8468,True
748,left_shoulder,748.62,714.8633333333333,0.2126748115942028,0.6948121207729469,1.209666666666667,0.3487,True
748,left_toe_tip,801.3480000000001,519.0139999999999,0.4446540426086958,0.438221843043478,0.0155999999999999,0.8601,True
748,right_shoulder,,,,,,0.0165,True
748,right_toe_tip,725.292,576.034,0.2293242295652174,0.580849676521739,-0.2365999999999999,0.8447,True
749,left_shoulder,750.5225,713.6875,0.2169304395380435,0.6942078294836956,1.21225,0.6685,True
749,left_toe_tip,801.9100000000001,518.112,0.447047589130435,0.4365609808695651,0.0108000000000001,0.8942,True
749,right_shoulder,,,,,,0.0327,True
749,right_toe_tip,725.224,576.07,0.2278630382608696,0.5777054195652175,-0.2133000000000001,0.8361,True
750,left_shoulder,752.188,712.448,0.2204006426086956,0.6924070817391305,1.2176,0.7038,True
750,left_toe_tip,802.258,516.984,0.4512536073913044,0.4365861547826087,-0.0075999999999999,0.9258,True
750,right_shoulder,,,,,,0.0298,True
750,right_toe_tip,725.162,575.96,0.227104837826087,0.5759089826086958,-0.2069,0.832,True
751,left_shoulder,755.844,709.9559999999999,0.2285148817391305,0.690326248695652,1.2312,0.7637,True
751,left_toe_tip,802.538,516.138,0.4564491052173914,0.438476235652174,-0.0275999999999999,0.8952,True
751,right_shoulder,,,,,,0.0146,True
751,right_toe_tip,725.042,575.852,0.2257680226086957,0.5730401356521738,-0.1959000000000001,0.8231,True
752,left_shoulder,759.24,706.6899999999999,0.2360692782608696,0.6863708326086956,1.2421,0.8174,True
752,left_toe_tip,802.93,515.546,0.4562039999999998,0.4355288000000001,-0.02,0.8822,True
752,right_shoulder,,,,,,0.0237,True
752,right_toe_tip,725.01,575.684,0.2246851260869565,0.5700621895652173,-0.1850999999999999,0.8203,True
753,left_shoulder,763.23,703.65,0.2435667739130435,0.6792316956521739,1.2626,0.8695,True
753,left_toe_tip,803.116,515.33,0.45012924,0.4286432652173914,0.0171999999999998,0.8694,True
753,right_shoulder,,,,,,0.0398,True
753,right_toe_tip,724.996,575.6139999999999,0.2242231434782608,0.5687991065217389,-0.1805,0.8093,True
754,left_shoulder,767.1189999999999,700.437,0.2515298126086954,0.6736212117391305,1.2755999999999998,0.8095,True
754,left_toe_tip,803.0620000000001,514.812,0.4438476743478264,0.4213915330434782,0.0618000000000001,0.9166,True
754,right_shoulder,,,,,,0.0233,False
754,right_toe_tip,725.0519999999999,575.5380000000001,0.2249625399999997,0.5700980100000004,-0.1869000000000001,0.8251,True
755,left_shoulder,771.271,697.031,0.2604587863043477,0.6687134645652173,1.2775999999999998,0.8619,True
755,left_toe_tip,803.116,514.6959999999999,0.4386756599999999,0.4160313513043475,0.0918000000000001,0.8852,True
755,right_shoulder,,,,,,0.0164,True
755,right_toe_tip,725.118,575.49,0.2253036452173914,0.5703926608695652,-0.1886999999999998,0.8248,True
756,left_shoulder,775.095,693.099,0.2685747336956522,0.6622152945652175,1.259,0.8336,False
756,left_toe_tip,803.05,514.74,0.4375765760869564,0.4152750652173913,0.097,0.8758,True
756,right_shoulder,,,,,,0.0165,True
756,right_toe_tip,725.264,575.4780000000001,0.2265242052173913,0.5724688343478262,-0.1976999999999998,0.9004,True
757,left_shoulder,779.095,689.889,0.2780085717391305,0.65934771,1.2492,0.8962,True
757,left_toe_tip,802.7300000000001,514.7139999999999,0.4400077695652177,0.4183332026086955,0.0784000000000001,0.9458,True
757,right_shoulder,,,,,,0.0144,True
757,right_toe_tip,725.354,575.4280000000001,0.2280250665217393,0.5755205852173916,-0.2208000000000002,0.9055,True
758,left_shoulder,782.835,686.229,0.2864462771739131,0.6542309836956522,1.251,0.8183,True
758,left_toe_tip,802.4040000000001,514.508,0.4431157834782611,0.4215717191304348,0.0558000000000001,0.9553,True
758,right_shoulder,,,,,,0.0183,True
758,right_toe_tip,725.458,575.2879999999999,0.2292503739130434,0.5775334608695649,-0.231,0.9111,True
759,left_shoulder,786.456,682.484,0.2944402365217392,0.6483330504347827,1.2534,0.8046,True
759,left_toe_tip,802.3779999999999,514.6279999999999,0.4455158126086954,0.4242521713043476,0.0418000000000001,0.9574,True
759,right_shoulder,,,,,,0.0163,True
759,right_toe_tip,725.54,575.148,0.2308464260869564,0.5806189721739131,-0.2248000000000002,0.9189,True
760,left_shoulder,789.866,678.734,0.3014587169565217,0.64114037,1.2524000000000002,0.8466,True
760,left_toe_tip,802.226,514.5,0.4403377904347826,0.4193667391304347,0.0688000000000001,0.9593,True
760,right_shoulder,,,,,,0.0158,True
760,right_toe_tip,725.618,575.018,0.2335510139130436,0.5865317095652174,-0.2515999999999999,0.9242,True
761,left_shoulder,793.246,675.268,0.3085241752173913,0.634716727826087,1.2878,0.9152,True
761,left_toe_tip,802.092,514.246,0.4315875686956521,0.4106967408695651,0.1164,0.9574,True
761,right_shoulder,,,,,,0.0173,True
761,right_toe_tip,725.574,574.7299999999999,0.2349378360869564,0.589527210869565,-0.2678000000000002,0.9173,True
762,left_shoulder,796.752,672.116,0.3173205704347825,0.6318313460869566,1.2996,0.9513,True
762,left_toe_tip,802.068,513.95,0.4232441052173913,0.4020437717391305,0.1634000000000001,0.9312,True
762,right_shoulder,,,,,,0.0173,True
762,right_toe_tip,725.68,574.5559999999999,0.2362160347826085,0.5915215634782607,-0.2784000000000001,0.9317,True
763,left_shoulder,800.1199999999999,669.048,0.326087860869565,0.6293829704347825,1.2814,0.7916,True
763,left_toe_tip,802.1700000000001,513.762,0.4185043630434784,0.3968062395652171,0.1918000000000002,0.9108,True
763,right_shoulder,,,,,,0.0185,True
763,right_toe_tip,725.812,574.2620000000001,0.2393781704347826,0.597697822608696,-0.3084000000000001,0.9554,True
764,left_shoulder,803.45,666.1880000000001,0.3355699565217392,0.6286172765217394,1.2472,0.8658,True
764,left_toe_tip,802.1800000000001,513.51,0.4158859304347828,0.3936530347826086,0.2268000000000001,0.8805,True
764,right_shoulder,,,,,,0.0123,True
764,right_toe_tip,725.9660000000001,573.976,0.2423867434782612,0.6033192869565217,-0.336,0.8771,True
765,left_shoulder,806.744,663.469,0.3469725147826088,0.6314794060869566,1.2106,0.8582,True
765,left_toe_tip,787.1759999999999,525.374,0.3823376521739129,0.4296128913043479,0.1265,0.8849,True
765,right_shoulder,,,,,,0.0206,True
765,right_toe_tip,740.534,561.3199999999999,0.2778890891304348,0.5564747391304347,-0.18,0.8902,True
766,left_shoulder,810.112,661.0029999999999,0.3597498991304347,0.6365559095652172,1.1864,0.8924,True
766,left_toe_tip,772.236,537.216,0.3479244147826086,0.4662707060869565,0.0724,0.7142,True
766,right_shoulder,,,,,,0.017,True
766,right_toe_tip,755.08,548.644,0.3131176695652174,0.5132757182608695,-0.1226999999999998,0.805,True
767,left_shoulder,813.434,658.543,0.366963722173913,0.6316780476086956,1.1854,0.8465,False
767,left_toe_tip,757.3140000000001,548.8979999999999,0.3129988526086958,0.5039880769565215,-0.0865999999999999,0.4166,True
767,right_shoulder,,,,,,0.018,True
767,right_toe_tip,769.616,535.908,0.3474272347826087,0.4715099217391305,0.032,0.88,True
768,left_shoulder,816.5260000000001,656.055,0.3741199943478262,0.6274435206521739,1.1822,0.7609,True
768,left_toe_tip,742.338,560.508,0.2786040813043477,0.545861235652174,-0.1535999999999999,0.3547,True
768,right_shoulder,,,,,,0.0149,True
768,right_toe_tip,784.318,523.4219999999999,0.3776425578260869,0.4276327421739128,0.1095999999999999,0.9584,True
769,left_shoulder,819.466,653.4370000000001,0.3796876330434783,0.620810626956522,1.2086,0.7397,True
769,left_toe_tip,727.304,572.168,0.2432934730434781,0.591256867826087,-0.2538000000000002,0.5962,True
769,right_shoulder,,,,,,0.0162,True
769,right_toe_tip,798.8779999999999,510.836,0.404966206521739,0.3844678478260869,0.272,0.942,True
770,left_shoulder,822.4,650.984,0.3853794782608695,0.6147985860869566,1.2182,0.8164,True
770,left_toe_tip,727.222,571.73,0.2466865695652173,0.5988276739130435,-0.292,0.4095,True
770,right_shoulder,,,,,,0.0206,True
770,right_toe_tip,798.812,510.616,0.4056610869565217,0.384725652173913,0.282,0.8764,True
771,left_shoulder,824.9680000000001,648.5980000000001,0.3884328000000001,0.6060558000000001,1.23,0.8562,True
771,left_toe_tip,727.1279999999999,571.596,0.2470836434782606,0.6000586565217391,-0.299,0.6961,True
771,right_shoulder,,,,,,0.0131,True
771,right_toe_tip,798.904,510.616,0.4064833408695652,0.3852822765217391,0.2785999999999999,0.7628,True
772,left_shoulder,826.9199999999998,646.156,0.3963110347826083,0.6067129278260869,1.2194,0.887,True
772,left_toe_tip,727.106,571.652,0.2475893369565217,0.6015978043478263,-0.305,0.6245,True
772,right_shoulder,,,,,,0.0145,True
772,right_toe_tip,798.932,510.616,0.4070041217391305,0.3857079304347825,0.276,0.796,True
773,left_shoulder,828.78,643.682,0.4030042608695651,0.6055994000000001,1.2095,0.847,True
773,left_toe_tip,741.742,559.566,0.2840371226086955,0.5571362113043479,-0.1924000000000001,0.6743,True
773,right_shoulder,,,,,,0.0153,True
773,right_toe_tip,798.732,510.58,0.4069405382608694,0.3860412913043479,0.2734000000000001,0.7628,True
774,left_shoulder,830.722,641.686,0.4075231604347826,0.6018894986956522,1.2077,0.8362,True
774,left_toe_tip,756.356,547.422,0.3173483426086956,0.5111731330434783,-0.1201999999999998,0.492,True
774,right_shoulder,,,,,,0.0168,True
774,right_toe_tip,784.566,522.796,0.3754944713043479,0.4228449147826087,0.1274000000000001,0.6985,True
775,left_shoulder,832.5359999999998,639.9639999999999,0.4097668347826083,0.5958364260869563,1.2155,0.8556,True
775,left_toe_tip,771.03,535.266,0.3475428326086955,0.464874014347826,0.0598000000000001,0.5576,True
775,right_shoulder,,,,,,0.0366,False
775,right_toe_tip,770.96,534.938,0.3430013217391305,0.4581854399999999,0.0904,0.5808,True
776,left_shoulder,834.424,638.508,0.4119675495652173,0.5901342339130435,1.2126,0.876,True
776,left_toe_tip,773.226,534.944,0.3473143895652174,0.4560714017391303,0.1085999999999999,0.8232,True
776,right_shoulder,,,,,,0.0487,False
776,right_toe_tip,770.792,534.862,0.3416230173913044,0.4567319413043477,0.097,0.6477,True
777,left_shoulder,836.39,636.994,0.4093023760869565,0.577291625652174,1.2375999999999998,0.8575,True
777,left_toe_tip,787.684,522.616,0.3781673556521739,0.4164030139130435,0.1611999999999998,0.7435,True
777,right_shoulder,,,,,,0.0414,True
777,right_toe_tip,770.5899999999999,534.762,0.3394488326086954,0.4542672247826085,0.1085999999999999,0.7007,True
778,left_shoulder,838.208,635.858,0.4065418434782608,0.5658087456521738,1.253,0.8741,True
778,left_toe_tip,787.5128000000001,523.3131999999999,0.3760806768000002,0.4163634531130433,0.17098,0.7234,True
778,right_shoulder,,,,,,0.0708,False
778,right_toe_tip,769.744,534.234,0.3342600313043478,0.4488798117391304,0.1418000000000001,0.7345,True
779,left_shoulder,839.6619999999999,634.78,0.4086560282608694,0.5624029782608695,1.249,0.9097,True
779,left_toe_tip,787.4164,524.8696,0.3736621175478259,0.4179014265391304,0.1845399999999999,0.4196,True
779,right_shoulder,,,,,,0.0446,True
779,right_toe_tip,784.5793333333334,521.9876666666667,0.3661209697584541,0.4102044202415458,0.1872666666666669,0.7177,True
780,left_shoulder,840.758,633.5719999999999,0.4091971756521739,0.5576111026086954,1.2568,0.9193,True
780,left_toe_tip,787.3388,527.3552,0.3706083302782608,0.4209565385043478,0.2068800000000001,0.176,True
780,right_shoulder,,,,,,0.0551,True
780,right_toe_tip,800.6139999999999,510.359,0.4027570630434781,0.3770415358695653,0.32,0.8148,True
781,left_shoulder,841.8400000000001,632.466,0.4107882782608698,0.5545275417391305,1.2595999999999998,0.9348,True
781,left_toe_tip,799.7279999999998,518.662,0.3984866365217387,0.3958271982608696,0.2508000000000002,0.2201,True
781,right_shoulder,,,,,,0.0329,True
781,right_toe_tip,804.758,511.372,0.4149036243478262,0.3811941843478261,0.2691999999999998,0.1408,True
782,left_shoulder,842.6880000000001,631.4060000000001,0.4139241460869567,0.5542582530434784,1.2532,0.9047,True
782,left_toe_tip,799.752,522.8779999999999,0.3948305408695651,0.4025565178260868,0.2671999999999998,0.0368,True
782,right_shoulder,,,,,,0.0195,False
782,right_toe_tip,810.4633333333334,512.8966666666668,0.4330756859903382,0.3884461690821258,0.2186666666666669,0.0218,True
783,left_shoulder,843.5719999999999,630.492,0.4175881286956519,0.5548614156521738,1.2448,0.8839,True
783,left_toe_tip,798.6872,525.8468,0.3895218804521738,0.4070962081565217,0.2727200000000002,0.0476,True
783,right_shoulder,,,,,,0.0244,True
783,right_toe_tip,818.46,515.315,0.4606983695652175,0.4009490489130436,0.161,0.022,True
784,left_shoulder,844.4100000000001,629.768,0.4196626173913045,0.5538454330434783,1.2432,0.8916,True
784,left_toe_tip,797.9736,526.3133999999999,0.3863725177217393,0.4067700368217389,0.2808599999999996,0.4255,True
784,right_shoulder,,,,,,0.0216,True
784,right_toe_tip,826.4566666666667,517.7333333333333,0.488975852657005,0.4136499516908213,0.034333333333333,0.0196,True
785,left_shoulder,845.4639999999999,629.2160000000001,0.4216031947826085,0.552419526956522,1.2442,0.8946,True
785,left_toe_tip,797.6112,524.2778000000001,0.3853559576695653,0.4016556497434784,0.2816199999999998,0.4378,True
785,right_shoulder,,,,,,0.0339,True
785,right_toe_tip,835.292,517.766,0.5189672626086959,0.4192459965217391,-0.2118000000000001,0.044,True
786,left_shoulder,846.64,628.876,0.4212760695652173,0.5481563321739129,1.2644000000000002,0.893,True
786,left_toe_tip,797.062,521.835,0.3836922228260869,0.3953523505434783,0.286,0.2579,True
786,right_shoulder,,,,,,0.0263,True
786,right_toe_tip,844.9280000000001,515.9069999999999,0.5496079860869568,0.4181357954347824,-0.2544,0.9195,True
787,left_shoulder,848.058,628.858,0.42308142,0.5467168982608694,1.2692,0.8544,True
787,left_toe_tip,797.626,518.289,0.3874686945652172,0.3890984494565216,0.2745,0.9027,True
787,right_shoulder,,,,,,0.0564,True
787,right_toe_tip,855.7506666666666,511.8303333333333,0.5839495036714973,0.4109431000241545,-0.2715666666666666,1.0,True
788,left_shoulder,849.5199999999999,629.028,0.4241413565217388,0.5446062469565218,1.2851,0.8474,True
788,left_toe_tip,799.25,514.993,0.3925339402173912,0.3820408979347827,0.3033000000000002,0.5131,True
788,right_shoulder,,,,,,0.0541,True
788,right_toe_tip,866.5200000000001,506.42,0.6173162434782611,0.3990263304347825,-0.2791999999999998,0.928,True
789,left_shoulder,851.0899999999999,629.17,0.4239237869565215,0.5405635782608694,1.3074,0.8717,True
789,left_toe_tip,800.6200000000001,513.4159999999999,0.3991407000000003,0.3812387599999999,0.2998000000000002,0.7786,True
789,right_shoulder,,,,,,0.0345,True
789,right_toe_tip,876.6659999999999,498.048,0.6531981599999998,0.3810124799999998,-0.2751999999999998,0.9024,True
790,left_shoulder,852.8860000000001,629.45,0.4253554839130437,0.5383728152173914,1.3168,0.862,True
790,left_toe_tip,801.648,513.434,0.4055607756521739,0.3849525639130434,0.2778000000000001,0.9294,True
790,right_shoulder,,,,,,0.0254,True
790,right_toe_tip,886.5199999999999,490.658,0.6851112347826083,0.3631156243478261,-0.1028000000000001,0.929,True
791,left_shoulder,854.7139999999999,629.57,0.4283077530434781,0.5377335478260871,1.3233,0.8659,True
791,left_toe_tip,803.086,513.012,0.4137420913043478,0.3881847913043477,0.247,0.95,True
791,right_shoulder,,,,,,0.0225,True
791,right_toe_tip,894.2459999999999,484.15600000000006,0.7128284047826083,0.3480956373913045,0.0040999999999999,0.8912,True
792,left_shoulder,856.552,629.514,0.4313621686956522,0.5368601700000001,1.3339,0.8819,True
792,left_toe_tip,803.152,512.776,0.4207193530434784,0.3939628069565216,0.2085999999999999,0.8744,True
792,right_shoulder,,,,,,0.0227,True
792,right_toe_tip,898.9200000000001,478.822,0.732799886956522,0.3362920908695653,0.0021999999999998,0.772,True
793,left_shoulder,858.5600000000001,629.162,0.4349819130434784,0.5356908934782609,1.347,0.916,True
793,left_toe_tip,803.07,512.2819999999999,0.4301148500000001,0.4016603273913042,0.1544000000000001,0.6885,True
793,right_shoulder,,,,,,0.0197,False
793,right_toe_tip,901.98,473.716,0.7500031782608695,0.3255491313043479,-0.0143000000000001,0.8996,True
794,left_shoulder,860.7700000000001,628.792,0.4396202608695654,0.5352466782608696,1.353,0.9272,True
794,left_toe_tip,802.854,511.874,0.4409803095652174,0.4112483791304346,0.0973000000000001,0.7129,True
794,right_shoulder,,,,,,0.0157,True
794,right_toe_tip,904.26,470.508,0.7587134391304348,0.3172780773913043,-0.0194,0.8531,True
795,left_shoulder,863.116,628.59,0.4453104339130435,0.5360706065217392,1.3608,0.8942,True
795,left_toe_tip,802.52,511.96,0.4504983739130434,0.4212265130434783,0.0383000000000001,0.8405,True
795,right_shoulder,,,,,,0.02,True
795,right_toe_tip,904.06,467.796,0.7661184260869567,0.3127490034782608,-0.0421999999999998,0.945,True
796,left_shoulder,865.642,628.472,0.4507444213043479,0.5363020017391303,1.3712,0.9019,True
796,left_toe_tip,802.154,512.12,0.4597770917391304,0.4313263391304348,-0.0150999999999999,0.8839,True
796,right_shoulder,,,,,,0.0283,True
796,right_toe_tip,903.35,465.266,0.7751077500000001,0.3098252986956521,-0.0708000000000001,0.8835,True
797,left_shoulder,868.6780000000001,628.162,0.456958299130435,0.5358576313043478,1.3776,0.8838,True
797,left_toe_tip,801.928,512.26,0.4638533165217391,0.4361587,-0.0494,0.9182,True
797,right_shoulder,,,,,,0.0315,True
797,right_toe_tip,902.268,462.738,0.7812735660869565,0.3060475682608695,-0.1110999999999999,0.9226,True
798,left_shoulder,872.198,628.07,0.4651531673913043,0.5370141413043479,1.381,0.8756,True
798,left_toe_tip,801.744,512.748,0.4654359408695653,0.4395489730434784,-0.0614,0.9582,True
798,right_shoulder,,,,,,0.0202,True
798,right_toe_tip,901.198,460.566,0.7852406830434783,0.3023320030434782,-0.1288000000000002,0.9702,True
799,left_shoulder,876.258,628.06,0.4739540921739131,0.5377516695652172,1.3864,0.9458,True
799,left_toe_tip,801.622,512.888,0.462836218695652,0.4378247008695652,-0.0485999999999999,0.9537,True
799,right_shoulder,,,,,,0.0149,True
799,right_toe_tip,899.942,458.812,0.7882458604347826,0.2996366495652174,-0.1443000000000001,0.9383,True
800,left_shoulder,880.6479999999999,627.342,0.4838594243478258,0.5375317734782609,1.3942,0.8723,True
800,left_toe_tip,801.5780000000001,512.594,0.4608485565217394,0.4352246260869567,-0.038,0.9216,True
800,right_shoulder,,,,,,0.0177,False
800,right_toe_tip,898.99,457.316,0.7895816869565218,0.2966868660869564,-0.1678000000000001,0.9056,True
801,left_shoulder,885.592,626.49,0.4948678799999999,0.53697735,1.4182,0.906,True
801,left_toe_tip,801.344,512.232,0.4585326330434784,0.4326367252173912,-0.0210999999999999,0.9219,True
801,right_shoulder,,,,,,0.0269,True
801,right_toe_tip,898.2779999999999,456.05,0.789095437391304,0.2934536304347826,-0.1628000000000002,0.9159,True
802,left_shoulder,890.7779999999999,625.65,0.5090793399999998,0.5392695,1.4124,0.9048,True
802,left_toe_tip,801.26,511.916,0.4584691913043477,0.4319037930434782,-0.0220999999999999,0.9171,True
802,right_shoulder,,,,,,0.0117,True
802,right_toe_tip,898.0719999999999,455.238,0.7888026782608691,0.2910970173913043,-0.169,0.9291,True
803,left_shoulder,896.3299999999999,624.63,0.5231918195652172,0.5401328413043478,1.4152,0.8635,True
803,left_toe_tip,801.292,511.638,0.4600328347826088,0.432497947826087,-0.0305,0.9117,True
803,right_shoulder,,,,,,0.016,True
803,right_toe_tip,897.8219999999999,454.606,0.7887111269565215,0.2894120939130433,-0.1714,0.9373,True
804,left_shoulder,902.2279999999998,623.478,0.5379664426086954,0.5405308447826086,1.4096,0.9398,True
804,left_toe_tip,801.148,511.5220000000001,0.4610934730434783,0.4335505573913045,-0.0389,0.9087,True
804,right_shoulder,,,,,,0.0092,False
804,right_toe_tip,897.576,454.11800000000005,0.7886305182608696,0.288164763478261,-0.1738000000000001,0.9269,True
805,left_shoulder,908.178,622.1759999999999,0.5499980982608699,0.5376887791304347,1.4222,0.985,True
805,left_toe_tip,801.184,511.438,0.4621075199999999,0.4341661617391303,-0.0440999999999999,0.9205,True
805,right_shoulder,,,,,,0.013,True
805,right_toe_tip,897.3040000000001,453.7,0.789475794782609,0.2874960434782608,-0.1748000000000001,0.922,True
806,left_shoulder,914.236,621.15,0.5659396408695649,0.5389341195652173,1.4234,0.9441,True
806,left_toe_tip,801.198,511.356,0.4621476573913042,0.4339310713043476,-0.0440999999999999,0.9124,True
806,right_shoulder,,,,,,0.0126,True
806,right_toe_tip,897.058,453.388,0.7883857095652175,0.286416935652174,-0.1735999999999999,0.9282,True
807,left_shoulder,920.144,619.65,0.5761831269565219,0.5340323152173913,1.4548,0.906,True
807,left_toe_tip,801.016,511.064,0.4616258713043477,0.4330939200000001,-0.0440999999999999,0.9277,True
807,right_shoulder,,,,,,0.0114,True
807,right_toe_tip,896.8939999999999,453.216,0.7875476495652171,0.2857678330434783,-0.1724,0.9209,True
808,left_shoulder,926.042,618.388,0.5883137743478262,0.5314367104347827,1.4848,0.9033,True
808,left_toe_tip,800.804,510.564,0.4611928634782608,0.4318240982608696,-0.0215999999999999,0.9177,True
808,right_shoulder,,,,,,0.0126,True
808,right_toe_tip,896.858,453.164,0.7867672217391303,0.2853653826086958,-0.17,0.9264,True
809,left_shoulder,931.98,617.11,0.5997015304347824,0.5280815826086956,1.5004000000000002,0.9248,True
809,left_toe_tip,800.61,509.904,0.4611951065217392,0.4304525947826088,-0.0148000000000001,0.9249,True
809,right_shoulder,,,,,,0.0145,True
809,right_toe_tip,896.826,453.1139999999999,0.7853292426086956,0.2847264182608692,-0.1651999999999998,0.9119,True
810,left_shoulder,937.75,615.9820000000001,0.6122646195652174,0.5263768995652175,1.5332,0.9045,True
810,left_toe_tip,800.152,509.216,0.4606458939130435,0.4291906295652174,-0.0091999999999998,0.9001,True
810,right_shoulder,,,,,,0.0143,True
810,right_toe_tip,896.874,453.18,0.7841358060869567,0.2844420782608696,-0.1604000000000001,0.9221,True
811,left_shoulder,943.74,614.6,0.6236574565217391,0.5227602173913044,1.577,0.8727,True
811,left_toe_tip,799.764,508.438,0.4613706469565217,0.4286631286956521,-0.0198000000000001,0.9336,True
811,right_shoulder,,,,,,0.0165,True
811,right_toe_tip,896.9159999999999,453.24000000000007,0.783258692173913,0.2842603826086958,-0.1568000000000002,0.9293,True
812,left_shoulder,949.886,613.818,0.6382304269565219,0.5227547243478261,1.6172,0.9188,True
812,left_toe_tip,799.336,507.958,0.4610698904347826,0.4281454213043477,-0.0251999999999998,0.9154,True
812,right_shoulder,,,,,,0.0121,True
812,right_toe_tip,896.9860000000001,453.28,0.781460906086957,0.2836523130434784,-0.1495999999999999,0.9281,True
813,left_shoulder,955.71,612.5360000000001,0.6502253347826088,0.5201143617391305,1.6412,0.9489,True
813,left_toe_tip,799.152,507.624,0.4607104417391305,0.4273393878260868,-0.0151999999999998,0.8957,True
813,right_shoulder,,,,,,0.014,True
813,right_toe_tip,897.042,453.29,0.7799548339130435,0.283074308695652,-0.1435999999999999,0.9413,True
814,left_shoulder,961.02,610.996,0.662836513043478,0.5182521756521739,1.6504,0.9134,True
814,left_toe_tip,799.0899999999999,507.588,0.4601505326086954,0.426882247826087,-0.013,0.8921,True
814,right_shoulder,,,,,,0.0122,True
814,right_toe_tip,896.9799999999999,453.174,0.7787611304347822,0.2823577304347825,-0.14,0.9217,True
815,left_shoulder,966.64,610.01,0.6769258956521739,0.51811855,1.6484,0.8754,True
815,left_toe_tip,799.306,507.452,0.459840232173913,0.4256234034782606,-0.0125999999999999,0.8579,True
815,right_shoulder,,,,,,0.013,True
815,right_toe_tip,896.9100000000001,453.056,0.7768735000000002,0.2813932521739132,-0.134,0.9262,True
816,left_shoulder,971.762,609.004,0.6887667608695652,0.5169539565217391,1.654,0.9123,True
816,left_toe_tip,799.918,507.412,0.4604595456521739,0.4244504217391304,-0.006,0.8826,True
816,right_shoulder,,,,,,0.0123,True
816,right_toe_tip,896.858,452.932,0.7740918378260868,0.2800687643478259,-0.1245999999999999,0.9352,True
817,left_shoulder,976.4060000000002,608.02,0.6996513482608699,0.5158276826086956,1.6505999999999998,0.8412,True
817,left_toe_tip,800.8779999999999,507.598,0.4630138786956519,0.4247934613043477,-0.0108000000000001,0.8311,True
817,right_shoulder,,,,,,0.0146,True
817,right_toe_tip,896.7860000000001,452.77,0.7719768682608698,0.278894854347826,-0.1178000000000001,0.9312,True
818,left_shoulder,980.898,607.474,0.7098089226086954,0.5152839069565218,1.6484,0.9208,True
818,left_toe_tip,802.0799999999999,507.802,0.4639363826086954,0.4230671595652174,-0.0064,0.7532,True
818,right_shoulder,,,,,,0.0106,True
818,right_toe_tip,896.7019999999999,452.612,0.7691573186956517,0.2774937382608694,-0.1085999999999999,0.9386,True
819,left_shoulder,985.164,607.29,0.7178660843478261,0.5143094413043477,1.6505999999999998,0.9261,True
819,left_toe_tip,803.1400000000001,507.97,0.4624664347826089,0.4194627826086956,0.009,0.7319,True
819,right_shoulder,,,,,,0.013,True
819,right_toe_tip,896.7,452.578,0.7678678260869567,0.2769289739130434,-0.104,0.9389,True
820,left_shoulder,988.916,607.1899999999999,0.7237731460869564,0.5127580391304347,1.6556,0.9692,True
820,left_toe_tip,806.5379999999999,507.302,0.4676821486956519,0.4136624426086955,0.0174,0.5736,True
820,right_shoulder,,,,,,0.0135,True
820,right_toe_tip,896.7360000000001,452.5940000000001,0.7651290921739133,0.2759502491304349,-0.0938000000000001,0.9403,True
821,left_shoulder,992.362,607.402,0.7303085452173915,0.5127675365217392,1.6622,0.8939,True
821,left_toe_tip,810.788,506.666,0.475681707826087,0.4084966939130435,-0.0454,0.8016,True
821,right_shoulder,,,,,,0.0146,True
821,right_toe_tip,896.766,452.59,0.7655534108695651,0.2760590978260868,-0.095,0.9296,True
822,left_shoulder,995.65,607.75,0.7356542934782608,0.5124654891304348,1.671,0.895,True
822,left_toe_tip,816.641,503.791,0.4931547918478259,0.4014425907608694,-0.151,0.8235,True
822,right_shoulder,,,,,,0.0143,True
822,right_toe_tip,896.926,452.628,0.765695333478261,0.276051576521739,-0.0938000000000001,0.9456,True
823,left_shoulder,998.67,608.146,0.7416671826086959,0.513122772173913,1.6816,0.8746,True
823,left_toe_tip,823.8030000000001,499.013,0.5233390853260872,0.3958092972826088,-0.1885,0.8354,True
823,right_shoulder,,,,,,0.0113,True
823,right_toe_tip,896.9780000000001,452.488,0.7652357921739132,0.2754131791304348,-0.0915999999999999,0.9563,True
824,left_shoulder,1001.414,608.5980000000001,0.7493055039130434,0.5154085056521741,1.6766,0.8809,True
824,left_toe_tip,832.415,492.49300000000005,0.5608269809782608,0.3861738907608698,-0.0495,0.8983,False
824,right_shoulder,,,,,,0.0136,True
824,right_toe_tip,897.142,452.312,0.762873233478261,0.2738656226086957,-0.0814000000000001,0.965,True
825,left_shoulder,1003.828,608.9159999999999,0.7558131234782607,0.5170959339130434,1.6773,0.8989,True
825,left_toe_tip,838.557,485.763,0.5915487840217392,0.3746780507608697,-0.0764,0.9445,True
825,right_shoulder,,,,,,0.0138,True
825,right_toe_tip,897.132,451.976,0.7618932956521738,0.2725288869565217,-0.078,0.9799,True
826,left_shoulder,1005.858,609.274,0.7604278995652173,0.51811059,1.6807999999999998,0.8978,True
826,left_toe_tip,843.993,477.881,0.6207373951086959,0.3587041951086958,-0.135,0.9454,True
826,right_shoulder,,,,,,0.0135,True
826,right_toe_tip,897.1,451.604,0.7583332173913044,0.270191972173913,-0.0655999999999999,0.9829,True
827,left_shoulder,1007.498,609.578,0.7644757308695651,0.5191764960869565,1.6842,0.8502,True
827,left_toe_tip,849.616,467.65,0.6410148417391304,0.3291983804347825,-0.0574,0.8778,True
827,right_shoulder,,,,,,0.0134,True
827,right_toe_tip,896.9960000000001,451.208,0.7537245730434785,0.2674972017391303,-0.0501999999999998,0.9572,True
828,left_shoulder,1008.836,609.6679999999999,0.7674996069565216,0.5195265426086955,1.6886,0.8593,True
828,left_toe_tip,854.3699999999999,457.84,0.6511721760869561,0.2971996347826086,0.0664000000000001,0.839,True
828,right_shoulder,,,,,,0.013,True
828,right_toe_tip,897.382,450.964,0.7502685299999998,0.2651600599999998,-0.0498000000000001,0.9495,True
829,left_shoulder,1009.954,609.662,0.7689413465217393,0.5189170395652175,1.6908,0.875,True
829,left_toe_tip,858.598,447.636,0.6614490352173913,0.2651751052173912,0.2341999999999998,0.872,True
829,right_shoulder,,,,,,0.0128,True
829,right_toe_tip,897.308,451.2368,0.7483076005217391,0.2653364484869566,-0.0275599999999999,0.9607,True
830,left_shoulder,1011.0,609.54,0.771841304347826,0.5191516956521738,1.689,0.9014,True
830,left_toe_tip,862.716,437.564,0.6742000652173914,0.2347997173913044,0.178,0.9389,True
830,right_shoulder,,,,,,0.0114,True
830,right_toe_tip,896.9879999999999,452.0644,0.7468518215652172,0.2675551576000001,-0.0256799999999998,0.7693,True
831,left_shoulder,1011.976,609.1279999999999,0.774599587826087,0.5187819808695651,1.6872,0.8905,True
831,left_toe_tip,867.826,425.598,0.6899660882608697,0.1986621169565216,0.0678000000000001,0.9473,True
831,right_shoulder,,,,,,0.01,True
831,right_toe_tip,896.29,453.42480000000006,0.7464613395652173,0.2721058229217393,-0.0315599999999999,0.0746,True
832,left_shoulder,1012.954,608.5260000000001,0.7763929356521738,0.517366299130435,1.6878,0.8919,True
832,left_toe_tip,871.384,416.728,0.70340736,0.1724531199999998,0.0391999999999998,0.9097,True
832,right_shoulder,,,,,,0.0108,True
832,right_toe_tip,895.21,455.258,0.7485975065217393,0.2794165639130434,-0.0345999999999999,0.0647,True
833,left_shoulder,1013.746,607.918,0.7777979256521736,0.5159389160869565,1.6934,0.9099,True
833,left_toe_tip,875.686,407.74,0.7194571330434784,0.1457315391304348,0.0275999999999999,1.0,True
833,right_shoulder,,,,,,0.0106,True
833,right_toe_tip,893.3800000000001,457.572,0.7508861217391307,0.2891525008695652,-0.0489,0.1671,True
834,left_shoulder,1014.532,607.03,0.7778866799999999,0.5130705695652173,1.6972,0.9152,True
834,left_toe_tip,879.4980000000002,399.568,0.7310936773913049,0.1207856208695651,-0.0434,0.9659,True
834,right_shoulder,,,,,,0.0104,True
834,right_toe_tip,892.042,459.2832,0.750822159652174,0.2957603361391305,-0.0496400000000003,0.1898,True
835,left_shoulder,1014.954,605.878,0.7778665265217393,0.5100899465217391,1.6994,0.9169,True
835,left_toe_tip,883.558,391.346,0.7441226373913042,0.0957688443478261,-0.1278000000000002,0.9344,True
835,right_shoulder,,,,,,0.0098,True
835,right_toe_tip,891.082,460.2336,0.7521870889565215,0.3002780756869566,-0.0481199999999998,0.5386,True
836,left_shoulder,1015.194,604.4739999999999,0.777630346956522,0.5066989382608694,1.7012,0.9236,True
836,left_toe_tip,886.394,385.126,0.7537513843478262,0.0768637113043477,-0.1504000000000001,0.8791,True
836,right_shoulder,,,,,,0.0115,True
836,right_toe_tip,890.832,460.2832,0.7532157787826088,0.3011373691826086,-0.0546400000000003,0.6897,True
837,left_shoulder,1015.3300000000002,603.142,0.7784017826086959,0.5042553652173913,1.7,0.9017,True
837,left_toe_tip,888.7139999999999,379.626,0.762795024347826,0.0601920886956522,-0.1785999999999999,0.9155,True
837,right_shoulder,,,,,,0.0112,True
837,right_toe_tip,891.2760000000001,459.72,0.7544835026086959,0.2994201391304347,-0.0544,0.8254,True
838,left_shoulder,1015.59,601.646,0.7789409999999998,0.5011527913043476,1.695,0.9023,True
838,left_toe_tip,889.1460000000001,375.384,0.7657448147826088,0.0472823895652172,-0.1930999999999999,0.9526,True
838,right_shoulder,,,,,,0.0132,True
838,right_toe_tip,892.2139999999999,458.312,0.7529136191304345,0.293482692173913,-0.0554,0.8788,True
839,left_shoulder,1015.832,600.316,0.7821390730434782,0.5001184930434783,1.6884,0.9006,True
839,left_toe_tip,889.142,371.77,0.7676823278260871,0.0362669521739129,-0.2003000000000001,0.9576,True
839,right_shoulder,,,,,,0.0147,True
839,right_toe_tip,893.0459999999999,456.816,0.7550672599999997,0.2888905252173911,-0.0676999999999998,0.8651,True
840,left_shoulder,1016.244,598.9559999999999,0.7838961947826089,0.4978596313043477,1.6812,0.8947,True
840,left_toe_tip,888.854,368.86,0.7648473591304349,0.0272310173913043,-0.1905999999999999,0.9044,True
840,right_shoulder,,,,,,0.0159,True
840,right_toe_tip,893.856,455.49,0.7546697391304348,0.2838751630434781,-0.06,0.8969,True
841,left_shoulder,1016.742,597.4620000000001,0.7854251695652174,0.4950566478260871,1.685,0.9277,True
841,left_toe_tip,888.174,366.47,0.7582794717391304,0.0197686630434781,-0.1605,0.9048,True
841,right_shoulder,,,,,,0.0156,True
841,right_toe_tip,894.402,454.566,0.7531405295652174,0.2799564756521738,-0.0645999999999999,0.9227,True
842,left_shoulder,1016.838,595.5840000000001,0.7853795447826089,0.4909877843478262,1.6806,0.9358,True
842,left_toe_tip,887.548,364.292,0.7500704399999999,0.01300476,-0.1345999999999999,0.945,True
842,right_shoulder,,,,,,0.0151,True
842,right_toe_tip,894.7459999999999,453.74799999999993,0.7526082913043475,0.2769641999999998,-0.059,0.9295,True
843,left_shoulder,1016.428,593.1659999999999,0.7852615408695655,0.4864045513043477,1.6693,0.9236,True
843,left_toe_tip,887.104,362.504,0.7412582817391307,0.0075114556521739,-0.1068000000000001,0.9239,True
843,right_shoulder,,,,,,0.0149,True
843,right_toe_tip,895.192,453.39400000000006,0.7567552330434781,0.2769538160869567,-0.0691999999999998,0.9213,True
844,left_shoulder,1015.826,590.354,0.7823716904347827,0.479536935652174,1.6733,0.9056,True
844,left_toe_tip,886.8340000000001,361.194,0.7339555330434784,0.0035503330434783,-0.0825999999999999,0.8995,True
844,right_shoulder,,,,,,0.0155,True
844,right_toe_tip,895.722,453.27,0.7567703447826086,0.2760183717391303,-0.0635999999999999,0.9175,True
845,left_shoulder,1015.066,587.358,0.7807895686956523,0.4733000452173912,1.6733,0.9213,True
845,left_toe_tip,886.5360000000001,360.148,0.728728259130435,0.0004374686956522,-0.0634000000000001,0.9144,True
845,right_shoulder,,,,,,0.0106,True
845,right_toe_tip,896.318,453.288,0.7569739195652173,0.2755038000000001,-0.069,0.9063,True
846,left_shoulder,1013.958,584.1460000000001,0.778889477826087,0.4668571360869567,1.6723,0.8663,True
846,left_toe_tip,886.2,359.62,0.7265040869565219,-0.0011213304347825,-0.0588000000000001,0.9082,True
846,right_shoulder,,,,,,0.0155,False
846,right_toe_tip,896.89,453.408,0.7586631847826087,0.2758581913043479,-0.069,0.9071,True
847,left_shoulder,1012.782,580.62,0.777088390869565,0.4598967782608695,1.6707,0.9188,True
847,left_toe_tip,885.8979999999999,359.434,0.7293013943478257,-0.0016786821739131,-0.0725999999999999,0.9275,True
847,right_shoulder,,,,,,0.0144,True
847,right_toe_tip,897.356,453.562,0.7575217913043479,0.2753977130434783,-0.06,0.9105,True
848,left_shoulder,1011.652,577.068,0.7742480686956522,0.4522092704347826,1.6674,0.9128,True
848,left_toe_tip,885.548,358.976,0.7363237200000001,-0.003070664347826,-0.1058000000000001,0.9247,True
848,right_shoulder,,,,,,0.0191,False
848,right_toe_tip,897.5540000000001,453.582,0.7534574300000003,0.2737680378260869,-0.0544,0.9144,True
849,left_shoulder,1010.456,573.1899999999999,0.7708706156521737,0.4436205826086955,1.6696,0.942,True
849,left_toe_tip,885.03,358.364,0.7368478239130434,-0.0049197365217392,-0.1075999999999999,0.9274,True
849,right_shoulder,,,,,,0.0159,True
849,right_toe_tip,897.7860000000001,453.566,0.7522867965217392,0.273049996521739,-0.0478000000000001,0.9049,True
850,left_shoulder,1009.196,569.3,0.7671250799999998,0.4348889999999999,1.6624,0.9027,True
850,left_toe_tip,884.378,357.658,0.7373309265217393,-0.0070662213043477,-0.1168000000000001,0.955,True
850,right_shoulder,,,,,,0.0177,True
850,right_toe_tip,897.9440000000001,453.494,0.751233862608696,0.2722911126086956,-0.0424,0.9093,True
851,left_shoulder,1007.852,565.162,0.7645723852173916,0.4264247569565218,1.6568,0.9278,True
851,left_toe_tip,883.618,356.96,0.7323368921739132,-0.0091385043478261,-0.1040999999999999,0.9678,True
851,right_shoulder,,,,,,0.0169,False
851,right_toe_tip,898.018,453.242,0.7496544717391305,0.27090855,-0.036,0.9478,True
852,left_shoulder,1006.722,560.8720000000001,0.7618250939130435,0.4172897460869567,1.6438,0.8974,True
852,left_toe_tip,882.7540000000001,356.196,0.723459692608696,-0.0113367469565216,-0.0803000000000001,0.9734,True
852,right_shoulder,,,,,,0.0205,True
852,right_toe_tip,897.966,452.93,0.7486061160869567,0.2696788195652174,-0.0328000000000001,0.9469,True
853,left_shoulder,1005.828,556.716,0.760604128695652,0.4089982226086956,1.6232,0.9934,True
853,left_toe_tip,881.8860000000001,355.73400000000004,0.7109345043478263,-0.0125383304347825,-0.037,0.9618,True
853,right_shoulder,,,,,,0.0143,True
853,right_toe_tip,897.732,452.632,0.7479270582608696,0.268814036521739,-0.0328000000000001,0.9418,True
854,left_shoulder,1004.89,552.702,0.7600024108695652,0.4013647526086956,1.6098,0.9299,True
854,left_toe_tip,881.146,355.604,0.7025212056521738,-0.0128066947826087,-0.0131999999999998,0.9234,True
854,right_shoulder,,,,,,0.0318,True
854,right_toe_tip,897.592,452.4,0.7475207843478262,0.2681407826086956,-0.0328000000000001,0.9113,True
855,left_shoulder,1003.796,548.456,0.7579610573913045,0.3926439791304348,1.5952,0.9837,True
855,left_toe_tip,880.6220000000001,355.604,0.6916313226086959,-0.0126356330434783,0.0255999999999999,0.9136,True
855,right_shoulder,,,,,,0.0197,True
855,right_toe_tip,897.414,452.336,0.7481793869565216,0.2683765913043477,-0.037,0.8777,True
856,left_shoulder,1002.544,544.1,0.7518847304347828,0.3818073913043479,1.59,0.9336,True
856,left_toe_tip,880.274,355.538,0.6878104417391304,-0.0127729599999999,0.0364,0.9241,True
856,right_shoulder,,,,,,0.0204,False
856,right_toe_tip,897.4379999999999,452.408,0.7497601926086954,0.2691282556521739,-0.0424,0.9015,True
857,left_shoulder,1001.492,540.086,0.7489957069565217,0.3731303621739131,1.5918,0.9916,True
857,left_toe_tip,880.0219999999999,355.526,0.6854193460869563,-0.0127761878260869,0.0428000000000001,0.9447,True
857,right_shoulder,,,,,,0.0295,False
857,right_toe_tip,897.702,452.518,0.7508651969565218,0.2695692943478261,-0.0435999999999999,0.8658,True
858,left_shoulder,1000.472,536.0319999999999,0.7453934052173913,0.3640035617391303,1.5866,0.8917,True
858,left_toe_tip,879.9540000000001,355.398,0.6847035226086958,-0.0131317069565218,0.0448000000000001,0.9411,True
858,right_shoulder,,,,,,0.0267,False
858,right_toe_tip,898.128,452.622,0.7530042678260871,0.2701944821739131,-0.0468000000000001,0.8605,True
859,left_shoulder,998.896,531.606,0.742134511304348,0.3548513634782608,1.5636,0.9247,True
859,left_toe_tip,879.9200000000001,355.25200000000007,0.6853888521739131,-0.0135637973913041,0.0418000000000001,0.9532,True
859,right_shoulder,,,,,,0.0161,True
859,right_toe_tip,898.3120000000001,452.642,0.7563487669565221,0.2712598039130435,-0.0568000000000001,0.8968,True
860,left_shoulder,997.644,527.04,0.7397010904347824,0.3454822956521738,1.5587,0.9428,True
860,left_toe_tip,879.818,355.12,0.6874956447826086,-0.0139896869565217,0.0325999999999999,0.9431,True
860,right_shoulder,,,,,,0.0135,False
860,right_toe_tip,898.436,452.54,0.757329843478261,0.2711824347826086,-0.059,0.8996,True
861,left_shoulder,996.53,522.95,0.7408073347826089,0.3385817608695653,1.5499,0.9947,True
861,left_toe_tip,879.758,354.988,0.6890436434782611,-0.014404052173913,0.026,0.9357,True
861,right_shoulder,,,,,,0.0242,False
861,right_toe_tip,898.18,452.314,0.7568602826086955,0.270620497826087,-0.06,0.8954,True
862,left_shoulder,995.482,518.964,0.740793576521739,0.3312671530434784,1.5673,0.9609,True
862,left_toe_tip,879.7220000000001,354.872,0.6894613173913046,-0.0147485739130436,0.024,0.9451,True
862,right_shoulder,,,,,,0.0119,True
862,right_toe_tip,897.732,452.136,0.7567235634782606,0.2705193078260868,-0.0691999999999998,0.8683,True
863,left_shoulder,993.63,514.558,0.738394815217391,0.3227238239130434,1.54,0.8782,True
863,left_toe_tip,879.652,354.888,0.6884264191304349,-0.0146847756521739,0.0271999999999998,0.9385,True
863,right_shoulder,,,,,,0.0174,True
863,right_toe_tip,897.3280000000001,451.956,0.7552017391304351,0.2698708695652174,-0.052,0.8285,True
864,left_shoulder,992.378,510.398,0.7363934160869566,0.3142991247826087,1.5204000000000002,0.9081,True
864,left_toe_tip,879.5539999999999,354.902,0.6847078243478257,-0.0145714139130436,0.0404,0.9391,True
864,right_shoulder,,,,,,0.0154,False
864,right_toe_tip,896.892,451.818,0.7526377139130437,0.2690067795652175,-0.0474,0.8523,True
865,left_shoulder,990.784,506.664,0.7367989147826087,0.3080581669565218,1.4926,0.9859,True
865,left_toe_tip,879.5040000000001,354.95400000000006,0.6785773113043482,-0.0142966343478259,0.0634000000000001,0.9421,True
865,right_shoulder,,,,,,0.0139,True
865,right_toe_tip,896.51,451.70200000000006,0.7518531152173914,0.2687865360869567,-0.0485999999999999,0.8842,True
866,left_shoulder,989.394,502.838,0.7338793104347827,0.3000219034782609,1.4835999999999998,0.9732,True
866,left_toe_tip,879.512,355.11800000000005,0.6711022104347826,-0.0136791517391302,0.0921999999999998,0.9433,True
866,right_shoulder,,,,,,0.0158,True
866,right_toe_tip,896.3779999999999,451.632,0.7518006178260868,0.2687008799999998,-0.0498000000000001,0.8743,True
867,left_shoulder,987.618,498.744,0.7306023530434784,0.2916036939130435,1.4824000000000002,0.9507,True
867,left_toe_tip,879.3879999999999,355.254,0.6628965965217389,-0.0131422930434782,0.1224,0.9414,True
867,right_shoulder,,,,,,0.0166,True
867,right_toe_tip,896.3279999999999,451.5220000000001,0.7507624226086952,0.2680599795652175,-0.0465999999999999,0.8674,True
868,left_shoulder,986.144,495.14,0.728181627826087,0.2842934304347825,1.4721,0.9667,True
868,left_toe_tip,879.256,355.396,0.6565496713043477,-0.012633976521739,0.1454,0.9152,True
868,right_shoulder,,,,,,0.0147,True
868,right_toe_tip,896.2,451.458,0.7503875217391305,0.2678725291304347,-0.0465999999999999,0.868,True
869,left_shoulder,984.572,491.824,0.7280956173913041,0.2785498434782608,1.455,0.9598,True
869,left_toe_tip,879.092,355.48,0.6525652304347825,-0.0123366521739129,0.164,0.9176,True
869,right_shoulder,,,,,,0.0136,True
869,right_toe_tip,896.15,451.302,0.748459163043478,0.2667804743478259,-0.0401999999999998,0.87,True
870,left_shoulder,983.512,488.8459999999999,0.7245116139130436,0.2717530199999998,1.4410999999999998,0.9183,True
870,left_toe_tip,878.6880000000001,355.532,0.6499578017391308,-0.0121665582608696,0.1698000000000001,0.9072,True
870,right_shoulder,,,,,,0.0149,True
870,right_toe_tip,896.368,451.13,0.7466439339130436,0.2654062195652173,-0.0314,0.8688,True
871,left_shoulder,982.368,486.324,0.7250758817391305,0.2675322626086956,1.4156,0.9497,True
871,left_toe_tip,878.384,355.522,0.6471607373913043,-0.0121567965217391,0.1774,0.8845,True
871,right_shoulder,,,,,,0.0143,True
871,right_toe_tip,896.5840000000001,450.992,0.7442051582608697,0.2639163617391304,-0.0204,0.8701,True
872,left_shoulder,981.296,484.24,0.7278508173913044,0.264955304347826,1.3895,0.921,True
872,left_toe_tip,878.408,355.502,0.646292991304348,-0.0121934913043478,0.181,0.8796,True
872,right_shoulder,,,,,,0.0163,True
872,right_toe_tip,896.5719999999999,450.83,0.7409353147826083,0.262301243478261,-0.0088000000000001,0.856,True
873,left_shoulder,980.626,482.776,0.7311611139130434,0.2635413530434782,1.3722,0.8665,True
873,left_toe_tip,878.65,355.422,0.6459632934782608,-0.0123914517391303,0.1848000000000002,0.8647,True
873,right_shoulder,,,,,,0.0155,True
873,right_toe_tip,896.934,450.386,0.7384618291304346,0.2597811534782607,-0.0011999999999998,0.8725,True
874,left_shoulder,980.142,481.574,0.7330060100000001,0.2619919699999999,1.3564,0.837,True
874,left_toe_tip,878.7760000000001,355.31800000000004,0.6463043426086957,-0.0126729526086955,0.1848000000000002,0.8456,True
874,right_shoulder,,,,,,0.0137,True
874,right_toe_tip,897.6299999999999,449.86800000000005,0.7368778065217388,0.2570420165217393,-0.0044,0.8765,True
875,left_shoulder,979.498,480.28,0.7361940326086955,0.2608245652173914,1.344,0.8793,True
875,left_toe_tip,879.484,355.356,0.649470195652174,-0.0125943260869565,0.175,0.8594,True
875,right_shoulder,,,,,,0.0116,True
875,right_toe_tip,898.373142857143,446.808,0.736652321526176,0.2474998524223602,-0.0060285714285714,0.8305,True
876,left_shoulder,979.056,478.978,0.7378890469565217,0.2589323386956521,1.3368,0.9141,True
876,left_toe_tip,880.0360000000001,355.44,0.6584813660869567,-0.0125092695652173,0.1461999999999998,0.7244,True
876,right_shoulder,,,,,,0.0151,True
876,right_toe_tip,899.3274285714285,441.238,0.7385435770896183,0.2313592644099378,-0.0540857142857139,0.5262,True
877,left_shoulder,978.794,477.768,0.7373188552173916,0.2562990104347827,1.3368,0.9546,True
877,left_toe_tip,880.406,355.39,0.6689035639130434,-0.0128268239130435,0.1101999999999998,0.8772,True
877,right_shoulder,,,,,,0.0153,True
877,right_toe_tip,900.7388571428572,433.184,0.7446847514640638,0.2090175950310559,-0.0590714285714284,0.1869,True
878,left_shoulder,978.672,476.416,0.7381577113043476,0.253736264347826,1.3338,0.9559,True
878,left_toe_tip,880.5620000000001,355.3,0.682359342608696,-0.013331652173913,0.0604,0.8908,True
878,right_shoulder,,,,,,0.0169,True
878,right_toe_tip,902.1214285714286,422.88,0.7516861091393081,0.1803210931677018,-0.0112857142857142,0.169,True
879,left_shoulder,978.4,475.076,0.7377855652173912,0.2508906965217392,1.3372,0.9958,True
879,left_toe_tip,880.8720000000001,355.268,0.6939208139130438,-0.0136322747826087,0.0165999999999999,0.9248,True
879,right_shoulder,,,,,,0.0145,True
879,right_toe_tip,903.3871428571427,410.22,0.7599373449423247,0.1448971770186334,-0.0484285714285715,0.0326,True
880,left_shoulder,978.504,473.84,0.7386745982608693,0.2484186782608695,1.3484,0.9754,True
880,left_toe_tip,880.86,355.134,0.7065052130434782,-0.0142732473913043,-0.0315999999999999,0.9213,True
880,right_shoulder,,,,,,0.0128,True
880,right_toe_tip,904.02,403.89,0.7640796195652174,0.1270186141304347,-0.1315,0.1945,True
881,left_shoulder,978.65,472.768,0.7396557717391306,0.2463000208695653,1.3545999999999998,0.9273,True
881,left_toe_tip,880.65,354.916,0.7125332608695651,-0.0150530608695652,-0.054,0.9306,True
881,right_shoulder,,,,,,0.0128,True
881,right_toe_tip,905.6021428571428,388.065,0.7744838882264864,0.0818362762034159,-0.1756785714285715,0.0175,False
882,left_shoulder,978.814,471.792,0.7400139691304348,0.2441683095652174,1.3545999999999998,0.9197,True
882,left_toe_tip,880.4889999999999,354.867,0.7176244040217389,-0.0153169835869564,-0.0753000000000001,0.9195,True
882,right_shoulder,,,,,,0.0125,True
882,right_toe_tip,907.3453571428572,372.2375,0.7910143024345608,0.0362079881599379,-0.2240714285714284,0.0273,True
883,left_shoulder,979.118,470.966,0.740677944782609,0.242364217826087,1.3721,0.9313,True
883,left_toe_tip,880.351,354.937,0.7193026177173913,-0.0151521281521738,-0.0833000000000001,0.8788,True
883,right_shoulder,,,,,,0.0124,True
883,right_toe_tip,908.1296428571428,355.80999999999995,0.8010164905168592,-0.0125172996894411,-0.2484285714285715,0.8054,True
884,left_shoulder,979.876,470.382,0.7425551739130434,0.2411606739130433,1.3715,0.9277,True
884,left_toe_tip,880.0263333333332,354.96233333333333,0.7234445866304344,-0.015183636847826,-0.1029,0.9373,False
884,right_shoulder,,,,,,0.0122,True
884,right_toe_tip,908.6075,338.7075,0.8137785373641305,-0.0645081745923913,-0.28025,0.8939,True
885,left_shoulder,980.316,469.94,0.7437384234782608,0.2402666999999998,1.3839,0.937,True
885,left_toe_tip,879.567,354.925,0.7254453318478261,-0.0153678722826086,-0.1159,0.8972,True
885,right_shoulder,,,,,,0.014,True
885,right_toe_tip,908.294,331.834,0.8185883239130437,-0.0859369152173913,-0.295,0.9621,True
886,left_shoulder,981.178,469.364,0.7458447756521742,0.2390792139130435,1.3878,0.9426,True
886,left_toe_tip,879.0690000000001,354.83500000000004,0.7279391192391308,-0.0157268635869564,-0.1263000000000002,0.925,False
886,right_shoulder,,,,,,0.0141,True
886,right_toe_tip,907.8013333333332,318.52066666666667,0.8200154450241541,-0.1270109209661835,-0.3075666666666666,0.9631,True
887,left_shoulder,982.316,468.856,0.7485557921739131,0.2380396747826085,1.3957,0.9428,True
887,left_toe_tip,878.5840000000001,354.612,0.7298595756521741,-0.0164825947826088,-0.1394,0.8915,False
887,right_shoulder,,,,,,0.0149,True
887,right_toe_tip,906.716,305.476,0.8074536991304346,-0.1650654834782608,-0.2971999999999998,0.927,True
888,left_shoulder,983.598,468.232,0.7532265721739129,0.2372633669565216,1.4082,0.9306,True
888,left_toe_tip,877.9440000000001,354.338,0.7303846260869568,-0.0173798782608694,-0.149,0.9216,True
888,right_shoulder,,,,,,0.0203,False
888,right_toe_tip,905.934,293.178,0.7912114617391303,-0.1988099765217391,-0.3041999999999998,0.9015,False
889,left_shoulder,984.084,467.308,0.7552643800000002,0.23554106,1.4056,0.9448,True
889,left_toe_tip,877.5346666666667,354.08666666666664,0.7258233205797102,-0.0180690898550725,-0.1361999999999998,0.9193,True
889,right_shoulder,,,,,,0.0189,True
889,right_toe_tip,904.744,282.296,0.7678727060869563,-0.2253753843478261,-0.2814000000000001,0.8984,False
890,left_shoulder,984.634,466.348,0.7578951182608696,0.2338731234782607,1.4108,0.9319,True
890,left_toe_tip,877.2860000000001,353.814,0.7256824886956524,-0.0189184017391305,-0.1385999999999999,0.8962,True
890,right_shoulder,,,,,,0.0178,True
890,right_toe_tip,903.376,272.682,0.7382543791304347,-0.2447561504347827,-0.1408000000000001,0.6767,True
891,left_shoulder,984.686,465.266,0.7585339952173913,0.2316538517391303,1.4184,0.8429,True
891,left_toe_tip,877.174,353.622,0.7241025339130435,-0.0194723113043477,-0.1338000000000001,0.9048,True
891,right_shoulder,,,,,,0.0139,False
891,right_toe_tip,902.1046666666668,264.4893333333333,0.7158116432850243,-0.2608410148792271,-0.0635333333333333,0.6812,True
892,left_shoulder,984.93,463.692,0.7614704673913045,0.2289113608695652,1.412,0.8703,True
892,left_toe_tip,876.9680000000001,353.524,0.7198160573913045,-0.0196715539130434,-0.1195999999999999,0.8123,True
892,right_shoulder,,,,,,0.0117,True
892,right_toe_tip,900.948,257.40200000000004,0.7020068478260869,-0.2760109239130434,-0.015,0.6854,True
893,left_shoulder,985.176,461.8,0.7659155286956523,0.2258853478260869,1.4061,0.9139,True
893,left_toe_tip,876.924,353.43600000000004,0.7151499434782609,-0.0198132913043477,-0.102,0.8178,True
893,right_shoulder,,,,,,0.0159,True
893,right_toe_tip,899.8380000000001,252.178,0.6963093534782612,-0.2889395204347827,-0.0004,0.7711,True
894,left_shoulder,985.94,459.716,0.7716718130434782,0.222431712173913,1.3953000000000002,1.0,True
894,left_toe_tip,876.758,353.412,0.7149576908695654,-0.019894327826087,-0.1031999999999998,0.8586,True
894,right_shoulder,,,,,,0.0136,True
894,right_toe_tip,899.108,248.542,0.6937898339130433,-0.29844091,0.0015999999999999,0.7966,True
895,left_shoulder,987.012,457.3059999999999,0.776703380869565,0.2177962121739128,1.3883,1.0,True
895,left_toe_tip,876.5619999999999,353.438,0.7080917778260866,-0.0196417778260869,-0.0788000000000001,0.8754,True
895,right_shoulder,,,,,,0.0277,True
895,right_toe_tip,898.608,245.958,0.6958241773913042,-0.3068473552173913,0.0035999999999999,0.7957,True
896,left_shoulder,988.168,454.62,0.7858757269565217,0.2135737956521739,1.3574000000000002,0.9709,True
896,left_toe_tip,876.3860000000001,353.516,0.702220584782609,-0.0192617086956522,-0.058,0.8536,True
896,right_shoulder,,,,,,0.0435,False
896,right_toe_tip,898.21,244.18400000000003,0.6981212543478262,-0.3131312156521739,-0.0059,0.7961,True
897,left_shoulder,989.31,451.918,0.794452439130435,0.2090535034782609,1.3280999999999998,0.9638,True
897,left_toe_tip,876.336,353.612,0.6985783895652176,-0.0188820947826087,-0.0444,0.8711,True
897,right_shoulder,,,,,,0.0202,True
897,right_toe_tip,897.732,243.668,0.6986778347826087,-0.3153608782608696,-0.01,0.9512,True
898,left_shoulder,990.214,448.632,0.7982595195652172,0.202023156521739,1.293,0.8972,True
898,left_toe_tip,876.0719999999999,353.67,0.6966176799999997,-0.0186790043478262,-0.0348000000000001,0.8958,True
898,right_shoulder,,,,,,0.0161,True
898,right_toe_tip,897.076,243.418,0.6971789347826088,-0.3161653152173914,-0.007,0.9752,True
899,left_shoulder,991.564,444.86,0.7966745947826086,0.1923001391304348,1.2921999999999998,0.9138,True
899,left_toe_tip,875.958,353.686,0.694229472173913,-0.0185768860869565,-0.0268000000000001,0.8918,True
899,right_shoulder,,,,,,0.0316,True
899,right_toe_tip,896.2040000000001,243.13,0.6961508252173915,-0.3175561152173912,-0.0118000000000001,0.9572,True
900,left_shoulder,992.826,440.624,0.7966197469565218,0.1820349704347825,1.2958000000000005,0.9274,True
900,left_toe_tip,875.6899999999999,353.768,0.6928773630434781,-0.0183207252173913,-0.0245999999999999,0.9066,True
900,right_shoulder,,,,,,0.0169,True
900,right_toe_tip,894.65,242.582,0.6932015869565217,-0.319632216521739,-0.0139,0.9322,True
901,left_shoulder,994.43,435.4,0.7911494000000001,0.1683059130434782,1.3364,0.9186,True
901,left_toe_tip,875.482,353.816,0.6919587378260869,-0.0181715495652174,-0.0234,0.8963,True
901,right_shoulder,,,,,,0.0243,True
901,right_toe_tip,892.516,241.716,0.6892039956521738,-0.3228381782608696,-0.013,0.934,True
902,left_shoulder,995.67,429.732,0.7846389478260871,0.1538348556521738,1.3519,0.8942,True
902,left_toe_tip,875.226,353.836,0.6900814934782609,-0.0180832999999999,-0.019,0.9025,True
902,right_shoulder,,,,,,0.0172,False
902,right_toe_tip,890.4759999999999,240.552,0.6857052756521735,-0.3270018834782608,-0.0205999999999999,0.8988,True
903,left_shoulder,997.564,423.57,0.7757584173913042,0.1379192608695652,1.3725,0.8959,True
903,left_toe_tip,875.1379999999999,353.996,0.6867563108695649,-0.0175355956521739,-0.007,0.9048,True
903,right_shoulder,,,,,,0.0194,True
903,right_toe_tip,888.5139999999999,239.28000000000003,0.6818467813043475,-0.3312189391304346,-0.0261999999999998,0.8564,True
904,left_shoulder,999.32,417.238,0.7786308173913044,0.1240322573913043,1.3664,0.8995,True
904,left_toe_tip,874.914,354.094,0.6839061495652173,-0.0171941634782608,0.0015999999999999,0.9154,True
904,right_shoulder,,,,,,0.024,True
904,right_toe_tip,886.7126666666667,238.0173333333333,0.6771368813526569,-0.3347982233816426,-0.0180666666666666,0.8391,True
905,left_shoulder,1001.0400000000002,410.494,0.77757027826087,0.1087487082608696,1.3825999999999998,0.9019,True
905,left_toe_tip,875.046,354.082,0.6820421756521741,-0.017172492173913,0.0104,0.9144,True
905,right_shoulder,,,,,,0.0117,True
905,right_toe_tip,885.624,237.028,0.6736505182608695,-0.337264076521739,-0.0161999999999998,0.9271,True
906,left_shoulder,1003.064,403.5700000000001,0.7816925773913043,0.0938081043478261,1.4007,0.9155,True
906,left_toe_tip,875.1080000000002,354.178,0.6800243347826092,-0.016839502173913,0.019,0.9295,True
906,right_shoulder,,,,,,0.0242,False
906,right_toe_tip,885.052,236.294,0.6708032139130435,-0.3386317286956521,-0.0114,0.9328,False
907,left_shoulder,1004.98,396.632,0.782723413043478,0.0785597130434781,1.404,0.8092,True
907,left_toe_tip,875.042,354.322,0.6795779565217392,-0.0164168260869565,0.02,0.931,True
907,right_shoulder,,,,,,0.0156,True
907,right_toe_tip,884.55,235.716,0.6681531304347824,-0.3395655026086956,-0.0065999999999999,0.9464,False
908,left_shoulder,1006.83,389.504,0.785813656521739,0.0632026991304348,1.3932,0.8053,True
908,left_toe_tip,875.2140000000002,354.30600000000004,0.6800752608695658,-0.0164630869565216,0.02,0.9339,True
908,right_shoulder,,,,,,0.0203,True
908,right_toe_tip,884.184,235.358,0.6690110765217391,-0.3414919839130435,-0.0135999999999999,0.9587,True
909,left_shoulder,1008.468,382.516,0.7821133808695653,0.0477926573913043,1.4112,0.8,True
909,left_toe_tip,875.414,354.358,0.68034646,-0.0163053799999999,0.0211999999999998,0.9399,True
909,right_shoulder,,,,,,0.015,True
909,right_toe_tip,883.8353333333332,235.07666666666668,0.6665539213526567,-0.3414933207729468,-0.0079333333333333,0.961,True
910,left_shoulder,1010.282,375.096,0.7818584926086954,0.031875532173913,1.4259000000000002,0.9582,True
910,left_toe_tip,875.2760000000001,354.444,0.6799476400000003,-0.0160568399999999,0.0211999999999998,0.9391,True
910,right_shoulder,,,,,,0.0147,True
910,right_toe_tip,883.3939999999999,234.874,0.6703388230434781,-0.3446133247826088,-0.0268000000000001,0.947,True
911,left_shoulder,1011.882,368.018,0.7810330439130434,0.0168395430434782,1.4668,0.8643,True
911,left_toe_tip,875.2180000000001,354.336,0.6792175421739133,-0.016355415652174,0.0234,0.9306,True
911,right_shoulder,,,,,,0.0212,True
911,right_toe_tip,883.0290000000001,234.789,0.6709713695652176,-0.3456912391304348,-0.033,0.9248,True
912,left_shoulder,1014.454,360.5220000000001,0.7791899321739132,0.0010862139130435,1.5106,0.8956,True
912,left_toe_tip,875.232,354.164,0.6786954573913043,-0.0168381286956522,0.0255999999999999,0.9332,True
912,right_shoulder,,,,,,0.0203,True
912,right_toe_tip,882.677,234.769,0.6677837969565218,-0.3446030430434782,-0.0245999999999999,0.9498,True
913,left_shoulder,1016.444,353.664,0.781284971304348,-0.0131499547826087,1.4895999999999998,0.8638,True
913,left_toe_tip,874.858,354.09000000000003,0.6773100495652172,-0.0170439260869564,0.0268000000000001,0.9289,True
913,right_shoulder,,,,,,0.023,True
913,right_toe_tip,882.4110000000001,234.765,0.6637318576086958,-0.3428988749999999,-0.012,0.9444,False
914,left_shoulder,1018.696,346.832,0.7843946713043476,-0.0272749356521739,1.4584,0.961,True
914,left_toe_tip,874.516,353.958,0.6766296417391303,-0.0174324834782609,0.0315999999999999,0.9327,True
914,right_shoulder,,,,,,0.0116,True
914,right_toe_tip,882.1850000000001,234.84100000000004,0.6631130597826088,-0.3426907836956521,-0.007,0.9517,True
915,left_shoulder,1020.832,340.358,0.7827753391304348,-0.0403728499999999,1.456,0.9495,True
915,left_toe_tip,874.528,353.604,0.6775309982608697,-0.018477487826087,0.0281999999999998,0.9376,True
915,right_shoulder,,,,,,0.0221,True
915,right_toe_tip,882.149,234.939,0.6518019386956522,-0.3366315873913044,0.0355999999999999,0.9474,True
916,left_shoulder,1022.548,334.406,0.7817285217391304,-0.0523007826086956,1.467,0.9333,True
916,left_toe_tip,874.4699999999999,353.244,0.6781789891304345,-0.0195409956521738,0.025,0.9268,True
916,right_shoulder,,,,,,0.0164,True
916,right_toe_tip,882.098,235.034,0.6464016599999998,-0.33365922,0.0555999999999999,0.9353,True
917,left_shoulder,1023.928,329.222,0.7812934800000002,-0.06263323,1.4748,0.897,True
917,left_toe_tip,874.458,352.764,0.679214632173913,-0.0209623773913043,0.0208000000000001,0.9189,True
917,right_shoulder,,,,,,0.0287,True
917,right_toe_tip,881.99,235.142,0.6498483630434783,-0.3352980160869565,0.0414,0.9465,True
918,left_shoulder,1025.254,324.03200000000004,0.7779618273913046,-0.0726319026086955,1.4892,0.933,True
918,left_toe_tip,874.4,352.052,0.6799128695652173,-0.0230543834782608,0.0174,0.9421,True
918,right_shoulder,,,,,,0.0143,True
918,right_toe_tip,881.924,235.236,0.6479355826086957,-0.3341505391304347,0.048,0.947,True
919,left_shoulder,1026.8200000000002,318.956,0.7734718173913046,-0.0820701547826086,1.4994,0.904,True
919,left_toe_tip,874.2299999999999,351.262,0.6799798739130433,-0.0253667939130434,0.0121999999999998,0.9342,True
919,right_shoulder,,,,,,0.0099,True
919,right_toe_tip,881.856,235.248,0.6477534608695652,-0.3341184,0.048,0.9509,True
920,left_shoulder,1028.236,314.612,0.7748684165217389,-0.0905885278260869,1.4938,0.9307,True
920,left_toe_tip,873.278,349.074,0.6774697395652175,-0.0317305291304349,0.0081999999999998,0.9373,True
920,right_shoulder,,,,,,0.0132,True
920,right_toe_tip,881.7180000000001,235.286,0.6533742634782611,-0.337107364347826,0.0251999999999998,0.9419,True
921,left_shoulder,1029.756,310.672,0.7734962008695648,-0.0978946330434782,1.5042,0.9356,True
921,left_toe_tip,872.2,344.95199999999994,0.6771153913043481,-0.0438812765217393,0.0081999999999998,0.8939,True
921,right_shoulder,,,,,,0.0175,True
921,right_toe_tip,881.586,235.227,0.6539890576086956,-0.3377686483695651,0.0215,0.9363,True
922,left_shoulder,1031.114,306.97200000000004,0.7742356704347827,-0.104972384347826,1.5173,0.9099,True
922,left_toe_tip,870.0799999999999,338.968,0.6757349565217389,-0.0617700695652173,0.017,0.9384,True
922,right_shoulder,,,,,,0.017,True
922,right_toe_tip,881.5020000000001,235.055,0.6466741054347827,-0.3345673994565217,0.0485,0.9496,True
923,left_shoulder,1033.224,303.414,0.7701206556521737,-0.1108224508695652,1.5497,0.8695,True
923,left_toe_tip,868.1360000000001,330.7,0.6747370173913046,-0.0866579347826087,-0.013,0.9438,True
923,right_shoulder,,,,,,0.0118,False
923,right_toe_tip,881.4879999999999,234.788,0.6429093026086955,-0.3333497299999999,0.0626999999999998,0.9581,False
924,left_shoulder,1034.38,300.236,0.768698060869565,-0.1164878313043478,1.5628,0.9221,True
924,left_toe_tip,866.4779999999998,320.92600000000004,0.6730827691304343,-0.1161262291304346,-0.0261999999999998,0.8672,True
924,right_shoulder,,,,,,0.0104,True
924,right_toe_tip,881.5640000000001,234.426,0.6370200221739132,-0.3311468276086956,0.0809000000000001,0.9435,True
925,left_shoulder,1034.978,297.452,0.7658279960869567,-0.1212751330434782,1.5932,0.8371,True
925,left_toe_tip,864.5799999999999,311.634,0.6707130521739129,-0.1444461104347827,-0.0225999999999999,0.7394,True
925,right_shoulder,,,,,,0.0163,True
925,right_toe_tip,881.3100000000001,234.128,0.6287961554347827,-0.3279923321739131,0.1096999999999998,0.8982,False
926,left_shoulder,1035.45,294.828,0.7610693152173914,-0.1254277643478261,1.6109,0.9433,True
926,left_toe_tip,860.9040000000001,299.47200000000004,0.6642007008695656,-0.1819919060869564,-0.0071999999999998,0.4876,True
926,right_shoulder,,,,,,0.0203,True
926,right_toe_tip,880.7479999999999,233.735,0.6244793773913041,-0.3275204304347826,0.1255999999999999,0.9002,True
927,left_shoulder,1035.582,292.218,0.7557336121739128,-0.1294930904347826,1.6239,0.9265,True
927,left_toe_tip,857.3380000000001,287.916,0.6560300282608699,-0.2175839869565217,-0.024,0.7914,True
927,right_shoulder,,,,,,0.0234,True
927,right_toe_tip,877.1853333333332,234.04433333333336,0.6218724442512075,-0.3302411544444444,0.1068666666666667,0.8827,True
928,left_shoulder,1035.19,290.29200000000003,0.7564452065217392,-0.133430204347826,1.6205,0.8758,True
928,left_toe_tip,852.268,276.416,0.6442795252173915,-0.2536956104347826,-0.0104,1.0,True
928,right_shoulder,,,,,,0.0189,True
928,right_toe_tip,870.5439999999999,235.094,0.6184092208695648,-0.3350467682608695,0.0881999999999998,0.8735,True
929,left_shoulder,1034.8580000000002,288.64,0.7553805217391307,-0.1365147826086956,1.613,0.8101,True
929,left_toe_tip,846.298,264.678,0.6290295104347826,-0.2906492113043478,0.0068000000000001,0.8626,True
929,right_shoulder,,,,,,0.01,True
929,right_toe_tip,860.824,236.884,0.6128826104347824,-0.3417004286956521,0.0920999999999999,0.2396,True
930,left_shoulder,1035.092,286.686,0.751619585217391,-0.1394719160869565,1.6228,0.8861,True
930,left_toe_tip,840.76,250.078,0.6144128869565216,-0.3364091121739131,0.0084,0.8632,True
930,right_shoulder,,,,,,0.0145,True
930,right_toe_tip,861.384,241.178,0.6222815478260869,-0.3339931434782609,0.067,0.0453,True
931,left_shoulder,1035.236,284.622,0.749315903478261,-0.1429068560869565,1.6288,0.926,True
931,left_toe_tip,836.848,238.052,0.595636372173913,-0.3689987417391305,0.0161999999999998,0.4071,True
931,right_shoulder,,,,,,0.0194,True
931,right_toe_tip,862.2120000000001,245.328,0.6325312886956526,-0.3264163408695653,0.0401999999999998,0.4448,True
932,left_shoulder,1034.898,282.52200000000005,0.7476449308695651,-0.1466860656521738,1.6267,0.9176,True
932,left_toe_tip,833.5600000000001,225.012,0.5745786521739131,-0.4007089434782608,0.051,0.9762,True
932,right_shoulder,,,,,,0.0097,True
932,right_toe_tip,865.7126666666667,248.30066666666667,0.645750854541063,-0.3195653173429951,0.0159333333333333,0.7104,True
933,left_shoulder,1033.756,280.37600000000003,0.7452260295652171,-0.1506970747826086,1.6228,0.9029,True
933,left_toe_tip,831.6360000000001,212.244,0.5541196600000001,-0.4272396860869564,0.0098000000000001,0.9871,True
933,right_shoulder,,,,,,0.0145,True
933,right_toe_tip,871.866,249.862,0.6574913269565217,-0.3123130591304348,0.0181999999999998,0.8131,True
934,left_shoulder,1033.196,278.09000000000003,0.7420292339130438,-0.1545784152173912,1.6238,0.897,True
934,left_toe_tip,830.076,200.484,0.5327912921739132,-0.4471302834782609,0.0071999999999998,0.9736,True
934,right_shoulder,,,,,,0.0215,True
934,right_toe_tip,880.86,250.03000000000003,0.6694337173913043,-0.3056448804347825,-0.021,0.802,True
935,left_shoulder,1032.2320000000002,275.948,0.7407216052173916,-0.1587303747826087,1.6185999999999998,0.9285,True
935,left_toe_tip,828.7,192.18,0.5117872173913044,-0.4551570260869564,0.0118000000000001,0.9658,True
935,right_shoulder,,,,,,0.0194,True
935,right_toe_tip,879.918,246.928,0.6660853865217391,-0.3139222852173913,-0.0081999999999998,0.8034,True
936,left_shoulder,1031.064,273.77,0.7385158626086954,-0.1628434804347826,1.6181,0.8942,True
936,left_toe_tip,827.51,185.07,0.4969422630434781,-0.4636025282608695,0.0088000000000001,0.9702,True
936,right_shoulder,,,,,,0.0124,True
936,right_toe_tip,879.128,244.08,0.6618127321739131,-0.3208212,0.0048000000000001,0.8095,True
937,left_shoulder,1030.104,271.808,0.7369573391304348,-0.1666061913043478,1.6175,0.8565,True
937,left_toe_tip,826.384,179.862,0.4855708382608696,-0.4692986504347827,-0.0118000000000001,0.9923,True
937,right_shoulder,,,,,,0.0085,True
937,right_toe_tip,879.108,241.622,0.6556757199999999,-0.3246130634782609,0.0206999999999998,0.8198,True
938,left_shoulder,1029.312,269.802,0.7331760556521741,-0.1698663639130434,1.6189,0.8891,True
938,left_toe_tip,825.216,176.57,0.4746763965217391,-0.4700991891304348,-0.0028000000000001,0.9448,True
938,right_shoulder,,,,,,0.0107,True
938,right_toe_tip,879.5260000000001,239.764,0.6545308304347828,-0.3285579391304348,0.017,0.8651,True
939,left_shoulder,1027.878,267.71,0.7312343513043477,-0.1739867130434783,1.6045999999999998,0.928,True
939,left_toe_tip,824.5620000000001,173.696,0.4696701678260872,-0.4741031791304347,-0.0111999999999998,0.9456,True
939,right_shoulder,,,,,,0.0108,True
939,right_toe_tip,880.064,238.43400000000003,0.6510953182608694,-0.3297081339130433,0.0308000000000001,0.8931,True
940,left_shoulder,1026.194,265.524,0.7278917347826086,-0.1780667217391304,1.6005,0.9171,True
940,left_toe_tip,824.1220000000001,171.28,0.4644677582608698,-0.4760667130434782,-0.0508000000000001,0.894,True
940,right_shoulder,,,,,,0.0107,True
940,right_toe_tip,880.7279999999998,237.728,0.6514309008695648,-0.3308786643478261,0.0314,0.8958,True
941,left_shoulder,1024.05,263.396,0.7271068369565217,-0.1828965730434782,1.5972,0.8668,True
941,left_toe_tip,823.844,169.78199999999998,0.4604892539130437,-0.4764547382608696,-0.0574,0.8051,True
941,right_shoulder,,,,,,0.0124,True
941,right_toe_tip,881.266,237.222,0.650421666521739,-0.3309934734782609,0.0368000000000001,0.8808,True
942,left_shoulder,1021.998,261.078,0.723969253043478,-0.1874786947826087,1.5909,0.946,True
942,left_toe_tip,823.758,168.808,0.4589555786956522,-0.4775228017391305,-0.0508000000000001,0.5565,True
942,right_shoulder,,,,,,0.0166,True
942,right_toe_tip,881.3520000000001,236.918,0.6521226104347829,-0.3325622126086958,0.0311999999999998,0.8428,True
943,left_shoulder,1019.516,258.524,0.7223179521739129,-0.1931352999999999,1.579,0.926,True
943,left_toe_tip,823.8639999999999,168.156,0.4598998226086954,-0.4798602313043477,-0.0641999999999998,0.704,True
943,right_shoulder,,,,,,0.0199,True
943,right_toe_tip,881.29,236.78799999999995,0.6502240956521738,-0.3320295547826087,0.0378000000000001,0.8873,True
944,left_shoulder,1016.896,255.764,0.7188062191304347,-0.19879618,1.5754,0.9038,True
944,left_toe_tip,823.7460000000001,168.078,0.4597644478260872,-0.4802222217391304,-0.065,0.6771,True
944,right_shoulder,,,,,,0.0126,True
944,right_toe_tip,881.2199999999999,236.78,0.6557513260869562,-0.3349708913043479,0.016,0.89,True
945,left_shoulder,1014.262,252.77,0.7147590586956519,-0.2047859891304348,1.573,0.915,True
945,left_toe_tip,823.3300000000002,168.378,0.4611148043478265,-0.4819709869565218,-0.075,0.6114,True
945,right_shoulder,,,,,,0.0252,True
945,right_toe_tip,881.07,236.844,0.6568109369565218,-0.3355465539130434,0.0104,0.9153,True
946,left_shoulder,1011.434,249.474,0.7096004330434781,-0.2111527147826087,1.5599,0.9258,True
946,left_toe_tip,822.5793333333334,168.98066666666665,0.4618794069806764,-0.4832304664009662,-0.0713666666666667,0.6319,True
946,right_shoulder,,,,,,0.0255,True
946,right_toe_tip,880.9979999999999,236.69,0.6573482404347825,-0.3363414282608696,0.0075999999999999,0.9263,True
947,left_shoulder,1008.212,246.088,0.7044055652173915,-0.2179186086956521,1.553,0.9175,True
947,left_toe_tip,821.558,169.692,0.4610981163043478,-0.4833202630434782,-0.0665,0.6289,True
947,right_shoulder,,,,,,0.0142,True
947,right_toe_tip,880.9200000000001,236.458,0.6602255478260871,-0.3385587939130434,-0.0041999999999998,0.9437,True
948,left_shoulder,1004.9199999999998,242.502,0.6992184521739127,-0.2251363852173912,1.5502,0.9353,True
948,left_toe_tip,820.25,170.434,0.4609305978260869,-0.48475323,-0.0345999999999999,0.2659,True
948,right_shoulder,,,,,,0.0405,True
948,right_toe_tip,880.9060000000002,236.168,0.665267156086957,-0.34196476,-0.0285999999999999,0.9421,True
949,left_shoulder,1001.548,238.882,0.6939363678260869,-0.23246757,1.5557,0.9458,True
949,left_toe_tip,818.7233333333334,171.19666666666666,0.4607306219806764,-0.4867158393719807,-0.0416666666666669,0.2104,True
949,right_shoulder,,,,,,0.1543,True
949,right_toe_tip,880.892,235.95,0.6633956208695653,-0.3416229130434783,-0.0215999999999999,0.9245,True
950,left_shoulder,998.284,235.306,0.6885283826086956,-0.2396293391304348,1.558,0.9222,True
950,left_toe_tip,817.23,171.84,0.4605090380434782,-0.4889092173913043,-0.0355,0.2041,True
950,right_shoulder,,,,,,0.1575,True
950,right_toe_tip,880.9720000000001,235.658,0.6656589573913045,-0.3434812595652174,-0.0294,0.917,True
951,left_shoulder,995.64,231.776,0.6810506,-0.2455489599999999,1.5642,0.8953,True
951,left_toe_tip,815.7366666666667,172.48333333333335,0.4602263140096618,-0.4910762560386472,-0.046333333333333,0.1018,True
951,right_shoulder,,,,,,0.0549,True
951,right_toe_tip,880.9720000000001,235.426,0.6646636382608697,-0.3436075895652173,-0.0255999999999999,0.9151,True
952,left_shoulder,992.982,228.298,0.6751931778260869,-0.2519230213043478,1.5577,0.9144,True
952,left_toe_tip,814.4440000000001,172.64600000000002,0.4576500417391305,-0.4915191460869564,-0.0505999999999999,0.1994,True
952,right_shoulder,,,,,,0.063,True
952,right_toe_tip,881.0900000000001,235.342,0.6606390108695656,-0.3415900195652174,-0.009,0.9318,True
953,left_shoulder,990.486,224.868,0.6646281256521741,-0.2562513991304347,1.5684,0.8823,True
953,left_toe_tip,813.38,172.6,0.4552921108695652,-0.4921083260869566,-0.0439,0.4738,True
953,right_shoulder,,,,,,0.2061,True
953,right_toe_tip,881.202,235.31800000000004,0.6556237406521738,-0.3389046493478259,0.0113000000000001,0.9408,True
954,left_shoulder,987.568,221.686,0.6572813113043477,-0.2615638013043478,1.5572,0.9447,True
954,left_toe_tip,812.5506666666668,172.43733333333333,0.4529892628502417,-0.4923995702415458,-0.0302333333333331,0.6559,True
954,right_shoulder,,,,,,0.0867,True
954,right_toe_tip,881.3619999999999,235.33,0.6523857449999996,-0.3369748793478261,0.0253000000000001,0.9323,True
955,left_shoulder,984.6375,218.581,0.6502972479619566,-0.2668438185326087,1.55305,0.9101,True
955,left_toe_tip,812.008,172.06,0.4497635269565218,-0.4914222434782608,-0.0205999999999999,0.7789,True
955,right_shoulder,,,,,,0.0465,True
955,right_toe_tip,881.4280000000001,235.298,0.6442716117391307,-0.3327781306521739,0.0569,0.9426,False
956,left_shoulder,981.6765,215.527,0.6437073843749999,-0.2721824209239131,1.55575,0.8989,True
956,left_toe_tip,811.774,171.548,0.4468364530434782,-0.4902210069565216,-0.0301999999999998,0.8164,True
956,right_shoulder,,,,,,0.1195,True
956,right_toe_tip,881.476,235.374,0.6422474178260871,-0.3314645210869566,0.0650999999999999,0.9324,True
957,left_shoulder,978.899,212.408,0.6360618514130435,-0.2770077243478261,1.5623,0.9155,False
957,left_toe_tip,811.6479999999999,171.356,0.4458743373913041,-0.4900232947826087,-0.0268000000000001,0.8069,True
957,right_shoulder,,,,,,0.06,True
957,right_toe_tip,881.3880000000001,235.296,0.6377103630434786,-0.3294489913043478,0.0815,0.9335,True
958,left_shoulder,976.475,209.43,0.6321706929347827,-0.2828915706521739,1.5605,0.823,False
958,left_toe_tip,811.554,171.166,0.444362154347826,-0.4891211108695652,-0.02,0.8624,True
958,right_shoulder,,,,,,0.0297,True
958,right_toe_tip,880.972,235.06,0.6308227878260868,-0.3270711913043478,0.1035999999999999,0.9412,True
959,left_shoulder,974.299,206.77,0.6287364779347826,-0.2881889880434782,1.5587,0.7881,False
959,left_toe_tip,811.552,170.952,0.4429398052173913,-0.4881137165217391,-0.0124,0.8782,True
959,right_shoulder,,,,,,0.0366,True
959,right_toe_tip,880.588,234.868,0.6267840417391304,-0.3259960626086957,0.1201999999999998,0.9129,True
960,left_shoulder,972.0155,204.285,0.6256868186141306,-0.2934466100543478,1.55925,0.8296,True
960,left_toe_tip,811.55,170.83800000000002,0.4429346413043477,-0.4884080595652174,-0.0124,0.9284,True
960,right_shoulder,,,,,,0.0392,True
960,right_toe_tip,880.208,234.762,0.6257940591304348,-0.3262722156521739,0.1201999999999998,0.8905,True
961,left_shoulder,969.7655,202.036,0.6245292597010871,-0.2991614949999999,1.55065,0.8835,True
961,left_toe_tip,811.5640000000001,170.708,0.4431199747826088,-0.4889083156521739,-0.0131999999999998,0.9226,True
961,right_shoulder,,,,,,0.0385,True
961,right_toe_tip,879.854,234.634,0.6262796508695653,-0.3273415273913044,0.1098000000000001,0.9037,True
962,left_shoulder,967.549,200.023,0.6252269553260869,-0.3053647931521739,1.5369000000000002,0.8474,True
962,left_toe_tip,811.548,170.596,0.4429294773913043,-0.4890328930434782,-0.0124,0.9447,True
962,right_shoulder,,,,,,0.0397,True
962,right_toe_tip,879.5039999999999,234.552,0.6289062643478259,-0.3294100852173914,0.0961999999999998,0.912,True
963,left_shoulder,965.451,198.371,0.6252550461956522,-0.3105209320652174,1.5215,0.9058,False
963,left_toe_tip,811.566,170.55599999999998,0.4443932369565218,-0.4907011434782609,-0.02,0.9444,True
963,right_shoulder,,,,,,0.0336,True
963,right_toe_tip,879.4040000000001,234.728,0.6353573982608698,-0.3324609947826086,0.0704,0.9374,True
964,left_shoulder,963.773,196.645,0.624213228369565,-0.3149377864130434,1.5108,0.9076,True
964,left_toe_tip,811.562,170.514,0.4453152782608696,-0.4918397478260869,-0.025,0.9246,True
964,right_shoulder,,,,,,0.0258,True
964,right_toe_tip,879.232,234.852,0.6396335582608695,-0.3346076634782608,0.0611999999999998,0.9511,True
965,left_shoulder,962.3390000000002,195.045,0.6226398227173915,-0.3186320983695651,1.5074,0.8101,True
965,left_toe_tip,811.592,170.468,0.4462138052173913,-0.4928656052173913,-0.0294,0.9349,True
965,right_shoulder,,,,,,0.0288,True
965,right_toe_tip,879.0319999999999,234.92,0.6435676782608694,-0.3367643043478261,0.044,0.9555,True
966,left_shoulder,960.91,193.624,0.6221468217391306,-0.3225524278260869,1.4964000000000002,0.7654,True
966,left_toe_tip,811.598,170.452,0.446863574347826,-0.493607715652174,-0.0328000000000001,0.9395,True
966,right_shoulder,,,,,,0.0343,True
966,right_toe_tip,878.784,234.84,0.6428999652173912,-0.3369796956521739,0.044,0.9637,True
967,left_shoulder,959.918,192.332,0.6207104673913043,-0.3253123695652173,1.487,0.7658,True
967,left_toe_tip,811.622,170.48600000000002,0.4490526939130433,-0.4958675008695651,-0.0441999999999998,0.9372,True
967,right_shoulder,,,,,,0.0239,True
967,right_toe_tip,878.65,234.754,0.6427985869565217,-0.3373473782608696,0.043,0.9619,True
968,left_shoulder,958.84,191.182,0.6188268521739128,-0.3276537182608696,1.4784000000000002,0.816,True
968,left_toe_tip,811.624,170.522,0.4489086886956522,-0.4956085426086957,-0.0434,0.9304,True
968,right_shoulder,,,,,,0.0307,True
968,right_toe_tip,878.516,234.51800000000003,0.6417117426086955,-0.3376011373913042,0.0393000000000001,0.9704,True
969,left_shoulder,958.116,190.004,0.6157619269565218,-0.3290531269565218,1.4832,0.8145,True
969,left_toe_tip,811.61,170.602,0.4488720695652174,-0.4953992904347826,-0.0434,0.9517,True
969,right_shoulder,,,,,,0.0515,True
969,right_toe_tip,878.376,234.27400000000003,0.6403504852173912,-0.3377383004347825,0.0430999999999999,0.9654,True
970,left_shoulder,957.042,189.052,0.6153371686956522,-0.3317877704347826,1.4744000000000002,0.84,True
970,left_toe_tip,811.5799999999999,170.61,0.4489427999999998,-0.4955430521739131,-0.0441999999999998,0.9546,True
970,right_shoulder,,,,,,0.0631,True
970,right_toe_tip,878.2940000000001,233.87000000000003,0.638006283478261,-0.3376993652173911,0.0513000000000001,0.981,True
971,left_shoulder,956.606,187.864,0.6133208839130436,-0.3334573686956522,1.4778,0.8161,True
971,left_toe_tip,811.552,170.63,0.4492051826086957,-0.4958612282608695,-0.046,0.959,True
971,right_shoulder,,,,,,0.0532,True
971,right_toe_tip,878.086,233.07,0.6360519247826087,-0.3390962543478261,0.0491999999999998,0.964,True
972,left_shoulder,955.876,186.71,0.6097780173913043,-0.3345250434782609,1.484,0.8369,True
972,left_toe_tip,811.486,170.632,0.4490323630434782,-0.4958559913043478,-0.046,0.9577,True
972,right_shoulder,,,,,,0.0305,True
972,right_toe_tip,877.876,231.566,0.6288717469565217,-0.3395404073913043,0.0608000000000001,0.8881,True
973,left_shoulder,955.306,185.614,0.6084720352173911,-0.3365270700000001,1.4846,0.8532,True
973,left_toe_tip,811.424,170.64999999999998,0.4482364939130434,-0.4951090869565217,-0.0425999999999999,0.9429,True
973,right_shoulder,,,,,,0.0286,True
973,right_toe_tip,877.4540000000001,229.412,0.6188257721739131,-0.3403236834782609,0.0744,0.7699,True
974,left_shoulder,954.424,184.776,0.6082737339130434,-0.3389822556521739,1.4802,0.8489,True
974,left_toe_tip,811.356,170.69,0.4477606782608695,-0.4946752608695652,-0.041,0.9533,True
974,right_shoulder,,,,,,0.0124,True
974,right_toe_tip,877.2940000000001,225.474,0.6065440982608699,-0.3438601539130434,0.0054,0.7453,True
975,left_shoulder,953.936,184.056,0.605145763478261,-0.3391511843478261,1.4866,0.8332,True
975,left_toe_tip,811.282,170.83200000000002,0.4461523747826089,-0.4927415165217391,-0.0244,0.9504,True
975,right_shoulder,,,,,,0.0123,True
975,right_toe_tip,876.1,220.388,0.5971276956521739,-0.3530969582608695,0.0051999999999998,0.7481,True
976,left_shoulder,952.93,183.652,0.6040229282608695,-0.3403899765217391,1.4842,0.8472,True
976,left_toe_tip,811.208,170.94,0.4434287199999999,-0.4896654,-0.0108000000000001,0.9454,True
976,right_shoulder,,,,,,0.0117,True
976,right_toe_tip,874.4460000000001,215.086,0.5876949621739134,-0.363261594347826,0.0508000000000001,0.5919,True
977,left_shoulder,951.992,183.42800000000005,0.6056714260869565,-0.3427799913043478,1.474,0.8517,True
977,left_toe_tip,811.176,171.03,0.4401083808695653,-0.485858302173913,0.0065999999999999,0.9564,True
977,right_shoulder,,,,,,0.011,True
977,right_toe_tip,872.6199999999999,209.9,0.5829153782608694,-0.3761310217391304,0.1210999999999999,0.6694,True
978,left_shoulder,950.974,183.17,0.6074809486956522,-0.3454335608695652,1.4668,0.8641,True
978,left_toe_tip,811.146,171.08,0.4390639013043477,-0.4846619391304347,0.0118000000000001,0.9714,True
978,right_shoulder,,,,,,0.0106,True
978,right_toe_tip,871.0889999999999,205.382,0.5822186881521738,-0.389553328478261,0.1560999999999999,0.6442,True
979,left_shoulder,950.35,183.008,0.608083597826087,-0.3467888904347826,1.4614,0.8903,True
979,left_toe_tip,811.11,171.036,0.4367768739130435,-0.4823511495652174,0.0235999999999999,0.9692,True
979,right_shoulder,,,,,,0.0146,True
979,right_toe_tip,869.3470000000001,202.632,0.5850592111956525,-0.4014423469565217,0.1275999999999999,0.3253,True
980,left_shoulder,949.846,182.586,0.6092515369565216,-0.3488499195652174,1.455,0.9381,True
980,left_toe_tip,810.8799999999999,171.19,0.4355582608695649,-0.4812602717391304,0.027,0.9762,True
980,right_shoulder,,,,,,0.0132,True
980,right_toe_tip,865.4643333333333,196.86666666666665,0.5709557481763287,-0.4131115241545894,0.1032333333333331,0.1585,True
981,left_shoulder,949.466,182.156,0.6081679652173914,-0.3495021217391304,1.456,0.9127,True
981,left_toe_tip,810.664,171.48,0.4340801739130434,-0.4794965217391304,0.032,0.9799,True
981,right_shoulder,,,,,,0.0126,True
981,right_toe_tip,859.1030000000001,187.41,0.5427800514130436,-0.4275542054347826,0.0759,0.3888,True
982,left_shoulder,949.316,181.57,0.608007667826087,-0.3507313173913043,1.4556,0.9105,True
982,left_toe_tip,810.524,171.70999999999998,0.4322041991304348,-0.4772332847826088,0.0401999999999998,1.0,True
982,right_shoulder,,,,,,0.0138,True
982,right_toe_tip,849.711,174.16,0.5002747083695652,-0.4433293999999999,0.0273000000000001,0.0177,True
983,left_shoulder,949.222,181.14,0.6071506747826089,-0.3511877217391304,1.4576,0.9026,True
983,left_toe_tip,810.52,171.904,0.431897504347826,-0.4764144556521739,0.0673000000000001,1.0,True
983,right_shoulder,,,,,,0.0128,True
983,right_toe_tip,838.756,159.56,0.4536389660869565,-0.4574825130434782,-0.0228000000000001,0.0368,True
984,left_shoulder,949.174,180.354,0.6037630526086956,-0.3508173952173913,1.4634,0.886,True
984,left_toe_tip,810.55,172.006,0.4329003913043476,-0.4771778139130435,0.0623000000000001,0.9473,True
984,right_shoulder,,,,,,0.0154,True
984,right_toe_tip,825.542,143.32399999999998,0.4028278160869565,-0.4704224373913044,0.0095999999999999,0.7944,True
985,left_shoulder,948.822,179.98,0.6050897143478259,-0.3527217956521739,1.4574,0.8851,True
985,left_toe_tip,810.7700000000001,171.694,0.4342384108695654,-0.4788294091304348,0.0325999999999999,1.0,True
985,right_shoulder,,,,,,0.0176,True
985,right_toe_tip,813.3866666666667,130.0413333333333,0.3614986357487922,-0.4794471563285025,-0.0026333333333332,0.9084,True
986,left_shoulder,948.374,179.762,0.6064241747826088,-0.3544419452173913,1.4508,0.8257,True
986,left_toe_tip,810.8720000000001,171.23,0.4357236000000002,-0.4813635,0.026,1.0,True
986,right_shoulder,,,,,,0.0147,True
986,right_toe_tip,802.3299999999999,120.112,0.3323177413043477,-0.491092455652174,-0.0124,0.8798,True
987,left_shoulder,947.59,179.66,0.606955310869565,-0.3558578652173913,1.4446,0.8583,True
987,left_toe_tip,810.818,170.878,0.4378882295652174,-0.4848101356521739,0.0135999999999999,1.0,True
987,right_shoulder,,,,,,0.0165,False
987,right_toe_tip,792.738,113.748,0.3125152295652175,-0.5038530052173914,-0.0024,0.8558,True
988,left_shoulder,946.724,179.39600000000002,0.6059132582608695,-0.3567714234782608,1.4426,0.904,True
988,left_toe_tip,810.5540000000001,170.708,0.4376563947826089,-0.4857397321739131,0.0111999999999998,0.9721,True
988,right_shoulder,,,,,,0.0159,True
988,right_toe_tip,782.964,108.092,0.2937288617391305,-0.5175614147826088,0.0072999999999999,0.958,True
989,left_shoulder,945.284,179.46800000000002,0.6083115530434782,-0.3597296330434782,1.4307999999999998,0.8826,True
989,left_toe_tip,810.2720000000002,170.626,0.4378581495652178,-0.486979357826087,0.0061999999999998,0.9065,True
989,right_shoulder,,,,,,0.0154,True
989,right_toe_tip,774.216,102.728,0.2770976852173913,-0.5311548226086957,0.0120999999999999,0.9519,True
990,left_shoulder,944.002,179.2,0.6065500773913044,-0.3607353043478261,1.4204,0.913,True
990,left_toe_tip,810.022,170.7,0.4365869269565218,-0.4860894782608696,0.0095999999999999,0.8552,True
990,right_shoulder,,,,,,0.0219,True
990,right_toe_tip,766.376,97.498,0.2631642834782608,-0.546631882173913,-0.0127999999999999,0.9451,True
991,left_shoulder,942.866,178.376,0.6049419147826086,-0.3627741982608695,1.4184,0.9188,True
991,left_toe_tip,809.84,170.894,0.4368949391304348,-0.48645463,0.0054,0.8059,True
991,right_shoulder,,,,,,0.0241,True
991,right_toe_tip,759.612,92.788,0.2498070617391303,-0.5580664530434782,-0.0264,0.9236,True
992,left_shoulder,941.922,177.23399999999998,0.6003653334782608,-0.363426217826087,1.4186,0.9239,True
992,left_toe_tip,809.7,171.09,0.4367192608695653,-0.4861557782608695,0.0169,0.8232,True
992,right_shoulder,,,,,,0.0149,True
992,right_toe_tip,753.8219999999999,88.488,0.238679785217391,-0.5693488591304349,-0.0262,0.8838,True
993,left_shoulder,940.79,176.338,0.598833656521739,-0.3656470860869565,1.4164,0.8581,True
993,left_toe_tip,809.6160000000001,171.18400000000003,0.4363555965217394,-0.4857496834782608,0.0176999999999998,0.8387,True
993,right_shoulder,,,,,,0.0146,True
993,right_toe_tip,749.266,84.71000000000001,0.2296723813043477,-0.5786476108695652,-0.0137999999999999,0.9408,True
994,left_shoulder,939.738,174.88799999999998,0.5945889673913042,-0.3672058695652174,1.415,0.8687,True
994,left_toe_tip,809.47,171.296,0.4358326304347827,-0.4852974608695652,0.0185,0.8365,True
994,right_shoulder,,,,,,0.0119,True
994,right_toe_tip,745.446,82.42999999999999,0.2231558282608696,-0.587422597826087,-0.022,0.9069,True
995,left_shoulder,938.552,173.18,0.5904190313043479,-0.3694568565217391,1.3896,0.8659,True
995,left_toe_tip,809.336,171.43400000000003,0.4364083217391304,-0.4859673760869564,0.0135,0.8253,True
995,right_shoulder,,,,,,0.0122,True
995,right_toe_tip,742.4739999999999,81.74,0.2176235882608694,-0.590939552173913,-0.0242999999999999,0.9554,True
996,left_shoulder,937.222,171.27,0.5846873647826086,-0.3712647326086956,1.3792,0.8535,True
996,left_toe_tip,809.2639999999999,171.538,0.4354500382608693,-0.48483898,0.0176999999999998,0.7331,True
996,right_shoulder,,,,,,0.0155,True
996,right_toe_tip,740.2760000000001,81.732,0.2144816443478262,-0.5951910547826087,-0.0367999999999999,0.9621,True
997,left_shoulder,935.526,169.418,0.5796806734782609,-0.3738307360869565,1.3734000000000002,0.8842,True
997,left_toe_tip,809.2860000000001,171.518,0.4351754239130437,-0.4845216630434783,0.0195,0.6695,True
997,right_shoulder,,,,,,0.0251,True
997,right_toe_tip,738.41,82.356,0.2106829739130434,-0.5943995895652173,-0.0335999999999999,0.9582,True
998,left_shoulder,933.898,166.804,0.5748261534782608,-0.3778661765217391,1.3625999999999998,0.9168,True
998,left_toe_tip,809.298,171.48999999999998,0.4355375069565217,-0.4849624652173913,0.0176999999999998,0.6606,True
998,right_shoulder,,,,,,0.0181,True
998,right_toe_tip,737.0200000000001,83.484,0.209225739130435,-0.5963127652173913,-0.017,0.9444,True
999,left_shoulder,932.29,163.696,0.5681863434782608,-0.3815979060869565,1.3701,0.9474,True
999,left_toe_tip,809.2819999999999,171.596,0.4384035795652172,-0.4879254026086956,0.0019,0.829,True
999,right_shoulder,,,,,,0.0215,True
999,right_toe_tip,736.368,85.176,0.2119258017391305,-0.6043738226086957,-0.0297,0.9075,True
1000,left_shoulder,930.662,160.19,0.5614199717391303,-0.3859373586956521,1.385,0.9185,True
1000,left_toe_tip,809.186,171.708,0.4389641108695653,-0.4885358739130435,-0.0025,0.8724,True
1000,right_shoulder,,,,,,0.016,True
1000,right_toe_tip,735.6479999999999,87.03,0.2164763756521737,-0.6178023195652175,-0.0181999999999998,0.9047,True
1001,left_shoulder,928.712,156.704,0.5547036208695654,-0.3905934886956521,1.4104,0.8818,True
1001,left_toe_tip,809.0160000000001,171.804,0.4420503252173914,-0.492214364347826,0.0068000000000001,0.8829,True
1001,right_shoulder,,,,,,0.0132,True
1001,right_toe_tip,734.204,90.206,0.2201916104347825,-0.6306141495652174,0.0115999999999999,0.9003,True
1002,left_shoulder,926.352,153.03,0.5478038260869567,-0.3959426086956522,1.418,0.8216,True
1002,left_toe_tip,808.6279999999999,171.956,0.4457644521739128,-0.4970902260869565,-0.019,0.8861,True
1002,right_shoulder,,,,,,0.0304,True
1002,right_toe_tip,732.676,93.562,0.2237520991304348,-0.6432740060869563,-0.0246999999999998,0.9198,True
1003,left_shoulder,923.58,148.70999999999998,0.5382471695652172,-0.4010376065217391,1.4088,0.8899,True
1003,left_toe_tip,808.3820000000001,172.446,0.4491772873913044,-0.5003206813043478,-0.0411999999999998,0.8799,True
1003,right_shoulder,,,,,,0.0318,True
1003,right_toe_tip,730.902,96.552,0.2264447865217392,-0.6562718765217391,-0.0733000000000001,0.8924,True
1004,left_shoulder,920.772,144.584,0.531208416521739,-0.4075577060869565,1.3694000000000002,0.856,True
1004,left_toe_tip,808.446,173.406,0.4507029060869565,-0.4992606417391304,-0.0190999999999999,0.8524,True
1004,right_shoulder,,,,,,0.0232,True
1004,right_toe_tip,728.6419999999999,98.718,0.2247460099999998,-0.6624634708695654,-0.0825999999999999,0.8717,True
1005,left_shoulder,917.894,139.92399999999998,0.5214137204347826,-0.412929555652174,1.3583,0.9322,True
1005,left_toe_tip,808.718,174.548,0.454584976521739,-0.4996721930434782,-0.0363000000000001,0.8633,True
1005,right_shoulder,,,,,,0.0201,True
1005,right_toe_tip,726.7239999999999,100.402,0.2217494973913042,-0.6637807991304349,-0.0244,0.8991,True
1006,left_shoulder,914.646,135.01799999999997,0.512155084347826,-0.4195425208695653,1.3514000000000002,0.9046,True
1006,left_toe_tip,808.9559999999999,175.52,0.4569525208695649,-0.4989381913043478,-0.0231999999999998,0.8371,True
1006,right_shoulder,,,,,,0.0169,True
1006,right_toe_tip,725.518,100.556,0.2204505313043478,-0.6688015113043478,-0.0435999999999999,0.9387,True
1007,left_shoulder,911.156,129.622,0.5028764860869563,-0.4272510256521739,1.3468,0.8405,True
1007,left_toe_tip,809.314,176.316,0.4582888291304346,-0.4971846704347825,-0.0086999999999998,0.8796,True
1007,right_shoulder,,,,,,0.0144,True
1007,right_toe_tip,724.642,100.344,0.2204924100000001,-0.67640388,-0.0455999999999999,0.951,True
1008,left_shoulder,907.826,124.306,0.4934985165217392,-0.4342918139130435,1.3508,0.8762,True
1008,left_toe_tip,809.466,176.394,0.4595475834782609,-0.4978915747826087,-0.0133000000000001,0.8846,True
1008,right_shoulder,,,,,,0.0259,True
1008,right_toe_tip,723.984,100.22,0.2200745947826088,-0.680736547826087,-0.0598000000000001,0.9397,True
1009,left_shoulder,904.468,118.466,0.4822516486956523,-0.4404319982608695,1.3649,0.9135,True
1009,left_toe_tip,809.494,175.61,0.458776042173913,-0.4990956282608694,-0.0251999999999998,0.8843,True
1009,right_shoulder,,,,,,0.0306,True
1009,right_toe_tip,723.516,100.326,0.2198104808695651,-0.683450677826087,-0.0534,0.9455,True
1010,left_shoulder,900.986,112.722,0.4734059095652176,-0.4485407895652173,1.3772,0.8879,True
1010,left_toe_tip,809.46,174.506,0.4573209652173914,-0.5005918513043478,-0.0403000000000001,0.927,True
1010,right_shoulder,,,,,,0.031,True
1010,right_toe_tip,723.012,100.48,0.2188629426086955,-0.6842301217391303,-0.0575999999999999,0.934,True
1011,left_shoulder,897.2819999999999,106.87,0.4638347013043477,-0.4563493673913043,1.3804,0.8838,True
1011,left_toe_tip,809.458,173.486,0.4564314391304347,-0.5023714043478261,-0.0355,0.9597,True
1011,right_shoulder,,,,,,0.0143,True
1011,right_toe_tip,722.652,100.724,0.217823955652174,-0.6833049886956521,-0.0565999999999999,0.9271,True
1012,left_shoulder,893.7180000000001,100.336,0.4533830347826088,-0.4640082782608695,1.395,0.8239,True
1012,left_toe_tip,809.566,172.81599999999997,0.4520777008695654,-0.4990488208695653,-0.0398000000000001,0.9929,True
1012,right_shoulder,,,,,,0.0187,True
1012,right_toe_tip,722.366,100.948,0.2162644669565217,-0.6801804469565218,-0.0475999999999999,0.9174,True
1013,left_shoulder,889.8799999999999,93.976,0.442939460869565,-0.4715564556521739,1.4117,0.8101,True
1013,left_toe_tip,809.766,172.50799999999998,0.4479608060869564,-0.4947343252173913,-0.0145999999999999,0.9713,True
1013,right_shoulder,,,,,,0.0111,True
1013,right_toe_tip,722.134,101.1,0.2162266826086956,-0.6815823913043478,-0.029,0.9053,True
1014,left_shoulder,885.226,88.00399999999999,0.43373016,-0.4810781426086956,1.3298,0.8264,True
1014,left_toe_tip,809.706,172.45999999999998,0.4440394382608696,-0.4907024869565218,0.0058000000000001,0.9959,True
1014,right_shoulder,,,,,,0.0253,True
1014,right_toe_tip,721.9300000000001,101.196,0.2162595782608697,-0.6831300365217391,-0.0354,0.8948,True
1015,left_shoulder,880.2120000000001,81.72,0.4232953200000001,-0.4903777565217391,1.2803,0.779,True
1015,left_toe_tip,809.4259999999999,172.55599999999998,0.4396236382608693,-0.4863764313043478,0.0258000000000001,1.0,True
1015,right_shoulder,,,,,,0.0147,True
1015,right_toe_tip,721.74,101.278,0.216291147826087,-0.6846009095652174,-0.0124,0.8696,True
1016,left_shoulder,875.568,75.648,0.412500052173913,-0.4979250782608695,1.281,0.8963,True
1016,left_toe_tip,808.9019999999999,172.818,0.4343718826086954,-0.4813832739130435,0.047,1.0,True
1016,right_shoulder,,,,,,0.0144,True
1016,right_toe_tip,721.586,101.354,0.2161319556521739,-0.6851869904347826,-0.0151999999999998,0.8572,True
1017,left_shoulder,870.982,70.238,0.4014065452173913,-0.5035559626086956,1.2682,0.8965,True
1017,left_toe_tip,808.4100000000001,173.16,0.432960143478261,-0.4803412695652173,0.0478000000000001,1.0,True
1017,right_shoulder,,,,,,0.0242,True
1017,right_toe_tip,721.3679999999999,101.41,0.2148645860869563,-0.6828462456521741,-0.0074,0.853,True
1018,left_shoulder,866.6120000000001,64.51400000000001,0.3910042269565219,-0.509841822173913,1.2546,0.8568,True
1018,left_toe_tip,807.6859999999999,173.6,0.4312446478260867,-0.4793721739130435,0.0895,0.9477,True
1018,right_shoulder,,,,,,0.0137,True
1018,right_toe_tip,721.1899999999999,101.556,0.2125059999999998,-0.6764490782608695,0.014,0.8711,True
1019,left_shoulder,862.758,58.96,0.3811098826086957,-0.5150401739130435,1.235,0.8554,True
1019,left_toe_tip,806.92,173.9,0.430218156521739,-0.4796525217391303,0.0843000000000001,0.8929,True
1019,right_shoulder,,,,,,0.0305,True
1019,right_toe_tip,720.9959999999999,101.676,0.2123327747826084,-0.6772019817391306,0.0101999999999998,0.857,True
1020,left_shoulder,859.1719999999999,54.378,0.3720206469565216,-0.5187601252173913,1.1974,0.9118,True
1020,left_toe_tip,806.17,174.252,0.4307776630434781,-0.4815314999999999,0.08,0.8583,True
1020,right_shoulder,,,,,,0.0347,True
1020,right_toe_tip,720.8,101.82,0.211010956521739,-0.6742426826086957,0.0194,0.8741,True
1021,left_shoulder,855.7699999999999,49.898,0.3641353282608693,-0.5233308317391304,1.1664,0.8589,True
1021,left_toe_tip,805.606,174.516,0.4310076156521739,-0.4827422713043479,0.0705999999999999,0.8133,True
1021,right_shoulder,,,,,,0.0177,True
1021,right_toe_tip,720.6279999999999,101.856,0.2094750495652171,-0.6706693356521738,0.0568000000000001,0.8625,True
1022,left_shoulder,852.6619999999999,45.69199999999999,0.3573646217391303,-0.5281740956521739,1.134,0.9217,True
1022,left_toe_tip,804.46,174.058,0.4313142260869567,-0.4876531060869566,0.0591999999999998,0.6965,True
1022,right_shoulder,,,,,,0.0161,True
1022,right_toe_tip,720.546,101.88,0.2091919700000001,-0.6703825304347827,0.0575999999999999,0.8568,True
1023,left_shoulder,849.814,41.892,0.3514840617391304,-0.5329000539130435,1.1118,0.8916,True
1023,left_toe_tip,803.174,173.268,0.428118914347826,-0.4899279365217391,0.0626999999999998,0.6454,True
1023,right_shoulder,,,,,,0.0253,True
1023,right_toe_tip,720.46,101.808,0.208898647826087,-0.6703450121739131,0.0584,0.8764,True
1024,left_shoulder,847.0840000000001,38.524,0.3446598052173914,-0.5350478817391305,1.1088,0.7604,True
1024,left_toe_tip,801.52,172.01399999999998,0.4230419478260868,-0.4923598539130434,0.0604,0.4942,True
1024,right_shoulder,,,,,,0.0282,True
1024,right_toe_tip,720.3639999999999,101.699,0.2054959891304346,-0.6604925027173912,0.0945,0.8761,True
1025,left_shoulder,844.5540000000001,35.274,0.3398264495652175,-0.5394687156521739,1.0985999999999998,0.8042,True
1025,left_toe_tip,798.5020000000001,169.946,0.413173365652174,-0.4954211986956521,0.0573000000000001,0.5627,True
1025,right_shoulder,,,,,,0.0167,True
1025,right_toe_tip,720.2760000000001,101.523,0.2033862265217393,-0.6548739557608695,0.1160999999999999,0.8861,True
1026,left_shoulder,842.0559999999999,32.538,0.335852212173913,-0.5442987939130435,1.0718,0.8223,True
1026,left_toe_tip,794.5840000000001,167.246,0.4015151373913044,-0.5006575634782608,0.0639000000000001,0.6468,True
1026,right_shoulder,,,,,,0.0133,True
1026,right_toe_tip,720.2456,101.5084,0.2007692577913042,-0.646729125052174,0.1452200000000002,0.8729,False
1027,left_shoulder,839.856,30.042,0.3318044069565217,-0.54780201,1.0536,0.8471,True
1027,left_toe_tip,787.47,165.19400000000002,0.3849928760869566,-0.5085707073913044,0.0841999999999998,0.6488,True
1027,right_shoulder,,,,,,0.018,True
1027,right_toe_tip,720.2968,101.60920000000002,0.1988166223826086,-0.6397812379913045,0.1690599999999999,0.8775,True
1028,left_shoulder,837.616,27.67,0.3277848,-0.5512343260869565,1.04,0.8491,True
1028,left_toe_tip,778.518,162.498,0.3692106952173913,-0.5264287004347826,0.0598000000000001,0.6139,True
1028,right_shoulder,,,,,,0.0153,True
1028,right_toe_tip,720.3936,101.8234,0.1968227573565217,-0.6320780546826087,0.1946199999999999,0.8883,False
1029,left_shoulder,835.7299999999999,25.12,0.3245288499999998,-0.5552456,1.0281,0.8105,True
1029,left_toe_tip,766.726,159.142,0.3480832630434782,-0.5517045282608696,0.0925,0.7598,True
1029,right_shoulder,,,,,,0.0116,True
1029,right_toe_tip,720.616,102.174,0.1962649095652173,-0.6276942117391305,0.2071999999999998,0.2867,True
1030,left_shoulder,834.0519999999999,22.836,0.3205654669565216,-0.5569802686956522,1.0312,0.8023,True
1030,left_toe_tip,753.658,155.372,0.3234311347826087,-0.5823001130434783,0.0705,0.8103,True
1030,right_shoulder,,,,,,0.0131,True
1030,right_toe_tip,720.9639999999999,102.66100000000002,0.1971473399999998,-0.6266204649999999,0.1818000000000001,0.0275,True
1031,left_shoulder,832.35,20.848000000000003,0.3154121847826087,-0.5561355513043478,1.0374,0.7285,True
1031,left_toe_tip,738.5719999999999,151.546,0.2892873913043475,-0.6117671739130436,0.0705,0.9255,True
1031,right_shoulder,,,,,,0.0155,True
1031,right_toe_tip,721.1379999999999,102.9045,0.1975886686956519,-0.626083432826087,0.2065999999999999,0.1543,False
1032,left_shoulder,830.622,19.162,0.3116669699999999,-0.55727013,1.0468,0.7629,True
1032,left_toe_tip,724.268,146.016,0.2512468739130435,-0.637997947826087,0.093,0.8729,True
1032,right_shoulder,,,,,,0.0204,True
1032,right_toe_tip,721.3119999999999,103.14800000000002,0.1980300730434779,-0.6255462947826086,0.2064,0.0682,True
1033,left_shoulder,829.1360000000001,17.25,0.3078805147826087,-0.5579373913043477,1.0534,0.8155,True
1033,left_toe_tip,709.6659999999999,139.95999999999998,0.2111939934782607,-0.667056043478261,0.2085,0.9527,True
1033,right_shoulder,,,,,,0.0244,True
1033,right_toe_tip,721.4859999999999,103.39150000000002,0.1984715530434779,-0.6250090508695652,0.2061999999999998,0.0532,False
1034,left_shoulder,826.9100000000001,15.779999999999998,0.3037693826086958,-0.5594323304347827,1.0608,0.8671,True
1034,left_toe_tip,696.0020000000001,133.08,0.1709887152173915,-0.6928459565217391,0.279,0.9108,True
1034,right_shoulder,,,,,,0.0138,True
1034,right_toe_tip,721.66,103.635,0.1989131086956521,-0.6244717010869566,0.206,0.0396,True
1035,left_shoulder,824.392,14.668,0.2992361478260871,-0.5604137782608696,1.0705,0.9747,True
1035,left_toe_tip,683.132,125.82,0.1309243730434781,-0.7108381173913043,0.2959000000000001,0.8869,True
1035,right_shoulder,,,,,,0.0173,True
1035,right_toe_tip,723.4,106.07,0.2033328260869564,-0.6190923804347825,0.229,0.0844,True
1036,left_shoulder,821.568,13.834,0.2950085286956521,-0.5624444965217391,1.0887,0.9388,True
1036,left_toe_tip,672.0200000000001,117.39,0.095795486956522,-0.7258258304347827,0.1585999999999999,0.9289,True
1036,right_shoulder,,,,,,0.011,True
1036,right_toe_tip,723.605,105.835,0.20228775,-0.6149687934782609,0.246,0.1362,True
1037,left_shoulder,818.496,12.918,0.2889306991304347,-0.5618201243478261,1.0818,0.9475,True
1037,left_toe_tip,663.204,109.058,0.0678716999999998,-0.7340053499999999,0.109,1.0,True
1037,right_shoulder,,,,,,0.0125,True
1037,right_toe_tip,723.6899999999999,105.40666666666664,0.2024327681159419,-0.6158206859903382,0.2216666666666665,0.8335,True
1038,left_shoulder,815.272,12.008,0.2830261773913043,-0.5619314295652174,1.0729000000000002,0.919,True
1038,left_toe_tip,653.492,100.504,0.0372525852173912,-0.7164910208695652,-0.1181999999999998,0.9636,True
1038,right_shoulder,,,,,,0.0162,True
1038,right_toe_tip,723.405,105.055,0.2012825557065216,-0.615262648097826,0.22675,0.8575,True
1039,left_shoulder,812.028,11.29,0.2766659008695652,-0.5608166478260869,1.0614,1.0,True
1039,left_toe_tip,645.7173333333333,93.61333333333332,0.0147871783574877,-0.688976297584541,-0.1994666666666667,0.9199,True
1039,right_shoulder,,,,,,0.0173,True
1039,right_toe_tip,723.412,104.908,0.2014943791304348,-0.616213544347826,0.2245999999999999,0.9143,True
1040,left_shoulder,808.1479999999999,11.36,0.269585108695652,-0.5589608695652174,1.046,0.97,True
1040,left_toe_tip,639.3419999999999,87.81,-0.0015913586956524,-0.658285597826087,-0.128,0.9219,True
1040,right_shoulder,,,,,,0.0194,True
1040,right_toe_tip,723.354,104.598,0.2014811143478262,-0.6173510517391305,0.2231999999999998,0.9409,True
1041,left_shoulder,804.5199999999999,10.794,0.2634465913043476,-0.5591850860869566,1.0483,0.9297,True
1041,left_toe_tip,633.6859999999999,83.382,-0.0143204265217393,-0.6273816508695651,-0.0885999999999999,0.7829,False
1041,right_shoulder,,,,,,0.0235,True
1041,right_toe_tip,723.04,104.308,0.200992904347826,-0.6188858104347826,0.2201999999999998,0.9582,True
1042,left_shoulder,801.012,9.732,0.2578642182608694,-0.5609618165217392,1.0480999999999998,0.8497,True
1042,left_toe_tip,628.4119999999999,80.34,-0.0249696208695653,-0.602606504347826,-0.0729,0.7061,False
1042,right_shoulder,,,,,,0.0163,True
1042,right_toe_tip,722.248,104.056,0.1993441200000001,-0.6203303600000001,0.2171999999999998,0.9572,True
1043,left_shoulder,796.704,9.726,0.2501132104347826,-0.5590677626086957,1.0506,1.0,True
1043,left_toe_tip,626.7719999999999,78.861,-0.0279513391304349,-0.5940589304347826,-0.0465,0.6394,True
1043,right_shoulder,,,,,,0.018,True
1043,right_toe_tip,721.9680000000001,103.95,0.199271335652174,-0.6224798152173913,0.2104000000000001,0.9612,True
1044,left_shoulder,792.138,10.038,0.2434869469565218,-0.5600913573913044,1.0396,0.946,True
1044,left_toe_tip,625.8866666666667,77.75966666666667,-0.0295019801932367,-0.5899845576570047,-0.0446333333333336,0.7069,True
1044,right_shoulder,,,,,,0.0367,True
1044,right_toe_tip,721.504,103.648,0.1982850573913044,-0.6236598330434782,0.2088000000000001,0.9229,True
1045,left_shoulder,787.966,9.268,0.2363917682608695,-0.5603324930434782,1.0347,0.8932,True
1045,left_toe_tip,625.778,76.897,-0.0295570260869564,-0.5883618869565217,-0.044,0.6716,False
1045,right_shoulder,,,,,,0.0286,True
1045,right_toe_tip,721.1299999999999,103.392,0.196987167391304,-0.6230553808695652,0.2131999999999998,0.918,True
1046,left_shoulder,783.19,8.548,0.2279522543478261,-0.5594963034782608,1.0374,0.8991,True
1046,left_toe_tip,626.183,76.42,-0.0287724006521739,-0.5905245260869565,-0.0477999999999999,0.7303,True
1046,right_shoulder,,,,,,0.0185,True
1046,right_toe_tip,720.89,103.18800000000002,0.1964044369565217,-0.6235507017391305,0.2131999999999998,0.9285,True
1047,left_shoulder,777.376,9.116,0.2196522782608695,-0.5610330043478262,1.0335,0.9521,True
1047,left_toe_tip,626.773,75.93199999999999,-0.0275437897826086,-0.5915407330434782,-0.0477999999999999,0.7611,True
1047,right_shoulder,,,,,,0.0173,True
1047,right_toe_tip,721.192,102.974,0.1965375913043478,-0.6221705456521739,0.22,0.9371,True
1048,left_shoulder,771.904,9.163999999999998,0.2120500173913043,-0.5640070043478262,1.028,0.8846,True
1048,left_toe_tip,627.077,75.633,-0.0267253258695652,-0.5880833197826087,-0.0505999999999999,0.7103,False
1048,right_shoulder,,,,,,0.0275,True
1048,right_toe_tip,721.348,102.71,0.1963846826086955,-0.6211316195652175,0.201,0.9322,True
1049,left_shoulder,766.208,9.012,0.2035789913043477,-0.566158904347826,1.028,0.9456,True
1049,left_toe_tip,627.179,75.441,-0.0264670034782609,-0.5874287530434782,-0.0492,0.7224,True
1049,right_shoulder,,,,,,0.0177,True
1049,right_toe_tip,721.3219999999999,102.388,0.1954733378260867,-0.6192208443478261,0.2105999999999999,0.9472,True
1050,left_shoulder,760.212,9.066,0.1949002382608695,-0.56897082,1.0254,0.8735,True
1050,left_toe_tip,627.029,75.495,-0.0266864226086956,-0.5853381130434783,-0.0407999999999999,0.6748,True
1050,right_shoulder,,,,,,0.0178,True
1050,right_toe_tip,721.028,101.96,0.1943615113043479,-0.6189594260869565,0.2151999999999998,0.9298,True
1051,left_shoulder,754.078,8.84,0.1861455365217391,-0.5730015130434783,1.0298,0.8591,True
1051,left_toe_tip,626.8799999999999,75.65466666666666,-0.0268841159420292,-0.5826503741545894,-0.0331666666666667,0.7847,True
1051,right_shoulder,,,,,,0.0257,True
1051,right_toe_tip,720.898,101.632,0.1938034695652174,-0.6189598608695652,0.218,0.9286,True
1052,left_shoulder,748.338,8.26,0.1769442160869564,-0.5744831782608696,1.0484,0.8851,True
1052,left_toe_tip,626.732,75.92,-0.0270595091304348,-0.5793688086956521,-0.0082999999999999,0.7388,True
1052,right_shoulder,,,,,,0.0179,True
1052,right_toe_tip,720.818,101.564,0.1937875086956521,-0.6196845826086956,0.216,0.9038,True
1053,left_shoulder,742.39,7.95,0.1681199282608695,-0.5780507934782609,1.0604,0.8727,True
1053,left_toe_tip,626.6299999999999,76.11000000000001,-0.0272748000000002,-0.5791356,-0.0087999999999999,0.6722,False
1053,right_shoulder,,,,,,0.0268,True
1053,right_toe_tip,720.758,101.588,0.1938367560869566,-0.6202449765217392,0.2138000000000001,0.8598,False
1054,left_shoulder,736.6,7.312,0.158592,-0.5790216904347827,1.0906,0.8015,True
1054,left_toe_tip,626.49,76.30666666666667,-0.0273675398550724,-0.5746845748792271,0.0043333333333332,0.7096,False
1054,right_shoulder,,,,,,0.0295,True
1054,right_toe_tip,720.684,101.696,0.1940976399999998,-0.6213895791304346,0.2338000000000001,0.8624,False
1055,left_shoulder,730.7239999999999,6.49,0.1499509939130433,-0.58429055,1.1224,0.8466,True
1055,left_toe_tip,626.3399999999999,76.51,-0.0275798369565219,-0.5723724728260869,0.0105,0.7607,False
1055,right_shoulder,,,,,,0.0201,True
1055,right_toe_tip,720.6719999999999,101.866,0.1942090713043476,-0.6214295469565219,0.2321999999999998,0.9184,True
1056,left_shoulder,724.958,5.906000000000001,0.1410118108695651,-0.5877190630434782,1.132,0.7581,True
1056,left_toe_tip,626.1899999999999,76.71333333333334,-0.0277901231884059,-0.5700630966183575,0.0166666666666665,0.6991,False
1056,right_shoulder,,,,,,0.0308,True
1056,right_toe_tip,720.5139999999999,101.822,0.1941437582608693,-0.6225457339130434,0.2285999999999999,0.9124,True
1057,left_shoulder,718.846,5.416,0.132238454347826,-0.5946990347826087,1.116,0.5971,True
1057,left_toe_tip,626.146,76.75,-0.0280483265217392,-0.5734580978260868,0.0054,0.6582,False
1057,right_shoulder,,,,,,0.0302,True
1057,right_toe_tip,720.174,101.534,0.1932193399999999,-0.62290306,0.2298000000000001,0.8991,True
1058,left_shoulder,712.678,4.859999999999999,0.1228258199999999,-0.6001865999999999,1.0932,0.6565,True
1058,left_toe_tip,626.1199999999999,76.806,-0.0282623956521741,-0.5766383915217391,-0.0052999999999999,0.5535,True
1058,right_shoulder,,,,,,0.0198,True
1058,right_toe_tip,719.864,101.08599999999998,0.1917083234782609,-0.6215061713043478,0.2135999999999999,0.9098,True
1059,left_shoulder,706.622,4.65,0.113431196521739,-0.6050220000000001,0.7515999999999999,0.6584,True
1059,left_toe_tip,626.132,76.77133333333333,-0.0282007789855073,-0.5759495984299517,-0.0028333333333334,0.5339,True
1059,right_shoulder,,,,,,0.033,True
1059,right_toe_tip,719.668,100.73,0.1910473278260869,-0.6217407326086956,0.2158000000000001,0.9303,True
1060,left_shoulder,700.634,4.44,0.1036445960869565,-0.6077757130434782,0.7469000000000001,0.5526,True
1060,left_toe_tip,626.196,76.756,-0.0280881391304347,-0.5763399652173914,-0.004,0.5944,True
1060,right_shoulder,,,,,,0.0317,True
1060,right_toe_tip,719.6020000000001,100.338,0.1906987043478263,-0.6220598347826088,0.218,0.9163,True
1061,left_shoulder,694.7560000000001,4.459999999999999,0.0943350652173914,-0.6125335869565217,1.101,0.7105,True
1061,left_toe_tip,626.3120000000001,76.76,-0.0279235199999997,-0.5778096,-0.0087999999999999,0.6647,True
1061,right_shoulder,,,,,,0.0242,True
1061,right_toe_tip,719.4799999999999,100.078,0.1901990956521736,-0.6220046469565218,0.2204000000000001,0.9291,True
1062,left_shoulder,689.1479999999999,4.484,0.0850046713043476,-0.6148881078260869,1.0948,0.5523,True
1062,left_toe_tip,626.358,76.908,-0.0277703669565218,-0.5762768452173912,-0.0047999999999999,0.7055,False
1062,right_shoulder,,,,,,0.0369,True
1062,right_toe_tip,719.4040000000001,99.928,0.1898963921739133,-0.6219678417391303,0.2218000000000002,0.9177,True
1063,left_shoulder,683.7520000000001,4.794,0.0763377286956523,-0.6197572513043478,1.0838,0.6045,True
1063,left_toe_tip,626.4086666666666,76.98433333333332,-0.0276347262318842,-0.5754446805072463,-0.0025999999999999,0.5911,True
1063,right_shoulder,,,,,,0.0295,True
1063,right_toe_tip,719.1299999999999,99.85,0.1894991478260866,-0.6230026956521739,0.2478000000000002,0.9115,True
1064,left_shoulder,679.154,4.903999999999999,0.0693706739130434,-0.6291374782608695,1.0925,0.6164,True
1064,left_toe_tip,626.444,77.099,-0.0277426486956522,-0.5789630465217391,-0.0147999999999999,0.5465,True
1064,right_shoulder,,,,,,0.0267,True
1064,right_toe_tip,719.088,99.788,0.1882294399999999,-0.61930456,0.2614000000000001,0.9126,True
1065,left_shoulder,675.0319999999999,5.954,0.0629966747826085,-0.636667067826087,1.0711,0.6334,True
1065,left_toe_tip,626.45,77.142,-0.027874706521739,-0.5818880986956521,-0.0245999999999999,0.5909,False
1065,right_shoulder,,,,,,0.0353,True
1065,right_toe_tip,718.85,99.73,0.1877144239130435,-0.6196123413043477,0.2318000000000001,0.9115,True
1066,left_shoulder,671.574,6.066000000000001,0.0575264552173912,-0.6448523595652175,1.0488,0.6082,True
1066,left_toe_tip,626.4266666666666,77.11333333333333,-0.0280318840579711,-0.5842224637681159,-0.032,0.5436,False
1066,right_shoulder,,,,,,0.0339,True
1066,right_toe_tip,718.2520000000001,99.238,0.1864949295652175,-0.6214638708695652,0.2294000000000001,0.8977,True
1067,left_shoulder,668.472,6.617999999999999,0.0527041478260869,-0.6541408108695653,0.967,0.8479,True
1067,left_toe_tip,626.39,77.05499999999999,-0.0281076086956521,-0.5843429347826087,-0.032,0.7822,False
1067,right_shoulder,,,,,,0.0184,True
1067,right_toe_tip,717.694,98.732,0.1858575599999999,-0.6249984939130435,0.2591999999999998,0.9083,True
1068,left_shoulder,665.966,6.780000000000001,0.0485620647826087,-0.6605981869565217,0.5969000000000001,0.6613,True
1068,left_toe_tip,626.3533333333332,76.99666666666667,-0.0281833333333335,-0.5844634057971014,-0.032,0.8959,False
1068,right_shoulder,,,,,,0.0228,True
1068,right_toe_tip,716.55,97.726,0.1834870217391302,-0.6286593747826087,0.2303000000000001,0.8639,True
1069,left_shoulder,663.7,7.072,0.0446487391304348,-0.6648856626086956,0.3047999999999999,0.8184,True
1069,left_toe_tip,626.3309999999999,76.949,-0.0283007730434784,-0.586038635652174,-0.0367999999999999,0.8823,False
1069,right_shoulder,,,,,,0.0169,True
1069,right_toe_tip,714.654,94.158,0.177968644347826,-0.6337442113043478,0.2668000000000002,0.8508,True
1070,left_shoulder,661.926,6.3420000000000005,0.0414878052173913,-0.6691824417391304,0.5902000000000001,0.6346,True
1070,left_toe_tip,626.3230000000001,76.912,-0.028460053043478,-0.5890692034782608,-0.0464,0.8547,True
1070,right_shoulder,,,,,,0.0236,True
1070,right_toe_tip,712.562,89.71000000000001,0.1703471821739131,-0.634535154347826,0.2081999999999998,0.6695,True
1071,left_shoulder,660.5600000000001,6.608,0.0389746086956522,-0.6699083130434783,0.31,0.737,True
1071,left_toe_tip,626.3063333333333,76.90466666666666,-0.0283845894927536,-0.5868073920289855,-0.039,0.9181,False
1071,right_shoulder,,,,,,0.0226,True
1071,right_toe_tip,709.656,85.112,0.1606479356521738,-0.6339753895652176,0.2291999999999998,0.4376,True
1072,left_shoulder,660.0,6.444,0.037891304347826,-0.6698349,0.314,0.6858,True
1072,left_toe_tip,626.3,76.89200000000001,-0.0283753804347827,-0.5863720586956522,-0.0375,0.9314,True
1072,right_shoulder,,,,,,0.0262,True
1072,right_toe_tip,705.056,79.55999999999999,0.1493035200000001,-0.6436098,0.2185999999999999,0.799,True
1073,left_shoulder,659.937,6.565,0.0377524431521739,-0.6692599059782609,0.3149,0.7371,True
1073,left_toe_tip,626.3040000000001,76.874,-0.0284325982608693,-0.5877634210869565,-0.0419,0.9537,True
1073,right_shoulder,,,,,,0.0265,True
1073,right_toe_tip,697.9817777777778,74.66066666666666,0.1337376314439076,-0.6581482676167472,0.1999777777777776,0.3736,True
1074,left_shoulder,660.235,6.415000000000001,0.0382771418478261,-0.6688521472826087,0.3167,0.8466,True
1074,left_toe_tip,626.333,76.87100000000001,-0.0284526142391304,-0.5894314931521739,-0.0472999999999999,0.9768,False
1074,right_shoulder,,,,,,0.0245,True
1074,right_toe_tip,688.4113333333333,72.46400000000001,0.1144436903864734,-0.6797309368115944,0.1146333333333332,0.3288,True
1075,left_shoulder,660.755,6.420999999999999,0.0390893353260869,-0.6659199275000001,0.3213,0.7855,False
1075,left_toe_tip,626.3389999999999,76.95700000000001,-0.0284668511956522,-0.589806234021739,-0.0490999999999999,0.9826,True
1075,right_shoulder,,,,,,0.0215,False
1075,right_toe_tip,676.1806666666668,71.28,0.0885063003864736,-0.7062760695652176,-0.0055333333333337,0.1154,True
1076,left_shoulder,661.5350000000001,6.613,0.0404085548913044,-0.6630999761956521,0.3277,0.7646,True
1076,left_toe_tip,626.433,77.013,-0.0284538331521739,-0.5935037135869564,-0.0615,0.9854,True
1076,right_shoulder,,,,,,0.0173,True
1076,right_toe_tip,662.0977777777778,70.82666666666667,0.0562345743424583,-0.7358902544283413,-0.1467222222222221,0.0196,True
1077,left_shoulder,662.6510000000001,6.367,0.0421924116304349,-0.6587183392391305,0.6173,0.8212,True
1077,left_toe_tip,626.516,76.774,-0.0282460486956522,-0.5932968991304348,-0.0592,0.9866,True
1077,right_shoulder,,,,,,0.0198,True
1077,right_toe_tip,646.5766666666666,71.54,0.017273281400966,-0.7576255579710146,-0.4803333333333335,0.02,True
1078,left_shoulder,663.5899999999999,6.134,0.0436004739130433,-0.6540366808695652,0.6370999999999999,0.8851,True
1078,left_toe_tip,626.4219999999999,77.112,-0.028268805652174,-0.5889605165217391,-0.0474,0.9865,True
1078,right_shoulder,,,,,,0.018,True
1078,right_toe_tip,638.8161111111111,71.89666666666668,-0.0031577519457863,-0.7684495309983898,-0.5858888888888891,0.0176,True
1079,left_shoulder,664.576,5.726000000000001,0.0450542191304348,-0.6494766613043478,0.6509000000000001,0.8667,True
1079,left_toe_tip,626.258,77.7,-0.028395154347826,-0.5833177173913044,-0.0225,0.9929,True
1079,right_shoulder,,,,,,0.0191,True
1079,right_toe_tip,631.0555555555555,72.25333333333333,-0.0242223765432099,-0.7792443848631241,-0.6544444444444448,0.0173,True
1080,left_shoulder,665.674,5.252,0.0468550499999999,-0.6474151,0.661,0.824,True
1080,left_toe_tip,626.1623333333334,78.14066666666666,-0.0284910537560384,-0.5803340701207729,-0.0157333333333331,0.962,True
1080,right_shoulder,,,,,,0.02,True
1080,right_toe_tip,623.295,72.61,-0.0459205923913044,-0.7900101195652175,-0.6900000000000005,0.0244,True
1081,left_shoulder,666.5699999999999,4.624,0.0483458478260868,-0.6466298086956521,0.996,0.6914,True
1081,left_toe_tip,626.0469999999999,78.534,-0.0288569272826088,-0.5821145197826088,-0.0242,0.8379,True
1081,right_shoulder,,,,,,0.0236,True
1081,right_toe_tip,584.4922222222223,74.39333333333333,-0.1639155403918409,-0.8434020056360708,-0.981777777777778,0.799,False
1082,left_shoulder,666.992,4.282,0.0490784973913042,-0.6467881200000001,0.9972,0.6064,True
1082,left_toe_tip,625.992,79.18,-0.0293680765217392,-0.5887452347826085,-0.0312999999999999,0.8901,False
1082,right_shoulder,,,,,,0.0278,True
1082,right_toe_tip,548.55,78.275,-0.281954266304348,-0.8686010461956523,0.0245,0.9283,False
1083,left_shoulder,667.3120000000001,4.018,0.0496722156521741,-0.6474229156521739,0.9968,0.6473,True
1083,left_toe_tip,626.1633333333333,79.20666666666666,-0.0295884082125604,-0.6004500917874397,-0.0698333333333332,0.747,False
1083,right_shoulder,,,,,,0.0251,True
1083,right_toe_tip,544.21,81.57,-0.2901118152173912,-0.8432595543478262,0.0616666666666665,0.8442,True
1084,left_shoulder,667.2439999999999,3.83,0.0496018478260868,-0.6484616847826088,0.995,0.6847,True
1084,left_toe_tip,626.425,78.91,-0.0296805570652174,-0.6145788423913044,-0.114,0.5864,False
1084,right_shoulder,,,,,,0.0215,True
1084,right_toe_tip,540.5074999999999,84.21,-0.3010459205163045,-0.8344895788043479,0.05525,0.8616,True
1085,left_shoulder,666.856,3.668,0.0491698330434782,-0.6523974139130435,1.0686,0.6824,True
1085,left_toe_tip,626.6866666666667,78.61333333333333,-0.0297475821256037,-0.6287360772946858,-0.1771666666666665,0.6462,False
1085,right_shoulder,,,,,,0.0204,True
1085,right_toe_tip,537.37,86.484,-0.308715502173913,-0.8227480200000001,0.0655999999999999,0.8591,True
1086,left_shoulder,666.36,3.398000000000001,0.0483820608695652,-0.6545197143478261,0.7094000000000001,0.5785,True
1086,left_toe_tip,626.8910000000001,78.607,-0.029881395543478,-0.641423109021739,-0.2185999999999999,0.7567,False
1086,right_shoulder,,,,,,0.022,True
1086,right_toe_tip,531.058,90.824,-0.3243392804347826,-0.8013837652173913,0.067,0.9362,True
1087,left_shoulder,665.8299999999999,3.04,0.0475047391304346,-0.656496,0.706,0.5143,True
1087,left_toe_tip,627.038,78.89099999999999,-0.0300915647826086,-0.6526006545652175,-0.2383000000000001,0.8117,True
1087,right_shoulder,,,,,,0.0218,True
1087,right_toe_tip,526.402,94.672,-0.3355092234782607,-0.7836404799999999,0.0418000000000001,0.8939,True
1088,left_shoulder,664.6301304347827,2.688391304347826,0.0453729837618149,-0.6582301243667297,0.6502,0.4292,True
1088,left_toe_tip,627.1106666666667,79.44833333333334,-0.0301423598067632,-0.6560843033816425,-0.2539666666666662,0.8655,False
1088,right_shoulder,,,,,,0.0308,True
1088,right_toe_tip,523.317,97.236,-0.3446207039130434,-0.7760677617391304,0.0018000000000001,0.9153,True
1089,left_shoulder,662.8223913043478,2.5331739130434783,0.0420973891776936,-0.6593708737712667,0.6455,0.3529,True
1089,left_toe_tip,627.083,80.071,-0.0304321711956522,-0.6595066385869565,-0.27,0.8549,True
1089,right_shoulder,,,,,,0.0272,True
1089,right_toe_tip,521.4050000000001,99.208,-0.3476638206521736,-0.7645174173913044,-0.006,0.8934,True
1090,left_shoulder,660.3627826086956,2.4783478260869565,0.0374719466918714,-0.6579175620982987,0.6445,0.2639,True
1090,left_toe_tip,627.1189999999999,80.963,-0.0305097685869567,-0.6609233985869567,-0.2710999999999999,0.8316,True
1090,right_shoulder,,,,,,0.0288,True
1090,right_toe_tip,520.5265,100.6525,-0.3463562737499998,-0.7518540404891304,0.0104,0.8701,False
1091,left_shoulder,657.2213043478262,2.513913043478261,0.0316535061436674,-0.6570749706994329,0.654,0.1571,True
1091,left_toe_tip,627.1519999999999,81.846,-0.0305084139130436,-0.6604948134782609,-0.2690999999999999,0.8372,True
1091,right_shoulder,,,,,,0.0193,True
1091,right_toe_tip,520.3515,101.8715,-0.3391904922282609,-0.7317662400543479,0.0619,0.8609,True
1092,left_shoulder,653.4619565217392,2.5558695652173915,0.0246997637051041,-0.6558322741020793,1.148,0.1077,True
1092,left_toe_tip,627.232,82.654,-0.0302990191304348,-0.658154116521739,-0.2636999999999998,0.7965,True
1092,right_shoulder,,,,,,0.016,True
1092,right_toe_tip,520.598,102.763,-0.3283814569565218,-0.7074576710869566,0.1228000000000001,0.8294,False
1093,left_shoulder,651.5822826086957,2.576847826086957,0.0212320865430056,-0.6552110284144613,1.1675,0.0858,True
1093,left_toe_tip,627.41,83.30600000000001,-0.0300326239130435,-0.6600354917391303,-0.2635999999999999,0.8353,True
1093,right_shoulder,,,,,,0.0154,True
1093,right_toe_tip,521.015,103.61499999999998,-0.314275597826087,-0.6771908152173914,0.223,0.8381,False
1094,left_shoulder,649.7026086956522,2.597826086956522,0.017770538752363,-0.6545898511342155,1.182,0.1101,True
1094,left_toe_tip,627.728,84.062,-0.0293034017391305,-0.6588919547826088,-0.2658000000000002,0.8859,True
1094,right_shoulder,,,,,,0.0206,True
1094,right_toe_tip,521.6025,104.42749999999998,-0.2969589470108697,-0.6410147214673914,-0.0535,0.8714,False
1095,left_shoulder,647.8229347826089,2.6188043478260874,0.014315120333176,-0.6539687422613422,1.1895,0.0519,True
1095,left_toe_tip,628.0799999999999,84.962,-0.0284628869565219,-0.6567429113043478,-0.2318000000000001,0.8917,True
1095,right_shoulder,,,,,,0.0252,True
1095,right_toe_tip,521.89625,104.83375,-0.2883592917798913,-0.6230078141983695,0.00775,0.8969,False
1096,left_shoulder,645.9432608695653,2.6397826086956524,0.0108658312854443,-0.6533477017958411,1.197,0.0389,True
1096,left_toe_tip,628.504,85.944,-0.0273954678260869,-0.6530873634782608,-0.2274000000000001,0.8485,True
1096,right_shoulder,,,,,,0.0161,True
1096,right_toe_tip,522.19,105.24,-0.2797987499999999,-0.6050549999999999,0.069,0.891,False
1097,left_shoulder,,,,,,0.0289,True
1097,left_toe_tip,629.0690000000001,86.88900000000001,-0.0260193444565215,-0.6500932379347827,-0.1874000000000001,0.7789,True
1097,right_shoulder,,,,,,0.0096,True
1097,right_toe_tip,523.1691666666667,106.59416666666664,-0.2515460967693236,-0.5456029581823671,-0.1943333333333332,0.9226,False
1098,left_shoulder,,,,,,0.0181,False
1098,left_toe_tip,629.741,87.89500000000001,-0.0244197653260869,-0.6476986298913044,-0.1754,0.7103,True
1098,right_shoulder,,,,,,0.0098,False
1098,right_toe_tip,523.9058333333334,108.07083333333333,-0.2293490738224637,-0.4976970221920289,-0.0945,0.9278,False
1099,left_shoulder,,,,,,0.0066,True
1099,left_toe_tip,630.504,88.91,-0.0226149304347825,-0.6456067282608696,-0.168,0.7238,False
1099,right_shoulder,,,,,,0.0061,True
1099,right_toe_tip,524.4966666666666,109.56,-0.2129697330917876,-0.4617714347826086,0.0206666666666667,0.9189,True
1100,left_shoulder,,,,,,0.0068,True
1100,left_toe_tip,631.3,89.69,-0.0207192391304348,-0.6437491413043478,-0.156,0.7901,False
1100,right_shoulder,,,,,,0.0093,True
1100,right_toe_tip,524.6175,110.055,-0.2131127316576087,-0.4616511317934782,0.01975,0.9102,True
1101,left_shoulder,,,,,,0.0067,False
1101,left_toe_tip,632.333,91.112,-0.0183232966304348,-0.6426130930434782,-0.1216999999999998,0.6934,False
1101,right_shoulder,,,,,,0.0048,False
1101,right_toe_tip,524.708,110.302,-0.2135157713043478,-0.4624298395652174,0.0152,0.9062,True
1102,left_shoulder,,,,,,0.0065,True
1102,left_toe_tip,633.4839999999999,93.361,-0.0156426495652175,-0.640107495,-0.1115999999999999,0.4833,True
1102,right_shoulder,,,,,,0.0077,False
1102,right_toe_tip,524.7479999999999,111.12,-0.2136170765217392,-0.4612936695652174,0.0137999999999999,0.9196,True
1103,left_shoulder,,,,,,0.0058,False
1103,left_toe_tip,634.344,95.365,-0.0136371078260868,-0.6380579967391303,-0.1051999999999998,0.4959,False
1103,right_shoulder,,,,,,0.0092,False
1103,right_toe_tip,524.896,111.66400000000002,-0.213668055652174,-0.4609871965217391,0.0112,0.9207,True
1104,left_shoulder,,,,,,0.0105,True
1104,left_toe_tip,634.999,97.684,-0.012092091847826,-0.6342629804347827,-0.0975,0.3653,True
1104,right_shoulder,,,,,,0.009,True
1104,right_toe_tip,525.0040000000001,112.056,-0.2136925669565214,-0.4607446330434782,0.0094,0.9516,True
1105,left_shoulder,,,,,,0.023,True
1105,left_toe_tip,636.5196666666667,99.39933333333332,-0.0084607407729467,-0.6335239974879229,-0.0905333333333337,0.4036,True
1105,right_shoulder,,,,,,0.0084,True
1105,right_toe_tip,525.088,112.28,-0.2132616834782609,-0.4597360086956522,0.0115999999999999,0.9421,True
1106,left_shoulder,,,,,,0.0083,True
1106,left_toe_tip,638.788,99.684,-0.0029668969565217,-0.6372365908695653,-0.0935999999999999,0.5636,True
1106,right_shoulder,,,,,,0.0055,False
1106,right_toe_tip,525.126,112.536,-0.2125668452173913,-0.4579159930434783,0.0165999999999999,0.9479,True
1107,left_shoulder,,,,,,0.0263,True
1107,left_toe_tip,641.8040000000001,98.538,0.0044535269565219,-0.6454701026086956,-0.0801999999999998,0.4867,False
1107,right_shoulder,,,,,,0.0068,True
1107,right_toe_tip,525.2160000000001,112.554,-0.2121258226086954,-0.4572909665217392,0.0187999999999999,0.9487,True
1108,left_shoulder,,,,,,0.0222,True
1108,left_toe_tip,645.9766666666667,97.03333333333332,0.0149178466183575,-0.6563686111111112,-0.0723333333333334,0.5507,False
1108,right_shoulder,,,,,,0.0068,False
1108,right_toe_tip,525.232,112.666,-0.211871707826087,-0.4566000713043479,0.0205999999999999,0.9409,True
1109,left_shoulder,,,,,,0.0116,True
1109,left_toe_tip,651.22,94.61,0.0284219673913044,-0.6722732554347824,-0.0685,0.2156,False
1109,right_shoulder,,,,,,0.0081,True
1109,right_toe_tip,525.324,112.852,-0.2114775017391305,-0.4557731486956521,0.0224,0.9489,True
1110,left_shoulder,,,,,,0.0076,True
1110,left_toe_tip,656.4633333333334,92.18666666666668,0.042315538647343,-0.6883578937198067,-0.0246666666666665,0.1578,False
1110,right_shoulder,,,,,,0.0077,True
1110,right_toe_tip,525.376,113.08,-0.2116058713043478,-0.4558357913043478,0.0205999999999999,0.9452,True
1111,left_shoulder,,,,,,0.0079,True
1111,left_toe_tip,659.7760000000001,90.406,0.0515336765217393,-0.7025267995652175,-0.0464,0.2159,True
1111,right_shoulder,,,,,,0.0081,True
1111,right_toe_tip,525.506,113.348,-0.21158989,-0.45582362,0.0217999999999999,0.9567,True
1112,left_shoulder,,,,,,0.0102,True
1112,left_toe_tip,661.736,88.95599999999999,0.0571798556521738,-0.7130224878260869,-0.0711999999999998,0.4145,True
1112,right_shoulder,,,,,,0.006,True
1112,right_toe_tip,525.6959999999999,113.592,-0.2117854330434784,-0.4565511704347826,0.0174,0.959,True
1113,left_shoulder,,,,,,0.0074,True
1113,left_toe_tip,662.3433333333334,87.83666666666667,0.0590900212560387,-0.7197734067632849,-0.0800666666666666,0.3432,True
1113,right_shoulder,,,,,,0.0084,False
1113,right_toe_tip,525.906,113.804,-0.2117931882608696,-0.4570147052173913,0.0142,0.9547,True
1114,left_shoulder,,,,,,0.021,True
1114,left_toe_tip,657.956,88.84,0.0473550465217391,-0.715125552173913,-0.0963000000000001,0.262,True
1114,right_shoulder,,,,,,0.0122,True
1114,right_toe_tip,526.0179999999999,113.98600000000002,-0.2118082904347827,-0.4571581895652173,0.0124,0.9554,True
1115,left_shoulder,,,,,,0.0452,True
1115,left_toe_tip,648.574,91.966,0.0223660245652172,-0.6991899963043477,-0.1779,0.3201,True
1115,right_shoulder,,,,,,0.0135,True
1115,right_toe_tip,526.142,114.122,-0.2117511282608694,-0.4572796282608695,0.017,0.9561,True
1116,left_shoulder,,,,,,0.0318,True
1116,left_toe_tip,639.2506666666666,94.98533333333332,-0.0019234246376813,-0.6802523210144928,-0.2345,0.054,True
1116,right_shoulder,,,,,,0.0107,True
1116,right_toe_tip,526.0840000000001,114.38200000000002,-0.2122552252173911,-0.4576504082608695,0.0137999999999999,0.944,True
1117,left_shoulder,,,,,,0.0272,True
1117,left_toe_tip,629.408,98.21,-0.0267056556521738,-0.6600522652173914,-0.2125999999999999,0.4083,True
1117,right_shoulder,,,,,,0.0181,True
1117,right_toe_tip,525.97,114.898,-0.2131865217391303,-0.4582341739130435,0.0075,0.9399,True
1118,left_shoulder,,,,,,0.0545,True
1118,left_toe_tip,619.046,101.64,-0.0517973769565216,-0.6386546869565217,-0.1626999999999998,0.0889,True
1118,right_shoulder,,,,,,0.0263,True
1118,right_toe_tip,525.582,115.57,-0.2141357743478261,-0.4574560586956522,0.0057,0.9442,True
1119,left_shoulder,,,,,,0.0576,True
1119,left_toe_tip,610.7940000000001,105.48,-0.0707483604347823,-0.6165470347826086,-0.1115999999999999,0.1761,True
1119,right_shoulder,,,,,,0.0172,True
1119,right_toe_tip,524.878,116.336,-0.2157286173913042,-0.4566051478260869,0.007,0.9041,True
1120,left_shoulder,,,,,,0.0659,True
1120,left_toe_tip,604.558,108.75,-0.0852303052173913,-0.6042016304347826,-0.0794000000000001,0.8111,True
1120,right_shoulder,,,,,,0.0165,True
1120,right_toe_tip,524.328,117.0354,-0.2171289170434783,-0.4560709633956522,0.0005599999999999,0.8873,True
1121,left_shoulder,,,,,,0.0458,True
1121,left_toe_tip,597.4973333333334,114.23666666666664,-0.102634700289855,-0.5934650231884059,-0.2020999999999999,0.9394,True
1121,right_shoulder,,,,,,0.0198,True
1121,right_toe_tip,524.0980000000001,117.5542,-0.217923475695652,-0.4558560801695653,-0.0023200000000001,0.7489,True
1122,left_shoulder,,,,,,0.0238,True
1122,left_toe_tip,589.15,120.982,-0.1228801304347826,-0.5775921930434783,-0.2036999999999998,0.9682,True
1122,right_shoulder,,,,,,0.0164,True
1122,right_toe_tip,524.066,117.7864,-0.2180617727826086,-0.4555827195478261,0.0005599999999999,0.0734,True
1123,left_shoulder,,,,,,0.0265,True
1123,left_toe_tip,578.8979999999999,129.748,-0.1503640521739132,-0.5666201391304347,-0.2035,1.0,True
1123,right_shoulder,,,,,,0.017,True
1123,right_toe_tip,524.47,117.804,-0.2180503173913043,-0.4571186243478261,-0.0054,0.0267,True
1124,left_shoulder,,,,,,0.0541,True
1124,left_toe_tip,568.077,137.935,-0.1805423654347826,-0.557431425,-0.1074,0.9555,True
1124,right_shoulder,,,,,,0.0253,True
1124,right_toe_tip,525.4100000000001,117.631,-0.2173597923913041,-0.4597371107608695,-0.0140999999999999,0.0204,True
1125,left_shoulder,,,,,,0.0669,True
1125,left_toe_tip,556.7810000000001,146.523,-0.2107430719565216,-0.540607298478261,-0.0868000000000001,0.9388,True
1125,right_shoulder,,,,,,0.0236,True
1125,right_toe_tip,525.8800000000001,117.5445,-0.217007863043478,-0.4610475809510869,-0.01845,0.0175,True
1126,left_shoulder,,,,,,0.0737,True
1126,left_toe_tip,543.935,154.26299999999998,-0.2400998489130436,-0.5142083236956522,-0.1234,0.9732,False
1126,right_shoulder,,,,,,0.0233,True
1126,right_toe_tip,526.35,117.45799999999998,-0.2166514891304347,-0.4623588691304349,-0.0187999999999999,0.0274,True
1127,left_shoulder,,,,,,0.0665,True
1127,left_toe_tip,530.6569999999999,162.10700000000003,-0.2725730828260871,-0.4933128328260869,-0.1134,0.9219,True
1127,right_shoulder,,,,,,0.0172,True
1127,right_toe_tip,526.8200000000002,117.37149999999998,-0.2162906706521736,-0.4636709752989131,-0.02315,0.0421,True
1128,left_shoulder,,,,,,0.0711,True
1128,left_toe_tip,517.9669999999999,168.753,-0.297627875434783,-0.466434802826087,-0.1198000000000001,0.914,True
1128,right_shoulder,,,,,,0.0169,True
1128,right_toe_tip,527.29,117.285,-0.2159254076086957,-0.4649838994565217,-0.0275,0.2664,False
1129,left_shoulder,,,,,,0.0705,True
1129,left_toe_tip,505.542,174.804,-0.3203023399999999,-0.4411690799999999,-0.0185999999999999,0.8812,True
1129,right_shoulder,,,,,,0.0202,True
1129,right_toe_tip,531.99,116.42,-0.2120283260869565,-0.4781581304347826,-0.0595,0.0783,False
1130,left_shoulder,,,,,,0.0727,True
1130,left_toe_tip,492.348,179.382,-0.3390860278260871,-0.4147931634782608,0.0211999999999998,0.9541,False
1130,right_shoulder,,,,,,0.0265,True
1130,right_toe_tip,530.94,116.59,-0.2114222934782607,-0.4718714510869565,-0.037,0.0696,True
1131,left_shoulder,,,,,,0.1297,True
1131,left_toe_tip,481.40600000000006,183.034,-0.356146960869565,-0.3974040826086956,-0.002,0.9526,True
1131,right_shoulder,,,,,,0.0308,True
1131,right_toe_tip,530.3933333333333,116.89,-0.2111913961352657,-0.4684271666666667,-0.0306666666666667,0.477,True
1132,left_shoulder,,,,,,0.1917,True
1132,left_toe_tip,472.659,185.687,-0.3654218141304348,-0.3806465402173913,-0.02,0.9535,True
1132,right_shoulder,,,,,,0.0337,True
1132,right_toe_tip,530.0525,117.0725,-0.2109916426630435,-0.4661831535326087,-0.0235,0.4363,True
1133,left_shoulder,491.81,4.36,-0.2511176195652174,-0.6026551739130434,1.1885,0.1293,True
1133,left_toe_tip,465.705,187.881,-0.3718924836956521,-0.3672495619565217,-0.0335,1.0,True
1133,right_shoulder,,,,,,0.0239,True
1133,right_toe_tip,529.712,117.118,-0.210913812173913,-0.4644854247826087,-0.0174,0.6651,True
1134,left_shoulder,490.455,5.635,-0.2523571874999999,-0.5979909375000001,1.1835,0.15,True
1134,left_toe_tip,460.907,189.084,-0.375199835,-0.3580690199999999,-0.0189,0.9966,False
1134,right_shoulder,,,,,,0.026,True
1134,right_toe_tip,528.874,117.324,-0.2104871386956521,-0.4596599973913043,-0.0025999999999999,0.7699,True
1135,left_shoulder,488.77333333333337,8.086666666666666,-0.2550580193236714,-0.5935349879227054,1.1703333333333332,0.6554,True
1135,left_toe_tip,459.299,190.174,-0.3783328980434783,-0.355563957826087,-0.0092,0.9767,True
1135,right_shoulder,,,,,,0.0262,True
1135,right_toe_tip,528.51,117.458,-0.2105949152173913,-0.4581407473913044,0.0022,0.7922,True
1136,left_shoulder,486.8725,10.59,-0.2581946025815217,-0.589154633152174,1.15675,0.7828,True
1136,left_toe_tip,458.611,190.478,-0.3793396043478261,-0.3545220956521739,-0.007,0.9805,False
1136,right_shoulder,,,,,,0.0162,True
1136,right_toe_tip,528.244,117.462,-0.2112188399999999,-0.45839682,0.0012,0.8269,True
1137,left_shoulder,484.546,13.25,-0.2604530386956522,-0.5809570108695652,1.1501,0.835,True
1137,left_toe_tip,458.042,190.301,-0.3786704204347825,-0.3531583754347826,-0.0035999999999999,0.9995,True
1137,right_shoulder,,,,,,0.0103,True
1137,right_toe_tip,528.052,117.402,-0.2119224313043478,-0.4592485617391304,-0.0015999999999999,0.8342,True
1138,left_shoulder,480.722,18.41,-0.2653017469565216,-0.5689701260869565,1.1376,0.7433,True
1138,left_toe_tip,457.61,189.681,-0.3780231,-0.3530046404347827,-0.0117999999999999,1.0,True
1138,right_shoulder,,,,,,0.0128,True
1138,right_toe_tip,528.056,117.27,-0.2131803130434781,-0.4622423478260869,-0.012,0.8326,True
1139,left_shoulder,476.348,23.774,-0.2710219426086956,-0.5568194930434782,1.1294000000000002,0.699,True
1139,left_toe_tip,457.186,189.318,-0.3752853482608694,-0.350380462173913,0.0064,1.0,True
1139,right_shoulder,,,,,,0.0196,True
1139,right_toe_tip,528.1160000000001,116.984,-0.2139416660869563,-0.464688855652174,-0.0192,0.8734,True
1140,left_shoulder,471.706,28.714,-0.2773924147826087,-0.5460457504347827,1.1156,0.8995,True
1140,left_toe_tip,456.766,189.222,-0.3755898665217392,-0.3500577743478261,0.0092,0.997,True
1140,right_shoulder,,,,,,0.0114,True
1140,right_toe_tip,527.826,116.594,-0.2148375956521739,-0.466175404347826,-0.022,0.9101,True
1141,left_shoulder,467.178,34.264,-0.28342808,-0.53420704,1.0947,0.8631,True
1141,left_toe_tip,456.434,189.558,-0.3764699226086956,-0.3495543104347826,0.0052,0.9903,True
1141,right_shoulder,,,,,,0.0119,True
1141,right_toe_tip,527.5939999999999,116.24,-0.215159745652174,-0.4665884347826086,-0.026,0.9308,True
1142,left_shoulder,463.05,39.628,-0.2901979999999999,-0.52541008,1.0672,0.7788,True
1142,left_toe_tip,456.29,189.97,-0.3759265717391304,-0.3479331282608696,0.0244,0.9756,True
1142,right_shoulder,,,,,,0.0134,True
1142,right_toe_tip,527.3019999999999,115.942,-0.215620673478261,-0.4669466213043478,-0.0292,0.9431,True
1143,left_shoulder,459.058,45.092,-0.2962728573913044,-0.5156276208695654,1.0346,0.9298,True
1143,left_toe_tip,456.356,190.446,-0.3769093486956523,-0.3479911552173913,0.0187999999999999,0.9624,True
1143,right_shoulder,,,,,,0.0166,True
1143,right_toe_tip,527.036,115.686,-0.21519642,-0.4654181699999999,-0.0215999999999999,0.9385,True
1144,left_shoulder,455.224,49.91,-0.3015463982608696,-0.5060533978260869,1.0295999999999998,0.8225,True
1144,left_toe_tip,456.4,190.758,-0.3794533043478262,-0.3497790639130435,0.0055999999999999,0.9376,True
1144,right_shoulder,,,,,,0.0094,True
1144,right_toe_tip,526.7479999999999,115.732,-0.2155727200000001,-0.4649588278260869,-0.0202,0.9354,True
1145,left_shoulder,451.904,55.282,-0.3052879860869565,-0.4945705626086957,1.0403,0.829,True
1145,left_toe_tip,456.43,190.968,-0.3791917695652174,-0.3491613182608695,0.0065999999999999,0.9388,True
1145,right_shoulder,,,,,,0.0226,True
1145,right_toe_tip,526.78,115.862,-0.2151672260869566,-0.4639683469565218,-0.0174,0.9297,True
1146,left_shoulder,448.648,60.4,-0.3091166765217391,-0.4839842608695652,1.0523,0.7808,True
1146,left_toe_tip,456.414,191.086,-0.3790252699999999,-0.3487339691304348,0.0075999999999999,0.9408,True
1146,right_shoulder,,,,,,0.0166,True
1146,right_toe_tip,526.768,116.054,-0.2150177217391304,-0.4632322413043478,-0.016,0.9256,True
1147,left_shoulder,445.632,65.566,-0.3142000973913044,-0.4759589617391304,1.0318,0.7854,True
1147,left_toe_tip,456.436,191.276,-0.38181312,-0.3509459199999999,0.0034,0.9376,True
1147,right_shoulder,,,,,,0.015,True
1147,right_toe_tip,526.694,116.238,-0.2149119239130435,-0.4623529239130435,-0.014,0.912,True
1148,left_shoulder,442.316,70.10999999999999,-0.3189588365217392,-0.4677312130434783,1.0226,0.8747,True
1148,left_toe_tip,456.536,191.432,-0.3812461686956522,-0.3502916330434782,0.0052,0.9114,True
1148,right_shoulder,,,,,,0.0144,True
1148,right_toe_tip,526.4639999999999,116.544,-0.2147311304347827,-0.4604493913043478,-0.005,0.8885,True
1149,left_shoulder,439.372,75.282,-0.3235344573913043,-0.4591387226086956,1.0209,0.8119,True
1149,left_toe_tip,456.664,191.672,-0.3818570034782608,-0.3505979495652175,0.0057999999999999,0.8808,True
1149,right_shoulder,,,,,,0.0194,False
1149,right_toe_tip,526.306,116.658,-0.2153265495652173,-0.460868587826087,-0.0074,0.8764,True
1150,left_shoulder,436.262,80.13600000000001,-0.3298341056521739,-0.45307548,1.0126,0.7342,True
1150,left_toe_tip,456.776,191.936,-0.3831771478260869,-0.3514729739130434,-0.002,0.8872,True
1150,right_shoulder,,,,,,0.0199,True
1150,right_toe_tip,526.092,116.84,-0.2159051852173913,-0.4608939217391304,-0.0087999999999999,0.875,True
1151,left_shoulder,433.428,84.46,-0.3349160817391304,-0.4467341999999999,1.0064000000000002,0.7595,True
1151,left_toe_tip,456.87,192.168,-0.3860858130434782,-0.3538336382608695,-0.0175999999999999,0.8796,True
1151,right_shoulder,,,,,,0.0335,True
1151,right_toe_tip,525.7479999999999,116.912,-0.2167310765217392,-0.4611273669565217,-0.0142,0.8855,True
1152,left_shoulder,430.62,88.96000000000001,-0.3382397347826086,-0.4378474434782607,1.0118,0.8236,True
1152,left_toe_tip,456.906,192.294,-0.3861293247826088,-0.3536773708695652,-0.0182,0.8754,True
1152,right_shoulder,,,,,,0.0172,True
1152,right_toe_tip,525.53,116.96,-0.217493,-0.461776,-0.017,0.8855,True
1153,left_shoulder,427.892,93.702,-0.3430616347826087,-0.4307080695652174,1.019,0.9283,True
1153,left_toe_tip,456.814,192.438,-0.3887127273913043,-0.3555592786956521,-0.0302,0.8831,True
1153,right_shoulder,,,,,,0.0175,True
1153,right_toe_tip,525.364,116.98,-0.2184314217391303,-0.4630587608695652,-0.022,0.9119,True
1154,left_shoulder,425.362,98.95,-0.3485067873913044,-0.42386575,1.0272,0.8568,True
1154,left_toe_tip,456.74500000000006,192.554,-0.3910502347826085,-0.3573152034782608,-0.0412,0.8685,True
1154,right_shoulder,,,,,,0.0163,False
1154,right_toe_tip,525.1299999999999,117.01399999999998,-0.2185776326086958,-0.4623600995652174,-0.0195999999999999,0.9096,True
1155,left_shoulder,422.902,103.554,-0.3525954691304347,-0.4165017534782609,1.0418,0.8197,True
1155,left_toe_tip,456.739,192.63,-0.3928159695652173,-0.3587539565217391,-0.05,0.8648,True
1155,right_shoulder,,,,,,0.0197,True
1155,right_toe_tip,524.836,116.992,-0.219086992173913,-0.4622963060869564,-0.0192,0.911,True
1156,left_shoulder,420.05,107.934,-0.3579925326086957,-0.4102648134782608,1.0386,0.841,True
1156,left_toe_tip,456.717,192.708,-0.3939787617391304,-0.3596050643478261,-0.0555999999999999,0.867,False
1156,right_shoulder,,,,,,0.0264,True
1156,right_toe_tip,524.688,116.99,-0.2193685460869565,-0.4623001108695652,-0.0192,0.9124,True
1157,left_shoulder,417.2600000000001,112.118,-0.3636956826086956,-0.4047481960869565,1.0313,0.8076,True
1157,left_toe_tip,456.78550000000007,192.839,-0.3973464468749998,-0.3625304187499999,-0.04725,0.8777,True
1157,right_shoulder,,,,,,0.0154,True
1157,right_toe_tip,524.476,117.076,-0.2195960556521738,-0.4617668382608695,-0.0212999999999999,0.9032,True
1158,left_shoulder,414.544,115.898,-0.3702869739130434,-0.400911002173913,1.0225,0.7389,True
1158,left_toe_tip,456.9345,192.979,-0.3991524344836956,-0.3641693205978261,-0.05795,0.8675,True
1158,right_shoulder,,,,,,0.0168,False
1158,right_toe_tip,524.508,117.12,-0.2195854417391304,-0.4617888,-0.0217,0.8788,True
1159,left_shoulder,411.734,119.192,-0.3760434234782607,-0.3967050052173912,1.0354,0.9182,True
1159,left_toe_tip,457.061,193.116,-0.4006165253260868,-0.3654578204347826,-0.0667,0.8807,False
1159,right_shoulder,,,,,,0.0195,True
1159,right_toe_tip,524.148,117.36,-0.2199928739130434,-0.4607522608695653,-0.0195,0.8665,True
1160,left_shoulder,409.158,122.8,-0.3824951573913044,-0.3930300869565217,1.0640999999999998,0.949,True
1160,left_toe_tip,457.165,193.25,-0.4017401657608696,-0.366396875,-0.0735,0.8736,False
1160,right_shoulder,,,,,,0.0185,True
1160,right_toe_tip,523.418,117.996,-0.2216071756521739,-0.4600180382608695,-0.0177999999999999,0.7653,True
1161,left_shoulder,407.166,126.314,-0.3882760030434783,-0.3896968056521738,1.0878,0.8611,True
1161,left_toe_tip,457.30300000000005,193.374,-0.4013177905434781,-0.366015742826087,-0.0729,0.8709,False
1161,right_shoulder,,,,,,0.0303,False
1161,right_toe_tip,520.6241666666667,120.16883333333332,-0.2272941817934781,-0.4566437550543478,-0.0222,0.7577,True
1162,left_shoulder,405.554,129.41,-0.3937673469565218,-0.3872909434782609,1.0978,0.8661,True
1162,left_toe_tip,457.3325000000001,193.525,-0.400528276494565,-0.3650235801630435,-0.06925,0.8756,True
1162,right_shoulder,,,,,,0.0353,False
1162,right_toe_tip,515.8165,123.8285,-0.2372309796195651,-0.4511645774456522,-0.0175,0.5253,True
1163,left_shoulder,404.28,132.37,-0.3967270086956521,-0.3831111869565217,1.0946,0.8772,True
1163,left_toe_tip,457.3475,193.739,-0.4015476237771738,-0.3655121582065218,-0.0745499999999999,0.8943,True
1163,right_shoulder,,,,,,0.0419,True
1163,right_toe_tip,508.7290000000001,129.091,-0.2520117828260867,-0.4432950823913043,-0.0387,0.2336,True
1164,left_shoulder,403.4620000000001,135.06400000000002,-0.4001091691304347,-0.3804841339130434,1.0868,0.8922,True
1164,left_toe_tip,457.124,193.994,-0.4026054895652175,-0.3654658178260871,-0.0774000000000001,0.9158,True
1164,right_shoulder,,,,,,0.0557,False
1164,right_toe_tip,500.05166666666673,135.7183333333333,-0.2707696014492752,-0.4339362681159421,-0.067,0.0695,True
1165,left_shoulder,403.078,137.50600000000003,-0.4024583713043477,-0.3779495904347826,1.0802,0.9069,True
1165,left_toe_tip,456.896,194.23,-0.4031074365217391,-0.3649462586956522,-0.0774000000000001,0.9173,True
1165,right_shoulder,332.01,2.62,-0.502827152173913,-0.5834616956521739,2.822,0.0822,True
1165,right_toe_tip,489.7825,143.52249999999998,-0.2930057649456522,-0.4222487758152174,-0.0975,0.0192,True
1166,left_shoulder,402.65,139.52,-0.4035981956521738,-0.3749118608695652,1.0806,0.9178,True
1166,left_toe_tip,456.492,194.542,-0.4039968513043478,-0.3642593839130436,-0.0674,0.9015,True
1166,right_shoulder,330.684,3.755,-0.5246604543478262,-0.6042612201086957,3.3445,0.2951,True
1166,right_toe_tip,484.6479166666667,147.42458333333337,-0.3042452349411232,-0.4163127793251811,-0.10475,0.0198,True
1167,left_shoulder,402.208,141.144,-0.4044531756521738,-0.3722455095652174,1.0832,0.9189,True
1167,left_toe_tip,456.1139999999999,194.768,-0.405308729130435,-0.36419288,-0.0697999999999999,0.9158,True
1167,right_shoulder,329.358,4.890000000000001,-0.5466623891304347,-0.6249164021739131,3.286,0.3644,True
1167,right_toe_tip,479.5133333333333,151.32666666666668,-0.3155656304347826,-0.4103152826086956,-0.092,0.019,True
1168,left_shoulder,401.954,142.592,-0.4073174056521739,-0.3720039930434782,1.0738,0.9155,True
1168,left_toe_tip,455.924,194.9,-0.4046070513043479,-0.3628969782608696,-0.0642,0.9223,True
1168,right_shoulder,328.032,6.025,-0.5688329565217392,-0.6454272418478261,3.2275,0.4444,False
1168,right_toe_tip,474.37875,155.22875,-0.3269669514266305,-0.4042562856657609,-0.09225,0.0222,True
1169,left_shoulder,401.672,143.64600000000002,-0.4084216573913043,-0.3707649091304348,1.0714,0.8959,True
1169,left_toe_tip,455.836,194.872,-0.4056812634782609,-0.3637482660869564,-0.0685999999999999,0.9211,True
1169,right_shoulder,326.706,7.160000000000001,-0.5911721565217392,-0.6657937391304347,3.169,0.6055,False
1169,right_toe_tip,469.2441666666667,159.13083333333333,-0.3384491979166666,-0.3981357884963768,-0.0955,0.0191,True
1170,left_shoulder,401.332,144.26799999999997,-0.4082260486956521,-0.3689955165217392,1.0744,0.8761,True
1170,left_toe_tip,455.382,194.848,-0.4066813465217392,-0.3638011339130434,-0.0685999999999999,0.9044,True
1170,right_shoulder,324.054,9.43,-0.6363564543478261,-0.7060937065217392,2.9855,0.6219,False
1170,right_toe_tip,,,,,,0.0252,True
1171,left_shoulder,401.278,144.898,-0.4101866713043479,-0.3696013495652174,1.0697,0.8746,True
1171,left_toe_tip,455.2600000000001,194.814,-0.4047412434782608,-0.36190098,-0.0575999999999999,0.8607,True
1171,right_shoulder,321.1994,11.716000000000005,-0.6756493585652174,-0.7381349382608695,2.3882,0.7068,False
1171,right_toe_tip,,,,,,0.0282,True
1172,left_shoulder,401.392,145.504,-0.4099907895652174,-0.3685600834782608,1.0697,0.9002,True
1172,left_toe_tip,455.66,194.756,-0.4046263,-0.36271058,-0.0614,0.8635,True
1172,right_shoulder,318.14219999999995,14.018,-0.7089267890434785,-0.7620629617391305,2.3116,0.8235,True
1172,right_toe_tip,397.36,213.76,-0.5076978260869565,-0.305991304347826,-0.011,0.0843,True
1173,left_shoulder,401.524,145.9,-0.4090900252173913,-0.3672745869565217,1.0723,0.9088,True
1173,left_toe_tip,455.916,194.646,-0.4047847086956522,-0.3635990673913044,-0.065,0.9545,True
1173,right_shoulder,314.8824,16.336000000000002,-0.7360379753043479,-0.7780254121739131,2.2552,0.7731,False
1173,right_toe_tip,397.46,219.31,-0.5135520869565217,-0.2978957826086956,-0.034,0.0326,True
1174,left_shoulder,401.664,146.292,-0.4091089252173912,-0.3668344278260869,1.0738,0.9126,True
1174,left_toe_tip,456.58,194.726,-0.4042417304347825,-0.3642495243478261,-0.0695999999999999,0.9567,True
1174,right_shoulder,311.42,18.67,-0.7568054565217393,-0.7861720326086957,2.467,0.7517,False
1174,right_toe_tip,397.03833333333336,223.13916666666668,-0.5169317561896135,-0.2911887784571256,-0.0374166666666667,0.7246,True
1175,left_shoulder,401.592,146.682,-0.4086624086956522,-0.3656548760869565,1.076,0.9245,True
1175,left_toe_tip,457.592,194.806,-0.4030027182608696,-0.3649710047826087,-0.0435999999999999,0.9608,True
1175,right_shoulder,307.674,21.191000000000003,-0.7722967260869565,-0.7873626543478259,2.5945,0.8282,False
1175,right_toe_tip,396.48625,226.538125,-0.5197000309952445,-0.284830489342731,-0.0414375,0.3199,True
1176,left_shoulder,401.232,146.794,-0.4084489982608696,-0.3647213073913043,1.0792,0.9284,True
1176,left_toe_tip,458.414,194.826,-0.4035946226086955,-0.3671171686956522,-0.0422999999999999,1.0,True
1176,right_shoulder,303.847,23.883000000000003,-0.7892287826086958,-0.7891442608695652,2.724,0.828,True
1176,right_toe_tip,395.882,229.765,-0.5222267780434784,-0.2786038081521739,-0.0400999999999999,0.9528,False
1177,left_shoulder,400.768,146.81,-0.4092427408695651,-0.3646939369565217,1.0792,0.8935,True
1177,left_toe_tip,458.854,194.838,-0.4020259813043478,-0.3665519256521738,-0.0392999999999999,1.0,True
1177,right_shoulder,300.101,26.669,-0.8130236297826088,-0.7973132593478262,2.7754000000000003,0.9672,False
1177,right_toe_tip,394.83,236.73500000000004,-0.5280482119565217,-0.2654886929347825,-0.032,0.9317,False
1178,left_shoulder,400.0,146.73600000000002,-0.4085739130434783,-0.3630587791304347,1.0898,0.9185,True
1178,left_toe_tip,459.3299999999999,195.02,-0.400105497826087,-0.3653589695652174,-0.0349,1.0,True
1178,right_shoulder,296.1286666666666,29.69633333333333,-0.8262630102898552,-0.7936622668840579,2.8229,0.8857,True
1178,right_toe_tip,393.465,242.67250000000004,-0.5323950122282609,-0.2533700115489129,-0.02175,0.8764,False
1179,left_shoulder,398.87,146.618,-0.4095016434782608,-0.3623783008695652,1.0966,0.9203,True
1179,left_toe_tip,459.722,195.172,-0.3975913717391303,-0.3635174043478261,-0.019,0.997,True
1179,right_shoulder,291.93,32.965,-0.8285579347826086,-0.7784854891304347,2.9425,0.8756,True
1179,right_toe_tip,392.7825,245.64125000000004,-0.5345742544157609,-0.2472852590013586,-0.012375,0.8788,False
1180,left_shoulder,397.518,146.634,-0.4134845234782609,-0.3638354139130435,1.0957,0.9383,True
1180,left_toe_tip,460.176,195.352,-0.3987401739130434,-0.3650890434782608,-0.03,1.0,True
1180,right_shoulder,287.586,36.304,-0.8181367621739132,-0.7514673008695653,2.9572,0.9632,False
1180,right_toe_tip,392.1,248.61000000000004,-0.5367573913043479,-0.2411835652173912,-0.012,0.8268,False
1181,left_shoulder,396.04,147.206,-0.4148380695652173,-0.3618423191304348,1.1056,0.9516,True
1181,left_toe_tip,460.6940000000001,195.486,-0.3991897273913042,-0.3662582334782608,-0.0381999999999998,0.9859,True
1181,right_shoulder,283.116,39.87500000000001,-0.8061699226086956,-0.7231345380434783,2.9463000000000004,0.9621,False
1181,right_toe_tip,389.825,258.5058333333333,-0.5440626426630435,-0.2207222325634058,0.00025,0.8315,False
1182,left_shoulder,394.038,147.844,-0.42096931,-0.3631096060869565,1.1004,0.947,True
1182,left_toe_tip,461.182,195.704,-0.4004356995652174,-0.3679158904347826,-0.0401999999999998,0.9783,True
1182,right_shoulder,278.358,43.755,-0.7868072034782607,-0.6880391217391304,-0.0535999999999999,0.9284,True
1182,right_toe_tip,388.9783333333333,266.84250000000003,-0.5480867096920291,-0.2034023131793477,0.00425,0.8726,False
1183,left_shoulder,391.834,148.62999999999997,-0.4279245026086957,-0.3644754,1.0911,0.9108,True
1183,left_toe_tip,461.542,195.846,-0.4031598991304347,-0.3708452973913044,-0.0419,0.964,True
1183,right_shoulder,273.2633333333333,47.70966666666667,-0.7782789869565219,-0.6627343986956521,3.1471,0.8877,False
1183,right_toe_tip,389.4433333333333,273.36,-0.5485012246376811,-0.1896662608695651,0.006,0.9349,True
1184,left_shoulder,389.118,149.66,-0.4355529678260869,-0.3651685304347826,1.0998,0.8885,True
1184,left_toe_tip,461.7480000000001,195.938,-0.4057558026086955,-0.3734550439130434,-0.0576999999999998,0.9599,True
1184,right_shoulder,268.129,51.866,-0.7825055096739131,-0.6483876202173914,3.1206,0.9839,True
1184,right_toe_tip,390.3575,273.7275,-0.5462286440217391,-0.1887679809782608,0.007,0.9195,True
1185,left_shoulder,386.212,150.872,-0.4419773191304348,-0.3642009582608695,1.1058,0.8968,True
1185,left_toe_tip,461.928,196.07,-0.4057331808695651,-0.3735109413043477,-0.0596999999999998,0.9458,True
1185,right_shoulder,262.95500000000004,56.224,-0.8000321135869565,-0.6445664452173914,2.5489,0.9152,True
1185,right_toe_tip,390.922,274.108,-0.5448310513043477,-0.1878794139130434,0.0075999999999999,0.8931,True
1186,left_shoulder,382.79,152.104,-0.4523541086956522,-0.3656257913043478,1.09,0.9115,True
1186,left_toe_tip,462.058,196.25,-0.4069843004347825,-0.3745247282608695,-0.0676999999999998,0.9297,True
1186,right_shoulder,257.314,60.44500000000001,-0.8181993065217391,-0.6404616141304348,2.444,0.9146,False
1186,right_toe_tip,392.322,275.04,-0.5414456452173914,-0.185729947826087,0.0087999999999999,0.9155,True
1187,left_shoulder,379.3,153.72600000000003,-0.4618357173913043,-0.3654188752173912,1.0892,0.9413,True
1187,left_toe_tip,462.176,196.512,-0.4065984417391303,-0.3738188660869564,-0.0670999999999999,0.9301,True
1187,right_shoulder,251.206,64.52900000000001,-0.8370058656521738,-0.6360976767391304,2.3714,0.8458,True
1187,right_toe_tip,393.218,275.776,-0.5391650217391305,-0.1840111304347825,0.01,0.9293,True
1188,left_shoulder,375.156,155.496,-0.47274654,-0.36503964,1.1373,0.8881,True
1188,left_toe_tip,462.398,196.72,-0.4074035443478262,-0.3745501217391305,-0.0739,0.9309,True
1188,right_shoulder,245.244,68.911,-0.8559339878260869,-0.6311568882608696,2.3152,0.7986,False
1188,right_toe_tip,393.75,276.528,-0.5376815217391304,-0.1822592973913043,0.0112,0.9427,True
1189,left_shoulder,370.61800000000005,157.624,-0.4857074582608695,-0.3648927269565217,1.1622,0.9209,True
1189,left_toe_tip,462.63,196.95800000000003,-0.408182352173913,-0.3752092634782608,-0.0806999999999998,0.9127,True
1189,right_shoulder,239.08500000000004,73.304,-0.8764786298913042,-0.6267735486956523,2.2847,0.8182,True
1189,right_toe_tip,394.154,277.112,-0.536639062173913,-0.1809300886956522,0.0117999999999999,0.9551,True
1190,left_shoulder,365.782,160.032,-0.506587948695652,-0.3694191443478261,1.1424,0.953,True
1190,left_toe_tip,462.908,197.126,-0.4105069556521739,-0.3775490134782608,-0.0755999999999999,0.8942,True
1190,right_shoulder,232.255,78.15599999999999,-0.8952218755434784,-0.6188007560869565,2.3041,0.5217,True
1190,right_toe_tip,394.604,277.526,-0.535976872173913,-0.1801339734782608,0.0105999999999999,0.9698,True
1191,left_shoulder,360.418,162.378,-0.53260371,-0.37646991,1.1204,0.9139,True
1191,left_toe_tip,463.366,197.218,-0.413784344347826,-0.3813345286956521,-0.0981999999999998,0.8638,True
1191,right_shoulder,225.598,83.022,-0.9159185073913042,-0.6121815926086956,2.3696,0.8256,True
1191,right_toe_tip,394.958,277.66,-0.5356831200000001,-0.1800023999999999,0.0087999999999999,0.9589,True
1192,left_shoulder,354.498,164.508,-0.5628733995652174,-0.3854167278260869,1.1667,0.9166,True
1192,left_toe_tip,463.804,197.254,-0.4185421069565218,-0.3865925091304348,-0.0919,0.8694,True
1192,right_shoulder,219.11400000000003,88.05199999999999,-0.9230212973913042,-0.5963937878260869,2.4984,0.7394,True
1192,right_toe_tip,395.238,277.814,-0.5353902704347826,-0.1797729417391305,0.0075999999999999,0.9533,True
1193,left_shoulder,349.102,166.934,-0.5900802691304349,-0.3916301839130435,1.1833,0.9175,True
1193,left_toe_tip,464.072,197.316,-0.4225331617391304,-0.3907245286956521,-0.1160999999999999,0.8665,True
1193,right_shoulder,213.044,92.742,-0.926401703478261,-0.5798917604347827,2.5988,0.6656,True
1193,right_toe_tip,395.34800000000007,277.832,-0.5358410652173912,-0.1799657826086957,0.005,0.9395,True
1194,left_shoulder,344.12,169.214,-0.6198042782608695,-0.3996551947826087,1.3173,0.8675,True
1194,left_toe_tip,464.3,197.35,-0.4235133913043478,-0.3920572173913044,-0.1090999999999999,0.8699,True
1194,right_shoulder,208.6405994065282,96.86772106824928,-0.922260144536698,-0.5625851975544957,2.6440106824925813,0.5557,True
1194,right_toe_tip,395.2720000000001,277.762,-0.5370183547826086,-0.1804587765217391,0.0012,0.9337,True
1195,left_shoulder,338.76,170.95,-0.6449810347826087,-0.4047724891304348,1.6332,0.9429,True
1195,left_toe_tip,464.568,197.328,-0.4237064173913042,-0.3928882434782608,-0.1135,0.8745,True
1195,right_shoulder,206.37779821958455,99.98116320474776,-0.9144564123875007,-0.5483480589155032,2.6228320474777447,0.4112,True
1195,right_toe_tip,395.156,277.82,-0.5378051686956522,-0.1805101565217391,-0.0007999999999999,0.9478,True
1196,left_shoulder,333.73999999999995,172.648,-0.6688452086956522,-0.4091604765217391,1.8753,0.96,True
1196,left_toe_tip,464.797,197.346,-0.4242483513586956,-0.3938613570652173,-0.11925,0.8734,True
1196,right_shoulder,205.81959643916912,102.70432640949556,-0.8998558312349476,-0.5332553250517691,2.656264094955489,0.2125,False
1196,right_toe_tip,395.01,277.83,-0.5383388956521739,-0.1805596434782609,-0.0015999999999999,0.9355,True
1197,left_shoulder,328.746,174.344,-0.6896982656521738,-0.41138948,1.8804,0.9095,True
1197,left_toe_tip,465.137,197.296,-0.4257248810326087,-0.3961223417391304,-0.1313499999999999,0.854,True
1197,right_shoulder,206.9659940652819,104.8872106824926,-0.8947297678873252,-0.5271110435736825,2.662106824925816,0.0257,True
1197,right_toe_tip,394.86800000000005,277.752,-0.5388640834782608,-0.18080256,-0.0024,0.9216,True
1198,left_shoulder,323.3,175.946,-0.7185647608695653,-0.4176025213043479,1.8726,0.9087,True
1198,left_toe_tip,465.712,197.214,-0.4268351008695652,-0.3986664528260869,-0.1530999999999999,0.8922,False
1198,right_shoulder,209.31899109792283,106.68581602373888,-0.8893748975148991,-0.5231047382081837,2.663160237388724,0.021,True
1198,right_toe_tip,394.838,277.768,-0.5390899195652173,-0.1808210173913044,-0.003,0.9239,True
1199,left_shoulder,317.822,177.36399999999998,-0.74906385,-0.4246287,1.919,0.9622,True
1199,left_toe_tip,466.39,197.09,-0.431854875,-0.405238625,-0.1885,0.8738,False
1199,right_shoulder,210.49548961424333,107.58511869436202,-0.8866994829887942,-0.5211031300960449,2.6636869436201778,0.0166,False
1199,right_toe_tip,394.96400000000006,277.878,-0.539132468695652,-0.1806862526086956,-0.0042,0.937,True
1200,left_shoulder,312.86,179.238,-0.7817223652173912,-0.4319425878260869,1.9886,0.9159,True
1200,left_toe_tip,467.082,196.992,-0.4269383010869566,-0.4024702956521739,-0.1715,0.8941,False
1200,right_shoulder,211.6719881305638,108.48442136498517,-0.8840254155694277,-0.5191025516976464,2.664213649851632,0.014,True
1200,right_toe_tip,395.006,277.834,-0.5385074639130436,-0.1806044404347826,-0.0022,0.9299,True
1201,left_shoulder,308.08000000000004,180.982,-0.8112557739130433,-0.437543342173913,2.0194,0.9345,True
1201,left_toe_tip,467.809,196.972,-0.422008323097826,-0.3995515032608696,-0.14325,0.9263,True
1201,right_shoulder,212.84848664688428,109.38372403560832,-0.8813526952568005,-0.5171030030129883,2.680740356083086,0.0151,False
1201,right_toe_tip,395.1,277.82,-0.538300847826087,-0.1806352130434783,-0.0022,0.9107,True
1202,left_shoulder,303.466,182.652,-0.8441882230434784,-0.4448736026086957,2.0162,0.887,True
1202,left_toe_tip,467.853,197.164,-0.4178400634239131,-0.3952401410869565,-0.1215500000000001,0.9539,True
1202,right_shoulder,214.02498516320475,110.28302670623144,-0.8786813220509118,-0.5151044840420705,2.69726706231454,0.0131,True
1202,right_toe_tip,395.198,277.878,-0.5387240534782609,-0.180721957826087,-0.0045999999999999,0.9145,True
1203,left_shoulder,299.06800000000004,184.07,-0.8804939478260868,-0.454358347826087,1.9765,0.9155,True
1203,left_toe_tip,467.698,197.344,-0.4129254886956521,-0.38980864,-0.0763000000000001,0.9469,True
1203,right_shoulder,,,,,,0.0153,True
1203,right_toe_tip,395.2480000000001,277.852,-0.5384543999999999,-0.1807256,-0.004,0.9141,True
1204,left_shoulder,295.11600000000004,185.392,-0.9196406834782608,-0.4655960278260869,1.9208000000000005,0.8868,True
1204,left_toe_tip,466.5559999999999,197.59,-0.4092524295652176,-0.3832169869565218,-0.0538000000000001,0.8979,True
1204,right_shoulder,,,,,,0.0131,True
1204,right_toe_tip,395.306,277.88199999999995,-0.5378480508695653,-0.1804989343478262,-0.0022,0.9239,True
1205,left_shoulder,291.024,186.292,-0.9692429078260868,-0.4824550886956521,1.8703,0.9136,True
1205,left_toe_tip,464.544,197.586,-0.4155637217391304,-0.3846740282608695,-0.0705,0.9098,True
1205,right_shoulder,,,,,,0.0131,True
1205,right_toe_tip,395.398,278.076,-0.5384966204347826,-0.1803574669565218,-0.0054,0.9445,True
1206,left_shoulder,287.25600000000003,187.2,-1.0362238417391303,-0.5076187826086956,1.9734,0.9498,True
1206,left_toe_tip,461.996,197.7,-0.4237269130434783,-0.3863445652173913,-0.12,0.8828,True
1206,right_shoulder,,,,,,0.0118,True
1206,right_toe_tip,395.446,278.444,-0.5388694226086956,-0.1797068730434782,-0.0042,0.9327,True
1207,left_shoulder,283.778,187.856,-1.116910849130435,-0.5397462852173912,1.9024,1.0,True
1207,left_toe_tip,459.642,199.716,-0.4348980295652174,-0.3864935060869565,-0.1349000000000001,0.8872,True
1207,right_shoulder,,,,,,0.0126,True
1207,right_toe_tip,395.578,278.82800000000003,-0.5399069439130436,-0.1793018895652173,-0.0092,0.8975,True
1208,left_shoulder,280.714,188.338,-1.218916807826087,-0.5823819939130436,1.7098000000000002,0.9931,True
1208,left_toe_tip,456.994,203.05,-0.4431927913043479,-0.3800919565217391,-0.131,0.9237,True
1208,right_shoulder,,,,,,0.0302,True
1208,right_toe_tip,395.774,279.432,-0.5414384234782609,-0.1786157530434783,-0.0165999999999999,0.8884,True
1209,left_shoulder,278.032625,189.19875,-1.3270284623488453,-0.6261838381283968,1.4931374999999998,0.9835,True
1209,left_toe_tip,454.942,208.8,-0.4498116299999999,-0.367514608695652,-0.1061999999999998,0.9125,True
1209,right_shoulder,,,,,,0.0319,True
1209,right_toe_tip,395.904,280.02000000000004,-0.542476827826087,-0.177746856521739,-0.0185999999999999,0.8886,True
1210,left_shoulder,276.17387500000007,190.52425,-1.4344981934765622,-0.668211105546875,1.2566125,0.9739,True
1210,left_toe_tip,452.84,218.024,-0.4629768782608696,-0.3512054139130436,-0.0613000000000001,0.977,True
1210,right_shoulder,,,,,,0.0315,True
1210,right_toe_tip,396.1245,280.15950000000004,-0.5429808482880435,-0.1777622697554347,-0.0223499999999999,0.8913,True
1211,left_shoulder,274.80775,192.2265,-1.536973111080163,-0.7061030409375,1.021025,0.9261,False
1211,left_toe_tip,450.164,228.704,-0.4729392521739129,-0.3270982956521738,-0.053,0.9579,True
1211,right_shoulder,,,,,,0.0401,True
1211,right_toe_tip,396.4335,279.82450000000006,-0.5435901262228261,-0.1789351580163042,-0.02575,0.8093,True
1212,left_shoulder,274.05625000000003,194.5075,-1.6342669998301629,-0.7390724161005434,0.793375,1.0,False
1212,left_toe_tip,446.416,240.012,-0.4845491686956523,-0.3003351808695653,-0.0408000000000001,0.788,True
1212,right_shoulder,,,,,,0.0338,True
1212,right_toe_tip,396.707,279.093,-0.5429400633695651,-0.1805545235869564,-0.0285999999999999,0.2081,True
1213,left_shoulder,273.659375,197.32125,-1.716599497919497,-0.7622803519870924,0.5910625,1.0,False
1213,left_toe_tip,443.018,252.10600000000005,-0.5074427608695652,-0.2779443260869564,-0.142,0.9573,True
1213,right_shoulder,,,,,,0.0453,True
1213,right_toe_tip,396.935,277.835,-0.5425369320652174,-0.1833976385869565,-0.032,0.0232,True
1214,left_shoulder,273.4609375,198.728125,-1.7578312030294667,-0.7734202518894364,0.48990625,0.9615,False
1214,left_toe_tip,439.15600000000006,264.852,-0.5284816904347825,-0.2503633460869566,-0.1778000000000001,0.9261,True
1214,right_shoulder,,,,,,0.0501,True
1214,right_toe_tip,397.24750000000006,276.2325,-0.5425650305706521,-0.1872249150815218,-0.03625,0.061,True
1215,left_shoulder,273.2625,200.135,-1.799106545516305,-0.7842507730978262,0.38875,0.9134,False
1215,left_toe_tip,435.659,276.98600000000005,-0.5385051679347826,-0.2187689597826085,-0.1725,0.9744,True
1215,right_shoulder,,,,,,0.0341,True
1215,right_toe_tip,397.40375000000006,275.43125,-0.5425783792459238,-0.1891421458899457,-0.037625,0.1007,False
1216,left_shoulder,273.0640625,201.541875,-1.8404255253800104,-0.7947719156122622,0.26959375,0.9262,False
1216,left_toe_tip,432.689,290.082,-0.5449349905434784,-0.183785542826087,-0.1443000000000001,0.8991,True
1216,right_shoulder,,,,,,0.0433,True
1216,right_toe_tip,397.56,274.62999999999994,-0.5425912608695652,-0.1910617717391305,-0.043,0.023,True
1217,left_shoulder,272.865625,202.94875,-1.881788142620584,-0.8049836794327445,0.1414375,0.9695,False
1217,left_toe_tip,430.721,302.588,-0.5447395883695652,-0.1494396917391303,-0.1596999999999998,0.9328,False
1217,right_shoulder,,,,,,0.0543,True
1217,right_toe_tip,398.0808333333334,271.9591666666667,-0.5426308264643719,-0.1974778220863525,-0.0505833333333334,0.194,True
1218,left_shoulder,,,,,,0.9229,False
1218,left_toe_tip,428.079,315.173,-0.5371967001086957,-0.1136315725,-0.1060999999999999,0.9123,True
1218,right_shoulder,,,,,,0.0298,True
1218,right_toe_tip,398.4741666666667,270.24583333333334,-0.5423611353411835,-0.2015485095863526,-0.0559166666666665,0.1422,True
1219,left_shoulder,,,,,,0.9142,False
1219,left_toe_tip,425.475,326.795,-0.5328381277173913,-0.0824747233695653,-0.0500999999999999,0.8806,True
1219,right_shoulder,,,,,,0.0334,True
1219,right_toe_tip,398.74,269.49,-0.5417860434782608,-0.2032539782608695,-0.056,0.5582,True
1220,left_shoulder,,,,,,0.9545,False
1220,left_toe_tip,423.141,337.383,-0.532176700326087,-0.055502609673913,-0.0336999999999998,0.9442,False
1220,right_shoulder,,,,,,0.0206,True
1220,right_toe_tip,398.705,270.125,-0.5413400869565218,-0.2016326086956522,-0.054,0.8048,False
1221,left_shoulder,,,,,,0.925,False
1221,left_toe_tip,421.07700000000006,346.937,-0.5353857148913043,-0.0319461344565217,-0.0219,0.8962,True
1221,right_shoulder,,,,,,0.038,True
1221,right_toe_tip,398.67,270.76000000000005,-0.5408939782608696,-0.2000139999999998,-0.049,0.8305,False
1222,left_shoulder,,,,,,0.9225,False
1222,left_toe_tip,419.4690000000001,355.027,-0.5384072598913042,-0.0121411470652174,-0.0180999999999999,0.8941,False
1222,right_shoulder,,,,,,0.0359,True
1222,right_toe_tip,398.448,272.03200000000004,-0.5393961182608696,-0.1964363686956521,-0.0414,0.8318,False
1223,left_shoulder,,,,,,0.9493,False
1223,left_toe_tip,418.733,361.252,-0.5390978048913043,0.0030503891304346,-0.0175,0.8821,True
1223,right_shoulder,,,,,,0.0422,True
1223,right_toe_tip,398.188,273.396,-0.5385048104347827,-0.1928633426086956,-0.0328000000000001,0.9148,True
1224,left_shoulder,268.5,233.9,-2.8028059782608694,-0.9513696739130434,-2.093,0.9442,False
1224,left_toe_tip,418.843,365.184,-0.5373874711956521,0.012596556521739,-0.0115,0.8531,True
1224,right_shoulder,,,,,,0.037,True
1224,right_toe_tip,397.964,274.672,-0.5375830026086957,-0.1895209078260868,-0.0254,0.8993,True
1225,left_shoulder,269.4183333333333,236.8466666666667,-2.655365337258454,-0.8824427161835746,-1.761166666666666,0.9386,False
1225,left_toe_tip,419.13,367.508,-0.5355137195652174,0.0182036356521738,-0.0065999999999999,0.8704,True
1225,right_shoulder,,,,,,0.0451,True
1225,right_toe_tip,397.544,275.72200000000004,-0.536987332173913,-0.1866574486956521,-0.0175999999999999,0.8936,True
1226,left_shoulder,270.33666666666664,239.7933333333333,-2.5086210990338165,-0.8157503140096619,-1.464333333333333,0.9571,True
1226,left_toe_tip,419.548,368.376,-0.5335417643478262,0.0202717408695651,-0.0025999999999999,0.8574,True
1226,right_shoulder,,,,,,0.0502,True
1226,right_toe_tip,397.174,276.366,-0.5369621895652175,-0.184940227826087,-0.0144,0.8926,True
1227,left_shoulder,271.255,242.74,-2.3625732635869565,-0.7512924673913043,-1.159,0.9111,True
1227,left_toe_tip,419.922,368.68,-0.5308664104347824,0.0209376695652174,0.0048000000000001,0.8553,True
1227,right_shoulder,,,,,,0.0572,True
1227,right_toe_tip,396.968,276.756,-0.5382630469565218,-0.1843673634782609,-0.0160999999999999,0.8885,True
1228,left_shoulder,272.02,245.883,-2.243838045652174,-0.6958532155434783,-0.8743999999999996,0.9001,True
1228,left_toe_tip,420.156,368.802,-0.5297762478260871,0.0212109065217391,0.007,0.8643,False
1228,right_shoulder,,,,,,0.058,True
1228,right_toe_tip,396.638,277.066,-0.5389939252173912,-0.1836807808695652,-0.0160999999999999,0.8901,True
1229,left_shoulder,273.55,252.169,-2.007787516304348,-0.5908083931521739,-0.2626999999999998,0.957,True
1229,left_toe_tip,420.462,369.058,-0.5283229695652174,0.0217982739130434,0.014,0.8969,True
1229,right_shoulder,,,,,,0.0565,True
1229,right_toe_tip,396.044,277.34000000000003,-0.5404686078260871,-0.1831278391304347,-0.0182,0.8788,True
1230,left_shoulder,274.9426666666667,258.6443333333333,-1.842282995410628,-0.5114972475241548,-0.0318333333333339,0.9396,True
1230,left_toe_tip,420.884,369.398,-0.5265929086956521,0.0225858456521738,0.017,0.9275,True
1230,right_shoulder,,,,,,0.0556,True
1230,right_toe_tip,395.348,277.552,-0.5424892173913044,-0.1828194782608695,-0.02,0.8935,True
1231,left_shoulder,276.206,265.249,-1.7095550002173916,-0.4452576068478263,0.0016999999999998,0.9202,True
1231,left_toe_tip,421.434,369.672,-0.5262214021739129,0.0232863913043477,0.013,0.9312,True
1231,right_shoulder,,,,,,0.0535,True
1231,right_toe_tip,394.758,278.128,-0.5431577165217392,-0.1813286817391304,-0.0175999999999999,0.9067,True
1232,left_shoulder,277.408,272.077,-1.6455764973913043,-0.3990270672826087,0.0646999999999998,0.9156,True
1232,left_toe_tip,422.014,369.844,-0.5258675308695653,0.0237475799999998,0.0085999999999999,0.9273,True
1232,right_shoulder,,,,,,0.0618,True
1232,right_toe_tip,394.37,278.764,-0.5425219130434783,-0.1794255999999999,-0.009,0.9025,True
1233,left_shoulder,278.666,278.63,-1.608329054347826,-0.3621849456521739,0.187,0.9028,True
1233,left_toe_tip,422.486,369.91399999999993,-0.5245397395652174,0.0239078265217389,0.0094,0.9212,True
1233,right_shoulder,,,,,,0.064,True
1233,right_toe_tip,394.314,279.092,-0.5423251400000001,-0.1785956156521739,-0.0077999999999999,0.891,True
1234,left_shoulder,280.172,284.99800000000005,-1.6184437652173913,-0.3373459521739128,0.102,0.9633,True
1234,left_toe_tip,422.77,369.982,-0.524704897826087,0.0241108699999999,0.0058000000000001,0.9121,True
1234,right_shoulder,,,,,,0.0633,True
1234,right_toe_tip,394.554,279.32,-0.5417953660869567,-0.1780923304347826,-0.0077999999999999,0.912,True
1235,left_shoulder,282.054,291.296,-1.6165152617391303,-0.3102732382608696,0.0541999999999998,0.9506,True
1235,left_toe_tip,422.938,370.036,-0.5236384813043479,0.0242107591304347,0.0085999999999999,0.914,True
1235,right_shoulder,,,,,,0.0706,True
1235,right_toe_tip,395.098,279.434,-0.5416060969565216,-0.1781734604347825,-0.0115999999999999,0.9108,True
1236,left_shoulder,283.942,297.45,-1.633841796521739,-0.2870229130434783,0.0263999999999996,0.9715,True
1236,left_toe_tip,423.068,370.082,-0.5229947565217391,0.0243063869565217,0.01,0.9137,True
1236,right_shoulder,,,,,,0.0709,True
1236,right_toe_tip,395.542,279.306,-0.5428030460869565,-0.1791757643478261,-0.0197999999999999,0.9126,True
1237,left_shoulder,285.87333333333333,303.33933333333334,-1.6409151956521737,-0.2625482847826086,-0.008,0.9211,True
1237,left_toe_tip,423.268,370.14,-0.5227010452173912,0.0244550347826086,0.0091999999999998,0.9127,True
1237,right_shoulder,,,,,,0.0691,True
1237,right_toe_tip,395.862,279.14,-0.5445869604347827,-0.1803705347826087,-0.0291999999999998,0.8938,True
1238,left_shoulder,287.884,309.266,-1.652878432173913,-0.2381520134782608,-0.1716000000000003,0.9068,True
1238,left_toe_tip,423.426,370.224,-0.5246740556521738,0.0247687513043478,0.0021999999999998,0.8908,True
1238,right_shoulder,,,,,,0.0715,True
1238,right_toe_tip,395.926,279.004,-0.5461421047826087,-0.1812373539130434,-0.0355999999999999,0.911,True
1239,left_shoulder,289.78200000000004,315.14,-1.6493745113043476,-0.2112710956521739,-0.1878000000000002,0.9533,False
1239,left_toe_tip,423.652,370.254,-0.5255845434782608,0.0249105326086957,-0.004,0.8848,True
1239,right_shoulder,,,,,,0.0729,True
1239,right_toe_tip,395.964,278.902,-0.5458979217391304,-0.1814127,-0.035,0.8975,True
1240,left_shoulder,291.2655384615385,320.1488461538462,-1.6361186342114742,-0.1869652202276818,-0.3442615384615383,0.9492,False
1240,left_toe_tip,423.848,370.26,-0.5280687339130435,0.0250656260869564,-0.0165999999999999,0.8919,True
1240,right_shoulder,,,,,,0.0706,True
1240,right_toe_tip,396.054,278.99799999999993,-0.5443708021739131,-0.1807577239130436,-0.03,0.9104,True
1241,left_shoulder,292.69661538461537,324.4265384615384,-1.6178994594082845,-0.1657176023668641,-0.3607846153846158,0.9257,True
1241,left_toe_tip,423.98,370.238,-0.5291550782608695,0.0250786486956521,-0.0225999999999999,0.8903,True
1241,right_shoulder,,,,,,0.0698,True
1241,right_toe_tip,396.182,279.204,-0.5435551282608696,-0.1801223869565217,-0.028,0.9078,True
1242,left_shoulder,293.96989743589745,327.9997435897436,-1.588567493597462,-0.1469079329903095,-0.2985692307692316,0.9636,True
1242,left_toe_tip,424.012,370.192,-0.5295931852173913,0.0249903408695652,-0.0248000000000001,0.8919,True
1242,right_shoulder,,,,,,0.0674,True
1242,right_toe_tip,396.278,279.404,-0.5431821617391306,-0.1796239547826087,-0.0259,0.9162,True
1243,left_shoulder,295.08538461538467,330.8684615384616,-1.5482225022510934,-0.1307630971829174,-0.2046153846153847,0.955,False
1243,left_toe_tip,424.1295,370.134,-0.5278033725,0.0247776299999998,-0.0184,0.9104,True
1243,right_shoulder,,,,,,0.069,True
1243,right_toe_tip,396.534,279.542,-0.542611615652174,-0.1793163947826087,-0.0259,0.9149,True
1244,left_shoulder,296.0430769230769,333.03269230769234,-1.49693158888603,-0.117364158251865,-0.0789230769230766,0.9866,False
1244,left_toe_tip,424.1165,370.156,-0.5266618776086958,0.0247762243478259,-0.0134,0.9263,True
1244,right_shoulder,,,,,,0.0631,True
1244,right_toe_tip,396.78,279.604,-0.5422219782608695,-0.179230647826087,-0.0265,0.9043,True
1245,left_shoulder,296.5219230769231,334.1148076923077,-1.471384263635194,-0.110886450057885,-0.0280769230769228,0.9997,False
1245,left_toe_tip,424.0849999999999,370.196,-0.525893839130435,0.0248339095652174,-0.0098000000000001,0.9392,False
1245,right_shoulder,,,,,,0.1027,True
1245,right_toe_tip,396.874,279.778,-0.5426995147826088,-0.1790694556521738,-0.0260999999999999,0.901,True
1246,left_shoulder,297.00076923076927,335.1969230769232,-1.4459023593388212,-0.1045565827116024,0.0352692307692318,1.0,False
1246,left_toe_tip,424.025,370.25,-0.5251479076086957,0.0249230978260869,-0.006,0.9411,False
1246,right_shoulder,,,,,,0.0583,False
1246,right_toe_tip,396.842,279.956,-0.5431409673913045,-0.1787939347826086,-0.0275,0.9239,True
1247,left_shoulder,297.4796153846154,336.2790384615385,-1.4204858759969123,-0.0983745562130175,0.0866153846153856,0.9113,False
1247,left_toe_tip,424.099,370.35,-0.524967975,0.02516625,-0.006,0.9506,False
1247,right_shoulder,,,,,,0.042,True
1247,right_toe_tip,396.842,280.104,-0.5431409673913045,-0.178463347826087,-0.0275,0.9415,True
1248,left_shoulder,297.9584615384616,337.36115384615385,-1.3951348136094677,-0.0923403705621301,0.1374615384615385,0.9299,False
1248,left_toe_tip,424.1594999999999,370.442,-0.5241639620652175,0.02535817,-0.0031999999999998,0.9219,True
1248,right_shoulder,,,,,,0.0428,True
1248,right_toe_tip,396.958,280.294,-0.5418779895652174,-0.1777097252173913,-0.0236999999999998,0.9523,True
1249,left_shoulder,,,,,,0.9023,False
1249,left_toe_tip,424.2885,370.494,-0.5234286441304348,0.0254639191304348,-0.0014,0.9301,True
1249,right_shoulder,,,,,,0.0676,True
1249,right_toe_tip,397.038,280.834,-0.5415411708695651,-0.17645413,-0.0230999999999999,0.9325,True
1250,left_shoulder,,,,,,0.9775,False
1250,left_toe_tip,424.37,370.54,-0.5233715108695652,0.0255824130434781,-0.002,0.9084,True
1250,right_shoulder,,,,,,0.0557,True
1250,right_toe_tip,397.306,281.678,-0.5419462539130434,-0.1748964313043478,-0.0254,0.9137,True
1251,left_shoulder,,,,,,0.9807,False
1251,left_toe_tip,424.504,370.488,-0.5232336573913043,0.02546532,-0.0028000000000001,0.891,True
1251,right_shoulder,,,,,,0.0513,True
1251,right_toe_tip,397.718,282.73999999999995,-0.54186896,-0.1727936695652175,-0.0285999999999999,0.898,True
1252,left_shoulder,,,,,,0.9576,False
1252,left_toe_tip,424.542,370.434,-0.5245933913043478,0.0254045217391303,-0.009,0.8638,True
1252,right_shoulder,,,,,,0.0444,True
1252,right_toe_tip,397.94,284.052,-0.5403726391304349,-0.1695456547826086,-0.0203000000000001,0.9016,True
1253,left_shoulder,,,,,,0.9576,False
1253,left_toe_tip,424.686,370.308,-0.5263959226086955,0.0252008191304347,-0.0181999999999998,0.8547,True
1253,right_shoulder,,,,,,0.0436,False
1253,right_toe_tip,398.126,286.442,-0.542691642173913,-0.1650417647826087,-0.0191999999999998,0.8761,True
1254,left_shoulder,,,,,,0.9715,False
1254,left_toe_tip,424.796,370.156,-0.528653304347826,0.0249484347826087,-0.029,0.8769,True
1254,right_shoulder,,,,,,0.0542,False
1254,right_toe_tip,398.20400000000006,289.886,-0.5457756234782607,-0.1582594917391305,-0.0210999999999999,0.8684,True
1255,left_shoulder,,,,,,0.9161,False
1255,left_toe_tip,425.008,369.984,-0.5303291791304349,0.0246279234782608,-0.0324,0.8851,True
1255,right_shoulder,,,,,,0.0668,True
1255,right_toe_tip,398.096,294.21,-0.5489643165217392,-0.1493003934782609,-0.0178000000000001,0.8085,True
1256,left_shoulder,,,,,,0.9346,False
1256,left_toe_tip,425.232,369.94,-0.5322978191304348,0.0246360739130434,-0.0431999999999998,0.894,True
1256,right_shoulder,,,,,,0.1048,True
1256,right_toe_tip,397.96,300.48999999999995,-0.5512197913043476,-0.1355275565217392,-0.0021999999999998,0.8375,True
1257,left_shoulder,,,,,,0.9792,False
1257,left_toe_tip,425.468,369.836,-0.5335783939130434,0.0244638426086956,-0.0511999999999998,0.9079,True
1257,right_shoulder,,,,,,0.127,True
1257,right_toe_tip,398.00466666666665,309.7763333333333,-0.5567032499758455,-0.1155380894082125,-0.0094333333333333,0.6841,True
1258,left_shoulder,,,,,,1.0,False
1258,left_toe_tip,425.696,369.798,-0.5342691895652173,0.02442684,-0.0565999999999999,0.9439,True
1258,right_shoulder,,,,,,0.2114,True
1258,right_toe_tip,397.976,321.261,-0.5614167591304348,-0.0898618477173912,-0.0270999999999999,0.6035,True
1259,left_shoulder,,,,,,1.0,False
1259,left_toe_tip,425.922,369.78,-0.5351949999999999,0.02445,-0.063,0.9411,True
1259,right_shoulder,,,,,,0.2149,True
1259,right_toe_tip,398.14,334.598,-0.5674771695652173,-0.0596008230434783,-0.0300999999999999,0.0403,True
1260,left_shoulder,,,,,,1.0,False
1260,left_toe_tip,426.154,369.768,-0.5351263708695652,0.0244433582608696,-0.0651999999999998,0.9282,True
1260,right_shoulder,,,,,,0.1026,False
1260,right_toe_tip,398.4766666666666,349.83333333333337,-0.5737054251207729,-0.0241495169082124,0.0056666666666669,0.0592,True
1261,left_shoulder,,,,,,1.0,False
1261,left_toe_tip,426.432,369.708,-0.5354056904347827,0.0243375339130434,-0.0654000000000001,0.8939,True
1261,right_shoulder,,,,,,0.0632,True
1261,right_toe_tip,398.81,366.055,-0.581870875,0.0146076874999998,0.0025,0.0518,True
1262,left_shoulder,,,,,,1.0,False
1262,left_toe_tip,426.78,369.608,-0.5339306913043478,0.0240596852173913,-0.0628000000000001,0.8927,True
1262,right_shoulder,,,,,,0.1783,True
1262,right_toe_tip,399.1433333333333,382.2766666666667,-0.590011566425121,0.0545697620772947,0.008333333333333,0.0332,True
1263,left_shoulder,,,,,,1.0,False
1263,left_toe_tip,427.1060000000001,369.42,-0.5309391234782608,0.0234926608695652,-0.0534,0.9008,True
1263,right_shoulder,,,,,,0.2119,True
1263,right_toe_tip,399.804,398.17,-0.5972525756521739,0.0949105347826085,0.0244,0.0552,True
1264,left_shoulder,,,,,,0.9841,False
1264,left_toe_tip,427.366,369.392,-0.5273323200000001,0.0232921599999999,-0.0405999999999999,0.9438,True
1264,right_shoulder,,,,,,0.2439,False
1264,right_toe_tip,401.048,413.32700000000006,-0.6011980373913043,0.1341695727173914,0.0273000000000001,0.7766,True
1265,left_shoulder,318.07,382.81,-0.3894653152173913,0.0275951413043478,2.53,0.9872,False
1265,left_toe_tip,427.566,369.34800000000007,-0.5237883539130436,0.0230489165217393,-0.0274,0.8775,True
1265,right_shoulder,,,,,,0.1226,True
1265,right_toe_tip,402.96,427.329,-0.6099743449275363,0.1732575205434783,-0.0124333333333333,0.9268,True
1266,left_shoulder,317.37249999999995,383.3175,-0.3974981209239131,0.0287286807065217,2.5195,0.9492,False
1266,left_toe_tip,427.756,369.232,-0.5209206000000001,0.0226585391304348,-0.017,0.9419,True
1266,right_shoulder,,,,,,0.039,False
1266,right_toe_tip,405.54,440.176,-0.6233068130434783,0.2131461530434784,-0.0758000000000001,0.9499,True
1267,left_shoulder,316.67499999999995,383.825,-0.4055620108695652,0.0298848369565217,2.499,0.9565,True
1267,left_toe_tip,427.936,369.108,-0.5194184973913044,0.02230866,-0.0014,0.93,True
1267,right_shoulder,,,,,,0.0278,True
1267,right_toe_tip,408.788,451.86800000000005,-0.6408090843478261,0.2546141591304349,-0.1168000000000001,0.8961,False
1268,left_shoulder,316.38125,384.38625,-0.4127897860054348,0.0311057221467391,2.4795,0.9637,False
1268,left_toe_tip,427.988,369.042,-0.5192911313043478,0.0221470030434783,-0.0014,0.9222,True
1268,right_shoulder,,,,,,0.0282,True
1268,right_toe_tip,412.642,462.228,-0.6461909765217392,0.2905497547826086,-0.1218000000000001,0.8852,False
1269,left_shoulder,315.823,385.027,-0.4225576721739131,0.0326221504347825,2.4743000000000004,0.9645,True
1269,left_toe_tip,427.97,368.93,-0.5198883413043479,0.0218959717391304,-0.0038000000000001,0.8901,True
1269,right_shoulder,,,,,,0.0359,True
1269,right_toe_tip,416.066,470.66399999999993,-0.6443457443478261,0.3184236313043476,-0.1161999999999998,0.8044,True
1270,left_shoulder,314.813,386.263,-0.4409111563043479,0.0356092023913044,2.4626,0.9742,True
1270,left_toe_tip,428.028,368.894,-0.5204834217391304,0.0218386369565216,-0.007,0.8451,True
1270,right_shoulder,,,,,,0.0142,True
1270,right_toe_tip,418.67333333333335,477.0626666666667,-0.6408690053140097,0.338964282415459,-0.0954333333333334,0.8821,True
1271,left_shoulder,314.146,387.758,-0.4590291130434782,0.0391025739130434,2.44,0.9766,True
1271,left_toe_tip,427.95,369.01,-0.5224727608695653,0.0221998565217391,-0.0148000000000001,0.8554,True
1271,right_shoulder,,,,,,0.0142,True
1271,right_toe_tip,420.608,481.286,-0.6275088139130435,0.346904326521739,-0.0704,0.9135,True
1272,left_shoulder,313.422,389.616,-0.475880942173913,0.0431556626086956,2.4059,0.9588,True
1272,left_toe_tip,427.79,369.202,-0.5239280369565219,0.0227189378260868,-0.0304,0.8794,True
1272,right_shoulder,,,,,,0.0194,True
1272,right_toe_tip,421.916,483.29800000000006,-0.6074587591304347,0.3434385378260871,-0.0090999999999999,0.9016,True
1273,left_shoulder,312.178,391.99799999999993,-0.4939422352173913,0.048212638695652,2.3498,0.9002,True
1273,left_toe_tip,427.622,369.402,-0.5276669917391305,0.023359882173913,-0.0448000000000001,0.9075,True
1273,right_shoulder,,,,,,0.0126,True
1273,right_toe_tip,422.328,483.703,-0.59746232,0.3395378430434781,0.0283000000000001,0.8982,True
1274,left_shoulder,311.326,394.742,-0.5072297230434784,0.0536159691304348,2.2742,0.9216,True
1274,left_toe_tip,427.502,369.588,-0.5307368526086957,0.0239470721739131,-0.0568000000000001,0.9042,True
1274,right_shoulder,,,,,,0.0129,True
1274,right_toe_tip,422.624,483.501,-0.5952794504347827,0.3382048036956522,0.0340999999999999,0.8914,True
1275,left_shoulder,310.31000000000006,397.914,-0.5191900782608695,0.0597063078260869,2.1842,0.9624,True
1275,left_toe_tip,427.222,369.726,-0.5356454869565216,0.0244841478260869,-0.075,0.9143,True
1275,right_shoulder,,,,,,0.0117,True
1275,right_toe_tip,423.3,483.005,-0.5901306304347826,0.3349747032608696,0.0480999999999999,0.8886,False
1276,left_shoulder,309.098,401.692,-0.5295151352173914,0.0667162634782608,2.1018000000000003,0.9408,True
1276,left_toe_tip,426.93,369.79,-0.5361952869565216,0.024636747826087,-0.0721999999999998,0.9201,True
1276,right_shoulder,,,,,,0.0289,True
1276,right_toe_tip,423.966,482.575,-0.5871898047826086,0.333164179347826,0.0454,0.8813,True
1277,left_shoulder,307.882,406.148,-0.5377423617391304,0.0747196313043478,2.0554,0.9782,True
1277,left_toe_tip,426.682,369.876,-0.5389061908695653,0.0249497817391303,-0.0811999999999998,0.9246,True
1277,right_shoulder,,,,,,0.0184,True
1277,right_toe_tip,424.67,482.175,-0.5856976000000002,0.332316,0.0635999999999999,0.885,True
1278,left_shoulder,306.73,410.76200000000006,-0.54431685,0.0829075882608696,2.0284,0.9451,True
1278,left_toe_tip,426.582,370.002,-0.5403187017391304,0.0253224547826087,-0.0861999999999998,0.9287,True
1278,right_shoulder,,,,,,0.0122,True
1278,right_toe_tip,425.256,481.796,-0.5845238313043479,0.3315234165217391,0.0568000000000001,0.8824,True
1279,left_shoulder,305.732,415.81000000000006,-0.5521235356521739,0.0921835608695653,2.0164,0.9094,True
1279,left_toe_tip,426.542,370.048,-0.5431113982608695,0.0255656069565217,-0.0978000000000001,0.9362,True
1279,right_shoulder,,,,,,0.0414,True
1279,right_toe_tip,425.774,481.39,-0.5833311885507246,0.3305414514492754,0.0558666666666667,0.8733,True
1280,left_shoulder,304.29999999999995,421.832,-0.5563862608695653,0.1024798191304347,2.0157,0.9411,True
1280,left_toe_tip,426.602,370.162,-0.5443504634782609,0.025921936521739,-0.1038000000000001,0.9566,True
1280,right_shoulder,,,,,,0.0217,True
1280,right_toe_tip,426.03,481.176,-0.5804168826086956,0.3287030713043479,0.0654000000000001,0.8731,True
1281,left_shoulder,303.04599999999994,427.852,-0.5592703891304348,0.1126195695652174,1.971,0.9166,True
1281,left_toe_tip,426.86,370.152,-0.5479551391304347,0.0260994678260869,-0.1221999999999998,0.9321,True
1281,right_shoulder,,,,,,0.0183,True
1281,right_toe_tip,426.27,480.9320000000001,-0.5788830586956523,0.3275416930434784,0.0691999999999998,0.8583,False
1282,left_shoulder,301.80999999999995,434.21,-0.5626452326086957,0.1234628543478261,1.8899,0.9693,True
1282,left_toe_tip,427.312,370.062,-0.5485500939130435,0.0259512104347826,-0.1298000000000002,0.9574,True
1282,right_shoulder,,,,,,0.0426,True
1282,right_toe_tip,426.49,480.66399999999993,-0.5776373804347827,0.3264485826086954,0.072,0.8701,False
1283,left_shoulder,300.62,440.678,-0.5668383782608696,0.1347497986956521,1.8364,0.9168,True
1283,left_toe_tip,427.72,370.064,-0.5500359391304349,0.0260766991304346,-0.1408000000000001,0.93,True
1283,right_shoulder,,,,,,0.0265,True
1283,right_toe_tip,426.86800000000005,480.3639999999999,-0.5753174008695651,0.3249043017391302,0.0775999999999999,0.8745,True
1284,left_shoulder,299.452,447.37,-0.5686411278260869,0.1458889065217391,1.8368,0.9686,True
1284,left_toe_tip,428.264,370.0100000000001,-0.5531833147826087,0.0261522130434783,-0.1515999999999999,0.9041,True
1284,right_shoulder,,,,,,0.041,True
1284,right_toe_tip,427.264,480.064,-0.5714890573913045,0.3225371455072463,0.0895333333333333,0.867,True
1285,left_shoulder,298.358,454.052,-0.5725474300000001,0.1576188843478261,1.8527,0.9178,True
1285,left_toe_tip,428.84,369.852,-0.5563606956521739,0.0259578782608695,-0.172,0.8946,True
1285,right_shoulder,,,,,,0.0362,True
1285,right_toe_tip,427.63233333333335,479.799,-0.5685682606159419,0.3207357792391303,0.0979,0.8821,True
1286,left_shoulder,297.64,460.434,-0.5762811913043479,0.1690566221739131,1.9034,1.0,True
1286,left_toe_tip,429.23,369.794,-0.5592277934782608,0.0259860369565216,-0.189,0.904,True
1286,right_shoulder,,,,,,0.0316,True
1286,right_toe_tip,427.97300000000007,479.569,-0.566549971847826,0.3194961659782608,0.0951999999999998,0.8853,True
1287,left_shoulder,296.85,466.816,-0.5801472934782609,0.1805887026086956,1.9011,0.9211,True
1287,left_toe_tip,429.434,369.718,-0.5628062978260869,0.0259745239130435,-0.185,0.9057,True
1287,right_shoulder,,,,,,0.0163,True
1287,right_toe_tip,428.196,479.44,-0.5643655713043477,0.3182556695652172,0.1020999999999999,0.9008,False
1288,left_shoulder,296.282,473.274,-0.5819295182608696,0.1917778069565217,1.7769,0.9075,True
1288,left_toe_tip,429.762,369.36,-0.5669570413043478,0.0252414782608696,-0.207,0.9109,True
1288,right_shoulder,,,,,,0.0225,True
1288,right_toe_tip,428.2833333333333,479.33,-0.5638106884057972,0.3177809782608697,0.1035,0.8867,False
1289,left_shoulder,296.104,479.236,-0.5832027599999999,0.2022087034782608,1.7618,0.9054,True
1289,left_toe_tip,430.076,369.086,-0.5678444199999999,0.0245776299999998,-0.2145999999999999,0.926,True
1289,right_shoulder,,,,,,0.0211,True
1289,right_toe_tip,428.325,479.255,-0.5656554211956522,0.3186830624999999,0.095,0.8746,False
1290,left_shoulder,296.152,484.828,-0.5843921008695653,0.2121533269565217,1.7539,0.922,True
1290,left_toe_tip,430.276,368.956,-0.5662548,0.0241812,-0.21,0.8955,True
1290,right_shoulder,,,,,,0.0196,True
1290,right_toe_tip,428.3666666666667,479.18,-0.567499384057971,0.3195837608695652,0.094,0.897,False
1291,left_shoulder,295.92600000000004,490.524,-0.5851501960869565,0.2219759243478261,1.7489,0.9553,True
1291,left_toe_tip,430.608,368.898,-0.565586,0.0240342717391305,-0.211,0.8773,True
1291,right_shoulder,,,,,,0.0233,True
1291,right_toe_tip,428.41,479.117,-0.567682170652174,0.3195831425000001,0.0926999999999998,0.921,False
1292,left_shoulder,296.434,495.148,-0.5883941191304347,0.23145564,1.7294,0.8972,True
1292,left_toe_tip,431.008,369.048,-0.5630517078260869,0.024376492173913,-0.1795999999999999,0.8844,True
1292,right_shoulder,,,,,,0.0149,True
1292,right_toe_tip,428.455,479.066,-0.5662047913043478,0.3186827373913043,0.0985999999999999,0.9314,True
1293,left_shoulder,296.77200000000005,499.808,-0.5895313973913042,0.2401354365217391,1.7328,0.9379,True
1293,left_toe_tip,431.562,369.628,-0.55965603,0.0258511800000001,-0.1711999999999998,0.8965,True
1293,right_shoulder,,,,,,0.0239,True
1293,right_toe_tip,428.5456666666666,479.014,-0.5671572966666668,0.3192162460869563,0.0934000000000001,0.9284,False
1294,left_shoulder,296.36800000000005,504.364,-0.5927651999999999,0.2490279,1.7345,0.9256,True
1294,left_toe_tip,431.97,370.638,-0.5594198043478261,0.0286069695652174,-0.175,0.9052,True
1294,right_shoulder,,,,,,0.0279,True
1294,right_toe_tip,428.7679999999999,479.005,-0.5680074400000003,0.3200070320652172,0.0870999999999999,0.936,True
1295,left_shoulder,296.36600000000004,508.126,-0.5960555839130434,0.2569342073913044,1.7262,0.9471,True
1295,left_toe_tip,432.482,371.91600000000005,-0.5590805595652174,0.0321032582608697,-0.1445999999999999,0.9769,True
1295,right_shoulder,,,,,,0.016,True
1295,right_toe_tip,428.958,479.143,-0.5668542241304348,0.3200155079347827,0.0899,0.9318,True
1296,left_shoulder,296.2,511.264,-0.6011268260869564,0.2644818156521739,1.7089,0.866,True
1296,left_toe_tip,432.826,373.246,-0.5559018873913043,0.0355424734782608,-0.1260999999999999,0.9626,True
1296,right_shoulder,,,,,,0.0202,True
1296,right_toe_tip,429.03,479.32,-0.5679220673913042,0.321204252173913,0.0769000000000001,0.9171,True
1297,left_shoulder,295.938,514.23,-0.6026320726086958,0.270137197826087,1.6936,0.8867,True
1297,left_toe_tip,433.42,375.822,-0.5532751304347827,0.0423754434782608,-0.113,0.9017,True
1297,right_shoulder,,,,,,0.0177,True
1297,right_toe_tip,429.59,479.238,-0.57336725,0.32492355,0.0465,0.8778,True
1298,left_shoulder,295.86400000000003,516.358,-0.6073252278260868,0.2759378791304346,1.6734,0.8943,True
1298,left_toe_tip,433.95,380.296,-0.553960945652174,0.0545653547826086,-0.1124000000000001,0.883,True
1298,right_shoulder,,,,,,0.0216,True
1298,right_toe_tip,430.382,479.034,-0.5718470178260872,0.3247299273913043,0.0436999999999998,0.8666,True
1299,left_shoulder,295.508,518.2299999999999,-0.6107992939130436,0.2805486695652172,1.6658,0.8276,True
1299,left_toe_tip,435.32,386.39,-0.5505002086956522,0.0709776260869564,-0.0984,0.91,True
1299,right_shoulder,,,,,,0.0281,True
1299,right_toe_tip,430.8585,480.1415,-0.5678532716576088,0.3262037607880435,0.0430500000000001,0.8719,True
1300,left_shoulder,294.838,519.906,-0.6137880782608696,0.2843545826086955,1.644,0.7905,True
1300,left_toe_tip,437.362,394.352,-0.5528493260869566,0.0937212173913042,-0.123,0.9407,True
1300,right_shoulder,,,,,,0.029,True
1300,right_toe_tip,431.1835,482.4565,-0.5632711600271739,0.3303197535054346,0.0348499999999999,0.7927,True
1301,left_shoulder,293.98,521.582,-0.6165173739130435,0.2878969721739131,1.6368,0.8327,True
1301,left_toe_tip,440.116,404.1,-0.5546346469565219,0.1223679130434783,-0.0928000000000001,0.9549,True
1301,right_shoulder,,,,,,0.0225,True
1301,right_toe_tip,431.441,486.075,-0.5555603709782609,0.3358391331521739,0.0423000000000001,0.0207,True
1302,left_shoulder,292.872,523.042,-0.6205290313043478,0.2914552969565218,1.6154000000000002,0.8566,True
1302,left_toe_tip,444.176,414.4440000000001,-0.5553738921739129,0.1544079182608697,-0.1021999999999998,0.9882,True
1302,right_shoulder,,,,,,0.0148,True
1302,right_toe_tip,431.025,491.295,-0.5425399864130436,0.3408675081521738,-0.002,0.0138,True
1303,left_shoulder,291.81,524.2620000000001,-0.6237142608695652,0.2942432347826088,1.608,0.8534,True
1303,left_toe_tip,449.046,425.572,-0.5530609004347826,0.1899164686956521,-0.0425999999999999,0.9436,True
1303,right_shoulder,,,,,,0.0192,True
1303,right_toe_tip,430.2374,495.4158000000001,-0.5359844835086957,0.3460138633956523,0.0147200000000002,0.0207,True
1304,left_shoulder,290.96,525.214,-0.6268303130434782,0.2967027943478262,1.6038,0.8588,True
1304,left_toe_tip,453.9219999999999,434.77,-0.5499009417391307,0.220961604347826,-0.0488000000000001,0.9501,True
1304,right_shoulder,,,,,,0.0196,True
1304,right_toe_tip,429.5397,496.9599,-0.5340635997576088,0.3475491445010869,0.0244099999999998,0.419,True
1305,left_shoulder,290.43600000000004,525.912,-0.629367184347826,0.298713735652174,1.5796,0.8528,True
1305,left_toe_tip,459.9860000000001,445.726,-0.5336632430434782,0.254140317826087,0.0665999999999999,0.928,True
1305,right_shoulder,,,,,,0.0115,True
1305,right_toe_tip,428.9318999999999,495.9273,-0.5368310643836958,0.3457177903141304,0.0150700000000001,0.0951,True
1306,left_shoulder,289.98,526.6980000000001,-0.6308730043478261,0.3004550256521741,1.5778,0.8298,True
1306,left_toe_tip,466.778,456.746,-0.5207957086956523,0.290868952173913,-0.064,0.9118,True
1306,right_shoulder,,,,,,0.0225,True
1306,right_toe_tip,428.41399999999993,492.318,-0.5443279834782611,0.3404024373913045,0.0176999999999998,0.0206,True
1307,left_shoulder,289.63800000000003,527.534,-0.6319464160869565,0.3021803473913043,1.5691,0.8093,True
1307,left_toe_tip,473.4599999999999,467.434,-0.5125811565217394,0.330663167826087,-0.1590999999999999,0.8119,True
1307,right_shoulder,,,,,,0.0127,True
1307,right_toe_tip,427.986,486.132,-0.55658284,0.3311239199999998,0.0828000000000001,0.1715,True
1308,left_shoulder,289.522,528.5379999999999,-0.6316984995652175,0.3037714256521737,1.5703,0.8418,True
1308,left_toe_tip,479.996,476.9980000000001,-0.4958732660869566,0.3625920626086958,0.0503000000000001,0.9282,True
1308,right_shoulder,,,,,,0.0132,True
1308,right_toe_tip,428.0196,481.6372,-0.5665222272695654,0.3250780612869566,0.0797799999999997,0.1339,True
1309,left_shoulder,289.632,529.768,-0.6308147339130435,0.3056562121739131,1.5560999999999998,0.836,True
1309,left_toe_tip,486.968,488.708,-0.4808864260869565,0.4044508999999999,0.176,0.8487,True
1309,right_shoulder,,,,,,0.0127,True
1309,right_toe_tip,428.0428,478.4036,-0.5737957869913043,0.320533989147826,0.07044,0.8956,True
1310,left_shoulder,289.81600000000003,531.4039999999999,-0.6306357078260869,0.3086762469565215,1.5442,0.8179,True
1310,left_toe_tip,492.812,497.814,-0.4679618478260869,0.4381586413043479,0.121,0.9663,True
1310,right_shoulder,,,,,,0.0163,True
1310,right_toe_tip,428.1956,476.5732,-0.5778392387478262,0.3180319632,0.0585799999999999,0.97,True
1311,left_shoulder,290.212,533.2180000000001,-0.6287819504347827,0.3113781830434783,1.5392,0.8604,True
1311,left_toe_tip,498.25200000000007,506.028,-0.4502964182608693,0.4638928617391303,-0.0180999999999999,0.9299,True
1311,right_shoulder,,,,,,0.0229,True
1311,right_toe_tip,428.44,476.054,-0.579168495652174,0.3177104395652173,0.0499,0.9813,True
1312,left_shoulder,290.61,535.372,-0.6277626847826087,0.3150977347826086,1.556,0.822,True
1312,left_toe_tip,502.626,513.548,-0.4355651717391303,0.4868472999999999,-0.075,0.931,True
1312,right_shoulder,,,,,,0.0248,True
1312,right_toe_tip,428.846,476.6940000000001,-0.5789291843478261,0.3199445060869567,0.0460999999999999,0.9842,True
1313,left_shoulder,291.246,537.588,-0.6269232230434783,0.3192337330434782,1.5622,0.8227,True
1313,left_toe_tip,506.85,519.4300000000001,-0.4166726630434781,0.4989119239130437,-0.055,0.9019,True
1313,right_shoulder,,,,,,0.0266,True
1313,right_toe_tip,428.916,476.8860000000001,-0.5778653939130435,0.3199881300000002,0.0499,1.0,True
1314,left_shoulder,292.512,539.6719999999999,-0.6260827269565218,0.3237220730434781,1.5864,0.8855,True
1314,left_toe_tip,510.18,523.1360000000001,-0.3975314173913042,0.4995508034782611,-0.0261999999999998,0.9255,True
1314,right_shoulder,,,,,,0.0106,True
1314,right_toe_tip,429.08,476.896,-0.5774164260869563,0.3200155060869565,0.0499,0.9987,True
1315,left_shoulder,294.03,541.378,-0.6243254282608696,0.3273084300000001,1.5878,0.8614,True
1315,left_toe_tip,512.972,525.772,-0.3863308086956523,0.5041631043478262,-0.0955,0.9113,True
1315,right_shoulder,,,,,,0.0131,True
1315,right_toe_tip,429.14400000000006,476.798,-0.579945676521739,0.3212452817391303,0.0380999999999999,1.0,True
1316,left_shoulder,296.008,542.902,-0.6234481095652173,0.3314899943478261,1.5886,0.8565,True
1316,left_toe_tip,514.92,527.466,-0.3770890086956523,0.5048735843478261,-0.0930999999999999,0.901,True
1316,right_shoulder,,,,,,0.015,True
1316,right_toe_tip,429.1604,476.6352,-0.5821189686608694,0.3220247161043478,0.02842,0.9937,True
1317,left_shoulder,298.482,544.2479999999999,-0.621265787826087,0.3351711443478259,1.5944,0.8192,True
1317,left_toe_tip,516.362,528.3399999999999,-0.3640870321739131,0.4957247043478258,-0.0451999999999998,0.9095,True
1317,right_shoulder,,,,,,0.0279,True
1317,right_toe_tip,429.0592,476.55959999999993,-0.5828019163826088,0.3220389713739128,0.0266599999999998,0.99,True
1318,left_shoulder,300.982,545.934,-0.6178234552173912,0.3388445047826086,1.5954000000000002,0.878,True
1318,left_toe_tip,517.2700000000001,529.162,-0.3573844239130432,0.4925923891304348,-0.0285,0.9223,True
1318,right_shoulder,,,,,,0.0142,True
1318,right_toe_tip,428.87639999999993,476.4872,-0.5836374232695654,0.3220212674086957,0.0252200000000002,0.989,False
1319,left_shoulder,303.352,548.012,-0.6146021530434783,0.343244516521739,1.6009,0.8853,True
1319,left_toe_tip,517.8520000000001,529.7439999999999,-0.3578139782608693,0.497239217391304,-0.0445,0.9358,True
1319,right_shoulder,,,,,,0.0198,True
1319,right_toe_tip,428.654,476.582,-0.5834527943478262,0.3218423517391304,0.0286999999999998,1.0,False
1320,left_shoulder,306.016,550.6,-0.6077056695652174,0.3468091304347826,1.6065,0.8557,True
1320,left_toe_tip,518.112,529.712,-0.354535095652174,0.4936405565217391,-0.0255,0.9226,True
1320,right_shoulder,,,,,,0.0212,True
1320,right_toe_tip,428.446,476.628,-0.5804397899999999,0.3199917365217391,0.0443000000000001,1.0,False
1321,left_shoulder,308.72,553.366,-0.6014172347826088,0.3510433621739131,1.6098,0.7957,True
1321,left_toe_tip,518.1400000000001,529.27,-0.3544536521739128,0.4923549130434783,-0.0255,0.9201,True
1321,right_shoulder,,,,,,0.0405,True
1321,right_toe_tip,428.2436,476.6548,-0.5778924224000002,0.3183560211478259,0.0577799999999997,0.9967,False
1322,left_shoulder,311.598,556.406,-0.5936223108695652,0.3550251934782608,1.613,0.85,True
1322,left_toe_tip,518.048,528.5840000000001,-0.3575579617391304,0.4942809582608697,-0.0444,0.8962,True
1322,right_shoulder,,,,,,0.0394,True
1322,right_toe_tip,428.0898,476.6514,-0.5768011374260869,0.3175149672,0.0643400000000001,0.9947,True
1323,left_shoulder,315.116,559.3720000000001,-0.585356215652174,0.3592163339130436,1.6224,0.8319,True
1323,left_toe_tip,517.784,527.588,-0.3629549513043478,0.4976999278260868,-0.0791999999999998,0.9527,True
1323,right_shoulder,,,,,,0.0231,True
1323,right_toe_tip,427.9846,476.6178,-0.5771704452260871,0.317469143973913,0.06398,0.9911,True
1324,left_shoulder,318.712,562.2700000000001,-0.5779691739130435,0.363866141304348,1.625,0.8977,True
1324,left_toe_tip,517.688,526.7120000000001,-0.3602620191304348,0.4910393234782612,-0.0508000000000001,0.9679,True
1324,right_shoulder,,,,,,0.0171,True
1324,right_toe_tip,427.905,476.667,-0.5802642554347825,0.3191856945652174,0.059,0.9934,False
1325,left_shoulder,323.054,565.0040000000001,-0.5710540104347827,0.3693637286956524,1.6434000000000002,0.9278,True
1325,left_toe_tip,518.13,526.146,-0.356867152173913,0.4865188304347825,-0.035,0.9412,True
1325,right_shoulder,,,,,,0.0267,True
1325,right_toe_tip,427.921,476.753,-0.5815113971739131,0.3201316497826086,0.0534,0.9677,True
1326,left_shoulder,327.50800000000004,568.072,-0.5641159930434781,0.3756151930434782,1.7552,0.8683,True
1326,left_toe_tip,518.932,525.75,-0.3554135373913043,0.4865843478260869,-0.0478000000000001,0.9484,True
1326,right_shoulder,,,,,,0.0382,True
1326,right_toe_tip,427.963,476.917,-0.5831478449999999,0.3215471667391305,0.0383000000000001,0.9821,True
1327,left_shoulder,332.408,570.8039999999999,-0.5585469513043477,0.3827925678260866,1.8654,0.9049,True
1327,left_toe_tip,519.914,525.5719999999999,-0.3498679504347826,0.4823904226086953,-0.0274,0.9243,True
1327,right_shoulder,,,,,,0.0116,True
1327,right_toe_tip,428.016,477.206,-0.5832325008695652,0.3224693773913043,0.0373000000000001,0.9636,True
1328,left_shoulder,337.394,573.504,-0.5512691913043478,0.3889485913043479,1.927,0.8587,True
1328,left_toe_tip,520.99,525.632,-0.3482077369565217,0.4846176278260868,-0.0543000000000001,0.8818,True
1328,right_shoulder,,,,,,0.0245,True
1328,right_toe_tip,428.102,477.574,-0.5823509817391302,0.3231240234782607,0.0400999999999999,0.9486,True
1329,left_shoulder,342.94,576.056,-0.5420053434782608,0.3942082626086957,1.9794,0.8882,True
1329,left_toe_tip,521.89,525.682,-0.3445987630434782,0.4833952439130435,-0.0676999999999998,0.9203,True
1329,right_shoulder,,,,,,0.0599,True
1329,right_toe_tip,428.258,477.87,-0.5772731352173913,0.3213494934782609,0.0528000000000001,0.9716,True
1330,left_shoulder,347.514,578.892,-0.5355672995652173,0.4008102860869566,2.0194,0.9635,True
1330,left_toe_tip,522.422,525.634,-0.3467528582608695,0.4884762704347825,-0.0966999999999998,0.9203,True
1330,right_shoulder,,,,,,0.0151,True
1330,right_toe_tip,428.374,478.11,-0.5716662339130436,0.3190510565217391,0.0758000000000001,0.9508,True
1331,left_shoulder,352.874,581.2819999999999,-0.5265641165217392,0.4058119460869563,2.0808,0.961,True
1331,left_toe_tip,522.754,525.6980000000001,-0.3432504091304347,0.4850989056521742,-0.0769000000000001,0.9379,True
1331,right_shoulder,,,,,,0.0176,True
1331,right_toe_tip,428.5940000000001,478.526,-0.5639944417391304,0.3162067547826087,0.1065999999999999,0.9605,True
1332,left_shoulder,358.01800000000003,583.898,-0.5183564765217391,0.4115829321739131,2.1198,0.9147,True
1332,left_toe_tip,523.028,525.648,-0.342600816521739,0.485168587826087,-0.1060999999999999,0.9318,True
1332,right_shoulder,,,,,,0.0151,True
1332,right_toe_tip,428.878,478.904,-0.5598404686956522,0.3153023895652173,0.1214,0.9364,True
1333,left_shoulder,362.852,586.632,-0.510253567826087,0.4172492191304346,2.0852,0.9268,True
1333,left_toe_tip,523.176,525.5519999999999,-0.3398562539130433,0.4816123617391302,-0.0879,0.951,True
1333,right_shoulder,,,,,,0.0218,True
1333,right_toe_tip,429.20200000000006,479.228,-0.5563234173913042,0.3146582434782607,0.133,0.9084,True
1334,left_shoulder,367.826,589.2520000000001,-0.50216103,0.4229699400000001,2.0816,0.8926,True
1334,left_toe_tip,523.2879999999999,525.508,-0.3407482956521742,0.4832114000000001,-0.0975,0.9535,True
1334,right_shoulder,,,,,,0.0337,True
1334,right_toe_tip,429.552,479.536,-0.5553997217391303,0.3154710956521738,0.113,0.9154,True
1335,left_shoulder,373.624,591.452,-0.49146372,0.42702894,2.1136,0.933,True
1335,left_toe_tip,523.342,525.51,-0.3394494195652174,0.4815981195652173,-0.0885,0.9837,True
1335,right_shoulder,,,,,,0.0291,True
1335,right_toe_tip,430.14400000000006,480.074,-0.5575782678260868,0.3190313973913042,0.0965999999999999,0.9057,False
1336,left_shoulder,378.822,593.4354999999999,-0.4824979660869565,0.4312467128260868,2.1004,0.9296,True
1336,left_toe_tip,523.402,525.47,-0.3402380334782607,0.4828486543478262,-0.0960999999999999,0.9556,True
1336,right_shoulder,,,,,,0.0273,True
1336,right_toe_tip,430.768,480.4719999999999,-0.5605598191304347,0.3227602017391303,0.0761999999999998,0.9068,True
1337,left_shoulder,383.884,595.1005,-0.4721442782608695,0.4334026608695652,2.0775,0.9476,True
1337,left_toe_tip,523.454,525.4399999999999,-0.3396809178260871,0.4821856695652172,-0.0929000000000001,0.9417,True
1337,right_shoulder,,,,,,0.012,True
1337,right_toe_tip,431.222,479.632,-0.5624751639130433,0.3223042121739128,0.0549,0.9318,True
1338,left_shoulder,388.994,596.2909999999999,-0.4634880356521738,0.4363164682608694,2.0162,0.9719,False
1338,left_toe_tip,523.51,525.414,-0.3413916717391304,0.4847708986956521,-0.1076999999999998,0.9667,True
1338,right_shoulder,,,,,,0.0825,True
1338,right_toe_tip,431.5559999999999,478.952,-0.564203531304348,0.321972033043478,0.0483000000000001,0.8801,True
1339,left_shoulder,393.71,597.3050000000001,-0.4553687934782608,0.4387563097826088,2.024,0.973,False
1339,left_toe_tip,523.5820000000001,525.3799999999999,-0.3411806647826083,0.4846712565217387,-0.1076999999999998,0.9858,True
1339,right_shoulder,,,,,,0.0322,True
1339,right_toe_tip,432.12,478.994,-0.5645749652173913,0.3231721830434781,0.0399,0.7536,True
1340,left_shoulder,398.08,598.2025000000001,-0.4488667826086956,0.441969203804348,2.029,0.9276,False
1340,left_toe_tip,523.622,525.392,-0.3405321478260871,0.4839513739130436,-0.1035,0.9743,True
1340,right_shoulder,,,,,,0.0224,True
1340,right_toe_tip,433.046,479.904,-0.55760606,0.3230630817391304,0.0471999999999998,0.7114,True
1341,left_shoulder,400.265,598.6512500000001,-0.4455944021739129,0.4435800407608697,2.047,0.9181,False
1341,left_toe_tip,523.654,525.4300000000001,-0.3409949504347826,0.4848537521739133,-0.1079,0.9548,True
1341,right_shoulder,,,,,,0.0255,True
1341,right_toe_tip,434.394,481.38,-0.548476353478261,0.3237943434782608,0.0578000000000001,0.7682,True
1342,left_shoulder,402.4500000000001,599.1,-0.4423077717391304,0.4451938043478262,2.055,0.9005,False
1342,left_toe_tip,523.684,525.4680000000001,-0.3406288773913044,0.4845694408695654,-0.1056999999999998,0.9556,True
1342,right_shoulder,,,,,,0.0595,True
1342,right_toe_tip,435.966,484.196,-0.5373634586956522,0.3270944652173914,0.065,0.8125,True
1343,left_shoulder,409.73333333333335,600.5958333333334,-0.4312494202898551,0.4505941530797103,1.99725,0.9385,False
1343,left_toe_tip,523.742,525.476,-0.339877735652174,0.4837654886956521,-0.1010999999999999,0.9507,True
1343,right_shoulder,,,,,,0.0227,True
1343,right_toe_tip,438.018,486.7679999999999,-0.5261631099999998,0.3302306399999997,0.0414,0.7432,True
1344,left_shoulder,416.08,601.9091666666667,-0.4247989565217391,0.4589262306763285,1.0636666666666668,0.8802,False
1344,left_toe_tip,523.8340000000001,525.508,-0.3407451821739128,0.4854781400000001,-0.1100999999999999,0.9573,True
1344,right_shoulder,,,,,,0.016,False
1344,right_toe_tip,439.956,488.6,-0.5146349339130436,0.3308374782608696,0.0531999999999998,0.7353,True
1345,left_shoulder,421.4933333333333,603.37,-0.418487768115942,0.4661064565217391,1.9215,0.9424,True
1345,left_toe_tip,523.98,525.532,-0.3387027347826086,0.4832454843478261,-0.0973000000000001,0.952,True
1345,right_shoulder,,,,,,0.0176,True
1345,right_toe_tip,441.7679999999999,489.478,-0.5105335878260873,0.3334621447826086,0.0595999999999999,0.8681,True
1346,left_shoulder,422.2775,603.9575,-0.4167492635869564,0.4669664755434782,1.84975,0.9477,True
1346,left_toe_tip,524.0939999999999,525.656,-0.3323982504347828,0.4750725982608694,-0.0499,0.9462,True
1346,right_shoulder,,,,,,0.0337,True
1346,right_toe_tip,444.82325,491.36775,-0.5041924609239129,0.339357168097826,0.0544,0.8959,True
1347,left_shoulder,423.012,604.426,-0.4157678765217391,0.4683414704347826,1.84795,0.8924,False
1347,left_toe_tip,524.158,525.824,-0.3273291991304347,0.4685609460869563,-0.0160999999999999,0.9383,True
1347,right_shoulder,,,,,,0.0289,False
1347,right_toe_tip,449.53375,494.77125000000007,-0.4928935304347828,0.3487645565217394,0.1121999999999998,0.5356,True
1348,left_shoulder,424.476,605.0600000000001,-0.4147431408695652,0.4715806782608697,1.8376,0.935,True
1348,left_toe_tip,524.21,525.99,-0.3197566021739129,0.4583849934782609,0.0429,0.9422,True
1348,right_shoulder,,,,,,0.0309,True
1348,right_toe_tip,455.5955,499.9365,-0.4762847531521738,0.3614316427173912,0.6698000000000002,0.0196,True
1349,left_shoulder,425.70200000000006,605.5989999999999,-0.4119180252173912,0.4720839908695651,1.8346,0.9637,True
1349,left_toe_tip,524.196,526.164,-0.3137281408695652,0.4501599495652174,0.0910999999999999,0.9448,True
1349,right_shoulder,,,,,,0.0265,True
1349,right_toe_tip,463.2525,506.7975,-0.4557011630434784,0.3784822499999999,0.925,0.0274,True
1350,left_shoulder,426.688,605.845,-0.4098372730434783,0.4723430673913044,1.8354,0.9662,True
1350,left_toe_tip,524.188,526.27,-0.3104265130434783,0.4456758913043478,0.1175,0.9332,True
1350,right_shoulder,,,,,,0.0542,True
1350,right_toe_tip,472.20875,515.20625,-0.429873887228261,0.3976316644021738,0.836,0.0225,False
1351,left_shoulder,427.488,605.711,-0.4107487373913043,0.4749166306521739,1.8248,0.9709,False
1351,left_toe_tip,524.158,526.2460000000001,-0.3119423595652174,0.4476715656521742,0.1060999999999999,0.9233,True
1351,right_shoulder,,,,,,0.0605,True
1351,right_toe_tip,476.686875,519.410625,-0.4170697686820652,0.4071035472146739,0.8055,0.2076,False
1352,left_shoulder,428.138,605.5930000000001,-0.4107359382608694,0.476130081304348,1.8294,0.956,True
1352,left_toe_tip,524.124,526.218,-0.3123865817391304,0.4481020473913042,0.1033000000000001,0.9439,True
1352,right_shoulder,,,,,,0.0341,False
1352,right_toe_tip,481.165,523.615,-0.4043386630434784,0.4165068804347827,0.779,0.0249,True
1353,left_shoulder,428.716,605.525,-0.41094738,0.477546125,1.8236,0.9668,True
1353,left_toe_tip,524.15,526.25,-0.313122402173913,0.4493448369565216,0.0969000000000001,0.9385,True
1353,right_shoulder,,,,,,0.0252,True
1353,right_toe_tip,496.0920833333333,537.6295833333334,-0.3624289596920291,0.4473562441123189,0.7115,0.0221,True
1354,left_shoulder,429.178,605.63,-0.41215701,0.48020665,1.8144,0.9317,True
1354,left_toe_tip,524.1479999999999,526.038,-0.3133544747826089,0.4490966947826087,0.0950999999999999,0.9262,True
1354,right_shoulder,,,,,,0.0165,True
1354,right_toe_tip,512.0670833333334,550.5645833333333,-0.3207129892814009,0.4777233159722222,0.0996666666666665,0.0268,True
1355,left_shoulder,429.74,605.792,-0.4139836565217392,0.4839430747826088,1.8016,0.9057,True
1355,left_toe_tip,524.014,525.7719999999999,-0.3174486391304347,0.4537107565217389,0.0655,0.964,True
1355,right_shoulder,,,,,,0.0273,True
1355,right_toe_tip,528.3466666666667,561.8233333333333,-0.2800233236714975,0.5061670700483091,0.0476666666666665,0.6358,True
1356,left_shoulder,430.49,605.896,-0.4132357021739131,0.4850031321739129,1.7984,0.9073,True
1356,left_toe_tip,523.786,525.622,-0.322064363478261,0.458988968695652,0.0389,0.9168,True
1356,right_shoulder,,,,,,0.0472,False
1356,right_toe_tip,533.71,563.9875,-0.2651473369565216,0.5088601222826086,0.056,0.7638,True
1357,left_shoulder,431.25,605.894,-0.4134157608695653,0.4869770304347826,1.791,0.8836,True
1357,left_toe_tip,523.644,525.462,-0.3280986252173912,0.4665668699999999,-0.0056999999999998,0.9515,True
1357,right_shoulder,,,,,,0.0286,False
1357,right_toe_tip,539.094,566.076,-0.2527475939130433,0.5161755808695653,0.0255999999999999,0.8922,True
1358,left_shoulder,431.996,605.896,-0.4137470869565218,0.4891192173913043,1.783,0.9214,True
1358,left_toe_tip,523.4559999999999,525.2,-0.3341519165217395,0.4736571304347828,-0.0493000000000001,0.9484,True
1358,right_shoulder,,,,,,0.0384,True
1358,right_toe_tip,549.46,570.51,-0.2261531739130434,0.5258173695652174,-0.078,0.921,True
1359,left_shoulder,433.006,605.6600000000001,-0.4142129934782608,0.4915870217391305,1.772,0.9254,True
1359,left_toe_tip,523.304,525.1560000000001,-0.3393316730434783,0.4802449252173914,-0.0866999999999998,1.0,True
1359,right_shoulder,,,,,,0.0379,False
1359,right_toe_tip,558.9100000000001,574.642,-0.201702560869565,0.5338986443478263,-0.1264000000000001,0.8864,True
1360,left_shoulder,433.994,605.556,-0.4148333865217391,0.4944750495652174,1.7654,0.9635,True
1360,left_toe_tip,523.25,525.234,-0.343118097826087,0.4856083578260871,-0.1153000000000001,1.0,True
1360,right_shoulder,,,,,,0.0579,True
1360,right_toe_tip,568.0440000000001,578.846,-0.1782318834782606,0.5420720269565219,-0.1533000000000001,0.9221,True
1361,left_shoulder,434.878,605.6719999999999,-0.4165760269565217,0.4989277878260868,1.7495999999999998,0.9795,True
1361,left_toe_tip,523.268,525.33,-0.3462372626086956,0.4903831565217393,-0.1403000000000001,0.9853,True
1361,right_shoulder,,,,,,0.0476,True
1361,right_toe_tip,575.678,582.6560000000001,-0.1595465260869565,0.5522836869565219,-0.1685,0.8694,True
1362,left_shoulder,435.7360000000001,606.192,-0.4152775930434781,0.50051904,1.7475999999999998,0.9602,True
1362,left_toe_tip,523.226,525.442,-0.3434171026086956,0.4865433426086957,-0.1170999999999999,0.9929,True
1362,right_shoulder,,,,,,0.0255,True
1362,right_toe_tip,581.9200000000001,586.1080000000001,-0.1441772869565215,0.5612885330434785,-0.1688000000000001,0.9099,True
1363,left_shoulder,436.626,606.976,-0.4146619013043477,0.5035625878260869,1.7372,0.9588,True
1363,left_toe_tip,523.126,525.624,-0.3421867460869566,0.484918267826087,-0.1050999999999999,0.9735,True
1363,right_shoulder,,,,,,0.0261,True
1363,right_toe_tip,586.55,588.84,-0.1342989347826088,0.5749853739130436,-0.2115999999999999,0.9412,True
1364,left_shoulder,437.44,608.294,-0.4140590608695653,0.5075453221739129,1.7274,0.8975,True
1364,left_toe_tip,523.078,525.76,-0.340319273478261,0.4824697043478261,-0.0943000000000001,0.9648,True
1364,right_shoulder,,,,,,0.012,True
1364,right_toe_tip,589.994,590.918,-0.1267434682608695,0.5852767308695653,-0.2868000000000001,0.8701,True
1365,left_shoulder,438.218,609.91,-0.4125564586956521,0.5109572934782608,1.722,0.9287,True
1365,left_toe_tip,523.0719999999999,525.892,-0.3350241391304351,0.4753166434782611,-0.0525,0.9555,True
1365,right_shoulder,,,,,,0.0092,True
1365,right_toe_tip,591.9680000000001,591.864,-0.1221840104347824,0.5898166513043479,-0.3823000000000002,0.8954,True
1366,left_shoulder,439.25,611.906,-0.4089190217391305,0.5131215695652174,1.729,0.9164,True
1366,left_toe_tip,523.11,525.826,-0.3307732891304347,0.4692515308695653,-0.0199,0.9636,True
1366,right_shoulder,,,,,,0.0189,True
1366,right_toe_tip,593.4620000000001,591.884,-0.118504970217391,0.590472442173913,-0.3566999999999998,0.8713,True
1367,left_shoulder,440.274,613.88,-0.4107408608695652,0.5221097391304347,1.711,0.8834,True
1367,left_toe_tip,523.234,525.7320000000001,-0.3321231182608694,0.4713994539130437,-0.0283000000000001,0.9744,True
1367,right_shoulder,,,,,,0.0375,True
1367,right_toe_tip,594.3950000000001,591.168,-0.1155392760869562,0.5856591026086956,-0.3018000000000002,0.8786,False
1368,left_shoulder,441.054,616.586,-0.4114722269565218,0.5306867834782609,1.6957,0.8807,True
1368,left_toe_tip,523.336,525.592,-0.3327967408695652,0.4723691791304347,-0.0359,0.9958,True
1368,right_shoulder,,,,,,0.0347,False
1368,right_toe_tip,595.515,589.87,-0.1118120804347826,0.5777732478260871,-0.2674000000000001,0.9404,True
1369,left_shoulder,441.946,619.542,-0.4105745530434782,0.5380418504347827,1.6858,0.9253,True
1369,left_toe_tip,523.432,525.482,-0.3341193652173912,0.4743217760869564,-0.0485,1.0,True
1369,right_shoulder,,,,,,0.015,True
1369,right_toe_tip,596.461,588.288,-0.1092355649999999,0.5727547408695652,-0.2296999999999998,0.9642,False
1370,left_shoulder,442.92800000000005,622.668,-0.4067394713043477,0.5421239113043478,1.6942000000000002,0.9258,True
1370,left_toe_tip,523.448,525.37,-0.3353403739130435,0.47579825,-0.0585,0.989,True
1370,right_shoulder,,,,,,0.0119,True
1370,right_toe_tip,597.3190000000001,586.928,-0.1072452909782606,0.570205932173913,-0.2186999999999998,0.9163,True
1371,left_shoulder,443.862,625.876,-0.4066452404347827,0.5512303069565216,1.6861,0.9152,True
1371,left_toe_tip,523.4599999999999,525.346,-0.3355845304347828,0.4761245904347826,-0.0606999999999998,0.9711,True
1371,right_shoulder,,,,,,0.0097,False
1371,right_toe_tip,598.0889999999999,585.79,-0.1058207194565218,0.5700952076086956,-0.2299000000000001,0.9035,True
1372,left_shoulder,445.192,629.8059999999999,-0.4005421878260869,0.5547445973913042,1.7019000000000002,0.8469,True
1372,left_toe_tip,523.452,525.316,-0.3362916530434782,0.4770085365217392,-0.0660999999999999,0.9701,True
1372,right_shoulder,,,,,,0.0196,True
1372,right_toe_tip,598.856,584.9040000000001,-0.1044520939130434,0.570962806956522,-0.2355999999999999,0.8841,False
1373,left_shoulder,447.174,633.376,-0.3944130073913044,0.5591727791304347,1.7067,0.6466,True
1373,left_toe_tip,523.542,525.402,-0.3353484060869564,0.4762858460869567,-0.0606999999999998,0.9892,True
1373,right_shoulder,,,,,,0.012,True
1373,right_toe_tip,599.458,584.264,-0.10317939,0.57075188,-0.2414000000000001,0.8816,True
1374,left_shoulder,449.572,637.104,-0.3890526834782608,0.56613552,1.6944,0.7744,True
1374,left_toe_tip,523.596,525.484,-0.3353447408695652,0.4767378191304349,-0.0619,1.0,True
1374,right_shoulder,,,,,,0.0137,True
1374,right_toe_tip,599.972,583.746,-0.1014796817391305,0.5672447504347826,-0.2254000000000001,0.8893,True
1375,left_shoulder,452.276,641.088,-0.3843852947826086,0.5755582330434782,1.3617,0.7597,True
1375,left_toe_tip,523.6139999999999,525.5519999999999,-0.3349133656521741,0.4763938747826085,-0.0589,0.9887,True
1375,right_shoulder,,,,,,0.0101,True
1375,right_toe_tip,600.45,583.3620000000001,-0.100233456521739,0.566076999130435,-0.2265999999999999,0.8964,True
1376,left_shoulder,455.002,645.854,-0.3781198252173914,0.5842607191304349,1.6836,0.8569,True
1376,left_toe_tip,523.65,525.602,-0.3327357065217391,0.4735857195652173,-0.0425,0.9857,True
1376,right_shoulder,,,,,,0.0191,True
1376,right_toe_tip,600.936,583.0120000000001,-0.0992225599999999,0.5664504800000002,-0.2318000000000001,0.9166,True
1377,left_shoulder,458.084,649.9759999999999,-0.3742723965217391,0.596594100869565,1.6712,0.935,True
1377,left_toe_tip,523.774,525.698,-0.3274288552173913,0.4668000830434782,-0.0033000000000001,0.9844,True
1377,right_shoulder,,,,,,0.0223,True
1377,right_toe_tip,601.234,582.7059999999999,-0.0996286199999999,0.5723544199999998,-0.2559,0.9244,True
1378,left_shoulder,461.306,654.162,-0.3691196495652173,0.6076363747826088,1.6165999999999998,0.8858,True
1378,left_toe_tip,523.862,525.64,-0.3226869082608696,0.4602271391304347,0.0323000000000001,0.9891,True
1378,right_shoulder,,,,,,0.0131,True
1378,right_toe_tip,601.498,582.338,-0.0999629099999998,0.5772571160869564,-0.2800999999999999,0.9285,True
1379,left_shoulder,464.626,658.47,-0.3624523082608695,0.6168596282608697,1.5646,0.9079,True
1379,left_toe_tip,524.0060000000001,525.608,-0.3206729778260867,0.457834116521739,0.0450999999999999,1.0,True
1379,right_shoulder,,,,,,0.014,True
1379,right_toe_tip,601.732,581.94,-0.1006032443478261,0.5834609608695653,-0.3085999999999999,0.9229,True
1380,left_shoulder,468.07400000000007,662.976,-0.3569333260869564,0.6290045217391305,1.57,0.9303,True
1380,left_toe_tip,524.188,525.546,-0.3222846547826087,0.4606857273913045,0.0283000000000001,1.0,True
1380,right_shoulder,,,,,,0.0136,True
1380,right_toe_tip,601.878,581.51,-0.1002940095652172,0.5827639173913043,-0.3104,0.8876,True
1381,left_shoulder,471.854,666.6879999999999,-0.3504381960869566,0.6391777947826084,1.5626,0.9182,True
1381,left_toe_tip,524.46,525.268,-0.3234617652173912,0.4626785443478262,0.0129,1.0,True
1381,right_shoulder,,,,,,0.017,True
1381,right_toe_tip,601.93,581.24,-0.100471695652174,0.5838812173913043,-0.313,0.9153,True
1382,left_shoulder,475.688,670.67,-0.34223332,0.6470715804347825,1.4958,0.8883,True
1382,left_toe_tip,524.48,524.408,-0.327800556521739,0.4665255704347826,-0.0220999999999999,1.0,True
1382,right_shoulder,,,,,,0.0156,True
1382,right_toe_tip,601.938,580.866,-0.0991349613043478,0.5752599013043478,-0.2811999999999998,0.9117,True
1383,left_shoulder,479.482,675.3639999999999,-0.3340519160869565,0.6562999069565215,1.4624,0.8874,True
1383,left_toe_tip,523.976,523.03,-0.3344013460869565,0.4698808130434781,-0.0505999999999999,1.0,True
1383,right_shoulder,,,,,,0.0152,True
1383,right_toe_tip,602.1479999999999,580.578,-0.0976252452173915,0.5688994330434782,-0.2578000000000002,0.9248,True
1384,left_shoulder,483.178,680.146,-0.3270420534782609,0.6676436039130434,1.4589,0.8701,True
1384,left_toe_tip,523.4639999999999,521.7439999999999,-0.3374983895652176,0.4684246886956519,-0.0584,0.9427,True
1384,right_shoulder,,,,,,0.0214,True
1384,right_toe_tip,602.3860000000001,580.414,-0.0961201239130432,0.5632536021739131,-0.236,0.792,True
1385,left_shoulder,487.014,683.9240000000001,-0.3185102004347825,0.6743956843478263,1.4530999999999998,0.8573,True
1385,left_toe_tip,523.076,520.4100000000001,-0.3390287634782608,0.4651192565217393,-0.0560999999999999,0.9025,True
1385,right_shoulder,,,,,,0.0274,True
1385,right_toe_tip,602.652,580.268,-0.0956758330434781,0.5642691547826088,-0.2418000000000001,0.852,True
1386,left_shoulder,490.708,687.97,-0.3122150086956522,0.6858850869565217,1.285,0.894,True
1386,left_toe_tip,522.258,518.87,-0.3423476630434781,0.4619317934782608,-0.038,0.9365,True
1386,right_shoulder,,,,,,0.0135,True
1386,right_toe_tip,602.8799999999999,580.1659999999999,-0.0944139130434785,0.5599874347826085,-0.225,0.8664,True
1387,left_shoulder,494.174,691.934,-0.3052518595652174,0.6948244534782607,0.4422,0.8822,True
1387,left_toe_tip,519.958,517.21,-0.3501572947826087,0.4585747347826087,-0.0220999999999999,0.9602,True
1387,right_shoulder,,,,,,0.0145,True
1387,right_toe_tip,603.074,580.138,-0.0940248343478262,0.5605383465217393,-0.2225999999999999,0.8915,True
1388,left_shoulder,497.41,695.048,-0.2992530130434782,0.7031637808695651,0.4102,0.9101,True
1388,left_toe_tip,521.7976,518.8704,-0.3426533398956522,0.4605445673739131,-0.02996,0.7024,True
1388,right_shoulder,,,,,,0.0115,True
1388,right_toe_tip,603.066,580.098,-0.0938123599999999,0.5590489199999998,-0.2168000000000002,0.8968,True
1389,left_shoulder,500.306,698.1,-0.2916567773913042,0.705894,0.4552,0.89,True
1389,left_toe_tip,527.2407999999999,523.1332,-0.322255988452174,0.4662205001043477,-0.0757799999999997,0.5674,True
1389,right_shoulder,,,,,,0.0133,False
1389,right_toe_tip,603.0519999999999,580.0600000000001,-0.0927796408695654,0.5525897956521741,-0.1901999999999998,0.7748,True
1390,left_shoulder,502.78,701.316,-0.2859247173913043,0.7111986652173914,1.1715,0.8213,True
1390,left_toe_tip,536.2315999999998,530.2044,-0.2893514158956525,0.4746038691130433,-0.0813599999999996,0.1527,True
1390,right_shoulder,,,,,,0.0143,True
1390,right_toe_tip,603.0440000000001,580.0699999999999,-0.0903975895652171,0.538310356521739,-0.1304000000000001,0.8098,True
1391,left_shoulder,504.934,704.0619999999999,-0.2788525656521738,0.7103384378260869,1.1856,0.9229,True
1391,left_toe_tip,549.186,540.4739999999999,-0.2449608939130433,0.4868089982608694,-0.1265999999999999,0.1814,True
1391,right_shoulder,,,,,,0.0173,True
1391,right_toe_tip,603.128,580.046,-0.0879958295652172,0.5251445626086957,-0.0755999999999999,0.8354,True
1392,left_shoulder,506.792,706.314,-0.2750166034782608,0.7149878386956522,1.1746,0.9655,True
1392,left_toe_tip,567.384,554.116,-0.1871756330434782,0.5003550895652173,-0.0374,0.1202,True
1392,right_shoulder,,,,,,0.0292,True
1392,right_toe_tip,603.2180000000001,580.088,-0.086501668695652,0.5175895617391303,-0.0435999999999999,0.8512,True
1393,left_shoulder,508.432,708.5539999999999,-0.2710586817391305,0.7180970126086955,1.1786,0.8847,True
1393,left_toe_tip,581.9644,565.0856,-0.1424925377217392,0.5035386485913044,-0.0478400000000001,0.2756,True
1393,right_shoulder,,,,,,0.0347,True
1393,right_toe_tip,603.3040000000001,580.2379999999999,-0.0844087773913041,0.5065952778260867,0.0038000000000001,0.7152,True
1394,left_shoulder,510.214,710.002,-0.268318447826087,0.7235910913043477,1.172,0.7784,True
1394,left_toe_tip,593.0032,573.2567999999999,-0.1109287947130435,0.5033602242782605,-0.0445199999999999,0.6958,True
1394,right_shoulder,,,,,,0.0278,True
1394,right_toe_tip,603.484,580.269,-0.0830302395652173,0.5008486098913043,0.0280999999999999,0.3691,True
1395,left_shoulder,511.958,711.524,-0.2657706556521739,0.7296415547826086,1.1644,0.7975,True
1395,left_toe_tip,600.5744000000001,578.6496,-0.0906463110260867,0.5027134564173913,0.0032599999999997,0.7367,True
1395,right_shoulder,,,,,,0.0175,True
1395,right_toe_tip,603.7959999999999,580.187,-0.0825254439130436,0.5019066931521738,0.0229,0.3677,True
1396,left_shoulder,513.688,712.672,-0.2630310104347826,0.7344011060869565,1.2022,0.778,True
1396,left_toe_tip,604.372,573.732,-0.0803876113043479,0.4822444408695651,0.1351999999999998,0.6625,True
1396,right_shoulder,,,,,,0.0152,True
1396,right_toe_tip,604.216,579.801,-0.0820737156521739,0.5041327066304349,0.0099,0.2767,True
1397,left_shoulder,515.162,714.018,-0.2603415073913042,0.7382814508695653,1.2214,0.6875,True
1397,left_toe_tip,606.6020000000001,567.034,-0.075697293043478,0.4692470617391304,0.1498000000000001,0.6272,True
1397,right_shoulder,,,,,,0.0162,True
1397,right_toe_tip,604.059,579.507,-0.0818634407608696,0.4999749114130433,0.03,0.3198,True
1398,left_shoulder,516.7180000000001,714.87,-0.2571769721739129,0.7402896782608696,1.2588,0.7384,True
1398,left_toe_tip,611.308,560.654,-0.0677505443478261,0.4738051626086957,0.1675999999999999,0.8626,True
1398,right_shoulder,,,,,,0.0133,True
1398,right_toe_tip,603.265,579.2710000000001,-0.0840792277173913,0.501868418152174,0.0198000000000001,0.5497,True
1399,left_shoulder,518.074,715.7520000000001,-0.2543482382608696,0.742129606956522,1.2588,0.5913,True
1399,left_toe_tip,618.034,555.0999999999999,-0.0543801756521739,0.4829997391304346,0.1714,0.9577,True
1399,right_shoulder,,,,,,0.0142,True
1399,right_toe_tip,601.702,579.2620000000001,-0.0879272126086956,0.5033969526086957,0.0098000000000001,0.0547,True
1400,left_shoulder,519.398,716.3439999999999,-0.2516649126086956,0.7435969686956521,1.2652,0.5076,True
1400,left_toe_tip,626.0200000000001,549.9599999999999,-0.0361322217391301,0.490964008695652,0.1176999999999998,0.9607,True
1400,right_shoulder,,,,,,0.0138,True
1400,right_toe_tip,599.37,579.48,-0.0934048369565217,0.5045654347826088,0.0015,0.0931,True
1401,left_shoulder,520.5840000000001,716.954,-0.2490342799999998,0.7444042873913042,1.2664000000000002,0.5143,True
1401,left_toe_tip,634.992,554.72,-0.0134051095652174,0.521214643478261,0.0609,0.8707,True
1401,right_shoulder,,,,,,0.0133,True
1401,right_toe_tip,597.232,579.842,-0.0982641286956522,0.5051108908695653,-0.0038000000000001,0.0567,True
1402,left_shoulder,522.1899999999999,717.236,-0.245736293478261,0.7451477,1.266,0.4753,True
1402,left_toe_tip,646.2099999999999,559.106,0.0170396999999997,0.5463295504347826,0.0590999999999999,0.8971,True
1402,right_shoulder,,,,,,0.014,True
1402,right_toe_tip,595.987,579.704,-0.1010576752173913,0.504459488695652,-0.0009,0.3273,True
1403,left_shoulder,524.096,717.438,-0.2421133773913043,0.7466569004347826,1.2632,0.5442,True
1403,left_toe_tip,656.256,564.346,0.0445873808695651,0.5604855395652174,0.0700999999999999,0.9125,True
1403,right_shoulder,,,,,,0.0125,True
1403,right_toe_tip,596.175,580.6220000000001,-0.1006736467391305,0.5068071030434784,-0.0019,0.4387,True
1404,left_shoulder,525.752,717.4259999999999,-0.2389273391304348,0.7474865478260867,1.261,0.4917,True
1404,left_toe_tip,665.064,569.874,0.0679724782608694,0.5691691630434784,0.026,0.8182,True
1404,right_shoulder,,,,,,0.0143,True
1404,right_toe_tip,597.2760000000001,581.756,-0.0980608678260867,0.5089782278260868,-0.0030999999999999,0.4416,True
1405,left_shoulder,527.392,717.53,-0.2354975999999999,0.7477040434782608,1.254,0.4269,True
1405,left_toe_tip,673.2239999999999,575.53,0.0886719669565215,0.5752308282608696,0.0145999999999999,0.8819,True
1405,right_shoulder,,,,,,0.0138,True
1405,right_toe_tip,599.0559999999999,582.552,-0.0939397773913045,0.5106116973913044,-0.0023000000000001,0.571,True
1406,left_shoulder,529.2439999999999,717.71,-0.2315522721739132,0.7478471891304349,1.2315999999999998,0.5219,True
1406,left_toe_tip,681.092,578.868,0.1091439252173912,0.5813324400000002,-0.0235999999999999,0.9221,True
1406,right_shoulder,,,,,,0.0123,True
1406,right_toe_tip,600.4440000000001,583.3219999999999,-0.0908670113043476,0.5130094726086953,-0.0084,0.825,True
1407,left_shoulder,531.354,717.918,-0.2276842260869564,0.7500716347826087,1.234,0.4107,True
1407,left_toe_tip,684.9379999999999,581.608,0.1185093213043474,0.584418836521739,-0.0436999999999998,0.8598,True
1407,right_shoulder,,,,,,0.014,True
1407,right_toe_tip,601.6679999999999,584.3620000000001,-0.0881636000000002,0.5160326000000002,-0.0175,0.8948,True
1408,left_shoulder,533.126,718.042,-0.2245051004347826,0.752121705652174,1.2224000000000002,0.4644,True
1408,left_toe_tip,687.7540000000001,583.106,0.125375012608696,0.5857502526086956,-0.0454,0.8319,True
1408,right_shoulder,,,,,,0.0163,True
1408,right_toe_tip,602.086,584.238,-0.0873752856521738,0.5167710952173914,-0.0136999999999998,0.9201,True
1409,left_shoulder,535.338,718.164,-0.2205865413043479,0.7548695608695652,1.193,0.3932,True
1409,left_toe_tip,689.6279999999999,583.558,0.130532428695652,0.5880061395652175,-0.0478000000000001,0.8566,True
1409,right_shoulder,,,,,,0.0134,True
1409,right_toe_tip,602.262,583.708,-0.0870763330434784,0.5161818939130435,-0.0163000000000001,0.9495,True
1410,left_shoulder,538.056,717.8599999999999,-0.2157445304347825,0.7573406739130433,1.184,0.4985,True
1410,left_toe_tip,690.9060000000001,583.492,0.134292241304348,0.5895816130434781,-0.055,0.8794,True
1410,right_shoulder,,,,,,0.0142,True
1410,right_toe_tip,602.456,583.3240000000001,-0.0867674486956521,0.516121183478261,-0.0196999999999998,0.9467,True
1411,left_shoulder,540.74,717.5820000000001,-0.2095464913043478,0.7548866960869568,1.1753,0.4886,True
1411,left_toe_tip,691.5640000000001,583.474,0.1365325043478263,0.5917202869565218,-0.064,0.8696,True
1411,right_shoulder,,,,,,0.0175,True
1411,right_toe_tip,602.7180000000001,583.07,-0.0864131921739128,0.5170374652173915,-0.0259,0.9551,True
1412,left_shoulder,543.046,717.238,-0.2055635569565216,0.7574222204347827,1.1569,0.483,True
1412,left_toe_tip,691.7679999999999,583.5020000000001,0.1368700904347823,0.5909198530434784,-0.0604,0.8875,True
1412,right_shoulder,,,,,,0.0124,True
1412,right_toe_tip,602.8140000000001,582.9219999999999,-0.0862472682608694,0.5170336560869564,-0.0273000000000001,0.9869,True
1413,left_shoulder,545.952,717.148,-0.2003017947826087,0.7606475991304349,1.1371,0.5268,True
1413,left_toe_tip,691.4979999999999,583.47,0.1359211343478259,0.5898150586956522,-0.0561999999999998,0.8871,True
1413,right_shoulder,,,,,,0.0117,True
1413,right_toe_tip,602.96,582.726,-0.0857395478260868,0.5155622713043478,-0.0195999999999999,0.9961,True
1414,left_shoulder,549.2180000000001,716.73,-0.1935038065217389,0.7603777500000001,1.085,0.6304,True
1414,left_toe_tip,691.3,583.308,0.1348966956521738,0.5872029495652175,-0.0471999999999998,0.8823,True
1414,right_shoulder,,,,,,0.012,True
1414,right_toe_tip,603.028,582.77,-0.0854213947826086,0.514695556521739,-0.0185999999999999,1.0,True
1415,left_shoulder,552.4680000000001,716.696,-0.1864051026086955,0.7596073947826087,1.0658,0.5468,True
1415,left_toe_tip,690.996,583.126,0.133653864347826,0.5847841426086955,-0.0391999999999998,0.8676,True
1415,right_shoulder,,,,,,0.0131,True
1415,right_toe_tip,603.044,582.912,-0.0853040886956522,0.5145390469565218,-0.0165999999999999,1.0,True
1416,left_shoulder,556.106,716.613,-0.1796881815217391,0.7638107788043479,1.0135,0.6928,True
1416,left_toe_tip,690.762,582.6039999999999,0.1321467282608694,0.5794962826086955,-0.008,0.8737,True
1416,right_shoulder,,,,,,0.0236,True
1416,right_toe_tip,603.0600000000001,583.042,-0.0850744260869564,0.513675423478261,-0.0118000000000001,0.9917,True
1417,left_shoulder,560.052,716.5129999999999,-0.1701588899999999,0.7587914188043476,0.9984,0.5823,True
1417,left_toe_tip,690.768,581.8019999999999,0.1328576486956522,0.5804461904347824,-0.0205999999999999,0.8857,True
1417,right_shoulder,,,,,,0.0142,True
1417,right_toe_tip,603.072,583.0840000000001,-0.0848862330434782,0.5128022208695654,-0.0078000000000001,0.9894,True
1418,left_shoulder,564.0260000000001,716.199,-0.162526553695652,0.761994839021739,0.9179,0.7269,False
1418,left_toe_tip,690.952,580.83,0.1342806730434782,0.5819830630434784,-0.0095999999999999,0.9212,True
1418,right_shoulder,,,,,,0.0146,True
1418,right_toe_tip,603.0139999999999,583.018,-0.0849954360869567,0.5125050604347826,-0.0076999999999998,0.9958,True
1419,left_shoulder,567.9733333333334,716.193,-0.1551835410628018,0.7674281429347826,0.8848333333333332,0.6276,True
1419,left_toe_tip,691.17,579.8399999999999,0.1358229782608694,0.5835318260869563,-0.027,0.9422,True
1419,right_shoulder,,,,,,0.0138,True
1419,right_toe_tip,603.038,582.73,-0.0852697269565217,0.5138284260869567,-0.0094,0.9996,True
1420,left_shoulder,571.958,716.085,-0.1477472863043478,0.7732076135869566,0.8598,0.7081,True
1420,left_toe_tip,691.242,578.74,0.1372283039130434,0.5857952304347825,-0.0308000000000001,0.9384,True
1420,right_shoulder,,,,,,0.0259,True
1420,right_toe_tip,603.108,582.476,-0.0853568600000001,0.5147417539130434,-0.0155999999999999,1.0,True
1421,left_shoulder,576.018,715.984,-0.1399397613043477,0.7785989182608697,0.8452999999999999,0.6422,False
1421,left_toe_tip,691.3199999999999,577.934,0.1385528434782607,0.5883744230434782,-0.0238000000000001,0.9256,True
1421,right_shoulder,,,,,,0.0154,True
1421,right_toe_tip,603.13,582.2180000000001,-0.085249852173913,0.5138066626086958,-0.0141999999999998,1.0,True
1422,left_shoulder,580.2699999999999,715.616,-0.1292505260869568,0.7695221008695652,0.8667,0.6989,False
1422,left_toe_tip,691.272,577.4280000000001,0.1389471200000001,0.5892298800000003,-0.0331999999999998,0.9168,True
1422,right_shoulder,,,,,,0.0144,False
1422,right_toe_tip,603.33,581.9559999999999,-0.0848352478260868,0.513490380869565,-0.0154,1.0,True
1423,left_shoulder,584.525,715.3509999999999,-0.1165336793478261,0.7464688506521736,0.9214,0.6626,True
1423,left_toe_tip,691.242,577.184,0.1392779839130433,0.5903155547826086,-0.0405999999999999,0.9199,True
1423,right_shoulder,,,,,,0.0164,True
1423,right_toe_tip,603.4620000000001,581.868,-0.084474267391304,0.5129491695652174,-0.014,1.0,True
1424,left_shoulder,588.9216666666666,715.085,-0.1033077798309179,0.718172277898551,0.9937666666666664,0.7387,True
1424,left_toe_tip,691.154,577.038,0.1389831939130434,0.5896828095652173,-0.0395999999999999,0.9252,True
1424,right_shoulder,,,,,,0.0306,True
1424,right_toe_tip,603.62,581.824,-0.0838875347826086,0.5114972104347825,-0.0084,1.0,True
1425,left_shoulder,593.725,714.7629999999999,-0.090135652173913,0.6910166260869564,1.0845,0.6302,False
1425,left_toe_tip,691.1759999999999,577.064,0.138987340869565,0.5895175113043476,-0.0385999999999999,0.9262,True
1425,right_shoulder,,,,,,0.0175,False
1425,right_toe_tip,603.722,581.6899999999999,-0.0832501234782609,0.5087303565217389,0.0018000000000001,1.0,True
1426,left_shoulder,598.155,714.2030000000001,-0.0785321489130435,0.6647466302173914,1.1714,0.6768,True
1426,left_toe_tip,691.216,577.042,0.1391516452173913,0.5896936773913044,-0.0395999999999999,0.9261,True
1426,right_shoulder,,,,,,0.0158,True
1426,right_toe_tip,603.732,581.692,-0.0832035226086957,0.508590364347826,0.0024,1.0,True
1427,left_shoulder,602.7470000000001,714.0350000000001,-0.0686831941304346,0.6527327902173915,1.2148,0.7856,True
1427,left_toe_tip,691.312,576.944,0.1391447582608696,0.5882955339130435,-0.0348000000000001,0.9277,True
1427,right_shoulder,,,,,,0.0326,True
1427,right_toe_tip,603.682,581.75,-0.0833734956521738,0.5090608695652175,0.001,1.0,True
1428,left_shoulder,607.8340000000001,713.8280000000001,-0.058800846521739,0.6468129678260871,1.2492,0.8119,True
1428,left_toe_tip,691.406,576.7959999999999,0.139243208695652,0.5872343826086955,-0.032,0.9369,True
1428,right_shoulder,,,,,,0.0279,True
1428,right_toe_tip,603.712,581.766,-0.0841723826086956,0.5144006999999999,-0.021,0.9956,True
1429,left_shoulder,612.582,713.642,-0.0501451378260869,0.6467804665217393,1.2284000000000002,0.6842,True
1429,left_toe_tip,691.486,576.6600000000001,0.1395158673913043,0.5871015000000003,-0.014,0.9287,True
1429,right_shoulder,,,,,,0.0182,True
1429,right_toe_tip,603.8399999999999,581.7,-0.0841191652173914,0.5157416739130435,-0.0271999999999998,0.9968,True
1430,left_shoulder,616.524,713.75,-0.0429151486956521,0.6466703804347825,1.2102,0.7819,True
1430,left_toe_tip,691.566,576.472,0.1397326500000001,0.5865920608695652,-0.014,0.9177,True
1430,right_shoulder,,,,,,0.0385,True
1430,right_toe_tip,604.0400000000001,581.6980000000001,-0.0839196956521737,0.5173756586956523,-0.034,1.0,True
1431,left_shoulder,621.3720000000001,713.85,-0.0339799017391303,0.6454685543478261,1.1948,0.7249,True
1431,left_toe_tip,691.638,576.296,0.1399726569565218,0.5863032226086958,-0.0148000000000001,0.9163,True
1431,right_shoulder,,,,,,0.0256,True
1431,right_toe_tip,604.424,581.57,-0.0832865095652174,0.518714636956522,-0.0408000000000001,1.0,True
1432,left_shoulder,626.088,713.652,-0.0253591565217391,0.6446460913043479,1.1805,0.6261,True
1432,left_toe_tip,691.7180000000001,576.138,0.1404593421739132,0.5870026160869565,-0.0195999999999999,0.8898,True
1432,right_shoulder,,,,,,0.028,True
1432,right_toe_tip,604.6800000000001,581.4440000000001,-0.0828484347826085,0.5194306000000002,-0.043,1.0,True
1433,left_shoulder,630.056,713.502,-0.0180980799999999,0.64337364,1.1736,0.6101,True
1433,left_toe_tip,691.8520000000001,576.044,0.1410374400000002,0.58763968,-0.0234,0.8805,True
1433,right_shoulder,,,,,,0.0382,True
1433,right_toe_tip,605.0600000000001,581.4,-0.0811975217391303,0.5145143478260868,-0.023,1.0,True
1434,left_shoulder,633.8399999999999,712.98,-0.0111830782608697,0.6408121695652175,1.1688,0.7424,True
1434,left_toe_tip,691.94,575.972,0.1415929565217392,0.588758452173913,-0.029,0.8678,True
1434,right_shoulder,,,,,,0.0494,True
1434,right_toe_tip,605.2199999999999,581.5260000000001,-0.0809088652173914,0.5153368969565219,-0.0251999999999998,1.0,True
1435,left_shoulder,637.79,711.97,-0.0040121108695652,0.6389785804347827,1.1658,0.7153,True
1435,left_toe_tip,692.01,575.938,0.1421003652173912,0.5899801704347826,-0.0345999999999999,0.8711,True
1435,right_shoulder,,,,,,0.0305,True
1435,right_toe_tip,605.222,581.7059999999999,-0.0808286082608696,0.5152736621739128,-0.0231999999999998,0.9895,True
1436,left_shoulder,640.9,711.1659999999999,0.0016278260869564,0.6351524173913042,1.166,0.7703,True
1436,left_toe_tip,692.066,575.932,0.1423665539130435,0.5904331947826087,-0.0365999999999999,0.8798,True
1436,right_shoulder,,,,,,0.0279,True
1436,right_toe_tip,605.1940000000001,581.8860000000001,-0.0814157739130433,0.5190202956521741,-0.037,1.0,True
1437,left_shoulder,643.6659999999999,710.2239999999999,0.0065876426086955,0.6293373008695651,1.1678,0.8209,True
1437,left_toe_tip,692.058,575.988,0.142288094347826,0.5903515486956522,-0.0355999999999999,0.8594,True
1437,right_shoulder,,,,,,0.0205,True
1437,right_toe_tip,605.2059999999999,581.902,-0.0816826969565219,0.5209390647826089,-0.0448000000000001,1.0,True
1438,left_shoulder,646.098,708.982,0.0108928839130434,0.6233880639130436,1.1776,0.7738,True
1438,left_toe_tip,692.038,576.016,0.1421768660869565,0.5901932799999998,-0.0345999999999999,0.8786,True
1438,right_shoulder,,,,,,0.0286,True
1438,right_toe_tip,605.1539999999999,581.944,-0.0818350734782611,0.5212306591304348,-0.0455999999999999,1.0,True
1439,left_shoulder,648.326,708.37,0.01483476,0.6207044608695652,1.1787999999999998,0.8094,True
1439,left_toe_tip,692.126,576.106,0.1423153117391303,0.5900163595652174,-0.0303000000000001,0.8786,True
1439,right_shoulder,,,,,,0.0449,True
1439,right_toe_tip,605.254,582.11,-0.0815171373913043,0.5210893739130434,-0.0434,1.0,True
1440,left_shoulder,650.2360000000001,708.162,0.0181956026086958,0.6188957986956523,1.1796,0.9031,True
1440,left_toe_tip,692.1859999999999,576.184,0.1425358486956519,0.5904642991304347,-0.0313000000000001,0.8711,True
1440,right_shoulder,,,,,,0.0542,True
1440,right_toe_tip,605.708,582.038,-0.0802730991304348,0.5197619965217392,-0.0385999999999999,1.0,True
1441,left_shoulder,651.7760000000001,708.012,0.0209817600000001,0.6200665982608694,1.1758,0.8356,True
1441,left_toe_tip,692.266,576.264,0.1428111639130433,0.5909178730434783,-0.0323000000000001,0.8736,True
1441,right_shoulder,,,,,,0.058,True
1441,right_toe_tip,606.77,582.4639999999999,-0.0769924652173913,0.5154394156521738,-0.0115999999999999,0.8396,True
1442,left_shoulder,652.734,708.354,0.0228713713043478,0.625674075652174,1.1626,0.8313,True
1442,left_toe_tip,692.312,576.266,0.1429937147826087,0.5911584095652173,-0.0333000000000001,0.871,True
1442,right_shoulder,,,,,,0.0529,True
1442,right_toe_tip,609.878,584.3639999999999,-0.0699354260869564,0.5209146782608695,-0.026,0.7806,True
1443,left_shoulder,653.378,709.22,0.0241705560869566,0.6309494391304349,1.1558,0.8084,True
1443,left_toe_tip,692.27,576.2760000000001,0.1429925391304347,0.5916559095652176,-0.0353000000000001,0.8817,True
1443,right_shoulder,,,,,,0.0504,True
1443,right_toe_tip,614.778,585.7699999999999,-0.0590030308695651,0.5281545586956519,-0.0421999999999998,0.7403,True
1444,left_shoulder,653.808,709.644,0.0250915373913043,0.6353639556521739,1.1462,0.8079,True
1444,left_toe_tip,692.2299999999999,576.2,0.1429398847826084,0.5916830000000002,-0.0363000000000001,0.8815,True
1444,right_shoulder,,,,,,0.0526,True
1444,right_toe_tip,622.2239999999999,588.1659999999999,-0.0423841669565219,0.5440271060869564,-0.0715999999999999,0.9164,True
1445,left_shoulder,654.044,710.152,0.0255783982608695,0.63773336,1.1424,0.7986,True
1445,left_toe_tip,692.222,576.1220000000001,0.1429747539130434,0.5917044495652176,-0.0373000000000001,0.9242,True
1445,right_shoulder,,,,,,0.0452,True
1445,right_toe_tip,629.804,591.2819999999999,-0.02477628,0.5620152599999998,-0.1050999999999999,0.8335,True
1446,left_shoulder,654.224,710.7620000000001,0.0258660347826087,0.6378530717391306,1.145,0.7923,True
1446,left_toe_tip,692.292,576.072,0.1430527234782609,0.5910978365217392,-0.0353000000000001,0.964,True
1446,right_shoulder,,,,,,0.0475,True
1446,right_toe_tip,637.126,594.49,-0.0070831604347826,0.5779158978260871,-0.0964000000000001,0.4359,True
1447,left_shoulder,654.5699999999999,711.414,0.026409708695652,0.6369760721739129,1.1504,0.7998,True
1447,left_toe_tip,692.374,576.008,0.1431631904347826,0.5904531721739132,-0.0333000000000001,0.9538,True
1447,right_shoulder,,,,,,0.0451,True
1447,right_toe_tip,642.85,596.996,0.0070401195652174,0.585431640869565,-0.0745999999999999,0.0909,True
1448,left_shoulder,654.876,711.838,0.0269999399999999,0.6385859699999998,1.1512,0.7621,True
1448,left_toe_tip,692.522,575.9639999999999,0.1433964778260871,0.589628668695652,-0.0303000000000001,0.9505,True
1448,right_shoulder,,,,,,0.0414,True
1448,right_toe_tip,656.61,597.768,0.0415430543478261,0.5946784434782609,-0.062,0.0715,True
1449,left_shoulder,655.26,712.342,0.0276272347826086,0.637892212173913,1.1554,0.7125,True
1449,left_toe_tip,692.88,575.7479999999999,0.1441554782608695,0.588147808695652,-0.0265,0.9668,True
1449,right_shoulder,,,,,,0.0386,True
1449,right_toe_tip,670.0980000000001,596.562,0.0753038873913045,0.5918678386956522,-0.0398000000000001,0.6878,True
1450,left_shoulder,655.658,712.716,0.0283103447826087,0.6377258634782609,1.1576,0.6965,True
1450,left_toe_tip,693.02,575.554,0.1437764086956521,0.5845262165217391,-0.0133000000000001,0.8042,True
1450,right_shoulder,,,,,,0.0382,True
1450,right_toe_tip,686.202,593.938,0.1160473713043478,0.5875912286956522,-0.0288000000000001,0.5461,True
1451,left_shoulder,656.037,713.1519999999999,0.0291019255434783,0.6408557217391303,1.1545,0.6741,True
1451,left_toe_tip,692.942,575.42,0.1429203817391304,0.5815403391304347,-0.0020999999999999,0.7376,True
1451,right_shoulder,,,,,,0.0365,True
1451,right_toe_tip,703.888,589.664,0.1614838643478261,0.5805007234782609,-0.0359,0.7889,True
1452,left_shoulder,656.277,713.554,0.0296329861956522,0.6436604289130435,1.1551,0.4308,True
1452,left_toe_tip,692.884,574.996,0.1426603382608696,0.5799750791304348,0.0086999999999998,0.7534,True
1452,right_shoulder,,,,,,0.0318,True
1452,right_toe_tip,723.442,583.734,0.2120877965217391,0.5686734626086958,-0.1144,0.8417,True
1453,left_shoulder,657.3209333333334,713.9642666666666,0.0315724215603866,0.6452024743381641,1.1530333333333334,0.4121,False
1453,left_toe_tip,693.144,574.8839999999999,0.1430382313043478,0.5783649573913041,0.0143000000000001,0.8335,True
1453,right_shoulder,,,,,,0.0256,False
1453,right_toe_tip,735.5200000000001,579.134,0.2426000347826089,0.556552722173913,-0.1275999999999999,0.8498,True
1454,left_shoulder,659.0908000000001,714.4707999999999,0.0349216383913044,0.6484118579565217,1.1501,0.4213,True
1454,left_toe_tip,693.0980000000001,575.016,0.1427989908695653,0.5782528121739129,0.0163000000000001,0.9356,True
1454,right_shoulder,,,,,,0.0266,True
1454,right_toe_tip,746.842,574.45,0.2711696413043478,0.5442834239130436,-0.1055,0.9256,True
1455,left_shoulder,661.5966000000001,714.8815999999999,0.0396555830217392,0.6516320509565217,1.1467,0.3795,False
1455,left_toe_tip,693.234,575.176,0.1434309121739131,0.579758987826087,0.0116999999999998,0.8629,True
1455,right_shoulder,,,,,,0.027,False
1455,right_toe_tip,756.576,569.6299999999999,0.2950386504347827,0.5305461869565214,-0.0934000000000001,0.9689,True
1456,left_shoulder,664.8593333333334,715.1226666666666,0.0457916125603866,0.654146245410628,1.1413333333333333,0.2985,True
1456,left_toe_tip,693.508,575.0360000000001,0.1446577147826087,0.5813451513043478,0.0033000000000001,0.8341,True
1456,right_shoulder,,,,,,0.0203,False
1456,right_toe_tip,765.796,565.158,0.3182638800000001,0.51904974,-0.1150999999999999,0.9056,True
1457,left_shoulder,668.8790000000001,715.1940000000001,0.0533319793478263,0.6559506586956523,1.14,0.2866,True
1457,left_toe_tip,693.7860000000001,575.368,0.1453508186956523,0.5820086104347827,-0.0021999999999998,0.8599,True
1457,right_shoulder,,,,,,0.023,True
1457,right_toe_tip,774.002,561.2099999999999,0.3401029021739129,0.5106797282608694,-0.159,0.8756,True
1458,left_shoulder,670.8888333333334,715.2296666666667,0.0571163626509663,0.656853117330918,1.1378333333333333,0.2504,False
1458,left_toe_tip,693.702,575.3700000000001,0.1454506995652173,0.5833249630434786,-0.0078000000000001,0.9368,True
1458,right_shoulder,,,,,,0.0185,False
1458,right_toe_tip,780.524,557.5899999999999,0.3571753495652174,0.5022222347826085,-0.1459,0.9948,True
1459,left_shoulder,672.8986666666668,715.2653333333334,0.0609102125603867,0.6577557439613527,1.1386666666666667,0.1404,False
1459,left_toe_tip,693.626,575.4060000000001,0.1454663539130434,0.5843121886956524,-0.0115999999999999,0.8976,True
1459,right_shoulder,,,,,,0.0104,False
1459,right_toe_tip,785.608,554.598,0.3685148556521738,0.4925021556521738,-0.1139,0.9474,True
1460,left_shoulder,674.9085000000002,715.3010000000002,0.0647135290760873,0.6586585385869569,1.1365,0.2083,False
1460,left_toe_tip,693.55,575.3520000000001,0.145376608695652,0.5846338643478263,-0.0160999999999999,0.8922,True
1460,right_shoulder,,,,,,0.0183,False
1460,right_toe_tip,789.25,552.51,0.3785434239130434,0.48826395,-0.1224,0.8471,True
1461,left_shoulder,676.9183333333334,715.3366666666667,0.0685263121980677,0.6595615012077296,1.1343333333333332,0.1531,True
1461,left_toe_tip,693.362,575.524,0.1450286356521738,0.5857567495652174,-0.0189,0.9092,True
1461,right_shoulder,,,,,,0.0181,False
1461,right_toe_tip,791.376,551.14,0.3822243999999999,0.4826284999999999,-0.118,0.8143,True
1462,left_shoulder,,,,,,0.1595,True
1462,left_toe_tip,693.062,575.5319999999999,0.1443747808695652,0.5864344591304345,-0.0216999999999998,0.905,True
1462,right_shoulder,,,,,,0.0694,True
1462,right_toe_tip,792.238,550.3520000000001,0.3828123795652176,0.4786525182608698,-0.1134,0.8512,True
1463,left_shoulder,,,,,,0.1789,False
1463,left_toe_tip,692.856,575.506,0.1438717339130434,0.5865979621739129,-0.0226999999999998,0.9069,True
1463,right_shoulder,,,,,,0.0175,True
1463,right_toe_tip,792.414,549.9,0.3804385973913043,0.4740069130434782,-0.0964000000000001,0.9013,True
1464,left_shoulder,,,,,,0.0836,True
1464,left_toe_tip,692.738,575.424,0.1436651908695653,0.5868430747826087,-0.0246999999999998,0.9127,True
1464,right_shoulder,,,,,,0.0307,True
1464,right_toe_tip,792.2879999999999,549.566,0.3797599234782606,0.4727199100000001,-0.0961999999999998,0.9068,True
1465,left_shoulder,,,,,,0.036,True
1465,left_toe_tip,692.64,575.364,0.1436614260869564,0.5877564469565218,-0.0293000000000001,0.9322,True
1465,right_shoulder,,,,,,0.0355,True
1465,right_toe_tip,792.204,549.244,0.3767379878260868,0.46842004,-0.0791999999999998,0.8987,True
1466,left_shoulder,,,,,,0.047,True
1466,left_toe_tip,692.636,575.268,0.1437649356521738,0.5879624243478262,-0.0313000000000001,0.9435,True
1466,right_shoulder,,,,,,0.0399,False
1466,right_toe_tip,792.2740000000001,548.858,0.3791953630434785,0.4702974760869564,-0.093,0.8148,True
1467,left_shoulder,,,,,,0.022,False
1467,left_toe_tip,692.77,575.268,0.1441882891304347,0.588196411304348,-0.0323000000000001,0.9552,True
1467,right_shoulder,,,,,,0.0461,False
1467,right_toe_tip,792.482,548.438,0.3790503630434781,0.4684322891304348,-0.089,0.8112,True
1468,left_shoulder,,,,,,0.0367,False
1468,left_toe_tip,692.828,575.124,0.1445649704347825,0.5886915026086956,-0.0270999999999999,0.953,True
1468,right_shoulder,,,,,,0.0363,False
1468,right_toe_tip,792.7479999999999,548.0400000000001,0.3790474826086955,0.4666253478260871,-0.092,0.6227,True
1469,left_shoulder,,,,,,0.055,True
1469,left_toe_tip,692.79,574.9240000000001,0.1446216478260868,0.5887983147826089,-0.0299,0.9332,True
1469,right_shoulder,,,,,,0.0127,False
1469,right_toe_tip,793.076,547.6940000000001,0.3787965452173913,0.4644610439130436,-0.0855999999999999,0.6068,True
1470,left_shoulder,,,,,,0.1117,True
1470,left_toe_tip,692.734,574.672,0.1445828713043479,0.5885746226086958,-0.0319,0.9433,True
1470,right_shoulder,,,,,,0.0164,False
1470,right_toe_tip,793.4979999999999,547.276,0.3811422078260868,0.4650144504347825,-0.1044,0.7217,True
1471,left_shoulder,,,,,,0.0143,True
1471,left_toe_tip,692.636,574.312,0.144417164347826,0.5880069026086957,-0.0336999999999998,0.9404,True
1471,right_shoulder,,,,,,0.0095,True
1471,right_toe_tip,793.8539999999999,546.822,0.3806548639130432,0.4622219960869565,-0.0961999999999998,0.8117,True
1472,left_shoulder,,,,,,0.0098,True
1472,left_toe_tip,692.642,573.6859999999999,0.1444336265217392,0.5862893491304346,-0.0261999999999998,0.9542,True
1472,right_shoulder,,,,,,0.0087,True
1472,right_toe_tip,793.9739999999999,546.194,0.3825584447826085,0.4626111360869564,-0.1093000000000001,0.8528,True
1473,left_shoulder,,,,,,0.0065,True
1473,left_toe_tip,692.36,572.8660000000001,0.1433867217391304,0.5829289134782611,-0.0214,0.9654,True
1473,right_shoulder,,,,,,0.0082,False
1473,right_toe_tip,794.108,545.558,0.3859735365217389,0.4647421126086956,-0.1276999999999998,0.9287,True
1474,left_shoulder,,,,,,0.0074,False
1474,left_toe_tip,692.23,572.14,0.1429171760869566,0.5804796043478261,-0.0104,0.9736,True
1474,right_shoulder,,,,,,0.0072,False
1474,right_toe_tip,794.3,544.9159999999999,0.389842304347826,0.4671942939130433,-0.1514000000000001,0.9022,True
1475,left_shoulder,,,,,,0.0088,True
1475,left_toe_tip,692.0260000000001,571.37,0.1423024200000002,0.5781429,-0.0119,0.9463,True
1475,right_shoulder,,,,,,0.007,True
1475,right_toe_tip,794.346,544.412,0.3924750352173913,0.4689276443478261,-0.1664000000000001,0.8937,True
1476,left_shoulder,,,,,,0.008,True
1476,left_toe_tip,692.014,570.71,0.1421112939130434,0.5756963652173913,-0.0015999999999999,0.9511,True
1476,right_shoulder,,,,,,0.0076,True
1476,right_toe_tip,794.3720000000001,543.938,0.3937828365217393,0.4692018460869565,-0.1738000000000001,0.8918,True
1477,left_shoulder,,,,,,0.008,True
1477,left_toe_tip,691.79,570.1200000000001,0.1414992869565216,0.574084382608696,-0.0015999999999999,0.9348,True
1477,right_shoulder,,,,,,0.0069,True
1477,right_toe_tip,794.46,543.6320000000001,0.3952497086956522,0.4698983200000001,-0.1851999999999998,0.8857,True
1478,left_shoulder,,,,,,0.0107,True
1478,left_toe_tip,691.548,569.642,0.1412751382608696,0.5745558030434785,-0.0094,0.9494,True
1478,right_shoulder,,,,,,0.0078,True
1478,right_toe_tip,794.426,543.476,0.395464843478261,0.4698581043478261,-0.187,0.899,True
1479,left_shoulder,,,,,,0.0061,True
1479,left_toe_tip,690.778,568.802,0.1396615773913044,0.5742962834782609,-0.0114,0.9309,True
1479,right_shoulder,,,,,,0.0057,True
1479,right_toe_tip,794.4379999999999,543.35,0.3956298678260866,0.4696948695652175,-0.1878000000000002,0.8898,True
1480,left_shoulder,,,,,,0.0087,True
1480,left_toe_tip,689.8120000000001,567.96,0.137708522608696,0.5749189826086958,-0.0244,0.88,True
1480,right_shoulder,,,,,,0.0067,True
1480,right_toe_tip,794.496,543.126,0.3957784486956522,0.46912104,-0.1878000000000002,0.8868,True
1481,left_shoulder,,,,,,0.0105,False
1481,left_toe_tip,688.482,567.04,0.134811578695652,0.5757062260869564,-0.0221999999999998,0.8664,True
1481,right_shoulder,,,,,,0.0067,True
1481,right_toe_tip,794.466,542.866,0.3965410856521739,0.4694488247826086,-0.1928000000000002,0.8627,True
1482,left_shoulder,777.41,717.12,0.2712353913043477,0.7049238260869566,1.346,0.0108,True
1482,left_toe_tip,687.1519999999999,566.04,0.1319230956521737,0.5764640869565216,-0.018,0.9479,True
1482,right_shoulder,,,,,,0.0109,True
1482,right_toe_tip,794.55,542.576,0.3996461413043476,0.4721177217391304,-0.21,0.8807,True
1483,left_shoulder,779.6225,717.1424999999999,0.2760200237771738,0.706035784646739,1.34375,0.0964,True
1483,left_toe_tip,686.822,565.1360000000001,0.1321398269565217,0.5789294678260871,-0.0404,0.9323,True
1483,right_shoulder,,,,,,0.0093,True
1483,right_toe_tip,794.6899999999999,542.15,0.4029338217391303,0.474461152173913,-0.2239000000000001,0.9263,True
1484,left_shoulder,781.835,717.165,0.2808178831521739,0.7071478777173912,1.3635,0.3649,True
1484,left_toe_tip,687.724,564.688,0.1355361600000001,0.5813139199999999,-0.0293000000000001,0.9591,True
1484,right_shoulder,,,,,,0.0165,True
1484,right_toe_tip,794.786,541.742,0.4058421621739129,0.4765196221739129,-0.2611999999999998,0.9327,True
1485,left_shoulder,784.0237500000001,717.26125,0.2849361173573371,0.706804492017663,1.364875,0.2367,True
1485,left_toe_tip,689.97,564.08,0.1425339934782609,0.5821160173913044,-0.0406999999999998,0.9101,True
1485,right_shoulder,,,,,,0.0129,True
1485,right_toe_tip,794.826,541.426,0.4080338256521739,0.4781363908695653,-0.2735999999999999,0.969,True
1486,left_shoulder,786.573,717.2149999999999,0.2900074259782608,0.7067809396739129,1.3647,0.3916,True
1486,left_toe_tip,693.778,562.586,0.1543077873913044,0.5812896986956523,-0.0363000000000001,0.955,True
1486,right_shoulder,,,,,,0.0146,True
1486,right_toe_tip,794.906,541.14,0.4106356008695651,0.4801785130434782,-0.2878000000000001,1.0,True
1487,left_shoulder,791.1890000000001,717.217,0.2996664581521741,0.7080273907608694,1.385,0.389,True
1487,left_toe_tip,699.162,560.816,0.1711067930434783,0.5807947965217393,-0.0388000000000001,0.9028,True
1487,right_shoulder,,,,,,0.0154,True
1487,right_toe_tip,794.952,540.8660000000001,0.4085680017391305,0.4768964595652177,-0.2748000000000001,1.0,True
1488,left_shoulder,795.696,717.0780000000001,0.3094627234782609,0.7097313378260871,1.4234,0.4186,True
1488,left_toe_tip,704.88,557.74,0.1877993913043478,0.5723713260869566,-0.015,0.8453,True
1488,right_shoulder,,,,,,0.0188,True
1488,right_toe_tip,795.012,540.5840000000001,0.4072097843478259,0.4743863165217393,-0.2623000000000002,1.0,True
1489,left_shoulder,799.8059999999999,716.836,0.3162421778260868,0.7061474147826087,1.4434,0.3904,True
1489,left_toe_tip,711.912,552.904,0.2089199930434783,0.5604280556521739,-0.0198000000000001,0.9567,True
1489,right_shoulder,,,,,,0.0124,True
1489,right_toe_tip,795.058,540.274,0.4042631726086956,0.47000567,-0.2440999999999999,0.9944,True
1490,left_shoulder,803.7819999999999,716.466,0.324501988695652,0.706267635652174,1.4532,0.5499,True
1490,left_toe_tip,720.4559999999999,546.278,0.2347915965217388,0.5436077982608697,-0.0678000000000001,0.9277,True
1490,right_shoulder,,,,,,0.0125,True
1490,right_toe_tip,795.1600000000001,539.97,0.4021679739130436,0.4664744152173913,-0.2300999999999999,1.0,True
1491,left_shoulder,807.432,716.3620000000001,0.330932987826087,0.7043572400000001,1.4616,0.5347,True
1491,left_toe_tip,730.376,538.8,0.2639568608695651,0.522212608695652,-0.111,0.9249,True
1491,right_shoulder,,,,,,0.0147,True
1491,right_toe_tip,795.01,539.6279999999999,0.3985441891304348,0.4618392078260868,-0.2109000000000001,0.9796,True
1492,left_shoulder,811.108,716.3140000000001,0.3356320617391303,0.698917656956522,1.4754,0.5046,True
1492,left_toe_tip,740.964,530.364,0.2967463652173915,0.5007220173913045,-0.0535,0.8719,True
1492,right_shoulder,,,,,,0.0173,True
1492,right_toe_tip,794.0453333333332,539.8673333333334,0.3960639472463766,0.4624545546376812,-0.1784000000000001,0.9896,True
1493,left_shoulder,814.67,716.3460000000001,0.3421253695652173,0.6979733608695655,1.4825,0.4659,True
1493,left_toe_tip,752.924,522.188,0.3338131634782608,0.4794418313043477,-0.0605999999999999,0.8578,True
1493,right_shoulder,,,,,,0.0227,True
1493,right_toe_tip,792.256,540.7679999999999,0.3911986226086956,0.4644558678260868,-0.1768000000000001,0.8943,True
1494,left_shoulder,818.46,716.1200000000001,0.3502083521739131,0.6988467913043481,1.4835999999999998,0.3814,True
1494,left_toe_tip,766.442,513.96,0.3725641017391304,0.4536464869565219,-0.0408000000000001,0.8912,True
1494,right_shoulder,,,,,,0.0155,True
1494,right_toe_tip,789.7059999999999,542.268,0.3864367486956519,0.4704891808695652,-0.1698000000000001,0.264,True
1495,left_shoulder,822.492,716.162,0.358715796521739,0.7000906095652174,1.4886,0.4427,True
1495,left_toe_tip,780.4480000000001,506.39400000000006,0.4112073182608698,0.4286161721739132,-0.0265999999999999,0.8406,True
1495,right_shoulder,,,,,,0.0134,True
1495,right_toe_tip,787.4399999999999,543.512,0.3822542260869563,0.4757748069565215,-0.1761999999999998,0.153,True
1496,left_shoulder,826.0779999999999,716.028,0.3666545634782606,0.7015299547826087,1.4922,0.5378,True
1496,left_toe_tip,793.112,498.952,0.4430262434782608,0.4020545913043476,-0.003,0.8378,True
1496,right_shoulder,,,,,,0.0216,True
1496,right_toe_tip,786.428,544.424,0.3813812756521738,0.4803443356521739,-0.1851999999999998,0.3667,True
1497,left_shoulder,829.7700000000001,715.664,0.3744244608695654,0.7017405356521739,1.5023,0.5583,True
1497,left_toe_tip,807.242,492.674,0.4759125608695651,0.377544056521739,0.035,0.8127,True
1497,right_shoulder,,,,,,0.0317,True
1497,right_toe_tip,786.0686666666667,544.6966666666666,0.3819378092753623,0.4829416318840577,-0.1945999999999999,0.7907,True
1498,left_shoulder,833.5800000000002,714.9459999999999,0.3813946826086959,0.6993207821739129,1.5094,0.5762,True
1498,left_toe_tip,821.378,486.538,0.51479808,0.3591478539130435,0.0638000000000001,0.8005,True
1498,right_shoulder,,,,,,0.0264,True
1498,right_toe_tip,786.8799999999999,544.378,0.3847298086956519,0.482950113478261,-0.1988000000000001,0.7402,True
1499,left_shoulder,837.426,714.484,0.3871266347826088,0.6950968869565217,1.5345,0.5524,True
1499,left_toe_tip,833.3039999999999,481.75999999999993,0.5504961739130431,0.3467513043478259,0.05,0.8489,True
1499,right_shoulder,,,,,,0.0157,True
1499,right_toe_tip,789.168,543.5440000000001,0.3908525878260869,0.4809251808695655,-0.2055999999999999,0.8763,True
1500,left_shoulder,840.79,713.692,0.3910166999999999,0.6887767252173913,1.5599,0.6097,True
1500,left_toe_tip,842.5440000000001,478.228,0.5820938434782611,0.3397769913043477,0.0205,0.8187,True
1500,right_shoulder,,,,,,0.0368,True
1500,right_toe_tip,791.396,542.842,0.3969866417391303,0.4794435226086955,-0.2234000000000001,0.8864,True
1501,left_shoulder,844.302,712.356,0.3986553808695653,0.6875537947826087,1.5778,0.801,True
1501,left_toe_tip,850.642,476.376,0.6131055952173916,0.3387300573913045,-0.0138000000000001,0.9097,True
1501,right_shoulder,,,,,,0.0432,True
1501,right_toe_tip,792.6600000000001,542.548,0.4003010695652176,0.4786726034782608,-0.2324,0.8978,True
1502,left_shoulder,847.507,710.809,0.4068941608695651,0.6878906913043478,1.586,0.8344,True
1502,left_toe_tip,855.25,474.9440000000001,0.6352214673913043,0.339209739130435,-0.0375,0.8683,True
1502,right_shoulder,,,,,,0.0386,True
1502,right_toe_tip,794.0740000000001,542.33,0.4032719478260871,0.4772289565217392,-0.239,0.9428,True
1503,left_shoulder,850.501,709.3030000000001,0.4117582604347825,0.6832670421739132,1.5904,0.8236,True
1503,left_toe_tip,857.634,474.69000000000005,0.6435815873913044,0.3391582760869567,-0.0185999999999999,0.8446,True
1503,right_shoulder,,,,,,0.0254,True
1503,right_toe_tip,795.0260000000001,542.146,0.4053255873913046,0.4762325960869565,-0.2544,0.9582,True
1504,left_shoulder,853.231,707.5709999999999,0.4169593141304347,0.6796524228260868,1.587,0.848,False
1504,left_toe_tip,858.9440000000001,474.756,0.6504064695652176,0.3409001608695651,-0.0525,0.8489,True
1504,right_shoulder,,,,,,0.0202,False
1504,right_toe_tip,795.206,541.9599999999999,0.4057962091304349,0.4757462869565216,-0.2544,0.9565,True
1505,left_shoulder,856.0409999999999,705.2270000000001,0.4233464291304346,0.6764948213043479,1.5872,0.8766,True
1505,left_toe_tip,860.066,475.104,0.6545528286956523,0.342359332173913,-0.0559,0.8449,True
1505,right_shoulder,,,,,,0.0342,True
1505,right_toe_tip,795.192,541.896,0.4049836452173914,0.4746694747826087,-0.2498000000000002,0.9363,True
1506,left_shoulder,858.807,702.957,0.4287665865217391,0.6720466082608696,1.5702,0.8949,True
1506,left_toe_tip,861.592,475.07,0.6623192191304348,0.3439342239130434,-0.0693000000000001,0.8593,True
1506,right_shoulder,,,,,,0.0427,True
1506,right_toe_tip,795.018,541.7719999999999,0.4039566882608696,0.4736741226086955,-0.2464000000000001,0.916,True
1507,left_shoulder,861.568,700.192,0.4351402852173912,0.6681075060869566,1.5577,0.885,True
1507,left_toe_tip,864.058,474.208,0.6728072073913043,0.3429467617391303,-0.0460999999999999,0.8274,True
1507,right_shoulder,,,,,,0.0347,True
1507,right_toe_tip,794.784,541.742,0.4023374539130435,0.4724106726086955,-0.2404,0.8677,True
1508,left_shoulder,864.5319999999999,697.2959999999999,0.4415470591304346,0.663299916521739,1.5378,0.9031,True
1508,left_toe_tip,867.1960000000001,473.3280000000001,0.6865764339130439,0.3424722886956524,-0.0666999999999998,0.8016,True
1508,right_shoulder,,,,,,0.0182,True
1508,right_toe_tip,794.574,541.766,0.4017915908695651,0.4724730569565216,-0.2189000000000001,0.9131,True
1509,left_shoulder,867.7279999999998,693.936,0.4497627999999997,0.6595236000000001,1.509,0.9104,True
1509,left_toe_tip,870.04,472.46,0.6963210782608695,0.3404115304347827,-0.0318000000000001,0.902,True
1509,right_shoulder,,,,,,0.0163,True
1509,right_toe_tip,794.358,541.6940000000001,0.4012301317391302,0.4722859039130436,-0.2189000000000001,0.8194,True
1510,left_shoulder,870.8059999999999,690.0619999999999,0.4564439526086955,0.6527334813043477,1.4855999999999998,0.8896,True
1510,left_toe_tip,872.0779999999999,472.3,0.7027927260869561,0.3400736956521739,-0.047,0.8837,True
1510,right_shoulder,,,,,,0.0163,True
1510,right_toe_tip,794.116,541.576,0.4001655443478261,0.4714660313043479,-0.2163000000000002,0.7582,True
1511,left_shoulder,873.7940000000001,685.342,0.4611840773913045,0.6417724582608696,1.4822,0.8869,True
1511,left_toe_tip,872.9639999999999,471.8440000000001,0.7087676478260867,0.3402732130434784,-0.06,0.8683,True
1511,right_shoulder,,,,,,0.0146,True
1511,right_toe_tip,794.08,541.592,0.4005075130434783,0.4720207704347826,-0.2189000000000001,0.8664,True
1512,left_shoulder,876.774,680.2860000000001,0.4650035469565217,0.6290138530434785,1.4902,0.9041,True
1512,left_toe_tip,872.592,471.988,0.7094561634782608,0.3415877452173913,-0.0671999999999998,0.7409,True
1512,right_shoulder,,,,,,0.0266,True
1512,right_toe_tip,794.0740000000001,541.506,0.4030039930434784,0.4747565634782608,-0.2339,0.9273,True
1513,left_shoulder,879.518,674.5380000000001,0.467789067826087,0.6143063895652177,1.4922,0.8409,True
1513,left_toe_tip,871.516,471.942,0.7064761069565216,0.3415934465217391,-0.0544,0.8216,True
1513,right_shoulder,,,,,,0.0148,True
1513,right_toe_tip,794.12,541.332,0.4031243130434783,0.47430144,-0.2339,0.9023,True
1514,left_shoulder,882.4119999999999,668.838,0.4719129260869563,0.6012270195652173,1.489,0.9294,True
1514,left_toe_tip,871.1940000000001,471.35,0.708207533478261,0.341094097826087,-0.0531999999999998,0.8354,True
1514,right_shoulder,,,,,,0.0128,True
1514,right_toe_tip,794.308,541.2239999999999,0.4027438799999999,0.4729946399999998,-0.2286999999999998,0.9387,True
1515,left_shoulder,885.2860000000001,662.654,0.4786276382608697,0.5905700660869565,1.4848,0.8777,True
1515,left_toe_tip,871.634,469.66,0.7128284573913043,0.3374667304347827,-0.0431999999999998,0.8318,True
1515,right_shoulder,,,,,,0.0194,True
1515,right_toe_tip,794.35,541.092,0.4031554891304348,0.4730044304347826,-0.2305,0.9355,True
1516,left_shoulder,888.402,656.916,0.4854099082608696,0.5802125921739132,1.4912,0.9286,True
1516,left_toe_tip,872.6600000000001,468.59,0.7165928000000004,0.3344572000000001,-0.0275999999999999,0.937,True
1516,right_shoulder,,,,,,0.0161,True
1516,right_toe_tip,794.374,540.9219999999999,0.402479865652174,0.4716951186956519,-0.2260999999999999,0.9138,True
1517,left_shoulder,891.7360000000001,651.168,0.4940045373913045,0.5713855513043479,1.4875999999999998,0.99,True
1517,left_toe_tip,873.8720000000001,467.5220000000001,0.719715659130435,0.3308872678260871,-0.0341999999999998,0.9216,True
1517,right_shoulder,,,,,,0.024,True
1517,right_toe_tip,794.482,540.7459999999999,0.4001083799999999,0.4681321399999996,-0.1958000000000001,0.9318,True
1518,left_shoulder,895.3380000000001,646.0840000000001,0.5054027152173914,0.566259743478261,1.476,0.9063,True
1518,left_toe_tip,874.89,466.504,0.7231548217391305,0.3278934017391305,-0.0264,0.9101,True
1518,right_shoulder,,,,,,0.0205,True
1518,right_toe_tip,794.6560000000001,540.5840000000001,0.3992814469565219,0.4662207791304349,-0.1881999999999998,0.9172,True
1519,left_shoulder,898.642,640.592,0.516384375652174,0.5602080278260869,1.4642,0.9245,True
1519,left_toe_tip,875.046,466.024,0.7236350982608698,0.326415627826087,-0.0264,0.8921,True
1519,right_shoulder,,,,,,0.0157,True
1519,right_toe_tip,794.804,540.4240000000001,0.3990914426086956,0.4651409165217394,-0.2173000000000002,0.9206,True
1520,left_shoulder,902.148,635.9019999999999,0.5237831017391302,0.5512641917391303,1.4748,0.9229,True
1520,left_toe_tip,875.128,465.838,0.7241942400000002,0.32598104,-0.0275999999999999,0.8973,True
1520,right_shoulder,,,,,,0.0168,True
1520,right_toe_tip,795.0960000000001,540.296,0.3986978695652177,0.4634783043478263,-0.2105,0.8978,True
1521,left_shoulder,905.35,630.758,0.5324305434782609,0.5432818130434783,1.467,0.9113,True
1521,left_toe_tip,875.058,465.668,0.72397864,0.32545744,-0.0125999999999999,0.9107,True
1521,right_shoulder,,,,,,0.0203,True
1521,right_toe_tip,795.332,540.086,0.3987304904347826,0.462272932173913,-0.2070999999999999,0.9232,True
1522,left_shoulder,908.254,625.52,0.5427478213043482,0.5372162260869565,1.4516,0.9272,True
1522,left_toe_tip,874.8799999999999,465.418,0.7240431304347823,0.3249624434782607,-0.015,0.916,True
1522,right_shoulder,,,,,,0.0166,True
1522,right_toe_tip,795.6220000000001,539.904,0.399610231304348,0.4619621843478261,-0.2079,0.9341,True
1523,left_shoulder,911.152,620.136,0.5509690747826088,0.5285850417391305,1.4481,0.9493,True
1523,left_toe_tip,874.7459999999999,465.162,0.7239362513043474,0.3243104634782607,-0.0161999999999998,0.9036,True
1523,right_shoulder,,,,,,0.0189,True
1523,right_toe_tip,795.8779999999999,539.754,0.4011147578260867,0.4625539343478261,-0.2129000000000001,0.8997,True
1524,left_shoulder,914.174,615.088,0.560924242173913,0.5218767756521738,1.4568,0.9142,True
1524,left_toe_tip,874.5440000000001,464.86800000000005,0.7233133008695655,0.3234037930434784,-0.0101999999999998,0.8627,True
1524,right_shoulder,,,,,,0.0365,True
1524,right_toe_tip,796.182,539.5519999999999,0.4022026026086956,0.4623854330434779,-0.2146999999999998,0.9056,True
1525,left_shoulder,916.91,609.934,0.5715181608695654,0.5158420426086956,1.4742,0.8945,True
1525,left_toe_tip,874.238,464.546,0.722369623478261,0.3224107730434782,-0.0101999999999998,0.8587,True
1525,right_shoulder,,,,,,0.0682,True
1525,right_toe_tip,796.71,539.05,0.4029831717391305,0.4604309673913042,-0.2148000000000001,0.9367,True
1526,left_shoulder,919.594,605.446,0.580218331304348,0.509353807826087,1.4898,0.9153,True
1526,left_toe_tip,873.972,464.294,0.722159664347826,0.3219056982608697,-0.0125999999999999,0.8474,True
1526,right_shoulder,,,,,,0.0476,True
1526,right_toe_tip,797.528,538.264,0.4046757339130435,0.4579447147826087,-0.2124000000000001,0.9302,True
1527,left_shoulder,922.214,601.49,0.5868824182608694,0.5021942043478261,1.4898,0.9626,True
1527,left_toe_tip,873.874,464.15199999999993,0.7218571852173914,0.3214674121739128,-0.0065999999999999,0.8433,True
1527,right_shoulder,,,,,,0.0371,True
1527,right_toe_tip,799.014,537.522,0.4098413008695652,0.4575436591304349,-0.1581999999999998,0.9354,True
1528,left_shoulder,924.674,597.39,0.5941641465217391,0.4954742152173913,1.4613,0.9398,True
1528,left_toe_tip,873.8520000000001,464.052,0.7217892817391306,0.3211587600000001,-0.0065999999999999,0.831,True
1528,right_shoulder,,,,,,0.015,True
1528,right_toe_tip,801.414,536.2760000000001,0.4160270399999999,0.4543322295652175,-0.2426999999999998,0.8353,True
1529,left_shoulder,926.908,593.668,0.5995129773913045,0.4882645252173913,1.4416,0.9058,True
1529,left_toe_tip,873.902,464.008,0.721943607826087,0.3210229530434782,-0.0065999999999999,0.8708,True
1529,right_shoulder,,,,,,0.0648,True
1529,right_toe_tip,806.7700000000001,533.534,0.4303572358695654,0.4478120319565217,-0.2230999999999999,0.7495,True
1530,left_shoulder,929.372,590.75,0.6036551547826086,0.4813645652173913,1.4323,0.8921,True
1530,left_toe_tip,873.9860000000001,464.076,0.722508074782609,0.321368587826087,-0.0078000000000001,0.8803,True
1530,right_shoulder,995.22,707.42,0.5976962608695653,0.5845719130434782,2.269,0.0755,True
1530,right_toe_tip,814.9159999999999,529.5840000000001,0.4529754021739128,0.4391672608695653,-0.1805,0.8,True
1531,left_shoulder,931.774,588.2479999999999,0.6061921995652174,0.4742100295652173,1.4401,0.9443,True
1531,left_toe_tip,874.034,464.142,0.7226562904347826,0.3215723843478261,-0.0078000000000001,0.8883,True
1531,right_shoulder,996.535,705.755,0.6016528125000001,0.5834615625,2.2595,0.24,True
1531,right_toe_tip,823.652,525.692,0.4762775073913045,0.42970059,-0.1509000000000001,0.2533,True
1532,left_shoulder,934.102,586.234,0.608535399130435,0.4681076547826088,1.4604,0.9066,True
1532,left_toe_tip,874.0559999999999,464.15,0.7227242226086955,0.3215970869565216,-0.0078000000000001,0.9054,True
1532,right_shoulder,998.57,704.7800000000001,0.6047620833333335,0.5815039492753625,2.260333333333333,0.4631,True
1532,right_toe_tip,831.4,521.176,0.4965373695652173,0.4181290860869566,-0.1516999999999998,0.3586,True
1533,left_shoulder,935.958,584.734,0.61115327,0.4640757100000001,1.4642,0.9162,True
1533,left_toe_tip,873.9799999999999,464.25,0.7224895478260867,0.3219058695652174,-0.0138000000000001,0.9099,True
1533,right_shoulder,1000.25,703.675,0.6081176630434783,0.5801383423913044,2.258,0.65,True
1533,right_toe_tip,837.5600000000001,516.8259999999999,0.5171562478260872,0.4105261476086954,-0.1843000000000001,0.8481,True
1534,left_shoulder,937.446,583.378,0.6135147060869564,0.4607414052173914,1.4754,0.9341,True
1534,left_toe_tip,873.994,464.222,0.7234484060869567,0.322227235652174,-0.0114,0.9123,True
1534,right_shoulder,1001.808,702.7180000000001,0.6126353286956522,0.5803109786956522,2.2317,0.8327,True
1534,right_toe_tip,840.8616470588237,513.7487647058823,0.5306317785286598,0.4061700262697456,-0.2064352941176466,0.7866,True
1535,left_shoulder,938.23,581.772,0.6140296369565216,0.456609263478261,1.4788,0.9291,True
1535,left_toe_tip,873.9800000000001,464.218,0.7230999304347829,0.3220789321739131,-0.0101999999999998,0.9367,True
1535,right_shoulder,1004.802,700.74,0.6230976769565219,0.5819987347826088,2.1966,0.798,True
1535,right_toe_tip,841.3049411764705,511.94429411764713,0.5367634079855571,0.4051472192282234,-0.222105882352941,0.4649,True
1536,left_shoulder,938.99,580.4060000000001,0.6170243630434783,0.4548509039130435,1.4784000000000002,0.9473,True
1536,left_toe_tip,873.9739999999999,464.244,0.7233865713043477,0.3222952539130434,-0.0114,0.9336,True
1536,right_shoulder,1007.722,699.144,0.6331213565217391,0.583917495652174,2.1785,0.8233,True
1536,right_toe_tip,841.0658823529411,510.18658823529415,0.5425744837069353,0.4052771639717167,-0.2396117647058827,0.0546,True
1537,left_shoulder,939.53,579.314,0.618268989130435,0.452692702173913,1.478,0.9522,True
1537,left_toe_tip,873.958,464.398,0.7236422660869565,0.3229075530434782,-0.0185999999999999,0.9389,True
1537,right_shoulder,1009.954,697.64,0.6421114643478262,0.5860256,2.1497,0.8505,True
1537,right_toe_tip,841.1964705882352,508.7376470588235,0.5481188758838572,0.4052054773582065,-0.2143529411764707,0.0208,True
1538,left_shoulder,939.992,578.59,0.6192226173913044,0.4511982717391305,1.491,0.9593,True
1538,left_toe_tip,873.9559999999999,464.492,0.7239412399999997,0.3233345930434783,-0.0198000000000001,0.9038,True
1538,right_shoulder,1011.804,696.4480000000001,0.645726555652174,0.5843224069565219,2.1327,0.8226,True
1538,right_toe_tip,842.1447058823529,507.3514705882353,0.5527184272604181,0.402898867534226,-0.2145294117647058,0.031,True
1539,left_shoulder,940.332,578.1899999999999,0.6203161591304348,0.4506572152173912,1.4768,0.9515,True
1539,left_toe_tip,873.854,464.688,0.7230155626086959,0.3236679860869565,-0.0174,0.8938,True
1539,right_shoulder,1013.556,695.3399999999999,0.6483632834782608,0.5820335999999999,2.1337,0.8659,True
1539,right_toe_tip,842.6188235294118,506.6583823529412,0.555025296524748,0.401735192887769,-0.2191176470588234,0.0437,True
1540,left_shoulder,940.922,578.362,0.6222543617391303,0.45153464,1.4875999999999998,0.9546,True
1540,left_toe_tip,873.744,464.7299999999999,0.7235901217391305,0.3242076521739127,-0.021,0.9052,True
1540,right_shoulder,1015.592,694.392,0.6592456104347826,0.5869306539130436,2.1157,0.8864,True
1540,right_toe_tip,843.0929411764706,505.96529411764703,0.5573368948397773,0.4005646050850006,-0.2027058823529409,0.049,True
1541,left_shoulder,941.402,578.5980000000001,0.6232469182608698,0.4520226469565219,1.4875999999999998,0.952,True
1541,left_toe_tip,873.7639999999999,464.572,0.7239569443478256,0.3238549373913043,-0.0221999999999998,0.901,True
1541,right_shoulder,1017.636,693.722,0.6787596626086958,0.5998290208695651,2.0769,0.8784,True
1541,right_toe_tip,843.5670588235294,505.272205882353,0.5596532222055061,0.3993871041259216,-0.207294117647059,0.0677,True
1542,left_shoulder,942.068,578.924,0.625543427826087,0.4533630486956521,1.4848,0.9317,True
1542,left_toe_tip,873.7279999999998,464.52,0.7238454539130429,0.3236938956521738,-0.0221999999999998,0.9057,True
1542,right_shoulder,1019.6939999999998,693.15,0.7081293099999997,0.6213247499999999,2.0522,0.8989,True
1542,right_toe_tip,844.0411764705882,504.5791176470588,0.5619742786219346,0.398202690010531,-0.1998823529411765,0.1853,True
1543,left_shoulder,942.884,579.158,0.6279575452173913,0.4543717056521739,1.4871,0.9202,True
1543,left_toe_tip,873.7360000000001,464.478,0.7235653565217395,0.3234275478260868,-0.021,0.8786,True
1543,right_shoulder,1021.898,692.754,0.7431236952173911,0.6474958813043479,1.9993,0.8103,True
1543,right_toe_tip,,,,,,0.1037,True
1544,left_shoulder,944.076,579.1700000000001,0.6302305617391305,0.4542536478260871,1.4877,0.903,True
1544,left_toe_tip,873.7959999999999,464.416,0.7237510956521737,0.3232356173913043,-0.021,0.8881,True
1544,right_shoulder,1023.722,692.492,0.7772873034782608,0.6735131426086955,1.9419,0.746,True
1544,right_toe_tip,,,,,,0.0685,True
1545,left_shoulder,945.792,579.226,0.6345184,0.45489395,1.49,0.919,True
1545,left_toe_tip,873.844,464.38,0.7235946730434784,0.3229880260869565,-0.0198000000000001,0.8944,True
1545,right_shoulder,1025.052,692.288,0.7978947095652177,0.6885585252173914,1.9161,0.8585,True
1545,right_toe_tip,,,,,,0.0537,True
1546,left_shoulder,948.138,578.944,0.6395873095652173,0.4544515895652173,1.4894,0.9537,True
1546,left_toe_tip,873.9159999999999,464.67,0.7235123582608695,0.3237488608695651,-0.0185999999999999,0.8881,True
1546,right_shoulder,1026.166,692.0,0.8092696173913042,0.6957565217391304,1.906,0.7626,True
1546,right_toe_tip,,,,,,0.0587,True
1547,left_shoulder,950.782,578.246,0.6450753339130434,0.453002784347826,1.4894,0.9604,True
1547,left_toe_tip,874.1279999999999,464.872,0.7244734678260868,0.3245104452173913,-0.0198000000000001,0.9008,True
1547,right_shoulder,1027.24,691.742,0.811520347826087,0.6952158434782607,1.917,0.7345,True
1547,right_toe_tip,,,,,,0.0486,True
1548,left_shoulder,954.12,577.4680000000001,0.6523452956521741,0.4516243052173914,1.4969,0.9609,True
1548,left_toe_tip,874.226,464.964,0.7250822260869565,0.3249320347826085,-0.021,0.9192,True
1548,right_shoulder,1028.416,691.6719999999999,0.8116205634782607,0.6930502747826086,1.9226,0.7464,True
1548,right_toe_tip,,,,,,0.0656,True
1549,left_shoulder,958.302,576.8399999999999,0.6610302186956521,0.450320113043478,1.5189,0.9507,True
1549,left_toe_tip,874.22,465.054,0.724758147826087,0.325073616521739,-0.0198000000000001,0.9153,True
1549,right_shoulder,1030.122,691.846,0.8116233782608696,0.6903839608695652,1.9365,0.6363,True
1549,right_toe_tip,,,,,,0.1027,True
1550,left_shoulder,962.938,575.9100000000001,0.6691134952173912,0.4473561326086959,1.5323,0.9189,True
1550,left_toe_tip,874.21,465.182,0.7244217130434784,0.3253324991304346,-0.0185999999999999,0.9081,True
1550,right_shoulder,1032.012,692.15,0.8135953399999999,0.6893556630434782,1.9471,0.5546,True
1550,right_toe_tip,,,,,,0.0993,True
1551,left_shoulder,968.28,574.956,0.6771131826086956,0.4433701147826087,1.5729000000000002,0.9015,True
1551,left_toe_tip,874.108,465.188,0.723800864347826,0.3252138556521739,-0.0174,0.902,True
1551,right_shoulder,1034.5827142857142,691.4344285714286,0.8170619363065661,0.6863008595230702,1.956457142857143,0.6727,True
1551,right_toe_tip,,,,,,0.0492,True
1552,left_shoulder,974.288,574.2520000000001,0.6850723860869569,0.4390768704347828,1.6216,0.9721,True
1552,left_toe_tip,874.07,465.202,0.7227674521739132,0.3248454799999998,-0.0138000000000001,0.913,True
1552,right_shoulder,1037.8341428571428,689.6412857142857,0.8219290456721382,0.6810419674778171,1.966271428571429,0.5313,True
1552,right_toe_tip,,,,,,0.0817,True
1553,left_shoulder,990.328,598.254,0.7184008747826083,0.4885760830434782,1.6774,0.9404,True
1553,left_toe_tip,874.1700000000001,465.202,0.7221599173913045,0.3244338199999997,-0.0101999999999998,0.9071,True
1553,right_shoulder,1041.614285714286,686.5565714285715,0.8297949822537712,0.67471455581189,1.9661428571428572,0.2567,True
1553,right_toe_tip,,,,,,0.1915,True
1554,left_shoulder,997.254,597.8,0.7292641434782606,0.4854221739130433,1.696,0.9458,True
1554,left_toe_tip,874.316,465.264,0.7223045391304349,0.3244877217391302,-0.009,0.9207,True
1554,right_shoulder,1045.7171428571428,682.1942857142856,0.8394060887311444,0.6666019662821647,1.9755714285714288,0.2156,True
1554,right_toe_tip,,,,,,0.1933,True
1555,left_shoulder,1011.5419999999998,622.8199999999999,0.7606918599999996,0.5380953826086955,1.7394,0.7908,True
1555,left_toe_tip,874.4200000000001,465.28,0.7223193652173916,0.3243997217391305,-0.0078000000000001,0.9239,True
1555,right_shoulder,1050.3407142857145,676.6464285714285,0.8504056433562561,0.6562300557342501,1.9953571428571424,0.2259,True
1555,right_toe_tip,,,,,,0.1062,True
1556,left_shoulder,1024.674,648.758,0.7930138134782607,0.5952808943478262,1.8074,0.8182,True
1556,left_toe_tip,874.51,465.274,0.7222908,0.32424392,-0.0065999999999999,0.9211,True
1556,right_shoulder,1052.6525,673.8725,0.8559175360054351,0.6510295631793477,1.99375,0.2281,True
1556,right_toe_tip,,,,,,0.0489,True
1557,left_shoulder,1037.188,675.1360000000001,0.8243377904347827,0.6540442156521741,1.9526,0.9067,True
1557,left_toe_tip,874.49,465.22800000000007,0.7228409130434783,0.3243767478260871,-0.009,0.9315,True
1557,right_shoulder,1054.964285714286,671.0985714285714,0.8614375055456972,0.6458193791038154,1.992142857142857,0.0154,True
1557,right_toe_tip,,,,,,0.0436,True
1558,left_shoulder,1039.254,677.3059999999999,0.8301011426086954,0.6597205617391303,1.9602,0.8604,True
1558,left_toe_tip,874.318,465.018,0.7229219686956521,0.3240033600000001,-0.0114,0.9315,True
1558,right_shoulder,1057.2760714285716,668.3246428571429,0.8669655519770414,0.6405995035076532,1.990535714285714,0.0248,True
1558,right_toe_tip,,,,,,0.0477,True
1559,left_shoulder,1049.64,704.35,0.856770965217391,0.7202155108695653,1.9833,0.8906,True
1559,left_toe_tip,874.1139999999999,464.73,0.7229033165217389,0.3233880260869566,-0.0138000000000001,0.9385,True
1559,right_shoulder,1059.5878571428573,665.5507142857143,0.872501675299468,0.6353699363908608,1.9999285714285715,0.1186,True
1559,right_toe_tip,,,,,,0.04,True
1560,left_shoulder,1051.846,707.11,0.8662195760869565,0.7300628804347826,1.978,0.9301,True
1560,left_toe_tip,873.93,464.458,0.7226402826086955,0.3226843869565216,-0.015,0.9299,True
1560,right_shoulder,,,,,,0.128,True
1560,right_toe_tip,,,,,,0.0332,True
1561,left_shoulder,1054.068,709.904,0.8774641008695652,0.7414922156521739,1.9639,0.8744,True
1561,left_toe_tip,873.7239999999999,464.21,0.7220039217391303,0.3219182826086958,-0.009,0.9096,True
1561,right_shoulder,,,,,,0.0522,True
1561,right_toe_tip,,,,,,0.0464,True
1562,left_shoulder,1055.1225,711.255,0.8837145828804347,0.7477531711956521,1.9605,0.7911,True
1562,left_toe_tip,873.4739999999999,463.932,0.7215361704347824,0.3211950678260868,-0.0101999999999998,0.8862,True
1562,right_shoulder,,,,,,0.1004,True
1562,right_toe_tip,,,,,,0.0942,True
1563,left_shoulder,1056.0200000000002,712.85,0.8893181159420296,0.7542807971014494,1.9523333333333333,0.5073,True
1563,left_toe_tip,873.338,463.878,0.7214202252173914,0.3211636773913043,-0.0114,0.8593,True
1563,right_shoulder,,,,,,0.1087,True
1563,right_toe_tip,,,,,,0.1747,True
1564,left_shoulder,1056.8000000000002,715.085,0.8997443478260874,0.766520445652174,1.939,0.0366,True
1564,left_toe_tip,873.374,463.85,0.7215315278260871,0.3210771086956523,-0.0114,0.8561,True
1564,right_shoulder,1101.2,615.62,0.973533043478261,0.5395804782608695,2.006,0.2053,True
1564,right_toe_tip,,,,,,0.2156,True
1565,left_shoulder,1057.71,716.68,0.90851925,0.7757789999999999,1.9355,0.0185,True
1565,left_toe_tip,873.5379999999999,463.73,0.7220385730434781,0.3207061000000001,-0.0114,0.8868,True
1565,right_shoulder,1106.851,619.568,0.985918269456522,0.5481681165217391,2.0171,0.1612,True
1565,right_toe_tip,,,,,,0.0809,True
1566,left_shoulder,,,,,,0.0903,True
1566,left_toe_tip,873.774,463.61800000000005,0.7224633008695652,0.3202246713043479,-0.0101999999999998,0.9085,True
1566,right_shoulder,1112.5020000000002,623.516,0.9983145517391308,0.5567634791304347,2.0162,0.3167,True
1566,right_toe_tip,,,,,,0.0331,True
1567,left_shoulder,,,,,,0.1095,False
1567,left_toe_tip,873.7379999999999,463.39,0.7211325426086955,0.3189806260869565,-0.0054,0.9017,True
1567,right_shoulder,1118.153,627.4639999999999,1.010721890326087,0.5653665660869563,2.0393,0.2195,True
1567,right_toe_tip,871.54,464.38,0.7046869565217391,0.3176782608695652,0.033,0.0277,True
1568,left_shoulder,,,,,,0.1357,False
1568,left_toe_tip,874.576,463.786,0.7209642365217391,0.3189840147826085,0.0054,0.9019,True
1568,right_shoulder,1123.804,631.412,1.0231402852173914,0.5739773773913045,2.0689,0.248,True
1568,right_toe_tip,875.74,466.685,0.7084371358695652,0.3206058192934782,0.04125,0.0326,True
1569,left_shoulder,,,,,,0.012,True
1569,left_toe_tip,877.5459999999999,465.718,0.7206422673913041,0.3207162369565218,0.021,0.5976,True
1569,right_shoulder,1135.1060000000002,639.308,1.048010243913044,0.5912221730434783,2.1106,0.1881,True
1569,right_toe_tip,879.94,468.99,0.7118654673913045,0.3233567445652174,0.0095,0.3745,True
1570,left_shoulder,,,,,,0.0169,False
1570,left_toe_tip,880.9936470588234,468.5197647058823,0.7235818844140209,0.3258298996690235,-0.0202941176470585,0.6265,True
1570,right_shoulder,1140.757,643.256,1.0604618077173913,0.5998561573913043,2.1097,0.1625,True
1570,right_toe_tip,884.6825,474.5,0.7111417605298913,0.3327811820652174,0.001125,0.2846,True
1571,left_shoulder,,,,,,0.0089,True
1571,left_toe_tip,884.9349411764706,472.069294117647,0.7305137638182638,0.3342445200391152,-0.0608823529411765,0.3066,True
1571,right_shoulder,1146.408,647.204,1.0729244278260872,0.6084978660869564,2.1023,0.3114,True
1571,right_toe_tip,892.2146666666667,482.03533333333337,0.737133916183575,0.3566659479468599,-0.051833333333333,0.6284,True
1572,left_shoulder,,,,,,0.0088,True
1572,left_toe_tip,889.7078823529412,476.5445882352941,0.741894252613209,0.3462596349390702,-0.069364705882353,0.0383,True
1572,right_shoulder,1152.0590000000002,651.1519999999999,1.0853981042391307,0.6171472991304346,2.1449000000000003,0.009,True
1572,right_toe_tip,907.062,495.824,0.7915775736956526,0.4025852886956521,-0.3444000000000001,0.5313,True
1573,left_shoulder,,,,,,0.0074,True
1573,left_toe_tip,894.1164705882354,481.1976470588235,0.7562564656988118,0.36068698736272,-0.1109411764705882,0.0226,True
1573,right_shoulder,1157.71,655.1,1.097882836956522,0.6258044565217392,2.2025,0.2251,True
1573,right_toe_tip,924.916,512.9200000000001,0.8756211939130433,0.4699630521739132,-0.6034,0.0122,True
1574,left_shoulder,,,,,,0.008,True
1574,left_toe_tip,896.824705882353,485.1064705882353,0.7753347386791036,0.3776871557093426,-0.2264117647058824,0.1349,True
1574,right_shoulder,,,,,,0.0215,True
1574,right_toe_tip,941.840909090909,530.3525454545454,0.9672330870463526,0.5458856419511317,-0.941090909090909,0.0429,True
1575,left_shoulder,,,,,,0.0044,False
1575,left_toe_tip,898.1788235294118,487.0608823529412,0.7849610183541451,0.3863130145272305,-0.2901470588235297,0.0537,True
1575,right_shoulder,,,,,,0.0059,False
1575,right_toe_tip,957.4027272727274,545.5576363636363,1.0713282962630255,0.6263120299317283,0.267727272727273,0.6108,True
1576,left_shoulder,,,,,,0.0081,True
1576,left_toe_tip,899.5329411764707,489.0152941176471,0.7946453934857833,0.3950227231081692,-0.3238823529411765,0.1791,True
1576,right_shoulder,,,,,,0.0109,True
1576,right_toe_tip,969.028787878788,557.7919393939394,1.1516766206032665,0.692317392080888,0.2597878787878785,0.0192,True
1577,left_shoulder,,,,,,0.0083,True
1577,left_toe_tip,900.8870588235296,490.969705882353,0.8043878640740187,0.4038162814521591,-0.3506176470588238,0.0501,True
1577,right_shoulder,,,,,,0.0653,True
1577,right_toe_tip,976.719090909091,567.0554545454545,1.2052014734099896,0.7411030310815665,0.219090909090909,0.0121,True
1578,left_shoulder,,,,,,0.0053,False
1578,left_toe_tip,902.2411764705882,492.9241176470589,0.8141884301188508,0.4126936895591997,-0.4183529411764707,0.0283,True
1578,right_shoulder,,,,,,0.023,True
1578,right_toe_tip,980.4736363636364,573.348181818182,1.2299105459037014,0.7706886840639603,0.212636363636363,0.0216,True
1579,left_shoulder,,,,,,0.0076,True
1579,left_toe_tip,,,,,,0.0128,True
1579,right_shoulder,,,,,,0.0076,True
1579,right_toe_tip,982.3509090909092,576.4945454545455,1.242358296532519,0.7856377405677328,0.1974090909090905,0.0208,True
1580,left_shoulder,,,,,,0.0066,True
1580,left_toe_tip,,,,,,0.0463,True
1580,right_shoulder,,,,,,0.008,True
1580,right_toe_tip,984.2281818181818,579.6409090909092,1.2548681900826448,0.8006909504132236,0.1821818181818175,0.0129,True
1581,left_shoulder,,,,,,0.0091,True
1581,left_toe_tip,,,,,,0.0245,True
1581,right_shoulder,,,,,,0.0096,True
1581,right_toe_tip,986.1054545454548,582.7872727272728,1.2674402265540792,0.8158483136004318,0.1569545454545446,0.0183,True
1582,left_shoulder,,,,,,0.0104,True
1582,left_toe_tip,,,,,,0.0429,True
1582,right_shoulder,,,,,,0.0104,True
1582,right_toe_tip,987.9827272727272,585.9336363636364,1.28007440594682,0.831109830129357,0.151727272727273,0.1648,True
1583,left_shoulder,,,,,,0.0107,True
1583,left_toe_tip,,,,,,0.18,True
1583,right_shoulder,,,,,,0.0103,True
1583,right_toe_tip,,,,,,0.0754,True
1584,left_shoulder,,,,,,0.0073,True
1584,left_toe_tip,,,,,,0.0155,True
1584,right_shoulder,,,,,,0.0061,False
1584,right_toe_tip,,,,,,0.0145,False
1585,left_shoulder,,,,,,0.0088,True
1585,left_toe_tip,,,,,,0.0112,True
1585,right_shoulder,,,,,,0.0083,True
1585,right_toe_tip,,,,,,0.0119,False
1586,left_shoulder,,,,,,0.0085,True
1586,left_toe_tip,934.74,539.83,1.0668306521739133,0.6509064130434785,-1.369,0.0151,False
1586,right_shoulder,,,,,,0.0062,True
1586,right_toe_tip,,,,,,0.0444,True
1587,left_shoulder,,,,,,0.0136,True
1587,left_toe_tip,942.65,546.3637500000001,1.1059061277173912,0.6809873223505438,-0.03575,0.0503,True
1587,right_shoulder,,,,,,0.0075,True
1587,right_toe_tip,,,,,,0.0328,True
1588,left_shoulder,,,,,,0.0107,True
1588,left_toe_tip,950.56,552.8975,1.145527565217391,0.7115192024456523,-0.0335,0.4075,True
1588,right_shoulder,,,,,,0.0079,True
1588,right_toe_tip,,,,,,0.0353,False
1589,left_shoulder,,,,,,0.0089,True
1589,left_toe_tip,958.47,559.4312500000001,1.1856949646739132,0.7425020533288048,-0.00475,0.1197,True
1589,right_shoulder,,,,,,0.0063,True
1589,right_toe_tip,,,,,,0.0742,True
1590,left_shoulder,,,,,,0.0095,True
1590,left_toe_tip,966.38,565.965,1.226408326086956,0.773935875,-0.0275,0.2418,True
1590,right_shoulder,,,,,,0.0072,True
1590,right_toe_tip,,,,,,0.2176,True
1591,left_shoulder,,,,,,0.0076,True
1591,left_toe_tip,980.0261904761904,577.5991904761906,1.2987240506260471,0.8311162786384705,0.0075761904761907,0.0118,True
1591,right_shoulder,,,,,,0.0056,True
1591,right_toe_tip,,,,,,0.0084,True
1592,left_shoulder,,,,,,0.0068,True
1592,left_toe_tip,991.4985714285716,587.8000714285715,1.3617786036157946,0.8825448761080307,-0.0237714285714291,0.3121,True
1592,right_shoulder,,,,,,0.0051,True
1592,right_toe_tip,,,,,,0.0076,True
1593,left_shoulder,,,,,,0.0087,True
1593,left_toe_tip,1000.797142857143,596.5676428571429,1.4149690806122452,0.927767602219388,-0.0340428571428574,0.2485,True
1593,right_shoulder,,,,,,0.0081,True
1593,right_toe_tip,,,,,,0.0485,True
1594,left_shoulder,,,,,,0.0098,False
1594,left_toe_tip,1007.9219047619048,603.9019047619047,1.457785807946367,0.966391863846988,-0.0567380952380954,0.0721,True
1594,right_shoulder,,,,,,0.0065,False
1594,right_toe_tip,,,,,,0.0208,True
1595,left_shoulder,,,,,,0.0077,True
1595,left_toe_tip,1012.8728571428572,609.8028571428572,1.489812342724046,0.9980865399290152,-0.0728571428571426,0.047,True
1595,right_shoulder,,,,,,0.008,True
1595,right_toe_tip,1051.81,692.91,1.7466115434782608,1.4119726304347824,0.0055,0.0365,True
1596,left_shoulder,,,,,,0.0085,True
1596,left_toe_tip,1015.3483333333334,612.7533333333334,1.505949191727053,1.0140811727053145,-0.0631666666666665,0.0074,True
1596,right_shoulder,,,,,,0.0059,True
1596,right_toe_tip,1054.1563636363635,693.9422727272727,1.761310432626661,1.4201786100431186,0.0004545454545454,0.0144,True
1597,left_shoulder,,,,,,0.0084,True
1597,left_toe_tip,1017.8238095238096,615.7038095238096,1.522168428472839,1.0301740019718035,-0.0784761904761903,0.0335,True
1597,right_shoulder,,,,,,0.0062,True
1597,right_toe_tip,1056.5027272727273,694.9745454545455,1.7760631119295724,1.428408254401725,-0.0100909090909094,0.323,True
1598,left_shoulder,,,,,,0.0099,True
1598,left_toe_tip,1020.2992857142858,618.6542857142858,1.5384700529614022,1.046365027728483,-0.0737857142857137,0.0175,True
1598,right_shoulder,,,,,,0.0083,True
1598,right_toe_tip,1058.8490909090908,696.0068181818182,1.790869581386992,1.4366615635106,-0.0206363636363635,0.0155,True
1599,left_shoulder,,,,,,0.0092,True
1599,left_toe_tip,1022.774761904762,621.604761904762,1.5548540651927438,1.0626542499753528,-0.064095238095238,0.0213,True
1599,right_shoulder,,,,,,0.0132,False
1599,right_toe_tip,1061.1954545454544,697.0390909090909,1.8057298409989213,1.4449385373697448,-0.0311818181818184,0.0083,True
1600,left_shoulder,,,,,,0.0081,True
1600,left_toe_tip,,,,,,0.0195,True
1600,right_shoulder,,,,,,0.0072,True
1600,right_toe_tip,1065.888181818182,699.1036363636364,1.83561173068631,1.461563479338843,-0.040272727272727,0.0075,True
1601,left_shoulder,,,,,,0.0075,True
1601,left_toe_tip,,,,,,0.0108,True
1601,right_shoulder,,,,,,0.0059,True
1601,right_toe_tip,1068.2345454545457,700.1359090909091,1.850633360761768,1.4699114474487964,-0.0508181818181819,0.0149,True
1602,left_shoulder,,,,,,0.0067,True
1602,left_toe_tip,,,,,,0.0217,True
1602,right_shoulder,,,,,,0.0066,True
1602,right_toe_tip,1070.580909090909,701.1681818181818,1.865708780991735,1.4782830803090188,-0.049363636363636,0.0156,True
1603,left_shoulder,,,,,,0.0075,True
1603,left_toe_tip,,,,,,0.0232,True
1603,right_shoulder,,,,,,0.0077,True
1603,right_toe_tip,1072.9272727272728,702.2004545454545,1.880837991376213,1.4866783779195112,-0.0489090909090909,0.0743,True
1604,left_shoulder,,,,,,0.0089,False
1604,left_toe_tip,,,,,,0.0302,False
1604,right_shoulder,,,,,,0.0084,True
1604,right_toe_tip,1075.2736363636363,703.2327272727273,1.8960209919151996,1.4950973402802732,-0.0534545454545455,0.0508,True
1605,left_shoulder,,,,,,0.0075,True
1605,left_toe_tip,,,,,,0.0184,True
1605,right_shoulder,,,,,,0.0077,True
1605,right_toe_tip,,,,,,0.1511,True
1606,left_shoulder,,,,,,0.0083,True
1606,left_toe_tip,,,,,,0.022,True
1606,right_shoulder,,,,,,0.0099,True
1606,right_toe_tip,1103.43,715.62,2.082412630434783,1.5979707391304347,0.013,0.1998,True
1607,left_shoulder,,,,,,0.008,True
1607,left_toe_tip,,,,,,0.0314,True
1607,right_shoulder,,,,,,0.0069,True
1607,right_toe_tip,1107.086,714.442,2.1014808382608696,1.5946807895652173,0.0078000000000001,0.2995,True
1608,left_shoulder,,,,,,0.0078,True
1608,left_toe_tip,,,,,,0.0194,True
1608,right_shoulder,,,,,,0.0079,False
1608,right_toe_tip,1110.742,713.264,2.120590374782609,1.5913775234782614,0.0155999999999994,0.3143,True
1609,left_shoulder,,,,,,0.0077,True
1609,left_toe_tip,,,,,,0.0498,True
1609,right_shoulder,,,,,,0.0066,True
1609,right_toe_tip,1114.398,712.086,2.1397412400000007,1.5880609408695656,0.0103999999999996,0.0766,True
1610,left_shoulder,,,,,,0.0079,True
1610,left_toe_tip,,,,,,0.0401,True
1610,right_shoulder,,,,,,0.0063,True
1610,right_toe_tip,1118.054,710.908,2.158933433913044,1.5847310417391305,-0.0013000000000001,0.0546,True
1611,left_shoulder,,,,,,0.0106,False
1611,left_toe_tip,1101.99,716.02,2.122643184782609,1.6357571086956522,-0.08,0.0447,True
1611,right_shoulder,,,,,,0.0098,False
1611,right_toe_tip,1125.366,708.552,2.197441807826087,1.5780312939130434,-0.0181999999999998,0.1228,True
1612,left_shoulder,,,,,,0.0067,True
1612,left_toe_tip,1102.235,716.0,2.093874307065218,1.6126413043478265,-0.0205,0.1593,True
1612,right_shoulder,,,,,,0.0094,False
1612,right_toe_tip,1129.022,707.374,2.2167579878260866,1.5746614452173913,-0.0233999999999996,0.2127,True
1613,left_shoulder,,,,,,0.0068,True
1613,left_toe_tip,1102.235,716.0,2.093874307065218,1.6126413043478265,-0.0205,0.3472,True
1613,right_shoulder,,,,,,0.0061,True
1613,right_toe_tip,1132.678,706.196,2.236115496521739,1.5712782799999998,-0.0350999999999994,0.3963,True
1614,left_shoulder,,,,,,0.0119,True
1614,left_toe_tip,1102.235,716.0,2.093874307065218,1.6126413043478265,-0.0205,0.3168,True
1614,right_shoulder,,,,,,0.0061,True
1614,right_toe_tip,1136.334,705.018,2.255514333913044,1.56788179826087,-0.0273000000000001,0.1648,True
1615,left_shoulder,,,,,,0.0067,True
1615,left_toe_tip,1102.235,716.0,2.093874307065218,1.6126413043478265,-0.0205,0.2322,True
1615,right_shoulder,,,,,,0.0055,False
1615,right_toe_tip,1139.99,703.84,2.2749545,1.564472,-0.006,0.0763,True
1616,left_shoulder,,,,,,0.0061,True
1616,left_toe_tip,1102.48,715.98,2.0650737391304346,1.5895280869565216,0.039,0.2467,True
1616,right_shoulder,,,,,,0.0053,True
1616,right_toe_tip,,,,,,0.0758,True
1617,left_shoulder,,,,,,0.0066,False
1617,left_toe_tip,,,,,,0.2202,True
1617,right_shoulder,,,,,,0.0059,True
1617,right_toe_tip,,,,,,0.0711,True
1618,left_shoulder,,,,,,0.007,True
1618,left_toe_tip,,,,,,0.2336,True
1618,right_shoulder,,,,,,0.0062,True
1618,right_toe_tip,,,,,,0.0599,True
1619,left_shoulder,,,,,,0.0073,True
1619,left_toe_tip,,,,,,0.1678,True
1619,right_shoulder,,,,,,0.0061,True
1619,right_toe_tip,,,,,,0.073,True
1620,left_shoulder,,,,,,0.0093,True
1620,left_toe_tip,,,,,,0.0517,True
1620,right_shoulder,,,,,,0.0064,True
1620,right_toe_tip,,,,,,0.0563,False
1621,left_shoulder,,,,,,0.0088,True
1621,left_toe_tip,,,,,,0.0351,True
1621,right_shoulder,,,,,,0.0068,True
1621,right_toe_tip,,,,,,0.0423,True
1622,left_shoulder,,,,,,0.0084,True
1622,left_toe_tip,,,,,,0.0289,True
1622,right_shoulder,,,,,,0.0113,False
1622,right_toe_tip,,,,,,0.0565,True
1623,left_shoulder,,,,,,0.0088,True
1623,left_toe_tip,,,,,,0.0218,True
1623,right_shoulder,,,,,,0.0083,False
1623,right_toe_tip,,,,,,0.037,True
1624,left_shoulder,,,,,,0.0077,True
1624,left_toe_tip,,,,,,0.0352,False
1624,right_shoulder,,,,,,0.006,True
1624,right_toe_tip,,,,,,0.0226,False
1625,left_shoulder,,,,,,0.0074,True
1625,left_toe_tip,,,,,,0.0223,True
1625,right_shoulder,,,,,,0.0088,True
1625,right_toe_tip,,,,,,0.0165,True
1626,left_shoulder,,,,,,0.0086,True
1626,left_toe_tip,,,,,,0.0262,False
1626,right_shoulder,,,,,,0.0068,True
1626,right_toe_tip,,,,,,0.0099,True
1627,left_shoulder,,,,,,0.0083,True
1627,left_toe_tip,,,,,,0.0158,True
1627,right_shoulder,,,,,,0.0068,True
1627,right_toe_tip,,,,,,0.0143,True
1628,left_shoulder,,,,,,0.0092,True
1628,left_toe_tip,,,,,,0.0105,True
1628,right_shoulder,,,,,,0.0061,True
1628,right_toe_tip,,,,,,0.0085,True
1629,left_shoulder,,,,,,0.0137,True
1629,left_toe_tip,,,,,,0.0102,True
1629,right_shoulder,,,,,,0.0062,True
1629,right_toe_tip,,,,,,0.0123,True
1630,left_shoulder,,,,,,0.0069,True
1630,left_toe_tip,,,,,,0.0091,True
1630,right_shoulder,,,,,,0.0066,True
1630,right_toe_tip,,,,,,0.0142,True
1631,left_shoulder,,,,,,0.0073,True
1631,left_toe_tip,,,,,,0.0191,True
1631,right_shoulder,,,,,,0.0059,True
1631,right_toe_tip,,,,,,0.0139,True
1632,left_shoulder,,,,,,0.0068,True
1632,left_toe_tip,,,,,,0.0063,True
1632,right_shoulder,,,,,,0.0065,True
1632,right_toe_tip,,,,,,0.0094,True
1633,left_shoulder,,,,,,0.0076,True
1633,left_toe_tip,,,,,,0.0369,True
1633,right_shoulder,,,,,,0.0054,True
1633,right_toe_tip,,,,,,0.0173,False
1634,left_shoulder,,,,,,0.0084,True
1634,left_toe_tip,,,,,,0.0156,True
1634,right_shoulder,,,,,,0.0063,True
1634,right_toe_tip,,,,,,0.0104,True
1635,left_shoulder,,,,,,0.0083,True
1635,left_toe_tip,,,,,,0.0256,True
1635,right_shoulder,,,,,,0.006,True
1635,right_toe_tip,,,,,,0.0353,True
1636,left_shoulder,,,,,,0.0102,True
1636,left_toe_tip,,,,,,0.0114,True
1636,right_shoulder,,,,,,0.0062,True
1636,right_toe_tip,,,,,,0.0119,True
1637,left_shoulder,,,,,,0.0117,True
1637,left_toe_tip,,,,,,0.0165,True
1637,right_shoulder,,,,,,0.0117,False
1637,right_toe_tip,,,,,,0.027,True
1638,left_shoulder,,,,,,0.0136,True
1638,left_toe_tip,,,,,,0.02,True
1638,right_shoulder,,,,,,0.0063,True
1638,right_toe_tip,,,,,,0.0228,True
1639,left_shoulder,,,,,,0.013,True
1639,left_toe_tip,,,,,,0.0098,True
1639,right_shoulder,,,,,,0.0116,False
1639,right_toe_tip,,,,,,0.0096,True
1640,left_shoulder,,,,,,0.0078,True
1640,left_toe_tip,,,,,,0.0118,True
1640,right_shoulder,,,,,,0.0102,True
1640,right_toe_tip,,,,,,0.0132,True
1641,left_shoulder,,,,,,0.0078,True
1641,left_toe_tip,,,,,,0.0109,False
1641,right_shoulder,,,,,,0.0058,True
1641,right_toe_tip,,,,,,0.0085,True
1642,left_shoulder,,,,,,0.007,True
1642,left_toe_tip,,,,,,0.0437,True
1642,right_shoulder,,,,,,0.0057,True
1642,right_toe_tip,,,,,,0.0468,True
1643,left_shoulder,,,,,,0.0069,True
1643,left_toe_tip,,,,,,0.0291,True
1643,right_shoulder,,,,,,0.0055,False
1643,right_toe_tip,,,,,,0.025,True
1644,left_shoulder,,,,,,0.0065,True
1644,left_toe_tip,,,,,,0.0207,True
1644,right_shoulder,,,,,,0.0053,True
1644,right_toe_tip,,,,,,0.0314,True
1645,left_shoulder,,,,,,0.0069,True
1645,left_toe_tip,,,,,,0.0196,True
1645,right_shoulder,,,,,,0.0105,True
1645,right_toe_tip,,,,,,0.0182,True
1646,left_shoulder,,,,,,0.0089,False
1646,left_toe_tip,,,,,,0.0107,True
1646,right_shoulder,,,,,,0.011,False
1646,right_toe_tip,,,,,,0.0085,True
1647,left_shoulder,,,,,,0.0099,True
1647,left_toe_tip,,,,,,0.0289,True
1647,right_shoulder,,,,,,0.0054,True
1647,right_toe_tip,,,,,,0.0327,True
1648,left_shoulder,,,,,,0.007,True
1648,left_toe_tip,,,,,,0.0106,True
1648,right_shoulder,,,,,,0.0055,True
1648,right_toe_tip,,,,,,0.0263,True
1649,left_shoulder,,,,,,0.0078,True
1649,left_toe_tip,,,,,,0.0108,True
1649,right_shoulder,,,,,,0.0059,False
1649,right_toe_tip,,,,,,0.0205,True
1650,left_shoulder,,,,,,0.0084,False
1650,left_toe_tip,,,,,,0.0147,True
1650,right_shoulder,,,,,,0.0064,False
1650,right_toe_tip,,,,,,0.0109,True
1651,left_shoulder,,,,,,0.0071,True
1651,left_toe_tip,,,,,,0.0091,True
1651,right_shoulder,,,,,,0.0055,True
1651,right_toe_tip,,,,,,0.0148,True
1652,left_shoulder,,,,,,0.0077,True
1652,left_toe_tip,,,,,,0.0296,True
1652,right_shoulder,,,,,,0.0072,False
1652,right_toe_tip,,,,,,0.0233,True
1653,left_shoulder,,,,,,0.0071,True
1653,left_toe_tip,,,,,,0.0114,True
1653,right_shoulder,,,,,,0.0055,True
1653,right_toe_tip,,,,,,0.0191,True
1654,left_shoulder,,,,,,0.0075,True
1654,left_toe_tip,,,,,,0.0171,True
1654,right_shoulder,,,,,,0.0052,True
1654,right_toe_tip,,,,,,0.025,True
1655,left_shoulder,,,,,,0.0073,True
1655,left_toe_tip,,,,,,0.0234,True
1655,right_shoulder,,,,,,0.005,False
1655,right_toe_tip,,,,,,0.0426,True
1656,left_shoulder,,,,,,0.0089,False
1656,left_toe_tip,,,,,,0.025,True
1656,right_shoulder,,,,,,0.0082,False
1656,right_toe_tip,,,,,,0.0194,True
1657,left_shoulder,,,,,,0.0088,False
1657,left_toe_tip,,,,,,0.0122,False
1657,right_shoulder,,,,,,0.0092,False
1657,right_toe_tip,,,,,,0.0137,True
1658,left_shoulder,,,,,,0.0102,True
1658,left_toe_tip,,,,,,0.0149,True
1658,right_shoulder,,,,,,0.0053,True
1658,right_toe_tip,,,,,,0.0137,True
1659,left_shoulder,,,,,,0.0077,True
1659,left_toe_tip,,,,,,0.0146,True
1659,right_shoulder,,,,,,0.0075,True
1659,right_toe_tip,,,,,,0.0139,True
1660,left_shoulder,,,,,,0.0079,True
1660,left_toe_tip,,,,,,0.0133,True
1660,right_shoulder,,,,,,0.0051,True
1660,right_toe_tip,,,,,,0.0081,True
1661,left_shoulder,,,,,,0.0082,True
1661,left_toe_tip,,,,,,0.0119,True
1661,right_shoulder,,,,,,0.0054,True
1661,right_toe_tip,,,,,,0.0174,True
1662,left_shoulder,,,,,,0.0176,True
1662,left_toe_tip,,,,,,0.0227,False
1662,right_shoulder,,,,,,0.0117,False
1662,right_toe_tip,,,,,,0.0106,True
