frame,body_part,color_x,color_y,x_m,y_m,h_m,confidence,valid
0,occipital_protuberance,464.7433333333333,300.24333333333334,-0.4803048647342995,-0.1637679082125604,0.1756666666666665,0.8963,True
0,tail_base,536.6966666666667,427.27,-0.2977830869565216,0.1939130869565217,0.0285,0.9583,True
0,tail_tip,601.6866666666666,439.28,-0.1089014855072465,0.2253447826086956,0.079,0.9629,True
0,withers,470.15,338.00333333333333,-0.4579796014492752,-0.0593113019323671,0.2953333333333335,0.9677,True
1,occipital_protuberance,465.5725,299.3725,-0.4775900788043478,-0.1660007309782608,0.178,0.9343,True
1,tail_base,535.45,427.115,-0.3021722282608694,0.1939769402173913,0.024,0.9322,True
1,tail_tip,600.35,438.095,-0.1120651222826086,0.2207244823369566,0.09375,0.9426,True
1,withers,470.1075,337.1875,-0.4586635835597826,-0.0615875509510869,0.29225,0.9914,True
2,occipital_protuberance,466.788,298.342,-0.4747138443478261,-0.1689831317391305,0.1755999999999999,0.9199,True
2,tail_base,534.27,426.962,-0.3056976086956522,0.1936075217391304,0.023,0.9781,True
2,tail_tip,599.392,436.762,-0.1142055860869563,0.2158847813043478,0.1010999999999999,0.964,True
2,withers,470.138,336.288,-0.4562271760869564,-0.0636873391304347,0.305,0.9803,True
3,occipital_protuberance,469.378,296.354,-0.4669108121739129,-0.1741686626086956,0.1794000000000001,0.9291,True
3,tail_base,532.104,426.40600000000006,-0.3127107547826085,0.192461911304348,0.0140999999999999,1.0,True
3,tail_tip,597.4739999999999,434.574,-0.118712253478261,0.2081749421739129,0.1203000000000001,1.0,True
3,withers,470.102,334.598,-0.4571733573913042,-0.0683534686956521,0.3004000000000001,0.9406,True
4,occipital_protuberance,472.744,294.326,-0.4575178800000001,-0.1796469439130434,0.1804000000000001,0.8447,True
4,tail_base,529.7900000000001,425.814,-0.3207350586956519,0.1915330473913044,0.0030999999999999,0.967,True
4,tail_tip,596.0719999999999,432.374,-0.1214322713043481,0.2000669095652172,0.1508000000000001,0.9562,True
4,withers,470.41399999999993,332.74799999999993,-0.4554490095652175,-0.0731893930434784,0.2941999999999998,0.9684,True
5,occipital_protuberance,476.878,292.238,-0.4465642056521739,-0.1855058404347825,0.1784000000000001,0.9236,True
5,tail_base,527.502,424.892,-0.3281762308695654,0.1893012495652173,-0.0033000000000001,0.8929,True
5,tail_tip,595.0260000000001,430.442,-0.123932700869565,0.1941136504347826,0.1588000000000002,0.9746,True
5,withers,471.174,330.52200000000005,-0.4542887452173913,-0.0793214530434781,0.2894000000000001,0.9474,True
6,occipital_protuberance,481.978,290.31000000000006,-0.4322588752173915,-0.1906324499999998,0.1804000000000001,0.9312,True
6,tail_base,525.4219999999999,423.78,-0.3335714295652176,0.1856829913043479,0.0070999999999999,0.9065,True
6,tail_tip,594.328,428.992,-0.1254689269565218,0.1895330226086957,0.1720999999999999,0.9881,True
6,withers,472.258,328.274,-0.4523928808695652,-0.0855636426086956,0.2778000000000001,0.9161,True
7,occipital_protuberance,487.73,288.536,-0.4151012608695651,-0.1948170782608695,0.194,0.8953,True
7,tail_base,523.386,422.518,-0.3401833186956523,0.1823758786956522,0.0046999999999998,0.9618,True
7,tail_tip,593.4359999999999,428.096,-0.1288911765217393,0.1884926886956521,0.1529000000000001,0.9674,True
7,withers,473.918,325.804,-0.4512375730434783,-0.0929090452173913,0.2424000000000001,0.9711,True
8,occipital_protuberance,493.472,287.048,-0.3988428452173911,-0.198572172173913,0.1978000000000001,0.8858,True
8,tail_base,521.266,421.266,-0.3474776321739132,0.1792962808695651,0.0045999999999999,0.964,True
8,tail_tip,592.054,427.71400000000006,-0.133925685652174,0.1891428665217393,0.1271999999999998,0.9447,True
8,withers,476.3,323.47200000000004,-0.4426305652173912,-0.0987685356521738,0.2344,0.9723,True
9,occipital_protuberance,499.684,285.71000000000004,-0.3819340513043477,-0.2022141499999999,0.2038000000000001,0.9539,True
9,tail_base,519.074,419.812,-0.3528673256521741,0.1745340165217391,0.0179,0.9487,True
9,tail_tip,590.19,427.392,-0.1403234326086954,0.189854984347826,0.1021999999999998,0.9378,True
9,withers,479.164,321.044,-0.4353760591304347,-0.1054521982608696,0.2175999999999999,0.911,True
10,occipital_protuberance,506.328,284.49,-0.3625998295652174,-0.2048290826086956,0.2094,0.9413,True
10,tail_base,516.842,418.284,-0.3589520230434783,0.1698725191304347,0.0320999999999999,0.9655,True
10,tail_tip,587.862,427.13,-0.1472218439130435,0.1895546891304348,0.0881999999999998,1.0,True
10,withers,482.4860000000001,318.43999999999994,-0.4259041591304346,-0.1123746260869566,0.2064,0.9288,True
11,occipital_protuberance,512.586,283.09399999999994,-0.3457628178260869,-0.2086994778260871,0.2004,0.9506,True
11,tail_base,514.408,416.658,-0.3672473895652173,0.1656753821739131,0.0263000000000001,0.9372,True
11,tail_tip,585.0360000000001,427.114,-0.156456220869565,0.1910414600000001,0.0641999999999998,0.9834,True
11,withers,486.268,315.464,-0.4142743199999998,-0.1200148382608695,0.2093000000000001,0.9555,True
12,occipital_protuberance,518.376,282.14,-0.3306850800000001,-0.2116945695652174,0.1870999999999999,0.9239,True
12,tail_base,511.8,414.774,-0.3750407391304348,0.1602377647826087,0.0390999999999999,0.9086,True
12,tail_tip,581.9,427.062,-0.1642335434782609,0.1895667795652174,0.0769000000000001,0.9938,True
12,withers,490.346,312.502,-0.3988604434782608,-0.1265924956521739,0.2365,0.9652,True
13,occipital_protuberance,524.366,281.19,-0.3143987908695653,-0.2142775369565217,0.1870999999999999,0.942,True
13,tail_base,508.892,412.53600000000006,-0.3851725026086957,0.154341631304348,0.0561999999999998,0.9551,True
13,tail_tip,578.87,427.05,-0.1730111891304347,0.1897660760869565,0.0711999999999998,0.9964,True
13,withers,494.316,309.29599999999994,-0.3867593495652174,-0.1346080973913045,0.2435999999999999,0.9762,True
14,occipital_protuberance,530.304,280.784,-0.2981346504347826,-0.2152953113043478,0.1960999999999999,0.9297,True
14,tail_base,505.744,410.192,-0.3960552,0.1480664,0.086,0.9628,True
14,tail_tip,575.564,427.04800000000006,-0.1827320913043479,0.1901393826086958,0.066,0.9565,True
14,withers,498.208,306.086,-0.3737760417391305,-0.1421219921739129,0.2633000000000002,0.9636,True
15,occipital_protuberance,535.356,281.02,-0.2848364182608696,-0.2149801260869565,0.2093000000000001,0.8999,True
15,tail_base,502.648,408.046,-0.4083833269565219,0.1428532917391304,0.0825999999999999,0.9577,True
15,tail_tip,572.132,426.65,-0.1934533078260871,0.1899814782608695,0.0525999999999999,1.0,True
15,withers,501.712,302.95,-0.3614126817391305,-0.1490989347826087,0.2865999999999999,0.8959,True
16,occipital_protuberance,540.2320000000001,281.992,-0.2715641582608693,-0.212334384347826,0.2208000000000002,0.9592,True
16,tail_base,499.582,405.884,-0.4183540630434783,0.1367043956521739,0.08,0.9849,True
16,tail_tip,568.4019999999999,425.434,-0.2040854295652176,0.1865153495652174,0.0500999999999999,0.9824,True
16,withers,505.016,300.254,-0.3505182347826088,-0.1551447760869564,0.302,0.971,True
17,occipital_protuberance,545.0319999999999,283.37,-0.2581065078260872,-0.2082670130434782,0.2300999999999999,0.9592,True
17,tail_base,496.45,403.596,-0.4274981413043479,0.1298307834782608,0.0751999999999998,0.9334,True
17,tail_tip,564.384,423.454,-0.2172973704347826,0.1823474839130435,0.0311999999999998,0.9889,True
17,withers,508.112,297.974,-0.3428514573913044,-0.161240632173913,0.2994000000000001,0.9784,True
18,occipital_protuberance,549.53,285.278,-0.2461570695652174,-0.2033088156521738,0.2328000000000001,0.9766,True
18,tail_base,493.416,401.384,-0.4365335252173913,0.1232433513043478,0.0721999999999998,0.9748,True
18,tail_tip,560.38,420.742,-0.2289075,0.17463325,0.03,0.9337,True
18,withers,511.17,296.146,-0.3347619543478262,-0.1659232308695652,0.3004000000000001,0.9274,True
19,occipital_protuberance,553.404,286.994,-0.2356164208695652,-0.1986398034782607,0.2388000000000001,0.9271,True
19,tail_base,490.554,399.022,-0.4469410047826088,0.1167012291304347,0.0545999999999999,0.9204,True
19,tail_tip,556.678,417.958,-0.23955075,0.1666292499999999,0.035,0.9555,True
19,withers,514.222,294.958,-0.3269407708695652,-0.1690667813043479,0.2995999999999999,1.0,True
20,occipital_protuberance,557.654,288.97200000000004,-0.2238021069565217,-0.1930417513043477,0.2525999999999999,0.954,True
20,tail_base,487.808,396.42,-0.4545908869565218,0.108784956521739,0.058,0.9498,True
20,tail_tip,553.284,415.588,-0.2498174852173913,0.1601417773913044,0.0355999999999999,0.9559,True
20,withers,517.5740000000001,294.226,-0.3181212995652172,-0.1709123091304348,0.3004000000000001,0.9859,True
21,occipital_protuberance,561.944,291.11600000000004,-0.2120577895652175,-0.1871398582608694,0.2710999999999999,0.9947,True
21,tail_base,485.358,393.804,-0.464631974347826,0.1015663226086955,0.0418000000000001,0.9653,True
21,tail_tip,550.514,414.122,-0.2584005517391304,0.1562831578260868,0.0319,0.9646,True
21,withers,521.078,293.904,-0.3075943382608695,-0.1709587408695652,0.3114,0.9407,True
22,occipital_protuberance,566.4259999999999,293.52200000000005,-0.1999613365217393,-0.1806756426086955,0.3085999999999999,1.0,True
22,tail_base,483.56000000000006,391.50200000000007,-0.4743532869565215,0.0955195426086958,0.0164,0.9601,True
22,tail_tip,548.098,413.838,-0.265476907826087,0.1555215965217392,0.0334,1.0,True
22,withers,524.826,294.23400000000004,-0.2980002060869565,-0.170162376521739,0.3105999999999999,0.9702,True
23,occipital_protuberance,570.528,296.158,-0.1887373008695651,-0.1734420595652173,0.3305999999999999,0.9445,True
23,tail_base,482.398,389.35,-0.4790758186956522,0.0892176195652174,0.0094,0.9681,True
23,tail_tip,545.846,414.392,-0.2729851952173913,0.1577013269565217,0.0240999999999999,0.9778,True
23,withers,528.388,294.836,-0.2896331399999999,-0.1691005800000001,0.3035999999999999,0.9506,True
24,occipital_protuberance,574.896,299.302,-0.1770828800000001,-0.1650985599999999,0.3395999999999999,0.957,True
24,tail_base,481.648,387.076,-0.481768747826087,0.0823757869565218,0.007,0.9729,True
24,tail_tip,543.3520000000001,415.3860000000001,-0.2804472834782606,0.1607157234782611,0.0214,0.9409,True
24,withers,532.4480000000001,295.602,-0.2786999652173911,-0.1668748173913044,0.307,0.9302,True
25,occipital_protuberance,579.4739999999999,302.466,-0.1650649282608697,-0.1569052239130434,0.339,0.9625,True
25,tail_base,481.074,384.606,-0.4845170052173914,0.0750162052173912,-0.0018000000000001,0.9434,True
25,tail_tip,540.498,416.712,-0.2881448134782606,0.1642305547826086,0.0188000000000001,0.9668,True
25,withers,537.1099999999999,296.902,-0.2669100804347828,-0.1636844421739132,0.3104,0.8935,True
26,occipital_protuberance,584.118,305.592,-0.1528737147826085,-0.1488413634782609,0.3371999999999998,0.9502,True
26,tail_base,480.866,381.814,-0.4835251995652174,0.0662813647826085,0.0045999999999999,0.9117,True
26,tail_tip,537.29,418.0220000000001,-0.2973231217391305,0.1679610765217392,0.0173000000000001,0.9928,True
26,withers,542.46,298.562,-0.2541977217391303,-0.1601127704347825,0.3044000000000001,0.9727,True
27,occipital_protuberance,588.674,308.63800000000003,-0.1410014482608696,-0.141100346521739,0.3265999999999999,0.9965,True
27,tail_base,480.938,378.672,-0.4800906104347827,0.0563569669565218,0.0021999999999998,0.921,True
27,tail_tip,534.124,419.402,-0.3071094495652173,0.1723045404347827,0.0114,0.9942,True
27,withers,547.92,300.332,-0.2397082608695653,-0.1553313695652174,0.3185,0.9527,True
28,occipital_protuberance,593.9300000000001,311.934,-0.1269028195652172,-0.1324009317391303,0.3233000000000002,0.9403,True
28,tail_base,481.282,375.19,-0.4757054491304348,0.0455270717391304,0.0130999999999999,0.9554,True
28,tail_tip,530.258,420.804,-0.3189913656521738,0.1767413660869564,0.0033000000000001,0.9971,True
28,withers,554.3480000000001,302.57,-0.2245199599999998,-0.1505415086956522,0.3274000000000001,0.9552,True
29,occipital_protuberance,599.0020000000001,315.538,-0.1131010043478258,-0.1226571260869564,0.326,0.9518,True
29,tail_base,482.246,371.904,-0.4682893195652174,0.0353367652173912,0.028,1.0,True
29,tail_tip,525.818,422.054,-0.3320213982608695,0.1804422399999999,0.0048000000000001,0.9488,True
29,withers,560.72,305.116,-0.2078859478260868,-0.1439153930434782,0.3580999999999999,0.8967,True
30,occipital_protuberance,604.29,319.16,-0.0988235434782609,-0.1130202608695652,0.324,0.9655,True
30,tail_base,483.782,368.91,-0.4596884452173913,0.0262186434782607,0.0458000000000001,0.9521,True
30,tail_tip,520.732,422.872,-0.3488070443478261,0.1838732643478261,0.0089,0.9524,True
30,withers,566.742,308.004,-0.1936081534782609,-0.1374163852173914,0.3865999999999999,0.9472,True
31,occipital_protuberance,609.562,323.45,-0.0843992804347825,-0.1013467934782609,0.338,0.9552,True
31,tail_base,485.796,365.998,-0.4513148808695653,0.0175545813043478,0.0634000000000001,0.986,True
31,tail_tip,515.01,423.104,-0.3695084804347826,0.1865546295652173,0.0106999999999998,0.9659,True
31,withers,572.1659999999999,311.116,-0.180541665652174,-0.1301058286956522,0.3874000000000001,0.9378,True
32,occipital_protuberance,614.864,328.196,-0.0697797217391303,-0.0882906695652174,0.3605,0.9632,True
32,tail_base,487.97,362.962,-0.4431344000000001,0.0086335860869564,0.0774000000000001,0.9788,True
32,tail_tip,509.3059999999999,422.876,-0.3908034717391306,0.1880129086956522,0.0135,0.9584,True
32,withers,577.6800000000001,314.73,-0.1676543478260868,-0.1217861413043477,0.361,0.9299,True
33,occipital_protuberance,619.646,333.264,-0.0565044739130435,-0.0742214608695651,0.3995,0.9936,True
33,tail_base,490.472,360.06,-0.4347689130434781,0.0001744565217391,0.087,0.9509,True
33,tail_tip,504.744,422.03,-0.4061502452173912,0.1862653021739131,0.0344,1.0,True
33,withers,582.9219999999999,318.828,-0.152919406956522,-0.1103051582608696,0.3711999999999998,0.9523,True
34,occipital_protuberance,624.5619999999999,338.44,-0.0429075717391307,-0.0599227391304347,0.406,0.9637,True
34,tail_base,493.362,356.932,-0.4262065347826088,-0.0089172086956521,0.082,0.9552,True
34,tail_tip,501.986,420.8560000000001,-0.4192325265217391,0.1848567147826088,0.0174,0.9952,True
34,withers,587.982,323.204,-0.14070869,-0.0995331799999999,0.3534000000000001,0.9829,True
35,occipital_protuberance,629.088,344.556,-0.0304231304347827,-0.0430585434782609,0.392,0.9317,True
35,tail_base,496.47800000000007,354.06800000000004,-0.4158081943478259,-0.0171860356521737,0.0765999999999999,0.917,True
35,tail_tip,501.066,419.652,-0.4225405782608696,0.1814198869565218,0.017,0.9944,True
35,withers,593.148,328.162,-0.1271624391304347,-0.0864124847826087,0.345,0.9131,True
36,occipital_protuberance,633.824,350.658,-0.0172458086956522,-0.0260865195652173,0.3745,0.9571,True
36,tail_base,500.09,351.42,-0.4032449521739131,-0.0247290521739129,0.0734,0.974,True
36,tail_tip,501.8179999999999,418.852,-0.4198930426086958,0.178833316521739,0.0194,1.0,True
36,withers,598.576,333.57,-0.1125201913043477,-0.0717919239130435,0.355,0.9623,True
37,occipital_protuberance,638.7819999999999,357.236,-0.0034241686956523,-0.0077704452173913,0.3445999999999999,0.9571,True
37,tail_base,504.38,349.46200000000005,-0.3862221739130435,-0.0300103913043476,0.102,0.9441,True
37,tail_tip,503.24799999999993,418.104,-0.410910031304348,0.1745898886956521,0.0415999999999999,0.9457,True
37,withers,604.056,338.982,-0.0978223773913042,-0.0572009439130434,0.3571999999999998,1.0,True
38,occipital_protuberance,643.876,363.668,0.0110044695652173,0.0104139304347826,0.3315,0.9862,True
38,tail_base,508.61,348.054,-0.3706626152173912,-0.0337007047826087,0.1125999999999999,1.0,True
38,tail_tip,504.724,417.562,-0.4059456313043478,0.1727360539130435,0.0361999999999998,0.9426,True
38,withers,609.692,344.202,-0.0833997095652173,-0.0434719747826087,0.3384000000000001,0.9072,True
39,occipital_protuberance,649.0120000000001,369.802,0.0257978295652175,0.0280592904347826,0.3294000000000001,0.9925,True
39,tail_base,513.19,347.056,-0.3552885391304345,-0.0362657113043478,0.1244000000000001,0.9807,True
39,tail_tip,505.916,416.62,-0.3993079817391304,0.1686168217391304,0.0391999999999998,0.9504,True
39,withers,615.634,349.018,-0.0671760026086956,-0.0302768965217392,0.3365999999999999,0.9329,True
40,occipital_protuberance,654.4480000000001,375.402,0.0415599860869567,0.0443041878260869,0.3440999999999999,0.9331,True
40,tail_base,518.184,346.33399999999995,-0.3384895895652174,-0.0379736547826088,0.1455999999999999,1.0,True
40,tail_tip,507.5,415.056,-0.3926608695652174,0.1631572591304348,0.0385999999999999,0.9457,True
40,withers,621.394,353.242,-0.0512959330434782,-0.0186315121739129,0.3460999999999999,1.0,True
41,occipital_protuberance,659.4440000000001,380.784,0.0561931600000002,0.0600657599999999,0.3381999999999998,1.0,True
41,tail_base,523.072,346.342,-0.3216282573913043,-0.0375684073913043,0.1689,0.9561,True
41,tail_tip,509.804,412.916,-0.3832573991304348,0.1557685991304347,0.0393000000000001,0.9927,True
41,withers,627.126,357.38800000000003,-0.0357393434782609,-0.0072511391304346,0.338,0.9991,True
42,occipital_protuberance,664.292,385.368,0.0700401730434783,0.0731425617391304,0.3479000000000001,0.9483,True
42,tail_base,528.248,346.488,-0.3038925582608694,-0.0367438278260869,0.1951999999999998,0.9175,True
42,tail_tip,512.7479999999999,410.21400000000006,-0.3740102260869568,0.147585495652174,0.015,0.9412,True
42,withers,632.7139999999999,361.282,-0.0203627860869566,0.0035829113043479,0.3333000000000002,0.9049,True
43,occipital_protuberance,669.292,389.658,0.0843545921739131,0.0854085926086957,0.3510999999999999,0.9856,True
43,tail_base,534.288,346.848,-0.2834920069565216,-0.0352702330434782,0.2298000000000001,0.9897,True
43,tail_tip,515.5799999999999,407.424,-0.3630900173913045,0.1383956034782608,0.0121999999999998,1.0,True
43,withers,638.192,365.01200000000006,-0.0050451060869565,0.0139856591304349,0.3508000000000001,0.9594,True
44,occipital_protuberance,674.47,394.314,0.0994234695652174,0.0989735113043477,0.3469000000000001,0.9856,True
44,tail_base,540.774,347.622,-0.2657746839130435,-0.0331542039130434,0.2328000000000001,1.0,True
44,tail_tip,517.914,404.646,-0.3551110173913044,0.1298616260869565,0.015,0.9846,True
44,withers,643.7239999999999,369.296,0.0104361052173911,0.0260510295652173,0.3653000000000002,0.957,True
45,occipital_protuberance,679.97,399.1,0.1151396673913044,0.1126335,0.3403000000000001,0.9395,True
45,tail_base,547.78,348.326,-0.2499963913043479,-0.0316466913043477,0.214,0.9863,True
45,tail_tip,519.268,401.404,-0.3527736547826085,0.1209806878260869,0.0028000000000001,0.972,True
45,withers,649.52,373.60800000000006,0.026920904347826,0.0384810573913045,0.3684000000000001,0.9762,True
46,occipital_protuberance,686.052,404.364,0.1327098504347826,0.1278454747826087,0.3493000000000001,0.984,True
46,tail_base,555.1780000000001,348.714,-0.2333895769565214,-0.031053674347826,0.1875999999999999,0.9973,True
46,tail_tip,518.8599999999999,396.6,-0.3555985695652177,0.1074369130434783,-0.0090999999999999,0.9123,True
46,withers,655.452,378.08,0.0439206304347826,0.0513904347826088,0.3755,0.9143,True
47,occipital_protuberance,692.104,409.892,0.1502634052173914,0.1438841895652173,0.3543000000000001,0.9554,True
47,tail_base,561.92,349.106,-0.2210852173913044,-0.0308465978260869,0.1255,0.9944,True
47,tail_tip,517.1299999999999,388.502,-0.3619857043478264,0.0839693704347826,0.0145999999999999,0.973,True
47,withers,661.338,382.96,0.0607715517391303,0.0653910782608696,0.3803000000000002,0.9428,True
48,occipital_protuberance,698.1220000000001,415.776,0.1676187939130436,0.1608531339130435,0.3543000000000001,0.9705,True
48,tail_base,568.502,349.794,-0.2085254713043479,-0.0297660208695652,0.0758000000000001,0.9554,True
48,tail_tip,516.99,375.082,-0.3622644499999999,0.0444164899999999,0.0095999999999999,0.902,True
48,withers,666.932,387.936,0.0773416782608696,0.080224904347826,0.3585,0.9931,True
49,occipital_protuberance,703.7900000000001,421.632,0.1833685152173915,0.1771652034782607,0.3424000000000001,0.9356,True
49,tail_base,574.38,350.506,-0.1943065260869565,-0.0281125595652174,0.0638000000000001,0.9303,True
49,tail_tip,523.232,356.914,-0.3472071095652175,-0.0091761539130435,-0.0445999999999999,0.7915,True
49,withers,672.1800000000001,392.822,0.0928882695652175,0.0947414165217391,0.3414000000000001,0.9034,True
50,occipital_protuberance,708.49,427.66,0.1963429630434782,0.1939635695652174,0.3255999999999999,0.97,True
50,tail_base,580.046,351.93600000000004,-0.1790799913043477,-0.0240868173913042,0.058,0.9048,True
50,tail_tip,535.934,337.77599999999995,-0.3119717695652175,-0.0666236869565218,-0.05,0.7932,True
50,withers,676.778,398.452,0.1063763673913044,0.1112182304347826,0.323,0.9483,True
51,occipital_protuberance,712.208,433.28600000000006,0.2066718539130434,0.2097572773913045,0.3298000000000002,0.9589,True
51,tail_base,585.356,353.804,-0.1652030669565217,-0.0187321243478261,0.0395999999999999,0.9262,True
51,tail_tip,555.5799999999999,322.75,-0.2556274304347828,-0.1127946195652174,-0.0383000000000001,0.9254,True
51,withers,680.8320000000001,404.106,0.1184394295652177,0.1279361647826087,0.3154,0.967,True
52,occipital_protuberance,715.3639999999999,439.146,0.2163274469565215,0.2271834313043478,0.3291999999999998,0.9568,True
52,tail_base,590.976,356.524,-0.1490223026086956,-0.010566284347826,0.0334,0.9588,True
52,tail_tip,580.244,316.24,-0.1781508226086955,-0.1304618782608695,0.0931999999999998,0.9765,True
52,withers,684.5200000000001,409.958,0.1299887217391307,0.1458664995652173,0.3078000000000002,0.971,True
53,occipital_protuberance,718.21,444.922,0.2249557630434783,0.244261517826087,0.3208000000000002,0.9979,True
53,tail_base,596.408,359.78599999999994,-0.1327281634782608,-0.000651583478261,0.0348000000000001,0.97,True
53,tail_tip,603.426,315.488,-0.1096583930434781,-0.1334585878260869,0.1205999999999999,0.94,True
53,withers,688.0319999999999,416.14,0.1411201043478258,0.1649417608695653,0.294,0.9017,True
54,occipital_protuberance,721.138,450.83,0.2348239552173913,0.2628738673913044,0.2974000000000001,0.9341,True
54,tail_base,601.54,363.69,-0.1164836347826088,0.0111758869565217,0.0555999999999999,0.9758,True
54,tail_tip,617.076,319.514,-0.0693550669565216,-0.1224877526086956,0.1700999999999999,0.9811,True
54,withers,691.414,422.412,0.1517271847826086,0.1841832391304347,0.245,0.9912,True
55,occipital_protuberance,724.2059999999999,456.628,0.244764875217391,0.2808723886956522,0.2888000000000001,0.9301,True
55,tail_base,606.2180000000001,368.076,-0.101088963043478,0.0241665521739129,0.098,0.9514,True
55,tail_tip,618.1299999999999,333.986,-0.0652676869565221,-0.0776348243478261,0.1914000000000001,0.9664,True
55,withers,694.9300000000001,428.534,0.1640854630434784,0.2047229769565217,0.2053000000000001,0.9704,True
56,occipital_protuberance,728.012,462.442,0.2565549799999998,0.29861843,0.2851999999999998,0.9273,True
56,tail_base,610.51,372.86800000000005,-0.0862838934782608,0.0376500895652175,0.1561999999999998,1.0,True
56,tail_tip,608.9,352.514,-0.0913123043478261,-0.0219795469565217,0.1528000000000001,0.9762,True
56,withers,698.424,434.255,0.1762499669565217,0.2240079641304348,0.1745999999999999,0.9784,True
57,occipital_protuberance,732.0740000000001,467.89,0.267735179130435,0.313725356521739,0.2818000000000001,0.9966,True
57,tail_base,614.4359999999999,377.78,-0.0730241217391306,0.050788956521739,0.22,0.923,True
57,tail_tip,593.3480000000001,370.1060000000001,-0.1388201252173911,0.0300719408695653,0.0714,0.8711,True
57,withers,701.932,439.263,0.1879366930434783,0.240528742826087,0.1681999999999998,0.9152,True
58,occipital_protuberance,735.916,472.91,0.279011303478261,0.3284453717391304,0.2773000000000001,0.9066,True
58,tail_base,618.49,382.44,-0.0605506499999999,0.0631685999999998,0.2521999999999998,0.9277,True
58,tail_tip,578.484,387.996,-0.1824484321739129,0.083032484347826,-0.0035999999999999,0.8522,True
58,withers,705.3539999999999,443.821,0.1995001886956519,0.2558727134782609,0.1550999999999999,0.9522,False
59,occipital_protuberance,739.249,476.919,0.2883507088043479,0.3396878207608697,0.3040999999999999,0.9603,True
59,tail_base,622.749,386.674,-0.0483534279347825,0.0747654823913042,0.2693000000000002,0.9781,True
59,tail_tip,573.396,407.346,-0.1941506600000001,0.13801359,0.0231999999999998,0.9789,True
59,withers,708.846,447.915,0.2119109813043478,0.2706061923913042,0.1311999999999998,0.9324,True
60,occipital_protuberance,742.3489999999999,479.989,0.2984697088043476,0.3499114001086957,0.3075999999999999,0.9357,True
60,tail_base,626.983,390.024,-0.0366980357608697,0.0846448356521739,0.2603000000000002,0.9454,True
60,tail_tip,581.4839999999999,419.75,-0.1718462269565219,0.1754701630434782,-0.0133000000000001,0.9866,True
60,withers,712.194,451.271,0.2223104369565216,0.2810551554347826,0.124,0.968,True
61,occipital_protuberance,745.002,482.09800000000007,0.3054759271739129,0.3552122793478263,0.314,0.9765,False
61,tail_base,631.631,392.56,-0.0237106505434783,0.0922474347826085,0.2475,0.9255,False
61,tail_tip,598.0179999999999,428.63,-0.1246956665217393,0.2038460195652173,-0.0245999999999999,0.7964,True
61,withers,715.5179999999999,454.16,0.2331043656521736,0.290647356521739,0.1171999999999998,0.9501,True
62,occipital_protuberance,747.6659999999999,483.36,0.3112132541304346,0.3565774434782609,0.3006999999999998,1.0,True
62,tail_base,636.613,394.12,-0.0095995679347824,0.0967042391304348,0.2535,0.9882,True
62,tail_tip,616.034,434.102,-0.07202304,0.2226926191304347,0.0001999999999998,0.9613,True
62,withers,718.6879999999999,456.666,0.2433084278260865,0.2988975763043478,0.1153000000000001,0.9003,True
63,occipital_protuberance,750.81,484.2,0.3162541489130433,0.3544694999999999,0.2413000000000001,0.9668,False
63,tail_base,641.699,394.88,0.0048947820652172,0.1004885217391304,0.2105,0.9549,False
63,tail_tip,626.9280000000001,436.40600000000006,-0.0396479443478257,0.2317427200000002,0.0305999999999999,1.0,True
63,withers,721.738,458.738,0.2524193823913045,0.304917969347826,0.1224,0.9485,True
64,occipital_protuberance,754.5809999999999,484.839,0.3217982476086953,0.3506076176086955,0.2281999999999998,0.9705,True
64,tail_base,646.8480000000001,395.302,0.0200482643478262,0.1033504421739131,0.1825999999999999,0.9657,True
64,tail_tip,628.78,432.102,-0.0340161130434783,0.2185944547826087,0.0438000000000001,0.9545,True
64,withers,724.566,460.844,0.2617225780434783,0.312101218695652,0.1161999999999998,0.9961,False
65,occipital_protuberance,758.9789999999999,485.213,0.3281492549999997,0.3453428980434783,0.1565999999999999,0.9764,True
65,tail_base,651.7,395.308,0.0347362826086957,0.1048263817391304,0.1575999999999999,0.9512,True
65,tail_tip,625.394,418.732,-0.0445260734782608,0.1790432252173912,0.0314,0.8501,True
65,withers,727.632,462.79800000000006,0.2716877756521738,0.3187073210869567,0.1146999999999998,0.966,True
66,occipital_protuberance,763.4100000000001,485.414,0.3363459065217393,0.341807677826087,0.1355999999999999,0.943,True
66,tail_base,656.2180000000001,395.034,0.0492004760869567,0.1062824934782608,0.127,0.9369,True
66,tail_tip,623.182,398.328,-0.0519529956521738,0.1184001913043479,0.009,0.7389,True
66,withers,730.692,464.836,0.2815296552173914,0.3254360134782607,0.1110999999999999,0.9679,True
67,occipital_protuberance,767.946,485.508,0.3464555165217391,0.339853836521739,0.1383000000000001,0.9069,True
67,tail_base,660.698,394.988,0.064739744347826,0.1094363791304347,0.0659000000000001,0.9787,True
67,tail_tip,628.432,377.988,-0.0362455617391303,0.0563610965217391,-0.0250999999999999,0.9426,True
67,withers,733.752,466.93,0.2925673826086955,0.3336913369565216,0.092,0.9841,True
68,occipital_protuberance,772.508,485.274,0.3565329382608697,0.3370687604347826,0.1565999999999999,0.983,True
68,tail_base,664.5699999999999,395.564,0.0773100391304345,0.1119028991304346,0.0551999999999998,0.8984,True
68,tail_tip,646.5459999999999,363.132,0.0206825139130432,0.0098957582608695,0.0431999999999998,0.9321,True
68,withers,736.9573333333334,468.8086666666666,0.3036802042512079,0.3407997825603863,0.0754666666666667,0.971,True
69,occipital_protuberance,776.5020000000001,484.896,0.3654989421739132,0.3344226156521739,0.1685999999999999,0.9523,True
69,tail_base,667.962,396.492,0.0882079526086956,0.1151163939130435,0.0648000000000001,0.9906,True
69,tail_tip,670.922,358.282,0.0993133973913044,-0.005517767826087,0.0291999999999998,0.9436,True
69,withers,740.2520000000001,470.172,0.3133092939130437,0.3443114504347827,0.0878000000000001,0.9909,True
70,occipital_protuberance,779.6600000000001,484.33600000000007,0.371191991304348,0.3304634643478262,0.1918000000000002,0.9143,True
70,tail_base,670.984,397.994,0.0978690260869566,0.1200114826086957,0.071,0.9092,True
70,tail_tip,692.9019999999999,363.778,0.1703329395652171,0.012164338695652,0.0628000000000001,0.9076,True
70,withers,743.412,471.20200000000006,0.3215438773913044,0.3457656969565219,0.1024,0.934,False
71,occipital_protuberance,782.3,483.38,0.3743418043478259,0.3245698652173913,0.2198000000000002,0.9046,True
71,tail_base,673.338,400.318,0.1049422260869564,0.1269140521739131,0.0775,0.9275,True
71,tail_tip,708.788,375.23,0.2192393191304348,0.048540658695652,0.0753000000000001,0.9503,True
71,withers,746.38,472.1,0.3299167565217391,0.3476562173913043,0.1238000000000001,0.9425,False
72,occipital_protuberance,783.9939999999999,482.396,0.3754487034782606,0.3191342660869566,0.2441999999999998,0.9148,True
72,tail_base,674.9219999999999,402.696,0.1099739330434779,0.1344552730434783,0.0763000000000001,0.9751,True
72,tail_tip,716.866,383.8560000000001,0.2446343999999999,0.0759243130434784,0.083,0.8776,True
72,withers,748.975,472.433,0.3343755733695653,0.3449859953260869,0.1575999999999999,0.9142,True
73,occipital_protuberance,784.462,481.422,0.374470627826087,0.3147469408695653,0.2606999999999998,0.9095,True
73,tail_base,676.298,404.902,0.1149778604347826,0.1422319656521738,0.0593000000000001,1.0,True
73,tail_tip,714.36,384.568,0.2367557739130435,0.0782223756521738,0.0818000000000001,0.9171,True
73,withers,751.0516666666666,472.4723333333333,0.3362652513888887,0.3405670403502415,0.1912333333333331,0.8982,True
74,occipital_protuberance,784.286,480.42800000000005,0.3714423504347825,0.3100235600000002,0.2795999999999999,0.8895,True
74,tail_base,677.846,407.21,0.1204160991304348,0.150209904347826,0.0533000000000001,0.9676,True
74,tail_tip,700.6659999999999,379.578,0.1927200560869563,0.062194198695652,0.0884,0.9032,True
74,withers,752.5516666666666,472.273,0.3382626158816423,0.3374251114855073,0.2050333333333333,0.9055,False
75,occipital_protuberance,784.128,479.512,0.3696883200000001,0.30654828,0.2856999999999998,0.8718,True
75,tail_base,679.572,409.48,0.1268884782608695,0.1586586956521739,0.0305,0.9532,True
75,tail_tip,683.824,374.05,0.1405988243478259,0.0450760652173913,0.0594,0.9321,True
75,withers,753.475,471.835,0.3404866711956523,0.3355657798913044,0.2095,0.9253,True
76,occipital_protuberance,784.236,479.268,0.369589072173913,0.3056112860869566,0.2905999999999999,0.921,True
76,tail_base,681.67,411.67800000000005,0.1350923282608694,0.1675378291304349,0.0079,0.9242,True
76,tail_tip,666.914,367.274,0.0867566939130434,0.0234475808695652,0.0314,0.9378,True
76,withers,754.0350000000001,471.075,0.3414232690217394,0.332560964673913,0.2085,0.9423,False
77,occipital_protuberance,785.1360000000001,479.41,0.3715166086956523,0.3056636413043479,0.293,0.9152,True
77,tail_base,684.226,413.878,0.1438306434782608,0.1752206260869564,-0.008,0.9076,True
77,tail_tip,652.912,362.686,0.041394187826087,0.0086109656521738,0.0105999999999999,0.9935,True
77,withers,754.72,470.642,0.3453570782608696,0.3330805252173913,0.1934000000000001,0.9316,False
78,occipital_protuberance,787.238,479.812,0.3752008339130436,0.3053122313043478,0.3035999999999999,0.9226,True
78,tail_base,687.184,416.142,0.1535223756521738,0.1826689813043478,-0.0029,0.9128,True
78,tail_tip,646.116,362.884,0.0196988382608695,0.009288987826087,-0.0131999999999998,0.957,True
78,withers,756.675,470.988,0.3508239701086955,0.3337240265217391,0.1936999999999998,0.9657,True
79,occipital_protuberance,790.908,480.624,0.382420555652174,0.3056769495652173,0.3165999999999999,0.9375,True
79,tail_base,690.442,418.73,0.1644957482608696,0.1915236369565217,-0.0196999999999998,0.9256,True
79,tail_tip,650.312,364.094,0.0334063965217391,0.0132627799999997,-0.0234,1.0,True
79,withers,759.9583333333333,472.058,0.3548463118961351,0.3314764961594202,0.2220666666666666,0.9664,True
80,occipital_protuberance,795.36,482.284,0.3904264347826087,0.3073050086956521,0.341,0.9041,True
80,tail_base,694.204,421.616,0.1768464417391302,0.2010288973913042,-0.0315999999999999,0.9777,True
80,tail_tip,660.67,362.864,0.066310258695652,0.009187836521739,0.0115999999999999,1.0,True
80,withers,763.767,473.6139999999999,0.3592606233695654,0.329789333695652,0.215,0.9582,False
81,occipital_protuberance,800.634,484.132,0.4017945226086956,0.3104919113043476,0.3468000000000001,0.9122,True
81,tail_base,698.28,424.86,0.1902335217391303,0.2117115,-0.033,0.9304,True
81,tail_tip,670.958,362.58,0.0988435099999999,0.0082374913043477,0.0595999999999999,0.9709,True
81,withers,768.569,475.962,0.3660443279347825,0.3301513767391303,0.1926999999999998,0.947,True
82,occipital_protuberance,807.4280000000001,485.75,0.4141659156521742,0.3110672282608696,0.3411999999999998,0.8849,True
82,tail_base,702.462,428.65,0.2043457908695652,0.2245899673913043,-0.0528000000000001,0.9723,True
82,tail_tip,675.742,366.832,0.1144287899999998,0.0218727965217391,0.0550999999999999,0.9134,True
82,withers,774.683,478.428,0.3732329440217391,0.3281871586956522,0.1145,0.948,True
83,occipital_protuberance,814.168,486.69,0.4261815234782609,0.3100049217391303,0.3498000000000001,0.8868,True
83,tail_base,706.554,432.826,0.2176315799999999,0.2381410200000001,-0.0454,0.9341,True
83,tail_tip,674.894,377.136,0.1105077808695652,0.0542689669565216,0.1009,0.9911,True
83,withers,780.232,480.21,0.3829248156521738,0.328251697826087,0.1308000000000002,0.9664,True
84,occipital_protuberance,821.368,486.854,0.4378065808695653,0.3062145252173913,0.3601999999999998,0.8689,True
84,tail_base,710.6,436.796,0.2260888260869565,0.2459308426086956,0.0168000000000001,0.9677,True
84,tail_tip,670.758,393.004,0.0970949821739131,0.1041850182608696,0.0863000000000001,0.9306,True
84,withers,784.83,481.3860000000001,0.3951969913043479,0.3312254504347828,0.1350999999999999,0.9694,True
85,occipital_protuberance,828.5139999999999,486.116,0.4489501891304345,0.3003479956521738,0.405,0.9002,True
85,tail_base,714.576,440.572,0.2325960591304348,0.2512970617391304,0.1005999999999999,0.9442,True
85,tail_tip,667.6360000000001,414.102,0.0875880965217393,0.1714680560869566,0.0021999999999998,0.9607,True
85,withers,788.924,481.18,0.4049761556521739,0.3295305695652174,0.1461999999999998,0.9596,True
86,occipital_protuberance,834.448,484.416,0.4553042191304347,0.2913227686956521,0.4678000000000001,0.9542,True
86,tail_base,718.588,443.878,0.2372161695652173,0.2531839195652175,0.19,0.9474,True
86,tail_tip,668.908,437.296,0.0921788139130435,0.2464734191304347,-0.0545999999999999,0.8948,True
86,withers,792.198,479.274,0.4079237265217391,0.3196802491304348,0.1821999999999998,0.9729,True
87,occipital_protuberance,838.2180000000001,482.258,0.4593486695652176,0.2833196260869565,0.5025,0.8607,True
87,tail_base,722.208,446.584,0.2412447373913042,0.2540863947826087,0.2601999999999998,0.9259,True
87,tail_tip,674.6800000000001,459.546,0.1102824000000002,0.3165562799999999,-0.0210999999999999,0.8613,True
87,withers,794.3140000000001,477.03,0.4094017513043481,0.3104856782608696,0.2071999999999998,0.9557,True
88,occipital_protuberance,840.686,479.928,0.4621449560869565,0.2761733269565217,0.5344000000000001,0.7997,True
88,tail_base,725.476,448.758,0.2491439582608695,0.2587102747826086,0.2754000000000001,0.9026,True
88,tail_tip,682.616,475.42,0.135639316521739,0.3673617869565216,-0.0006999999999998,0.866,True
88,withers,795.726,474.848,0.4079344130434783,0.3008518260869564,0.238,0.9384,True
89,occipital_protuberance,841.8860000000001,476.968,0.4632844817391305,0.2684161321739131,0.5478000000000002,0.8088,True
89,tail_base,728.222,450.5940000000001,0.263246776521739,0.2703246182608697,0.2118000000000001,0.9381,True
89,tail_tip,688.4739999999999,483.09,0.1547795895652171,0.3930317217391303,-0.0130999999999999,0.9399,True
89,withers,796.656,472.548,0.4072374886956521,0.2925758660869563,0.2539,0.9104,True
90,occipital_protuberance,841.8700000000001,473.818,0.4612290652173915,0.2600493869565218,0.568,0.8251,True
90,tail_base,730.45,451.99799999999993,0.2767573369565219,0.2814938804347824,0.1385,0.9756,True
90,tail_tip,689.8639999999999,482.12000000000006,0.1600092399999997,0.3918724608695654,-0.0211999999999998,0.9123,True
90,withers,797.6899999999999,471.256,0.4061203108695651,0.2865325721739131,0.2760999999999999,0.9208,True
91,occipital_protuberance,841.2360000000001,470.912,0.459518031304348,0.2532651408695652,0.5956999999999998,0.8318,True
91,tail_base,732.28,453.17,0.2913440086956521,0.2941538934782607,0.0489,0.9735,True
91,tail_tip,687.6719999999999,473.972,0.1531100278260866,0.3660483321739131,-0.0273000000000001,0.916,True
91,withers,798.378,470.984,0.4071691800000001,0.285325387826087,0.2828000000000001,0.9427,True
92,occipital_protuberance,840.466,468.346,0.4558858317391303,0.2463929360869564,0.6698000000000002,0.8364,True
92,tail_base,733.6600000000001,454.128,0.3024403565217394,0.3039515895652174,-0.0138000000000001,0.9685,True
92,tail_tip,684.778,458.024,0.1435621617391304,0.3142734678260869,-0.0315999999999999,0.9128,True
92,withers,798.586,470.756,0.4075315447826087,0.2846188426086957,0.2838000000000001,0.9092,True
93,occipital_protuberance,839.4159999999999,466.6,0.4527610226086955,0.242028347826087,0.7111999999999998,0.8766,True
93,tail_base,734.508,454.916,0.3058361060869566,0.3071564295652174,-0.0206999999999998,0.9321,True
93,tail_tip,682.652,441.764,0.1374599782608697,0.263511152173913,-0.0605,0.8729,True
93,withers,798.7719999999999,470.754,0.4100459478260868,0.2860342434782609,0.272,0.9296,True
94,occipital_protuberance,837.366,465.96400000000006,0.4485356878260869,0.2408147078260871,0.7031999999999998,0.9026,True
94,tail_base,734.954,455.592,0.3041830747826085,0.3062268939130434,0.0128000000000001,0.9332,True
94,tail_tip,681.098,432.398,0.1316297465217389,0.2318782030434783,-0.0285999999999999,0.9384,True
94,withers,798.984,470.91,0.4101441582608697,0.2861236891304349,0.2745999999999999,0.952,True
95,occipital_protuberance,835.162,465.744,0.4449269334782609,0.2410733321739129,0.7205999999999999,0.9115,True
95,tail_base,735.098,456.224,0.2916407578260868,0.2950939060869565,0.1385999999999999,0.9133,True
95,tail_tip,680.482,431.878,0.1290143739130433,0.2290720608695651,-0.014,0.9669,True
95,withers,798.698,471.086,0.4095788382608695,0.286698476521739,0.2735999999999999,0.9101,True
96,occipital_protuberance,833.414,466.038,0.4411941526086955,0.2418818986956521,0.6954000000000001,0.8926,True
96,tail_base,734.8380000000001,456.888,0.2784319978260872,0.2844505304347827,0.262,0.921,True
96,tail_tip,680.212,440.44000000000005,0.1279266104347825,0.2559041217391306,-0.0253000000000001,0.895,True
96,withers,798.49,471.274,0.4106613717391305,0.28832061,0.2641999999999998,0.9043,True
97,occipital_protuberance,831.68,466.32,0.4389055304347824,0.2434496869565217,0.6874000000000001,0.8706,True
97,tail_base,734.8019999999999,457.704,0.2706597099999997,0.27894492,0.3364000000000001,0.9229,True
97,tail_tip,682.316,456.67,0.1339853347826088,0.3060866413043476,0.0015,0.9767,True
97,withers,798.512,471.43,0.4122001182608694,0.2897664478260869,0.2555999999999999,0.9257,True
98,occipital_protuberance,830.872,466.9,0.4369309043478259,0.2447080434782607,0.685,0.8925,True
98,tail_base,735.18,458.438,0.2656142739130433,0.2747062186956521,0.3955999999999999,0.9545,True
98,tail_tip,687.5260000000001,475.392,0.1492316400000002,0.36233088,0.0421999999999998,0.9329,True
98,withers,798.562,471.414,0.41129604,0.2889982278260871,0.2615999999999999,0.9256,True
99,occipital_protuberance,830.8979999999999,467.7099999999999,0.4374054173913042,0.2467963913043476,0.668,0.8914,True
99,tail_base,735.804,459.034,0.2630652878260868,0.2719344465217391,0.4368000000000002,0.94,True
99,tail_tip,696.664,490.274,0.1745990295652173,0.4014138426086956,0.1021999999999998,0.9415,True
99,withers,798.566,471.236,0.4128576047826087,0.2896246895652174,0.2525999999999999,0.9262,True
100,occipital_protuberance,831.616,468.61,0.4395920973913043,0.2491655065217391,0.6599,0.8766,True
100,tail_base,736.504,459.578,0.2696657426086957,0.2782555678260869,0.3921999999999998,0.9432,True
100,tail_tip,707.27,500.36,0.2022340934782608,0.4219648782608696,0.2381999999999998,0.8944,True
100,withers,798.726,470.896,0.4144473882608695,0.2895590991304348,0.2458000000000001,0.9093,True
101,occipital_protuberance,832.414,469.86,0.4420084213043477,0.2523675260869565,0.6340999999999999,0.9111,True
101,tail_base,737.246,459.924,0.2819711191304347,0.2897361547826086,0.2954000000000001,0.9628,True
101,tail_tip,714.934,503.0280000000001,0.2259260099999999,0.4312294200000002,0.1571999999999998,0.9608,True
101,withers,799.1,470.596,0.4142479782608696,0.2879583243478261,0.2525999999999999,0.9186,True
102,occipital_protuberance,833.622,471.668,0.4465091686956521,0.2575161182608695,0.5834000000000001,0.9007,True
102,tail_base,738.05,459.724,0.2940007934782607,0.2990202460869565,0.2044,0.9642,True
102,tail_tip,716.7320000000001,497.592,0.2342828130434785,0.4201042695652174,0.1815,0.9346,True
102,withers,799.254,470.362,0.4133333708695653,0.2864373734782608,0.2601999999999998,0.9578,True
103,occipital_protuberance,834.994,473.064,0.4509448199999999,0.2614727895652174,0.5474000000000001,0.9142,True
103,tail_base,738.798,459.126,0.3035675939130435,0.3045754095652175,0.1361999999999998,0.9526,True
103,tail_tip,712.738,485.7480000000001,0.2243334795652176,0.3878232339130436,0.1530999999999999,0.8836,True
103,withers,799.23,470.054,0.4146210739130435,0.2865710460869565,0.2524,0.928,True
104,occipital_protuberance,835.9540000000001,474.574,0.4534631152173914,0.2651391804347825,0.535,0.9647,True
104,tail_base,739.508,458.268,0.3128661313043479,0.3089674095652174,0.0704,0.9429,True
104,tail_tip,706.07,467.94,0.2097578869565219,0.3426860347826085,0.0696999999999998,0.8655,True
104,withers,799.22,469.986,0.4163256869565217,0.2875894799999999,0.2424000000000001,0.9247,True
105,occipital_protuberance,836.8,476.332,0.458287304347826,0.2709018226086956,0.5105999999999999,0.9678,True
105,tail_base,740.14,457.04800000000006,0.3228208826086956,0.3128532156521741,-0.0028000000000001,0.95,True
105,tail_tip,702.4280000000001,446.266,0.203773134782609,0.2815834760869564,-0.0495,0.9007,True
105,withers,799.704,470.216,0.4196049008695651,0.28958056,0.2308000000000001,0.9323,True
106,occipital_protuberance,838.0459999999999,477.642,0.4619207682608695,0.2743871778260869,0.5071999999999999,0.9839,True
106,tail_base,740.932,455.542,0.3252204573913044,0.3078529400000001,-0.0039,0.9579,True
106,tail_tip,707.2819999999999,426.768,0.2180083065217389,0.2163428347826087,-0.018,0.9626,True
106,withers,800.162,470.476,0.4235414454347827,0.2921489786956521,0.2150999999999999,0.926,True
107,occipital_protuberance,839.1020000000001,478.378,0.4653360004347828,0.2766699734782608,0.5028000000000001,0.9286,True
107,tail_base,741.394,454.094,0.32344686,0.3001598599999998,0.0221999999999998,1.0,True
107,tail_tip,717.684,412.982,0.2457347573913042,0.1675958873913042,0.0903000000000001,0.9116,True
107,withers,800.846,470.8,0.4276230776086956,0.2945714347826086,0.2020999999999999,0.9048,True
108,occipital_protuberance,840.1540000000001,479.488,0.4680992895652176,0.2794460660869565,0.5014000000000001,0.8897,True
108,tail_base,741.412,452.88,0.3227988052173914,0.2956410782608693,0.0280999999999999,0.9936,True
108,tail_tip,729.126,404.278,0.2817931617391304,0.1399954852173913,0.0716999999999998,0.9738,True
108,withers,801.5,471.153,0.4304501630434782,0.2962589905434781,0.1959000000000001,0.9229,False
109,occipital_protuberance,841.4199999999998,480.362,0.4744754608695647,0.2835310069565216,0.4858000000000002,0.9297,True
109,tail_base,741.288,452.11800000000005,0.3218095913043479,0.2926749065217393,0.027,1.0,True
109,tail_tip,732.588,403.766,0.2928799973913042,0.1384432752173911,0.0703000000000001,0.998,True
109,withers,802.1220000000001,471.381,0.4301695806521741,0.2955349555434783,0.2069,0.9051,True
110,occipital_protuberance,842.774,480.99,0.4786348026086955,0.2855890043478259,0.4764000000000001,0.892,True
110,tail_base,741.3330000000001,451.862,0.3208401040217394,0.2908530649999999,0.0370999999999999,1.0,True
110,tail_tip,728.604,414.832,0.2802775660869566,0.1734479199999999,0.0498000000000001,1.0,True
110,withers,802.662,471.477,0.430647645,0.2951353575000001,0.2173000000000002,0.9086,False
111,occipital_protuberance,843.96,481.258,0.4823654000000001,0.28677517,0.4721999999999998,0.905,True
111,tail_base,741.369,452.032,0.3206014992391305,0.2910712069565217,0.0403000000000001,1.0,True
111,tail_tip,719.2460000000001,431.004,0.2523296004347829,0.2260859973913044,0.0335999999999999,0.8964,True
111,withers,803.384,471.747,0.4342107391304348,0.2969797989130435,0.208,0.8953,True
112,occipital_protuberance,845.72,481.08,0.4843364347826087,0.2850644347826088,0.477,0.9326,True
112,tail_base,741.6460000000001,452.622,0.3197429608695654,0.291356595652174,0.0625,0.9936,True
112,tail_tip,711.662,450.174,0.2326366621739131,0.2927322482608694,-0.0265999999999999,0.9356,True
112,withers,804.14,472.285,0.4386819913043478,0.3000938673913044,0.2001999999999998,0.9171,True
113,occipital_protuberance,846.716,480.362,0.4859174147826087,0.2829291969565216,0.4854000000000001,0.8839,True
113,tail_base,742.32,453.49,0.3184153913043479,0.2909368152173911,0.0935,0.9566,False
113,tail_tip,709.548,469.434,0.2209660913043478,0.34769085,0.074,0.8437,True
113,withers,805.1659999999999,473.0780000000001,0.4439015778260868,0.3039094160869567,0.1864000000000001,0.9342,True
114,occipital_protuberance,847.97,479.178,0.4848413652173913,0.2778401895652174,0.5081999999999998,0.8936,True
114,tail_base,743.004,454.06000000000006,0.3138934939130435,0.2866376260869567,0.1564000000000001,0.9079,False
114,tail_tip,717.3040000000001,485.478,0.2384828400000002,0.3870996299999998,0.1623000000000002,0.9261,True
114,withers,806.5060000000001,473.782,0.4503625330434784,0.3077555747826087,0.1785999999999999,0.9602,True
115,occipital_protuberance,848.874,477.814,0.4832254582608696,0.272560127826087,0.5246,0.9195,True
115,tail_base,742.975,454.314,0.3089809646739131,0.2829932576086957,0.1995,0.88,True
115,tail_tip,728.2299999999999,492.8639999999999,0.2660134499999997,0.4005849599999997,0.1696999999999998,0.9379,True
115,withers,807.714,474.466,0.4597551173913044,0.3137861434782608,0.148,0.9385,True
116,occipital_protuberance,848.7180000000001,476.8280000000001,0.481140363478261,0.2693139373913045,0.5381999999999998,0.9035,True
116,tail_base,742.5910000000001,454.238,0.3088992707608699,0.283748569347826,0.1899000000000001,0.8784,True
116,tail_tip,733.442,493.284,0.2810775986956522,0.4009240669565218,0.0935999999999999,0.9564,True
116,withers,808.036,474.81000000000006,0.4613318791304347,0.3152033673913045,0.1441999999999998,0.9619,True
117,occipital_protuberance,848.048,475.634,0.4790983617391304,0.2662849917391304,0.5454000000000001,0.9449,True
117,tail_base,742.0440000000001,453.742,0.3094373382608698,0.284262425652174,0.1666999999999998,0.9723,True
117,tail_tip,730.442,484.762,0.2729775495652174,0.3765642626086957,0.1931999999999998,0.9536,True
117,withers,807.8860000000001,474.544,0.460591591304348,0.3142489739130436,0.146,0.9818,True
118,occipital_protuberance,847.05,474.00200000000007,0.4758999239130433,0.2620311186956523,0.5629000000000001,0.9494,True
118,tail_base,741.3100000000001,453.00200000000007,0.3106252695652176,0.285152219130435,0.1356999999999998,0.964,True
118,tail_tip,720.9399999999999,468.36,0.2496471130434781,0.3342199304347826,0.1224,0.8989,True
118,withers,807.4480000000001,474.06000000000006,0.4590623321739133,0.3126979695652175,0.1478000000000001,0.9296,True
119,occipital_protuberance,844.824,471.71400000000006,0.4698929721739129,0.2562864873913044,0.6114,0.9096,True
119,tail_base,740.42,451.816,0.313244908695652,0.28640604,0.0801999999999998,0.9853,True
119,tail_tip,714.8240000000001,448.21400000000006,0.2369968869565219,0.2794082565217393,0.046,0.8637,True
119,withers,806.7439999999999,473.622,0.4549211304347823,0.3099904565217391,0.157,0.9293,True
120,occipital_protuberance,842.576,468.674,0.4635467339130435,0.2486744617391303,0.6683000000000002,0.8863,True
120,tail_base,740.142,450.532,0.3167535000000002,0.286356652173913,0.0335,1.0,True
120,tail_tip,715.368,428.67,0.2419640486956523,0.220460556521739,0.0094,0.9516,True
120,withers,805.6806666666666,472.918,0.4461852388405796,0.3040930834782608,0.1814000000000001,0.931,True
121,occipital_protuberance,840.7760000000001,465.71400000000006,0.4586858660869568,0.2415105273913045,0.7371999999999999,0.8456,True
121,tail_base,739.884,449.528,0.3156551539130435,0.2829279426086956,0.0360999999999999,0.946,True
121,tail_tip,723.516,413.04,0.2665068182608694,0.1692552521739129,0.0546999999999998,0.9809,True
121,withers,804.932,472.036,0.4411213904347826,0.299647588695652,0.1984000000000001,0.9193,True
122,occipital_protuberance,838.818,463.268,0.4530889334782608,0.2353387921739131,0.7484000000000001,0.9124,True
122,tail_base,739.3820000000001,448.994,0.313636629130435,0.2808534560869564,0.0400999999999999,0.9647,True
122,tail_tip,735.074,403.60800000000006,0.3012192339130433,0.1381615200000002,0.0621999999999998,0.9528,True
122,withers,804.232,471.15199999999993,0.4364643913043476,0.2953985217391302,0.208,0.9021,False
123,occipital_protuberance,837.816,461.038,0.4512354973913043,0.2304764639130434,0.7624000000000001,0.9229,True
123,tail_base,738.692,448.812,0.3120169034782609,0.2807810686956522,0.0349,0.9479,True
123,tail_tip,740.426,401.934,0.3184814104347827,0.1329854765217392,0.0494,0.9567,True
123,withers,803.5899999999999,470.058,0.430135010869565,0.2893807630434782,0.234,0.9425,False
124,occipital_protuberance,837.4540000000001,459.744,0.4508389917391305,0.2277415721739129,0.7664000000000001,0.9023,True
124,tail_base,738.302,449.746,0.3042233200000001,0.2777443599999999,0.0963000000000001,0.9757,True
124,tail_tip,735.162,412.958,0.302077287826087,0.1681071121739129,0.0295999999999999,0.9123,True
124,withers,802.994,468.9440000000001,0.4245639365217392,0.2837754365217393,0.2565999999999999,0.9589,True
125,occipital_protuberance,837.4459999999999,459.258,0.4509924178260867,0.2267182186956521,0.7656,0.8682,True
125,tail_base,737.64,451.504,0.2984493956521738,0.2796939113043478,0.1349000000000001,0.9654,True
125,tail_tip,722.888,429.604,0.2654758486956523,0.2229295069565217,0.0164,0.9339,True
125,withers,802.6793333333333,468.1719999999999,0.421976044637681,0.2805887617391302,0.2665999999999999,0.9558,True
126,occipital_protuberance,838.106,458.436,0.4520692786956521,0.224626672173913,0.7676,0.8921,True
126,tail_base,736.94,453.722,0.2951296152173914,0.2853325541304349,0.1525999999999999,0.9553,True
126,tail_tip,711.356,449.188,0.2312710008695652,0.2890660634782608,-0.0188000000000001,0.8856,True
126,withers,802.8320000000001,467.682,0.4221242608695654,0.2791538804347825,0.268,0.9661,True
127,occipital_protuberance,839.01,458.044,0.4548243760869564,0.224073167826087,0.7894000000000001,0.8877,True
127,tail_base,736.76,456.004,0.2936560826086956,0.2913617047826087,0.1679000000000001,0.8581,False
127,tail_tip,705.2539999999999,468.952,0.208103517391304,0.3474621391304346,0.0465,0.8705,True
127,withers,803.3199999999999,467.66,0.4251645652173911,0.2802670652173912,0.258,0.9748,True
128,occipital_protuberance,839.7879999999999,458.38,0.4561681226086954,0.224627204347826,0.7784000000000001,0.8435,True
128,tail_base,736.822,458.158,0.2914236958695652,0.2954449106521739,0.1939000000000001,0.9455,True
128,tail_tip,710.374,488.776,0.219475087826087,0.4016131513043478,0.1313000000000002,0.907,True
128,withers,803.934,467.906,0.4303980256521738,0.2833001656521738,0.2435999999999999,0.9752,True
129,occipital_protuberance,841.226,458.728,0.4584453217391304,0.2249281391304347,0.796,0.8391,True
129,tail_base,736.494,460.006,0.2950723589130435,0.3058118258695652,0.1496999999999998,0.9405,True
129,tail_tip,724.048,500.666,0.2557617182608696,0.4280527539130434,0.0514,0.9567,True
129,withers,804.3639999999999,468.206,0.435100093043478,0.2864401004347824,0.2235999999999999,0.9814,True
130,occipital_protuberance,842.43,459.5559999999999,0.4610123217391302,0.2267279686956519,0.8158000000000002,0.8973,True
130,tail_base,736.182,461.312,0.290762367826087,0.3062705808695652,0.1818000000000001,0.9461,True
130,tail_tip,734.432,505.176,0.2809352,0.4318986000000001,-0.12,0.9113,True
130,withers,804.49,468.5559999999999,0.4401537847826087,0.2904816965217389,0.1971999999999998,0.981,True
131,occipital_protuberance,843.2639999999999,460.722,0.4629116660869562,0.2293834069565218,0.7938000000000002,0.8744,True
131,tail_base,736.046,461.932,0.2879083247826088,0.3055522495652173,0.2051999999999998,0.9248,True
131,tail_tip,737.336,503.228,0.28885516,0.4250446582608694,-0.0956999999999998,0.9274,True
131,withers,804.1479999999999,468.72,0.4402021147826083,0.2915586782608694,0.1918000000000002,0.9799,True
132,occipital_protuberance,843.586,461.74799999999993,0.4639547908695652,0.2318748443478259,0.7764000000000001,0.8564,True
132,tail_base,735.778,462.24,0.2891038108695652,0.3086092173913042,0.193,0.9374,True
132,tail_tip,730.8960000000001,496.4219999999999,0.2769561600000002,0.4156719026086953,0.0508000000000001,0.9567,True
132,withers,803.442,468.578,0.4386285847826087,0.291390306521739,0.184,0.98,True
133,occipital_protuberance,843.982,462.332,0.4648572404347825,0.2332057295652173,0.7764000000000001,0.8854,True
133,tail_base,735.652,462.456,0.2919465391304349,0.3127135304347826,0.162,0.9384,True
133,tail_tip,718.35,484.826,0.2425784130434783,0.3864721504347826,0.1455999999999999,0.9768,True
133,withers,802.8059999999999,468.334,0.435789190869565,0.2899818569565217,0.1904000000000001,0.9818,True
134,occipital_protuberance,843.9380000000001,463.0100000000001,0.4659539956521741,0.2353554565217392,0.759,0.8922,True
134,tail_base,735.562,462.192,0.2933337913043478,0.3136850086956522,0.146,0.9037,True
134,tail_tip,703.326,467.918,0.1991189704347827,0.3393317286956522,0.0876999999999998,0.9059,True
134,withers,802.424,468.1139999999999,0.4355434869565217,0.2899100413043476,0.186,0.9581,True
135,occipital_protuberance,844.0899999999999,463.16,0.4664787521739129,0.2357878782608696,0.7581999999999998,0.9268,True
135,tail_base,735.64,461.738,0.3027421826086955,0.3220450039130434,0.0578000000000001,0.9028,True
135,tail_tip,696.46,451.18,0.1795305260869566,0.2899325782608696,0.0085999999999999,0.9156,True
135,withers,802.444,467.77,0.4307944252173912,0.285801354347826,0.2131999999999998,0.9689,True
136,occipital_protuberance,844.424,463.15600000000006,0.4671088399999999,0.2357114600000001,0.7588000000000001,0.9398,True
136,tail_base,735.854,461.428,0.3065035839130436,0.3243270547826087,0.0211999999999998,0.9458,True
136,tail_tip,693.89,436.27,0.1703509760869564,0.2410961021739129,0.0288000000000001,0.9082,True
136,withers,802.804,467.65,0.4317491295652173,0.2854831195652173,0.2131999999999998,0.9732,True
137,occipital_protuberance,844.96,463.20200000000006,0.4669969043478261,0.2351435134782609,0.7648000000000001,0.9435,True
137,tail_base,736.22,461.33,0.2960229217391305,0.3117439478260871,0.1325999999999999,0.959,True
137,tail_tip,690.828,431.872,0.1597104156521738,0.2258343234782609,0.0461999999999998,0.9042,True
137,withers,803.2819999999999,467.658,0.4299995973913041,0.2835150026086956,0.2301999999999998,0.9674,True
138,occipital_protuberance,845.024,463.47,0.4679004243478259,0.2361365347826086,0.7614000000000001,0.9301,True
138,tail_base,736.6650000000001,461.468,0.2891649418478263,0.3035326986956521,0.2109000000000001,0.957,True
138,tail_tip,692.092,437.386,0.1648711799999999,0.2449266899999999,0.0221999999999998,0.9628,True
138,withers,803.67,467.74000000000007,0.4308790652173912,0.2836372608695654,0.231,0.968,True
139,occipital_protuberance,844.9799999999999,463.806,0.4680673739130433,0.2370387443478261,0.7601999999999998,0.9025,True
139,tail_base,737.539,462.146,0.2902103311956522,0.3039176584782609,0.2256999999999998,0.9593,True
139,tail_tip,694.97,452.534,0.1757367,0.2958271747826086,-0.0101999999999998,0.9378,True
139,withers,804.1479999999999,467.896,0.4302104973913041,0.2827813426086957,0.2478000000000002,0.9559,True
140,occipital_protuberance,844.7220000000001,464.22,0.4674782365217393,0.237984104347826,0.7601999999999998,0.9221,True
140,tail_base,738.771,463.246,0.292179648369565,0.305417379347826,0.2415,0.9433,False
140,tail_tip,697.5899999999999,472.312,0.1826103782608693,0.3561267026086956,0.0298000000000001,0.8992,True
140,withers,804.6780000000001,468.308,0.4361461030434785,0.2868513834782608,0.2224000000000001,0.9572,True
141,occipital_protuberance,844.1139999999999,464.74,0.4667998434782607,0.2395358260869564,0.738,0.9096,True
141,tail_base,740.325,464.448,0.2987394972826088,0.3110166260869566,0.2235,0.9457,True
141,tail_tip,704.266,494.86,0.1972267656521737,0.4138736130434783,0.1770999999999999,0.866,True
141,withers,805.2,468.78600000000006,0.4403657391304349,0.2899856373913045,0.2005999999999999,0.9627,True
142,occipital_protuberance,843.4800000000001,465.2,0.4665442521739133,0.241205304347826,0.7325999999999999,0.9059,True
142,tail_base,741.9950000000001,465.582,0.3153530190217395,0.326443477173913,0.1185,0.9623,True
142,tail_tip,716.7879999999999,510.35,0.2285778443478257,0.4475527282608696,-0.1875999999999999,0.943,True
142,withers,805.8040000000001,469.266,0.449617194782609,0.2963008878260869,0.1641999999999998,0.9616,True
143,occipital_protuberance,843.156,465.92,0.4661105269565217,0.2430173217391303,0.7131999999999998,0.9277,True
143,tail_base,743.624,466.698,0.3264156000000001,0.3360986999999999,0.065,0.9378,True
143,tail_tip,727.728,520.746,0.2490712347826085,0.4563788608695652,-0.1305,0.9074,True
143,withers,806.3299999999999,469.778,0.4556357239130433,0.3007201256521738,0.1388000000000001,0.9353,True
144,occipital_protuberance,842.7719999999999,466.794,0.4659788721739129,0.2454172552173913,0.7038000000000002,0.9623,True
144,tail_base,745.1800000000001,468.05,0.3346324565217393,0.3437634239130435,0.036,0.9459,True
144,tail_tip,736.2850000000001,527.133,0.258242649456522,0.448261605978261,-0.0525,0.8674,True
144,withers,806.658,470.212,0.4623310300000001,0.3057424634782608,0.1068000000000001,0.9203,True
145,occipital_protuberance,842.874,467.962,0.4675363639130435,0.2488054699999999,0.6533000000000002,0.987,True
145,tail_base,746.734,469.534,0.3394141200000001,0.3483181199999999,0.0374,0.9574,True
145,tail_tip,740.4869999999999,530.903,0.2596387474999996,0.4415799144565218,-0.0300999999999999,0.9523,True
145,withers,806.8240000000001,470.558,0.466962135652174,0.3094662626086956,0.0888000000000001,0.9112,True
146,occipital_protuberance,843.8,469.416,0.4704235652173911,0.2525606713043478,0.6209000000000001,0.9795,True
146,tail_base,748.0440000000001,471.0940000000001,0.3428283095652177,0.3525060921739132,0.0543000000000001,0.91,True
146,tail_tip,740.513,531.429,0.2592033614130435,0.4420818505434782,-0.0255,0.9688,False
146,withers,806.966,470.634,0.4693559447826087,0.3110017943478261,0.0778000000000001,0.908,True
147,occipital_protuberance,844.774,470.954,0.4740072939130434,0.2568343895652174,0.5924,0.9156,True
147,tail_base,748.916,472.17,0.3451216556521741,0.3554325913043477,0.0653000000000001,0.9368,True
147,tail_tip,739.355,532.2090000000001,0.2533876483695653,0.4391891051086958,-0.0263000000000001,0.9527,True
147,withers,807.292,470.77,0.4673629330434783,0.3094576673913042,0.0938000000000001,0.8744,True
148,occipital_protuberance,846.042,472.362,0.4773903556521739,0.260337868695652,0.5679000000000001,0.9185,True
148,tail_base,749.6540000000001,473.16600000000005,0.3480560986956525,0.3592036447826088,0.0568000000000001,0.9402,True
148,tail_tip,738.5989999999999,532.653,0.2520812042391303,0.4414099144565218,-0.0260999999999999,0.9585,True
148,withers,807.578,471.164,0.4720963699999999,0.3131683208695653,0.0721999999999998,0.8751,True
149,occipital_protuberance,847.5319999999999,473.802,0.4840909478260868,0.2654555347826087,0.5315,0.9618,True
149,tail_base,750.2660000000001,473.996,0.3514848604347828,0.3633746408695651,0.0479,0.9027,True
149,tail_tip,737.944,532.7660000000001,0.2511411913043477,0.4429945586956524,-0.033,0.9347,True
149,withers,807.692,471.732,0.4754068199999999,0.3167602199999999,0.0558000000000001,0.8621,True
150,occipital_protuberance,848.858,475.072,0.487320198695652,0.2684929947826086,0.5174000000000001,0.9534,True
150,tail_base,750.432,474.83600000000007,0.3550868939130435,0.3692476686956523,0.0258000000000001,0.9131,True
150,tail_tip,737.0060000000001,532.398,0.2498326265217393,0.4439998056521739,-0.0394,0.9308,True
150,withers,807.6479999999999,472.276,0.4754643060869562,0.3184244991304348,0.0608000000000001,0.8453,True
151,occipital_protuberance,849.7560000000001,475.95200000000006,0.4889594756521741,0.2702941947826088,0.5194000000000001,0.9754,True
151,tail_base,750.448,475.684,0.3559066747826086,0.372779115652174,0.0194,0.9319,True
151,tail_tip,735.858,532.332,0.2452922865217389,0.4409826026086956,-0.0241999999999998,0.9152,True
151,withers,807.494,473.149,0.4733526086956522,0.3197689130434782,0.07,0.8433,True
152,occipital_protuberance,850.7879999999999,476.458,0.4909069226086953,0.2712205552173912,0.5134000000000001,0.9981,True
152,tail_base,750.4359999999999,477.242,0.3579326791304346,0.3799915169565218,0.0086999999999998,0.9355,True
152,tail_tip,734.904,532.208,0.2436557043478261,0.4421253217391304,-0.024,0.9568,True
152,withers,807.182,474.115,0.4694543247826088,0.320439881521739,0.0865999999999999,0.8593,True
153,occipital_protuberance,851.686,476.662,0.4923540247826088,0.2713405952173913,0.5161999999999998,0.9991,True
153,tail_base,750.328,478.678,0.3588298278260868,0.3859872952173913,-0.0016999999999998,0.9461,True
153,tail_tip,734.1220000000001,532.182,0.2428347600000001,0.4442295599999999,-0.0265999999999999,0.9261,True
153,withers,807.01,475.183,0.461238052173913,0.3181053982608696,0.1291999999999998,0.8973,False
154,occipital_protuberance,852.0540000000001,476.398,0.4896142465217393,0.2687528604347824,0.5318000000000002,0.9725,True
154,tail_base,750.17,479.87,0.3568310499999998,0.3882485065217391,-0.0028000000000001,0.9235,True
154,tail_tip,733.338,532.054,0.2412381482608694,0.4446847839130434,-0.0308000000000001,0.9052,True
154,withers,807.112,476.483,0.4570876486956521,0.3186063273913043,0.1535999999999999,0.9174,True
155,occipital_protuberance,851.99,475.66,0.4886830347826087,0.2666214434782609,0.5381999999999998,0.9506,True
155,tail_base,750.082,480.802,0.353482874347826,0.387905726521739,-0.0006999999999998,0.9334,True
155,tail_tip,733.096,532.112,0.2391555286956521,0.4421407617391303,-0.0164,0.8572,True
155,withers,807.574,477.859,0.4548541226086955,0.3199103204347827,0.1643000000000001,0.9176,True
156,occipital_protuberance,851.356,474.71400000000006,0.4872215269565217,0.2644407078260871,0.5566999999999999,0.9668,True
156,tail_base,749.934,481.576,0.3511674339130434,0.3883560313043479,0.0146999999999998,0.9482,True
156,tail_tip,733.03,532.184,0.2399971760869564,0.4441972886956521,-0.0264,0.6627,True
156,withers,807.982,479.336,0.4542452386956521,0.3227001095652173,0.1711999999999998,0.8815,True
157,occipital_protuberance,850.24,473.864,0.4840090434782608,0.2621347304347827,0.5595,0.9153,True
157,tail_base,749.822,482.014,0.3487564730434782,0.3874740243478259,0.0319,0.9508,True
157,tail_tip,737.99,528.078,0.2570959369565218,0.4409855178260869,-0.0313000000000001,0.7484,True
157,withers,808.1800000000001,480.6719999999999,0.4560968478260871,0.3272572173913041,0.164,0.9253,True
158,occipital_protuberance,848.708,473.036,0.480799712173913,0.2604005417391303,0.5911,0.8747,True
158,tail_base,749.8459999999999,482.358,0.3483789769565214,0.3880610569565217,0.0001999999999998,0.9557,True
158,tail_tip,742.904,523.942,0.2741049373913043,0.4366915926086956,0.0119,0.7241,True
158,withers,808.316,481.638,0.4580024721739131,0.3309875752173913,0.1445999999999999,0.9534,True
159,occipital_protuberance,847.79,472.02,0.4783687173913042,0.2578895217391304,0.5925,0.8626,True
159,tail_base,749.95,482.628,0.349043445652174,0.3892905834782608,-0.0025999999999999,0.9556,True
159,tail_tip,743.08,524.1700000000001,0.2738118521739132,0.4360854847826089,0.0186999999999998,0.6891,True
159,withers,808.6360000000001,482.24799999999993,0.4574801400000002,0.3316375634782607,0.1521999999999998,0.9313,True
160,occipital_protuberance,847.174,471.238,0.4766803513043477,0.2559441286956521,0.6166999999999998,0.8709,True
160,tail_base,750.102,482.77199999999993,0.3489275991304347,0.3890804817391302,0.0024,0.9436,True
160,tail_tip,743.326,524.22,0.2764644365217392,0.4393956,0.0009,0.6484,True
160,withers,808.7860000000001,482.75200000000007,0.4554653517391305,0.331243603478261,0.1494000000000001,0.9349,True
161,occipital_protuberance,846.8800000000001,470.454,0.4760038956521741,0.2541402469565217,0.6166999999999998,0.8815,True
161,tail_base,750.2360000000001,482.784,0.3491845121739133,0.3889316660869564,0.0038000000000001,0.9383,True
161,tail_tip,744.838,522.7180000000001,0.2831993452173911,0.4395508408695653,-0.0106999999999998,0.7629,True
161,withers,809.154,483.034,0.4549507147826087,0.3309079669565217,0.1575999999999999,0.9793,True
162,occipital_protuberance,846.542,469.5220000000001,0.4752262017391305,0.2519958365217392,0.6481999999999998,0.8947,True
162,tail_base,750.188,482.53,0.3484336191304347,0.3874611695652174,0.0088000000000001,0.9416,True
162,tail_tip,743.848,522.6020000000001,0.2806379321739128,0.4394142308695654,-0.0116999999999998,0.8236,True
162,withers,809.6659999999999,483.162,0.4577293608695651,0.332269656521739,0.15,0.9747,True
163,occipital_protuberance,846.1940000000001,468.242,0.4741117256521741,0.2488860073913044,0.6875999999999999,0.8891,True
163,tail_base,749.8219999999999,482.332,0.3448649543478257,0.3841490739130434,0.029,0.9413,True
163,tail_tip,741.342,522.116,0.2729624739130434,0.4366559217391305,0.001,0.7489,True
163,withers,809.8459999999999,482.934,0.4582149695652171,0.3316545521739131,0.15,0.9834,True
164,occipital_protuberance,845.5780000000001,466.78,0.4730081634782611,0.2456868521739131,0.7131999999999998,0.9273,True
164,tail_base,749.2253333333334,482.01133333333325,0.3379732578743964,0.3775366626570046,0.1232666666666668,0.9001,True
164,tail_tip,745.27,516.51,0.289103458695652,0.4298240934782608,-0.0145999999999999,0.9356,True
164,withers,809.8679999999999,482.44,0.4574249817391303,0.3297096260869563,0.1545999999999999,0.9668,True
165,occipital_protuberance,844.854,464.968,0.4723666039130435,0.242042516521739,0.7205999999999999,0.9359,True
165,tail_base,748.4780000000001,481.588,0.3313059613043481,0.3713456113043479,0.1601999999999998,0.8567,True
165,tail_tip,746.278,511.2219999999999,0.2992418817391305,0.425788553043478,-0.0469,0.8932,True
165,withers,809.548,481.704,0.4551995217391305,0.3267487826086957,0.178,0.9445,True
166,occipital_protuberance,844.292,462.75200000000007,0.4706265921739131,0.236709335652174,0.7415999999999999,0.9295,True
166,tail_base,747.6300000000001,481.154,0.323053784782609,0.3636463647826087,0.2290999999999999,0.8784,False
166,tail_tip,741.684,506.242,0.2939109704347825,0.4227029634782609,-0.0681999999999998,0.8439,True
166,withers,809.3439999999999,480.886,0.4523693634782607,0.3229232973913042,0.1904000000000001,0.9076,True
167,occipital_protuberance,843.606,460.676,0.4687806839130434,0.2317955469565218,0.7708000000000002,0.9678,True
167,tail_base,746.7860000000001,480.754,0.3193829973913045,0.3611594634782609,0.2389,0.887,False
167,tail_tip,729.958,502.38,0.2656694413043477,0.4204852826086956,-0.034,0.485,True
167,withers,809.18,480.112,0.4464513086956521,0.3169651234782608,0.2311999999999998,0.9137,True
168,occipital_protuberance,843.202,458.65600000000006,0.467408774347826,0.2269302469565218,0.7983000000000002,0.9403,True
168,tail_base,745.9220000000001,480.312,0.3180883713043483,0.3613021669565218,0.2341999999999998,0.8889,True
168,tail_tip,716.8779999999999,495.22,0.2333247299999997,0.4103926999999999,0.2188000000000002,0.5266,True
168,withers,809.492,479.546,0.4424846582608694,0.3120930247826087,0.2571999999999998,0.9204,True
169,occipital_protuberance,842.686,457.156,0.4654728052173913,0.2231208660869564,0.8116999999999999,0.917,True
169,tail_base,744.9666666666667,480.0626666666667,0.3179653309178745,0.3636941778743962,0.2101333333333332,0.898,True
169,tail_tip,702.89,485.19,0.1951230608695651,0.3884155826086954,0.1055999999999999,0.9341,True
169,withers,809.634,479.1060000000001,0.4415278004347827,0.3100122039130436,0.2754000000000001,0.9211,True
170,occipital_protuberance,842.452,455.606,0.4640551930434782,0.2191455791304346,0.8411999999999998,0.9032,True
170,tail_base,744.156,479.816,0.3192607826086954,0.3672620869565216,0.1775,0.8763,True
170,tail_tip,694.058,472.39,0.1714108669565217,0.3563740304347825,0.0198000000000001,0.9417,True
170,withers,810.022,478.658,0.441872393478261,0.3083818239130435,0.279,0.9499,True
171,occipital_protuberance,842.0459999999999,454.74,0.4621143404347823,0.216686856521739,0.8528000000000002,0.9067,True
171,tail_base,743.184,479.626,0.3162813913043477,0.366679695652174,0.1705,0.913,True
171,tail_tip,690.238,460.8440000000001,0.1599097382608697,0.3209908365217393,-0.0039,0.957,True
171,withers,810.186,477.88,0.4414846821739131,0.3057960956521737,0.2834000000000001,0.9554,True
172,occipital_protuberance,842.0600000000001,453.876,0.4622781391304349,0.2147719617391305,0.8521999999999998,0.9251,True
172,tail_base,742.464,479.828,0.3108668660869567,0.3635477321739129,0.1993000000000001,0.9014,True
172,tail_tip,689.524,453.856,0.1581968817391304,0.2998087095652172,-0.0143000000000001,0.9494,True
172,withers,810.298,476.692,0.4384803286956522,0.3004565321739131,0.3036999999999998,0.9675,True
173,occipital_protuberance,842.126,453.552,0.4625609569565216,0.2140917182608696,0.8575999999999999,0.9095,True
173,tail_base,742.386,480.036,0.3028399817391303,0.3550456121739128,0.2693000000000002,0.9103,True
173,tail_tip,690.366,457.4,0.160459506521739,0.3103036956521738,-0.0065,0.9572,True
173,withers,810.192,475.148,0.4376154295652173,0.2960805530434782,0.3094,0.9733,True
174,occipital_protuberance,842.552,453.398,0.4638000469565217,0.2138611160869564,0.8564,0.9261,True
174,tail_base,742.624,480.252,0.2949770713043478,0.3456460747826086,0.3460999999999999,0.938,True
174,tail_tip,691.4839999999999,468.864,0.1645249565217388,0.3478914782608697,-0.006,0.8952,True
174,withers,810.2059999999999,473.63,0.4352093417391303,0.2905469695652174,0.3225999999999999,0.9201,True
175,occipital_protuberance,842.432,454.192,0.4636572939130434,0.2157406330434782,0.8498000000000002,0.9145,True
175,tail_base,742.9366666666667,480.418,0.2873946978260871,0.3362018204347826,0.4219000000000001,0.8931,True
175,tail_tip,690.808,485.534,0.1573059860869565,0.3886641799999999,0.0760999999999999,0.9551,True
175,withers,810.184,472.28600000000006,0.4326373252173912,0.2854505400000001,0.3361999999999998,0.9397,True
176,occipital_protuberance,842.168,455.21400000000006,0.4646787530434782,0.2188473091304349,0.8424,0.8864,True
176,tail_base,743.6299999999999,480.48,0.2856583478260866,0.3321057391304348,0.4615,0.9,True
176,tail_tip,689.404,502.784,0.14782536,0.42723456,0.1876999999999998,0.8505,True
176,withers,809.872,471.308,0.431068664347826,0.2824561486956521,0.3404000000000001,0.9295,True
177,occipital_protuberance,841.966,456.256,0.4646535169565218,0.221451575652174,0.8334000000000001,0.852,True
177,tail_base,744.338,480.25200000000007,0.2826198869565217,0.3257260695652175,0.5055,0.8912,False
177,tail_tip,688.558,516.237,0.1422591058695652,0.4577234631521738,0.1836999999999998,0.9216,True
177,withers,809.544,470.586,0.4335166365217391,0.2827635939130434,0.3175999999999999,0.9101,True
178,occipital_protuberance,841.74,457.1060000000001,0.4644405652173913,0.2235549000000001,0.8065,0.8997,True
178,tail_base,744.5959999999999,480.06000000000006,0.2805446626086953,0.3220218000000001,0.5299,0.907,False
178,tail_tip,688.0840000000001,521.897,0.1410063300000002,0.4747629525000001,0.0610999999999999,0.7627,True
178,withers,808.846,469.95200000000006,0.4312547073913044,0.2808317495652175,0.3141999999999998,0.8933,True
179,occipital_protuberance,841.8299999999999,458.508,0.4648232652173912,0.2268682069565217,0.7921999999999998,0.8762,True
179,tail_base,744.7479999999999,479.78,0.2779009982608694,0.317781547826087,0.5566999999999999,0.9031,True
179,tail_tip,686.422,522.7149999999999,0.1356178363043479,0.475357723369565,0.1093000000000001,0.9187,False
179,withers,807.7239999999999,469.432,0.4282431260869564,0.2794084434782608,0.31,0.922,True
180,occipital_protuberance,842.948,459.646,0.4683245695652174,0.2299439760869566,0.788,0.8916,True
180,tail_base,744.8853333333334,479.6700000000001,0.2751415907246378,0.3139256282608698,0.5841,0.9022,False
180,tail_tip,684.0260000000001,520.4350000000001,0.1321784941304349,0.4816712103260871,0.0919,0.9321,True
180,withers,806.462,468.692,0.4260703452173912,0.2782042626086957,0.3041999999999998,0.9679,True
181,occipital_protuberance,844.2520000000001,460.866,0.4736426269565219,0.2338994830434782,0.7555999999999999,0.9645,True
181,tail_base,744.994,479.698,0.2742397630434783,0.3126459717391304,0.594,0.8757,True
181,tail_tip,681.44,517.537,0.1284414782608697,0.4882790820652175,0.031,0.9771,True
181,withers,805.6320000000001,467.9,0.4241259408695654,0.2762943695652173,0.3031999999999998,0.974,True
182,occipital_protuberance,845.5559999999999,462.50999999999993,0.4809563539130433,0.2398511152173911,0.7204,0.883,True
182,tail_base,745.074,479.8639999999999,0.2752025113043476,0.3139394504347823,0.5874000000000001,0.8703,True
182,tail_tip,679.714,515.8100000000001,0.1255739413043479,0.4926644456521741,-0.017,0.9826,True
182,withers,805.164,467.496,0.4221735460869564,0.2747691234782608,0.3074000000000001,0.9603,True
183,occipital_protuberance,847.0779999999999,464.422,0.4865432660869562,0.2453462991304348,0.6834000000000001,0.8488,True
183,tail_base,745.2696000000001,480.0092,0.2782092450434785,0.3171634444347825,0.5655999999999999,0.8734,False
183,tail_tip,679.714,515.5139999999999,0.1251250004347828,0.4899705221739127,-0.0065999999999999,1.0,True
183,withers,805.196,467.434,0.4225426382608696,0.274797487826087,0.3058000000000002,0.9572,True
184,occipital_protuberance,848.2940000000001,466.02,0.4915738400000002,0.2502071999999999,0.6618000000000002,0.8928,True
184,tail_base,745.5808,480.1336,0.283277876869565,0.322323672,0.5286,0.8799,True
184,tail_tip,682.214,517.6780000000001,0.1293124943478262,0.4830088473913047,0.0643000000000001,1.0,True
184,withers,805.5360000000001,467.67,0.423556243478261,0.2754947608695651,0.305,0.9279,True
185,occipital_protuberance,848.93,467.588,0.4919847304347824,0.2533463513043478,0.6426,0.8862,True
185,tail_base,745.9216,480.2272,0.2895343909565218,0.3286384375652174,0.4821999999999998,0.9305,False
185,tail_tip,687.996,519.196,0.1416716713043477,0.4699050626086957,0.1264000000000001,0.9495,True
185,withers,806.242,468.154,0.4248928682608694,0.2764275169565217,0.3075999999999999,0.9168,True
186,occipital_protuberance,849.9619999999999,468.736,0.4917218752173909,0.2546549843478261,0.6574000000000001,0.9058,True
186,tail_base,746.3060000000002,480.322,0.2949991500000004,0.33389355,0.444,0.9283,False
186,tail_tip,693.042,521.368,0.1512042926086957,0.4600040400000001,0.0414,0.8878,True
186,withers,806.8299999999999,468.71,0.4271573347826085,0.2783448652173914,0.3034000000000001,0.9086,True
187,occipital_protuberance,851.216,469.488,0.4897915373913044,0.2538931513043478,0.6546,0.9272,True
187,tail_base,746.734,480.418,0.2996673065217392,0.3380866239130435,0.414,0.9295,False
187,tail_tip,697.568,523.504,0.1575360834782608,0.4474322504347827,-0.0105999999999999,0.9268,True
187,withers,807.144,469.138,0.4279613113043478,0.2794407313043479,0.3034000000000001,0.9033,True
188,occipital_protuberance,851.9200000000001,470.048,0.4887520173913046,0.2538041808695651,0.6661999999999998,0.9485,True
188,tail_base,747.1364,480.4548,0.3033386664456521,0.3410474721847825,0.3921750000000001,0.9039,False
188,tail_tip,699.6479999999999,524.9979999999999,0.1583395060869562,0.4379979517391302,0.0253000000000001,0.8578,True
188,withers,807.342,469.646,0.4294141234782609,0.2813611704347827,0.2981999999999998,0.8971,True
189,occipital_protuberance,852.108,470.384,0.4866495286956521,0.2532592904347827,0.6536999999999998,0.9588,True
189,tail_base,747.5132,480.4324,0.3060006808369565,0.3427709006413043,0.3785250000000001,0.9055,True
189,tail_tip,698.52,523.712,0.1596705478260869,0.4466846330434781,-0.0171999999999998,0.6261,True
189,withers,807.58,470.016,0.4308263217391305,0.2828367860869564,0.2938000000000001,0.8981,True
190,occipital_protuberance,851.816,470.904,0.4867623773913044,0.2548622139130434,0.6503000000000002,0.9573,True
190,tail_base,747.8644,480.3508,0.3076421656304349,0.3432548713695652,0.3730500000000001,0.9194,False
190,tail_tip,694.482,523.5440000000001,0.1533549860869564,0.460340806956522,-0.0260999999999999,0.9356,True
190,withers,807.5319999999999,470.42,0.4311763799999998,0.2841874739130434,0.2961999999999998,0.8976,True
191,occipital_protuberance,851.132,471.334,0.4859707860869564,0.2562618243478261,0.6469000000000001,0.9359,True
191,tail_base,748.1899999999999,480.21,0.3082533016304346,0.3425005027173914,0.36925,0.9092,False
191,tail_tip,692.54,523.616,0.148928056521739,0.4637802226086956,-0.0018000000000001,0.8881,True
191,withers,807.356,470.7480000000001,0.4335975669565217,0.2869336226086957,0.2804000000000001,0.8853,True
192,occipital_protuberance,850.0899999999999,471.73,0.4854449152173912,0.2581691673913044,0.6276999999999998,0.9037,True
192,tail_base,748.49,480.0100000000001,0.3078256345108695,0.3405120692934784,0.380125,0.9197,False
192,tail_tip,693.106,524.774,0.1500129052173913,0.4654507295652174,-0.0678000000000001,0.8711,True
192,withers,807.202,470.98,0.4376694091304348,0.2905022130434783,0.2558000000000002,0.893,True
193,occipital_protuberance,849.326,472.092,0.4853632860869565,0.2599072330434782,0.5833000000000002,0.8869,True
193,tail_base,748.6400000000001,479.91,0.3076091413043481,0.3395196256793479,0.3855625,0.9223,False
193,tail_tip,696.656,527.1,0.1595235895652172,0.4704954782608697,-0.1229,0.8638,True
193,withers,807.1560000000001,471.168,0.4415825460869567,0.2936768556521739,0.2335999999999999,0.9035,True
194,occipital_protuberance,848.918,472.448,0.4855072652173913,0.2613193739130434,0.5725,0.868,True
194,tail_base,748.79,479.81,0.3073908749999998,0.3385283641304348,0.391,0.9156,False
194,tail_tip,701.338,531.342,0.1666260104347824,0.4654542678260868,-0.0861999999999998,0.919,True
194,withers,807.146,471.2360000000001,0.4434819413043477,0.2951381260869566,0.223,0.9142,True
195,occipital_protuberance,848.604,472.2600000000001,0.48604732,0.2615658,0.5669000000000001,0.8668,True
195,tail_base,749.29,479.4766666666666,0.3066505149456521,0.3352326961050724,0.409125,0.9188,False
195,tail_tip,706.226,533.764,0.1740592043478261,0.4566971217391304,-0.027,0.9504,True
195,withers,807.268,471.27199999999993,0.4478782513043479,0.2979428747826085,0.2005999999999999,0.9027,True
196,occipital_protuberance,848.0899999999999,471.792,0.4842163826086955,0.2601351234782609,0.5696999999999999,0.8988,True
196,tail_base,749.9066666666668,479.1233333333333,0.2946225404589374,0.3193293014794684,0.5242916666666665,0.9218,False
196,tail_tip,709.6,532.5199999999999,0.1822309565217392,0.451702365217391,-0.0028000000000001,0.9511,True
196,withers,807.338,471.3280000000001,0.446574193043478,0.2971005495652176,0.2088000000000001,0.89,True
197,occipital_protuberance,847.568,471.258,0.4822346121739129,0.2584813578260869,0.6045999999999999,0.8649,True
197,tail_base,750.2266666666666,478.62000000000006,0.2945767729468596,0.3170076521739132,0.5318333333333335,0.9195,True
197,tail_tip,709.057,526.7760000000001,0.1852529086956522,0.4473947478260871,-0.03,0.936,True
197,withers,807.426,471.43,0.4476461682608697,0.2979299065217392,0.2041999999999998,0.8767,True
198,occipital_protuberance,846.798,470.462,0.4790520626086956,0.255887624347826,0.6023000000000002,0.914,True
198,tail_base,750.3149999999999,478.1875,0.3055845407608694,0.3273922214673913,0.442,0.9067,True
198,tail_tip,705.181,516.796,0.1815290850000001,0.4366768600000001,-0.0501999999999998,0.8755,True
198,withers,807.3639999999999,471.504,0.4464616617391301,0.29744904,0.2098000000000001,0.89,True
199,occipital_protuberance,845.57,469.488,0.4763414413043479,0.2537027373913043,0.6241999999999999,0.9623,True
199,tail_base,750.252,477.822,0.3125883878260868,0.3340509834782609,0.3820999999999999,0.9157,True
199,tail_tip,700.405,501.86800000000005,0.1760411804347825,0.4134526973913045,0.3093000000000002,0.8681,True
199,withers,807.2839999999999,471.462,0.4484302182608692,0.2987908526086956,0.1978000000000001,0.8944,True
200,occipital_protuberance,844.174,468.572,0.472618424347826,0.2513205773913043,0.6494000000000001,0.9805,True
200,tail_base,750.336,477.14400000000006,0.3168801947826087,0.3364324747826088,0.3483000000000001,0.9292,True
200,tail_tip,696.387,485.37,0.1714532541304346,0.3812065630434783,0.1395999999999999,0.9149,True
200,withers,807.178,471.154,0.448327784347826,0.2980860313043478,0.1968000000000001,0.9066,True
201,occipital_protuberance,842.5319999999999,468.026,0.4703585556521737,0.2508786430434783,0.6369000000000001,0.9814,True
201,tail_base,750.399,476.407,0.3256410503260869,0.3433626911956521,0.2768000000000001,0.9637,True
201,tail_tip,694.167,471.03,0.1710264147826088,0.3505651565217392,0.0321999999999998,0.9677,True
201,withers,807.292,470.892,0.4512883539130435,0.2991432234782609,0.1821999999999998,0.9115,True
202,occipital_protuberance,840.9460000000001,467.59,0.4678983926086959,0.2505209760869564,0.6198000000000001,0.9614,True
202,tail_base,750.689,475.689,0.3248601835869564,0.3395346401086957,0.2839000000000001,0.9766,True
202,tail_tip,692.7479999999999,462.874,0.169091740869565,0.3297782617391303,-0.0116999999999998,0.982,True
202,withers,807.3419999999999,470.5559999999999,0.4467303826086953,0.2951364521739128,0.208,0.9295,True
203,occipital_protuberance,839.0199999999999,467.49000000000007,0.4656635347826084,0.2515032326086958,0.6034,0.9621,True
203,tail_base,751.353,475.109,0.3208297794565215,0.331651550326087,0.3263000000000002,0.9554,False
203,tail_tip,695.204,464.456,0.1769648226086954,0.3348496034782608,0.0008000000000001,0.9208,True
203,withers,807.3340000000001,470.308,0.448054973478261,0.29536166,0.2005999999999999,0.9114,True
204,occipital_protuberance,837.0559999999999,467.5280000000001,0.4641525565217389,0.253275191304348,0.589,0.9818,True
204,tail_base,752.3149999999999,474.4838,0.3156613074999998,0.3217567198999999,0.3913400000000001,0.9368,True
204,tail_tip,700.004,473.832,0.1862863313043478,0.3533988678260869,0.0938000000000001,0.8937,True
204,withers,807.1200000000001,470.28,0.4481722434782611,0.2957421913043478,0.1968000000000001,0.928,True
205,occipital_protuberance,834.844,467.668,0.4618649947826088,0.255219972173913,0.5751999999999998,0.9763,True
205,tail_base,753.3770000000001,473.8554,0.3124744061521741,0.313792907752174,0.4379200000000001,0.9483,True
205,tail_tip,705.4979999999999,489.398,0.1968072513043476,0.3888128599999999,0.2055999999999999,0.8993,True
205,withers,806.708,470.492,0.4475747391304348,0.296647,0.189,0.9078,True
206,occipital_protuberance,832.6940000000001,467.628,0.4588630600000002,0.2562950243478261,0.5796999999999998,0.9295,True
206,tail_base,754.5120000000001,473.1868,0.3109946768695654,0.3073956641391303,0.4644400000000001,0.9794,False
206,tail_tip,709.842,505.814,0.201904112173913,0.4215292547826085,0.2384,0.8771,True
206,withers,806.0379999999999,470.7360000000001,0.447147553043478,0.2982168626086957,0.1814000000000001,0.8847,True
207,occipital_protuberance,830.4039999999999,467.886,0.4564315017391301,0.2586215047826086,0.5705999999999999,0.9278,True
207,tail_base,755.72,472.478,0.3112616434782609,0.3025413682608693,0.4854000000000001,0.9516,False
207,tail_tip,715.662,517.49,0.2115410830434783,0.4403214978260868,-0.1071999999999998,0.8529,True
207,withers,805.518,471.372,0.4555703039130436,0.3065393243478261,0.1268000000000002,0.8752,True
208,occipital_protuberance,827.9,468.074,0.4528389999999999,0.2604583399999998,0.5533000000000002,0.965,True
208,tail_base,756.63,471.7219999999999,0.307598947826087,0.2946546313043476,0.5336,0.942,False
208,tail_tip,719.4959999999999,520.4200000000001,0.2148465808695648,0.433552486956522,-0.0214,0.9274,True
208,withers,804.6519999999999,471.66,0.4538668173913042,0.3077932173913044,0.117,0.8639,True
209,occipital_protuberance,825.356,468.0,0.4485212252173913,0.2613365217391304,0.5388000000000002,0.9236,True
209,tail_base,757.1020000000001,471.0712,0.3114964113913046,0.2954542211826086,0.5097599999999998,0.9474,False
209,tail_tip,719.7369999999999,516.512,0.2195627631521735,0.4309694017391303,-0.0543000000000001,0.9545,True
209,withers,803.958,471.674,0.4544131613043478,0.3095069186956521,0.1031999999999998,0.8912,True
210,occipital_protuberance,823.2299999999999,467.54,0.4430581065217389,0.2600363956521738,0.5284000000000001,0.9508,True
210,tail_base,757.058,470.3416,0.3229935588695652,0.3044612591652175,0.41848,0.9621,True
210,tail_tip,716.1609999999998,506.7720000000001,0.2174148198913038,0.4189861995652175,0.0756999999999998,0.8665,True
210,withers,803.0519999999999,471.392,0.4467979260869562,0.3052382956521739,0.132,0.8889,True
211,occipital_protuberance,820.902,466.852,0.4362884321739131,0.2576991495652174,0.5231999999999998,0.975,True
211,tail_base,756.752,469.6992,0.334626460521739,0.3144122157913044,0.3231599999999998,0.966,True
211,tail_tip,710.417,492.442,0.2083195096739131,0.3918123819565217,0.2893000000000001,0.8705,True
211,withers,801.944,471.138,0.4417550678260868,0.303165135652174,0.1384,0.9081,True
212,occipital_protuberance,818.482,465.816,0.4298700169565217,0.2548555356521739,0.4861999999999998,0.9643,True
212,tail_base,755.944,469.046,0.3484369252173912,0.3277069356521739,0.1951999999999998,0.9798,True
212,tail_tip,704.5649999999999,476.09800000000007,0.1977864559782607,0.3556510797826089,0.1486999999999998,0.9217,True
212,withers,800.6139999999999,470.7295,0.4324531949999998,0.29813917875,0.1709,0.8899,True
213,occipital_protuberance,816.6940000000001,464.7720000000001,0.4249874817391306,0.2519994365217392,0.4701999999999998,0.8735,True
213,tail_base,754.742,468.564,0.3609633656521738,0.3415281834782609,0.0688000000000001,0.993,True
213,tail_tip,701.367,459.208,0.1945934229347824,0.3145864113043477,0.0361999999999998,0.9781,True
213,withers,799.626,470.7105,0.4288213684782608,0.2974141312499999,0.1765,0.8112,True
214,occipital_protuberance,815.12,463.436,0.4202118608695652,0.2482014278260869,0.4674000000000001,0.8994,True
214,tail_base,753.5780000000001,468.216,0.3626101104347828,0.3454913426086956,0.0258000000000001,0.9803,True
214,tail_tip,702.9119999999999,445.208,0.2009081043478258,0.2721098956521738,0.025,0.97,True
214,withers,798.5380000000001,470.913,0.422538234782609,0.2956072565217391,0.196,0.7218,False
215,occipital_protuberance,813.72,462.098,0.4172678869565218,0.2452349569565216,0.4651999999999998,0.9076,True
215,tail_base,752.518,468.334,0.3564619160869566,0.3432068221739131,0.0484,0.953,True
215,tail_tip,706.108,434.746,0.2101803260869563,0.2376435326086955,0.038,0.9302,True
215,withers,797.74,471.515,0.4250407173913043,0.3004844402173913,0.169,0.7274,False
216,occipital_protuberance,812.99,460.702,0.4163418021739131,0.2423634439130433,0.4658000000000001,0.9456,True
216,tail_base,751.412,468.666,0.3427856600000001,0.3343369343478261,0.1324000000000001,0.9567,True
216,tail_tip,706.9799999999999,431.958,0.2135351521739127,0.2294052326086955,0.03,0.8915,True
216,withers,797.214,472.249,0.4279296726086958,0.3055368976086955,0.1413000000000001,0.7102,False
217,occipital_protuberance,812.4019999999999,458.778,0.4152264691304346,0.2379046656521738,0.4701999999999998,0.95,True
217,tail_base,750.4440000000001,469.372,0.3224964800000002,0.3193662400000001,0.2835999999999999,0.9552,True
217,tail_tip,706.204,439.544,0.2114498191304346,0.2540566191304349,0.0250999999999999,0.9181,True
217,withers,796.6700000000001,472.7095000000001,0.4288841250000001,0.3085422562500001,0.127,0.7851,True
218,occipital_protuberance,812.2299999999999,456.594,0.4145501217391302,0.2324975582608694,0.5385999999999999,0.9387,True
218,tail_base,749.552,470.36,0.304292587826087,0.3065368956521739,0.4145999999999999,0.9458,True
218,tail_tip,703.876,454.3639999999999,0.2035422626086956,0.3006929373913041,0.0184,0.8698,True
218,withers,796.464,473.06049999999993,0.4314494800000002,0.3117643287499999,0.1085999999999999,0.8254,True
219,occipital_protuberance,812.754,454.52,0.4119056243478261,0.2253685565217391,0.6124,0.9421,True
219,tail_base,748.7099999999999,471.466,0.2909410456521737,0.2983169404347826,0.5113000000000002,0.919,True
219,tail_tip,700.208,472.986,0.1893934260869564,0.3554146565217391,0.063,0.9346,True
219,withers,796.8800000000001,473.282,0.4366038608695655,0.3152687313043479,0.0850999999999999,0.8209,True
220,occipital_protuberance,813.36,452.356,0.4106370782608696,0.2187632556521737,0.6418000000000001,0.9543,True
220,tail_base,747.9100000000001,472.5,0.2782435891304349,0.290078804347826,0.6083000000000002,0.9261,True
220,tail_tip,696.284,491.187,0.1735199013043478,0.404440965326087,0.0976999999999998,0.9344,True
220,withers,797.658,473.058,0.4356159086956522,0.3123841695652173,0.1035,0.8615,True
221,occipital_protuberance,814.24,449.59800000000007,0.4106761043478261,0.2111785904347827,0.6855999999999999,0.907,True
221,tail_base,747.058,473.344,0.2699258008695652,0.2857747199999998,0.6644000000000001,0.9566,True
221,tail_tip,696.1,506.14699999999993,0.1680012065217392,0.437662608369565,0.2079,0.939,True
221,withers,798.7479999999999,472.222,0.4297929547826085,0.3038288669565218,0.1546999999999998,0.8334,True
222,occipital_protuberance,815.778,446.7,0.4100595039130435,0.2022560217391304,0.7428000000000001,0.8821,True
222,tail_base,746.01,473.817,0.2729872728260869,0.2930911464130435,0.6149000000000001,0.9533,True
222,tail_tip,696.398,512.557,0.1693962971739131,0.458218215326087,0.1161999999999998,0.9351,False
222,withers,800.5,471.366,0.4254994565217391,0.29524095,0.209,0.8322,True
223,occipital_protuberance,817.1,443.21400000000006,0.4099865000000001,0.1926404100000001,0.8271999999999998,0.9399,True
223,tail_base,744.72,473.829,0.2817764782608696,0.3062866190217391,0.505,0.9538,True
223,tail_tip,694.816,512.0150000000001,0.1636436347826088,0.453814345108696,0.1645,0.8755,True
223,withers,801.9100000000001,470.11,0.4217755500000001,0.28683655,0.2514,0.9028,True
224,occipital_protuberance,818.0806666666667,439.388,0.4121018905797103,0.1837141869565218,0.848,0.9279,True
224,tail_base,743.5260000000001,473.295,0.2942726550000002,0.3220410374999999,0.3654000000000001,0.966,False
224,tail_tip,691.0140000000001,504.387,0.1554984350000003,0.4401135479347826,0.1456999999999998,0.9484,True
224,withers,802.352,468.566,0.4124799617391304,0.2758284439130434,0.3155999999999999,0.9347,True
225,occipital_protuberance,819.0600000000001,435.36800000000005,0.4134339695652175,0.1740181582608696,0.8563000000000002,0.9973,True
225,tail_base,742.3399999999999,472.333,0.3041389065217388,0.333836581847826,0.2359,0.9686,True
225,tail_tip,687.098,492.034,0.1475293656521737,0.4135821534782609,0.0426999999999998,0.8583,True
225,withers,802.4100000000001,467.13,0.4078256326086958,0.2690127456521739,0.3488000000000001,0.9549,True
226,occipital_protuberance,819.808,431.728,0.4142229078260869,0.1652394817391303,0.8575999999999999,0.9642,False
226,tail_base,741.0539999999999,471.3450000000001,0.3151676545652169,0.3472632701086959,0.0936999999999998,0.9534,True
226,tail_tip,684.342,475.504,0.1430029499999999,0.3725004,-0.036,0.9277,True
226,withers,802.4200000000001,465.98,0.4046376521739132,0.2640284347826087,0.367,0.8915,True
227,occipital_protuberance,820.372,428.078,0.4172867008695651,0.1574969730434782,0.8485999999999999,0.976,False
227,tail_base,739.8279999999999,470.474,0.3213159495652169,0.3555821834782608,0.0018000000000001,0.9869,True
227,tail_tip,685.188,457.632,0.1446114234782608,0.3124436243478259,-0.0261999999999998,0.8973,True
227,withers,802.42,464.762,0.4042139478260869,0.2607207339130434,0.3694000000000001,0.8628,True
228,occipital_protuberance,821.034,424.244,0.4201956560869565,0.1491159104347826,0.8415999999999999,0.9296,True
228,tail_base,738.914,469.774,0.320158814347826,0.3553098013043478,-0.0148000000000001,1.0,True
228,tail_tip,689.888,441.57,0.1598585043478262,0.261378652173913,-0.027,0.9584,True
228,withers,802.7860000000001,463.618,0.4023999143478262,0.256139190869565,0.4008000000000001,0.9022,True
229,occipital_protuberance,821.4413333333334,420.184,0.4229160817391307,0.1402810539130435,0.8325999999999999,0.9674,True
229,tail_base,737.926,469.462,0.3136399473913044,0.3505877491304348,0.0164,0.9664,True
229,tail_tip,696.8380000000001,429.766,0.179509231304348,0.2203392278260868,0.0514,0.9609,True
229,withers,803.828,462.466,0.4028388060869565,0.2519549839130435,0.4208000000000002,0.9535,True
230,occipital_protuberance,821.506,416.25,0.4261445217391304,0.1320652173913043,0.803,0.8969,True
230,tail_base,736.984,469.68,0.3087253721739131,0.349140052173913,0.0284,0.9563,True
230,tail_tip,703.2180000000001,423.93,0.1981334578260871,0.2003649586956521,0.0900999999999999,0.9395,True
230,withers,804.95,461.504,0.4053108369565217,0.2494129808695652,0.4224000000000001,0.9686,True
231,occipital_protuberance,821.278,412.298,0.4292741856521739,0.1238439378260868,0.7714000000000001,0.9575,True
231,tail_base,736.512,470.132,0.3056493078260867,0.3487832556521737,0.0434,0.9324,True
231,tail_tip,704.1000000000001,424.928,0.1996993695652178,0.2022789495652173,0.1073000000000001,1.0,True
231,withers,805.586,460.376,0.4072695660869566,0.2468813182608697,0.4341999999999998,0.9647,True
232,occipital_protuberance,820.902,408.642,0.430822045652174,0.1158419804347825,0.746,0.9451,True
232,tail_base,736.382,470.712,0.2972127543478259,0.3414021130434783,0.12,0.9152,True
232,tail_tip,700.344,435.228,0.1874993026086958,0.2337464791304346,0.0949000000000001,0.9948,True
232,withers,805.7860000000001,458.9719999999999,0.4065000639130436,0.242675040869565,0.4801999999999998,0.9419,True
233,occipital_protuberance,820.4540000000001,405.504,0.4330503708695654,0.109199707826087,0.7231999999999998,0.9632,True
233,tail_base,736.3419999999999,471.366,0.2859681886956518,0.33056334,0.2261999999999998,0.9013,True
233,tail_tip,693.7940000000001,450.066,0.1663520978260872,0.2785193152173912,0.089,0.885,True
233,withers,805.5600000000001,457.53,0.4041103652173914,0.2380580086956522,0.5304000000000001,0.8936,True
234,occipital_protuberance,820.4619999999999,403.036,0.4358157299999997,0.10393194,0.7091999999999998,0.9676,True
234,tail_base,736.2119999999999,472.258,0.2739741278260866,0.3196668569565217,0.3336999999999998,0.9198,False
234,tail_tip,686.5559999999999,467.67,0.1467222460869562,0.3393243456521738,0.0215999999999999,0.9713,True
234,withers,805.2239999999999,455.876,0.4048347182608694,0.2349170426086957,0.5818000000000002,0.8705,True
235,occipital_protuberance,820.698,400.952,0.4378391104347825,0.0992284765217391,0.6953000000000001,0.9346,True
235,tail_base,735.994,472.968,0.261249757826087,0.307444867826087,0.4496999999999998,0.9052,True
235,tail_tip,681.304,486.286,0.1295059982608694,0.3959615169565215,0.0399,0.958,True
235,withers,805.05,454.092,0.406561206521739,0.2317731417391304,0.5878000000000002,0.9178,True
236,occipital_protuberance,821.326,399.428,0.4400703182608696,0.0956900417391304,0.6851999999999998,0.909,True
236,tail_base,735.325,473.526,0.252652695652174,0.3008932591304348,0.5115999999999999,0.9242,True
236,tail_tip,680.568,501.99,0.1259107252173912,0.4406937456521738,0.0655999999999999,0.9345,True
236,withers,804.9979999999999,452.3560000000001,0.4067200699999999,0.2276575400000001,0.6051999999999998,0.9405,True
237,occipital_protuberance,821.818,398.224,0.4415410604347826,0.0928261530434782,0.6838000000000002,0.9383,True
237,tail_base,734.3729999999999,474.014,0.2522631321739128,0.3047643791304347,0.4908000000000002,0.9492,True
237,tail_tip,680.9680000000001,510.206,0.1278379721739132,0.4687080269565216,0.0436999999999998,0.9261,True
237,withers,804.816,450.954,0.4105709878260871,0.2265743230434783,0.6126999999999998,0.9523,True
238,occipital_protuberance,822.074,397.274,0.4420044256521738,0.0904866865217391,0.6845999999999999,0.9392,True
238,tail_base,733.1510000000001,474.352,0.2580687704347828,0.3168047582608695,0.3981999999999998,0.9751,False
238,tail_tip,679.808,511.89,0.1247028869565217,0.4758119347826088,0.029,0.9224,True
238,withers,804.584,450.0220000000001,0.4124975947826085,0.2256225300000001,0.6311999999999999,0.9345,True
239,occipital_protuberance,821.6380000000001,396.528,0.4414198265217395,0.0887709808695652,0.6751999999999998,0.9558,True
239,tail_base,732.027,474.352,0.266318135652174,0.330924744347826,0.2810999999999999,0.9893,True
239,tail_tip,676.586,507.068,0.1136233904347826,0.4567420539130435,0.0538000000000001,0.8991,True
239,withers,804.176,449.52,0.4134023060869565,0.2254152521739129,0.6204000000000001,0.9298,True
240,occipital_protuberance,821.058,395.806,0.4420176826086957,0.0874133434782609,0.665,0.9564,True
240,tail_base,730.917,474.186,0.2760912115217392,0.346753094347826,0.1466999999999998,0.9765,True
240,tail_tip,672.3700000000001,495.974,0.1010506956521742,0.424475356521739,0.026,0.9099,True
240,withers,803.566,449.188,0.4131819391304348,0.2252966434782608,0.6565,0.9336,True
241,occipital_protuberance,820.018,395.342,0.4416311152173914,0.0867031456521738,0.6575,0.9713,True
241,tail_base,729.586,473.942,0.2806378826086957,0.3569357,0.055,0.9683,True
241,tail_tip,668.4039999999999,481.438,0.0892997060869561,0.381790512173913,0.0025999999999999,0.9169,True
241,withers,802.876,449.21,0.4129614756521738,0.2261861369565218,0.6479000000000001,0.9288,True
242,occipital_protuberance,819.0,395.102,0.4432973913043478,0.0869308660869564,0.6325999999999999,0.9646,True
242,tail_base,728.088,473.642,0.2818241513043477,0.3635802856521739,-0.0064,0.9397,True
242,tail_tip,667.334,464.9719999999999,0.085858470869565,0.3297261799999998,-0.0008000000000001,0.8973,True
242,withers,802.4459999999999,449.164,0.4118712386956519,0.2260695069565218,0.6479000000000001,0.9356,True
243,occipital_protuberance,817.9440000000001,395.184,0.4448213165217394,0.0879523513043479,0.6111999999999999,0.9436,True
243,tail_base,726.658,473.476,0.2804705008695652,0.367267540869565,-0.0405999999999999,0.983,True
243,tail_tip,670.1800000000001,449.436,0.0952179000000002,0.2821705800000001,-0.0075999999999999,0.8748,True
243,withers,802.2560000000001,448.872,0.4131531582608698,0.2262951599999998,0.6479000000000001,0.9211,True
244,occipital_protuberance,817.354,395.356,0.4472019665217393,0.0891509226086956,0.5981999999999998,0.9415,True
244,tail_base,725.212,473.5179999999999,0.2761424530434782,0.3678723534782606,-0.0379,0.9964,True
244,tail_tip,675.3639999999999,436.39400000000006,0.111527293043478,0.2409234256521741,-0.0094,0.9012,True
244,withers,801.8520000000001,448.686,0.4122651921739132,0.2258986656521738,0.6470999999999999,0.9102,True
245,occipital_protuberance,817.004,395.448,0.4488205773913044,0.0898837982608695,0.5851999999999998,0.9241,True
245,tail_base,723.786,473.828,0.2715212830434781,0.3688769556521739,-0.0379,0.9901,True
245,tail_tip,680.5339999999999,427.934,0.127021219565217,0.2128844804347826,0.054,0.9881,True
245,withers,801.8820000000001,448.296,0.4135381265217392,0.2255578904347825,0.6403000000000002,0.8756,True
246,occipital_protuberance,817.098,395.2,0.4517153986956521,0.0897829565217391,0.5644000000000001,0.9302,True
246,tail_base,722.696,474.34,0.2672878539130435,0.3695667652173912,-0.0235999999999999,0.9919,True
246,tail_tip,684.16,424.312,0.1380863999999999,0.201100827826087,0.0731999999999998,0.9891,True
246,withers,802.076,447.862,0.4211157286956523,0.228288396521739,0.6000999999999999,0.8795,True
247,occipital_protuberance,817.078,394.648,0.4526267660869564,0.0885633008695652,0.5594000000000001,0.9411,True
247,tail_base,722.056,474.938,0.2619370226086958,0.3669020852173913,0.0131999999999998,0.9854,True
247,tail_tip,683.5440000000001,426.12,0.1353745095652176,0.2055613304347826,0.0833000000000001,0.9454,True
247,withers,802.268,447.306,0.4228139669565218,0.2274890686956522,0.5968000000000002,0.8638,True
248,occipital_protuberance,817.176,393.33,0.4538786921739132,0.0853827652173912,0.5411999999999998,0.9421,True
248,tail_base,721.644,475.548,0.2582612704347826,0.3655084669565215,0.0398000000000001,0.976,True
248,tail_tip,678.578,432.034,0.119340204347826,0.2228356130434782,0.0685,0.9553,True
248,withers,802.832,446.20200000000006,0.4247083339130434,0.224837303478261,0.5974,0.8306,True
249,occipital_protuberance,817.264,391.684,0.4567245495652174,0.0816345147826087,0.5216,0.8841,True
249,tail_base,721.5620000000001,476.174,0.2542074769565221,0.3620840517391304,0.0825999999999999,0.9899,True
249,tail_tip,671.974,441.018,0.0982783447826088,0.2490246743478262,0.0581999999999998,0.9303,True
249,withers,804.174,444.512,0.4313136499999999,0.2220277217391304,0.587,0.8605,True
250,occipital_protuberance,817.406,389.832,0.459211574347826,0.0772194834782608,0.5045999999999999,0.9179,True
250,tail_base,721.8516000000001,476.7284,0.2503876031652177,0.357077250747826,0.1356799999999998,1.0,True
250,tail_tip,665.758,451.656,0.0796874126086957,0.2835557686956519,0.0428000000000001,1.0,True
250,withers,805.434,442.514,0.4359185899999999,0.21742439,0.5798000000000002,0.904,True
251,occipital_protuberance,817.228,388.16,0.4637209147826085,0.0736812521739129,0.4718000000000001,0.9245,True
251,tail_base,722.4688,477.2572,0.2472952463999999,0.3516135576869565,0.1912400000000002,0.9941,True
251,tail_tip,661.2180000000001,462.516,0.0656697100000002,0.3172870199999998,0.0255999999999999,0.941,True
251,withers,806.788,440.03,0.4352441634782609,0.2088435043478262,0.6066999999999998,0.8819,True
252,occipital_protuberance,817.094,386.252,0.4678361495652176,0.0693509356521739,0.4485999999999999,0.9156,True
252,tail_base,723.2456,477.8544,0.2448072127304346,0.3465841698782608,0.24448,0.9825,False
252,tail_tip,659.062,472.224,0.059179222173913,0.3484067269565217,0.0298000000000001,0.985,True
252,withers,808.2,437.458,0.4354186086956522,0.2005151878260868,0.6294000000000001,0.952,True
253,occipital_protuberance,816.9939999999999,384.514,0.4713042404347824,0.0652765186956522,0.4261999999999998,0.8952,True
253,tail_base,724.156,478.4839999999999,0.2408691078260868,0.3391218139130432,0.3168000000000002,0.9744,False
253,tail_tip,659.0260000000001,479.808,0.0589640556521741,0.3713006191304347,0.0218000000000001,1.0,True
253,withers,809.5640000000001,435.07,0.4392813452173915,0.1944802586956521,0.6205999999999999,0.9441,True
254,occipital_protuberance,816.918,382.458,0.4694480669565217,0.0595918147826087,0.4348000000000002,0.8703,True
254,tail_base,725.0740000000001,479.0559999999999,0.2387435360869567,0.3341073704347824,0.3681999999999998,0.9502,False
254,tail_tip,659.89,484.59800000000007,0.0619530260869564,0.388095683478261,-0.0045999999999999,0.98,True
254,withers,810.538,432.812,0.4384309539130435,0.1871901547826087,0.6388000000000001,0.9383,True
255,occipital_protuberance,816.964,380.646,0.4679158982608697,0.0545907169565217,0.4434,0.9109,True
255,tail_base,726.1504,479.5176,0.2355913786434782,0.3268390646608696,0.4471199999999999,0.9344,False
255,tail_tip,660.708,486.77,0.0644694060869564,0.3946680804347825,-0.0031999999999998,1.0,True
255,withers,811.408,430.474,0.4382082782608695,0.1801683130434782,0.6385,1.0,True
256,occipital_protuberance,817.3019999999999,378.584,0.4641458008695649,0.04864968,0.4675999999999999,0.8935,True
256,tail_base,727.3352,479.6621333333334,0.2344260298492753,0.3211983122570049,0.4905266666666666,0.9167,True
256,tail_tip,662.0899999999999,487.344,0.0692281391304345,0.3990850226086954,-0.0191999999999998,0.9711,True
256,withers,812.434,428.04,0.4401940134782607,0.1736942869565216,0.6354000000000001,1.0,True
257,occipital_protuberance,817.716,376.462,0.4604389756521739,0.0426508947826086,0.4954000000000001,0.902,True
257,tail_base,728.6283999999999,479.4896,0.235306475295652,0.3172422904,0.5174200000000001,0.8991,True
257,tail_tip,664.008,487.084,0.0753433669565218,0.3988227443478261,-0.0201999999999998,0.9919,True
257,withers,813.36,425.2600000000001,0.4473441739130435,0.1683991739130436,0.61,0.9841,True
258,occipital_protuberance,818.104,374.406,0.4576885617391305,0.0370202882608694,0.5148000000000001,0.9085,True
258,tail_base,730.03,479.0,0.2383054956521738,0.3149878260869565,0.5148000000000001,0.9077,False
258,tail_tip,667.424,486.9,0.0864452173913042,0.4000108695652173,-0.021,0.9627,True
258,withers,813.8059999999999,422.428,0.4507998665217388,0.161919232173913,0.5978000000000002,0.9289,True
259,occipital_protuberance,818.502,371.954,0.4585561160869564,0.0307087865217391,0.5190999999999999,0.952,True
259,tail_base,731.54,478.1933333333333,0.2435096666666665,0.3144113961352656,0.506166666666667,0.9403,False
259,tail_tip,672.7760000000001,487.2600000000001,0.1041350521739132,0.4043271521739132,-0.0215,0.975,True
259,withers,814.14,419.37,0.4579124869565217,0.1561172869565217,0.5613000000000001,0.9278,True
260,occipital_protuberance,818.51,368.678,0.4600901217391304,0.0223666017391304,0.5113000000000002,0.9407,True
260,tail_base,733.0,477.18,0.2520603260869565,0.3175960108695652,0.4565,0.9693,False
260,tail_tip,679.724,488.168,0.1268231878260871,0.4091902713043478,-0.0126999999999998,0.9349,True
260,withers,814.2139999999999,416.054,0.462841150869565,0.1489208552173912,0.5188000000000001,0.921,True
261,occipital_protuberance,818.2760000000001,364.3200000000001,0.4645252469565218,0.0112564173913044,0.4788000000000001,0.9592,True
261,tail_base,734.46,476.1666666666667,0.2607575144927538,0.320678925120773,0.410333333333333,0.9812,False
261,tail_tip,687.788,489.2,0.1534825895652174,0.4149566956521739,-0.0303000000000001,0.9673,True
261,withers,813.9460000000001,412.02,0.4657971365217395,0.1393005130434782,0.4734000000000001,0.9916,True
262,occipital_protuberance,817.848,359.2099999999999,0.4700213339130434,-0.0020878326086958,0.4355999999999999,0.9058,True
262,tail_base,736.318,475.0940000000001,0.2740247099999999,0.3274424300000001,0.3360999999999999,0.9915,False
262,tail_tip,696.672,490.346,0.1828288000000001,0.4205075304347826,-0.031,0.9724,True
262,withers,813.3199999999999,407.57,0.4673988260869563,0.1282838804347826,0.4435,0.911,True
263,occipital_protuberance,817.03,353.2099999999999,0.476826456521739,-0.0182887173913045,0.3795,0.924,True
263,tail_base,738.8280000000001,473.902,0.2891900639130437,0.3332995371739132,0.2679000000000001,0.9416,True
263,tail_tip,704.73,491.482,0.2096548413043479,0.4258587647826086,0.0041999999999998,0.9397,True
263,withers,813.024,401.952,0.4688574260869564,0.1136807999999999,0.425,0.9701,True
264,occipital_protuberance,815.47,346.774,0.4841446173913045,-0.0364922591304347,0.3095999999999999,0.9096,True
264,tail_base,742.072,472.1126666666667,0.3085422060869565,0.3388930314251209,0.1890333333333333,0.9935,True
264,tail_tip,712.874,492.024,0.2359374960869565,0.4274420504347826,0.0359,0.8935,True
264,withers,812.816,395.218,0.468105947826087,0.0953948434782609,0.4125,1.0,True
265,occipital_protuberance,813.912,339.88199999999995,0.4895622800000002,-0.0566321700000001,0.2521999999999998,0.9638,True
265,tail_base,746.412,469.71400000000006,0.3288824791304349,0.3390878126086958,0.1195999999999999,0.922,True
265,tail_tip,722.742,490.84,0.2671847104347825,0.4224994260869564,0.0296999999999998,0.9521,True
265,withers,812.396,387.058,0.4695167582608694,0.0736918747826086,0.3734,0.9806,True
266,occipital_protuberance,812.08,332.902,0.4914006260869565,-0.0773824626086956,0.2118000000000001,0.9458,True
266,tail_base,751.77,466.486,0.3519054152173912,0.3352688560869564,0.0664000000000001,0.9495,True
266,tail_tip,732.65,487.928,0.2963792934782608,0.4092305478260869,0.02,0.8721,True
266,withers,812.056,379.596,0.4733036139130436,0.05390604,0.3421999999999998,0.9827,True
267,occipital_protuberance,810.404,325.462,0.4915414513043479,-0.0996271134782609,0.1821999999999998,0.9428,True
267,tail_base,757.484,462.506,0.3724753600000001,0.324988587826087,0.0431999999999998,0.9452,True
267,tail_tip,745.818,484.2320000000001,0.3324065434782608,0.3902505217391307,0.047,0.6536,True
267,withers,811.886,371.952,0.4785156773913042,0.0332733286956521,0.3118000000000002,0.9175,True
268,occipital_protuberance,808.688,317.694,0.4884984452173912,-0.122512657826087,0.1718000000000001,0.8949,True
268,tail_base,763.2859999999998,457.628,0.3908702226086951,0.3095232069565217,0.0636999999999998,0.926,True
268,tail_tip,764.092,476.21400000000006,0.3766192199999999,0.3527094900000001,0.0688000000000001,0.6352,True
268,withers,811.582,364.136,0.479086784347826,0.0115484313043478,0.2981999999999998,0.9811,True
269,occipital_protuberance,807.246,309.656,0.4837045182608695,-0.1456036034782608,0.1721999999999998,0.9148,True
269,tail_base,768.7059999999999,452.46,0.4054798591304345,0.2912892000000001,0.0820999999999999,0.9479,True
269,tail_tip,782.2180000000001,467.1820000000001,0.4211198647826089,0.3173752221739132,0.1238000000000001,0.5882,True
269,withers,811.146,356.326,0.4783902756521738,-0.0102696286956522,0.2824000000000001,0.944,True
270,occipital_protuberance,805.8620000000001,301.77,0.4791248382608697,-0.168208747826087,0.1604000000000001,0.9309,True
270,tail_base,773.428,446.744,0.4214874495652173,0.2740167530434781,0.0568000000000001,0.9145,True
270,tail_tip,799.4219999999999,460.71400000000006,0.4609721786956518,0.2912167204347827,0.1103000000000001,0.892,True
270,withers,810.996,349.66400000000004,0.4768558017391303,-0.0288239582608694,0.2764000000000001,0.9974,True
271,occipital_protuberance,804.626,293.774,0.4745881273913042,-0.1909180404347825,0.1598000000000002,0.989,True
271,tail_base,777.626,441.008,0.4332526317391303,0.2550167060869564,0.0443000000000001,0.9313,True
271,tail_tip,815.414,456.492,0.5001968343478261,0.2751490356521739,0.1125999999999999,0.9193,True
271,withers,810.948,342.154,0.4748638139130434,-0.0495730843478261,0.2864000000000001,0.9736,True
272,occipital_protuberance,803.22,286.312,0.4681220565217391,-0.2113403878260869,0.1734,0.943,True
272,tail_base,781.3499999999999,434.808,0.4426405978260866,0.2342628782608695,0.04,0.9499,True
272,tail_tip,825.5640000000001,453.59,0.5278085600000002,0.2662025130434783,0.1951999999999998,0.9042,True
272,withers,811.0600000000001,334.64,0.4697084478260871,-0.069635252173913,0.3098000000000002,0.9497,True
273,occipital_protuberance,801.786,279.144,0.4592260439130434,-0.2295079982608695,0.1885999999999999,0.948,True
273,tail_base,784.4119999999999,428.692,0.4493724713043476,0.2137515843478261,0.0516999999999998,0.9491,True
273,tail_tip,826.53,455.216,0.53749025,0.2743669739130435,0.158,0.9091,True
273,withers,811.232,327.62,0.4701807373913042,-0.0889112565217391,0.3098000000000002,0.9436,True
274,occipital_protuberance,800.47,272.554,0.4505718521739131,-0.24553316,0.2018000000000001,0.9204,True
274,tail_base,786.719,422.557,0.4484817084782609,0.1912204297826085,0.0923000000000001,1.0,True
274,tail_tip,822.8619999999999,458.21400000000006,0.5277158804347821,0.283432793478261,0.0925,0.7529,True
274,withers,811.392,321.08000000000004,0.4719241460869566,-0.1071653739130433,0.3028000000000002,0.9548,True
275,occipital_protuberance,799.182,266.028,0.4417646547826087,-0.2607927286956522,0.2173000000000002,0.95,True
275,tail_base,788.225,416.67300000000006,0.4390682282608695,0.1678752821739131,0.1728000000000001,0.9125,True
275,tail_tip,813.2479999999999,459.984,0.5076166399999998,0.29295312,-0.0155999999999999,0.961,True
275,withers,811.424,314.376,0.471490532173913,-0.1254858365217392,0.3055999999999999,0.9761,True
276,occipital_protuberance,798.134,260.334,0.4331840291304348,-0.2730198404347826,0.2448000000000001,1.0,True
276,tail_base,789.0690000000001,410.533,0.4254623697826089,0.1442277732608696,0.2851999999999998,1.0,False
276,tail_tip,797.324,458.308,0.4672522799999999,0.29197476,0.1095999999999999,0.9089,True
276,withers,811.34,307.962,0.4699930695652175,-0.1427424965217391,0.3124,0.9969,True
277,occipital_protuberance,797.384,255.148,0.4271264904347827,-0.2845592104347826,0.2681999999999998,0.9814,True
277,tail_base,789.549,404.485,0.4195499663043477,0.1247997663043478,0.337,0.9946,True
277,tail_tip,779.398,451.354,0.4202546660869566,0.2754124504347826,0.2069,0.9071,True
277,withers,810.79,301.276,0.4681131130434781,-0.160954824347826,0.3024000000000001,0.9839,True
278,occipital_protuberance,797.146,250.52000000000004,0.4253532273913041,-0.2963337999999998,0.2718000000000002,1.0,True
278,tail_base,790.025,398.3850000000001,0.4174282554347825,0.1068020902173914,0.3511999999999998,0.9624,True
278,tail_tip,763.13,438.5,0.3791868652173912,0.2417458695652173,0.1238000000000001,0.9445,True
278,withers,809.848,294.81000000000006,0.4646450504347825,-0.1783371652173911,0.3011999999999998,0.952,True
279,occipital_protuberance,797.0799999999999,246.598,0.4233988956521737,-0.3056676952173912,0.2821999999999998,0.9792,True
279,tail_base,790.2879999999999,392.278,0.4232240765217389,0.0908976547826087,0.2881999999999998,0.9481,True
279,tail_tip,748.6899999999999,420.148,0.3404359826086954,0.188393996521739,0.0329,0.9136,True
279,withers,809.1659999999999,288.266,0.4607934739130432,-0.1953971782608696,0.306,0.9119,True
280,occipital_protuberance,796.472,243.576,0.4208076330434781,-0.3131046313043477,0.2878000000000001,0.9913,True
280,tail_base,790.374,386.154,0.43242332,0.0752098069565217,0.2214000000000001,0.9172,True
280,tail_tip,737.6780000000001,398.148,0.307367184782609,0.1200418043478261,0.082,0.9811,True
280,withers,808.3019999999999,281.732,0.4604157321739128,-0.214114024347826,0.2921999999999998,0.8976,True
281,occipital_protuberance,795.7239999999999,241.02,0.418796000869565,-0.3199786043478261,0.2878000000000001,0.9647,True
281,tail_base,790.112,380.378,0.4469095304347825,0.0606688500000001,0.125,0.9888,True
281,tail_tip,731.818,378.384,0.2914223478260869,0.0583492173913043,0.0705,0.9503,True
281,withers,807.406,275.902,0.4597478256521737,-0.2309587030434784,0.2734000000000001,0.9572,True
282,occipital_protuberance,794.8340000000001,238.8,0.4150224391304349,-0.3248686956521738,0.299,0.9495,True
282,tail_base,789.6580000000001,375.392,0.4453952217391307,0.0458079304347825,0.129,1.0,True
282,tail_tip,729.176,364.084,0.2848203895652175,0.0130439408695652,0.0245999999999999,0.9121,True
282,withers,806.628,271.04,0.4613784426086958,-0.246322504347826,0.2405999999999999,0.9424,True
283,occipital_protuberance,794.414,237.354,0.412050402173913,-0.3272781847826088,0.31,0.9498,True
283,tail_base,789.25,371.21400000000006,0.4427858152173913,0.0332690126086958,0.1315999999999999,0.9839,True
283,tail_tip,728.03,356.516,0.282863354347826,-0.0111950008695651,0.0243000000000001,0.9463,True
283,withers,806.0960000000001,266.932,0.4605914295652176,-0.2580816104347825,0.2248000000000002,0.9462,True
284,occipital_protuberance,794.2360000000001,236.286,0.4097648165217393,-0.3286758247826087,0.3208000000000002,0.9385,True
284,tail_base,789.972,367.832,0.4398091913043477,0.0229681913043478,0.156,0.9791,True
284,tail_tip,727.7699999999999,355.076,0.2844129608695647,-0.0159559008695651,-0.0041999999999998,0.9305,True
284,withers,805.186,263.816,0.45559017,-0.2652796539130435,0.2275999999999999,0.9155,True
285,occipital_protuberance,794.952,235.456,0.4085343165217391,-0.3283629634782608,0.3504000000000001,0.9705,True
285,tail_base,791.88,364.914,0.4374804347826087,0.014154456521739,0.195,0.9929,True
285,tail_tip,728.0939999999999,358.294,0.2871672891304345,-0.0055611891304348,-0.0185,0.94,True
285,withers,804.528,261.678,0.4480526643478261,-0.2677564552173913,0.2595999999999999,0.9466,True
286,occipital_protuberance,796.048,234.902,0.4070478156521739,-0.3263154134782609,0.3761999999999998,0.9844,True
286,tail_base,794.552,362.762,0.4409099773913044,0.0078795056521739,0.2174000000000001,0.9874,True
286,tail_tip,730.704,363.752,0.2929542017391303,0.0121181443478261,-0.0084,0.9367,True
286,withers,803.6780000000001,259.74,0.4399379982608699,-0.2694814434782608,0.2921999999999998,0.9678,True
287,occipital_protuberance,797.174,234.996,0.4073198378260869,-0.3239505834782608,0.3948000000000002,0.9663,True
287,tail_base,797.586,360.744,0.4563485013043478,0.0021545269565218,0.1808000000000001,0.9177,True
287,tail_tip,736.142,369.582,0.3095354391304349,0.0308498739130434,-0.0085,0.9628,True
287,withers,802.7460000000001,258.416,0.4297555786956524,-0.2682480104347826,0.3355999999999999,0.9553,True
288,occipital_protuberance,797.76,235.16,0.4060262260869566,-0.3213001652173914,0.4141999999999998,0.9666,True
288,tail_base,800.304,358.942,0.4715028521739129,-0.0031118999999999,0.142,0.9495,True
288,tail_tip,745.956,375.336,0.3370091817391304,0.0487784817391302,0.0108000000000001,0.9787,True
288,withers,801.7040000000001,257.49,0.4211334608695654,-0.2669716956521739,0.369,0.9101,True
289,occipital_protuberance,798.1940000000001,235.256,0.4048046900000001,-0.3192090486956521,0.4278000000000002,0.9872,True
289,tail_base,802.324,356.798,0.4842548373913041,-0.0095524013043478,0.1034,0.9894,True
289,tail_tip,761.336,381.328,0.3840020626086957,0.0674984834782607,-0.0195999999999999,0.98,True
289,withers,800.814,257.066,0.4160887452173912,-0.2663305365217392,0.3845999999999999,0.8826,True
290,occipital_protuberance,798.772,235.42800000000005,0.4036950678260871,-0.3167378504347825,0.4428000000000002,1.0,True
290,tail_base,803.784,355.334,0.499078332173913,-0.0142181134782608,0.0445999999999999,1.0,True
290,tail_tip,781.1360000000001,387.166,0.4462658956521741,0.0858977108695652,-0.036,0.9526,True
290,withers,800.018,256.958,0.4123942152173914,-0.2655571543478262,0.394,0.9125,True
291,occipital_protuberance,799.074,235.398,0.4018001752173912,-0.3147283995652175,0.4581999999999998,1.0,True
291,tail_base,804.852,353.54200000000003,0.5070990869565217,-0.0198653695652173,0.018,0.9382,True
291,tail_tip,801.1800000000001,389.792,0.5089784086956524,0.0940779547826087,-0.0261999999999998,0.9463,True
291,withers,799.62,256.97,0.4084884,-0.2636672086956521,0.4105999999999999,0.9197,True
292,occipital_protuberance,799.6780000000001,235.07,0.401312469130435,-0.3139816804347825,0.4758000000000001,0.99,True
292,tail_base,805.6899999999999,351.742,0.5096768478260868,-0.0254023260869564,0.012,0.948,True
292,tail_tip,821.1379999999999,390.116,0.5666075395652171,0.0942041573913043,0.0081999999999998,0.905,True
292,withers,799.676,256.936,0.4068613904347827,-0.2626115530434783,0.4208000000000002,0.9015,True
293,occipital_protuberance,800.53,234.562,0.4013249999999999,-0.313595,0.5,0.9637,True
293,tail_base,806.508,349.60400000000004,0.5108899808695653,-0.0318976399999998,0.0191999999999998,0.9358,True
293,tail_tip,837.702,389.15,0.6120596047826087,0.0902445978260868,0.0128000000000001,0.9395,True
293,withers,799.85,256.818,0.40688775,-0.2626430517391305,0.4231999999999998,0.8958,True
294,occipital_protuberance,802.0200000000001,234.198,0.4020913739130437,-0.3122077460869565,0.5228000000000002,0.9903,True
294,tail_base,807.318,347.5,0.5120658269565217,-0.0382554347826087,0.0264,0.9454,True
294,tail_tip,847.4380000000001,387.984,0.6352112321739133,0.0856918747826088,0.0368000000000001,0.9191,True
294,withers,800.5200000000001,256.65,0.4078603826086959,-0.2625988695652174,0.4274000000000001,0.8709,True
295,occipital_protuberance,803.45,234.308,0.4041123586956522,-0.3107598078260869,0.5344000000000001,0.984,True
295,tail_base,807.708,344.904,0.51067086,-0.04596732,0.0405999999999999,0.916,True
295,tail_tip,850.018,387.526,0.6385003760869566,0.0836850239130435,0.051,0.9528,True
295,withers,801.392,256.352,0.4090585495652176,-0.262702615652174,0.4331999999999998,0.854,True
296,occipital_protuberance,805.242,235.03000000000003,0.4069982304347825,-0.3078065434782607,0.54,0.9816,True
296,tail_base,807.842,342.408,0.5093274952173913,-0.0533840713043477,0.0471999999999998,0.9527,True
296,tail_tip,849.814,389.548,0.6381994539130434,0.0898773078260869,0.0435999999999999,0.9863,True
296,withers,802.574,255.922,0.4135034347826086,-0.2647201304347826,0.425,0.8871,True
297,occipital_protuberance,807.0939999999999,235.988,0.4094529495652172,-0.3038833182608695,0.5605999999999999,0.9396,True
297,tail_base,807.592,339.72,0.5045247860869565,-0.0610516173913044,0.0664000000000001,0.9476,True
297,tail_tip,845.6699999999998,393.152,0.6314516108695647,0.1017838469565218,0.0234,0.9871,True
297,withers,803.808,255.336,0.4136508104347826,-0.2642993530434782,0.4473000000000002,0.8804,True
298,occipital_protuberance,808.988,236.282,0.4125144026086957,-0.3020063960869565,0.5601999999999998,0.9407,True
298,tail_base,806.96,336.636,0.5028399652173915,-0.0703662730434783,0.0651999999999998,0.9163,True
298,tail_tip,839.9680000000001,396.072,0.6225960208695654,0.1123093878260869,-0.0034,0.8593,True
298,withers,805.48,254.412,0.414671295652174,-0.2645897556521739,0.4650999999999999,0.9149,True
299,occipital_protuberance,810.106,235.062,0.4134315391304348,-0.3036536608695653,0.588,0.9914,True
299,tail_base,806.126,333.404,0.5014116052173913,-0.0802736660869565,0.0591999999999998,0.9599,True
299,tail_tip,835.2239999999999,395.574,0.6124940799999997,0.1116095582608694,-0.0004,0.6921,True
299,withers,806.896,252.812,0.4147728417391303,-0.2663854817391304,0.4785999999999999,0.9163,True
300,occipital_protuberance,810.5139999999999,232.286,0.4115318321739128,-0.3082349626086957,0.6215999999999999,1.0,True
300,tail_base,805.2280000000001,329.746,0.5001738913043481,-0.0915841195652174,0.051,0.9913,True
300,tail_tip,833.4159999999999,391.352,0.6086296956521737,0.0986565652173912,-0.009,0.7466,True
300,withers,807.892,250.484,0.4130873165217392,-0.2694569756521739,0.5014000000000001,0.9529,True
301,occipital_protuberance,810.21,228.568,0.4084669978260871,-0.315408227826087,0.6531999999999998,1.0,True
301,tail_base,804.202,325.57000000000005,0.4977105404347826,-0.1043603239130433,0.0474,1.0,True
301,tail_tip,833.0219999999999,384.392,0.6073898804347825,0.0767552608695652,-0.016,0.8884,True
301,withers,808.266,247.778,0.4125077569565217,-0.2751146726086957,0.5095999999999999,0.9067,True
302,occipital_protuberance,809.3340000000001,224.358,0.4028676730434784,-0.3227100104347826,0.6751999999999998,0.9959,True
302,tail_base,803.0799999999999,320.822,0.4965431478260866,-0.1192884930434782,0.0318000000000001,0.9625,True
302,tail_tip,834.8119999999999,376.074,0.6087451495652171,0.0502277556521737,-0.0048000000000001,0.9799,True
302,withers,808.1940000000001,245.378,0.4116365330434784,-0.2805248860869565,0.5134000000000001,0.9599,True
303,occipital_protuberance,807.5600000000001,220.636,0.395295895652174,-0.3287778539130435,0.6870999999999999,0.9377,True
303,tail_base,802.2040000000001,316.512,0.4930296365217393,-0.132184612173913,0.0335999999999999,0.9604,True
303,tail_tip,836.838,368.62,0.6113103626086955,0.0267707217391304,0.0003000000000001,0.9832,True
303,withers,806.996,243.04,0.4083052199999999,-0.2859672,0.5210999999999999,0.8961,True
304,occipital_protuberance,806.722,218.86,0.3908543582608695,-0.3308812521739131,0.6971999999999998,0.9487,True
304,tail_base,801.432,312.422,0.4864016347826087,-0.1433545826086955,0.058,0.9654,True
304,tail_tip,838.942,364.198,0.6156822417391304,0.0129918973913042,-0.0051999999999998,0.9198,True
304,withers,805.326,241.004,0.4018500013043478,-0.2892378860869565,0.5398000000000002,0.8947,True
305,occipital_protuberance,806.724,218.512,0.3890830739130435,-0.3301899304347825,0.707,0.9228,True
305,tail_base,800.854,308.672,0.4844502860869567,-0.1545865460869566,0.0591999999999998,0.9698,True
305,tail_tip,840.2760000000001,360.548,0.617677306956522,0.0016901034782608,-0.0014,0.9339,True
305,withers,804.1139999999999,239.73200000000003,0.399046758695652,-0.292434256521739,0.539,0.8905,True
306,occipital_protuberance,806.9359999999999,218.51,0.387182648695652,-0.3281645239130435,0.7141999999999998,0.9383,True
306,tail_base,800.5939999999999,305.46400000000006,0.4838767043478258,-0.1643193391304346,0.052,0.9163,True
306,tail_tip,841.912,357.442,0.6208355060869567,-0.0078652939130434,0.0011999999999998,0.9497,True
306,withers,803.354,239.13,0.396204473478261,-0.2931623021739131,0.5475999999999999,0.9286,True
307,occipital_protuberance,807.086,218.83,0.385823367826087,-0.3259799434782608,0.7235999999999999,0.9973,True
307,tail_base,800.766,302.81000000000006,0.4850240321739129,-0.1725397434782606,0.0424,0.8998,True
307,tail_tip,842.826,353.884,0.6225876347826087,-0.0187734608695653,0.006,0.9178,True
307,withers,802.914,238.584,0.3931893973913044,-0.2930348765217391,0.5585999999999999,0.9787,True
308,occipital_protuberance,808.472,219.944,0.386679864347826,-0.3214589669565216,0.7424000000000001,0.9749,True
308,tail_base,801.136,300.06800000000004,0.4831627930434781,-0.1797047991304346,0.0564,0.9434,True
308,tail_tip,844.222,349.312,0.6258072417391304,-0.0327517495652173,0.0048000000000001,0.9859,True
308,withers,803.492,238.438,0.3930916347826086,-0.2922773304347825,0.567,0.9812,True
309,occipital_protuberance,809.4100000000001,221.192,0.3866230826086957,-0.3167839965217391,0.7544000000000001,0.9581,True
309,tail_base,801.392,297.466,0.483930403478261,-0.1875068395652173,0.0534,0.9287,True
309,tail_tip,845.402,343.43999999999994,0.6283515095652175,-0.0506592000000001,-0.0024,0.8756,True
309,withers,804.288,238.904,0.3950054956521739,-0.2911569043478261,0.57,0.9616,True
310,occipital_protuberance,810.42,222.76,0.3856308217391304,-0.3105502521739131,0.7791999999999998,0.968,True
310,tail_base,801.5339999999999,295.188,0.4813362039130431,-0.1931256704347826,0.0705999999999999,0.9517,True
310,tail_tip,846.4100000000001,339.106,0.630358191304348,-0.0638084591304348,-0.0035999999999999,0.7583,True
310,withers,805.016,239.846,0.3967558608695651,-0.2888920086956522,0.564,0.988,True
311,occipital_protuberance,812.2280000000001,224.998,0.3863523330434784,-0.3028447039130434,0.7971999999999998,0.9422,True
311,tail_base,801.568,293.054,0.4791896139130434,-0.1985531039130435,0.0864,0.9542,True
311,tail_tip,846.6099999999999,336.81,0.6304299913043474,-0.0707597478260869,-0.0071999999999998,0.893,True
311,withers,806.0260000000001,241.356,0.3939508239130436,-0.2815215782608695,0.593,0.9888,True
312,occipital_protuberance,814.456,228.17,0.3905918139130435,-0.2951559065217391,0.7941999999999998,0.9095,True
312,tail_base,801.524,291.45,0.4790591156521738,-0.2033103586956522,0.0834,0.9344,True
312,tail_tip,846.35,335.394,0.6293675000000001,-0.0750482999999999,-0.006,0.8763,True
312,withers,807.198,243.182,0.3984764508695652,-0.2784077682608696,0.5779000000000001,0.9927,True
313,occipital_protuberance,816.3620000000001,231.386,0.3921370730434784,-0.2859704330434782,0.8024000000000001,0.9264,True
313,tail_base,801.328,290.314,0.4820901495652172,-0.2082399469565218,0.0628000000000001,0.9048,True
313,tail_tip,845.434,333.678,0.6271096147826087,-0.0803507660869565,-0.0024,0.7471,True
313,withers,808.0899999999999,245.37,0.4016985586956519,-0.2739407804347826,0.5664000000000001,0.9406,True
314,occipital_protuberance,818.354,234.492,0.3938521591304349,-0.2771544052173912,0.8104000000000001,0.8707,True
314,tail_base,801.198,289.526,0.4839093873913043,-0.2115598839130434,0.0501999999999998,0.8917,True
314,tail_tip,844.5539999999999,332.712,0.6246901286956518,-0.0833351791304348,-0.0035999999999999,0.8053,True
314,withers,809.24,247.77,0.4099287130434783,-0.2718405782608696,0.5365999999999999,0.8944,True
315,occipital_protuberance,820.134,237.526,0.3959815234782609,-0.2692298017391304,0.8105999999999999,0.8302,True
315,tail_base,801.126,288.898,0.4856898078260868,-0.2143261591304346,0.0388000000000001,0.882,True
315,tail_tip,844.2239999999999,332.77,0.6242150956521736,-0.0832290869565218,0.0,0.9189,True
315,withers,809.898,250.446,0.4157330191304348,-0.2680738747826087,0.5108000000000001,0.9319,True
316,occipital_protuberance,821.1659999999999,240.214,0.3975018343478259,-0.2628261082608695,0.8114000000000001,0.8503,True
316,tail_base,801.14,288.592,0.4863275260869564,-0.2155124486956522,0.0354,0.8614,True
316,tail_tip,843.908,332.408,0.6235152017391304,-0.0843715373913042,-0.0011999999999998,0.9265,True
316,withers,810.1780000000001,252.554,0.419340789130435,-0.2647609586956521,0.498,0.853,True
317,occipital_protuberance,822.366,241.428,0.3954567065217391,-0.2571208043478261,0.835,0.9162,True
317,tail_base,801.14,288.352,0.4854867956521739,-0.2158629634782609,0.0401999999999998,0.8593,True
317,tail_tip,843.412,332.116,0.6227944800000002,-0.0853735339130435,-0.0048000000000001,0.9146,True
317,withers,809.914,253.956,0.4186902586956521,-0.2613062478260869,0.498,0.6948,True
318,occipital_protuberance,823.6039999999999,242.424,0.3962254147826085,-0.25373412,0.8445999999999999,0.8701,True
318,tail_base,801.1899999999999,288.254,0.4847964456521737,-0.2157838934782608,0.045,0.856,True
318,tail_tip,843.2,332.54200000000003,0.6224104347826088,-0.0841050478260868,-0.006,0.8743,True
318,withers,810.0020000000001,255.132,0.4187592743478262,-0.2583172408695652,0.5043000000000002,0.6153,True
319,occipital_protuberance,824.2860000000001,242.824,0.3956940917391305,-0.2515972504347826,0.8545999999999999,0.8389,True
319,tail_base,801.222,288.264,0.4838762895652173,-0.2153015686956521,0.0508000000000001,0.8291,True
319,tail_tip,843.176,333.138,0.6226019339130436,-0.0823145113043478,-0.0071999999999998,0.8713,True
319,withers,809.7,255.366,0.4138466521739131,-0.2551704808695652,0.5269000000000001,0.4639,True
320,occipital_protuberance,825.04,243.308,0.3977957739130434,-0.2508624321739131,0.8522000000000001,0.6863,True
320,tail_base,801.294,288.28200000000004,0.4832859134782608,-0.2148889552173911,0.0554,0.831,True
320,tail_tip,842.564,332.156,0.6209907669565217,-0.0853600191304347,0.0035999999999999,0.8754,True
320,withers,809.8019999999999,255.11,0.4098429664347824,-0.2531679765217391,0.5499400000000001,0.3929,True
321,occipital_protuberance,825.982,243.914,0.3999421617391304,-0.2496353721739131,0.8515999999999999,0.6727,True
321,tail_base,801.222,288.22,0.4824743591304347,-0.2148094521739131,0.0588000000000001,0.822,True
321,tail_tip,841.7239999999999,330.362,0.6189418556521737,-0.090937115652174,-0.0048000000000001,0.8262,True
321,withers,809.894,254.97,0.4105303842608696,-0.2537935786956522,0.54742,0.3519,True
322,occipital_protuberance,826.566,245.256,0.4036720430434783,-0.2482710939130434,0.8394000000000001,0.6728,True
322,tail_base,801.208,288.336,0.4818366939130434,-0.2141974643478262,0.0621999999999998,0.7999,True
322,tail_tip,841.2719999999999,329.018,0.6180800591304345,-0.0951416808695652,0.0048000000000001,0.8479,True
322,withers,810.362,255.352,0.4120464216521738,-0.2531071126956521,0.5453400000000002,0.2721,True
323,occipital_protuberance,826.9100000000001,246.518,0.4063667195652175,-0.24672467,0.8298,0.438,True
323,tail_base,801.122,288.548,0.480178586521739,-0.2129424930434782,0.0701999999999998,0.7879,True
323,tail_tip,841.008,328.23999999999995,0.6175315339130436,-0.097572243478261,0.0035999999999999,0.8338,True
323,withers,810.54,255.77000000000004,0.4131146130434781,-0.2524858456521738,0.5419,0.1291,True
324,occipital_protuberance,827.3620000000001,248.52,0.4105264343478262,-0.2442623739130435,0.8082,0.641,True
324,tail_base,800.928,288.896,0.479600424347826,-0.2119053773913043,0.0701999999999998,0.8215,True
324,tail_tip,840.768,327.868,0.6170560834782609,-0.0987570034782608,0.0024,0.8066,True
324,withers,810.98,256.8,0.4160017739130435,-0.2510900869565217,0.5320999999999999,0.211,True
325,occipital_protuberance,827.1906666666667,249.806,0.4110327232850243,-0.2419636657971015,0.8008666666666668,0.7108,True
325,tail_base,800.5640000000001,289.322,0.4788995826086959,-0.2108048173913043,0.068,0.843,True
325,tail_tip,840.6139999999999,327.92600000000004,0.6168444382608694,-0.0986205773913042,0.0011999999999998,0.8251,True
325,withers,811.204,258.336,0.420983192347826,-0.2499873558260869,0.5082599999999997,0.2723,True
326,occipital_protuberance,826.76,250.752,0.4105877999999999,-0.2401793530434782,0.7984000000000001,0.7238,True
326,tail_base,800.066,289.766,0.4764399286956522,-0.209053027826087,0.0735999999999999,0.8781,True
326,tail_tip,840.8060000000002,329.194,0.6176967173913048,-0.0947619347826086,0.0,0.8812,True
326,withers,811.476,259.682,0.4242018020869565,-0.2481692853913043,0.50308,0.3398,True
327,occipital_protuberance,826.2239999999999,251.356,0.4088831304347824,-0.2385444347826087,0.792,0.8318,False
327,tail_base,799.332,290.084,0.4711724339130435,-0.2067537713043478,0.0914,0.8963,True
327,tail_tip,840.4979999999999,330.53200000000004,0.6164877634782606,-0.0906076939130433,0.0011999999999998,0.8954,True
327,withers,811.134,260.496,0.4272099888695653,-0.2483965940869566,0.4793599999999997,0.5548,True
328,occipital_protuberance,825.508,251.846,0.4104162860869566,-0.2392789691304347,0.7766,0.8216,False
328,tail_base,798.544,290.462,0.4678771304347825,-0.2052126847826087,0.097,0.8701,True
328,tail_tip,839.418,333.10599999999994,0.6134271086956522,-0.0827282826086958,0.006,0.9046,True
328,withers,810.914,261.244,0.430480348695652,-0.2487363078260868,0.4588000000000002,0.7598,True
329,occipital_protuberance,824.29,251.404,0.4068402065217391,-0.2397374739130434,0.775,0.8177,True
329,tail_base,797.7520000000001,291.006,0.4657456330434784,-0.203697285652174,0.0958000000000001,0.9049,True
329,tail_tip,835.0960000000001,336.37800000000004,0.5933463130434786,-0.0718416913043477,0.056,0.9003,True
329,withers,810.486,261.758,0.4331456265217391,-0.2495987508695652,0.4415999999999999,0.8944,True
330,occipital_protuberance,822.7593333333334,251.35,0.4058978845893721,-0.2413053514492753,0.7567333333333336,0.8245,True
330,tail_base,797.028,291.582,0.4636081017391305,-0.2019967082608695,0.0958000000000001,0.9304,True
330,tail_tip,826.082,340.73400000000004,0.56010682,-0.0579906599999998,0.0918000000000001,0.948,True
330,withers,810.206,261.586,0.4291781291304348,-0.2481530404347826,0.4561999999999998,0.8766,True
331,occipital_protuberance,821.2239999999999,251.22,0.405390208695652,-0.2433361304347826,0.736,0.8603,True
331,tail_base,796.5539999999999,292.218,0.4622086682608691,-0.2001189873913044,0.0958000000000001,0.9692,True
331,tail_tip,811.6220000000001,344.166,0.5170299295652175,-0.0477016460869565,0.0704,0.9742,True
331,withers,809.8700000000001,261.446,0.4277769739130438,-0.2481846817391303,0.4591999999999998,0.8697,True
332,occipital_protuberance,819.6600000000001,251.146,0.402125947826087,-0.2436436486956521,0.7228000000000002,0.8183,True
332,tail_base,796.192,292.75,0.4633809182608696,-0.1995132065217391,0.0825999999999999,0.9904,True
332,tail_tip,795.0260000000001,344.272,0.4682796239130437,-0.0475088173913043,0.063,0.9506,True
332,withers,810.2860000000001,261.456,0.4283803460869567,-0.2479024278260869,0.4615999999999999,0.8958,True
333,occipital_protuberance,818.086,250.324,0.395389634347826,-0.2435045626086956,0.7334,0.8333,True
333,tail_base,795.922,293.21400000000006,0.4648848326086957,-0.199123910869565,0.069,0.9932,True
333,tail_tip,777.4559999999999,339.886,0.4170594330434779,-0.0610284995652174,0.0625999999999999,0.9198,True
333,withers,810.35,261.196,0.4270230108695653,-0.2476758530434782,0.4698000000000001,0.8793,True
334,occipital_protuberance,817.2639999999999,249.712,0.3936802226086954,-0.2449352626086957,0.7218,0.7862,True
334,tail_base,796.05,293.084,0.4664198804347825,-0.2000061052173913,0.0621999999999998,0.9659,True
334,tail_tip,764.5740000000001,335.01,0.3834712695652175,-0.0769257391304348,0.029,0.9787,True
334,withers,810.3960000000001,260.86800000000005,0.4292127069565219,-0.2497048878260868,0.4585999999999999,0.8955,True
335,occipital_protuberance,816.842,248.824,0.3927430156521739,-0.2469073947826087,0.7218,0.8479,True
335,tail_base,796.4559999999999,292.98400000000004,0.4678374521739127,-0.200392408695652,0.061,0.9571,True
335,tail_tip,761.76,333.4,0.3792559304347825,-0.0828532173913044,-0.0045999999999999,0.9903,True
335,withers,810.364,260.33000000000004,0.4327245600000001,-0.2531617999999999,0.4391999999999998,0.8921,True
336,occipital_protuberance,816.49,247.954,0.3909637173913043,-0.2482062478260869,0.738,0.9034,True
336,tail_base,796.738,292.614,0.4696347508695653,-0.2019089647826087,0.0554,0.9636,True
336,tail_tip,770.288,331.888,0.4058187965217391,-0.0875627686956522,-0.0115999999999999,1.0,True
336,withers,810.2700000000001,259.656,0.4320416173913046,-0.2546119930434782,0.4415999999999999,0.9042,True
337,occipital_protuberance,816.366,247.18400000000003,0.3945230739130434,-0.2523644869565216,0.718,0.8865,True
337,tail_base,797.432,292.36,0.4703794365217392,-0.2020965565217391,0.0631999999999998,0.9765,True
337,tail_tip,784.926,330.096,0.4510034108695653,-0.0930599478260869,-0.027,0.9291,True
337,withers,810.1099999999999,259.078,0.428270415217391,-0.2540821047826087,0.4598000000000002,0.9221,True
338,occipital_protuberance,816.258,247.194,0.3982281291304348,-0.2548679908695652,0.6974000000000001,0.9028,True
338,tail_base,798.6,292.16200000000003,0.4707661739130436,-0.2013608808695651,0.0811999999999998,0.9692,True
338,tail_tip,805.094,332.79,0.5093867700000002,-0.0839546804347825,-0.0025999999999999,0.5213,True
338,withers,810.208,258.5,0.4267410573913043,-0.254478152173913,0.4639000000000001,0.9267,True
339,occipital_protuberance,816.046,247.206,0.4006960043478261,-0.256728952173913,0.682,0.884,True
339,tail_base,799.548,292.256,0.4716030773913044,-0.200242427826087,0.0955999999999999,0.9381,True
339,tail_tip,823.5099999999999,335.31800000000004,0.5630565521739127,-0.0757308147826085,0.0311999999999998,0.7896,True
339,withers,810.424,258.06,0.4210584260869565,-0.2518582826086956,0.4975,0.9507,True
340,occipital_protuberance,815.7560000000001,247.09,0.4005326408695654,-0.2573120717391304,0.6684000000000001,0.8501,True
340,tail_base,800.0340000000001,292.358,0.4716480300000004,-0.1993527378260869,0.1035999999999999,0.9486,True
340,tail_tip,836.226,334.36600000000004,0.6000249817391303,-0.0783843139130433,0.0288000000000001,0.9127,True
340,withers,810.3799999999999,257.946,0.4180977043478258,-0.2504316417391305,0.5129000000000001,0.9358,True
341,occipital_protuberance,815.2280000000001,247.34,0.4003197939130437,-0.2573791173913043,0.6631999999999998,0.8838,True
341,tail_base,800.4280000000001,292.586,0.4708561800000002,-0.1978600899999999,0.1148000000000001,0.9497,True
341,tail_tip,841.784,333.44,0.6167571826086956,-0.0811812173913043,0.012,0.885,True
341,withers,809.756,257.96,0.4171569182608695,-0.2507522086956522,0.5096999999999998,0.9314,True
342,occipital_protuberance,814.34,247.016,0.3952212,-0.2561298156521739,0.6794000000000001,0.918,True
342,tail_base,800.3820000000001,292.916,0.4707211700000001,-0.1968915399999999,0.1148000000000001,0.9254,True
342,tail_tip,843.3399999999999,336.97200000000004,0.6209826782608694,-0.0703255095652172,0.0084,0.9482,True
342,withers,808.758,258.058,0.4149979339130435,-0.2506886747826087,0.5080999999999999,0.9001,True
343,occipital_protuberance,813.68,246.134,0.3898360869565216,-0.2555796630434782,0.7,0.8978,True
343,tail_base,799.796,293.22799999999995,0.471328723478261,-0.1969483686956523,0.1014,0.9636,True
343,tail_tip,839.74,340.284,0.612593895652174,-0.0604681147826087,0.0174,0.8902,True
343,withers,807.636,258.218,0.4108539704347825,-0.2494544060869566,0.5156999999999998,0.9357,True
344,occipital_protuberance,812.414,245.224,0.3837710752173913,-0.2554764052173913,0.7227,0.9665,True
344,tail_base,799.058,294.046,0.4705350573913043,-0.1951091373913044,0.0904,0.9642,True
344,tail_tip,832.568,343.64400000000006,0.584695055652174,-0.0496617939130432,0.0675999999999999,0.9475,True
344,withers,806.6479999999999,258.27200000000005,0.4097004852173911,-0.250096076521739,0.5086999999999998,0.9475,True
345,occipital_protuberance,810.842,243.738,0.3746267943478261,-0.2549423465217391,0.7585999999999999,0.9257,True
345,tail_base,798.5719999999999,294.684,0.470476229565217,-0.1937897321739131,0.0824,0.9739,True
345,tail_tip,821.79,346.986,0.5467927043478259,-0.0391438486956522,0.0868000000000001,1.0,True
345,withers,805.6540000000001,257.668,0.402359161304348,-0.2485555295652173,0.5359,0.959,True
346,occipital_protuberance,809.0620000000001,241.756,0.3655046934782612,-0.2556383869565217,0.787,0.9197,True
346,tail_base,798.1719999999999,295.288,0.4700459217391302,-0.1923071826086956,0.078,0.9208,True
346,tail_tip,807.538,349.81000000000006,0.5037066391304348,-0.0306364565217389,0.076,0.9098,True
346,withers,805.0780000000001,256.946,0.3991298947826089,-0.2491666495652173,0.5405999999999999,0.9389,True
347,occipital_protuberance,807.4399999999999,239.662,0.3587219999999999,-0.2578110847826087,0.811,0.8481,True
347,tail_base,797.766,295.782,0.470382758695652,-0.1914673630434783,0.069,0.9229,True
347,tail_tip,790.7819999999999,348.992,0.4541488282608693,-0.0331556173913042,0.071,0.9504,True
347,withers,805.0260000000001,256.008,0.3966005282608697,-0.2499199043478261,0.554,0.9499,True
348,occipital_protuberance,805.6519999999999,237.42800000000005,0.3521545452173911,-0.260572084347826,0.8442000000000001,0.9192,True
348,tail_base,797.542,295.994,0.4685504569565217,-0.1903621926086955,0.0758000000000001,0.8979,True
348,tail_tip,774.682,343.966,0.4063882956521739,-0.048380852173913,0.078,0.9023,True
348,withers,805.0980000000001,254.774,0.3924307678260872,-0.2501176269565218,0.5836999999999998,0.8906,True
349,occipital_protuberance,804.524,234.888,0.34714564,-0.26398632,0.8647999999999999,0.9079,True
349,tail_base,797.442,295.706,0.4676711930434782,-0.1909811339130434,0.0791999999999998,0.897,True
349,tail_tip,763.608,337.08399999999995,0.3778911530434781,-0.0700581973913045,0.0484,0.9393,True
349,withers,805.21,253.578,0.3873815347826088,-0.2495364547826087,0.6078000000000002,0.9073,True
350,occipital_protuberance,803.486,232.21,0.3446355960869565,-0.2693868760869565,0.8845999999999999,0.8439,True
350,tail_base,797.53,295.63800000000003,0.4661860630434781,-0.1904695447826085,0.0894,0.9035,True
350,tail_tip,759.698,335.09800000000007,0.3707775656521738,-0.0771366517391302,0.0111999999999998,1.0,True
350,withers,805.7139999999999,252.708,0.3908688913043477,-0.2530691739130434,0.595,0.9086,True
351,occipital_protuberance,802.816,229.02400000000003,0.3430108382608697,-0.275932264347826,0.9008,0.8846,True
351,tail_base,797.6959999999999,295.814,0.4684256834782606,-0.1906603269565218,0.0791999999999998,0.8986,True
351,tail_tip,765.296,336.554,0.3892892243478262,-0.0728457026086957,0.0025999999999999,1.0,True
351,withers,806.336,251.642,0.39193824,-0.2553244265217391,0.5971999999999998,0.8794,True
352,occipital_protuberance,800.476,226.046,0.3393020817391304,-0.2832253486956522,0.8967999999999999,0.8535,True
352,tail_base,797.924,296.304,0.4688969547826086,-0.1891217321739131,0.0804000000000001,0.9071,True
352,tail_tip,779.352,338.312,0.4335058956521738,-0.0674685391304347,-0.008,0.9369,True
352,withers,806.46,250.422,0.3900592043478262,-0.2567698395652175,0.6091999999999999,0.9256,True
353,occipital_protuberance,797.482,223.334,0.3351627782608695,-0.2908609,0.884,0.9097,True
353,tail_base,798.024,297.084,0.4691938678260869,-0.1868058104347826,0.0804000000000001,0.9191,True
353,tail_tip,797.488,342.76800000000003,0.4888632939130437,-0.0534903756521738,-0.0138000000000001,0.931,True
353,withers,806.202,249.192,0.3939710017391304,-0.2626631373913043,0.5841999999999998,0.9501,True
354,occipital_protuberance,793.4300000000001,220.32,0.329073995652174,-0.2995832347826087,0.8687999999999999,0.931,True
354,tail_base,798.246,298.008,0.4704378369565216,-0.1842914347826087,0.077,0.9412,True
354,tail_tip,815.926,349.552,0.5449499073913046,-0.0323638156521738,0.0041999999999998,0.8427,True
354,withers,805.66,247.52,0.3945949173913043,-0.2679224695652175,0.5735999999999999,0.9545,True
355,occipital_protuberance,787.898,217.456,0.3201027147826087,-0.3085147965217391,0.8568,0.9465,True
355,tail_base,798.298,298.99,0.4725539426086956,-0.1821281130434782,0.0655999999999999,0.9374,True
355,tail_tip,830.594,350.516,0.5881067904347828,-0.0292643252173912,0.0281999999999998,0.9251,True
355,withers,804.27,245.608,0.3922124804347826,-0.2731233339130435,0.5684000000000001,0.9936,True
356,occipital_protuberance,780.948,214.912,0.3084922747826086,-0.3175534747826087,0.8404,0.8508,True
356,tail_base,798.434,299.88199999999995,0.4717888982608694,-0.1790209486956523,0.0724,0.9501,True
356,tail_tip,839.332,349.132,0.6134658965217391,-0.0334474513043478,0.0105999999999999,0.9013,True
356,withers,802.284,243.842,0.3868003860869565,-0.2768600678260869,0.5721999999999998,0.9765,True
357,occipital_protuberance,774.392,212.17800000000005,0.2980288678260871,-0.3278113526086956,0.8328,0.9456,True
357,tail_base,798.632,300.50600000000003,0.4743786504347824,-0.1779129269565216,0.0608000000000001,0.9495,True
357,tail_tip,841.634,351.31,0.6197615491304349,-0.0267104152173912,0.0021999999999998,0.941,True
357,withers,800.4939999999999,242.22,0.3860229599999998,-0.2832865043478261,0.5521999999999998,0.9183,True
358,occipital_protuberance,767.5959999999999,209.57800000000003,0.2855931339130432,-0.336683676521739,0.8078000000000002,0.9383,True
358,tail_base,798.888,301.068,0.4767330817391306,-0.1768216226086957,0.0545999999999999,0.9463,True
358,tail_tip,838.936,354.348,0.6117282000000002,-0.0173799000000001,0.007,0.8637,True
358,withers,798.642,241.05,0.383810177826087,-0.2877814239130434,0.5391999999999998,0.886,True
359,occipital_protuberance,760.836,207.576,0.2729580165217391,-0.3443125617391303,0.7888000000000002,0.9106,True
359,tail_base,799.1400000000001,301.508,0.4799454826086959,-0.1764042426086957,0.0404,0.9623,True
359,tail_tip,833.302,356.87600000000003,0.5964207143478261,-0.0096388982608694,0.0284,0.9322,True
359,withers,796.686,239.988,0.3812238504347827,-0.2919944139130435,0.5266,0.9178,True
360,occipital_protuberance,755.1099999999999,206.12,0.2622255847826085,-0.3505453304347827,0.7711999999999998,0.962,True
360,tail_base,799.494,301.884,0.4826427130434783,-0.1758640695652173,0.031,0.9581,True
360,tail_tip,826.616,361.162,0.5772519704347826,0.0035943691304347,0.0366999999999998,0.9652,True
360,withers,795.306,238.738,0.3778662504347827,-0.2950357182608696,0.5266,0.8918,True
361,occipital_protuberance,750.4159999999999,204.62,0.2531166782608694,-0.3561917608695652,0.758,0.952,False
361,tail_base,799.874,302.21200000000005,0.4859822047826087,-0.1756629573913042,0.0184,0.9438,True
361,tail_tip,820.568,365.616,0.5599963234782607,0.0174169252173912,0.0328000000000001,0.9879,True
361,withers,793.792,236.546,0.3732130643478261,-0.2995906526086956,0.5324000000000001,0.9675,True
362,occipital_protuberance,746.612,203.664,0.2454393652173912,-0.3599126608695652,0.749,0.9619,True
362,tail_base,800.3779999999999,302.53799999999995,0.487514255217391,-0.1746719882608697,0.0214,0.9113,True
362,tail_tip,815.7120000000001,367.564,0.5453947686956525,0.0234779982608694,0.0204,0.9068,True
362,withers,791.394,234.04,0.365089922173913,-0.3037552782608695,0.5574000000000001,0.9332,True
363,occipital_protuberance,743.4399999999999,202.862,0.2392837043478259,-0.363501186521739,0.7478000000000001,0.9343,True
363,tail_base,801.1220000000001,302.56,0.4895656943478263,-0.1745301913043478,0.0225999999999999,0.8973,True
363,tail_tip,814.838,367.718,0.5443163039130433,0.0240281473913042,0.0118000000000001,0.7908,True
363,withers,788.4480000000001,230.92,0.3525317286956523,-0.3065369391304348,0.6001999999999998,0.8521,True
364,occipital_protuberance,740.3140000000001,201.776,0.2330555908695654,-0.3675956278260869,0.7385999999999999,0.9526,True
364,tail_base,802.118,302.454,0.4892791726086957,-0.1736763299999999,0.0414,0.9168,True
364,tail_tip,816.426,364.826,0.5492601621739132,0.0150245969565216,0.0088000000000001,0.8701,True
364,withers,785.506,227.548,0.3416544143478259,-0.3110030547826086,0.6398000000000001,0.8489,False
365,occipital_protuberance,737.484,200.514,0.2274344104347827,-0.3720877721739131,0.7425999999999999,0.9153,True
365,tail_base,803.1600000000001,302.02200000000005,0.4893381217391306,-0.1738835843478259,0.0558000000000001,0.9468,True
365,tail_tip,821.128,358.652,0.5643712226086958,-0.004200192173913,0.0064,0.6999,True
365,withers,782.192,224.598,0.3309673356521739,-0.3151628726086956,0.6675999999999999,0.8377,True
366,occipital_protuberance,734.37,199.896,0.2221387739130434,-0.3768708939130434,0.7389000000000001,0.9428,True
366,tail_base,804.158,301.376,0.4915104639130435,-0.1755279026086957,0.0634000000000001,0.9468,True
366,tail_tip,827.668,350.646,0.5825051530434783,-0.0290340026086956,0.0114,0.8463,True
366,withers,778.456,222.474,0.3219402991304348,-0.3197778469565217,0.6788000000000002,0.9665,True
367,occipital_protuberance,731.094,199.162,0.2160908104347827,-0.3815357078260868,0.7285999999999999,1.0,True
367,tail_base,805.12,300.558,0.4923088695652173,-0.1772276152173913,0.072,0.9516,True
367,tail_tip,836.5619999999999,343.16,0.6016506434782605,-0.0515450434782609,0.038,0.8871,True
367,withers,775.0380000000001,221.052,0.3161650565217394,-0.3253195565217391,0.664,0.9507,True
368,occipital_protuberance,727.5939999999999,198.396,0.209444870869565,-0.3864092165217391,0.7341999999999999,0.9457,True
368,tail_base,805.754,299.9,0.4919650786956522,-0.1783794130434783,0.0844,0.9661,True
368,tail_tip,843.8380000000001,336.212,0.6129763160869568,-0.0715346530434783,0.0454,0.9442,True
368,withers,772.04,220.136,0.312332008695652,-0.3308391704347825,0.6388000000000001,0.9305,True
369,occipital_protuberance,723.75,197.778,0.2020559782608695,-0.3913782078260869,0.7144000000000001,0.9614,True
369,tail_base,805.898,299.22400000000005,0.4913826630434784,-0.1800158695652172,0.09,0.9668,True
369,tail_tip,849.9799999999999,331.548,0.6208560826086953,-0.0841251417391304,0.0618000000000001,0.9285,True
369,withers,768.326,219.3,0.3063643765217392,-0.3359059565217391,0.6245999999999999,0.9387,True
370,occipital_protuberance,719.378,196.986,0.1930956130434783,-0.3965492739130434,0.719,0.8823,True
370,tail_base,805.752,298.346,0.4893287304347825,-0.1820133304347826,0.099,0.9736,True
370,tail_tip,854.2279999999998,329.274,0.6243349060869561,-0.0895462513043478,0.0208000000000001,0.9427,True
370,withers,764.212,218.254,0.2995939434782608,-0.3418851891304348,0.605,0.9863,True
371,occipital_protuberance,715.23,195.894,0.1854910130434783,-0.4046283156521739,0.7015999999999999,0.9761,True
371,tail_base,805.328,297.41400000000004,0.4846626260869564,-0.1834722195652172,0.115,0.9752,True
371,tail_tip,856.5219999999999,329.636,0.6253249499999999,-0.0876925521739131,0.023,0.9665,True
371,withers,760.24,217.046,0.2933594608695651,-0.3487766830434782,0.5854000000000001,0.923,True
372,occipital_protuberance,710.97,194.76,0.1769004391304348,-0.4118786608695652,0.7143000000000002,0.9296,True
372,tail_base,804.556,296.25600000000003,0.4785002295652174,-0.1853564660869564,0.1368000000000001,0.9567,True
372,tail_tip,854.5,330.92600000000004,0.625034347826087,-0.0847191078260868,0.0211999999999998,0.9231,True
372,withers,755.5580000000001,215.382,0.2844987717391307,-0.3560432282608696,0.568,0.9099,True
373,occipital_protuberance,705.808,193.148,0.1667374434782608,-0.4227521869565217,0.6905,0.8856,True
373,tail_base,803.55,294.666,0.4732639239130433,-0.1890567117391304,0.1498000000000001,0.9684,True
373,tail_tip,849.774,331.296,0.6213870704347826,-0.08502624,0.0568000000000001,0.9101,True
373,withers,749.8340000000001,213.368,0.2724838278260871,-0.3637748660869565,0.5535999999999999,0.9662,True
374,occipital_protuberance,700.856,191.702,0.1574715147826086,-0.4354893682608695,0.6549,0.869,True
374,tail_base,802.278,291.974,0.4651028591304348,-0.1949684313043478,0.1781999999999998,0.9817,True
374,tail_tip,843.774,327.878,0.6133597399999998,-0.09668722,0.0428000000000001,0.9409,True
374,withers,743.58,211.59,0.2602109739130435,-0.3728317304347826,0.5308000000000002,0.9683,True
375,occipital_protuberance,695.654,190.436,0.1477855673913043,-0.4502661434782608,0.5925,0.8669,True
375,tail_base,800.658,288.46400000000006,0.4554305043478261,-0.202789008695652,0.204,0.9556,True
375,tail_tip,836.994,320.37600000000003,0.6000180291304348,-0.1206895356521738,0.0278000000000001,0.9812,True
375,withers,736.5319999999999,209.954,0.2479403434782606,-0.3853898891304347,0.4945,0.9051,True
376,occipital_protuberance,689.616,189.3,0.1349447339130434,-0.4642668913043478,0.5368000000000002,0.9227,True
376,tail_base,798.272,283.86,0.4426110886956523,-0.2129271652173912,0.2301999999999998,0.96,True
376,tail_tip,828.46,309.00800000000004,0.5735739130434784,-0.1551930434782607,0.051,0.9267,True
376,withers,728.824,208.306,0.2352098139130433,-0.4016923073913044,0.4368000000000002,0.9183,True
377,occipital_protuberance,682.984,187.72600000000003,0.1204486434782609,-0.4827417086956521,0.468,0.967,True
377,tail_base,794.79,277.744,0.4274222999999998,-0.2271338504347825,0.2565999999999999,0.9443,True
377,tail_tip,819.3860000000001,296.266,0.5402638356521743,-0.1919501817391304,0.0591999999999998,0.753,True
377,withers,720.406,206.436,0.2186344017391303,-0.4175605460869565,0.4164000000000001,0.8958,True
378,occipital_protuberance,675.5380000000001,185.282,0.1020713165217395,-0.5018204817391305,0.4105999999999999,0.9096,True
378,tail_base,790.61,270.506,0.4107069217391305,-0.2440462469565218,0.2881999999999998,0.8522,True
378,tail_tip,813.95,271.556,0.5102407282608696,-0.2594293243478261,0.1074,0.8383,True
378,withers,711.9780000000001,203.664,0.2012410995652175,-0.4370950643478261,0.3908000000000002,0.9264,True
379,occipital_protuberance,666.892,181.856,0.0792495547826088,-0.5249826226086955,0.3453000000000001,0.9246,True
379,tail_base,787.0319999999999,263.36,0.3960914226086955,-0.2603397565217391,0.3215999999999999,0.9077,True
379,tail_tip,807.258,248.784,0.4841391891304348,-0.3219219652173912,0.102,0.5548,True
379,withers,704.188,200.026,0.1833823252173912,-0.4570387626086956,0.3860999999999999,0.9543,True
380,occipital_protuberance,657.534,178.094,0.052891692173913,-0.5487234034782609,0.2883000000000001,0.9292,True
380,tail_base,783.576,257.064,0.3847212556521739,-0.2758237252173912,0.3288000000000002,0.8982,True
380,tail_tip,800.676,228.598,0.4593237826086958,-0.3756383260869564,0.206,0.3355,True
380,withers,697.146,195.916,0.1651395169565216,-0.4741670895652173,0.3769,0.9802,True
381,occipital_protuberance,648.4100000000001,173.936,0.0256943782608698,-0.5684659686956521,0.2736999999999998,0.9413,True
381,tail_base,780.258,251.872,0.3755560404347827,-0.2895244730434782,0.3335999999999999,0.9514,True
381,tail_tip,797.074,210.43,0.4478999256521738,-0.4265021065217391,0.1825999999999999,0.9515,True
381,withers,690.768,191.528,0.1464104973913044,-0.4858585982608696,0.3858000000000002,0.9836,True
382,occipital_protuberance,639.784,170.14,-0.0006615234782608,-0.5814668869565217,0.2924000000000001,0.9461,True
382,tail_base,777.7059999999999,248.286,0.369411313043478,-0.299684947826087,0.332,0.928,True
382,tail_tip,795.626,194.686,0.4452256869565217,-0.4729417913043478,0.0405,0.9059,True
382,withers,685.758,187.198,0.1319620930434783,-0.4983459417391304,0.3893000000000002,0.9808,True
383,occipital_protuberance,632.972,167.796,-0.0214629008695652,-0.5869743026086958,0.2679000000000001,0.9133,True
383,tail_base,775.11,246.12600000000003,0.3628584652173914,-0.3058259556521738,0.3351999999999998,0.9617,True
383,tail_tip,795.348,193.576,0.4511170834782607,-0.483280824347826,-0.0015999999999999,0.8957,True
383,withers,681.2679999999999,183.61,0.1185378443478258,-0.506661102173913,0.4069000000000001,0.943,True
384,occipital_protuberance,627.454,166.78199999999998,-0.0378589186956523,-0.5830563169565217,0.2628000000000002,0.9403,True
384,tail_base,771.54,244.476,0.3555011478260869,-0.3122161669565218,0.3285999999999999,0.9965,True
384,tail_tip,799.0759999999999,199.342,0.4687554739130432,-0.4734172152173912,-0.036,0.922,True
384,withers,676.424,180.89,0.1041330486956521,-0.5120599152173912,0.4228000000000002,1.0,True
385,occipital_protuberance,623.02,166.72400000000002,-0.0504601304347826,-0.574365852173913,0.216,0.9127,True
385,tail_base,767.668,242.732,0.3458137565217391,-0.3176433217391305,0.332,0.9479,True
385,tail_tip,801.392,211.76800000000003,0.4742819686956522,-0.4356087339130433,0.1024,0.9009,True
385,withers,671.6020000000001,178.738,0.0902031000000002,-0.5173847956521739,0.4305,0.9437,True
386,occipital_protuberance,618.912,167.622,-0.061902448695652,-0.5647130726086956,0.1974000000000001,0.9844,True
386,tail_base,763.7239999999999,240.792,0.3356416947826085,-0.323390572173913,0.3341999999999998,0.9362,True
386,tail_tip,796.738,229.904,0.4545061265217393,-0.3772501182608695,0.1531999999999998,0.8609,True
386,withers,666.62,177.454,0.0759827391304348,-0.5210497782608695,0.434,0.9672,True
387,occipital_protuberance,614.9799999999999,169.234,-0.0728680304347828,-0.5555852395652174,0.1935999999999999,0.8876,True
387,tail_base,759.386,238.66,0.3236398739130434,-0.3289369130434783,0.339,0.9335,True
387,tail_tip,787.936,250.51000000000005,0.4274385600000001,-0.3163546934782607,0.1068000000000001,0.892,True
387,withers,661.4,177.008,0.0610597826086955,-0.5221239130434783,0.4385,0.9523,True
388,occipital_protuberance,610.458,171.234,-0.0856910665217392,-0.5475445082608695,0.1889000000000001,0.9592,True
388,tail_base,755.2280000000001,236.242,0.3129692678260871,-0.3361374895652174,0.3371999999999998,1.0,True
388,tail_tip,773.02,270.418,0.3897775173913043,-0.2624947343478261,0.1341999999999998,0.903,True
388,withers,656.668,177.276,0.0476523626086956,-0.5223920269565216,0.4368000000000002,0.9308,True
389,occipital_protuberance,605.882,173.41,-0.0988457795652175,-0.5405836804347827,0.1955999999999999,0.9829,True
389,tail_base,750.9639999999999,234.002,0.3013878730434781,-0.3422215243478261,0.3431999999999998,0.9526,True
389,tail_tip,755.092,283.79200000000003,0.3401469,-0.2252277739130433,0.126,0.9797,True
389,withers,652.2819999999999,178.03400000000002,0.0352226399999997,-0.5218468417391304,0.4320999999999999,1.0,True
390,occipital_protuberance,601.184,175.61399999999998,-0.1120938573913044,-0.5324747008695653,0.1881999999999998,0.908,True
390,tail_base,746.6540000000001,232.18,0.2897742808695655,-0.3472813826086957,0.3484000000000001,0.9454,True
390,tail_tip,739.2099999999999,289.082,0.300002413043478,-0.2144498652173913,0.107,0.9949,True
390,withers,647.798,178.994,0.0223904313043478,-0.5197233147826087,0.4359,1.0,True
391,occipital_protuberance,596.8059999999999,177.762,-0.1244362800000002,-0.5250039078260871,0.1975999999999999,0.9526,True
391,tail_base,742.638,230.734,0.2801571147826087,-0.3528399773913042,0.3428000000000001,0.9782,True
391,tail_tip,728.2560000000001,288.264,0.2753970921739133,-0.2238475095652173,0.0826999999999998,0.9488,True
391,withers,643.1139999999999,180.196,0.0089378569565215,-0.516076567826087,0.4439000000000001,1.0,True
392,occipital_protuberance,592.414,179.82999999999998,-0.1365407856521739,-0.516970397826087,0.1961999999999998,0.931,True
392,tail_base,738.884,229.348,0.2723179373913044,-0.3598042469565216,0.3239000000000001,0.9926,True
392,tail_tip,721.29,283.872,0.2590853673913042,-0.242633175652174,0.0308000000000001,0.9148,True
392,withers,638.3860000000001,181.236,-0.0046269169565215,-0.5124697539130435,0.4505999999999999,0.9911,True
393,occipital_protuberance,588.4379999999999,181.712,-0.1465817986956525,-0.5068417773913043,0.2205999999999999,1.0,True
393,tail_base,735.314,228.052,0.2640197799999999,-0.36549596,0.3155999999999999,0.9519,True
393,tail_tip,718.99,280.162,0.2535579,-0.2562799800000001,0.0098000000000001,0.9942,True
393,withers,633.5260000000001,182.626,-0.0185001586956519,-0.5068654847826086,0.4555,0.9552,True
394,occipital_protuberance,584.512,183.362,-0.156029843478261,-0.4966983760869565,0.243,0.9359,True
394,tail_base,731.896,227.036,0.2564297947826085,-0.3710273704347825,0.3058000000000002,0.9949,True
394,tail_tip,720.5040000000001,279.468,0.2576128000000004,-0.2577023999999999,0.019,0.984,True
394,withers,628.366,184.006,-0.0331417252173913,-0.5013533426086957,0.4601999999999998,0.9453,True
395,occipital_protuberance,581.194,184.98,-0.1635829513043479,-0.4868599826086956,0.2648000000000002,0.9214,True
395,tail_base,728.354,225.92,0.2475832739130435,-0.3757154782608696,0.3015,0.9649,True
395,tail_tip,725.1360000000001,281.134,0.271250699130435,-0.2512739339130434,0.0258000000000001,0.9112,True
395,withers,623.3900000000001,185.622,-0.0471651782608692,-0.4951577034782608,0.4650999999999999,0.8994,True
396,occipital_protuberance,577.8040000000001,186.338,-0.1707956243478258,-0.4768909530434783,0.2915999999999999,0.93,True
396,tail_base,724.528,224.988,0.2377809391304348,-0.3797946260869566,0.304,0.9531,True
396,tail_tip,733.11,282.72799999999995,0.2951182173913044,-0.244918643478261,-0.018,0.9964,True
396,withers,619.2280000000001,187.058,-0.0587305721739128,-0.4889747069565217,0.4728000000000001,0.9967,True
397,occipital_protuberance,574.57,187.482,-0.1775144347826085,-0.4680488347826087,0.316,0.9851,True
397,tail_base,720.5620000000001,224.188,0.2271673265217395,-0.3829603156521738,0.3103000000000002,0.893,True
397,tail_tip,742.646,282.826,0.3229332417391303,-0.2427961147826088,-0.0334,0.8786,True
397,withers,615.3779999999999,188.612,-0.0691824673913045,-0.4815630217391304,0.489,0.9528,True
398,occipital_protuberance,571.32,188.506,-0.1851523217391303,-0.4623254552173912,0.3078000000000002,0.9632,True
398,tail_base,716.754,223.43400000000003,0.2166798791304348,-0.3855317556521738,0.3238000000000002,0.9514,True
398,tail_tip,751.204,280.14,0.3462795860869564,-0.2486770956521739,-0.0198000000000001,0.9869,True
398,withers,611.25,189.936,-0.08025,-0.4747003826086957,0.499,0.9733,True
399,occipital_protuberance,568.236,189.284,-0.1919530991304348,-0.456628187826087,0.3041999999999998,0.9115,True
399,tail_base,713.048,222.496,0.20713872,-0.3899135165217391,0.3346999999999998,0.9206,True
399,tail_tip,756.914,273.854,0.3617979978260869,-0.2665844152173913,-0.008,0.9614,True
399,withers,607.324,191.27,-0.0906119686956522,-0.4678956260869565,0.5088000000000001,0.9088,True
400,occipital_protuberance,564.9860000000001,189.916,-0.198803407391304,-0.4507595747826086,0.3208000000000002,0.9276,True
400,tail_base,709.6740000000001,221.332,0.1987223652173915,-0.395505252173913,0.339,0.9806,True
400,tail_tip,758.17,264.736,0.3651966782608694,-0.2944071791304348,-0.0071999999999998,1.0,True
400,withers,603.298,192.362,-0.1009863508695652,-0.4612596013043479,0.5216,0.9758,True
401,occipital_protuberance,561.5319999999999,190.612,-0.2062684904347828,-0.4452694991304347,0.3205999999999999,0.9315,True
401,tail_base,706.484,219.486,0.1903032234782609,-0.4022060517391304,0.3505999999999999,0.9974,True
401,tail_tip,755.136,253.866,0.355519944347826,-0.3277233339130435,-0.0018000000000001,0.9069,True
401,withers,599.068,193.272,-0.1118867321739131,-0.4557473634782609,0.5311999999999998,0.9657,True
402,occipital_protuberance,558.234,191.432,-0.2132137326086955,-0.4395593826086956,0.326,0.927,True
402,tail_base,703.76,217.67800000000005,0.1822842956521738,-0.4068862221739129,0.3773000000000002,0.916,True
402,tail_tip,748.642,241.354,0.3346173600000002,-0.36542968,0.0084,0.9127,True
402,withers,594.73,194.226,-0.1229867804347825,-0.4503647126086956,0.5395999999999999,0.9894,True
403,occipital_protuberance,555.036,192.134,-0.2200013486956522,-0.4346634621739129,0.3258000000000002,0.9323,True
403,tail_base,701.046,215.69,0.1743261426086957,-0.4120991652173912,0.4013000000000001,0.9322,True
403,tail_tip,740.366,227.066,0.3002470708695651,-0.3976749508695653,0.1053000000000001,0.9852,True
403,withers,590.962,194.906,-0.1327757152173913,-0.44700995,0.527,0.9809,True
404,occipital_protuberance,551.992,193.154,-0.2267927895652175,-0.4299548878260869,0.3311999999999998,0.9141,True
404,tail_base,698.4559999999999,213.66800000000003,0.1662564886956519,-0.4161872947826086,0.4224000000000001,0.9594,True
404,tail_tip,733.0379999999999,212.34333333333333,0.2709967715942025,-0.430087490821256,0.1812666666666668,0.8459,True
404,withers,587.466,195.79,-0.1417618569565217,-0.4431171152173912,0.5014000000000001,0.9936,True
405,occipital_protuberance,549.3219999999999,194.23200000000003,-0.233338149130435,-0.4265643078260869,0.3235999999999999,0.9653,True
405,tail_base,695.966,211.6,0.1580674504347826,-0.4191332173913044,0.4440999999999999,0.9451,True
405,tail_tip,727.912,197.592,0.2498803043478262,-0.4616270869565218,0.319,0.916,True
405,withers,584.4219999999999,196.836,-0.1491423547826089,-0.4378470469565217,0.4876999999999998,0.9816,True
406,occipital_protuberance,547.144,195.178,-0.2385995478260869,-0.4235208782608695,0.322,0.9658,True
406,tail_base,693.882,209.928,0.1511624369565216,-0.4210172086956523,0.4615,0.9603,True
406,tail_tip,725.358,182.792,0.2380003713043476,-0.494102132173913,0.5088000000000001,0.9329,False
406,withers,581.712,197.996,-0.1553755339130435,-0.4318463147826086,0.4655999999999999,0.9532,True
407,occipital_protuberance,545.474,196.116,-0.2428907217391303,-0.4211106260869565,0.322,0.9593,True
407,tail_base,691.8979999999999,208.246,0.1460138947826084,-0.42695658,0.4575999999999999,0.9715,True
407,tail_tip,724.8405,170.398,0.2329148378804348,-0.5205193167391303,0.4783000000000001,0.9573,False
407,withers,579.596,199.066,-0.1598998930434782,-0.4260202865217391,0.4690999999999999,0.922,True
408,occipital_protuberance,544.338,197.28,-0.2459137282608696,-0.4182965217391304,0.326,0.9503,True
408,tail_base,690.154,206.762,0.1416632439130434,-0.4328307247826086,0.4474000000000001,0.9574,True
408,tail_tip,725.6515,161.004,0.2389956148369566,-0.55526373,0.2939000000000001,0.9355,True
408,withers,577.846,200.542,-0.1643432830434782,-0.4216277508695651,0.4624000000000001,0.8733,True
409,occipital_protuberance,543.78,198.366,-0.2473481521739131,-0.4155047934782609,0.321,0.9327,True
409,tail_base,688.818,205.212,0.1380594265217391,-0.4377471939130435,0.4476999999999998,0.9557,True
409,tail_tip,726.0530000000001,153.80466666666666,0.243554932898551,-0.5835925600966184,0.2571333333333332,0.9506,False
409,withers,576.554,201.954,-0.167262965652174,-0.4166573569565218,0.4635999999999999,0.887,True
410,occipital_protuberance,543.0600000000001,199.448,-0.2489461347826085,-0.4123045165217391,0.3284000000000001,0.9178,True
410,tail_base,687.622,204.026,0.1357848156521737,-0.444729344347826,0.4263000000000002,0.984,True
410,tail_tip,726.0450000000001,148.8,0.2465376304347828,-0.6051339130434783,0.206,0.9371,False
410,withers,575.766,203.576,-0.1695219043478261,-0.4128233391304347,0.458,0.9175,True
411,occipital_protuberance,542.15,200.664,-0.2511979673913044,-0.4090432226086957,0.3291999999999998,0.8728,True
411,tail_base,686.558,202.976,0.1336923091304347,-0.4508978295652174,0.4076999999999998,0.9662,True
411,tail_tip,724.905,146.914,0.2481994641304347,-0.622905965652174,0.1465999999999999,0.8856,False
411,withers,575.1899999999999,205.346,-0.1719437478260871,-0.4103037860869566,0.4481999999999998,0.9287,True
412,occipital_protuberance,540.562,201.88,-0.2550800869565217,-0.4056121739130434,0.331,0.9202,True
412,tail_base,685.502,202.276,0.1305017143478259,-0.4523592895652173,0.4144000000000001,0.9652,True
412,tail_tip,723.5425,146.35600000000002,0.2486751480978261,-0.6359392326086956,0.1095,0.8935,True
412,withers,574.8059999999999,207.146,-0.1741104978260871,-0.4082198673913043,0.435,0.9205,True
413,occipital_protuberance,538.442,203.048,-0.2603196473913043,-0.4023089199999999,0.3248000000000002,0.947,True
413,tail_base,684.5939999999999,201.764,0.1277521156521737,-0.4533117408695651,0.4174000000000001,0.9376,True
413,tail_tip,723.1854999999999,148.602,0.2529472133152172,-0.6428107663043479,0.0565,0.8639,True
413,withers,574.368,208.82200000000003,-0.1755513321739129,-0.4043682852173912,0.4341999999999998,0.9743,True
414,occipital_protuberance,535.984,204.268,-0.2660548382608694,-0.3983353721739129,0.3218000000000002,0.8949,True
414,tail_base,683.208,201.164,0.1239224226086955,-0.4555485539130435,0.4144000000000001,0.9546,True
414,tail_tip,724.542,154.786,0.2634586021739131,-0.6395092804347826,0.0,0.8884,True
414,withers,574.096,210.63,-0.1765940660869565,-0.4002466565217391,0.4298000000000002,1.0,True
415,occipital_protuberance,533.8520000000001,205.242,-0.2706543243478259,-0.3945992569565217,0.3291999999999998,0.9372,True
415,tail_base,681.9599999999999,200.206,0.120388713043478,-0.4584698286956521,0.4169000000000001,0.9544,True
415,tail_tip,724.3019999999999,165.256,0.2677688091304344,-0.6185662139130435,-0.0431999999999998,0.8805,True
415,withers,573.808,212.272,-0.1773657808695652,-0.3958468104347825,0.4458000000000002,1.0,True
416,occipital_protuberance,532.14,206.104,-0.2738706086956522,-0.3907620173913043,0.3365,0.9218,True
416,tail_base,680.658,199.162,0.1163260734782608,-0.4601715039130434,0.4278000000000002,0.9155,True
416,tail_tip,723.188,179.08800000000002,0.265586732173913,-0.577581224347826,0.1368000000000001,0.9202,True
416,withers,573.624,213.968,-0.1775269408695651,-0.390572107826087,0.4504000000000001,0.982,True
417,occipital_protuberance,531.194,206.836,-0.2754920613043479,-0.3878045886956523,0.3405999999999999,0.9209,True
417,tail_base,679.534,197.798,0.1133336647826086,-0.4649908204347825,0.4225999999999999,0.9596,True
417,tail_tip,720.7,195.878,0.2580821086956523,-0.5248692917391304,0.0148000000000001,0.9463,False
417,withers,573.546,215.508,-0.1779378082608694,-0.3868930356521739,0.4510999999999999,0.9666,True
418,occipital_protuberance,530.692,207.34,-0.2760739878260869,-0.3855660608695652,0.3464000000000001,0.8872,True
418,tail_base,678.27,196.26,0.1098348999999999,-0.4699338,0.4195999999999999,0.9817,True
418,tail_tip,714.284,210.464,0.2375634617391303,-0.4782226295652173,0.0078000000000001,0.9311,False
418,withers,573.5820000000001,216.872,-0.1776392726086953,-0.3828051704347825,0.4504000000000001,0.9792,True
419,occipital_protuberance,530.4459999999999,207.74,-0.2772907004347828,-0.3853832999999999,0.3414000000000001,0.8971,True
419,tail_base,677.4379999999999,194.98,0.1069912930434779,-0.4715984608695651,0.4273000000000002,0.9672,True
419,tail_tip,710.05,219.028,0.2217387065217389,-0.4462376721739129,0.0478000000000001,0.9853,True
419,withers,573.74,217.89,-0.1774903739130434,-0.3806694391304347,0.4465999999999999,0.9944,True
420,occipital_protuberance,530.54,208.286,-0.2787422695652174,-0.3863429991304348,0.3271999999999998,0.8807,True
420,tail_base,676.574,193.898,0.1043949173913042,-0.4741128826086956,0.434,0.9816,True
420,tail_tip,708.458,218.61600000000004,0.2174583252173912,-0.4491093495652172,0.0545999999999999,0.9858,True
420,withers,574.0780000000001,218.798,-0.1769862391304345,-0.3790966739130435,0.441,0.9916,True
421,occipital_protuberance,531.0219999999999,208.86,-0.2800023873913045,-0.3883312304347827,0.3111999999999998,0.8922,True
421,tail_base,676.0719999999999,192.518,0.1028365669565214,-0.4774693365217392,0.4336999999999998,0.9452,True
421,tail_tip,705.551,209.754,0.2075686665217392,-0.4757572252173913,0.0978000000000001,0.9237,True
421,withers,574.556,219.518,-0.1760870408695651,-0.3779881986956522,0.4390999999999999,0.9857,True
422,occipital_protuberance,531.994,209.666,-0.2793833465217391,-0.3888748404347826,0.2951999999999998,0.9132,True
422,tail_base,675.6560000000001,190.91000000000005,0.1012862939130436,-0.4803258760869564,0.4430999999999999,0.9399,True
422,tail_tip,701.329,192.442,0.1922930797826085,-0.5253671813043478,0.1474000000000001,0.884,True
422,withers,575.0740000000001,220.146,-0.1741710521739128,-0.375173556521739,0.443,0.9815,True
423,occipital_protuberance,533.644,210.866,-0.2761787869565217,-0.3872620934782609,0.308,0.9128,True
423,tail_base,674.9159999999999,189.37,0.0991842113043476,-0.4847004804347826,0.4430999999999999,0.9639,True
423,tail_tip,696.895,172.56,0.1767702913043477,-0.5823679304347826,0.4215999999999999,0.8401,True
423,withers,575.5939999999999,220.68400000000003,-0.1720760304347827,-0.3722160086956521,0.453,0.9894,True
424,occipital_protuberance,535.9540000000001,212.336,-0.2700898447826085,-0.3833164834782608,0.3253000000000002,0.9049,True
424,tail_base,673.9019999999999,188.198,0.0967607299999998,-0.4903453169565218,0.4306999999999998,1.0,True
424,tail_tip,685.299,155.86399999999998,0.1422191647826086,-0.6408982852173915,0.4505999999999999,0.7324,True
424,withers,576.156,221.194,-0.1700054686956523,-0.3696162378260869,0.4711999999999998,0.9583,True
425,occipital_protuberance,538.508,213.988,-0.2622465026086955,-0.3772823113043477,0.3588000000000002,0.9574,True
425,tail_base,672.954,187.472,0.0939117360869563,-0.4916672939130435,0.4346999999999998,0.9483,True
425,tail_tip,671.525,146.43800000000002,0.097316304347826,-0.6592566086956521,0.507,0.6809,True
425,withers,576.8439999999999,221.666,-0.1676105321739132,-0.3671264069565217,0.4694000000000001,0.9525,True
426,occipital_protuberance,540.966,215.506,-0.2539791517391304,-0.3705642865217391,0.3935999999999999,0.9138,True
426,tail_base,672.05,187.346,0.0913355326086955,-0.4920263665217392,0.4381999999999998,0.9756,True
426,tail_tip,660.9240000000001,143.344,0.0651691626086959,-0.6747892417391306,0.3435999999999999,0.7127,True
426,withers,577.692,221.904,-0.1648723860869565,-0.3654140243478261,0.4865999999999999,0.9463,True
427,occipital_protuberance,542.99,216.794,-0.2467639152173912,-0.3642724795652173,0.4418000000000002,0.8859,True
427,tail_base,671.5020000000001,187.96,0.0899519065217393,-0.491249,0.433,0.9863,True
427,tail_tip,654.268,146.512,0.0457382452173913,-0.6843682713043477,0.1038000000000001,0.8944,True
427,withers,578.316,222.034,-0.1628591695652173,-0.3642602326086956,0.492,0.9496,True
428,occipital_protuberance,544.5360000000001,217.71,-0.2417106973913042,-0.3602720934782609,0.4645999999999999,0.8886,True
428,tail_base,671.624,188.818,0.0900871513043478,-0.4876454191304347,0.4391999999999998,0.9642,True
428,tail_tip,654.426,150.10399999999998,0.0484619517391305,-0.7051136713043478,0.0089,0.9311,True
428,withers,578.918,222.17,-0.1608050043478261,-0.3628524565217392,0.512,0.9585,True
429,occipital_protuberance,545.516,218.206,-0.23822292,-0.3575058286956522,0.4744000000000001,0.9206,True
429,tail_base,672.2940000000001,189.874,0.0918834504347828,-0.4840454539130436,0.4424,0.9426,True
429,tail_tip,660.8299999999999,150.618,0.0701020065217388,-0.7046614656521739,0.2008000000000001,0.9569,True
429,withers,579.2760000000001,222.3,-0.1595589104347824,-0.3618217173913043,0.5166,0.967,True
430,occipital_protuberance,545.884,218.426,-0.2365380599999999,-0.355812394347826,0.4878000000000002,0.9214,True
430,tail_base,673.2,190.962,0.094764347826087,-0.482493247826087,0.434,0.9434,True
430,tail_tip,671.484,150.17000000000002,0.1077574121739131,-0.7181659826086956,0.2456999999999998,0.9098,True
430,withers,579.176,222.324,-0.1592266539130433,-0.3604118243478261,0.5256,0.955,True
431,occipital_protuberance,546.1800000000001,218.436,-0.2352842434782607,-0.355017892173913,0.4928000000000002,0.9336,True
431,tail_base,673.856,192.124,0.0970636799999999,-0.4812931930434783,0.4224000000000001,0.9449,True
431,tail_tip,684.732,153.61,0.1546365791304347,-0.7134812565217392,0.1165999999999999,0.9246,True
431,withers,578.8679999999999,222.44,-0.1597937321739132,-0.3595698782608696,0.5291999999999998,0.9558,True
432,occipital_protuberance,546.246,218.176,-0.2351187269565217,-0.3556699269565217,0.4928000000000002,0.9508,True
432,tail_base,673.6659999999999,193.098,0.096716563043478,-0.4794804195652173,0.4205,0.9833,True
432,tail_tip,693.97,163.4,0.1828292413043479,-0.6660038695652174,0.2304000000000001,0.8771,True
432,withers,578.478,222.56,-0.1604520508695653,-0.3584494956521739,0.5216,0.949,True
433,occipital_protuberance,546.2959999999999,217.806,-0.2350748173913045,-0.3567214695652174,0.492,0.9451,True
433,tail_base,673.308,194.07,0.0958763539130434,-0.4776258978260869,0.4153000000000001,0.9693,True
433,tail_tip,700.9680000000001,179.652,0.1974833043478263,-0.5841706956521739,0.108,0.9034,True
433,withers,577.99,222.646,-0.1623179152173912,-0.3595390247826086,0.5128000000000001,0.9383,True
434,occipital_protuberance,546.4839999999999,217.212,-0.2351724104347828,-0.3590807791304348,0.4864000000000001,0.9251,True
434,tail_base,672.7679999999999,194.652,0.094357593043478,-0.4761303495652174,0.4178000000000001,0.9373,True
434,tail_tip,702.994,199.926,0.2034706200000001,-0.51703902,0.0499,0.7772,True
434,withers,577.5899999999999,222.55,-0.1633649586956523,-0.3597903152173912,0.5128000000000001,0.9258,True
435,occipital_protuberance,546.9739999999999,216.452,-0.235113103478261,-0.3628019669565216,0.4748000000000001,0.919,True
435,tail_base,671.7139999999999,194.834,0.0912811652173911,-0.4753908347826087,0.419,0.9689,True
435,tail_tip,703.75,216.524,0.2042355978260869,-0.4596534373913045,0.0635999999999999,0.9556,True
435,withers,577.1959999999999,222.452,-0.1650106834782611,-0.3613924191304347,0.4938000000000002,0.9266,True
436,occipital_protuberance,547.346,215.576,-0.2350994539130434,-0.3664602017391303,0.4715999999999999,0.9088,True
436,tail_base,670.8059999999999,194.4,0.088741370869565,-0.4770359999999999,0.4203000000000002,0.9703,True
436,tail_tip,701.238,219.618,0.1931127017391306,-0.4426915852173912,0.1133000000000001,0.8967,True
436,withers,576.8100000000001,222.11,-0.1657775913043476,-0.3617514173913043,0.4974,0.9268,True
437,occipital_protuberance,547.694,214.544,-0.2350391691304348,-0.3703752452173913,0.4604000000000001,0.9254,True
437,tail_base,670.512,193.48200000000003,0.087854660869565,-0.4794632413043477,0.418,0.9926,True
437,tail_tip,699.7760000000001,209.344,0.184798803478261,-0.4657562991304347,0.1913000000000002,0.9255,True
437,withers,576.3779999999999,221.606,-0.1674641686956523,-0.3642770765217391,0.4894000000000001,0.903,True
438,occipital_protuberance,547.894,213.438,-0.2352707608695652,-0.3743703260869565,0.45,0.9583,True
438,tail_base,670.208,191.978,0.0870844104347825,-0.4843782047826086,0.4148000000000001,0.9382,True
438,tail_tip,693.5020000000001,191.52,0.1645768043478263,-0.5182591304347826,0.209,0.709,True
438,withers,576.038,220.878,-0.1678585356521739,-0.3651045182608696,0.5065999999999999,0.9082,True
439,occipital_protuberance,548.082,212.546,-0.2354699373913043,-0.3777386817391305,0.4431999999999998,0.9843,True
439,tail_base,669.356,190.7,0.0847303504347826,-0.4886513260869565,0.4115999999999999,0.9343,True
439,tail_tip,684.7439999999999,172.25,0.1370528173913041,-0.5750864130434783,0.371,0.7474,True
439,withers,575.56,220.234,-0.169869443478261,-0.3684353295652174,0.4858000000000002,0.902,True
440,occipital_protuberance,548.2139999999999,211.706,-0.2351317878260871,-0.3798905426086957,0.4401999999999998,0.9814,True
440,tail_base,668.622,189.678,0.0827175799999998,-0.4922305800000001,0.4081999999999998,0.9938,True
440,tail_tip,671.29,157.56,0.0940808673913042,-0.6086842695652174,0.5598000000000002,0.8272,True
440,withers,575.3799999999999,219.458,-0.1700910782608698,-0.3699309860869565,0.4929000000000001,0.8874,True
441,occipital_protuberance,548.374,211.152,-0.2350406086956521,-0.3818274782608696,0.437,0.9828,True
441,tail_base,667.636,189.152,0.0797719147826085,-0.4931564660869565,0.4114000000000001,0.9787,True
441,tail_tip,656.85,153.23399999999998,0.0512130108695652,-0.6284337926086957,0.3588000000000002,0.876,True
441,withers,575.2139999999999,218.786,-0.1705843547826088,-0.3718226017391304,0.4920999999999999,0.8927,True
442,occipital_protuberance,548.86,211.046,-0.2338731652173913,-0.3822289165217392,0.4451999999999998,0.9903,True
442,tail_base,666.904,188.962,0.0777584086956521,-0.494337002173913,0.408,0.9822,True
442,tail_tip,645.946,154.536,0.0187208517391305,-0.6468989373913043,0.1354000000000001,0.9787,True
442,withers,575.104,218.368,-0.1704930782608694,-0.3720918956521739,0.4975,0.8732,True
443,occipital_protuberance,549.47,211.064,-0.2325636978260868,-0.3826036330434783,0.4425999999999999,0.9948,True
443,tail_base,666.588,189.252,0.0771283199999999,-0.4953176765217391,0.3981999999999998,0.9334,True
443,tail_tip,641.984,155.948,0.0064669773913044,-0.6651208017391304,0.0121999999999998,0.9527,True
443,withers,575.236,217.964,-0.1700336582608696,-0.3729062547826087,0.5025999999999999,0.8593,True
444,occipital_protuberance,550.2460000000001,211.252,-0.2303165686956519,-0.3817003026086956,0.4541999999999998,0.9762,True
444,tail_base,667.4019999999999,189.684,0.0795194126086954,-0.4942496269565218,0.3971999999999998,0.9711,True
444,tail_tip,646.714,155.7,0.0223984878260871,-0.6815625652173913,-0.0266999999999998,0.9993,True
444,withers,575.682,217.722,-0.1677441404347825,-0.37106721,0.5186,0.8477,True
445,occipital_protuberance,550.956,211.688,-0.228901152173913,-0.3812585652173913,0.45,0.9612,True
445,tail_base,668.73,190.334,0.0830421913043478,-0.4904085078260869,0.4078000000000001,0.9766,True
445,tail_tip,658.492,153.99200000000002,0.0633592199999998,-0.7058461060869564,0.0328000000000001,0.9381,True
445,withers,576.154,217.644,-0.1659024430434783,-0.3699089713043478,0.5434000000000001,0.8606,True
446,occipital_protuberance,551.6,212.236,-0.2270919130434781,-0.3795928669565217,0.4515999999999999,0.9732,True
446,tail_base,670.348,191.278,0.0876793304347824,-0.4874598652173913,0.409,0.9364,True
446,tail_tip,673.0799999999999,154.712,0.1149529999999997,-0.7133758,0.176,0.8739,True
446,withers,576.766,217.65,-0.1640784834782609,-0.369367304347826,0.5468000000000002,0.8612,True
447,occipital_protuberance,552.102,212.778,-0.2259551847826088,-0.378456554347826,0.459,1.0,True
447,tail_base,671.098,192.72,0.0897718134782607,-0.4828937217391306,0.4076999999999998,0.9072,True
447,tail_tip,686.3770000000001,162.29000000000002,0.1607467147826089,-0.685280052173913,0.1671999999999998,0.8416,True
447,withers,577.644,217.714,-0.1619222652173912,-0.3694796239130434,0.5545,0.8607,True
448,occipital_protuberance,552.52,213.532,-0.2244812869565218,-0.3758496243478261,0.4631999999999998,0.9907,True
448,tail_base,671.456,194.352,0.090545412173913,-0.4768141669565217,0.4188000000000001,0.9537,True
448,tail_tip,696.423,179.958,0.1888821254347826,-0.6027101647826086,0.0121999999999998,0.8071,True
448,withers,578.094,218.108,-0.1610363469565215,-0.369104276521739,0.5503000000000002,0.8831,True
449,occipital_protuberance,552.568,214.18,-0.2242820869565217,-0.3740599999999999,0.464,1.0,True
449,tail_base,671.482,195.874,0.0908461017391303,-0.4736105486956523,0.4156999999999998,0.9598,True
449,tail_tip,699.235,199.818,0.1934280293478261,-0.5230638743478262,0.0313000000000001,0.7503,True
449,withers,578.598,218.266,-0.1602592200000001,-0.36992574,0.5358000000000002,0.896,True
450,occipital_protuberance,552.566,214.62000000000003,-0.2239640917391303,-0.3723940304347825,0.4674000000000001,0.9894,True
450,tail_base,671.422,197.036,0.0909188739130435,-0.4715327913043478,0.4085,0.9666,True
450,tail_tip,695.1270000000001,218.93400000000003,0.1795941786956524,-0.4595684947826086,0.0418000000000001,0.8898,True
450,withers,578.984,218.37600000000003,-0.159424196521739,-0.3700388817391304,0.5461999999999998,0.8801,True
451,occipital_protuberance,552.594,215.05,-0.2240443795652172,-0.3715446630434781,0.4658000000000001,0.9726,True
451,tail_base,671.082,197.668,0.0899350913043477,-0.4697041130434782,0.4085,0.9403,True
451,tail_tip,690.9530000000001,232.29,0.1628169884782611,-0.4080889760869564,0.0991999999999998,0.9533,True
451,withers,579.136,218.502,-0.1591990539130435,-0.3701095513043478,0.5435999999999999,0.8979,True
452,occipital_protuberance,552.398,215.52000000000004,-0.2243944273913042,-0.3700886608695651,0.4674000000000001,0.9779,True
452,tail_base,671.136,197.59,0.0899830399999999,-0.4693649000000001,0.4116999999999998,0.91,True
452,tail_tip,690.2760000000001,237.308,0.1601181304347828,-0.390747347826087,0.109,0.9093,True
452,withers,579.046,218.46000000000004,-0.1590899399999998,-0.3694193999999998,0.5488000000000002,0.8907,True
453,occipital_protuberance,552.176,216.06000000000003,-0.2256885878260868,-0.369894508695652,0.4598000000000002,0.9379,True
453,tail_base,671.092,197.142,0.0899640260869564,-0.4712260826086956,0.4085,0.9518,True
453,tail_tip,689.6360000000001,232.012,0.1603674417391307,-0.4135125339130435,0.0700999999999999,1.0,True
453,withers,578.928,218.43,-0.1591722191304347,-0.3689745065217391,0.5521999999999998,0.9053,True
454,occipital_protuberance,552.104,216.536,-0.2258736121739129,-0.368671292173913,0.4598000000000002,0.9194,True
454,tail_base,671.008,196.158,0.0895389704347827,-0.4731115839130435,0.4139000000000001,0.9843,True
454,tail_tip,691.446,219.514,0.162356865652174,-0.4433554917391305,0.1460999999999999,0.9548,True
454,withers,578.45,218.604,-0.1598828152173912,-0.3672914791304348,0.5471999999999998,0.9144,True
455,occipital_protuberance,552.01,217.07,-0.2261916847826087,-0.3674233152173913,0.459,0.9327,True
455,tail_base,670.8019999999999,195.002,0.0887365443478258,-0.4753377165217392,0.4200999999999999,0.9858,True
455,tail_tip,695.958,201.708,0.1701244847826086,-0.4812420913043478,0.242,0.8774,True
455,withers,577.8140000000001,218.784,-0.1612510017391302,-0.3661792278260868,0.5514000000000001,0.9082,True
456,occipital_protuberance,551.906,217.54,-0.2263824291304349,-0.3660912304347825,0.4598000000000002,0.9662,True
456,tail_base,670.6719999999999,193.632,0.0883620313043475,-0.479284507826087,0.4165999999999999,0.9493,True
456,tail_tip,696.728,180.798,0.1667063269565215,-0.5266201382608695,0.3669000000000001,0.7768,True
456,withers,577.1800000000001,219.036,-0.1624306695652172,-0.3644838730434783,0.5521999999999998,0.887,True
457,occipital_protuberance,551.9219999999999,217.782,-0.2263413126086958,-0.3654693430434782,0.4598000000000002,0.9672,True
457,tail_base,670.276,192.36,0.0872870243478259,-0.4833134086956522,0.4145999999999999,0.9172,True
457,tail_tip,690.796,161.192,0.1461489260869566,-0.5720051913043477,0.7,0.886,True
457,withers,576.668,219.324,-0.1635204704347825,-0.3632193156521739,0.5555999999999999,0.8413,True
458,occipital_protuberance,552.0379999999999,217.862,-0.2253165752173915,-0.3640895769565217,0.4674000000000001,0.9673,True
458,tail_base,669.924,190.868,0.0861290782608695,-0.4868060173913044,0.4155,0.9342,True
458,tail_tip,681.106,145.182,0.1182691108695652,-0.618068745652174,0.531,0.9589,True
458,withers,576.414,219.52400000000003,-0.163996587826087,-0.3623059269565217,0.5581999999999998,0.8109,True
459,occipital_protuberance,552.068,217.936,-0.2252397295652174,-0.363900024347826,0.4674000000000001,0.9572,True
459,tail_base,669.302,189.784,0.08437065,-0.4901110695652174,0.418,0.9719,True
459,tail_tip,670.3820000000001,138.422,0.0896070856521741,-0.6535105926086957,0.3535999999999999,0.9079,True
459,withers,576.446,219.618,-0.1639831360869564,-0.3622160778260869,0.5571999999999998,0.8023,True
460,occipital_protuberance,552.3059999999999,218.062,-0.2247063430434784,-0.3637006969565218,0.4665999999999999,0.977,True
460,tail_base,668.618,189.264,0.0825940365217392,-0.4927589426086955,0.4118000000000001,0.9883,True
460,tail_tip,659.6659999999999,138.54000000000002,0.0594597234782606,-0.6695794956521738,0.2644000000000001,0.9667,True
460,withers,576.7760000000001,219.818,-0.1634202956521737,-0.362339995652174,0.543,0.843,True
461,occipital_protuberance,552.634,218.074,-0.2237899082608695,-0.363546534347826,0.4674000000000001,0.9705,True
461,tail_base,668.168,189.452,0.0813320382608695,-0.492438812173913,0.4105999999999999,0.9857,True
461,tail_tip,651.684,144.062,0.0366013999999999,-0.6764492565217392,0.136,0.9388,True
461,withers,577.2639999999999,219.98,-0.1623907721739133,-0.3624387260869565,0.5395999999999999,0.873,True
462,occipital_protuberance,553.066,218.234,-0.2225321413043477,-0.3628901413043478,0.469,1.0,True
462,tail_base,668.376,189.79,0.0820374834782608,-0.4920919108695652,0.4071999999999998,0.9685,True
462,tail_tip,647.726,149.378,0.0250910247826086,-0.6840178386956522,0.0026999999999998,0.9613,True
462,withers,577.746,220.202,-0.16154913,-0.36277581,0.5465999999999999,0.889,True
463,occipital_protuberance,553.3820000000001,218.414,-0.2218738899999998,-0.3626756169565217,0.4734000000000001,0.996,True
463,tail_base,668.796,190.772,0.0833581600000001,-0.4898782713043478,0.4038000000000001,0.9497,True
463,tail_tip,652.116,152.552,0.0404885113043477,-0.6932370991304349,-0.0109,0.919,True
463,withers,578.102,220.484,-0.1606791343478261,-0.3621653382608695,0.5458000000000002,0.9026,True
464,occipital_protuberance,553.658,218.728,-0.2211669099999999,-0.3618712991304348,0.4734000000000001,1.0,True
464,tail_base,669.562,191.836,0.0856141226086956,-0.4870175669565218,0.4025999999999999,0.9525,True
464,tail_tip,660.9219999999999,152.244,0.0706845221739127,-0.7018991295652174,0.1888000000000002,0.988,True
464,withers,578.408,220.822,-0.1598847982608695,-0.3612879343478261,0.5458000000000002,0.9017,True
465,occipital_protuberance,553.52,218.998,-0.2216896,-0.3614555617391304,0.4715999999999999,1.0,True
465,tail_base,670.164,192.746,0.0872919930434782,-0.4840185321739131,0.4045999999999999,0.969,True
465,tail_tip,671.756,151.166,0.1087988173913042,-0.7154834434782609,0.2425,0.9583,True
465,withers,578.482,221.012,-0.1594653547826088,-0.360281067826087,0.5491999999999998,0.895,True
466,occipital_protuberance,553.646,219.316,-0.2213666017391305,-0.3606403756521739,0.4715999999999999,1.0,True
466,tail_base,670.466,193.67,0.0880931013043478,-0.4809468108695651,0.4068000000000001,0.9507,True
466,tail_tip,686.068,151.28199999999998,0.1574123530434782,-0.7131803313043478,0.1044,0.8613,True
466,withers,578.51,221.22,-0.1594462434782609,-0.3598625739130435,0.5484000000000001,0.8836,True
467,occipital_protuberance,553.58,219.548,-0.2216860869565216,-0.3602899130434782,0.47,1.0,True
467,tail_base,670.414,194.79,0.0882667173913043,-0.479468152173913,0.4005,0.9775,True
467,tail_tip,701.35,156.528,0.2077364347826087,-0.6889738852173912,-0.0121999999999998,0.9204,True
467,withers,578.3340000000001,221.404,-0.1597819682608694,-0.359114287826087,0.5371999999999998,0.8845,True
468,occipital_protuberance,553.53,219.744,-0.2215887739130435,-0.3594212452173912,0.4724000000000001,1.0,True
468,tail_base,669.98,195.736,0.0871831434782609,-0.4776868539130435,0.3950999999999999,0.9872,True
468,tail_tip,709.358,170.304,0.2259864573913041,-0.6180790539130434,0.2149000000000001,0.8862,True
468,withers,578.048,221.552,-0.1608193113043478,-0.3593929495652174,0.5328000000000002,0.9155,True
469,occipital_protuberance,553.296,219.796,-0.2223392139130433,-0.3595318226086956,0.4708000000000001,1.0,True
469,tail_base,669.356,196.542,0.0852600347826086,-0.4747388869565218,0.402,0.9796,True
469,tail_tip,713.548,188.52,0.2340745043478261,-0.5457537391304348,0.111,0.8365,True
469,withers,577.684,221.612,-0.1616964730434783,-0.3590867756521739,0.5338000000000002,0.9181,True
470,occipital_protuberance,553.3199999999999,219.856,-0.2221080782608697,-0.3591037669565218,0.4725999999999999,1.0,True
470,tail_base,668.97,197.21,0.0842397217391305,-0.4733650086956521,0.3988000000000001,1.0,True
470,tail_tip,712.82,206.994,0.2307602478260871,-0.4848627091304348,0.0475999999999999,0.9302,True
470,withers,577.478,221.768,-0.1625164247826088,-0.3593130486956522,0.5296,0.9,True
471,occipital_protuberance,552.986,219.966,-0.2232098260869565,-0.3592176521739131,0.464,1.0,True
471,tail_base,668.754,197.478,0.0837116452173913,-0.4731510052173912,0.3955999999999999,0.9969,True
471,tail_tip,706.592,222.844,0.211328264347826,-0.4352615843478261,0.0644000000000001,0.9748,True
471,withers,577.346,221.848,-0.163036604347826,-0.3594955304347826,0.517,0.8944,True
472,occipital_protuberance,552.888,220.032,-0.2237074034782608,-0.3594439095652174,0.4614000000000001,1.0,True
472,tail_base,668.504,197.468,0.0826430104347826,-0.4712368008695652,0.4065999999999999,0.9837,True
472,tail_tip,701.764,232.736,0.194610307826087,-0.400992264347826,0.0981999999999998,0.9292,True
472,withers,577.312,221.918,-0.1630705669565217,-0.3591933069565217,0.5178000000000001,0.9065,True
473,occipital_protuberance,552.7760000000001,220.062,-0.2240708713043476,-0.3594885534782609,0.4605999999999999,0.9923,True
473,tail_base,668.472,197.34,0.0823459756521738,-0.4704410086956523,0.4131999999999998,0.9861,True
473,tail_tip,701.61,234.192,0.1952635195652174,-0.3987293113043478,0.0811999999999998,1.0,True
473,withers,577.4599999999999,221.916,-0.1624544478260871,-0.3586881991304348,0.5311999999999998,0.9012,True
474,occipital_protuberance,552.8059999999999,220.094,-0.2241644008695653,-0.3596800773913043,0.4588000000000002,1.0,True
474,tail_base,668.678,196.88,0.0827173269565217,-0.4704948173913043,0.4204000000000001,1.0,True
474,tail_tip,700.486,224.492,0.1926873573913043,-0.4316813547826086,0.0836999999999998,0.9388,True
474,withers,577.452,221.936,-0.1624752286956522,-0.3586362469565218,0.5311999999999998,0.9072,True
475,occipital_protuberance,552.896,220.036,-0.2236300521739131,-0.3593423565217391,0.462,1.0,True
475,tail_base,668.738,196.316,0.082852903478261,-0.4719080886956522,0.4215999999999999,1.0,True
475,tail_tip,701.896,210.38,0.1901149095652172,-0.4595610826086956,0.2026999999999998,0.8696,True
475,withers,577.39,221.886,-0.1624593391304348,-0.3583758052173914,0.5338000000000002,0.8946,True
476,occipital_protuberance,553.0519999999999,219.864,-0.2228326026086959,-0.3591441965217392,0.4661999999999998,1.0,True
476,tail_base,668.9540000000001,195.398,0.083305693478261,-0.4735885804347826,0.4235,0.9955,True
476,tail_tip,705.032,192.174,0.1921978347826088,-0.4959987978260869,0.306,0.5967,True
476,withers,577.126,221.88,-0.1629120013043479,-0.3578809304347826,0.5271999999999998,0.8874,True
477,occipital_protuberance,553.1099999999999,219.644,-0.2221172847826089,-0.3587926530434783,0.4721999999999998,1.0,True
477,tail_base,669.29,194.316,0.084412506521739,-0.4774940843478261,0.4190999999999999,0.9938,True
477,tail_tip,703.4219999999999,172.668,0.1816213056521736,-0.5364618339130435,0.6294000000000001,0.8902,True
477,withers,576.828,221.814,-0.1636841452173913,-0.3580519421739131,0.5271999999999998,0.8858,True
478,occipital_protuberance,553.196,219.414,-0.2216521269565216,-0.3589832947826087,0.4748000000000001,1.0,True
478,tail_base,669.4080000000001,193.446,0.0844840695652177,-0.4784806760869565,0.424,0.9665,True
478,tail_tip,695.756,154.024,0.1581531060869564,-0.5842554017391304,0.5454000000000001,0.9416,True
478,withers,576.412,221.728,-0.164997036521739,-0.3587857808695652,0.5238000000000002,0.882,True
479,occipital_protuberance,553.164,219.132,-0.2212619034782608,-0.3589377886956521,0.4798000000000001,0.9922,True
479,tail_base,669.074,192.816,0.0839227330434781,-0.4825802504347826,0.4114000000000001,0.9481,True
479,tail_tip,687.068,142.356,0.1340619426086956,-0.6199068886956522,0.4255999999999999,0.8968,True
479,withers,576.0980000000001,221.614,-0.1664924934782606,-0.360555697826087,0.514,0.8698,True
480,occipital_protuberance,552.994,218.812,-0.221449184347826,-0.3593541530434783,0.4824000000000001,0.9976,True
480,tail_base,668.726,192.036,0.0830243847826086,-0.4854524739130434,0.408,0.97,True
480,tail_tip,676.1940000000001,135.08800000000002,0.1067959047826089,-0.6636370817391304,0.3244000000000001,0.9741,True
480,withers,575.722,221.398,-0.1675420043478261,-0.3612691260869565,0.5,0.8631,True
481,occipital_protuberance,552.5020000000001,218.42800000000005,-0.2224541543478259,-0.3599314217391304,0.485,0.9571,True
481,tail_base,668.288,191.966,0.0818261147826087,-0.4860566095652174,0.4058000000000001,0.9611,True
481,tail_tip,665.472,134.632,0.0773075199999999,-0.68399188,0.2398000000000001,0.9374,True
481,withers,575.428,221.064,-0.1686031069565217,-0.3627739773913042,0.5088000000000001,0.8511,True
482,occipital_protuberance,551.78,217.842,-0.2235034521739131,-0.3601542026086956,0.4931999999999998,0.9402,True
482,tail_base,668.1139999999999,192.196,0.0811211134782606,-0.4841874982608695,0.4124000000000001,0.9514,True
482,tail_tip,656.864,137.648,0.0530849391304348,-0.6999254260869565,0.1395,0.9532,True
482,withers,575.0600000000001,220.596,-0.1695075173913042,-0.3638747452173913,0.5095999999999999,0.8602,True
483,occipital_protuberance,550.698,217.206,-0.2258564060869565,-0.3611446513043478,0.4911999999999998,0.9212,True
483,tail_base,668.37,192.434,0.0819214586956521,-0.4838650386956522,0.4104000000000001,0.9834,True
483,tail_tip,653.5139999999999,141.99200000000002,0.0443846765217387,-0.7160141008695651,0.0174,0.9285,True
483,withers,574.398,220.094,-0.1708076421739129,-0.3642726439130435,0.5156,0.8915,True
484,occipital_protuberance,549.484,216.942,-0.2280216104347825,-0.3603817617391304,0.4914000000000001,0.9332,True
484,tail_base,669.0540000000001,192.874,0.0837955256521741,-0.4820131830434782,0.4135999999999999,0.9916,True
484,tail_tip,656.294,145.868,0.0552827082608695,-0.7265126356521739,-0.0219,0.9759,True
484,withers,573.72,219.738,-0.1717516521739129,-0.3634615304347826,0.527,0.9246,True
485,occipital_protuberance,548.118,216.608,-0.2309833582608694,-0.3604750191304348,0.4931999999999998,0.9665,True
485,tail_base,669.8860000000001,193.714,0.0859807226086959,-0.4783975921739131,0.4201999999999998,1.0,True
485,tail_tip,666.04,148.916,0.0890907652173911,-0.7221826069565217,0.2164000000000001,0.9872,True
485,withers,572.862,219.408,-0.1737268726086957,-0.3637970817391304,0.5304000000000001,0.9262,True
486,occipital_protuberance,546.882,216.562,-0.2333415621739132,-0.3594369186956522,0.4945999999999999,0.9507,True
486,tail_base,670.638,194.658,0.0882174586956522,-0.4760771282608696,0.4215,0.9727,True
486,tail_tip,679.138,150.98,0.1353238891304349,-0.7227093695652175,0.158,0.9396,True
486,withers,571.894,218.932,-0.1756690630434783,-0.3638634391304348,0.525,0.927,True
487,occipital_protuberance,545.6479999999999,216.776,-0.2367824973913046,-0.3594299686956523,0.4851999999999998,0.949,True
487,tail_base,671.086,195.788,0.0894398282608696,-0.4724664826086955,0.4235,0.9634,True
487,tail_tip,693.654,157.168,0.1856778317391304,-0.7019310017391305,0.1006999999999998,0.882,True
487,withers,570.828,218.47,-0.1781630121739131,-0.3645320521739131,0.5194000000000001,0.9299,True
488,occipital_protuberance,544.53,216.954,-0.2390693326086957,-0.358205842173913,0.4901999999999998,0.9367,True
488,tail_base,671.204,196.936,0.0899964060869563,-0.4702978452173912,0.4170999999999999,0.9307,True
488,tail_tip,706.118,170.146,0.2185199900000001,-0.62746747,0.2234000000000001,0.939,True
488,withers,569.99,217.864,-0.1803214086956521,-0.3660928973913043,0.5224000000000001,0.9276,True
489,occipital_protuberance,543.4939999999999,216.736,-0.241097163478261,-0.3579108452173913,0.4775999999999999,0.9426,True
489,tail_base,671.0799999999999,198.144,0.0893549999999998,-0.4653359999999999,0.4255,0.9056,True
489,tail_tip,713.8520000000001,189.186,0.2331154434782611,-0.5391781043478262,0.135,0.8863,True
489,withers,569.0780000000001,217.022,-0.1826087321739128,-0.3681372678260869,0.5106999999999998,0.919,True
490,occipital_protuberance,542.356,216.564,-0.2431760139130434,-0.3572180034782608,0.4708000000000001,0.9634,True
490,tail_base,670.8199999999999,199.336,0.0886074999999998,-0.461909,0.429,0.9385,True
490,tail_tip,714.1980000000001,209.75,0.2289169600000002,-0.4635539130434782,0.1115999999999999,0.9003,True
490,withers,568.38,215.936,-0.1846706130434782,-0.371465892173913,0.5133000000000002,0.9014,True
491,occipital_protuberance,541.264,216.178,-0.2446506365217391,-0.3563659034782609,0.4824000000000001,0.9745,True
491,tail_base,670.7120000000001,200.406,0.0883704417391307,-0.4592143878260869,0.4268000000000002,0.9317,True
491,tail_tip,707.908,228.35,0.2088909130434783,-0.4049668478260869,0.1505,0.9137,True
491,withers,567.7900000000001,214.938,-0.1862547065217389,-0.3741653543478261,0.503,0.8857,True
492,occipital_protuberance,540.162,215.944,-0.2458402230434781,-0.3547222417391304,0.4875999999999999,0.9816,True
492,tail_base,670.74,201.284,0.0885178347826087,-0.4570330730434783,0.4248000000000002,0.9744,True
492,tail_tip,697.738,240.592,0.1770799356521741,-0.3662191443478261,0.1964000000000001,0.9747,True
492,withers,567.104,214.15,-0.1879449043478259,-0.3760393478260869,0.504,0.937,True
493,occipital_protuberance,539.4,216.062,-0.2466886956521739,-0.3529610086956521,0.486,0.9819,True
493,tail_base,670.95,201.9,0.0889072391304349,-0.4541594347826087,0.4311999999999998,0.9813,True
493,tail_tip,689.732,245.534,0.1566017434782607,-0.3604434804347825,0.1455,0.9545,True
493,withers,566.462,213.55,-0.1896001478260869,-0.3775863043478261,0.495,0.9567,True
494,occipital_protuberance,538.7479999999999,216.43400000000003,-0.2477592417391305,-0.3512997599999999,0.4908000000000002,0.9288,True
494,tail_base,670.856,202.064,0.0887378313043478,-0.454203335652174,0.4281999999999998,0.9543,True
494,tail_tip,688.4979999999999,244.998,0.1558683547826085,-0.369606427826087,0.0891999999999998,0.919,True
494,withers,565.7539999999999,213.012,-0.1913448543478263,-0.3788136391304348,0.496,1.0,True
495,occipital_protuberance,538.4,216.95600000000005,-0.2479260869565218,-0.349058456521739,0.497,0.9387,True
495,tail_base,670.942,202.0,0.0890591478260869,-0.4547652173913044,0.426,0.942,True
495,tail_tip,692.678,240.196,0.1708255926086956,-0.3885035365217391,0.0520999999999999,0.9612,True
495,withers,564.9860000000001,212.832,-0.1929001317391301,-0.3784457113043478,0.4951999999999998,1.0,True
496,occipital_protuberance,538.216,217.704,-0.2487069913043478,-0.3476971826086957,0.494,0.9384,True
496,tail_base,670.9259999999999,201.376,0.0885492056521737,-0.454181892173913,0.4398000000000002,0.9392,True
496,tail_tip,698.5540000000001,229.586,0.1878819652173915,-0.4184588347826086,0.0625,0.934,True
496,withers,564.356,212.888,-0.1943721913043478,-0.3780138782608696,0.497,1.0,True
497,occipital_protuberance,538.2459999999999,218.384,-0.2488770117391307,-0.346374264347826,0.5028000000000001,0.9492,True
497,tail_base,671.116,200.406,0.0890594034782608,-0.4567857834782608,0.4408000000000002,0.9464,True
497,tail_tip,707.572,214.97600000000003,0.2085624469565217,-0.447619728695652,0.1374,0.922,True
497,withers,564.132,213.042,-0.1949477739130436,-0.3776181652173913,0.497,1.0,True
498,occipital_protuberance,538.1360000000001,218.926,-0.2489910469565215,-0.3448339252173912,0.5041999999999999,0.9761,True
498,tail_base,671.4480000000001,199.302,0.0899412800000002,-0.4595962799999999,0.4428000000000002,0.907,True
498,tail_tip,713.7460000000001,196.626,0.2186408582608698,-0.4843683939130435,0.2564000000000001,0.6196,True
498,withers,563.992,213.262,-0.1950266139130435,-0.3765105682608695,0.5004000000000001,1.0,True
499,occipital_protuberance,537.9419999999999,219.42400000000004,-0.2494652504347828,-0.3436166399999999,0.4871999999999998,0.9813,True
499,tail_base,672.0899999999999,198.222,0.0917773999999997,-0.4626850799999999,0.4393000000000002,0.9258,True
499,tail_tip,712.0880000000001,176.614,0.2065007773913046,-0.5253211569565217,0.4745999999999999,0.9366,True
499,withers,563.96,213.554,-0.194910356521739,-0.3753793013043477,0.5028000000000001,0.9939,True
500,occipital_protuberance,537.74,219.988,-0.2502924652173913,-0.3426945886956522,0.4871999999999998,0.9842,True
500,tail_base,672.202,197.172,0.0920977199999999,-0.46568808,0.4393000000000002,0.9549,True
500,tail_tip,704.625,158.656,0.1834998777173913,-0.5717075339130435,0.5126999999999998,0.8949,True
500,withers,564.018,213.856,-0.1946956160869564,-0.3744781147826088,0.5035999999999999,0.9883,True
501,occipital_protuberance,537.704,220.442,-0.2508253443478262,-0.3421901482608696,0.4831999999999998,0.9791,True
501,tail_base,672.094,196.336,0.0921167569565218,-0.4697512591304347,0.4299000000000001,0.9621,True
501,tail_tip,695.191,146.13,0.1589320829347827,-0.6158758597826087,0.3896999999999998,0.9826,True
501,withers,564.032,214.174,-0.1945936834782607,-0.3735364691304348,0.5044000000000001,0.9921,True
502,occipital_protuberance,537.522,220.734,-0.2513607117391303,-0.3415952778260869,0.4824000000000001,0.9769,True
502,tail_base,671.634,195.77,0.0908721034782609,-0.4717685260869565,0.4276999999999998,0.9644,True
502,tail_tip,682.267,138.906,0.1266861440217392,-0.6626812010869565,0.2885,0.8876,True
502,withers,564.0040000000001,214.352,-0.1945332391304344,-0.3728272173913043,0.506,0.992,True
503,occipital_protuberance,537.59,220.69,-0.2512829717391303,-0.3418243413043478,0.4815999999999999,0.9907,True
503,tail_base,670.9639999999999,195.48,0.0891561260869563,-0.4737103043478261,0.418,0.9959,True
503,tail_tip,670.8950000000001,136.22999999999996,0.096597247282609,-0.6996460923913045,0.1695,0.9178,True
503,withers,563.9040000000001,214.408,-0.1949215582608692,-0.3729370730434782,0.5044000000000001,0.9878,True
504,occipital_protuberance,538.1,220.576,-0.2500315869565216,-0.3421040626086956,0.4815999999999999,0.985,True
504,tail_base,670.3720000000001,195.386,0.087702451304348,-0.475340817826087,0.4139000000000001,0.9993,True
504,tail_tip,664.023,136.848,0.0793464022826087,-0.7370565026086957,0.0073000000000001,0.9353,True
504,withers,563.998,214.504,-0.1948790413043477,-0.3730707217391305,0.502,0.9891,True
505,occipital_protuberance,538.742,220.35,-0.2483682639130435,-0.3425371630434782,0.4964,0.9844,True
505,tail_base,670.404,195.382,0.08786756,-0.47574602,0.4116999999999998,1.0,True
505,tail_tip,663.2760000000001,138.764,0.0796241600000002,-0.7568194991304348,-0.0661999999999998,0.894,True
505,withers,564.0380000000001,214.594,-0.1949085839130431,-0.37309283,0.5004000000000001,0.9925,True
506,occipital_protuberance,539.4440000000001,220.1,-0.2462091799999997,-0.3425421086956521,0.5004000000000001,0.9987,True
506,tail_base,670.802,195.518,0.0890512604347826,-0.4755317647826088,0.4106999999999998,0.9901,True
506,tail_tip,669.458,141.99,0.1010409399999999,-0.7477742999999999,0.0764,0.8766,True
506,withers,564.15,214.666,-0.1946871630434783,-0.3730344647826087,0.4995999999999999,0.9892,True
507,occipital_protuberance,540.476,219.78000000000003,-0.2432712730434783,-0.342746452173913,0.5131999999999998,1.0,True
507,tail_base,670.9100000000001,196.092,0.0894374130434784,-0.4742642347826086,0.4085,0.9783,True
507,tail_tip,680.9179999999999,146.19,0.1405978060869561,-0.7346697521739131,0.0168000000000001,0.9511,True
507,withers,564.284,214.76800000000003,-0.19427738,-0.3726463686956521,0.5004000000000001,0.9913,True
508,occipital_protuberance,541.426,219.63,-0.2408634260869564,-0.3429910434782608,0.5225,1.0,True
508,tail_base,671.0559999999999,196.888,0.0897923478260867,-0.4716064347826087,0.4105,0.9497,True
508,tail_tip,695.0020000000001,153.836,0.1889916547826089,-0.7083974313043477,0.0238000000000001,0.9163,True
508,withers,564.5540000000001,215.038,-0.1934533847826084,-0.3717014760869565,0.502,0.9874,True
509,occipital_protuberance,542.2280000000001,219.404,-0.2386699539130433,-0.3432070617391304,0.5246999999999998,0.9855,True
509,tail_base,670.742,197.764,0.0887775495652172,-0.4685093530434782,0.4171999999999998,0.9191,True
509,tail_tip,706.9379999999999,167.998,0.2203278821739126,-0.6319787569565217,0.2438000000000001,0.9226,True
509,withers,564.8059999999999,215.298,-0.1928072239130436,-0.371034802173913,0.502,0.9734,True
510,occipital_protuberance,542.932,219.044,-0.2366349026086956,-0.3436262139130435,0.5391999999999998,0.9771,True
510,tail_base,670.28,198.706,0.0874038782608694,-0.4655786373913043,0.4184000000000001,0.9046,True
510,tail_tip,714.68,186.496,0.2351932956521737,-0.5464244452173913,0.1555999999999999,0.8504,True
510,withers,565.058,215.458,-0.1920958960869565,-0.3704988526086956,0.5028000000000001,0.9513,True
511,occipital_protuberance,543.5380000000001,218.542,-0.2348430299999997,-0.3443887265217392,0.5421999999999998,0.9624,True
511,tail_base,669.6360000000001,199.594,0.0857189086956524,-0.4639569195652174,0.413,0.9503,True
511,tail_tip,716.0959999999999,205.672,0.2329364730434779,-0.472411427826087,0.1338000000000001,0.788,True
511,withers,565.296,215.582,-0.1913559199999998,-0.369929846521739,0.5074000000000001,0.9314,True
512,occipital_protuberance,544.0899999999999,218.334,-0.2334157500000002,-0.3447719282608695,0.543,0.9555,True
512,tail_base,669.302,200.27,0.08471463,-0.4617933195652174,0.4176999999999998,0.9444,True
512,tail_tip,710.51,223.8,0.2146722934782608,-0.4146697826086956,0.156,0.9686,True
512,withers,565.574,215.714,-0.1907085352173914,-0.3697171917391305,0.5065999999999999,0.9454,True
513,occipital_protuberance,544.548,218.204,-0.2322181156521739,-0.3449650078260869,0.5558000000000002,0.9397,True
513,tail_base,669.1600000000001,200.604,0.0842026695652176,-0.4602732756521739,0.4209000000000001,0.962,True
513,tail_tip,700.194,237.024,0.1830813595652172,-0.3740341773913044,0.2023000000000001,0.9555,True
513,withers,565.8299999999999,215.722,-0.1900525630434784,-0.3696966926086957,0.5065999999999999,0.923,True
514,occipital_protuberance,544.904,218.044,-0.2312693373913043,-0.3452308199999999,0.5565999999999999,0.9823,True
514,tail_base,669.438,200.716,0.0850054247826086,-0.4599498634782609,0.4174000000000001,0.9822,True
514,tail_tip,693.372,242.676,0.1670311547826085,-0.3671731095652173,0.1598000000000002,0.9844,True
514,withers,566.0020000000001,215.676,-0.1894831395652172,-0.3695635643478261,0.5081999999999998,0.8975,True
515,occipital_protuberance,545.274,218.088,-0.2303695134782608,-0.3451238139130434,0.5565999999999999,0.9877,True
515,tail_base,669.5559999999999,200.404,0.0853461626086954,-0.4608507973913043,0.4174000000000001,0.9533,True
515,tail_tip,691.952,241.256,0.1654332382608695,-0.3781221982608695,0.1094000000000001,0.9409,True
515,withers,566.182,215.68400000000003,-0.1889580326086956,-0.3694175869565216,0.509,0.8984,True
516,occipital_protuberance,545.58,218.21600000000004,-0.2297895434782607,-0.345059104347826,0.555,0.9849,True
516,tail_base,669.604,199.89,0.0853110052173914,-0.461395252173913,0.4228000000000002,0.9321,True
516,tail_tip,693.244,233.258,0.1738416600000001,-0.41381263,0.0281999999999998,0.9881,True
516,withers,566.332,215.664,-0.1885740652173913,-0.3694687826086957,0.509,0.8935,True
517,occipital_protuberance,545.7520000000001,218.168,-0.2293709478260867,-0.3451759217391305,0.561,0.9994,True
517,tail_base,669.9039999999999,198.8,0.086104017391304,-0.4641508695652174,0.425,0.9416,True
517,tail_tip,698.5029999999999,219.878,0.1884623272826084,-0.4513908384782608,0.0648000000000001,0.9428,True
517,withers,566.36,215.644,-0.1885023913043478,-0.3695199782608695,0.509,0.9013,True
518,occipital_protuberance,545.844,218.046,-0.2291470478260868,-0.3454728326086956,0.561,1.0,True
518,tail_base,670.0759999999999,197.544,0.0868084895652171,-0.4688974591304348,0.4185999999999999,0.9434,True
518,tail_tip,705.809,201.95,0.2038862964130434,-0.4896629510869565,0.1571999999999998,0.8988,True
518,withers,566.3580000000001,215.544,-0.1884434743478259,-0.3696503426086955,0.5098000000000001,0.8857,True
519,occipital_protuberance,545.754,217.948,-0.2297553573913043,-0.3462980713043478,0.5571999999999998,0.9951,True
519,tail_base,670.156,196.264,0.0871115060869563,-0.4729834713043477,0.4129000000000001,0.9741,True
519,tail_tip,707.359,181.286,0.200766428152174,-0.5326648471739129,0.3319000000000001,0.7483,True
519,withers,566.3480000000001,215.48,-0.1885971539130433,-0.3700654521739132,0.5081999999999998,0.8863,True
520,occipital_protuberance,545.4799999999999,217.836,-0.2304233217391307,-0.346571107826087,0.5511999999999998,0.9771,True
520,tail_base,670.21,195.2,0.0874119782608696,-0.4768452173913043,0.4085,0.9786,True
520,tail_tip,701.423,162.052,0.1806704133695651,-0.5822468291304348,0.5739000000000001,0.906,True
520,withers,566.3,215.41800000000003,-0.1887200652173914,-0.3702242126086956,0.5081999999999998,0.9044,True
521,occipital_protuberance,544.972,217.874,-0.2314964713043478,-0.3462312947826086,0.5528000000000002,0.9665,True
521,tail_base,670.1879999999999,194.134,0.08734832173913,-0.4799296652173913,0.405,0.9828,True
521,tail_tip,692.019,147.4,0.1519237511956521,-0.6209075434782609,0.3660999999999999,0.96,True
521,withers,566.034,215.36600000000004,-0.1895298352173913,-0.3706089039130434,0.5065999999999999,0.9029,True
522,occipital_protuberance,544.2,217.88,-0.2334604347826085,-0.3463402608695651,0.552,0.9351,True
522,tail_base,669.83,193.5,0.0862800326086957,-0.481583152173913,0.406,0.9884,True
522,tail_tip,679.896,138.33800000000002,0.1184390817391303,-0.6580470156521738,0.3148000000000002,0.9581,False
522,withers,565.6879999999999,215.188,-0.1904164226086959,-0.3710650095652174,0.5095999999999999,0.9119,True
523,occipital_protuberance,543.098,217.878,-0.2360616982608696,-0.3462215504347826,0.5408000000000002,0.9785,True
523,tail_base,669.496,193.276,0.0854165686956521,-0.4828109573913042,0.4028000000000001,0.9857,True
523,tail_tip,668.198,136.696,0.0868866199999999,-0.6880675860869565,0.2111999999999998,0.9826,True
523,withers,565.182,214.984,-0.1917780517391303,-0.3717138382608694,0.5028000000000001,0.9186,True
524,occipital_protuberance,541.836,217.93,-0.2387305799999999,-0.3455080630434782,0.5276,0.9842,True
524,tail_base,669.408,193.45,0.0850914086956522,-0.4819088043478261,0.405,0.9935,True
524,tail_tip,660.61,138.75799999999998,0.0670945108695652,-0.7202389021739132,0.079,0.9143,True
524,withers,564.566,214.678,-0.1932914256521738,-0.3723718291304349,0.5035999999999999,0.9569,True
525,occipital_protuberance,540.4780000000001,218.026,-0.2420331769565216,-0.3452745952173912,0.5186,0.9745,True
525,tail_base,669.8779999999999,193.728,0.0867761043478258,-0.4829117217391305,0.395,1.0,True
525,tail_tip,659.574,141.122,0.0663090526086955,-0.7414730160869565,-0.0425999999999999,0.929,True
525,withers,563.978,214.36,-0.194864217826087,-0.3733133130434782,0.5028000000000001,0.9715,True
526,occipital_protuberance,538.924,217.97200000000004,-0.2457245452173913,-0.3452824182608694,0.5054000000000001,0.9522,True
526,tail_base,670.628,194.61,0.0889543652173914,-0.4803500869565218,0.3985,1.0,True
526,tail_tip,667.4219999999999,144.38600000000002,0.0935090199999997,-0.7352437399999999,0.1558000000000002,1.0,True
526,withers,563.406,213.994,-0.1963304030434783,-0.3742514665217391,0.4958000000000002,0.9764,True
527,occipital_protuberance,537.3100000000001,218.068,-0.2495590239130433,-0.3449256147826088,0.5001999999999999,0.9546,True
527,tail_base,671.068,195.984,0.0902322782608695,-0.4763595130434782,0.3985,0.9561,True
527,tail_tip,680.8779999999999,151.25,0.140709185217391,-0.7185538043478261,0.1551999999999998,0.9495,True
527,withers,562.882,213.686,-0.1976735517391305,-0.3750409508695651,0.4958000000000002,0.9644,True
528,occipital_protuberance,535.844,218.304,-0.2531217226086956,-0.3443520834782609,0.4891999999999998,0.8973,True
528,tail_base,671.364,197.372,0.0908328713043479,-0.4709848295652173,0.4060999999999999,0.9529,True
528,tail_tip,694.332,163.318,0.1846933660869565,-0.6685905291304347,0.2195999999999999,0.9341,True
528,withers,562.47,213.464,-0.1988644499999999,-0.37586484,0.4941999999999998,0.9605,True
529,occipital_protuberance,534.374,218.706,-0.256694142173913,-0.3433751360869566,0.4831999999999998,0.9311,True
529,tail_base,671.492,198.934,0.0911624939130433,-0.4662510556521739,0.4108000000000001,0.8812,True
529,tail_tip,705.6719999999999,181.098,0.2139765078260866,-0.5829093860869565,0.0764,0.9047,True
529,withers,562.048,213.24,-0.1998790956521739,-0.3763117826086956,0.495,0.957,True
530,occipital_protuberance,532.9019999999999,219.102,-0.2602714221739132,-0.34241277,0.4721999999999998,0.9488,True
530,tail_base,671.186,200.806,0.0898292391304348,-0.4585479347826087,0.424,0.9398,True
530,tail_tip,711.646,203.272,0.224672510869565,-0.4914785652173913,0.092,0.7694,True
530,withers,561.592,213.05,-0.2009801582608695,-0.3766711847826086,0.4958000000000002,0.9595,True
531,occipital_protuberance,531.672,219.582,-0.2632605895652173,-0.3412462656521739,0.4661999999999998,0.9538,True
531,tail_base,670.838,202.444,0.0891218199999999,-0.4553368400000001,0.4151999999999998,0.9614,True
531,tail_tip,708.642,225.496,0.2142227286956523,-0.4197694399999999,0.1093000000000001,0.9938,True
531,withers,561.1539999999999,212.856,-0.2021028665217394,-0.3771684573913043,0.4958000000000002,0.9605,True
532,occipital_protuberance,530.5840000000001,220.054,-0.2659998104347824,-0.3402208952173912,0.4684000000000001,0.9566,True
532,tail_base,670.938,203.538,0.0894444482608695,-0.4523452473913044,0.4176999999999998,1.0,True
532,tail_tip,699.496,241.704,0.1839331773913042,-0.3657146556521738,0.1738000000000001,0.8938,True
532,withers,560.6980000000001,212.686,-0.2034096299999997,-0.37786041,0.4851999999999998,0.9534,True
533,occipital_protuberance,529.604,220.462,-0.268574268695652,-0.3394716865217391,0.4613000000000001,0.9554,True
533,tail_base,671.134,204.382,0.0901193934782609,-0.4504464499999999,0.411,0.9767,True
533,tail_tip,687.8019999999999,249.736,0.1502645478260866,-0.3466124869565217,0.154,0.9599,True
533,withers,560.208,212.558,-0.2046664800000001,-0.3781887300000001,0.4851999999999998,0.9344,True
534,occipital_protuberance,528.8320000000001,220.878,-0.2706457460869563,-0.338701582173913,0.4571999999999998,0.9427,True
534,tail_base,671.4240000000001,204.63,0.0911842504347828,-0.4508432086956522,0.4044000000000001,0.9624,True
534,tail_tip,677.484,250.51800000000003,0.1209429408695653,-0.3532460530434781,0.0915999999999999,0.9551,True
534,withers,559.8779999999999,212.534,-0.2057393617391306,-0.3786670417391304,0.4825999999999999,0.95,True
535,occipital_protuberance,528.284,221.288,-0.272077032173913,-0.3378240295652173,0.4564000000000001,0.9575,True
535,tail_base,671.356,204.404,0.091511804347826,-0.4541035434782609,0.389,0.9909,True
535,tail_tip,674.33,247.534,0.1126247891304349,-0.3689618273913043,0.0453000000000001,0.9515,True
535,withers,559.566,212.608,-0.2067678369565216,-0.3788935652173913,0.48,0.9635,True
536,occipital_protuberance,527.836,221.648,-0.2732656408695652,-0.3370675791304348,0.4555999999999999,0.9659,True
536,tail_base,671.0939999999999,203.712,0.0905646547826085,-0.4552057878260869,0.3944000000000001,0.9713,True
536,tail_tip,679.3199999999999,243.496,0.1285934956521737,-0.3810187339130435,0.0476999999999998,0.9067,True
536,withers,559.3,212.708,-0.2074516304347827,-0.3786365,0.48,0.9622,True
537,occipital_protuberance,527.5799999999999,221.922,-0.2736205043478262,-0.3360698452173913,0.4578000000000002,0.9559,True
537,tail_base,670.89,202.964,0.0900846413043477,-0.4579647695652173,0.391,0.9755,True
537,tail_tip,690.3459999999999,238.528,0.1632961565217388,-0.3939917913043477,0.055,0.933,True
537,withers,559.096,212.762,-0.2079760434782608,-0.3784976847826087,0.477,0.968,True
538,occipital_protuberance,527.536,222.142,-0.2734342121739132,-0.3351747547826087,0.4541999999999998,0.9564,True
538,tail_base,670.7719999999999,202.294,0.0898542399999998,-0.46050152,0.3875999999999999,0.9675,True
538,tail_tip,704.24,230.348,0.2055261043478261,-0.4148018443478261,0.0405999999999999,0.8954,True
538,withers,558.972,212.802,-0.2081538860869565,-0.378138862173913,0.4785999999999999,0.9717,True
539,occipital_protuberance,527.698,222.206,-0.2729426869565218,-0.3348993304347827,0.461,0.9546,True
539,tail_base,670.586,201.61,0.0890916986956522,-0.4613625239130434,0.3941999999999998,0.9593,True
539,tail_tip,718.8599999999999,221.87000000000003,0.2496604739130431,-0.4373015630434781,-0.0015999999999999,0.8687,True
539,withers,559.0020000000001,212.784,-0.2079183443478258,-0.3778970713043477,0.4804000000000001,0.9803,True
540,occipital_protuberance,527.898,222.064,-0.2723591199999999,-0.3351245078260869,0.4618000000000001,0.9509,True
540,tail_base,670.768,200.892,0.0890666713043479,-0.4605830713043478,0.4108000000000001,0.957,True
540,tail_tip,729.0,212.28,0.2799436956521739,-0.4646436260869566,-0.0298000000000001,0.9505,True
540,withers,559.136,212.676,-0.2074161600000001,-0.37788606,0.4821999999999998,0.9761,True
541,occipital_protuberance,528.21,221.912,-0.2716010956521738,-0.3354938017391304,0.4618000000000001,0.9177,True
541,tail_base,671.076,200.402,0.0896339930434783,-0.4603361443478261,0.4204000000000001,0.9071,True
541,tail_tip,734.7120000000001,203.546,0.2995781739130438,-0.4948708043478261,-0.037,0.7635,True
541,withers,559.328,212.57200000000003,-0.2068535304347827,-0.3780246217391304,0.486,0.9614,True
542,occipital_protuberance,528.406,221.95,-0.2713917560869566,-0.335731597826087,0.4595999999999999,0.9211,True
542,tail_base,671.2239999999999,199.674,0.0903188139130432,-0.4637603817391304,0.4128000000000001,0.8953,True
542,tail_tip,735.348,194.12,0.304595404347826,-0.5299144782608696,0.079,0.9718,True
542,withers,559.53,212.532,-0.2061956282608696,-0.3778707208695652,0.4875999999999999,0.9561,True
543,occipital_protuberance,528.488,222.07200000000003,-0.2713862695652172,-0.3356747739130434,0.458,0.9217,True
543,tail_base,671.278,198.836,0.0907333982608696,-0.4675157426086956,0.4051999999999998,0.8941,True
543,tail_tip,734.174,187.06,0.3013363273913043,-0.5533704043478261,0.1231999999999998,0.9748,True
543,withers,559.7,212.504,-0.2057600217391303,-0.377942467826087,0.4875999999999999,0.9568,True
544,occipital_protuberance,528.508,222.326,-0.271701156521739,-0.3355055521739131,0.455,0.9038,True
544,tail_base,671.232,198.228,0.0906406956521738,-0.4694904782608695,0.4005,0.9164,True
544,tail_tip,730.71,179.102,0.2865055630434784,-0.5713624004347826,0.1401999999999998,0.9184,True
544,withers,559.7180000000001,212.608,-0.205713898695652,-0.3776759791304348,0.4875999999999999,0.953,True
545,occipital_protuberance,528.122,222.898,-0.2729093560869566,-0.3344394656521738,0.4528000000000002,0.8948,True
545,tail_base,671.1719999999999,197.576,0.0902226104347823,-0.4701115513043479,0.4076999999999998,0.9203,True
545,tail_tip,726.042,171.322,0.2661690565217392,-0.5836712913043478,0.117,0.9389,True
545,withers,559.672,212.818,-0.2059889321739129,-0.3774258417391304,0.4858000000000002,0.9528,True
546,occipital_protuberance,527.454,223.53000000000003,-0.2749058382608697,-0.3333428086956521,0.4468000000000002,0.8654,True
546,tail_base,671.0559999999999,196.928,0.0900961565217389,-0.473086052173913,0.4015,0.9236,True
546,tail_tip,721.138,163.17199999999997,0.2445605152173914,-0.5932652652173914,0.138,0.8886,True
546,withers,559.592,213.29,-0.2063514,-0.3765025108695651,0.484,0.9458,True
547,occipital_protuberance,526.598,224.08,-0.2774651108695653,-0.3325607826086956,0.443,0.9015,True
547,tail_base,671.024,196.516,0.0897065704347826,-0.47271754,0.4103000000000001,0.9477,True
547,tail_tip,718.0360000000001,158.422,0.2289338739130436,-0.5913685021739131,0.235,1.0,True
547,withers,559.312,213.752,-0.2071401286956521,-0.3754440504347826,0.4831999999999998,0.9541,True
548,occipital_protuberance,525.686,224.394,-0.2801687034782608,-0.3323526182608696,0.4361999999999998,0.9256,True
548,tail_base,670.944,196.188,0.0891792626086955,-0.4720990617391305,0.4190999999999999,0.9512,True
548,tail_tip,715.3480000000001,154.888,0.2152659600000002,-0.5859960660869565,0.3520999999999999,0.9907,True
548,withers,559.034,214.182,-0.2079946134782609,-0.374593762173913,0.4785999999999999,0.9353,True
549,occipital_protuberance,524.394,224.462,-0.2835362808695652,-0.3324216773913044,0.4345999999999999,0.9478,True
549,tail_base,670.8599999999999,195.834,0.0889707217391301,-0.4732977156521739,0.4180999999999999,0.9514,True
549,tail_tip,713.51,152.93400000000003,0.2067548652173912,-0.582395632173913,0.4029000000000001,0.9535,True
549,withers,558.692,214.48200000000003,-0.208943884347826,-0.3739496256521738,0.4778000000000001,0.9668,True
550,occipital_protuberance,523.6120000000001,224.308,-0.2857578417391303,-0.3331533582608696,0.4321999999999998,0.9398,True
550,tail_base,670.7719999999999,195.634,0.089071560869565,-0.475768106521739,0.4075,0.9599,True
550,tail_tip,712.594,151.74,0.2022058526086957,-0.5800946478260869,0.4344,0.9207,True
550,withers,558.382,214.762,-0.2097405169565218,-0.3732300865217391,0.4778000000000001,0.9817,True
551,occipital_protuberance,522.8700000000001,224.02400000000003,-0.2880888739130432,-0.33444184,0.4231999999999998,0.9399,True
551,tail_base,670.7,195.41,0.0890099782608697,-0.4772036586956522,0.4030999999999999,0.9655,True
551,tail_tip,711.9200000000001,150.812,0.198202139130435,-0.5764948426086957,0.4615999999999999,0.932,True
551,withers,558.104,214.782,-0.2103658991304346,-0.3730208452173912,0.4788000000000001,0.9912,True
552,occipital_protuberance,522.0939999999999,223.63,-0.2913303469565218,-0.3369524826086955,0.4128000000000001,0.9551,True
552,tail_base,670.616,195.21,0.0887664330434782,-0.4777835282608696,0.4030999999999999,0.9693,True
552,tail_tip,711.5899999999999,150.20600000000002,0.1950204978260867,-0.5715062204347825,0.4943000000000002,0.9276,True
552,withers,558.0260000000001,214.834,-0.2105662573913041,-0.3728872730434782,0.4788000000000001,0.9854,True
553,occipital_protuberance,521.374,223.27400000000003,-0.2955076813043478,-0.3405963552173913,0.3911999999999998,0.9606,True
553,tail_base,670.554,195.126,0.0885866734782608,-0.4780270734782608,0.4030999999999999,0.9722,True
553,tail_tip,711.764,150.05400000000003,0.1962589391304348,-0.5741566695652173,0.468,0.934,True
553,withers,557.9780000000001,214.908,-0.2106182313043476,-0.3725710226086957,0.4795999999999999,0.9894,True
554,occipital_protuberance,521.21,222.87000000000003,-0.2995315673913043,-0.3457762760869565,0.3631999999999998,0.9344,True
554,tail_base,670.438,195.144,0.088217264347826,-0.4777956939130434,0.4040999999999999,0.9696,True
554,tail_tip,711.868,149.733,0.1987697021739132,-0.5815482407608695,0.4395,0.9286,True
554,withers,558.0519999999999,215.014,-0.2104282121739132,-0.3722988330434782,0.4795999999999999,0.9863,True
555,occipital_protuberance,520.98,222.338,-0.3040702260869565,-0.3516964834782608,0.3325999999999999,0.9413,True
555,tail_base,670.2819999999999,195.198,0.0878704643478258,-0.478212412173913,0.4009000000000001,0.9736,True
555,tail_tip,711.924,149.11100000000002,0.2023331569565216,-0.5932628488043478,0.3719,0.9122,True
555,withers,558.1139999999999,215.174,-0.2101800004347828,-0.3717305613043479,0.4805999999999999,0.9888,True
556,occipital_protuberance,521.106,221.56800000000004,-0.3064880547826087,-0.3568536208695651,0.3114,0.9659,True
556,tail_base,670.192,195.228,0.0874649113043478,-0.4773373199999999,0.4053000000000001,0.9807,True
556,tail_tip,712.6780000000001,147.341,0.2071244002173916,-0.6060550348913044,0.3215999999999999,0.9308,False
556,withers,558.2,215.406,-0.2099592608695651,-0.371135077826087,0.4805999999999999,0.9782,True
557,occipital_protuberance,521.778,220.734,-0.3062463808695652,-0.3607594904347826,0.2998000000000002,0.9747,True
557,tail_base,670.042,195.27,0.0870695530434783,-0.4774305130434783,0.4040999999999999,0.9885,True
557,tail_tip,713.4300000000001,145.433,0.2127314989130437,-0.6216145925000001,0.2296999999999998,0.9368,True
557,withers,558.21,215.686,-0.2099335934782608,-0.3704163908695652,0.4805999999999999,0.9517,True
558,occipital_protuberance,522.618,219.886,-0.3042745582608694,-0.3631998556521739,0.2981999999999998,1.0,True
558,tail_base,669.888,195.21,0.0866232208695653,-0.4776044086956522,0.4040999999999999,0.9912,True
558,tail_tip,714.072,143.397,0.2170390113043478,-0.6346703338043479,0.1803000000000001,0.9703,True
558,withers,558.36,216.14,-0.2095485826086956,-0.3692510913043478,0.4805999999999999,0.9261,True
559,occipital_protuberance,523.004,218.98200000000003,-0.3015444730434782,-0.3634585669565217,0.3088000000000002,1.0,True
559,tail_base,669.7760000000001,195.028,0.0862986156521741,-0.478131892173913,0.4040999999999999,0.9942,True
559,tail_tip,714.88,141.4,0.2205053217391304,-0.6437294782608695,0.1298000000000002,0.9674,True
559,withers,558.512,216.62,-0.2091584382608697,-0.3680190565217392,0.4805999999999999,0.9091,True
560,occipital_protuberance,523.328,218.098,-0.2989846817391304,-0.3636392991304347,0.3199000000000001,1.0,True
560,tail_base,669.616,194.836,0.0857318817391303,-0.4781138747826086,0.4073000000000001,0.9961,True
560,tail_tip,715.7540000000001,139.672,0.2239189430434786,-0.6512608295652175,0.1105999999999999,0.9628,True
560,withers,558.75,217.016,-0.208476902173913,-0.3668782939130434,0.4814000000000001,0.9008,True
561,occipital_protuberance,523.562,217.274,-0.2975497152173912,-0.3647269847826088,0.3265,0.986,True
561,tail_base,669.306,194.638,0.0850765921739131,-0.480053075652174,0.3996999999999998,1.0,True
561,tail_tip,715.926,139.138,0.2245098808695653,-0.6530793313043478,0.1095999999999999,0.9472,True
561,withers,559.12,217.412,-0.2076154434782608,-0.3660171965217391,0.4804000000000001,0.8995,True
562,occipital_protuberance,523.6299999999999,216.344,-0.2968446913043481,-0.3664477182608696,0.3281999999999998,0.9715,True
562,tail_base,668.9599999999999,194.406,0.0841036173913041,-0.4809065752173913,0.3986999999999998,1.0,True
562,tail_tip,715.944,138.91,0.2241008382608694,-0.6524077521739131,0.1151999999999998,0.9503,True
562,withers,559.564,217.738,-0.2066330895652174,-0.3654587073913043,0.4785999999999999,0.8948,True
563,occipital_protuberance,523.8299999999999,215.498,-0.2958041760869567,-0.3679460708695652,0.3324000000000001,1.0,True
563,tail_base,668.4399999999999,194.23200000000003,0.082525460869565,-0.481015492173913,0.3974000000000001,1.0,True
563,tail_tip,715.998,139.01799999999997,0.2237975886956522,-0.6507439504347826,0.1208000000000001,0.9435,True
563,withers,559.944,217.97000000000003,-0.2055872886956522,-0.3647392152173912,0.4794000000000001,0.8908,True
564,occipital_protuberance,524.29,214.886,-0.2949598826086957,-0.3699145139130433,0.3248000000000002,1.0,True
564,tail_base,667.892,194.088,0.0808019113043479,-0.4806398504347825,0.4053000000000001,0.9968,True
564,tail_tip,715.886,139.46,0.2225604404347825,-0.6468054652173912,0.1318000000000002,0.9641,True
564,withers,560.2700000000001,218.204,-0.2048367695652171,-0.3642924191304347,0.4784000000000001,0.8867,True
565,occipital_protuberance,524.874,214.498,-0.2933460534782608,-0.370745422173913,0.3308000000000002,0.9901,True
565,tail_base,667.434,194.022,0.0793438991304346,-0.4800372417391304,0.4096999999999998,0.995,True
565,tail_tip,715.714,139.974,0.2201302252173914,-0.639701679130435,0.1551999999999998,0.9711,True
565,withers,560.454,218.432,-0.2047271943478262,-0.3643529460869565,0.4741999999999998,0.8992,True
566,occipital_protuberance,525.3199999999999,214.348,-0.2922096260869566,-0.3711276286956521,0.3308000000000002,0.9817,True
566,tail_base,667.17,193.976,0.078485860869565,-0.4795928069565217,0.4129000000000001,0.9853,True
566,tail_tip,715.534,140.52800000000002,0.2192620656521738,-0.6370890469565217,0.1684,0.9753,True
566,withers,560.452,218.558,-0.204507532173913,-0.3636289330434782,0.4768000000000001,0.9077,True
567,occipital_protuberance,525.604,214.362,-0.2912621634782608,-0.3708070121739131,0.3325999999999999,0.9743,True
567,tail_base,666.932,194.076,0.0777046747826087,-0.4787268104347826,0.4160999999999999,0.9849,True
567,tail_tip,715.436,140.92200000000005,0.2184528165217392,-0.6344213126086955,0.1748000000000001,0.9728,True
567,withers,560.394,218.698,-0.2045008917391304,-0.3629925508695651,0.4785999999999999,0.9003,True
568,occipital_protuberance,525.576,214.46,-0.2911344556521738,-0.3703043826086957,0.3341999999999998,0.9766,True
568,tail_base,666.8720000000001,194.16,0.0774731443478262,-0.4781239304347826,0.4180999999999999,0.9938,True
568,tail_tip,715.3299999999999,141.134,0.2176218195652172,-0.6322848421739131,0.1811999999999998,0.9698,True
568,withers,560.27,218.738,-0.204958097826087,-0.3631354673913043,0.477,0.8925,True
569,occipital_protuberance,525.368,214.502,-0.2915390799999999,-0.37003937,0.3351999999999998,0.9912,True
569,tail_base,666.864,194.276,0.0776077600000001,-0.4787622252173913,0.4126999999999998,0.9942,True
569,tail_tip,715.246,141.31799999999998,0.2171174256521738,-0.6309926491304348,0.1844000000000001,0.9746,True
569,withers,560.066,218.718,-0.2053956260869564,-0.3630333130434783,0.478,0.9071,True
570,occipital_protuberance,524.962,214.32200000000003,-0.2921715117391304,-0.3699904508695651,0.3384000000000001,0.9958,True
570,tail_base,666.8439999999999,194.354,0.0775499817391302,-0.4785368900000001,0.4126999999999998,0.9979,True
570,tail_tip,715.1940000000001,141.4632,0.216731993130435,-0.6298895688,0.1872799999999997,0.9697,True
570,withers,559.984,218.702,-0.2051714608695651,-0.362306502173913,0.483,0.9027,True
571,occipital_protuberance,524.4480000000001,214.18,-0.2930499199999997,-0.3698121999999999,0.3368000000000001,1.0,True
571,tail_base,666.686,194.524,0.0770297191304348,-0.4776500713043478,0.4149000000000001,0.9964,True
571,tail_tip,715.104,141.6316,0.2161819659130436,-0.6285591979826087,0.1908400000000001,0.9619,True
571,withers,559.884,218.694,-0.2054278739130434,-0.3623270152173913,0.483,0.9179,True
572,occipital_protuberance,524.018,214.074,-0.2935353139130434,-0.369319672173913,0.3415999999999999,1.0,True
572,tail_base,666.5040000000001,194.668,0.0764121843478264,-0.4766593443478261,0.4180999999999999,0.9943,True
572,tail_tip,714.986,141.83319999999998,0.2158553516521738,-0.6280168475826088,0.2056799999999998,0.954,False
572,withers,559.818,218.63,-0.20566683,-0.3626140499999999,0.4821999999999998,0.9151,True
573,occipital_protuberance,523.4300000000001,213.924,-0.2952261956521738,-0.369953347826087,0.34,1.0,True
573,tail_base,666.35,194.77400000000003,0.0758765434782609,-0.4757790426086956,0.4248000000000002,0.9959,True
573,tail_tip,714.8500000000001,142.052,0.215779532608696,-0.6283061799999999,0.2018000000000001,0.9516,False
573,withers,559.6320000000001,218.56,-0.2061439199999998,-0.3627936,0.4821999999999998,0.9242,True
574,occipital_protuberance,522.7239999999999,213.66400000000004,-0.297141691304348,-0.3707708869565216,0.333,1.0,True
574,tail_base,666.206,194.942,0.0753707347826087,-0.4747211608695652,0.428,0.9908,True
574,tail_tip,714.73,142.228,0.2160509282608696,-0.6295977886956522,0.1941999999999998,0.9527,False
574,withers,559.458,218.408,-0.206677775652174,-0.3633373843478262,0.4811999999999998,0.9335,True
575,occipital_protuberance,521.78,213.526,-0.3000732,-0.3717892226086956,0.3288000000000002,1.0,True
575,tail_base,665.988,195.212,0.074771995652174,-0.4741237347826086,0.427,0.994,True
575,tail_tip,714.596,142.3868,0.2159781231304347,-0.6300564441043478,0.1973200000000001,0.9504,False
575,withers,558.988,217.882,-0.2080247269565215,-0.364934307826087,0.4795999999999999,0.9407,True
576,occipital_protuberance,520.7139999999999,213.368,-0.3025715321739132,-0.3719352556521739,0.3279000000000001,0.9574,True
576,tail_base,665.8059999999999,195.586,0.0742483499999997,-0.4730476717391303,0.427,0.9949,True
576,tail_tip,714.422,142.6404,0.2155843553043478,-0.6296435091130435,0.19596,0.9433,True
576,withers,558.528,217.18400000000003,-0.2095070191304347,-0.3672544486956521,0.4761999999999998,0.9274,True
577,occipital_protuberance,518.8,213.468,-0.308506695652174,-0.3729876495652173,0.3171999999999998,0.9303,True
577,tail_base,665.674,196.108,0.0739243760869564,-0.4719020739130434,0.425,0.9914,True
577,tail_tip,714.116,142.9388,0.2157484535652173,-0.6318557157565218,0.18292,0.9366,True
577,withers,557.7900000000001,216.33,-0.211494160869565,-0.3696066913043477,0.4751999999999998,0.936,True
578,occipital_protuberance,516.754,213.89,-0.3138218256521738,-0.3720405282608695,0.3164,0.9309,True
578,tail_base,665.5799999999999,196.854,0.0738316652173911,-0.4708890091304348,0.4185999999999999,0.9863,True
578,tail_tip,713.862,143.112,0.2164798878260868,-0.6356704382608697,0.1645999999999999,0.9184,True
578,withers,556.8399999999999,215.47000000000003,-0.2140285304347828,-0.3719762326086956,0.4681999999999998,0.9456,True
579,occipital_protuberance,514.5319999999999,214.632,-0.3193433356521741,-0.3699931617391304,0.3114,0.8977,True
579,tail_base,665.414,197.718,0.0733801626086956,-0.4685716356521739,0.4175999999999999,0.9771,True
579,tail_tip,713.624,143.328,0.2187593113043479,-0.643798455652174,0.1424,0.8937,True
579,withers,555.424,214.522,-0.2176728834782609,-0.3744160960869566,0.4681999999999998,1.0,True
580,occipital_protuberance,512.0699999999999,215.952,-0.3258321478260871,-0.3668839930434782,0.3098000000000002,0.8957,True
580,tail_base,665.132,198.802,0.0725986991304346,-0.4656519617391305,0.4199000000000001,0.9477,True
580,tail_tip,713.518,143.808,0.2214809660869565,-0.6513018991304348,0.1044,0.905,True
580,withers,553.9440000000001,213.78000000000003,-0.2215754921739129,-0.3764847130434782,0.4611999999999998,1.0,True
581,occipital_protuberance,509.62,217.538,-0.3326390608695652,-0.3634639199999999,0.3118000000000002,0.9578,True
581,tail_base,664.962,199.972,0.0721076208695652,-0.462272187826087,0.4199000000000001,0.936,True
581,tail_tip,713.46,144.898,0.2250271434782609,-0.6589135395652174,0.0768000000000001,0.8919,True
581,withers,552.13,213.158,-0.2259214108695652,-0.3775435508695652,0.4585999999999999,0.9945,True
582,occipital_protuberance,507.208,219.264,-0.3397743130434783,-0.3601005913043479,0.299,1.0,True
582,tail_base,664.774,201.164,0.0719199991304348,-0.4611078139130435,0.4101999999999998,0.9419,True
582,tail_tip,713.24,146.964,0.2292412,-0.66680268,0.0384,0.928,True
582,withers,550.4860000000001,212.594,-0.2301482778260866,-0.3789936439130435,0.4525999999999999,1.0,True
583,occipital_protuberance,504.872,221.362,-0.3485714886956521,-0.3576257626086956,0.2798000000000001,0.9777,True
583,tail_base,664.204,202.546,0.0701495060869563,-0.4563427669565217,0.4145999999999999,0.9457,True
583,tail_tip,713.466,150.20999999999998,0.2354425591304348,-0.672331343478261,0.0085999999999999,0.921,True
583,withers,548.936,211.862,-0.234212648695652,-0.3810044952173912,0.4398000000000002,1.0,True
584,occipital_protuberance,502.282,223.62000000000003,-0.3596236121739131,-0.3561296869565217,0.2505999999999999,0.9403,True
584,tail_base,663.3340000000001,204.032,0.0676280191304349,-0.4520359513043478,0.4145999999999999,0.9441,True
584,tail_tip,714.9359999999999,156.218,0.2439818417391301,-0.6634876117391305,-0.0114,0.8926,True
584,withers,547.658,211.238,-0.2373992373913042,-0.3824476982608695,0.4318000000000002,1.0,True
585,occipital_protuberance,499.896,225.81,-0.3703314208695652,-0.3546991760869565,0.2211999999999998,0.9842,True
585,tail_base,662.3399999999999,205.174,0.0646694434782606,-0.4481876121739131,0.4213000000000002,0.9441,True
585,tail_tip,717.096,165.25,0.25376316,-0.6410238586956521,0.0073000000000001,0.887,True
585,withers,546.478,210.672,-0.2405955104347827,-0.3841625113043479,0.4151999999999998,1.0,True
586,occipital_protuberance,497.6940000000001,228.048,-0.3808232304347824,-0.3531150260869565,0.191,0.9423,True
586,tail_base,661.034,206.094,0.0608888573913043,-0.445524412173913,0.4213000000000002,0.9527,True
586,tail_tip,719.56,178.044,0.2608011391304346,-0.5964596791304348,0.0581999999999998,0.8614,True
586,withers,545.462,210.324,-0.24390804,-0.3861640799999999,0.3914000000000001,0.9655,True
587,occipital_protuberance,495.934,230.626,-0.3889468813043477,-0.3492816752173914,0.1751999999999998,0.9415,True
587,tail_base,659.42,206.864,0.0560098130434781,-0.4416641982608696,0.4310999999999999,0.9571,True
587,tail_tip,719.962,194.05,0.2572690434782608,-0.5339260869565217,0.044,0.9145,True
587,withers,544.164,210.314,-0.2480485686956521,-0.3874264165217391,0.3838000000000002,0.9365,True
588,occipital_protuberance,494.294,233.22200000000004,-0.3957184908695652,-0.3443125117391303,0.1544000000000001,0.9432,True
588,tail_base,657.6279999999999,207.276,0.0509257591304345,-0.441206355652174,0.4266999999999998,0.949,True
588,tail_tip,717.638,211.564,0.244576577826087,-0.4676056686956521,0.0263000000000001,0.9401,True
588,withers,542.392,210.79,-0.2532715408695651,-0.3871675130434782,0.3658000000000002,0.9924,True
589,occipital_protuberance,493.462,236.248,-0.3984240795652174,-0.3364709269565218,0.1575999999999999,1.0,True
589,tail_base,655.768,207.364,0.0456654991304348,-0.4420471286956522,0.4240999999999999,0.9161,True
589,tail_tip,711.954,227.84,0.2222283647826085,-0.4081732869565218,0.1185999999999999,0.9924,True
589,withers,540.554,211.788,-0.2584082691304348,-0.38512566,0.3454000000000001,1.0,True
590,occipital_protuberance,492.706,239.89,-0.400799782173913,-0.326829754347826,0.1555999999999999,0.9629,True
590,tail_base,653.658,207.412,0.0396972739130435,-0.4435003391304348,0.418,0.956,True
590,tail_tip,702.96,241.798,0.1942589739130436,-0.364704562173913,0.1619000000000001,0.9507,True
590,withers,538.5260000000001,213.382,-0.2640529956521737,-0.3815255347826087,0.342,0.9755,True
591,occipital_protuberance,491.53600000000006,243.894,-0.4045966747826084,-0.3164140904347826,0.1518000000000001,1.0,True
591,tail_base,651.174,207.356,0.0324653282608695,-0.4434971869565218,0.423,0.9791,True
591,tail_tip,692.8100000000001,251.37600000000003,0.1654215847826088,-0.3402528730434782,0.1571999999999998,0.9351,True
591,withers,536.2160000000001,215.26,-0.2704475669565214,-0.3771735608695652,0.3275999999999999,0.9189,True
592,occipital_protuberance,490.024,248.076,-0.4097931182608696,-0.305820164347826,0.1451999999999998,0.9402,True
592,tail_base,648.254,206.962,0.0242147239130435,-0.4489669152173913,0.4005,0.9225,True
592,tail_tip,685.902,255.522,0.1468464852173914,-0.3342387495652174,0.1028000000000001,0.9155,True
592,withers,533.72,217.574,-0.276351104347826,-0.3703385621739131,0.3268000000000002,0.923,True
593,occipital_protuberance,488.2360000000001,252.44,-0.4177798982608694,-0.2960939739130435,0.1264000000000001,0.933,True
593,tail_base,644.8620000000001,206.158,0.0142805395652176,-0.4518607091304348,0.3938000000000002,0.9423,True
593,tail_tip,682.7120000000001,254.89,0.1387211478260873,-0.341379,0.0615,0.9681,True
593,withers,531.104,220.414,-0.2828455234782607,-0.3625594626086956,0.3154,0.9354,True
594,occipital_protuberance,485.988,257.01800000000003,-0.4274502617391304,-0.2858198247826086,0.1135999999999999,0.9523,True
594,tail_base,641.222,205.052,0.0035804599999999,-0.45399764,0.3999000000000001,0.9745,True
594,tail_tip,682.8320000000001,249.826,0.1414200904347829,-0.3637658069565218,0.0154,0.8977,True
594,withers,528.028,223.69,-0.2913706173913042,-0.3547023260869566,0.303,0.9036,True
595,occipital_protuberance,483.57,260.986,-0.4380720130434782,-0.2772822495652174,0.0935999999999999,0.9845,True
595,tail_base,637.3820000000001,203.69,-0.0076616339130432,-0.4574446130434783,0.3955999999999999,1.0,True
595,tail_tip,685.7520000000001,240.074,0.1515485269565219,-0.3972418395652174,0.0020999999999999,0.9629,True
595,withers,524.6560000000001,227.114,-0.3000448486956519,-0.3456769295652174,0.2978000000000002,0.9807,True
596,occipital_protuberance,481.302,264.534,-0.4471488647826085,-0.2689858317391304,0.0828000000000001,0.9523,True
596,tail_base,633.8040000000001,202.09,-0.0182593426086953,-0.4653539043478261,0.3768000000000002,1.0,True
596,tail_tip,688.842,226.24,0.1617094913043477,-0.4428619130434781,0.0035,1.0,True
596,withers,521.312,230.514,-0.307763144347826,-0.3357628278260869,0.2944000000000001,0.9084,True
597,occipital_protuberance,479.4,267.706,-0.4546027391304347,-0.2612522117391305,0.0708000000000001,0.9727,True
597,tail_base,630.402,200.52,-0.0279343530434781,-0.4641561391304347,0.4104000000000001,0.9771,True
597,tail_tip,689.274,210.97000000000003,0.1599798239130435,-0.4838615326086956,0.066,0.9587,True
597,withers,518.044,233.8,-0.3157865034782608,-0.3267756956521738,0.2953000000000002,0.9339,True
598,occipital_protuberance,477.70200000000006,270.586,-0.4597972904347824,-0.2533137495652175,0.0685999999999999,0.9795,True
598,tail_base,627.1859999999999,199.244,-0.037294311304348,-0.4678698539130435,0.4184000000000001,0.9818,True
598,tail_tip,684.8520000000001,195.608,0.1404550130434785,-0.5147971217391304,0.165,0.9533,True
598,withers,515.03,236.67,-0.323590797826087,-0.3193442673913043,0.2928000000000001,0.9497,True
599,occipital_protuberance,476.09800000000007,272.852,-0.4629162573913042,-0.2461362643478261,0.0765999999999999,0.9253,True
599,tail_base,623.918,198.578,-0.0467881317391304,-0.4696327447826087,0.4194000000000001,0.9678,True
599,tail_tip,676.2760000000001,182.656,0.1099793686956523,-0.537660744347826,0.2638000000000002,0.9273,True
599,withers,512.396,238.918,-0.3299395600000001,-0.3130759365217392,0.2936999999999998,0.8903,True
600,occipital_protuberance,474.412,275.054,-0.4673181339130435,-0.2397323852173913,0.0810999999999999,0.9739,True
600,tail_base,621.01,198.216,-0.0550503586956521,-0.4689977478260869,0.421,0.9839,True
600,tail_tip,664.726,173.096,0.0741296230434782,-0.5603463182608696,0.3088000000000002,0.8885,True
600,withers,509.898,241.022,-0.3365116513043479,-0.3077391834782608,0.2904000000000001,0.9451,True
601,occipital_protuberance,472.58600000000007,277.556,-0.4734176765217389,-0.2331372939130435,0.0784000000000001,0.9524,True
601,tail_base,617.8439999999999,198.166,-0.0636214356521741,-0.4647098491304349,0.4391999999999998,0.9715,True
601,tail_tip,652.2520000000001,165.93,0.0360954573913045,-0.5717470956521739,0.3705999999999999,1.0,True
601,withers,507.4,243.16,-0.3436934347826087,-0.3028442,0.2824000000000001,0.952,True
602,occipital_protuberance,470.734,280.126,-0.4779188713043477,-0.2255225026086957,0.0824,0.9081,True
602,tail_base,614.516,198.384,-0.0729507200000001,-0.4626433669565217,0.4404,0.9644,True
602,tail_tip,641.59,160.078,0.0046683782608696,-0.586988376521739,0.3658000000000002,0.9719,True
602,withers,504.786,245.254,-0.350850935652174,-0.2977409252173914,0.2768000000000001,0.9513,True
603,occipital_protuberance,468.72,282.802,-0.4813340347826088,-0.216943162173913,0.0975999999999999,0.9939,True
603,tail_base,611.0319999999999,198.718,-0.0828232904347828,-0.4611262747826087,0.4435999999999999,0.9694,True
603,tail_tip,635.3520000000001,156.002,-0.0139035826086953,-0.610220104347826,0.1525,0.9822,True
603,withers,502.06000000000006,247.456,-0.3576544304347825,-0.2918070191304348,0.2760999999999999,0.9156,True
604,occipital_protuberance,466.484,285.446,-0.4859202417391303,-0.2087836147826086,0.1035999999999999,0.996,True
604,tail_base,607.714,198.958,-0.092387090869565,-0.4608251839130435,0.4344,0.9158,True
604,tail_tip,633.05,153.26,-0.0211174239130436,-0.6281749956521738,0.0405999999999999,0.9875,True
604,withers,499.058,249.79,-0.3656832108695652,-0.2859470326086956,0.2745,0.9256,True
605,occipital_protuberance,464.496,288.254,-0.4880155791304348,-0.1995006708695651,0.1218000000000001,0.9219,True
605,tail_base,603.608,199.416,-0.1037725791304349,-0.4579087669565218,0.4295999999999999,0.9433,True
605,tail_tip,634.266,152.506,-0.0175896682608696,-0.6365103986956521,0.0198000000000001,0.9268,True
605,withers,496.34,251.802,-0.3730163130434784,-0.2809384591304348,0.2726999999999998,0.9253,True
606,occipital_protuberance,462.382,291.392,-0.4915385086956522,-0.1898651826086956,0.129,0.9616,True
606,tail_base,598.966,200.206,-0.1160637769565217,-0.4519738552173913,0.4438000000000002,0.8852,True
606,tail_tip,637.688,156.266,-0.0072446017391304,-0.63839606,0.0511999999999998,0.9779,True
606,withers,493.474,253.884,-0.3800438491304347,-0.2752326078260869,0.2753000000000001,0.99,True
607,occipital_protuberance,460.36,294.65,-0.4959626086956522,-0.1804228260869566,0.13,1.0,True
607,tail_base,594.44,201.086,-0.1286673826086954,-0.4487938639130434,0.4338000000000002,0.9472,True
607,tail_tip,641.03,165.248,0.0032991347826086,-0.6237991234782609,0.1451999999999998,0.9355,True
607,withers,490.59,256.12800000000004,-0.3879463130434784,-0.2697059060869564,0.2756999999999998,0.9696,True
608,occipital_protuberance,458.464,298.018,-0.4994607860869566,-0.1705313460869565,0.1358000000000001,1.0,True
608,tail_base,590.4200000000001,201.884,-0.1391796826086954,-0.4438591104347826,0.4079000000000001,0.9781,True
608,tail_tip,642.896,177.066,0.0094674017391302,-0.5980351069565217,0.0844,0.9469,True
608,withers,487.674,258.47400000000005,-0.3958157995652174,-0.2638131039130433,0.2794000000000001,0.8868,True
609,occipital_protuberance,456.834,301.28799999999995,-0.5033879504347826,-0.1613558921739131,0.1305999999999999,0.9554,True
609,tail_base,586.392,202.448,-0.1494031652173911,-0.4390905739130434,0.3925,0.9872,True
609,tail_tip,643.446,189.17800000000005,0.0114519569565218,-0.5676860682608694,0.0270999999999999,0.9888,True
609,withers,485.0559999999999,260.934,-0.4030565008695653,-0.257700816521739,0.2768000000000001,0.9659,True
610,occipital_protuberance,455.22,304.584,-0.5072612695652174,-0.1521289669565217,0.1274000000000001,0.962,True
610,tail_base,582.492,202.698,-0.1596472086956522,-0.4366840304347825,0.377,0.9781,True
610,tail_tip,641.636,199.314,0.0054752652173911,-0.5377741239130435,0.009,0.9765,True
610,withers,482.31000000000006,264.142,-0.4114337782608694,-0.2501060252173913,0.2745999999999999,0.8593,True
611,occipital_protuberance,454.106,307.62600000000003,-0.5089050308695653,-0.1433795178260868,0.1294000000000001,0.9891,True
611,tail_base,579.0400000000001,202.612,-0.1686074086956519,-0.4353146791304347,0.3634000000000001,1.0,True
611,tail_tip,637.066,204.734,-0.009782976521739,-0.5177108495652174,0.0204,0.9668,True
611,withers,480.024,267.226,-0.4177112469565217,-0.2422409813043478,0.2728000000000002,0.9316,True
612,occipital_protuberance,453.298,310.524,-0.5105082078260871,-0.1352845930434782,0.1214,0.9905,True
612,tail_base,575.3199999999999,202.37,-0.1778700000000001,-0.4334825,0.349,0.9589,True
612,tail_tip,629.888,203.388,-0.0337938643478259,-0.5233904947826087,0.0134,0.9626,True
612,withers,477.9860000000001,270.154,-0.4228917604347825,-0.2345175917391304,0.2735999999999999,0.9402,True
613,occipital_protuberance,452.79,313.412,-0.5142984282608697,-0.1279853382608696,0.1180999999999999,0.9821,True
613,tail_base,571.816,202.236,-0.1861274973913042,-0.4306614234782608,0.3555999999999999,0.9958,True
613,tail_tip,618.754,197.179,-0.0698462249999999,-0.5352740375,0.0635,0.9641,True
613,withers,476.374,272.91,-0.4280242734782609,-0.2278160804347827,0.2684000000000001,0.9283,True
614,occipital_protuberance,453.292,316.558,-0.5140964191304347,-0.1196166026086956,0.1148000000000001,1.0,True
614,tail_base,568.74,202.09,-0.1936877782608695,-0.4292062456521738,0.3604000000000001,0.9967,True
614,tail_tip,603.572,187.239,-0.1154015282608695,-0.5472955809782608,0.1385,0.9776,True
614,withers,474.984,275.596,-0.4332746191304346,-0.2216155460869565,0.2644000000000001,0.9452,True
615,occipital_protuberance,454.1360000000001,319.66,-0.5115704573913041,-0.1110314652173913,0.1268000000000002,0.9457,True
615,tail_base,566.172,201.974,-0.1999775826086955,-0.4280443391304347,0.362,1.0,True
615,tail_tip,586.382,177.259,-0.1606150502173914,-0.5474086107608696,0.0410999999999999,0.9111,True
615,withers,474.004,277.62,-0.4370025130434782,-0.2168743043478261,0.258,0.9293,True
616,occipital_protuberance,455.172,323.02599999999995,-0.5087189799999999,-0.1017669160869566,0.1378000000000001,0.9436,True
616,tail_base,563.976,201.964,-0.2061572556521739,-0.4285524052173913,0.3471999999999998,1.0,True
616,tail_tip,569.624,169.195,-0.2014360008695651,-0.5461378331521739,0.0441999999999998,0.9416,True
616,withers,473.116,279.936,-0.4422788791304348,-0.2121870052173913,0.2478000000000002,0.9051,True
617,occipital_protuberance,456.33,326.36,-0.5053320695652173,-0.0925538782608695,0.1413000000000001,0.9486,True
617,tail_base,561.976,202.49,-0.2114959252173913,-0.4269548239130435,0.3421999999999998,0.9728,True
617,tail_tip,555.6299999999999,163.783,-0.2278448532608699,-0.5298925396739131,0.037,0.9344,True
617,withers,472.668,282.712,-0.4475767234782609,-0.2067285982608696,0.2251999999999998,0.9351,True
618,occipital_protuberance,457.774,329.884,-0.4993784686956521,-0.0825309339130434,0.1618000000000002,0.9751,True
618,tail_base,559.5260000000001,203.466,-0.2178921021739128,-0.4238328195652174,0.345,0.928,True
618,tail_tip,547.322,160.012,-0.2409829473913043,-0.5200122756521739,0.0458000000000001,0.9371,True
618,withers,472.45200000000006,285.906,-0.4518696713043477,-0.199828296521739,0.2098000000000001,0.941,True
619,occipital_protuberance,458.502,333.782,-0.4981725539130436,-0.0719627104347826,0.1743000000000001,0.9837,True
619,tail_base,556.7520000000001,204.92400000000004,-0.2244619443478259,-0.4181320930434781,0.3494000000000001,0.9822,True
619,tail_tip,545.0699999999999,158.064,-0.2437637304347827,-0.5185365286956523,0.0305999999999999,0.9066,True
619,withers,472.61,289.49,-0.4538452347826088,-0.1911740695652174,0.1965999999999999,0.9039,True
620,occipital_protuberance,459.198,338.132,-0.5001533586956523,-0.0604935434782608,0.157,0.9891,True
620,tail_base,554.25,206.748,-0.230443804347826,-0.411848092173913,0.3485999999999999,0.9173,True
620,tail_tip,548.094,156.929,-0.2376669180434781,-0.5251371914130435,0.0554,0.9565,True
620,withers,472.9,293.808,-0.4560013695652173,-0.180632212173913,0.1864000000000001,0.9061,True
621,occipital_protuberance,460.14,342.832,-0.5016921,-0.0478875234782608,0.1558000000000002,0.974,True
621,tail_base,551.768,208.964,-0.2371139095652173,-0.4058928330434782,0.3455999999999999,0.929,True
621,tail_tip,554.588,156.123,-0.2219876447826087,-0.5298807551086956,0.1879000000000001,0.8818,True
621,withers,473.45,298.492,-0.456890097826087,-0.1687324895652173,0.1731999999999998,0.9662,True
622,occipital_protuberance,461.236,347.512,-0.5017439139130435,-0.0350505582608695,0.1708000000000001,1.0,True
622,tail_base,549.6020000000001,211.068,-0.2414019634782606,-0.3977131930434783,0.3491999999999998,0.9637,True
622,tail_tip,563.158,158.339,-0.207665505,-0.5449888525000001,0.0646999999999998,0.8845,False
622,withers,474.074,302.526,-0.4570900591304349,-0.1583283756521739,0.1625999999999999,0.9604,True
623,occipital_protuberance,462.024,352.066,-0.5026274382608695,-0.0224066508695652,0.1668000000000001,0.9531,True
623,tail_base,547.222,213.246,-0.2470315095652174,-0.390748476521739,0.3504000000000001,0.9833,True
623,tail_tip,571.884,164.695,-0.1885702613043477,-0.5406764179347826,0.1170999999999999,0.9685,True
623,withers,474.726,306.574,-0.4572341139130434,-0.1478041904347827,0.1518000000000001,0.9547,True
624,occipital_protuberance,462.862,356.992,-0.502994903478261,-0.0085414121739129,0.1875999999999999,0.9593,True
624,tail_base,544.6560000000001,215.644,-0.2530346852173911,-0.3831082713043477,0.3464000000000001,0.9414,True
624,tail_tip,579.8799999999999,174.871,-0.172550934782609,-0.5313403527173912,0.1475,0.9402,True
624,withers,475.082,310.59000000000003,-0.4585437434782608,-0.1373812826086955,0.144,0.9584,True
625,occipital_protuberance,463.596,361.684,-0.5027130513043478,0.0047990339130433,0.1841999999999998,0.9271,True
625,tail_base,542.136,218.17200000000005,-0.2580418382608697,-0.3739634373913043,0.3391999999999998,0.9371,True
625,tail_tip,586.164,187.624,-0.1595535191304348,-0.5108700017391304,0.1524000000000001,0.9355,True
625,withers,475.15,314.558,-0.4610782826086957,-0.1270992982608695,0.1348000000000001,1.0,True
626,occipital_protuberance,463.828,365.514,-0.5030476565217391,0.0157448673913043,0.182,0.919,True
626,tail_base,539.482,220.694,-0.2625923491304348,-0.3639217830434782,0.3495999999999999,0.9748,True
626,tail_tip,590.05,202.33,-0.1518262826086958,-0.4792482478260869,0.1940999999999999,0.9345,True
626,withers,474.858,318.044,-0.4631515091304347,-0.1176683382608695,0.1388000000000001,0.9898,True
627,occipital_protuberance,463.8179999999999,369.754,-0.5057189408695655,0.0279982208695652,0.1771999999999998,0.923,True
627,tail_base,536.5780000000001,223.346,-0.2717300634782606,-0.3590435313043477,0.3103000000000002,0.9169,True
627,tail_tip,591.106,215.536,-0.1495306069565217,-0.4418085982608696,0.1904000000000001,0.9713,True
627,withers,474.346,321.686,-0.4653076813043477,-0.1076206943478261,0.1463000000000001,0.9538,True
628,occipital_protuberance,463.698,374.0220000000001,-0.5078647395652173,0.0403925047826088,0.1798000000000001,0.9352,True
628,tail_base,534.034,225.968,-0.2786214717391305,-0.3524167478260869,0.303,0.9382,True
628,tail_tip,589.782,224.67400000000004,-0.1562216478260868,-0.4209815347826086,0.1285,0.9458,True
628,withers,473.726,325.274,-0.4649165626086957,-0.0970969156521739,0.1695999999999999,0.9498,True
629,occipital_protuberance,463.452,378.04,-0.5099934400000002,0.0521120695652174,0.1784000000000001,0.9001,True
629,tail_base,531.586,228.164,-0.2857887313043478,-0.34753116,0.2798000000000001,0.9818,True
629,tail_tip,586.5519999999999,228.368,-0.1669901426086959,-0.4112641530434782,0.0825999999999999,0.9977,True
629,withers,472.9860000000001,328.718,-0.4642989199999999,-0.0869639600000001,0.2014,0.908,True
630,occipital_protuberance,463.15,381.892,-0.5117116304347826,0.0633440260869565,0.183,0.9067,True
630,tail_base,528.912,230.468,-0.293344768695652,-0.3420489573913044,0.2645999999999999,0.9283,True
630,tail_tip,581.662,226.432,-0.1821033352173912,-0.4169354156521739,0.0391999999999998,0.9483,True
630,withers,472.198,332.01000000000005,-0.4616014147826086,-0.0769968391304346,0.2341999999999998,0.9595,True
631,occipital_protuberance,462.974,386.024,-0.5128751091304348,0.0753960539130434,0.1885999999999999,0.9156,True
631,tail_base,525.95,233.04,-0.3024804347826085,-0.3367200000000001,0.246,0.945,True
631,tail_tip,575.09,219.99,-0.2001062413043477,-0.4316264804347825,0.0748000000000001,0.9947,True
631,withers,471.378,335.446,-0.46118117,-0.0671551899999999,0.2598000000000002,0.9043,True
632,occipital_protuberance,462.55,389.886,-0.5144892717391304,0.0866499091304348,0.1745999999999999,0.9478,True
632,tail_base,523.2940000000001,235.82,-0.3066830713043475,-0.3263234434782608,0.2654000000000001,0.9955,True
632,tail_tip,564.562,211.78000000000003,-0.2256416178260869,-0.4433389086956521,0.1091999999999998,0.9296,True
632,withers,470.292,339.171,-0.4619746904347825,-0.0567001604347826,0.2745999999999999,0.9775,True
633,occipital_protuberance,462.274,393.7720000000001,-0.5161394856521739,0.0980782930434784,0.1701999999999998,0.9533,True
633,tail_base,520.738,238.924,-0.3113515995652173,-0.3160873226086957,0.2756999999999998,0.9226,True
633,tail_tip,552.018,206.058,-0.2563145178260868,-0.4484732047826086,0.1258000000000002,0.9504,True
633,withers,468.9599999999999,342.845,-0.4661211826086958,-0.0467511043478261,0.2748000000000001,0.9508,True
634,occipital_protuberance,461.79,397.424,-0.5179712391304349,0.1087736695652173,0.174,0.9955,True
634,tail_base,518.338,242.398,-0.3154219591304348,-0.3048959678260869,0.2898000000000001,0.9552,True
634,tail_tip,536.956,203.748,-0.2928689686956521,-0.4440953582608696,0.0651999999999998,0.9169,True
634,withers,467.376,346.797,-0.4749411617391302,-0.0363254713043477,0.2508000000000002,0.9448,False
635,occipital_protuberance,461.122,400.99000000000007,-0.5194850439130435,0.1190403065217393,0.1701999999999998,0.9489,True
635,tail_base,515.6720000000001,246.08,-0.3210635460869562,-0.2941860173913043,0.2991999999999998,0.9835,True
635,tail_tip,522.702,204.424,-0.3270829230434782,-0.4338202939130434,0.0720999999999999,0.9363,True
635,withers,465.78600000000006,350.357,-0.4811336208695651,-0.0266314504347825,0.2531999999999998,0.9496,True
636,occipital_protuberance,460.178,404.756,-0.5219919926086957,0.129918884347826,0.1714,0.9774,True
636,tail_base,513.1600000000001,249.87600000000003,-0.3265578521739128,-0.2835214199999999,0.3064000000000001,0.9531,True
636,tail_tip,511.06,207.284,-0.3569395565217393,-0.4227577269565217,0.0441999999999998,0.9387,True
636,withers,464.224,353.941,-0.4874727026086957,-0.0168031876086957,0.2485999999999999,0.9171,True
637,occipital_protuberance,459.286,408.958,-0.5241884569565219,0.1420101291304347,0.1704,0.9358,True
637,tail_base,510.576,253.56,-0.3328447652173912,-0.2737359130434783,0.3065,0.9821,True
637,tail_tip,504.974,210.582,-0.3785424556521738,-0.4188901147826085,0.0218000000000001,0.9601,True
637,withers,462.82,357.766,-0.4930611260869565,-0.0062168334782609,0.2458000000000001,0.9471,True
638,occipital_protuberance,458.076,413.09800000000007,-0.528963804347826,0.1543882065217393,0.161,0.9907,True
638,tail_base,507.958,256.83,-0.3395775782608696,-0.2653263260869565,0.3065,1.0,True
638,tail_tip,503.616,212.926,-0.3861149634782609,-0.4163792830434782,0.0249,0.9759,True
638,withers,461.584,361.594,-0.4974703513043477,0.0044444878260869,0.2288000000000001,0.9491,True
639,occipital_protuberance,457.128,416.7900000000001,-0.5317202173913044,0.1651230978260871,0.176,0.9593,True
639,tail_base,505.4700000000001,260.086,-0.3458298369565216,-0.2568441413043479,0.3075,0.9968,True
639,tail_tip,508.292,214.676,-0.3752246391304347,-0.4140154391304347,0.027,0.9123,True
639,withers,460.762,364.96,-0.4983595695652174,0.013790956521739,0.2125,0.9977,True
640,occipital_protuberance,456.258,420.65,-0.5357677056521739,0.1768474891304347,0.1714,0.9193,True
640,tail_base,503.552,263.17999999999995,-0.3515315756521738,-0.2494377869565218,0.3023000000000002,0.951,True
640,tail_tip,515.7239999999999,216.088,-0.3535111869565219,-0.4093670695652173,0.0445,0.9359,True
640,withers,460.0753333333333,368.5093333333333,-0.5025634928502415,0.0237681712077293,0.2062666666666668,0.9461,True
641,occipital_protuberance,455.722,424.036,-0.5377712765217391,0.186873753043478,0.1761999999999998,0.8905,True
641,tail_base,502.02,266.0559999999999,-0.3545786043478261,-0.2414156573913045,0.3083000000000002,0.9701,True
641,tail_tip,523.58,218.048,-0.3289624260869563,-0.4011069773913042,0.0779000000000001,0.9673,True
641,withers,459.49,371.942,-0.5064482739130436,0.0335050982608695,0.1778000000000001,0.9754,True
642,occipital_protuberance,455.572,427.046,-0.5386099460869566,0.1958034704347826,0.1801999999999998,0.945,True
642,tail_base,500.716,268.86,-0.3580507173913043,-0.2342892391304347,0.31,0.992,True
642,tail_tip,530.7059999999999,220.424,-0.3024355056521742,-0.3862310660869566,0.1591999999999998,0.9187,True
642,withers,459.056,374.994,-0.5100654017391303,0.0422667821739131,0.1770999999999999,0.9535,False
643,occipital_protuberance,455.906,429.862,-0.536553969130435,0.2036173552173912,0.1825999999999999,0.9358,True
643,tail_base,499.564,271.442,-0.3608594608695651,-0.2275555565217391,0.3135,0.9399,True
643,tail_tip,535.4219999999999,222.126,-0.2831108334782611,-0.3732488960869565,0.2344,0.9605,True
643,withers,458.712,377.88,-0.5148579200000001,0.0507791999999999,0.1691999999999998,1.0,False
644,occipital_protuberance,456.22800000000007,432.662,-0.5360549339130433,0.2119518947826086,0.1774,0.9164,True
644,tail_base,498.354,273.812,-0.3655698504347827,-0.2224399860869564,0.3115999999999999,0.9482,True
644,tail_tip,535.3979999999999,223.664,-0.2763084569565219,-0.3601345078260869,0.2973000000000002,0.9431,True
644,withers,458.572,380.976,-0.5166753913043478,0.059736,0.183,0.9911,True
645,occipital_protuberance,456.968,435.404,-0.5368408139130434,0.2211632104347825,0.1685999999999999,0.988,True
645,tail_base,497.258,275.88,-0.3689260082608696,-0.2174136260869565,0.3131999999999998,0.9315,True
645,tail_tip,530.828,225.804,-0.2836098695652175,-0.3486178695652174,0.315,0.9255,True
645,withers,458.4786666666667,384.0606666666667,-0.5165991916908212,0.0684752625120773,0.1937333333333331,0.9236,True
646,occipital_protuberance,457.822,438.398,-0.5376627234782608,0.2313763582608696,0.1518000000000001,0.9694,True
646,tail_base,495.78600000000006,278.014,-0.3768061013043477,-0.2142151595652174,0.2901999999999998,0.9154,True
646,tail_tip,523.504,228.598,-0.3020285426086956,-0.3406739678260869,0.3033000000000002,0.948,True
646,withers,458.566,387.01,-0.5181123965217391,0.0771311652173912,0.1908000000000002,0.9759,True
647,occipital_protuberance,458.388,441.182,-0.5391112739130434,0.2409870021739129,0.161,0.9732,True
647,tail_base,494.2055,279.8985,-0.3857928483967391,-0.2119598876902173,0.2650500000000002,0.9054,True
647,tail_tip,514.0219999999999,231.976,-0.3332665830434785,-0.3386791426086957,0.2436999999999998,0.9282,True
647,withers,458.838,389.758,-0.5177294895652172,0.0850431886956521,0.1888000000000002,0.9622,True
648,occipital_protuberance,459.008,443.854,-0.5385692382608697,0.2495203373913043,0.1804000000000001,1.0,True
648,tail_base,492.6365,281.8335,-0.395598917527174,-0.2098388188858695,0.22975,0.9795,True
648,tail_tip,503.654,235.468,-0.3685491660869566,-0.3366154104347826,0.1771999999999998,0.9725,True
648,withers,459.446,392.584,-0.5166199452173913,0.093232740869565,0.1855999999999999,0.9753,True
649,occipital_protuberance,459.628,446.812,-0.5362930095652174,0.2581147226086957,0.2145999999999999,0.9713,True
649,tail_base,491.125,283.717,-0.4044383559782609,-0.2072327194565218,0.2026999999999998,0.9512,False
649,tail_tip,494.728,237.18400000000003,-0.4002559408695654,-0.3383847791304347,0.1241999999999998,0.9546,True
649,withers,460.068,395.366,-0.5160919147826086,0.1014389139130434,0.1971999999999998,1.0,True
650,occipital_protuberance,460.348,449.454,-0.5300124547826088,0.2639087465217392,0.2038000000000001,0.9805,True
650,tail_base,489.3850000000001,285.595,-0.4157465135869563,-0.2053820625,0.1625,0.911,False
650,tail_tip,487.774,237.216,-0.4213350939130435,-0.3398447582608696,0.1065999999999999,0.9727,True
650,withers,461.0220000000001,398.238,-0.5160013556521738,0.1102418165217391,0.1835999999999999,0.9816,True
651,occipital_protuberance,461.206,451.9860000000001,-0.5237886834782609,0.2694789860869566,0.2228000000000002,1.0,True
651,tail_base,487.867,286.871,-0.4252282711956521,-0.2044035038043478,0.1305,0.902,False
651,tail_tip,481.454,236.188,-0.4347607052173913,-0.3395140365217391,0.1226999999999998,0.9286,True
651,withers,461.96,401.086,-0.5141485565217391,0.1186492226086957,0.1971999999999998,0.9379,True
652,occipital_protuberance,462.542,454.374,-0.5170586030434782,0.2749771134782608,0.2114000000000001,0.9601,True
652,tail_base,486.4655,288.6325,-0.4316405516576088,-0.2006396417119565,0.1155500000000001,0.909,True
652,tail_tip,474.48,236.348,-0.4465441739130434,-0.3335915913043478,0.119,0.9208,True
652,withers,463.21,403.68,-0.5123835391304347,0.1265960347826087,0.1975999999999999,0.9567,True
653,occipital_protuberance,464.06000000000006,456.65,-0.514586252173913,0.2826802391304348,0.1761999999999998,0.9113,True
653,tail_base,485.2405,290.5775,-0.4376918272010869,-0.1963411672554348,0.0975500000000001,0.9016,True
653,tail_tip,466.484,237.36,-0.4577804730434782,-0.3235563130434783,0.0963000000000001,0.9086,True
653,withers,464.73,405.892,-0.5107215391304347,0.1337252973913043,0.1981999999999998,0.9131,True
654,occipital_protuberance,466.286,458.848,-0.5125695917391305,0.2916660660869564,0.1399,0.9627,True
654,tail_base,484.12,292.822,-0.4426991999999999,-0.19078552,0.0866999999999998,0.952,True
654,tail_tip,458.596,243.044,-0.4701124095652174,-0.303094016521739,0.1348000000000001,0.8809,True
654,withers,466.284,407.832,-0.5119712634782609,0.1409692226086956,0.1745999999999999,0.9158,True
655,occipital_protuberance,468.81,461.168,-0.5112998717391306,0.3021624243478261,0.1191999999999998,0.9909,True
655,tail_base,483.218,295.386,-0.445772125652174,-0.1837144578260869,0.0811999999999998,0.9187,True
655,tail_tip,447.158,249.658,-0.4938432086956521,-0.2825714695652174,0.114,0.8891,True
655,withers,467.976,409.512,-0.5129306921739131,0.1476318678260869,0.1488000000000001,0.939,True
656,occipital_protuberance,471.36,463.304,-0.5122623304347825,0.313797128695652,0.0939000000000001,0.897,True
656,tail_base,482.45200000000006,298.216,-0.4463403339130434,-0.1750367582608695,0.0845999999999999,0.9615,True
656,tail_tip,437.332,257.11800000000005,-0.5186538469565218,-0.2632884573913042,0.0175999999999999,0.9021,True
656,withers,470.102,411.488,-0.5132027630434781,0.1555273391304348,0.116,0.9587,True
657,occipital_protuberance,473.96400000000006,465.25,-0.5120044913043477,0.3245589673913044,0.1635,0.9908,True
657,tail_base,481.798,300.862,-0.4497751643478262,-0.1681319052173912,0.0754,0.9608,True
657,tail_tip,430.00200000000007,262.28000000000003,-0.5319340643478259,-0.2475290086956521,0.0035999999999999,0.9248,True
657,withers,472.226,413.844,-0.5130966591304348,0.1646689982608693,0.0844,0.9358,True
658,occipital_protuberance,476.92,467.336,-0.5085259826086959,0.334701648695652,0.2376999999999998,1.0,True
658,tail_base,481.276,303.446,-0.4494994669565217,-0.1601584691304347,0.0855999999999999,0.8849,True
658,tail_tip,425.254,265.45,-0.5414867073913043,-0.2384098804347826,-0.0098000000000001,0.9343,True
658,withers,474.138,416.50200000000007,-0.5095569095652174,0.1735839704347828,0.0845999999999999,0.9143,True
659,occipital_protuberance,479.594,469.552,-0.5051742873913047,0.3450173530434783,0.2840999999999999,0.9658,True
659,tail_base,480.8,305.72,-0.4490824347826086,-0.1531168,0.0958000000000001,0.8941,True
659,tail_tip,424.128,264.95,-0.5443259408695652,-0.2396706413043479,-0.0228000000000001,0.9424,True
659,withers,475.901,419.198,-0.5040336458695652,0.1818279439130434,0.0721999999999998,0.9821,True
660,occipital_protuberance,482.66399999999993,471.626,-0.4963608765217394,0.352155763478261,0.3065999999999999,0.9603,True
660,tail_base,480.276,307.66,-0.4505605704347825,-0.1476443130434783,0.0958000000000001,0.9086,True
660,tail_tip,430.904,263.908,-0.5387858452173914,-0.247604016521739,-0.0345999999999999,0.925,True
660,withers,477.291,421.85,-0.4997642306521739,0.1899736195652174,0.0721999999999998,0.9576,True
661,occipital_protuberance,485.887,473.552,-0.4840320798913043,0.3566396782608696,0.2995,0.9862,True
661,tail_base,479.792,309.45,-0.4507068973913042,-0.1422103369565217,0.1028000000000001,0.917,True
661,tail_tip,438.67,260.602,-0.5298042717391305,-0.261567997826087,-0.032,0.9546,True
661,withers,478.311,423.968,-0.4949440889130433,0.1958116104347824,0.0788000000000001,0.9336,False
662,occipital_protuberance,489.081,475.496,-0.4709821096739131,0.3604353973913042,0.2764000000000001,0.9909,True
662,tail_base,479.2,310.934,-0.4521975652173913,-0.1379821252173912,0.1038000000000001,0.9145,True
662,tail_tip,450.782,257.19199999999995,-0.5138914073913043,-0.2792131182608697,0.0224,0.8868,True
662,withers,479.212,426.091,-0.4901936765217392,0.2014913443478261,0.0931999999999998,0.9682,True
663,occipital_protuberance,491.723,477.00200000000007,-0.459900455978261,0.362896964130435,0.257,1.0,False
663,tail_base,478.5299999999999,312.26,-0.4554858086956523,-0.1346683130434782,0.0988000000000001,0.9128,True
663,tail_tip,466.986,254.692,-0.4830099539130435,-0.2939924643478261,0.0845999999999999,1.0,True
663,withers,480.146,428.169,-0.4865121739130434,0.2074708695652175,0.092,0.9537,True
664,occipital_protuberance,494.26900000000006,477.954,-0.4489940429347823,0.3634137097826087,0.25,0.9284,True
664,tail_base,477.875,313.668,-0.4583908152173913,-0.1309986939130434,0.0928000000000001,0.9484,True
664,tail_tip,483.742,254.99,-0.445641022173913,-0.2994839543478261,0.0401999999999998,0.9419,True
664,withers,481.02699999999993,430.30300000000005,-0.4809278843478262,0.2126818582608697,0.1148000000000001,0.9378,False
665,occipital_protuberance,496.195,478.72,-0.4415282429347826,0.3645091130434781,0.2423000000000001,0.8997,True
665,tail_base,477.215,315.16200000000003,-0.4597260728260869,-0.1266283604347825,0.1038000000000001,0.9688,True
665,tail_tip,497.708,258.93,-0.4027172930434783,-0.2860500717391304,0.0661999999999998,0.9181,True
665,withers,481.949,432.073,-0.4766955595652176,0.2173784352173914,0.1331999999999998,0.9176,True
666,occipital_protuberance,498.06,479.264,-0.4355089478260871,0.3659330643478259,0.2336999999999998,0.9393,True
666,tail_base,476.649,316.76000000000005,-0.4606143089130434,-0.1219273999999998,0.1078000000000001,0.9535,False
666,tail_tip,511.634,266.496,-0.3641687608695651,-0.2652667826086957,0.065,0.8719,True
666,withers,482.697,433.731,-0.4736188152173913,0.2219944239130433,0.1345,0.9653,True
667,occipital_protuberance,500.008,479.6139999999999,-0.429897172173913,0.3673189921739127,0.2243000000000002,0.9572,True
667,tail_base,476.099,318.33600000000007,-0.4578895110869565,-0.1163965356521737,0.1488000000000001,0.9411,True
667,tail_tip,521.658,275.896,-0.3354481169565217,-0.2383982730434782,0.0781999999999998,0.9517,True
667,withers,483.088,435.214,-0.4733625704347826,0.2269010169565216,0.1390999999999999,0.9675,True
668,occipital_protuberance,501.944,479.86,-0.423051603478261,0.3672927304347826,0.2233000000000002,0.9427,True
668,tail_base,475.352,319.845,-0.4565223730434781,-0.111338466847826,0.1680999999999999,0.9521,True
668,tail_tip,527.232,285.602,-0.3199179130434783,-0.2110638913043478,0.084,0.9521,True
668,withers,483.25,436.286,-0.4747139673913043,0.2310304926086955,0.1383000000000001,0.9794,True
669,occipital_protuberance,503.86,480.164,-0.4170027391304348,0.3680675565217393,0.214,0.9342,True
669,tail_base,474.473,321.179,-0.4557570040217392,-0.1068885598913044,0.1974000000000001,0.9903,True
669,tail_tip,528.7099999999999,292.36,-0.3162571478260871,-0.1922152347826086,0.0795999999999999,0.9979,True
669,withers,483.496,436.906,-0.4779496069565218,0.2348642365217389,0.1149,0.9752,True
670,occipital_protuberance,505.4,480.37700000000007,-0.4130756956521739,0.3694265454347827,0.1945999999999999,0.955,True
670,tail_base,473.447,322.19300000000004,-0.4564095307608696,-0.1036035083695651,0.2149000000000001,0.9982,False
670,tail_tip,528.3399999999999,295.03,-0.3230129608695654,-0.1879469108695653,0.0295999999999999,1.0,True
670,withers,483.716,437.6,-0.4767001747826087,0.2366968695652174,0.1308000000000002,0.9775,True
671,occipital_protuberance,506.54,480.655,-0.4100993695652175,0.3707518315217392,0.177,0.9848,True
671,tail_base,472.2176666666666,323.03833333333336,-0.4598390956642513,-0.1013004112922704,0.2205666666666666,0.9781,True
671,tail_tip,525.6600000000001,294.14399999999995,-0.3318097086956519,-0.1911112486956523,0.0211999999999998,0.918,True
671,withers,483.986,438.206,-0.4775045882608696,0.2393613639130435,0.1116999999999998,0.9781,True
672,occipital_protuberance,507.16,481.141,-0.4087140260869564,0.3727192549999998,0.1734,0.9831,False
672,tail_base,470.893,323.785,-0.4659449285869564,-0.0997841342391305,0.2180999999999999,0.962,True
672,tail_tip,521.0200000000001,290.838,-0.3447057521739127,-0.2003743421739129,0.0285999999999999,0.9789,True
672,withers,484.392,438.602,-0.4756530626086956,0.2402658091304348,0.1153000000000001,0.9557,True
673,occipital_protuberance,507.53,481.847,-0.4087851413043477,0.3760039489130436,0.165,0.996,True
673,tail_base,469.576,324.51,-0.4731488921739129,-0.0985310413043478,0.1988000000000001,0.9945,False
673,tail_tip,514.942,286.55,-0.3612816873913043,-0.2121906630434782,0.0391999999999998,0.9796,True
673,withers,484.62,439.092,-0.4745507869565217,0.241557284347826,0.1276999999999998,0.9572,True
674,occipital_protuberance,507.622,482.599,-0.4117819134782608,0.3813628458695652,0.1321999999999998,1.0,True
674,tail_base,468.278,325.06600000000003,-0.4795150195652174,-0.0975493978260868,0.19,0.9932,False
674,tail_tip,507.09,282.494,-0.3780422695652174,-0.2204540226086957,0.0851999999999998,0.9566,True
674,withers,484.676,439.718,-0.4735693695652173,0.24305325,0.1325,0.9295,True
675,occipital_protuberance,507.716,483.222,-0.4101954295652174,0.3820953495652175,0.1411999999999998,1.0,True
675,tail_base,466.982,325.708,-0.4848265260869565,-0.096092147826087,0.178,0.9652,True
675,tail_tip,497.698,279.4,-0.3989405634782607,-0.2259603478260869,0.1203000000000001,1.0,True
675,withers,484.636,440.276,-0.4731171547826088,0.2444578713043478,0.1454,0.9225,True
676,occipital_protuberance,507.936,484.02,-0.408307436521739,0.3834374869565217,0.1225999999999999,1.0,True
676,tail_base,465.7313333333333,326.51866666666666,-0.4913366146859904,-0.094397950531401,0.1651333333333332,0.9637,True
676,tail_tip,487.386,277.60600000000005,-0.4237692656521739,-0.2287866439130433,0.1394,0.944,True
676,withers,484.511,440.946,-0.4717063032608696,0.2455655282608696,0.156,0.9359,True
677,occipital_protuberance,508.006,484.548,-0.4080910147826087,0.3850699252173912,0.1225999999999999,1.0,True
677,tail_base,464.622,327.408,-0.4947184626086955,-0.0919377808695651,0.1578000000000002,0.9225,True
677,tail_tip,475.086,278.624,-0.4499642639130435,-0.2220326469565218,0.1758000000000001,0.9844,True
677,withers,484.251,441.58600000000007,-0.4729013658695651,0.2477199265217393,0.1535999999999999,0.9333,True
678,occipital_protuberance,508.058,485.0299999999999,-0.407586047826087,0.3862339782608693,0.125,1.0,True
678,tail_base,463.796,328.302,-0.4974698582608695,-0.0894917230434782,0.1445999999999999,0.8881,True
678,tail_tip,463.418,281.48400000000004,-0.4741610573913044,-0.210832528695652,0.2045999999999999,0.9597,True
678,withers,484.145,441.982,-0.4728166358695652,0.2487084369565216,0.166,0.9555,False
679,occipital_protuberance,507.89400000000006,485.436,-0.4049910460869564,0.3845431460869565,0.1635999999999999,1.0,True
679,tail_base,463.292,329.238,-0.4996610773913042,-0.0869828986956521,0.1405999999999999,0.9339,True
679,tail_tip,453.276,284.47,-0.4982689347826087,-0.2015501630434783,0.136,0.6423,True
679,withers,484.177,442.142,-0.4715000732608697,0.2485509778260869,0.1731999999999998,0.9494,True
680,occipital_protuberance,507.676,486.02199999999993,-0.4075866860869564,0.3881751560869563,0.1501999999999998,1.0,True
680,tail_base,463.102,330.012,-0.5019673030434781,-0.0850942095652173,0.1369,0.9599,True
680,tail_tip,444.7720000000001,287.07,-0.515444360869565,-0.1925510543478261,0.078,0.907,True
680,withers,484.367,442.506,-0.4739024849999999,0.2512307700000001,0.1555999999999999,0.9464,True
681,occipital_protuberance,507.3280000000001,486.474,-0.4102160556521736,0.3910521091304347,0.1394,0.9908,True
681,tail_base,463.304,330.482,-0.5015861669565218,-0.0837926182608696,0.1359000000000001,0.9527,True
681,tail_tip,437.656,288.468,-0.5260944000000001,-0.1859832000000001,0.01,0.9733,True
681,withers,484.64,442.82,-0.4730374260869565,0.2521688956521739,0.1558000000000002,0.9498,True
682,occipital_protuberance,507.1360000000001,487.02,-0.4113296139130432,0.393237352173913,0.1323000000000002,0.9772,True
682,tail_base,463.708,330.726,-0.5022022539130435,-0.0833927165217391,0.1266999999999998,0.9336,True
682,tail_tip,435.262,286.65,-0.5311615852173913,-0.1902954130434783,-0.0188000000000001,0.9023,True
682,withers,484.912,443.104,-0.4724115339130436,0.2531420104347825,0.1545999999999999,0.9542,True
683,occipital_protuberance,507.104,487.492,-0.4114286817391305,0.3946986026086956,0.1323000000000002,0.9571,True
683,tail_base,464.224,330.988,-0.5013055095652175,-0.0827409626086956,0.1381999999999998,0.9243,True
683,tail_tip,436.126,282.39400000000006,-0.5321997808695651,-0.2025854017391302,-0.0215999999999999,0.982,True
683,withers,485.136,443.528,-0.4725371965217392,0.2548693495652173,0.1563000000000002,0.9605,True
684,occipital_protuberance,507.206,487.774,-0.4107664839130434,0.3952383143478261,0.1346999999999998,0.9642,True
684,tail_base,464.706,331.16600000000005,-0.5017219139130437,-0.0825279226086955,0.1288000000000002,0.9265,True
684,tail_tip,441.266,278.184,-0.530274155652174,-0.2183064313043477,-0.0123000000000001,0.9656,True
684,withers,485.33,443.996,-0.4723487304347825,0.2565164799999999,0.1504000000000001,0.9528,True
685,occipital_protuberance,507.562,488.006,-0.4096652830434782,0.3959559508695651,0.1346999999999998,0.9678,True
685,tail_base,465.186,331.394,-0.5003480704347825,-0.0818753469565217,0.1288000000000002,0.9591,True
685,tail_tip,450.496,273.678,-0.5180874573913044,-0.2359968417391304,0.0018000000000001,0.9123,True
685,withers,485.244,444.262,-0.4718039443478262,0.2568891930434783,0.1586999999999998,0.9455,True
686,occipital_protuberance,507.96,488.0,-0.4089795478260868,0.3964660869565217,0.1104000000000001,0.9553,True
686,tail_base,465.604,331.59000000000003,-0.4991516817391304,-0.0813143608695651,0.1288000000000002,0.9689,True
686,tail_tip,463.7,271.72799999999995,-0.4939849347826088,-0.2473343060869567,0.0921999999999998,0.9328,True
686,withers,485.11800000000005,444.426,-0.4740062599999998,0.2583802669565218,0.1479000000000001,0.9549,True
687,occipital_protuberance,508.384,487.90600000000006,-0.410041064347826,0.398482801304348,0.0938000000000001,0.9559,True
687,tail_base,466.038,331.804,-0.4979094982608695,-0.0807018556521739,0.1318000000000002,0.975,True
687,tail_tip,478.726,272.98,-0.4577376834782608,-0.2469854608695653,0.0663000000000001,0.9325,True
687,withers,485.08600000000007,444.604,-0.4749124408695651,0.2593664365217391,0.1430999999999999,0.9471,True
688,occipital_protuberance,508.702,487.68,-0.4101064486956523,0.3988057043478261,0.0864,0.9535,True
688,tail_base,466.42800000000005,331.988,-0.4948688652173912,-0.0798646478260869,0.142,0.9886,True
688,tail_tip,493.8440000000001,278.31600000000003,-0.4157502739130433,-0.2323554652173912,0.08,0.8894,True
688,withers,485.178,444.774,-0.474024575652174,0.2595558730434782,0.1601999999999998,0.9513,True
689,occipital_protuberance,509.15,487.646,-0.4101009673913044,0.4000592134782609,0.0765999999999999,0.9565,True
689,tail_base,466.863,332.291,-0.4912009605434783,-0.0786122401086956,0.1574000000000001,0.9993,True
689,tail_tip,506.074,285.096,-0.3804954117391306,-0.2128087773913043,0.0911999999999998,0.9705,True
689,withers,485.25,445.154,-0.4758226086956522,0.2618300382608696,0.1481999999999998,0.9409,True
690,occipital_protuberance,509.3639999999999,487.578,-0.4103106365217394,0.4007058573913042,0.0704,0.9554,True
690,tail_base,467.351,332.673,-0.4886529685869565,-0.0773443209782608,0.1665999999999999,0.9932,True
690,tail_tip,515.308,293.05,-0.3536644617391304,-0.1898905760869565,0.0845999999999999,0.9386,True
690,withers,485.5179999999999,445.65,-0.4762075565217393,0.2640254347826086,0.134,0.9347,True
691,occipital_protuberance,509.462,487.706,-0.4101730982608696,0.4012744617391305,0.0526999999999998,0.9386,True
691,tail_base,467.7389999999999,333.179,-0.4850832311956524,-0.0755273529347826,0.1798000000000001,0.9947,False
691,tail_tip,520.986,298.97,-0.3372753269565217,-0.1729537130434781,0.0788000000000001,0.9491,True
691,withers,485.822,446.196,-0.4763094691304349,0.2662894252173913,0.1278000000000002,0.9195,True
692,occipital_protuberance,509.426,487.946,-0.4084695347826085,0.4002484652173914,0.082,0.951,True
692,tail_base,468.081,333.67300000000006,-0.4816535027173912,-0.0737585244565215,0.193,0.9893,True
692,tail_tip,523.0400000000001,301.62600000000003,-0.3342004869565215,-0.1667973599999999,0.0571999999999998,0.9706,True
692,withers,486.128,446.53,-0.4759996869565218,0.2676786739130435,0.138,0.8981,True
693,occipital_protuberance,509.3059999999999,488.2,-0.409384749130435,0.4015725652173912,0.0781999999999998,0.9577,True
693,tail_base,468.347,334.091,-0.4799753722826085,-0.0724466331521738,0.2035,0.9734,True
693,tail_tip,521.272,299.63800000000003,-0.340542876521739,-0.1731339626086955,0.0471999999999998,0.9544,True
693,withers,486.354,446.776,-0.4773380404347826,0.2695903947826085,0.1258000000000002,0.8952,True
694,occipital_protuberance,509.062,488.374,-0.4105190947826087,0.4024803973913042,0.0655999999999999,0.9705,True
694,tail_base,468.552,334.31800000000004,-0.4793089739130435,-0.0717979391304346,0.204,0.9655,True
694,tail_tip,517.5,294.85400000000004,-0.3467548913043478,-0.1844056665217389,0.0868000000000001,0.9221,True
694,withers,486.706,447.174,-0.4766776904347828,0.2710732382608695,0.1231999999999998,0.9094,True
695,occipital_protuberance,508.926,488.416,-0.4116863373913041,0.4033379060869564,0.0604,0.9759,True
695,tail_base,468.594,334.588,-0.4803466839130436,-0.0712143678260868,0.1978000000000001,0.9496,True
695,tail_tip,512.208,288.418,-0.3539560591304349,-0.1982665786956521,0.1488000000000001,0.8745,True
695,withers,487.112,447.374,-0.4760467008695653,0.2720560439130434,0.1124000000000001,0.9135,True
696,occipital_protuberance,508.872,488.2900000000001,-0.411143292173913,0.4022449282608697,0.0654000000000001,0.9897,True
696,tail_base,468.534,334.834,-0.4824158634782609,-0.0708039939130434,0.1875999999999999,0.9759,True
696,tail_tip,505.476,281.61800000000005,-0.3637704426086957,-0.2119551517391303,0.2146999999999998,0.8945,True
696,withers,487.372,447.594,-0.4762657200000001,0.2733313643478259,0.1061999999999998,0.8695,True
697,occipital_protuberance,508.804,488.234,-0.4104723547826088,0.4012051582608697,0.0815999999999999,0.9598,True
697,tail_base,468.4,335.102,-0.4848819130434783,-0.070353087826087,0.1764,0.9625,True
697,tail_tip,497.698,275.532,-0.3761722434782609,-0.2232893217391304,0.259,0.9743,True
697,withers,487.554,447.776,-0.4728808639130435,0.2722773356521737,0.1431999999999998,0.8782,True
698,occipital_protuberance,508.79800000000006,488.046,-0.410120338695652,0.4002550943478261,0.0841999999999998,0.9518,True
698,tail_base,468.21400000000006,335.29200000000003,-0.4867145517391302,-0.0700042095652173,0.1694,0.9501,True
698,tail_tip,489.314,271.374,-0.3965334847826086,-0.2332212456521739,0.259,0.9706,True
698,withers,487.666,447.84,-0.4715068460869565,0.271883895652174,0.1494000000000001,0.8804,True
699,occipital_protuberance,508.70200000000006,487.962,-0.4098781043478259,0.3994639826086956,0.088,0.9574,True
699,tail_base,467.8,335.766,-0.4905828260869564,-0.0690405586956521,0.155,0.9357,True
699,tail_tip,480.062,268.72,-0.4230012408695651,-0.2414157565217392,0.2418000000000001,0.9495,True
699,withers,487.708,447.686,-0.4701518895652174,0.2707019317391305,0.1368000000000001,0.8955,True
700,occipital_protuberance,508.5940000000001,488.072,-0.4094725226086955,0.3990834886956522,0.0931999999999998,0.9459,True
700,tail_base,467.36,336.088,-0.4929997913043477,-0.0682843547826087,0.1488000000000001,0.9445,True
700,tail_tip,471.134,267.60800000000006,-0.4503582799999999,-0.2464054469565215,0.2164000000000001,0.9788,True
700,withers,487.656,447.7,-0.4696831756521741,0.2703829130434782,0.1405999999999999,0.9087,True
701,occipital_protuberance,508.458,488.346,-0.4102680595652175,0.4003000134782609,0.0805999999999999,0.9629,True
701,tail_base,467.046,336.46,-0.494874032173913,-0.0673551043478261,0.1435999999999999,0.8971,True
701,tail_tip,462.642,267.29,-0.4739699769565217,-0.2477573978260869,0.2054,0.9509,True
701,withers,487.57,447.608,-0.4697494956521739,0.2699850017391304,0.1418000000000001,0.8903,True
702,occipital_protuberance,508.49,488.564,-0.411769245652174,0.4025450634782609,0.0694,0.9749,True
702,tail_base,466.696,336.676,-0.4956871147826087,-0.0667117104347826,0.1445999999999999,0.8699,True
702,tail_tip,454.23,268.29,-0.4960866695652174,-0.2449055739130434,0.1316999999999998,0.8281,True
702,withers,487.494,447.706,-0.4728017534782609,0.271907666521739,0.1248000000000001,0.8822,True
703,occipital_protuberance,508.63,488.924,-0.4117021565217393,0.4040366052173912,0.0668000000000001,0.9841,True
703,tail_base,466.376,336.84,-0.498338624347826,-0.0664742347826087,0.1354000000000001,0.8901,True
703,tail_tip,447.28,269.668,-0.507272556521739,-0.2377695339130434,0.0739,0.5431,True
703,withers,487.4799999999999,448.032,-0.4740719478260872,0.2736264208695652,0.1374,0.8844,True
704,occipital_protuberance,509.06000000000006,489.04,-0.4101837826086955,0.4042318260869564,0.068,0.9939,True
704,tail_base,466.224,336.85,-0.4977926852173914,-0.0663146847826086,0.1405999999999999,0.8743,True
704,tail_tip,441.64,271.466,-0.5122000173913044,-0.2286101852173913,0.0754,0.7968,True
704,withers,487.356,448.212,-0.4756851608695654,0.2748954391304347,0.13,0.8827,True
705,occipital_protuberance,509.504,489.2,-0.4077148939130434,0.4036657391304348,0.0625999999999999,0.9812,True
705,tail_base,466.13,336.84000000000003,-0.4970792108695652,-0.0662124260869564,0.1458000000000001,0.8648,True
705,tail_tip,436.602,273.128,-0.5188417678260869,-0.2215991408695652,0.0291999999999998,0.9061,True
705,withers,487.316,448.158,-0.4764404643478261,0.2750912895652174,0.1261999999999998,0.869,True
706,occipital_protuberance,510.206,489.322,-0.4026435608695653,0.4011793347826087,0.083,0.9527,True
706,tail_base,465.978,336.67,-0.4953574060869567,-0.0664093521739131,0.1571999999999998,0.8743,True
706,tail_tip,433.006,274.62,-0.5252247756521738,-0.2166424695652173,0.0285999999999999,0.8898,True
706,withers,487.516,448.252,-0.4749876600000001,0.2749049799999998,0.1311999999999998,0.864,True
707,occipital_protuberance,510.75200000000007,489.364,-0.3987019826086954,0.3990598173913044,0.099,0.9592,True
707,tail_base,465.84,336.62800000000004,-0.4967346086956523,-0.066661008695652,0.152,0.871,True
707,tail_tip,431.108,275.18,-0.5262716060869566,-0.2136910826086956,0.0351999999999998,0.9385,True
707,withers,487.67,448.332,-0.474276143478261,0.2750197617391304,0.1325999999999999,0.8756,True
708,occipital_protuberance,511.342,489.17,-0.3956513191304348,0.3972258304347824,0.0953000000000001,0.9421,True
708,tail_base,465.742,336.668,-0.4962564782608695,-0.0664454782608695,0.156,0.8711,True
708,tail_tip,429.994,275.226,-0.5284846643478261,-0.2133356139130434,0.0318000000000001,0.9061,True
708,withers,487.786,448.266,-0.4733193600000002,0.2744688834782607,0.1361999999999998,0.864,True
709,occipital_protuberance,511.684,489.142,-0.3942369626086955,0.3967747578260869,0.0979,0.9564,True
709,tail_base,465.616,336.57000000000005,-0.4976009530434783,-0.0668569956521737,0.1453000000000001,0.8696,True
709,tail_tip,430.164,275.03000000000003,-0.5299271330434782,-0.2145861934782607,0.0235999999999999,0.8858,True
709,withers,487.968,448.2219999999999,-0.4727534191304348,0.2743320626086954,0.1361999999999998,0.8605,True
710,occipital_protuberance,511.95,489.1360000000001,-0.3936145652173913,0.3969528347826089,0.0965,0.8988,True
710,tail_base,465.564,336.48,-0.4983181469565217,-0.067190504347826,0.1423000000000001,0.8748,True
710,tail_tip,430.78,274.62600000000003,-0.5296904608695651,-0.216144696521739,0.0178000000000001,0.8756,True
710,withers,488.106,448.098,-0.471895033478261,0.2736975039130433,0.1388000000000001,0.8653,True
711,occipital_protuberance,512.096,489.026,-0.3954736069565217,0.398942782173913,0.0799000000000001,0.9058,True
711,tail_base,465.576,336.352,-0.4996489234782608,-0.0677412382608696,0.1350999999999999,0.8594,True
711,tail_tip,431.33,274.354,-0.5301578891304347,-0.2175966960869565,0.0155999999999999,0.8488,True
711,withers,488.24799999999993,447.736,-0.4714538765217392,0.272572864347826,0.1188000000000001,0.8687,True
712,occipital_protuberance,512.478,488.85,-0.3958171991304349,0.3999391956521739,0.0589,0.9316,True
712,tail_base,465.62,336.22,-0.4989163434782608,-0.068036647826087,0.1383000000000001,0.866,True
712,tail_tip,432.19,274.308,-0.5307738456521741,-0.2188685452173913,0.0031999999999998,0.8513,True
712,withers,488.528,447.3280000000001,-0.4699912730434784,0.2709635965217394,0.1154,0.9063,True
713,occipital_protuberance,512.718,488.918,-0.3955979900000001,0.4006827491304348,0.0550999999999999,0.9263,True
713,tail_base,465.5879999999999,335.974,-0.4999937052173915,-0.0688762743478261,0.1330999999999999,0.8799,True
713,tail_tip,433.19,274.194,-0.5288041782608698,-0.2194022113043477,0.0105999999999999,0.8597,True
713,withers,488.86,446.918,-0.4687311391304349,0.2695591713043478,0.1168000000000001,0.9278,True
714,occipital_protuberance,512.998,488.876,-0.3954179660869564,0.4012526243478262,0.0500999999999999,0.9385,True
714,tail_base,465.638,335.812,-0.499660844347826,-0.0693143947826086,0.1340999999999999,0.8719,True
714,tail_tip,433.954,274.04200000000003,-0.5277913082608695,-0.2201832856521738,0.0064,0.9052,True
714,withers,489.246,446.514,-0.4679273069565218,0.2685319330434783,0.1144,0.938,True
715,occipital_protuberance,513.358,488.6,-0.3941043978260871,0.4001976086956522,0.0515,0.9316,True
715,tail_base,465.652,335.724,-0.4992417078260869,-0.0695137982608696,0.1360999999999999,0.8762,True
715,tail_tip,434.404,273.878,-0.5266386234782608,-0.2206033752173913,0.0114,0.898,True
715,withers,489.74799999999993,446.358,-0.4661731617391306,0.2679350817391304,0.1155999999999999,0.9389,True
716,occipital_protuberance,513.582,488.398,-0.3939294808695652,0.4000993330434783,0.0476999999999998,0.9305,True
716,tail_base,465.596,335.68,-0.4994020626086957,-0.0696397913043478,0.1360999999999999,0.8832,True
716,tail_tip,434.612,273.928,-0.5262844252173914,-0.2205501443478261,0.0105999999999999,0.9127,True
716,withers,490.16399999999993,446.268,-0.4628955208695653,0.2665118582608696,0.1208000000000001,0.9499,True
717,occipital_protuberance,513.662,488.23,-0.3928287856521738,0.3987116717391304,0.0539,0.9338,True
717,tail_base,465.458,335.606,-0.4990004004347826,-0.0697403247826087,0.1403000000000001,0.8763,True
717,tail_tip,434.418,273.86800000000005,-0.5266027621739131,-0.2206289904347824,0.0114,0.9022,True
717,withers,490.50200000000007,446.25,-0.4624363134782607,0.26679375,0.1171999999999998,0.9632,True
718,occipital_protuberance,513.696,487.918,-0.3927230678260868,0.3977415552173912,0.0539,0.9314,True
718,tail_base,465.302,335.554,-0.498648856521739,-0.0697773869565218,0.1445,0.8715,True
718,tail_tip,434.182,273.88,-0.527028309130435,-0.2205233652173913,0.0121999999999998,0.8978,True
718,withers,490.708,446.196,-0.4606307295652174,0.2659521365217392,0.1114000000000001,0.9747,True
719,occipital_protuberance,513.762,487.666,-0.3916671165217393,0.3960976417391304,0.0600999999999999,0.9206,True
719,tail_base,465.082,335.49,-0.498098017826087,-0.0697948891304347,0.1506999999999998,0.8611,True
719,tail_tip,434.134,273.646,-0.5273749878260869,-0.2212164208695652,0.0111999999999998,0.8909,True
719,withers,490.83,446.232,-0.4586653217391303,0.2651446539130433,0.1211999999999998,0.9664,True
720,occipital_protuberance,513.674,487.514,-0.3917753730434783,0.3954597226086955,0.0613000000000001,0.9165,True
720,tail_base,464.834,335.396,-0.4980045539130434,-0.0699502417391303,0.1549000000000001,0.861,True
720,tail_tip,434.374,273.23,-0.526938975652174,-0.2223575565217392,0.0104,0.8985,True
720,withers,490.71,446.136,-0.4590342956521738,0.2648494747826086,0.1211999999999998,0.9654,True
721,occipital_protuberance,513.532,487.508,-0.3922157582608694,0.3954411147826086,0.0613000000000001,0.9121,True
721,tail_base,464.574,335.338,-0.4983623843478262,-0.0700615252173912,0.1569000000000001,0.8617,True
721,tail_tip,434.814,272.86400000000003,-0.5259898504347827,-0.2233712417391303,0.0095999999999999,0.883,True
721,withers,490.546,446.07,-0.4607082,0.2653201304347826,0.114,0.9503,True
722,occipital_protuberance,513.356,487.584,-0.3925964,0.3955104,0.0625,0.9113,True
722,tail_base,464.4440000000001,335.274,-0.4997239704347824,-0.0703830965217391,0.1516999999999998,0.8577,True
722,tail_tip,435.23,272.674,-0.525101504347826,-0.2239342382608696,0.0088000000000001,0.8651,True
722,withers,490.396,445.954,-0.4615933852173912,0.2652054613043478,0.1114000000000001,0.9571,True
723,occipital_protuberance,513.3120000000001,487.746,-0.3922095234782605,0.3954849534782608,0.0663000000000001,0.9069,True
723,tail_base,464.414,335.262,-0.4991986321739128,-0.0703312095652173,0.1549000000000001,0.8583,True
723,tail_tip,435.428,272.618,-0.5255276791304347,-0.2244767595652174,0.0045999999999999,0.8696,True
723,withers,490.264,445.936,-0.4631725095652174,0.2658224660869566,0.1041999999999998,0.9612,True
724,occipital_protuberance,513.184,487.916,-0.3934604243478262,0.3968732939130435,0.0600999999999999,0.9138,True
724,tail_base,464.398,335.194,-0.499625864347826,-0.0705784626086956,0.1499000000000001,0.8584,True
724,tail_tip,435.538,272.66,-0.5250228573913044,-0.2242739304347827,0.0135999999999999,0.8882,True
724,withers,490.122,445.838,-0.4632207665217391,0.2652954013043478,0.1065999999999999,0.9662,True
725,occipital_protuberance,513.106,488.078,-0.3939644915217391,0.3976404254347825,0.0581999999999998,0.9161,True
725,tail_base,464.464,335.13199999999995,-0.5000486400000002,-0.070841363478261,0.1466999999999998,0.8628,True
725,tail_tip,435.818,272.864,-0.5248809021739129,-0.223996347826087,0.011,0.8956,True
725,withers,490.08,445.876,-0.4625683826086955,0.2649647973913044,0.1114000000000001,0.9576,True
726,occipital_protuberance,513.082,488.12,-0.3931836867391304,0.396907404347826,0.0644000000000001,0.9201,True
726,tail_base,464.596,335.08000000000004,-0.5000539252173913,-0.0710436695652172,0.1446999999999998,0.8611,True
726,tail_tip,436.544,272.954,-0.5237665113043478,-0.2240866808695652,0.0075999999999999,0.8865,True
726,withers,490.058,446.026,-0.4624406856521739,0.2653154047826087,0.1125999999999999,0.9651,True
727,occipital_protuberance,512.98,488.126,-0.3941900021739129,0.3976223289130435,0.0594,0.9146,False
727,tail_base,464.766,335.056,-0.4999883152173914,-0.0711717391304348,0.1425,0.8671,True
727,tail_tip,438.068,272.536,-0.523486760869565,-0.2267409130434782,0.006,0.87,True
727,withers,489.908,446.054,-0.46228336,0.2650463199999999,0.1164,0.9636,True
728,occipital_protuberance,512.7860000000001,488.116,-0.3953175049999998,0.3981204699999999,0.0555999999999999,0.9167,True
728,tail_base,464.92800000000005,335.014,-0.5011245704347824,-0.0715197091304347,0.1340999999999999,0.8642,True
728,tail_tip,440.62,271.716,-0.5218988217391304,-0.2310929660869564,0.0228000000000001,0.8195,True
728,withers,489.958,446.1,-0.4621293600000001,0.2651880000000001,0.1164,0.9581,True
729,occipital_protuberance,512.708,488.086,-0.3943699865217392,0.3968299193478259,0.0641999999999998,0.9011,True
729,tail_base,465.13,335.062,-0.5013446869565218,-0.0714961617391304,0.1299000000000001,0.8795,True
729,tail_tip,443.578,270.452,-0.520304797826087,-0.2372048652173913,0.035,0.844,True
729,withers,489.99,446.166,-0.4624221304347827,0.2656160608695652,0.114,0.9499,True
730,occipital_protuberance,512.6659999999999,488.03600000000006,-0.3944032243478262,0.3965775930434784,0.0649000000000001,0.8988,True
730,tail_base,465.3560000000001,335.07800000000003,-0.5000892973913043,-0.0713636052173912,0.1330999999999999,0.8878,True
730,tail_tip,446.908,269.36800000000005,-0.5179483017391304,-0.243110488695652,0.0276999999999998,0.8283,True
730,withers,489.91,446.08600000000007,-0.4632560478260868,0.2657063104347828,0.1104000000000001,0.9558,True
731,occipital_protuberance,512.6400000000001,487.969,-0.3948990608695649,0.3967873580434781,0.0619,0.903,True
731,tail_base,465.508,335.064,-0.4996540486956523,-0.0714036939130434,0.1330999999999999,0.8965,True
731,tail_tip,449.87,268.34,-0.5176909239130435,-0.2495742391304348,0.007,0.948,True
731,withers,489.89,446.038,-0.4623388,0.2649970400000001,0.1164,0.9601,True
732,occipital_protuberance,512.708,487.871,-0.3943284782608697,0.3961221195652173,0.0645,0.9021,True
732,tail_base,465.65,335.07,-0.4972765217391305,-0.0711046956521739,0.1435,0.9099,True
732,tail_tip,452.20200000000006,267.554,-0.5165669769565215,-0.2542867908695653,0.0254,0.8854,True
732,withers,489.904,445.98,-0.4624914573913044,0.264930547826087,0.1151999999999998,0.9553,True
733,occipital_protuberance,512.726,487.869,-0.3940790395652173,0.3959213406521739,0.0659000000000001,0.9068,False
733,tail_base,465.724,335.122,-0.494148232173913,-0.070539946521739,0.1674000000000001,0.9016,True
733,tail_tip,453.666,267.304,-0.517319894347826,-0.257352307826087,0.0318000000000001,0.8904,True
733,withers,489.692,445.87000000000006,-0.462556532173913,0.264255591304348,0.1258000000000002,0.9574,True
734,occipital_protuberance,512.686,487.881,-0.3948948156521737,0.3966535017391304,0.0609,0.9026,True
734,tail_base,465.776,335.196,-0.4910844313043478,-0.0699149269565216,0.1828000000000001,0.913,True
734,tail_tip,454.544,268.346,-0.5180673043478261,-0.2560334565217391,0.0185,0.8251,True
734,withers,489.55,445.814,-0.4637784782608695,0.2645309826086957,0.121,0.9588,True
735,occipital_protuberance,512.672,487.92300000000006,-0.3958239999999999,0.3976736739130436,0.0545,0.9029,True
735,tail_base,465.784,335.284,-0.48954696,-0.06945196,0.1908000000000002,0.8988,True
735,tail_tip,455.207,270.97799999999995,-0.5195495367391304,-0.2502872882608697,0.0354,0.6768,True
735,withers,489.44,445.938,-0.4649358260869567,0.2653802804347826,0.116,0.9437,True
736,occipital_protuberance,512.588,488.012,-0.3972207591304348,0.399091324347826,0.0463000000000001,0.9033,True
736,tail_base,465.776,335.386,-0.489190692173913,-0.0691118313043477,0.1928000000000002,0.8958,True
736,tail_tip,456.165,275.16,-0.5194937315217393,-0.2397467739130435,0.0296999999999998,0.3751,True
736,withers,489.306,445.906,-0.4663324108695651,0.2658417195652172,0.11,0.9463,True
737,occipital_protuberance,512.552,488.164,-0.3980256452173912,0.4002617443478262,0.0413000000000001,0.9118,True
737,tail_base,465.6940000000001,335.48,-0.4904061417391302,-0.0689864869565216,0.1875999999999999,0.902,True
737,tail_tip,457.131,280.032,-0.5195864847826086,-0.2272134260869565,0.034,0.2691,True
737,withers,489.212,446.05,-0.46622994,0.2660628586956522,0.1124000000000001,0.9324,True
738,occipital_protuberance,512.534,488.264,-0.39827583,0.4007692330434781,0.0399,0.9078,True
738,tail_base,465.65,335.52,-0.4928419673913043,-0.0691985739130435,0.1699,0.8951,True
738,tail_tip,458.0469999999999,284.672,-0.5182100550000002,-0.2145374191304347,0.0278000000000001,0.4446,True
738,withers,489.206,446.104,-0.4666418673913045,0.2664544434782608,0.11,0.9403,True
739,occipital_protuberance,512.49,488.322,-0.3982192739130434,0.4007551852173913,0.0413000000000001,0.9162,True
739,tail_base,465.572,335.538,-0.4949963286956522,-0.0694189017391304,0.1596999999999998,0.893,True
739,tail_tip,459.017,288.77200000000005,-0.5176900682608695,-0.203743048695652,0.0274,0.4867,True
739,withers,489.052,446.154,-0.466527764347826,0.2662720473913043,0.1135999999999999,0.9345,True
740,occipital_protuberance,512.376,488.3560000000001,-0.3978816921739131,0.4001637817391306,0.0563000000000001,0.9139,True
740,tail_base,465.486,335.536,-0.4973649,-0.0697223999999999,0.1485,0.9002,True
740,tail_tip,459.462,291.284,-0.5179478230434783,-0.1971402286956522,0.0195999999999999,0.5021,True
740,withers,488.996,446.21,-0.4664710521739131,0.2663139347826088,0.115,0.9391,True
741,occipital_protuberance,512.358,488.402,-0.3975770817391305,0.3999443165217392,0.0589,0.9004,True
741,tail_base,465.494,335.508,-0.4977214608695652,-0.0698554434782609,0.1465,0.8946,True
741,tail_tip,459.504,291.964,-0.51802352,-0.19526332,0.0235999999999999,0.5566,True
741,withers,488.912,446.302,-0.4675188243478261,0.2670484060869565,0.1231999999999998,0.9284,True
742,occipital_protuberance,512.374,488.34800000000007,-0.3966671569565216,0.3989111643478263,0.0650999999999999,0.8993,True
742,tail_base,465.458,335.47,-0.4968375973913044,-0.0698251782608696,0.1516999999999998,0.902,True
742,tail_tip,459.592,291.968,-0.5180062747826087,-0.1953405773913042,0.0224,0.641,True
742,withers,488.88,446.332,-0.4680120695652174,0.2673664504347826,0.1208000000000001,0.9259,True
743,occipital_protuberance,512.374,488.282,-0.3964729434782608,0.3985108217391304,0.0665,0.8991,True
743,tail_base,465.456,335.42600000000004,-0.4962741252173914,-0.0698702926086955,0.1546999999999998,0.903,True
743,tail_tip,459.50200000000007,291.078,-0.518500124347826,-0.1979859365217392,0.0161999999999998,0.4474,True
743,withers,488.846,446.346,-0.4675258939130435,0.267071932173913,0.1244000000000001,0.9274,True
744,occipital_protuberance,512.424,488.216,-0.3961512139130436,0.3981385530434783,0.0706999999999998,0.912,True
744,tail_base,465.448,335.398,-0.4956897339130433,-0.0698643317391303,0.1579000000000001,0.8967,True
744,tail_tip,459.052,289.188,-0.5189667313043478,-0.2030918947826087,0.0204,0.5605,True
744,withers,488.888,446.374,-0.4682172469565216,0.2676279613043477,0.1194,0.935,True
745,occipital_protuberance,512.3879999999999,488.15,-0.395902359130435,0.3975714456521738,0.0733000000000001,0.9068,True
745,tail_base,465.40600000000006,335.352,-0.4966060643478259,-0.0701074852173913,0.1536999999999998,0.9025,True
745,tail_tip,458.558,286.508,-0.5199496617391305,-0.2106025095652174,0.0165999999999999,0.3893,True
745,withers,488.858,446.38,-0.4667330673913044,0.2667451956521739,0.129,0.9414,True
746,occipital_protuberance,512.3879999999999,488.078,-0.3954030078260872,0.3968468986956521,0.0769000000000001,0.9044,True
746,tail_base,465.33,335.3,-0.497201952173913,-0.0703090869565217,0.1516999999999998,0.8904,True
746,tail_tip,458.216,284.702,-0.5203369408695652,-0.2155323404347826,0.0195999999999999,0.4044,True
746,withers,488.826,446.416,-0.466240334347826,0.2665182156521739,0.1325999999999999,0.9366,True
747,occipital_protuberance,512.3119999999999,488.056,-0.3959715913043481,0.3971127913043479,0.0745,0.8959,True
747,tail_base,465.28,335.258,-0.4989015652173912,-0.0706491673913044,0.1435,0.892,True
747,tail_tip,458.122,284.202,-0.5203687734782607,-0.2168646691304347,0.0208000000000001,0.3476,True
747,withers,488.744,446.44,-0.4653094904347824,0.2659157478260867,0.1398000000000001,0.9265,True
748,occipital_protuberance,512.276,488.036,-0.3960832304347828,0.3970507695652172,0.0745,0.8972,True
748,tail_base,465.19000000000005,335.312,-0.4979804869565216,-0.0703285982608695,0.1496999999999998,0.895,True
748,tail_tip,458.222,285.13199999999995,-0.5202802495652172,-0.2142852365217392,0.0198000000000001,0.408,True
748,withers,488.592,446.322,-0.4665670434782609,0.2660031195652174,0.135,0.9218,True
749,occipital_protuberance,512.168,487.934,-0.3969461495652174,0.3972628817391305,0.0706999999999998,0.9022,True
749,tail_base,465.14,335.356,-0.4985410652173912,-0.0702621869565217,0.1475,0.8912,True
749,tail_tip,458.65,287.14,-0.5200802608695654,-0.2089498086956522,0.0145999999999999,0.4092,True
749,withers,488.5200000000001,446.262,-0.4659656521739127,0.2653494130434782,0.14,0.92,True
750,occipital_protuberance,512.208,487.874,-0.3966552556521739,0.396909776521739,0.0719,0.9014,True
750,tail_base,465.092,335.412,-0.4986779173913044,-0.0701025260869565,0.1475,0.8851,True
750,tail_tip,459.35,290.37600000000003,-0.5185047717391303,-0.1998360156521738,0.0184,0.576,True
750,withers,488.39,446.14,-0.4671565521739131,0.2654235565217391,0.1221999999999998,0.9265,True
751,occipital_protuberance,512.2740000000001,487.856,-0.39625603173913,0.3966593426086954,0.0733000000000001,0.9044,True
751,tail_base,465.054,335.484,-0.4984059413043479,-0.0698439521739131,0.1495,0.8845,True
751,tail_tip,459.758,292.584,-0.5181565669565218,-0.193806344347826,0.0251999999999998,0.6955,True
751,withers,488.2480000000001,446.122,-0.468418836521739,0.2658361473913044,0.1236999999999998,0.9282,True
752,occipital_protuberance,512.3639999999999,487.81000000000006,-0.3959768165217393,0.3965166326086957,0.0733000000000001,0.9014,True
752,tail_base,465.048,335.614,-0.4980427043478263,-0.0694205804347826,0.1515,0.8855,True
752,tail_tip,459.73,293.88,-0.5186681413043478,-0.1902387391304348,0.023,0.8027,True
752,withers,488.262,446.218,-0.4695631369565217,0.2668072239130435,0.1165,0.9247,True
753,occipital_protuberance,512.33,487.724,-0.3962765782608694,0.3964441895652174,0.0719,0.9091,True
753,tail_base,465.042,335.642,-0.4992388495652172,-0.0695050234782608,0.1453000000000001,0.8874,True
753,tail_tip,459.66,294.63,-0.5186735217391303,-0.188009804347826,0.024,0.7412,True
753,withers,488.326,446.536,-0.4695958930434782,0.267922980869565,0.1215999999999999,0.9094,True
754,occipital_protuberance,512.43,487.83,-0.3952728717391305,0.3960784760869567,0.0769000000000001,0.9066,True
754,tail_base,465.1060000000001,335.616,-0.4992463291304346,-0.0696057182608696,0.1443000000000001,0.8833,True
754,tail_tip,459.36,294.302,-0.5187116869565218,-0.1886532352173912,0.0221999999999998,0.7486,True
754,withers,488.346,446.826,-0.4697317808695652,0.2689340973913044,0.1204,0.907,True
755,occipital_protuberance,512.4979999999999,487.878,-0.3948958682608698,0.3960604056521739,0.0650999999999999,0.8992,True
755,tail_base,465.1700000000001,335.564,-0.4980754673913041,-0.0696160391304348,0.1495,0.8825,True
755,tail_tip,459.026,293.368,-0.5188445895652174,-0.1910310469565217,0.0264,0.7298,True
755,withers,488.432,447.068,-0.4694654052173913,0.2696836660869566,0.1204,0.9043,True
756,occipital_protuberance,512.418,487.78,-0.3948108195652174,0.395423543478261,0.0805,0.9067,True
756,tail_base,465.144,335.526,-0.4989477947826088,-0.0698360269565217,0.1453000000000001,0.8901,True
756,tail_tip,458.806,293.0,-0.5194753199999999,-0.1920860869565217,0.0264,0.4585,True
756,withers,488.534,447.216,-0.4673384647826087,0.26909928,0.1314000000000001,0.9078,True
757,occipital_protuberance,512.338,487.774,-0.3950583847826088,0.3954049760869565,0.0805,0.9027,True
757,tail_base,465.108,335.422,-0.4992406199999999,-0.0701595039130435,0.1443000000000001,0.8932,True
757,tail_tip,458.696,292.39,-0.5195936156521739,-0.1937614413043478,0.0274,0.4773,True
757,withers,488.548,447.29,-0.4675257391304349,0.2694604347826085,0.13,0.9071,True
758,occipital_protuberance,512.394,487.832,-0.3946909060869565,0.3953899339130434,0.0819000000000001,0.8957,True
758,tail_base,465.074,335.38800000000003,-0.4989193739130436,-0.070197704347826,0.1465,0.8827,True
758,tail_tip,458.494,291.796,-0.5199357743478262,-0.1953748060869565,0.0285999999999999,0.5524,True
758,withers,488.528,447.278,-0.4669618330434783,0.2690628952173912,0.1338000000000001,0.9068,True
759,occipital_protuberance,512.398,487.828,-0.3946785339130434,0.3953775617391303,0.0819000000000001,0.8971,True
759,tail_base,464.966,335.456,-0.4990371543478261,-0.0699770782608695,0.1475,0.8776,True
759,tail_tip,458.476,291.964,-0.5206187243478262,-0.1951302060869565,0.0254,0.5536,True
759,withers,488.514,447.192,-0.4670049926086956,0.268797772173913,0.1338000000000001,0.9128,True
760,occipital_protuberance,512.42,487.814,-0.3946104869565219,0.3953342591304348,0.0819000000000001,0.8949,True
760,tail_base,464.876,335.54,-0.499484104347826,-0.0697641739130434,0.1465,0.871,True
760,tail_tip,458.362,292.032,-0.5217748982608696,-0.195245467826087,0.0211999999999998,0.4562,True
760,withers,488.472,447.1,-0.467332116521739,0.2686277608695653,0.1325999999999999,0.9129,True
761,occipital_protuberance,512.564,487.898,-0.3943313095652174,0.3957608982608695,0.0676999999999998,0.9015,True
761,tail_base,464.852,335.596,-0.498372211304348,-0.0694399904347826,0.1526999999999998,0.8633,True
761,tail_tip,458.39,292.79599999999994,-0.5216944652173914,-0.1930507947826089,0.0211999999999998,0.4138,True
761,withers,488.418,447.014,-0.4688826691304348,0.2691570013043479,0.1241999999999998,0.9181,True
762,occipital_protuberance,512.686,487.93,-0.3939537991304346,0.3958599173913043,0.0676999999999998,0.9031,True
762,tail_base,464.776,335.656,-0.4972171460869564,-0.0690787460869565,0.1599000000000001,0.8705,True
762,tail_tip,458.252,293.462,-0.5220908852173914,-0.1911376373913044,0.0211999999999998,0.4538,True
762,withers,488.384,446.938,-0.4685593599999999,0.2686762191304347,0.1268000000000002,0.9147,True
763,occipital_protuberance,512.8259999999999,487.98,-0.3933547113043481,0.3958477043478262,0.0689,0.9111,True
763,tail_base,464.784,335.712,-0.4979943443478261,-0.06903072,0.1556999999999998,0.8689,True
763,tail_tip,458.076,293.97799999999995,-0.5230315,-0.1898132500000001,0.014,0.653,True
763,withers,488.3560000000001,446.978,-0.4686458921739129,0.268799836521739,0.1268000000000002,0.9051,True
764,occipital_protuberance,512.9159999999999,488.03,-0.3940985347826089,0.3970321630434784,0.0615,0.9158,True
764,tail_base,464.764,335.72400000000005,-0.4974416713043477,-0.0689121756521737,0.1589000000000001,0.86,True
764,tail_tip,457.928,294.528,-0.5234570000000001,-0.1882319999999999,0.014,0.6106,True
764,withers,488.2360000000001,447.1139999999999,-0.4690167443478259,0.2692201356521736,0.1338000000000001,0.9084,True
765,occipital_protuberance,512.8900000000001,488.174,-0.3943449586956518,0.3976459030434781,0.0603000000000001,0.9158,True
765,tail_base,464.71400000000006,335.816,-0.4973930778260867,-0.0686247286956522,0.1599000000000001,0.873,True
765,tail_tip,457.77,295.572,-0.5230793304347826,-0.184936372173913,0.0181999999999998,0.6094,True
765,withers,488.19000000000005,447.332,-0.4679708260869563,0.2692103826086956,0.141,0.9005,True
766,occipital_protuberance,512.806,488.292,-0.3949650208695651,0.3983745495652175,0.0576999999999998,0.909,True
766,tail_base,464.66,335.848,-0.4961740826086956,-0.0683449095652173,0.1670999999999999,0.8638,True
766,tail_tip,457.33600000000007,294.77000000000004,-0.5240868417391301,-0.1871533782608694,0.0194,0.6658,True
766,withers,488.234,447.554,-0.4682640952173911,0.2701421569565216,0.1384,0.8952,True
767,occipital_protuberance,512.76,488.412,-0.3953014869565217,0.3989425852173912,0.0563000000000001,0.8973,True
767,tail_base,464.646,335.874,-0.4972048308695652,-0.0684076995652174,0.1619000000000001,0.8634,True
767,tail_tip,456.906,293.802,-0.5250817495652176,-0.1898443513043478,0.0205999999999999,0.7409,True
767,withers,488.23,447.718,-0.4684743978260869,0.2707625830434783,0.1371999999999998,0.8854,True
768,occipital_protuberance,512.686,488.47,-0.3958911860869564,0.3994858434782607,0.0536999999999998,0.9093,True
768,tail_base,464.548,335.954,-0.4964910182608697,-0.0680449526086956,0.1670999999999999,0.855,True
768,tail_tip,456.504,293.344,-0.525197464347826,-0.1907810643478261,0.0198000000000001,0.6685,True
768,withers,488.242,447.768,-0.4684373569565217,0.2709169200000001,0.1571999999999998,0.8859,True
769,occipital_protuberance,512.59,488.592,-0.3958573304347825,0.3995297530434782,0.0560999999999999,0.9131,True
769,tail_base,464.378,336.05,-0.498575586521739,-0.0679919673913043,0.1586999999999998,0.8509,True
769,tail_tip,455.984,292.828,-0.5252056660869565,-0.1917176495652175,0.0246999999999998,0.7823,True
769,withers,488.34,447.704,-0.4679370391304348,0.270604972173913,0.1314000000000001,0.8883,True
770,occipital_protuberance,512.606,488.708,-0.3963338117391304,0.4004217799999998,0.0523000000000001,0.91,True
770,tail_base,464.20200000000006,336.048,-0.4992663199999999,-0.0680236799999999,0.1576999999999998,0.8513,True
770,tail_tip,455.4980000000001,292.33399999999995,-0.5261916821739129,-0.1929804900000001,0.0266999999999998,0.8606,True
770,withers,488.434,447.616,-0.4680423978260869,0.2705620173913043,0.129,0.8929,True
771,occipital_protuberance,512.5840000000001,488.792,-0.3967346452173911,0.4010190904347827,0.0499,0.9087,True
771,tail_base,464.0100000000001,336.152,-0.5019540869565216,-0.0680186434782609,0.132,0.868,True
771,tail_tip,455.208,293.064,-0.5264161669565218,-0.1906802921739131,0.0296999999999998,0.8824,True
771,withers,488.484,447.6,-0.4670645391304346,0.2700365217391304,0.134,0.8995,True
772,occipital_protuberance,512.494,488.86800000000005,-0.3968208469565216,0.401059627826087,0.0513000000000001,0.9208,True
772,tail_base,463.816,336.32000000000005,-0.5032734260869567,-0.0676424347826085,0.128,0.8648,True
772,tail_tip,454.826,293.698,-0.5262564569565217,-0.1884274013043478,0.0334,0.887,True
772,withers,488.624,447.63,-0.4662380800000001,0.2699004,0.1364000000000001,0.9013,True
773,occipital_protuberance,512.388,488.988,-0.3971507373913042,0.4014330886956521,0.0613000000000001,0.9094,True
773,tail_base,463.566,336.428,-0.5051765682608697,-0.0674927852173913,0.1218000000000001,0.8753,True
773,tail_tip,454.606,294.34399999999994,-0.5266801721739132,-0.1865201321739132,0.0344,0.8296,True
773,withers,488.762,447.678,-0.4648267052173913,0.2694764269565217,0.1424,0.8912,True
774,occipital_protuberance,512.354,488.994,-0.3972565513043476,0.4014517617391305,0.0613000000000001,0.9121,True
774,tail_base,463.42,336.53000000000003,-0.5049804130434783,-0.0671190978260868,0.125,0.8916,True
774,tail_tip,454.588,294.978,-0.5267313078260869,-0.1847190208695652,0.0344,0.907,True
774,withers,488.882,447.74799999999993,-0.4644578878260871,0.2696915704347824,0.1424,0.8936,True
775,occipital_protuberance,512.2959999999999,488.968,-0.3974370573913045,0.4013708452173913,0.0613000000000001,0.9134,True
775,tail_base,463.31000000000006,336.728,-0.5054870434782607,-0.0665781565217391,0.124,0.9015,True
775,tail_tip,454.484,295.384,-0.5265831330434781,-0.1834111113043478,0.0365999999999999,0.8605,True
775,withers,488.992,447.83,-0.4653016069565217,0.2706309608695653,0.1591999999999998,0.9071,True
776,occipital_protuberance,512.3019999999999,488.98,-0.3968909360869568,0.400875447826087,0.0650999999999999,0.9101,True
776,tail_base,463.23,336.862,-0.5045246369565217,-0.0660388699999999,0.1301999999999998,0.9073,True
776,tail_tip,454.246,295.41,-0.5260068704347827,-0.1829020304347827,0.0428000000000001,0.8541,True
776,withers,488.9980000000001,447.782,-0.4652831191304346,0.2704830582608696,0.1591999999999998,0.9077,True
777,occipital_protuberance,512.3399999999999,488.974,-0.397466634782609,0.4015577452173913,0.0600999999999999,0.9138,True
777,tail_base,463.21400000000006,336.986,-0.5043781443478259,-0.0656599426086956,0.1311999999999998,0.9148,True
777,tail_tip,454.236,296.172,-0.5268832408695652,-0.1810356339130434,0.0385999999999999,0.8557,True
777,withers,488.986,447.7320000000001,-0.465714044347826,0.270557859130435,0.1328000000000002,0.9004,True
778,occipital_protuberance,512.4559999999999,489.032,-0.3964122973913046,0.4010370660869566,0.0550999999999999,0.918,True
778,tail_base,463.208,337.154,-0.5043952626086957,-0.0651806313043478,0.1311999999999998,0.9145,True
778,tail_tip,454.112,296.126,-0.5259822191304347,-0.1807356486956522,0.0448000000000001,0.8757,True
778,withers,488.776,447.814,-0.4675451582608696,0.2714979800000001,0.1495999999999999,0.9057,True
779,occipital_protuberance,512.5139999999999,489.124,-0.396398316956522,0.401491428695652,0.0539,0.9168,True
779,tail_base,463.208,337.362,-0.5043952626086957,-0.0645871982608696,0.1311999999999998,0.9206,True
779,tail_tip,453.986,296.38800000000003,-0.5269857495652175,-0.1802155617391303,0.0415999999999999,0.8772,True
779,withers,488.61,447.97,-0.4682558521739132,0.2720950347826086,0.1484000000000001,0.9094,True
780,occipital_protuberance,512.6270000000001,489.182,-0.3958669770652172,0.4014892310869564,0.0551999999999998,0.9331,True
780,tail_base,463.21,337.58399999999995,-0.5045817195652174,-0.0639781878260871,0.1301999999999998,0.9272,True
780,tail_tip,453.934,297.068,-0.5263240852173913,-0.1780154747826087,0.0455999999999999,0.8706,True
780,withers,488.506,448.034,-0.4683799278260869,0.2721781626086956,0.1495999999999999,0.8688,True
781,occipital_protuberance,512.7610000000001,489.212,-0.3949526220652171,0.4010768569565216,0.0588000000000001,0.9282,True
781,tail_base,463.192,337.814,-0.5062474278260869,-0.063524305652174,0.1218000000000001,0.9394,True
781,tail_tip,453.842,297.518,-0.5263819795652174,-0.1766746465217392,0.0465999999999999,0.8749,True
781,withers,488.482,448.0,-0.4684541295652175,0.2720730434782609,0.1495999999999999,0.8822,True
782,occipital_protuberance,512.922,489.21400000000006,-0.3930992176086955,0.3997066550000001,0.0685999999999999,0.927,False
782,tail_base,463.182,338.106,-0.5056994800000001,-0.06261684,0.1248000000000001,0.9494,True
782,tail_tip,453.578,297.524,-0.5254668808695653,-0.1761008295652174,0.0388000000000001,0.8604,True
782,withers,488.34,447.942,-0.4673106173913044,0.2709760669565217,0.1591999999999998,0.8744,True
783,occipital_protuberance,513.048,489.112,-0.3923782739130435,0.3990543173913042,0.071,0.9326,True
783,tail_base,463.29800000000006,338.412,-0.5049835852173911,-0.0616947495652174,0.1268000000000002,0.952,True
783,tail_tip,453.3059999999999,298.412,-0.527045279130435,-0.1738656017391305,0.0348000000000001,0.8968,True
783,withers,488.294,448.018,-0.4670566026086956,0.2709806339130436,0.1645999999999999,0.9009,True
784,occipital_protuberance,513.1580000000001,489.006,-0.3911834854347822,0.3978573084782608,0.0771999999999998,0.9319,False
784,tail_base,463.468,338.682,-0.5051117791304347,-0.0609972860869564,0.1235999999999999,0.9548,True
784,tail_tip,452.934,298.97799999999995,-0.526631456521739,-0.171790195652174,0.042,0.9023,True
784,withers,488.1,448.206,-0.4672576086956521,0.2713293260869564,0.167,0.8961,True
785,occipital_protuberance,513.447,488.824,-0.3892880326086956,0.3962738260869564,0.0845,0.9259,True
785,tail_base,463.688,338.81800000000004,-0.5055171669565218,-0.0607324778260868,0.1181999999999998,0.9469,True
785,tail_tip,452.624,298.826,-0.5273005043478262,-0.1721516152173912,0.043,0.8883,True
785,withers,487.704,448.582,-0.468277092173913,0.2723703930434782,0.1681999999999998,0.8692,True
786,occipital_protuberance,514.215,488.528,-0.3864333956521738,0.394860368695652,0.0715999999999999,0.9332,True
786,tail_base,464.11800000000005,339.082,-0.504284282173913,-0.0599755439130435,0.1181999999999998,0.9382,True
786,tail_tip,452.458,298.82,-0.5279715,-0.172235,0.042,0.8901,True
786,withers,487.196,449.45,-0.4710681573913042,0.2757587934782608,0.1853000000000002,0.8944,True
787,occipital_protuberance,515.168,488.27199999999993,-0.3815788591304347,0.3920940417391302,0.0858000000000001,0.9366,True
787,tail_base,464.692,339.342,-0.5032101808695653,-0.0592974417391304,0.1296999999999998,0.9251,True
787,tail_tip,452.55,298.742,-0.5285274999999999,-0.1727209260869564,0.038,0.9126,True
787,withers,486.932,450.698,-0.4734792547826088,0.2805525743478262,0.1756999999999998,0.9167,True
788,occipital_protuberance,516.424,488.1139999999999,-0.3753755321739131,0.3891602004347824,0.0944000000000001,0.9505,True
788,tail_base,465.35,339.644,-0.5024984239130434,-0.058567752173913,0.1235,0.9453,True
788,tail_tip,452.642,297.96,-0.5274534999999999,-0.1746560869565218,0.042,0.9163,True
788,withers,487.12,451.936,-0.473495947826087,0.2847417808695651,0.1965999999999999,0.9263,True
789,occipital_protuberance,518.164,487.962,-0.3674414843478261,0.3859167013043478,0.1114000000000001,0.9381,True
789,tail_base,466.24000000000007,340.16,-0.5003154782608693,-0.0571262608695651,0.13,0.9647,True
789,tail_tip,452.99,297.37,-0.5277340891304348,-0.1767391369565217,0.0358000000000001,0.9064,True
789,withers,487.436,453.034,-0.4729152339130436,0.2883851752173913,0.2151999999999998,0.9225,True
790,occipital_protuberance,520.0,487.932,-0.3588782608695652,0.3826001139130434,0.1215999999999999,0.9088,True
790,tail_base,467.25,340.988,-0.4971820108695652,-0.0547173626086956,0.1341999999999998,0.9655,True
790,tail_tip,453.108,296.10600000000005,-0.5278073852173912,-0.1804449899999998,0.0338000000000001,0.8927,True
790,withers,488.30300000000005,454.534,-0.4724207333695651,0.2944014819565217,0.2159000000000001,0.9053,True
791,occipital_protuberance,521.37,488.124,-0.3526663586956521,0.3808903695652173,0.132,0.9384,True
791,tail_base,468.376,342.052,-0.4945382869565216,-0.0517175521739131,0.131,0.9589,True
791,tail_tip,453.386,294.61600000000004,-0.5291318265217393,-0.1853920678260868,0.0184,0.8768,True
791,withers,489.717,456.204,-0.4709575188043478,0.3014845134782609,0.2164000000000001,0.8874,True
792,occipital_protuberance,522.7259999999999,488.28,-0.3486352065217394,0.3813541304347826,0.126,0.9733,True
792,tail_base,469.346,343.448,-0.4933384547826087,-0.0478496730434783,0.1224,0.9408,True
792,tail_tip,454.22800000000007,294.862,-0.5284405695652172,-0.1852892891304348,0.031,0.9187,True
792,withers,491.013,457.3,-0.4704264524999999,0.30722475,0.2090999999999999,0.923,False
793,occipital_protuberance,524.152,488.636,-0.3439678226086955,0.3819370626086955,0.1259000000000001,0.9884,True
793,tail_base,470.184,345.21,-0.4923187339130433,-0.0428781391304348,0.1148000000000001,0.93,True
793,tail_tip,455.75200000000007,296.596,-0.5270293878260867,-0.1813630069565217,0.0214,0.8676,True
793,withers,492.419,458.228,-0.469484035543478,0.3124824865217389,0.1833000000000001,0.9543,True
794,occipital_protuberance,525.734,489.324,-0.3402642756521737,0.385104380869565,0.1144,0.9861,True
794,tail_base,470.912,347.218,-0.4912006400000001,-0.0371317099999999,0.1094000000000001,0.9413,True
794,tail_tip,457.48,297.8,-0.5241895043478261,-0.1786356956521738,0.0168000000000001,0.7287,True
794,withers,494.179,459.314,-0.4667064505434783,0.317858775,0.1655,0.9647,True
795,occipital_protuberance,527.7719999999999,490.376,-0.333658723478261,0.3876135165217392,0.1068000000000001,1.0,True
795,tail_base,471.588,349.51000000000005,-0.4918728739130434,-0.0306376413043476,0.107,0.921,True
795,tail_tip,459.78,298.504,-0.5213059391304347,-0.177883864347826,0.0138000000000001,0.668,True
795,withers,496.174,460.064,-0.4595866030434783,0.3197479860869564,0.1631999999999998,0.912,True
796,occipital_protuberance,530.24,491.466,-0.3246032695652173,0.3887964052173913,0.1181999999999998,0.9911,True
796,tail_base,472.038,351.946,-0.4934066317391303,-0.0236595004347825,0.0914,0.899,True
796,tail_tip,462.417,299.006,-0.515338145,-0.1770019360869566,0.0101999999999998,0.4695,True
796,withers,498.4860000000001,460.62,-0.4512143126086955,0.3208246826086957,0.1515999999999999,0.9553,True
797,occipital_protuberance,532.816,492.696,-0.3137928104347825,0.3884819634782609,0.1275999999999999,0.9824,True
797,tail_base,472.438,354.294,-0.4950728569565217,-0.0168587491304348,0.0788000000000001,0.9504,True
797,tail_tip,464.865,297.304,-0.5096809228260871,-0.1824589895652174,0.0135999999999999,0.6121,True
797,withers,500.943,461.504,-0.4413548260869563,0.3221648695652174,0.154,0.9615,True
798,occipital_protuberance,535.2439999999999,493.876,-0.3050676904347828,0.3898701947826087,0.1058000000000001,0.922,True
798,tail_base,472.806,356.81800000000004,-0.4958392495652173,-0.0094367052173911,0.0715999999999999,0.9663,True
798,tail_tip,467.239,295.038,-0.5039738823913043,-0.1895054517391304,0.0131999999999998,0.21,True
798,withers,503.191,462.506,-0.4311862786956522,0.3230721713043479,0.1674000000000001,0.9059,True
799,occipital_protuberance,537.46,494.90600000000006,-0.2959839391304347,0.3894091017391305,0.1034,0.9471,True
799,tail_base,473.014,359.084,-0.4960210226086956,-0.0027209182608695,0.0731999999999998,0.9229,True
799,tail_tip,470.337,293.36400000000003,-0.4951208939130435,-0.1944612313043477,0.0121999999999998,0.886,True
799,withers,505.3175,463.396,-0.4224345891304347,0.3243038017391304,0.1639000000000001,0.9073,False
800,occipital_protuberance,538.82,495.496,-0.2919482913043477,0.3909648713043477,0.0759,0.9313,True
800,tail_base,472.9980000000001,361.008,-0.4938539578260868,0.0029808313043477,0.0884,0.9582,True
800,tail_tip,473.803,293.52,-0.4844281252173913,-0.193774747826087,0.0154,0.8453,True
800,withers,507.0185,464.204,-0.4165790032608695,0.3264303565217392,0.1605,0.9324,True
801,occipital_protuberance,539.702,495.93,-0.2897522004347826,0.3926899500000001,0.0361999999999998,0.929,True
801,tail_base,472.766,362.578,-0.4917043152173914,0.0075798804347825,0.107,0.9745,True
801,tail_tip,477.016,294.028,-0.4746731843478262,-0.1921362791304347,0.0175999999999999,0.9107,True
801,withers,508.212,464.788,-0.4108347652173913,0.3266652,0.164,0.9407,False
802,occipital_protuberance,540.366,496.15,-0.2886353660869566,0.3944206304347825,0.0288000000000001,0.9535,True
802,tail_base,472.232,363.784,-0.4898460886956522,0.0110484573913043,0.1288000000000002,0.9597,True
802,tail_tip,479.81,294.808,-0.4653867739130436,-0.189396932173913,0.0241999999999998,0.9081,True
802,withers,509.43500000000006,465.35,-0.4060287663043476,0.327615597826087,0.157,0.9343,False
803,occipital_protuberance,540.75,496.24000000000007,-0.2881054891304347,0.3954810260869567,0.0234,0.9476,True
803,tail_base,471.53,364.308,-0.4896250934782609,0.0125203591304347,0.1471999999999998,0.9504,True
803,tail_tip,482.102,294.924,-0.4546089373913042,-0.1873622921739131,0.0481999999999998,0.9209,True
803,withers,510.491,465.83,-0.4025477569565218,0.3289472478260871,0.1584000000000001,0.9209,False
804,occipital_protuberance,540.6099999999999,496.2600000000001,-0.2882742130434785,0.395213243478261,0.0255999999999999,0.9199,True
804,tail_base,470.814,364.69,-0.4915221095652175,0.0136254695652173,0.1481999999999998,0.9629,True
804,tail_tip,483.206,294.766,-0.4478854695652175,-0.1863423391304347,0.069,0.965,True
804,withers,511.3385,466.122,-0.4024028261956521,0.33190809,0.1265999999999999,0.9101,True
805,occipital_protuberance,540.4219999999999,496.338,-0.2891658530434785,0.3959136965217392,0.0224,0.9271,True
805,tail_base,470.242,364.736,-0.4939957799999999,0.0137817599999999,0.1438000000000001,0.9905,True
805,tail_tip,483.246,294.27200000000005,-0.4442272052173913,-0.1862674365217389,0.0898000000000001,0.9771,True
805,withers,511.9528333333334,466.1433333333333,-0.4021330547946858,0.3333439074879227,0.1147333333333331,0.915,True
806,occipital_protuberance,539.932,496.6,-0.2908280634782608,0.3970011739130436,0.0201999999999998,0.9598,True
806,tail_base,469.82,364.634,-0.4952238,0.01348494,0.1468000000000001,0.9879,True
806,tail_tip,482.3,293.988,-0.4445425869565217,-0.1860820878260869,0.1035999999999999,0.9745,True
806,withers,512.3340000000001,465.894,-0.4017593513043476,0.3332438139130433,0.1088000000000001,0.922,True
807,occipital_protuberance,539.1519999999999,496.866,-0.293336139130435,0.3981015391304347,0.043,0.9743,True
807,tail_base,469.752,364.4620000000001,-0.4958287947826088,0.0129950900000001,0.1445999999999999,0.9811,True
807,tail_tip,480.294,294.2,-0.4504056386956521,-0.1855703043478261,0.1024,0.9361,True
807,withers,512.482,465.374,-0.4012936017391305,0.331607396521739,0.0818000000000001,0.9003,False
808,occipital_protuberance,537.958,497.11800000000005,-0.2969200369565218,0.3989835717391306,0.062,0.9814,True
808,tail_base,469.762,364.086,-0.4954295882608696,0.0118911482608696,0.1465999999999999,0.9821,True
808,tail_tip,477.648,294.432,-0.4621032034782609,-0.1866264834782608,0.0784000000000001,0.9234,True
808,withers,512.6859999999999,464.856,-0.402229209130435,0.3312765756521738,0.0704,0.9168,False
809,occipital_protuberance,536.912,497.168,-0.300949728695652,0.4004411026086956,0.0531999999999998,0.943,True
809,tail_base,469.69,363.482,-0.4946394782608698,0.0101129391304346,0.149,0.9731,True
809,tail_tip,475.294,295.096,-0.4731000821739131,-0.1864296852173912,0.0544,0.8732,True
809,withers,512.818,464.294,-0.4009274308695652,0.3287754986956521,0.0768000000000001,0.8993,True
810,occipital_protuberance,535.7620000000001,497.1820000000001,-0.3039444117391302,0.4000048186956523,0.0824,0.9485,True
810,tail_base,469.576,362.89,-0.4943777947826087,0.0083835130434782,0.1521999999999998,0.9937,True
810,tail_tip,474.846,296.344,-0.479090212173913,-0.1846577530434782,0.0281999999999998,0.8855,True
810,withers,512.8946666666667,463.7766666666666,-0.3992120625120772,0.3259414538647342,0.0804666666666667,0.9069,True
811,occipital_protuberance,534.542,496.836,-0.3082812447826086,0.400007324347826,0.0985999999999999,0.934,True
811,tail_base,469.53600000000006,362.228,-0.494901460869565,0.0064684652173913,0.147,1.0,True
811,tail_tip,476.94000000000005,297.734,-0.4746818391304346,-0.1812617404347827,0.0188000000000001,0.8563,True
811,withers,512.816,463.19,-0.3984453530434781,0.3232763239130432,0.0878000000000001,0.9139,True
812,occipital_protuberance,533.408,496.5,-0.3135195130434782,0.4014880434782608,0.1,0.9523,True
812,tail_base,469.566,361.394,-0.4949996173913044,0.0040486608695652,0.146,0.9916,True
812,tail_tip,480.9599999999999,298.5,-0.461700034782609,-0.1785371739130435,0.0201999999999998,0.8881,True
812,withers,512.734,462.798,-0.3992002421739129,0.3224505091304346,0.0841999999999998,0.9212,True
813,occipital_protuberance,532.326,495.986,-0.3189491139130433,0.4028141817391303,0.0808000000000001,0.9487,True
813,tail_base,469.862,360.728,-0.494509795652174,0.0021159478260868,0.141,0.9782,True
813,tail_tip,485.996,298.702,-0.4456407052173913,-0.1773777560869565,0.0318000000000001,0.9362,True
813,withers,512.6,462.438,-0.3977095652173912,0.3197847130434781,0.0815,0.9217,True
814,occipital_protuberance,531.162,495.542,-0.3234618039130433,0.4028249308695653,0.0958000000000001,0.9611,True
814,tail_base,470.336,360.066,-0.4937222400000001,0.0001920599999999,0.1348000000000001,0.9297,True
814,tail_tip,490.948,298.21,-0.4300798252173912,-0.1782910152173913,0.0394,0.9543,True
814,withers,512.469,462.284,-0.3963580307608694,0.3178920013043478,0.0941999999999998,0.9236,True
815,occipital_protuberance,529.912,494.966,-0.3304554573913043,0.4051327234782609,0.0744,0.9309,True
815,tail_base,470.88,359.482,-0.4919186086956522,-0.0015067043478261,0.136,0.9146,True
815,tail_tip,494.462,297.102,-0.416586705652174,-0.1800386882608696,0.0635999999999999,0.8708,True
815,withers,512.3489999999999,462.33,-0.3967309829347828,0.3180349663043479,0.1206999999999998,0.9238,True
816,occipital_protuberance,528.8299999999999,494.546,-0.3346700347826089,0.4050419582608695,0.0724,0.9264,True
816,tail_base,471.21400000000006,358.852,-0.4907636413043476,-0.0033379347826087,0.137,0.9289,True
816,tail_tip,495.978,296.212,-0.410619245652174,-0.1818651347826087,0.074,0.9269,True
816,withers,512.262,462.7720000000001,-0.3971818726086958,0.3195538947826088,0.1299000000000001,0.924,False
817,occipital_protuberance,527.836,494.332,-0.3389547313043478,0.4059454634782607,0.0618000000000001,0.9323,True
817,tail_base,471.33,358.304,-0.4898396804347825,-0.0049254052173913,0.1401999999999998,0.9304,True
817,tail_tip,496.222,295.76800000000003,-0.4105799582608694,-0.1834242504347825,0.0698000000000001,0.9289,True
817,withers,512.0559999999999,463.346,-0.3971270504347828,0.3207769973913043,0.1349000000000001,0.9086,True
818,occipital_protuberance,527.242,494.2299999999999,-0.3422205300000001,0.4073880499999997,0.0528000000000001,0.9717,True
818,tail_base,471.128,357.742,-0.4902427582608696,-0.0065550721739131,0.1351999999999998,0.9458,True
818,tail_tip,495.756,295.872,-0.4112521869565219,-0.182834504347826,0.074,0.8914,True
818,withers,511.815,463.852,-0.3982094891304349,0.3226184956521738,0.1325,0.8918,False
819,occipital_protuberance,526.574,494.16,-0.3458260108695654,0.4090421739130435,0.04,0.9544,True
819,tail_base,470.712,357.288,-0.4914504243478261,-0.0078730539130434,0.1351999999999998,0.9558,True
819,tail_tip,494.712,296.258,-0.4122704921739131,-0.1808748534782609,0.0864,0.9164,True
819,withers,511.624,464.2900000000001,-0.3987888808695652,0.323967816304348,0.1390999999999999,0.898,True
820,occipital_protuberance,526.108,494.122,-0.3476924686956523,0.4094511404347826,0.0364,0.947,True
820,tail_base,470.192,356.834,-0.4935506434782608,-0.0092020478260869,0.132,0.9837,True
820,tail_tip,492.982,296.52,-0.4174991595652174,-0.1802694,0.0844,0.9425,True
820,withers,511.335,464.407,-0.399155191847826,0.3239000203260869,0.1429,0.9022,False
821,occipital_protuberance,525.648,494.066,-0.350712612173913,0.4111745930434782,0.0324,0.9587,True
821,tail_base,469.7720000000001,356.49799999999993,-0.4949564130434781,-0.0101824456521741,0.137,0.9917,True
821,tail_tip,490.888,296.11800000000005,-0.4231215078260868,-0.181272118695652,0.0864,0.9243,True
821,withers,511.026,464.121,-0.3995950973913043,0.32259402,0.1400999999999999,0.8981,True
822,occipital_protuberance,525.1859999999999,493.724,-0.3525788182608698,0.4106489617391303,0.0288000000000001,1.0,True
822,tail_base,469.364,356.224,-0.4965507599999998,-0.01098816,0.1288000000000002,0.9862,True
822,tail_tip,488.364,295.682,-0.4297562026086956,-0.1822856013043479,0.0895999999999999,0.9061,True
822,withers,510.688,463.409,-0.4006423095652174,0.3203880582608696,0.1605999999999999,0.9094,False
823,occipital_protuberance,524.678,493.306,-0.3541388199999999,0.4093653382608697,0.0288000000000001,1.0,True
823,tail_base,469.054,355.956,-0.498270427826087,-0.0117873808695651,0.1244000000000001,0.9899,True
823,tail_tip,485.288,295.278,-0.4391802817391304,-0.18372606,0.0854,0.9583,True
823,withers,510.338,462.643,-0.4018253567391303,0.3180928883695652,0.1529000000000001,0.9477,True
824,occipital_protuberance,524.2,492.808,-0.3562108695652172,0.4085289565217391,0.024,1.0,True
824,tail_base,468.812,355.654,-0.4985664426086956,-0.0126572526086956,0.1265999999999999,0.9818,True
824,tail_tip,481.99,295.04800000000006,-0.4506720000000001,-0.1852543999999998,0.073,0.9409,True
824,withers,509.976,461.823,-0.4031450652173913,0.3157066385869566,0.1515,0.9815,True
825,occipital_protuberance,523.816,492.448,-0.3566343652173911,0.4065577739130434,0.03,1.0,True
825,tail_base,468.546,355.422,-0.4989684126086957,-0.0133229752173913,0.1285999999999999,0.9688,True
825,tail_tip,478.636,294.88800000000003,-0.462658651304348,-0.1866874278260868,0.0591999999999998,0.9339,True
825,withers,509.71400000000006,461.171,-0.4040565382608693,0.313762062173913,0.1373000000000001,0.9931,False
826,occipital_protuberance,523.516,492.072,-0.3575552347826088,0.4054036173913043,0.03,1.0,True
826,tail_base,468.264,355.104,-0.5003864365217393,-0.0142654539130435,0.1254000000000001,0.9681,True
826,tail_tip,475.556,295.046,-0.4743136939130433,-0.1873499286956522,0.0434,0.9024,True
826,withers,509.552,460.687,-0.4045589495652172,0.3122610308695652,0.1373000000000001,0.9792,True
827,occipital_protuberance,523.192,491.898,-0.3583974156521738,0.4046974721739131,0.0311999999999998,1.0,True
827,tail_base,468.084,354.858,-0.5012846321739131,-0.0149934013043478,0.1234,0.9714,True
827,tail_tip,473.134,295.31,-0.4830407947826086,-0.1872634869565217,0.0338000000000001,0.8686,True
827,withers,509.545,460.539,-0.4033895478260871,0.3108840730434784,0.1456999999999998,0.9817,False
828,occipital_protuberance,522.9,491.704,-0.3579186956521739,0.4025561391304348,0.049,1.0,True
828,tail_base,467.902,354.586,-0.5009922430434781,-0.0157606247826086,0.1278000000000002,0.9592,True
828,tail_tip,471.598,295.776,-0.4882925817391305,-0.1862216765217391,0.0294,0.9085,True
828,withers,509.548,460.505,-0.4012391569565219,0.3091293461956521,0.1608000000000002,0.9848,True
829,occipital_protuberance,522.41,491.546,-0.3580359869565218,0.4005289730434782,0.0598000000000001,0.9975,True
829,tail_base,467.724,354.358,-0.5010984521739131,-0.0164108608695652,0.13,0.956,True
829,tail_tip,470.842,296.308,-0.4912936695652175,-0.1849837217391304,0.025,0.9195,True
829,withers,509.726,460.559,-0.3987942023913043,0.3078307735869566,0.1741999999999998,0.9764,False
830,occipital_protuberance,521.6899999999999,491.466,-0.3597652782608697,0.3997709582608696,0.0634000000000001,0.9942,True
830,tail_base,467.534,354.108,-0.5020260304347826,-0.0171508434782608,0.128,0.9439,True
830,tail_tip,470.744,296.928,-0.4917622695652173,-0.1832515826086956,0.024,0.9337,True
830,withers,509.96100000000007,460.862,-0.3961101017391302,0.3072344226086955,0.1880999999999999,0.9796,True
831,occipital_protuberance,520.8979999999999,491.24799999999993,-0.362173646956522,0.399108048695652,0.0694,0.9438,True
831,tail_base,467.33,353.932,-0.5022069413043477,-0.0176486460869564,0.1301999999999998,0.9406,True
831,tail_tip,471.104,297.736,-0.4908998956521739,-0.1809716695652174,0.023,0.9312,True
831,withers,510.131,461.136,-0.3927690278260871,0.3058704417391303,0.2080999999999999,0.9584,True
832,occipital_protuberance,520.036,490.9719999999999,-0.3655772504347828,0.3991229339130432,0.0634000000000001,0.9101,True
832,tail_base,467.054,353.78200000000004,-0.5028216965217392,-0.0180781591304346,0.1281999999999998,0.935,True
832,tail_tip,471.548,298.726,-0.4896094000000001,-0.1780942130434782,0.023,0.9217,True
832,withers,510.182,461.22,-0.3911190569565219,0.3049582565217391,0.2186999999999998,0.9501,True
833,occipital_protuberance,519.126,490.836,-0.3700846556521739,0.4005857008695651,0.0531999999999998,0.9322,True
833,tail_base,466.77,353.664,-0.5034591021739131,-0.0184143443478261,0.1291999999999998,0.9324,True
833,tail_tip,471.992,299.42,-0.4885015217391303,-0.1761429347826087,0.022,0.9162,True
833,withers,510.074,461.206,-0.3909642808695653,0.3045420547826087,0.2220999999999999,0.9563,True
834,occipital_protuberance,518.13,490.652,-0.3745647956521739,0.4015560817391305,0.0484,0.9394,True
834,tail_base,466.506,353.494,-0.5054709973913043,-0.0189550895652173,0.1225999999999999,0.9333,True
834,tail_tip,472.16,300.078,-0.4878306086956521,-0.1741645956521739,0.023,0.9181,True
834,withers,509.9,461.034,-0.3906676739130436,0.3033875308695652,0.2279000000000001,0.9661,True
835,occipital_protuberance,517.1139999999999,490.168,-0.3796108826086959,0.4021059304347826,0.034,0.9569,True
835,tail_base,466.3,353.284,-0.5060711739130435,-0.01956692,0.1225999999999999,0.9242,True
835,tail_tip,472.102,300.47799999999995,-0.4879991869565216,-0.1730019869565218,0.023,0.9257,True
835,withers,509.552,460.872,-0.3927335547826086,0.3036905060869564,0.2206999999999998,0.9822,True
836,occipital_protuberance,515.8399999999999,489.548,-0.3841942260869567,0.4008665721739128,0.0391999999999998,0.9729,True
836,tail_base,466.146,353.08000000000004,-0.5075780913043478,-0.0202033913043477,0.114,0.9146,True
836,tail_tip,471.652,300.598,-0.4893071217391303,-0.1726532043478262,0.0255,0.9142,True
836,withers,509.266,460.582,-0.3945608960869566,0.3035608491304347,0.2379,0.9841,True
837,occipital_protuberance,514.5060000000001,489.062,-0.3881583982608693,0.3991943773913043,0.0524,0.9442,True
837,tail_base,466.05,352.878,-0.5076692934782608,-0.020785402173913,0.115,0.9011,True
837,tail_tip,470.942,300.328,-0.491370752173913,-0.1734379652173913,0.0255,0.935,True
837,withers,509.116,460.54,-0.3954973043478261,0.3038056521739129,0.2345,0.983,True
838,occipital_protuberance,513.1460000000001,488.556,-0.3921994756521737,0.3974616156521741,0.0700999999999999,0.9291,True
838,tail_base,465.9980000000001,352.704,-0.5081993195652172,-0.0213090782608695,0.113,0.8969,True
838,tail_tip,470.102,300.228,-0.4938122304347825,-0.1737286173913043,0.0255,0.9461,True
838,withers,508.934,460.534,-0.3941097634782607,0.3023013669565217,0.2480999999999999,0.9638,True
839,occipital_protuberance,512.008,488.1060000000001,-0.3963856591304346,0.3967387121739131,0.0783000000000001,0.9012,True
839,tail_base,465.972,352.54800000000006,-0.5074429486956521,-0.0217290599999998,0.1174,0.8964,True
839,tail_tip,469.61,299.982,-0.4954274456521738,-0.1745088586956522,0.0245,0.9613,True
839,withers,508.548,460.894,-0.3962706269565219,0.3041515430434781,0.2410999999999999,0.9717,True
840,occipital_protuberance,510.976,488.024,-0.4008158608695653,0.3977093391304348,0.0695,0.9004,True
840,tail_base,465.932,352.38,-0.5071811747826088,-0.0222023608695652,0.1194,0.9023,True
840,tail_tip,469.448,300.112,-0.4958984782608694,-0.1741308695652174,0.0245,0.9615,True
840,withers,508.126,460.966,-0.3953639856521738,0.302700457826087,0.2563000000000002,0.9931,True
841,occipital_protuberance,510.342,488.326,-0.4034900586956522,0.3993449326086957,0.074,0.9275,True
841,tail_base,465.912,352.088,-0.5058013304347827,-0.0229877999999999,0.127,0.9122,True
841,tail_tip,469.546,300.37600000000003,-0.4956135326086957,-0.1733632608695651,0.0245,0.9605,True
841,withers,507.814,461.346,-0.3959832782608694,0.3035973652173913,0.283,0.9835,True
842,occipital_protuberance,509.832,488.584,-0.4063222417391305,0.4013777513043479,0.0651999999999998,0.9458,True
842,tail_base,465.92,351.826,-0.5059673043478262,-0.0237579086956521,0.126,0.9209,True
842,tail_tip,469.978,300.884,-0.494357445652174,-0.171886195652174,0.027,0.9393,True
842,withers,507.326,461.416,-0.396781786521739,0.3032999808695652,0.2875999999999999,0.9892,True
843,occipital_protuberance,509.444,488.802,-0.4080726452173914,0.4025902513043477,0.0614,0.9509,True
843,tail_base,465.93799999999993,351.572,-0.5061420243478263,-0.0245071582608695,0.1188000000000001,0.9437,True
843,tail_tip,470.56000000000006,301.508,-0.4928493913043477,-0.1701354260869566,0.026,0.9242,True
843,withers,506.864,461.384,-0.4018391791304346,0.30600336,0.2621999999999998,0.9832,True
844,occipital_protuberance,509.328,489.128,-0.4088045113043478,0.4039741408695651,0.0718000000000001,0.9572,True
844,tail_base,465.976,351.386,-0.5060315269565218,-0.0250480139130435,0.1188000000000001,0.9408,True
844,tail_tip,471.108,302.318,-0.4912554260869565,-0.1677793826086957,0.026,0.9082,True
844,withers,506.314,461.046,-0.4045454608695651,0.3057739826086956,0.262,0.991,True
845,occipital_protuberance,509.404,489.334,-0.4085667469565217,0.4046186073913043,0.0718000000000001,0.9444,True
845,tail_base,466.074,351.246,-0.5059356100000001,-0.0254646247826087,0.1178000000000001,0.9418,True
845,tail_tip,471.688,303.04200000000003,-0.4893854347826087,-0.1656115760869564,0.027,0.8974,True
845,withers,505.966,460.9440000000001,-0.4055985391304347,0.3054653217391306,0.262,0.9859,True
846,occipital_protuberance,509.554,489.49,-0.4080974752173913,0.4051066499999998,0.0588000000000001,0.9498,True
846,tail_base,466.172,351.274,-0.505650536521739,-0.0253831752173912,0.1178000000000001,0.9451,True
846,tail_tip,472.244,303.816,-0.4875864608695652,-0.1633000173913044,0.028,0.8755,True
846,withers,505.448,460.844,-0.4095938382608696,0.3069822895652171,0.2454000000000001,0.9738,True
847,occipital_protuberance,509.782,489.552,-0.406478317826087,0.4043993843478262,0.0651999999999998,0.946,True
847,tail_base,466.292,351.28200000000004,-0.5053014669565217,-0.0253599039130433,0.1178000000000001,0.9486,True
847,tail_tip,472.85,304.47200000000004,-0.4856434239130434,-0.1613329826086955,0.029,0.8989,True
847,withers,505.156,461.078,-0.4118604782608697,0.3087273695652173,0.236,0.9707,True
848,occipital_protuberance,510.02,489.68,-0.4055376,0.4046015999999999,0.0665999999999999,0.9437,True
848,tail_base,466.432,351.344,-0.5048942191304349,-0.0251795513043478,0.1178000000000001,0.9493,True
848,tail_tip,473.488,304.956,-0.4837897565217391,-0.159926752173913,0.0265,0.9133,True
848,withers,505.012,461.554,-0.4115960191304347,0.3096513921739129,0.2408000000000001,0.9525,True
849,occipital_protuberance,510.23,489.678,-0.4041771282608695,0.4038905882608695,0.0715999999999999,0.9401,True
849,tail_base,466.594,351.376,-0.5048376417391306,-0.0251070886956522,0.1155999999999999,0.952,True
849,tail_tip,473.982,305.354,-0.4827514713043479,-0.1589010643478261,0.0268000000000001,0.9299,True
849,withers,504.98,461.914,-0.4116935913043477,0.3107490791304348,0.2408000000000001,0.9473,True
850,occipital_protuberance,510.24799999999993,489.578,-0.4028799600000001,0.4023396899999998,0.0804000000000001,0.9378,True
850,tail_base,466.77,351.416,-0.5041369586956522,-0.0249813060869565,0.1165999999999999,0.9462,True
850,tail_tip,474.378,305.834,-0.4817799960869565,-0.1575641839130434,0.0258000000000001,0.9364,True
850,withers,504.846,462.034,-0.4141588660869565,0.3126676660869565,0.2408000000000001,0.9315,True
851,occipital_protuberance,510.264,489.48,-0.4031969252173915,0.4024013217391304,0.0778000000000001,0.9295,True
851,tail_base,466.908,351.386,-0.503509576521739,-0.0250573769565216,0.1178000000000001,0.9495,True
851,tail_tip,474.798,306.36800000000005,-0.4807378200000001,-0.1560691199999998,0.0198000000000001,0.9497,True
851,withers,504.916,462.36,-0.4123585930434783,0.3124650260869566,0.2375999999999999,0.9404,True
852,occipital_protuberance,510.354,489.408,-0.4058201639130436,0.4050751721739131,0.0571999999999998,0.9415,True
852,tail_base,466.988,351.366,-0.5030888069565217,-0.0251061704347826,0.1188000000000001,0.9563,True
852,tail_tip,475.262,306.952,-0.4791727043478261,-0.1543004869565217,0.021,0.9722,True
852,withers,504.828,462.434,-0.4135087791304349,0.3133589669565218,0.2455999999999999,0.9469,True
853,occipital_protuberance,510.466,489.274,-0.4089332060869565,0.4081123973913043,0.0325999999999999,0.9408,True
853,tail_base,467.02,351.3,-0.5023940869565218,-0.0252678260869564,0.122,0.9606,True
853,tail_tip,475.644,307.602,-0.4777042869565219,-0.1522959260869566,0.023,0.9758,True
853,withers,504.612,462.164,-0.4152291095652175,0.3133325460869566,0.2384,0.9332,True
854,occipital_protuberance,510.72,488.9120000000001,-0.4091712000000002,0.4080064800000003,0.0251999999999998,0.939,True
854,tail_base,467.012,351.26,-0.5014019573913043,-0.0253327,0.1274000000000001,0.9567,True
854,tail_tip,475.988,308.168,-0.4761339669565217,-0.1504705495652173,0.0261999999999998,0.978,True
854,withers,504.52199999999993,461.988,-0.4158585565217393,0.3130588173913043,0.236,0.9354,True
855,occipital_protuberance,511.05,488.746,-0.4088275652173913,0.4081807965217391,0.0076999999999998,0.9282,True
855,tail_base,466.912,351.226,-0.5014660382608697,-0.0254198039130434,0.1285999999999999,0.9557,True
855,tail_tip,476.216,308.506,-0.4750804156521739,-0.1493661830434783,0.0309,0.9812,True
855,withers,504.49000000000007,461.79,-0.4168405434782606,0.3131148913043477,0.23,0.9323,True
856,occipital_protuberance,511.474,488.45200000000006,-0.4071200752173913,0.4068856721739132,0.0103000000000001,0.9033,True
856,tail_base,466.7360000000001,351.23400000000004,-0.5025785982608695,-0.0254271169565216,0.1254000000000001,0.9555,True
856,tail_tip,476.35,308.72799999999995,-0.4745138478260868,-0.148666507826087,0.0264,0.9821,True
856,withers,504.29,461.154,-0.4178097869565219,0.31142238,0.2205999999999999,0.9333,True
857,occipital_protuberance,512.062,488.13,-0.4034497017391303,0.4040551695652173,0.0263000000000001,0.904,True
857,tail_base,466.554,351.276,-0.5026917547826087,-0.0252844278260869,0.1275999999999999,0.9555,True
857,tail_tip,476.302,308.848,-0.4748665460869564,-0.1483852800000001,0.0251999999999998,0.9794,True
857,withers,504.154,460.764,-0.41840568,0.31035312,0.2194000000000001,0.9322,True
858,occipital_protuberance,512.8140000000001,487.788,-0.3975115482608692,0.39939306,0.0390999999999999,0.8945,True
858,tail_base,466.374,351.32,-0.5029869730434784,-0.0251455826086956,0.1288000000000002,0.9428,True
858,tail_tip,475.99799999999993,308.98400000000004,-0.4757484104347828,-0.1479907617391303,0.0306999999999998,0.9767,True
858,withers,503.968,460.612,-0.4195108591304347,0.3102786591304346,0.2158000000000001,0.9286,True
859,occipital_protuberance,513.27,487.852,-0.3949017000000001,0.3983979495652175,0.0476999999999998,0.9164,True
859,tail_base,466.146,351.312,-0.5040632169565218,-0.0251895339130434,0.1265999999999999,0.9374,True
859,tail_tip,475.554,309.15,-0.4772151421739132,-0.1475644891304348,0.0296999999999998,0.9792,True
859,withers,503.664,460.3959999999999,-0.4206261982608694,0.309743485217391,0.2145999999999999,0.9289,True
860,occipital_protuberance,513.812,487.872,-0.3934048060869564,0.3986548591304348,0.0463000000000001,0.9325,True
860,tail_base,465.954,351.38199999999995,-0.5046198917391305,-0.0249865795652175,0.1265999999999999,0.9354,True
860,tail_tip,475.142,309.426,-0.4788049739130435,-0.1468844869565218,0.0275,0.968,True
860,withers,503.47,460.432,-0.4212247304347827,0.3098545530434781,0.2145999999999999,0.9204,True
861,occipital_protuberance,514.2819999999999,488.07,-0.3912562800000002,0.3985761130434782,0.0353000000000001,0.9345,True
861,tail_base,465.84,351.476,-0.5047611130434784,-0.0247047756521739,0.1275999999999999,0.9316,True
861,tail_tip,474.72,309.748,-0.4802102608695653,-0.1460039086956522,0.0265,0.9447,True
861,withers,503.324,460.758,-0.4236658878260871,0.3123278960869565,0.2116999999999998,0.9095,True
862,occipital_protuberance,514.588,488.3560000000001,-0.3892679426086958,0.3984058626086957,0.0424,0.9293,True
862,tail_base,465.768,351.556,-0.5049697878260868,-0.0244729147826087,0.1275999999999999,0.9225,True
862,tail_tip,474.32,310.176,-0.4813724347826087,-0.1447603826086957,0.029,0.9325,True
862,withers,503.206,460.8440000000001,-0.4238532352173912,0.3124629417391306,0.2129000000000001,0.9054,True
863,occipital_protuberance,514.846,488.716,-0.388059022173913,0.3991035452173913,0.0454,0.9378,True
863,tail_base,465.712,351.76800000000003,-0.5049426469565218,-0.0238495356521738,0.1345999999999999,0.9123,True
863,tail_tip,474.192,310.60400000000004,-0.4819245565217391,-0.1435705478260868,0.028,0.914,True
863,withers,503.17,460.746,-0.4227154630434783,0.3112394360869563,0.2213000000000002,0.9138,True
864,occipital_protuberance,515.4080000000001,488.966,-0.3856664104347822,0.3992058421739131,0.0501999999999998,0.9642,True
864,tail_base,465.7,352.21000000000004,-0.5045606086956522,-0.022550356521739,0.1368000000000001,0.912,True
864,tail_tip,474.2780000000001,311.03200000000004,-0.4818547282608693,-0.1423797826086955,0.027,0.9061,True
864,withers,503.254,460.664,-0.4220992291304347,0.3107235078260871,0.2236999999999998,0.9247,True
865,occipital_protuberance,516.1220000000001,489.142,-0.3821097699999998,0.3983469213043478,0.0481999999999998,0.9703,False
865,tail_base,465.778,352.72400000000005,-0.5045620617391305,-0.021071928695652,0.1355999999999999,0.8981,True
865,tail_tip,474.454,311.334,-0.4813429891304347,-0.1415016847826087,0.033,0.9049,True
865,withers,503.426,460.362,-0.4219245899999998,0.310053126521739,0.2108000000000001,0.9247,True
866,occipital_protuberance,517.476,489.45,-0.3764949434782608,0.3977773369565217,0.052,0.9712,True
866,tail_base,465.946,353.32800000000003,-0.5036593030434782,-0.0193067373913042,0.1408000000000001,0.9222,True
866,tail_tip,474.788,311.692,-0.4803718478260869,-0.1404607608695651,0.027,0.902,True
866,withers,503.562,459.816,-0.4216824013043477,0.3084965373913043,0.2095999999999999,0.9145,True
867,occipital_protuberance,519.1780000000001,489.812,-0.3692162726086953,0.39668854,0.0585999999999999,0.97,True
867,tail_base,466.134,354.03000000000003,-0.5037200395652174,-0.0172961282608694,0.1375999999999999,0.9452,True
867,tail_tip,475.20200000000006,312.016,-0.4793472260869563,-0.1395708521739131,0.026,0.9172,True
867,withers,503.426,459.308,-0.4224590099999998,0.3071855504347826,0.2001999999999998,0.914,True
868,occipital_protuberance,521.346,490.38,-0.3606823656521739,0.3963268565217391,0.0704,0.9723,True
868,tail_base,466.366,354.81,-0.5040670513043479,-0.0150667956521739,0.1351999999999998,0.9637,True
868,tail_tip,475.74799999999993,312.48999999999995,-0.477580543478261,-0.1381404891304349,0.027,0.9231,True
868,withers,503.73,459.256,-0.4237108282608695,0.308621427826087,0.1854000000000001,0.909,True
869,occipital_protuberance,524.292,491.008,-0.349815468695652,0.39607136,0.0760999999999999,1.0,True
869,tail_base,466.718,355.56800000000004,-0.5032335299999999,-0.0128711060869564,0.1341999999999998,0.9777,True
869,tail_tip,476.52,312.896,-0.474589547826087,-0.1367449599999999,0.0286999999999998,0.9288,True
869,withers,504.5280000000001,459.792,-0.4215829739130432,0.3105483652173914,0.19,0.9133,True
870,occipital_protuberance,527.736,491.838,-0.3360110330434783,0.3945968660869566,0.0884,0.9879,True
870,tail_base,467.06000000000006,356.456,-0.5024282956521737,-0.0102960904347825,0.1391999999999998,0.9862,True
870,tail_tip,477.396,313.236,-0.4714809026086956,-0.1355952678260869,0.0319,0.9581,True
870,withers,505.602,460.436,-0.417188922173913,0.3117664443478262,0.1901999999999998,0.9622,True
871,occipital_protuberance,531.3340000000001,492.61800000000005,-0.3217694752173911,0.3926934300000001,0.1058000000000001,1.0,True
871,tail_base,467.376,357.548,-0.501322612173913,-0.0071209278260869,0.1401999999999998,0.9864,True
871,tail_tip,478.42,313.344,-0.467563343478261,-0.1350082643478261,0.0318000000000001,0.9327,True
871,withers,506.93,461.294,-0.4125459282608695,0.3140334204347827,0.1868000000000002,0.9666,True
872,occipital_protuberance,535.012,493.508,-0.3078430747826088,0.3914686747826086,0.1114000000000001,0.958,True
872,tail_base,467.648,358.794,-0.5005326886956523,-0.0035023813043478,0.1401999999999998,0.9745,True
872,tail_tip,479.656,313.278,-0.4630455860869567,-0.1349250104347825,0.0341999999999998,0.8971,True
872,withers,508.86,462.454,-0.4069046130434782,0.3178969439130435,0.1634000000000001,0.9701,True
873,occipital_protuberance,538.5319999999999,494.426,-0.2940366173913045,0.3895431695652175,0.0645,0.9865,True
873,tail_base,467.892,360.174,-0.4998240808695653,0.0005053186956521,0.1431999999999998,0.9512,True
873,tail_tip,480.988,312.81800000000004,-0.4584385095652174,-0.1360277573913042,0.0385999999999999,0.9001,True
873,withers,510.806,463.612,-0.4001643721739129,0.3209269078260868,0.1614000000000001,0.9456,True
874,occipital_protuberance,542.382,495.926,-0.2790601521739131,0.3885710652173914,0.045,0.9477,True
874,tail_base,468.03,361.644,-0.4998345434782607,0.0047783217391302,0.144,0.9871,True
874,tail_tip,482.286,312.15,-0.4546963191304349,-0.1379536304347826,0.0385999999999999,0.9272,True
874,withers,512.684,464.8,-0.3938492782608697,0.3241965217391304,0.131,0.9191,True
875,occipital_protuberance,546.26,497.484,-0.2638169652173913,0.3869277965217392,0.0538000000000001,0.9133,True
875,tail_base,468.12,363.154,-0.5003949913043478,0.0091822539130434,0.1425999999999999,1.0,True
875,tail_tip,483.88,311.362,-0.4502704434782608,-0.1402783360869566,0.0375999999999999,0.9449,True
875,withers,514.4939999999999,466.316,-0.3879226756521741,0.3286088886956521,0.1164,0.967,True
876,occipital_protuberance,549.818,499.17,-0.2508431934782609,0.3871043804347825,0.0525,0.9771,True
876,tail_base,468.216,364.878,-0.5007130156521739,0.0142183095652173,0.1424,1.0,True
876,tail_tip,485.716,310.754,-0.4446062399999999,-0.1419141252173912,0.0398000000000001,0.9791,True
876,withers,516.48,468.024,-0.3812740173913043,0.333441907826087,0.1101999999999998,0.9806,True
877,occipital_protuberance,553.508,501.086,-0.2373265269565216,0.3871277156521738,0.0515999999999999,1.0,True
877,tail_base,468.474,366.754,-0.4999610017391304,0.0196864417391304,0.1484000000000001,0.9832,True
877,tail_tip,487.672,310.258,-0.4389695582608695,-0.143343467826087,0.0373000000000001,0.9221,True
877,withers,518.607,469.881,-0.3745501845652175,0.3390306593478261,0.0759,0.9446,True
878,occipital_protuberance,557.482,503.058,-0.2231753126086957,0.3869096908695652,0.0553000000000001,0.9895,True
878,tail_base,468.756,368.9,-0.5005908843478262,0.0260170217391303,0.1405999999999999,0.9404,True
878,tail_tip,489.616,310.342,-0.433890532173913,-0.1432741252173913,0.0340999999999999,0.9551,True
878,withers,520.863,471.821,-0.3674081482608693,0.3448462404347826,0.0608000000000001,0.8924,True
879,occipital_protuberance,560.7520000000001,504.6940000000001,-0.2131598921739128,0.3891954047826089,0.0564,0.902,True
879,tail_base,469.286,371.564,-0.5008971430434785,0.0339302843478261,0.1365999999999999,0.979,True
879,tail_tip,491.376,311.084,-0.4274555478260868,-0.1406866695652174,0.0425,0.9753,True
879,withers,522.8889999999999,473.47300000000007,-0.3605491265217395,0.3493488317391307,0.0500999999999999,0.9553,False
880,occipital_protuberance,564.2760000000001,506.508,-0.2027757026086954,0.392322944347826,0.0599,0.9849,True
880,tail_base,470.098,374.578,-0.4999551026086957,0.0428973495652173,0.1288000000000002,0.9788,True
880,tail_tip,492.506,312.336,-0.4223458626086958,-0.1364848278260869,0.0540999999999999,0.9412,True
880,withers,525.249,475.271,-0.3508387095652173,0.3524285530434783,0.0481999999999998,0.9637,True
881,occipital_protuberance,567.636,508.36,-0.1926298217391304,0.3949278695652172,0.077,0.953,True
881,tail_base,471.19000000000005,377.728,-0.5013290021739129,0.0526483060869565,0.1098000000000001,0.9747,True
881,tail_tip,492.974,313.738,-0.4218687334782609,-0.1327417691304347,0.0461999999999998,0.9702,True
881,withers,527.9209999999999,477.411,-0.3394044500000002,0.3555511369565216,0.056,0.9519,True
882,occipital_protuberance,571.05,510.246,-0.182792445652174,0.3983152108695652,0.092,0.9784,True
882,tail_base,472.50200000000007,381.228,-0.5011103208695651,0.0635086382608696,0.0895999999999999,0.968,True
882,tail_tip,492.7600000000001,315.40600000000006,-0.4238591478260868,-0.1283725539130433,0.0400999999999999,0.9944,True
882,withers,530.678,479.77,-0.3272054991304348,0.3584768173913042,0.0764,0.9462,True
883,occipital_protuberance,574.37,512.068,-0.17424765,0.40374054,0.0959000000000001,0.9258,True
883,tail_base,474.19,384.938,-0.4972858173913045,0.0747923147826086,0.0828000000000001,0.9472,True
883,tail_tip,492.086,316.852,-0.4256386126086958,-0.12416306,0.0410999999999999,0.9999,True
883,withers,533.432,482.47,-0.3154412799999999,0.3625111999999999,0.0888000000000001,0.9411,True
884,occipital_protuberance,577.9159999999999,513.876,-0.1645900826086958,0.407938656521739,0.0995,0.9353,True
884,tail_base,476.338,388.734,-0.4920533608695652,0.086389395652174,0.07,1.0,True
884,tail_tip,490.822,318.372,-0.4302812400000001,-0.1200696313043479,0.0349,0.9776,True
884,withers,536.624,485.54800000000006,-0.3023073808695651,0.3671460208695654,0.0685999999999999,0.9154,True
885,occipital_protuberance,581.8240000000001,516.082,-0.1548113947826085,0.415347774347826,0.0928000000000001,1.0,True
885,tail_base,478.872,392.914,-0.4852404747826087,0.099121226521739,0.0594,0.9409,True
885,tail_tip,488.862,320.63,-0.4366245395652175,-0.1137365065217391,0.0331999999999998,0.936,True
885,withers,540.02,488.72,-0.2920068043478261,0.3759463478260869,0.0265,0.9488,True
886,occipital_protuberance,586.2,518.258,-0.1435875217391303,0.4223768404347827,0.1005999999999999,0.9832,True
886,tail_base,481.696,397.306,-0.4747399304347825,0.1118774499999999,0.053,0.9709,True
886,tail_tip,485.778,323.996,-0.4462715308695653,-0.1041846182608696,0.0348000000000001,0.9374,True
886,withers,543.424,492.08,-0.2812671026086957,0.3846686434782611,-0.0044,0.9424,True
887,occipital_protuberance,591.088,520.362,-0.1309671965217392,0.4293866856521738,0.1300999999999999,0.922,True
887,tail_base,484.778,401.81,-0.4643499873913044,0.1250755239130434,0.0658000000000001,0.9371,True
887,tail_tip,482.09,328.454,-0.4571494500000001,-0.0913256699999999,0.0500999999999999,0.976,True
887,withers,547.198,495.5220000000001,-0.268883707826087,0.3926602643478262,-0.0175999999999999,0.9524,True
888,occipital_protuberance,596.0799999999999,522.43,-0.1182593739130436,0.4373604304347824,0.1498000000000001,0.9845,True
888,tail_base,487.472,406.034,-0.4568545182608694,0.1378818373913043,0.0804000000000001,0.9528,True
888,tail_tip,477.922,334.266,-0.4727392447826086,-0.0750593647826088,0.0555999999999999,0.9358,True
888,withers,551.384,498.666,-0.2539426330434782,0.3973685243478261,-0.0194,0.9469,True
889,occipital_protuberance,601.16,524.642,-0.1050537565217392,0.4453208182608697,0.1595999999999999,0.9956,True
889,tail_base,489.524,410.376,-0.4528346234782608,0.1515989060869566,0.0704,1.0,True
889,tail_tip,474.266,341.276,-0.4888792708695653,-0.0552317295652173,0.0621999999999998,0.8944,True
889,withers,555.3999999999999,501.666,-0.2423422173913047,0.4058114960869565,-0.0694,0.9254,True
890,occipital_protuberance,605.828,526.056,-0.092561547826087,0.4497951652173914,0.167,0.978,True
890,tail_base,490.904,414.308,-0.450982987826087,0.1642698939130434,0.0561999999999998,0.9637,True
890,tail_tip,471.386,347.326,-0.5028362721739131,-0.0377960721739129,0.0444,0.8655,True
890,withers,559.46,504.538,-0.228348408695652,0.4097966513043479,-0.0774000000000001,0.8721,True
891,occipital_protuberance,610.534,527.594,-0.0806855947826087,0.4589160921739131,0.1608000000000002,0.9147,True
891,tail_base,491.794,418.206,-0.4513194886956521,0.1772499234782607,0.0374,0.988,True
891,tail_tip,469.99799999999993,352.52,-0.5105233973913046,-0.0224627652173913,0.0371999999999998,0.9333,True
891,withers,563.838,506.872,-0.2148761817391305,0.4143706121739131,-0.0720999999999999,0.9437,True
892,occipital_protuberance,614.942,528.74,-0.0694978182608695,0.4679967217391305,0.1734,0.8976,True
892,tail_base,492.54,421.93,-0.4516763913043479,0.1896942826086957,0.027,0.9802,True
892,tail_tip,470.244,361.51200000000006,-0.5135857069565217,0.0045744573913045,0.0315999999999999,0.9472,True
892,withers,568.066,508.712,-0.2026975017391303,0.4190445530434782,-0.0664000000000001,0.922,True
893,occipital_protuberance,619.5220000000002,529.8679999999999,-0.0569911643478256,0.4727500295652172,0.2155999999999999,0.9771,True
893,tail_base,493.5,425.988,-0.4493091304347826,0.2023823269565217,0.0324,0.951,True
893,tail_tip,470.3200000000001,369.026,-0.5171182434782607,0.0275077160869565,0.0261999999999998,0.8759,True
893,withers,572.4599999999999,510.434,-0.1902425608695654,0.4237333343478262,-0.0579,0.9286,True
894,occipital_protuberance,624.048,530.376,-0.0448944765217391,0.4794973252173912,0.2318000000000001,0.9179,True
894,tail_base,494.876,430.03,-0.4445211217391304,0.2145049347826088,0.0395,0.9325,True
894,tail_tip,470.46400000000006,377.902,-0.5189275826086954,0.0547956869565217,0.026,0.6439,True
894,withers,577.408,512.232,-0.1746452869565217,0.4247603739130434,-0.006,0.8611,True
895,occipital_protuberance,628.804,530.704,-0.0315337773913044,0.4807915269565215,0.2508000000000002,1.0,True
895,tail_base,496.5220000000001,434.226,-0.438917916521739,0.2270670156521739,0.0465999999999999,0.9189,True
895,tail_tip,469.314,387.07,-0.5246739217391305,0.0832108260869565,0.033,0.8951,True
895,withers,581.838,513.452,-0.1633087808695653,0.4308665286956521,-0.0121999999999998,0.9123,True
896,occipital_protuberance,633.458,530.406,-0.0183119113043479,0.476988620869565,0.2823000000000001,0.9456,True
896,tail_base,498.412,438.408,-0.43295148,0.2397580278260869,0.0478000000000001,0.9659,True
896,tail_tip,467.086,396.5100000000001,-0.5306580300000001,0.1120460152173914,0.0435999999999999,0.8776,True
896,withers,586.132,514.368,-0.1516852617391305,0.4346801530434783,0.0129,0.9498,True
897,occipital_protuberance,638.058,529.524,-0.0054489986956521,0.475662232173913,0.2725999999999999,0.9088,True
897,tail_base,500.538,442.778,-0.4251771930434782,0.2523649286956521,0.0561999999999998,1.0,True
897,tail_tip,463.73,401.936,-0.540957302173913,0.1286979373913044,0.0375999999999999,0.9042,True
897,withers,591.094,515.3779999999999,-0.1383295578260868,0.4394832952173911,0.0378000000000001,0.9453,True
898,occipital_protuberance,642.65,528.1380000000001,0.0074943152173912,0.4755015743478266,0.2311999999999998,0.9229,True
898,tail_base,503.108,446.994,-0.4131460078260869,0.2625516743478259,0.1024,0.951,True
898,tail_tip,461.916,408.938,-0.5474921582608696,0.1504524339130434,0.0290999999999999,0.9168,True
898,withers,595.8,515.874,-0.1264216086956523,0.445833525652174,0.0275999999999999,0.9524,True
899,occipital_protuberance,647.1899999999999,526.414,0.0203164391304346,0.4702280808695651,0.1974000000000001,0.922,True
899,tail_base,505.86800000000005,451.036,-0.4022793634782607,0.2730288382608694,0.1518000000000001,0.9756,True
899,tail_tip,460.836,413.532,-0.5553305026086958,0.1659259252173912,0.0094,0.9423,True
899,withers,600.074,515.9640000000002,-0.1159676708695653,0.4530076095652178,0.0003000000000001,0.9185,True
900,occipital_protuberance,651.0060000000001,524.59,0.0313503517391306,0.4688310369565218,0.1674000000000001,0.9763,True
900,tail_base,508.884,454.852,-0.3888729539130434,0.2813186599999999,0.1959000000000001,0.9532,True
900,tail_tip,461.956,417.632,-0.5573164252173916,0.180400688695652,0.0026999999999998,0.9637,True
900,withers,605.018,516.324,-0.1021474399999999,0.4564660799999999,-0.0064,0.9373,True
901,occipital_protuberance,654.4860000000001,522.434,0.0417826626086959,0.4685161547826086,0.1524000000000001,0.9503,True
901,tail_base,512.262,458.682,-0.3746888769565219,0.2894600491304346,0.2514,0.94,True
901,tail_tip,464.776,420.528,-0.5560314626086956,0.1920711339130433,0.0115999999999999,0.9077,True
901,withers,609.788,516.8860000000001,-0.0883963713043478,0.4590279726086959,-0.0033000000000001,0.9164,True
902,occipital_protuberance,657.354,520.4440000000001,0.0501568326086957,0.4637180391304349,0.162,0.9189,True
902,tail_base,515.152,462.264,-0.3657503582608694,0.2995890573913043,0.2293000000000001,0.99,True
902,tail_tip,469.302,421.85,-0.5439328878260868,0.1970863695652174,0.0219,0.9314,True
902,withers,613.554,517.292,-0.0773775465217392,0.460215875652174,-0.0008000000000001,0.9548,True
903,occipital_protuberance,659.592,517.994,0.0569062417391303,0.4589038769565218,0.1668000000000001,0.9828,True
903,tail_base,517.6179999999999,465.792,-0.3625965821739132,0.3134432973913044,0.1921999999999998,0.9635,True
903,tail_tip,474.85,421.454,-0.5253565108695651,0.1954905178260869,-0.0120999999999999,0.924,True
903,withers,617.206,518.11,-0.0659688091304347,0.4575909630434783,0.0369,0.9267,True
904,occipital_protuberance,661.1020000000001,515.446,0.0616453643478263,0.4541050756521739,0.1604000000000001,1.0,True
904,tail_base,519.85,469.2370000000001,-0.3585693913043478,0.3260012034782611,0.1689,0.9603,True
904,tail_tip,480.954,419.966,-0.4996118913043478,0.1883714565217391,-0.029,0.9411,True
904,withers,620.992,518.87,-0.0541314782608696,0.4524341304347826,0.099,0.9273,True
905,occipital_protuberance,662.4599999999999,512.762,0.0663888304347823,0.451544546521739,0.1380999999999999,0.8923,True
905,tail_base,521.9780000000001,472.823,-0.356606038695652,0.340897147173913,0.1061999999999998,0.9603,True
905,tail_tip,486.752,418.902,-0.4735696347826089,0.1820199847826088,0.011,0.9339,True
905,withers,624.164,519.472,-0.0447298147826087,0.450439064347826,0.1149,0.8544,True
906,occipital_protuberance,663.7379999999999,510.27,0.0704554160869563,0.4460078934782608,0.1364000000000001,0.9154,True
906,tail_base,523.614,475.939,-0.3550026013043477,0.3536391541304349,0.0608000000000001,1.0,False
906,tail_tip,492.006,419.724,-0.4526686043478262,0.1826775391304347,0.028,0.9296,True
906,withers,627.222,519.882,-0.0355478404347826,0.4447847726086955,0.1795999999999999,0.9284,True
907,occipital_protuberance,665.212,507.916,0.0756524426086956,0.4438444669565217,0.1124000000000001,0.9532,True
907,tail_base,525.438,478.783,-0.3491401473913044,0.3620041036956523,0.0501999999999998,0.9521,True
907,tail_tip,496.314,422.768,-0.439085674347826,0.1918108208695653,0.0275999999999999,0.997,True
907,withers,630.142,520.014,-0.0270280643478259,0.4387166452173913,0.2165999999999999,0.9133,True
908,occipital_protuberance,666.632,506.00200000000007,0.0806254852173911,0.4420051852173914,0.0938000000000001,0.9433,True
908,tail_base,527.376,481.505,-0.3435276834782609,0.3706166641304347,0.0358000000000001,0.9937,True
908,tail_tip,499.352,426.844,-0.4288540973913042,0.2038160747826085,0.0338000000000001,0.9543,True
908,withers,632.9359999999999,519.87,-0.0192647565217393,0.4359932934782609,0.216,0.9559,True
909,occipital_protuberance,668.2700000000001,504.334,0.0863525586956524,0.4408776160869566,0.0723000000000001,0.893,True
909,tail_base,529.114,484.154,-0.3377925039130433,0.37821087,0.0274,0.9684,True
909,tail_tip,501.456,432.262,-0.4224387269565217,0.2203362634782608,0.0338000000000001,1.0,True
909,withers,635.454,519.64,-0.0123977326086957,0.4353660434782608,0.188,0.9462,True
910,occipital_protuberance,669.9280000000001,502.906,0.0920090817391307,0.4393427504347825,0.0605999999999999,0.8963,True
910,tail_base,530.74,486.49799999999993,-0.3311528086956521,0.3833989382608694,0.0295999999999999,0.9914,True
910,tail_tip,503.582,438.054,-0.4192777573913043,0.2398972721739129,0.0144,0.9445,True
910,withers,637.818,519.462,-0.0058904513043478,0.4304780686956522,0.2134000000000001,0.9117,True
911,occipital_protuberance,671.454,501.686,0.0976851834782607,0.4400274339130435,0.0378000000000001,0.8821,True
911,tail_base,532.21,488.968,-0.3241198434782608,0.387801168695652,0.0515999999999999,0.9966,True
911,tail_tip,505.934,443.512,-0.4130981486956521,0.2573258886956522,0.0191999999999998,0.9592,True
911,withers,639.76,519.184,-0.0006493565217391,0.4306965356521738,0.2128000000000001,0.8951,True
912,occipital_protuberance,672.872,500.8639999999999,0.1022176278260868,0.4380257947826084,0.0436999999999998,0.9086,True
912,tail_base,533.42,491.472,-0.3184193347826088,0.3927868904347826,0.0724,0.9976,True
912,tail_tip,507.82,448.438,-0.4071144,0.2723890399999999,0.0334,0.9197,True
912,withers,641.852,519.0519999999999,0.0050378426086955,0.4326560165217388,0.2024,0.912,True
913,occipital_protuberance,674.3439999999999,500.242,0.1073100678260867,0.4381952752173914,0.0434,0.9313,True
913,tail_base,534.672,494.072,-0.3112900347826086,0.396241052173913,0.09,0.9887,True
913,tail_tip,508.62,454.552,-0.4110194739130434,0.2958038765217392,0.0463000000000001,0.972,True
913,withers,643.586,518.7940000000001,0.0098498065217391,0.4361656934782611,0.1895,0.9152,True
914,occipital_protuberance,675.7139999999999,499.6360000000001,0.1118779869565215,0.4374249478260872,0.039,0.9385,True
914,tail_base,536.17,496.514,-0.3034318891304349,0.3989473265217392,0.0764,0.9228,True
914,tail_tip,508.538,463.738,-0.4167059613043478,0.3288269082608695,0.1123000000000001,0.964,True
914,withers,645.3860000000001,518.738,0.0149660547826089,0.4410845904347827,0.1795999999999999,0.9301,True
915,occipital_protuberance,677.356,498.996,0.1175414660869565,0.4373539356521738,0.0291999999999998,0.9142,True
915,tail_base,537.5260000000001,498.986,-0.2952810586956519,0.4004911804347825,0.054,1.0,True
915,tail_tip,507.74,474.39400000000006,-0.4165039913043479,0.3602416269565219,0.1348000000000001,0.9948,True
915,withers,647.19,518.636,0.0202507913043479,0.4468017426086955,0.1618000000000002,0.9396,True
916,occipital_protuberance,679.374,498.628,0.1242763273913044,0.4375521591304347,0.0206999999999998,0.8989,True
916,tail_base,539.2299999999999,501.546,-0.2860991739130437,0.4018675565217391,0.063,0.9939,True
916,tail_tip,505.996,486.328,-0.4154124,0.3916167999999999,0.1485,0.9117,True
916,withers,648.764,518.712,0.0248726130434782,0.4504315565217391,0.151,0.9539,True
917,occipital_protuberance,681.5740000000001,498.04,0.1321420552173915,0.4387571391304346,0.0003000000000001,0.8559,True
917,tail_base,541.232,504.212,-0.277666907826087,0.4054238226086956,0.0565999999999999,0.9367,True
917,tail_tip,504.07,498.84,-0.4163004,0.4252125913043477,0.0934000000000001,0.9615,True
917,withers,650.734,518.754,0.0304285565217392,0.4500330782608696,0.171,0.9683,True
918,occipital_protuberance,683.982,497.808,0.1401687217391303,0.439188104347826,-0.0075,0.9401,True
918,tail_base,543.194,506.854,-0.269752023478261,0.4092118634782609,0.0454,0.9577,True
918,tail_tip,502.412,509.44,-0.4100720608695652,0.4453961739130432,0.119,0.9083,True
918,withers,652.98,519.236,0.0369450304347826,0.4532341191304347,0.1934000000000001,0.9579,True
919,occipital_protuberance,686.592,497.996,0.1484866782608695,0.4397872521739129,-0.0075,0.8793,True
919,tail_base,545.0319999999999,509.7,-0.2612445808695654,0.4118051739130434,0.0326999999999998,0.9789,True
919,tail_tip,500.394,515.8199999999999,-0.4114128121739132,0.4591947652173911,0.1588000000000002,0.9558,True
919,withers,654.9559999999999,519.4379999999999,0.042169417391304,0.4495458391304344,0.227,0.9073,True
920,occipital_protuberance,689.158,498.362,0.1561835152173913,0.4396001369565216,0.008,0.9128,True
920,tail_base,547.1,512.63,-0.253132304347826,0.4158835695652174,0.0291999999999998,0.9531,True
920,tail_tip,498.0,519.7379999999999,-0.4286239130434782,0.4821656804347825,0.1375,0.8838,True
920,withers,657.136,519.57,0.0482564660869564,0.4493629956521741,0.2361999999999998,0.9109,True
921,occipital_protuberance,691.516,498.52,0.1637424860869564,0.4402828086956521,0.0068000000000001,0.956,True
921,tail_base,549.382,515.4540000000001,-0.2455550804347827,0.421246545652174,0.0235,1.0,True
921,tail_tip,497.0,519.374,-0.4406265217391304,0.4910797991304348,0.1151999999999998,0.8967,True
921,withers,659.708,519.49,0.054895348695652,0.4442489934782608,0.2734000000000001,0.9179,True
922,occipital_protuberance,693.636,498.66,0.1702593199999998,0.4401550695652172,0.0230999999999999,0.9285,True
922,tail_base,551.808,518.006,-0.2379841947826086,0.4263757560869564,0.0269,0.9575,True
922,tail_tip,498.39400000000006,516.736,-0.4418107199999998,0.48901632,0.0440999999999999,0.9094,True
922,withers,661.79,519.304,0.0608130478260868,0.4445966852173912,0.2714000000000001,0.914,True
923,occipital_protuberance,695.414,498.352,0.1756744265217391,0.4386059165217392,0.0334,0.8742,True
923,tail_base,554.2940000000001,520.25,-0.2281642773913041,0.4266133695652173,0.0488000000000001,0.9581,True
923,tail_tip,501.856,514.75,-0.4325108452173915,0.4845020652173913,-0.0104,0.9349,True
923,withers,663.814,518.63,0.066378936521739,0.4421638826086956,0.2865999999999999,0.9181,True
924,occipital_protuberance,696.9839999999999,497.616,0.1808127095652171,0.4366615513043477,0.0408000000000001,0.8784,True
924,tail_base,556.7460000000001,522.0,-0.2203878169565215,0.4288421739130435,0.0625999999999999,0.9865,True
924,tail_tip,507.026,514.368,-0.4088372352173912,0.474614483478261,0.0164,0.9859,True
924,withers,665.7479999999999,517.862,0.0717417643478259,0.4398515769565216,0.2975999999999999,0.9685,True
925,occipital_protuberance,698.152,496.47,0.1843544817391305,0.4326395673913042,0.0434,0.8888,True
925,tail_base,558.778,523.352,-0.2139140282608695,0.430219452173913,0.0725,0.9803,True
925,tail_tip,513.29,515.4419999999999,-0.3751993282608696,0.4602772786956518,0.0938000000000001,0.9617,True
925,withers,667.254,517.0139999999999,0.0754580313043478,0.4347239791304345,0.3168000000000002,0.9903,True
926,occipital_protuberance,699.0319999999999,495.164,0.1863229582608693,0.4266187208695654,0.0461999999999998,0.9572,True
926,tail_base,560.228,524.2379999999999,-0.2096963095652175,0.431731716521739,0.0795999999999999,0.9574,True
926,tail_tip,518.4159999999999,519.508,-0.3522499930434784,0.4621224165217392,0.0315999999999999,0.9135,True
926,withers,668.6899999999999,516.376,0.0804442652173911,0.4384647060869565,0.2964000000000001,1.0,True
927,occipital_protuberance,699.4300000000001,493.592,0.1869073500000002,0.4201468399999999,0.0535999999999999,0.9965,True
927,tail_base,561.2959999999999,524.664,-0.2050410295652175,0.4289855165217391,0.1011999999999998,0.9693,True
927,tail_tip,521.6479999999999,524.3599999999999,-0.3336239965217394,0.4633165478260866,0.0735999999999999,0.9955,True
927,withers,669.958,515.778,0.0839996269565216,0.4367879660869566,0.3029000000000001,0.9855,True
928,occipital_protuberance,699.342,491.386,0.1854824513043478,0.410666936521739,0.0679,0.9993,True
928,tail_base,562.0519999999999,524.8240000000001,-0.2035967869565219,0.4305131217391306,0.095,0.9726,True
928,tail_tip,523.1279999999999,528.386,-0.3246500904347828,0.4677470234782608,0.1059,0.9658,True
928,withers,670.9159999999999,515.424,0.0868672391304346,0.4367076521739129,0.2975,0.9604,True
929,occipital_protuberance,698.436,488.724,0.1813929660869566,0.3995760860869565,0.0911999999999998,0.9669,True
929,tail_base,562.7239999999999,524.638,-0.2020767400000001,0.4305283700000001,0.0921999999999998,1.0,True
929,tail_tip,523.004,529.512,-0.3269529521739129,0.4737123391304347,0.093,0.9806,True
929,withers,671.73,514.946,0.0890854239130435,0.4350277369565218,0.306,0.9558,True
930,occipital_protuberance,697.066,485.786,0.1761602608695653,0.388295913043478,0.107,0.9846,True
930,tail_base,563.688,524.35,-0.1991245513043478,0.4288463152173913,0.0974000000000001,1.0,True
930,tail_tip,521.186,527.006,-0.3351329673913042,0.4710658369565217,0.072,0.9774,True
930,withers,672.5559999999999,514.2180000000001,0.0914398956521737,0.4331514260869567,0.308,0.9662,True
931,occipital_protuberance,694.856,482.77,0.1684675460869565,0.3770373456521739,0.1150999999999999,0.9703,True
931,tail_base,564.7,523.9440000000001,-0.1973842173913042,0.4297471200000002,0.0884,1.0,True
931,tail_tip,518.904,521.066,-0.3478087721739131,0.462609563478261,0.0325999999999999,0.9615,True
931,withers,672.9480000000001,513.242,0.0922472373913046,0.429044286521739,0.3191999999999998,0.9583,True
932,occipital_protuberance,692.226,479.79800000000006,0.15902817,0.3647849100000002,0.1325999999999999,0.9411,True
932,tail_base,565.4660000000001,523.664,-0.1971910391304344,0.4329980173913044,0.068,1.0,True
932,tail_tip,517.188,513.2719999999999,-0.3626958739130435,0.4526521999999998,0.071,0.9419,True
932,withers,672.946,512.234,0.0929721795652174,0.4295977291304348,0.3053000000000002,0.9247,True
933,occipital_protuberance,689.568,476.576,0.1500401808695651,0.3528704834782609,0.1461999999999998,0.9736,True
933,tail_base,566.514,523.312,-0.1939870647826086,0.4311081773913043,0.0734,1.0,True
933,tail_tip,515.9459999999999,504.632,-0.3749397308695654,0.4371344991304346,0.0614,0.9031,True
933,withers,672.6220000000001,511.0200000000001,0.0919373060869567,0.4256137565217394,0.3086999999999998,0.9336,True
934,occipital_protuberance,687.2719999999999,473.45,0.1421345721739128,0.341114554347826,0.1613000000000002,0.9788,True
934,tail_base,567.302,523.168,-0.1912115439130434,0.4291673113043479,0.0821999999999998,0.9986,True
934,tail_tip,515.408,497.114,-0.3818203095652173,0.4201947952173914,0.0505999999999999,0.7812,True
934,withers,672.422,509.426,0.0923463139130435,0.4256042286956523,0.2745999999999999,0.921,True
935,occipital_protuberance,684.87,470.468,0.1347368065217391,0.331716192173913,0.1554000000000001,0.9263,True
935,tail_base,567.948,522.952,-0.1901859530434783,0.4301224313043478,0.0735999999999999,0.9623,True
935,tail_tip,516.262,491.6940000000001,-0.3821083239130437,0.4066767978260872,0.0445,0.7199,True
935,withers,672.2180000000001,507.646,0.0925987343478262,0.424353862173913,0.2508000000000002,0.9559,True
936,occipital_protuberance,682.58,467.35,0.127804795652174,0.3222133586956522,0.1430999999999999,0.927,True
936,tail_base,568.7439999999999,522.88,-0.1872328852173915,0.4279849043478261,0.0870999999999999,0.9687,True
936,tail_tip,518.012,488.0940000000001,-0.3763860182608697,0.3952256830434784,0.0474,0.8597,True
936,withers,672.0939999999999,505.646,0.0924167660869563,0.4193971556521739,0.2428000000000001,0.9281,True
937,occipital_protuberance,680.5,464.11800000000005,0.1220810869565217,0.3138478669565218,0.1313000000000002,0.855,True
937,tail_base,569.6959999999999,522.902,-0.184104779130435,0.4265907591304348,0.0953000000000001,0.9729,True
937,tail_tip,519.1479999999999,486.092,-0.3725394260869567,0.3886922956521738,0.04,0.8751,True
937,withers,672.036,503.302,0.0922915373913042,0.4128343704347827,0.2445999999999999,0.914,True
938,occipital_protuberance,678.366,461.484,0.115990426521739,0.3068126060869566,0.1235999999999999,0.9008,True
938,tail_base,570.362,523.024,-0.1833750204347827,0.42928472,0.0819000000000001,0.9989,True
938,tail_tip,519.806,484.65,-0.3705110695652173,0.3842471739130433,0.043,0.9026,True
938,withers,671.708,500.972,0.0910226391304347,0.4046815782608697,0.254,0.9162,True
939,occipital_protuberance,675.9379999999999,459.064,0.1089624534782604,0.3003577408695651,0.1185999999999999,0.8994,True
939,tail_base,571.028,523.14,-0.1817412199999999,0.4298739,0.0803000000000001,1.0,True
939,tail_tip,520.472,483.426,-0.36814624,0.3801520800000001,0.0394,0.93,True
939,withers,670.7719999999999,499.014,0.0882286756521737,0.3985773143478262,0.2541999999999998,0.9187,True
940,occipital_protuberance,673.446,456.55,0.1015813186956522,0.2932391413043479,0.1103000000000001,0.8533,True
940,tail_base,571.5419999999999,523.364,-0.1808630595652176,0.4316005852173914,0.0764,1.0,True
940,tail_tip,520.862,482.488,-0.3684990139130436,0.3788607095652174,0.0274,0.9068,True
940,withers,669.4639999999999,497.182,0.0839403739130433,0.3908195891304347,0.271,0.9266,True
941,occipital_protuberance,671.08,454.024,0.0941994260869566,0.28497448,0.1100999999999999,0.8993,True
941,tail_base,571.896,523.644,-0.1794096243478262,0.4310952156521739,0.0834,1.0,True
941,tail_tip,521.0699999999999,482.108,-0.3672351565217394,0.377048267826087,0.0351999999999998,0.8922,True
941,withers,668.17,495.216,0.0797333478260868,0.3827200695652174,0.282,0.8949,True
942,occipital_protuberance,668.984,451.572,0.0874749721739131,0.2763682773913043,0.1184,0.9747,True
942,tail_base,572.2099999999999,523.99,-0.1774182195652176,0.4291903500000001,0.0991999999999998,1.0,True
942,tail_tip,520.758,481.988,-0.3686910795652172,0.377181592173913,0.0314,0.8845,True
942,withers,666.798,493.584,0.0744576604347826,0.37116024,0.3228000000000002,0.9573,True
943,occipital_protuberance,666.8280000000001,449.276,0.0808630913043481,0.2690895086956522,0.116,0.9358,True
943,tail_base,572.588,524.364,-0.1750074139130435,0.4267032365217393,0.1160999999999999,1.0,True
943,tail_tip,520.708,484.09,-0.3685344808695652,0.3833571717391303,0.0308000000000001,0.9081,True
943,withers,665.8100000000001,491.572,0.071516143478261,0.3645688504347825,0.3238000000000002,0.959,True
944,occipital_protuberance,665.09,447.044,0.0758481608695653,0.263137796521739,0.1048000000000001,0.926,True
944,tail_base,573.066,524.7139999999999,-0.1732717547826086,0.4263944156521737,0.1229,0.9967,True
944,tail_tip,520.072,486.626,-0.3708121617391304,0.3915220865217392,0.0254,0.9081,True
944,withers,664.988,489.58,0.0692928104347827,0.3593309739130435,0.3218000000000002,0.954,True
945,occipital_protuberance,663.8520000000001,445.104,0.0721056330434785,0.257273092173913,0.1013000000000001,0.9099,True
945,tail_base,573.6220000000001,525.12,-0.1705193099999998,0.4241789217391304,0.1410999999999999,0.9851,True
945,tail_tip,518.698,489.81,-0.3744276300000001,0.400689606521739,0.0301999999999998,0.8171,True
945,withers,664.352,487.746,0.0675820939130434,0.3545229208695651,0.3138000000000002,0.9283,True
946,occipital_protuberance,663.238,443.212,0.070456605652174,0.2522951660869565,0.0895999999999999,0.9257,True
946,tail_base,574.1690000000001,525.5420000000001,-0.1690640257608693,0.4251370471739134,0.1418000000000001,0.9777,True
946,tail_tip,516.7239999999999,493.81000000000006,-0.3810032373913045,0.4135601673913045,0.0325999999999999,0.8699,True
946,withers,663.806,486.2,0.0663255860869566,0.3516041739130434,0.3038000000000002,0.9437,True
947,occipital_protuberance,663.152,441.214,0.0704022121739131,0.246961180869565,0.0784000000000001,0.9027,True
947,tail_base,574.711,525.9860000000001,-0.1682114311956521,0.4276484954347829,0.1321999999999998,0.9585,True
947,tail_tip,515.176,498.042,-0.3849463617391302,0.4257095243478261,0.0268000000000001,0.8973,True
947,withers,663.452,484.34,0.0665272060869565,0.3527201434782608,0.2601999999999998,0.9553,True
948,occipital_protuberance,664.0840000000001,439.308,0.0733305443478262,0.2414756191304347,0.0748000000000001,0.8958,True
948,tail_base,575.1769999999999,526.57,-0.1671376503260872,0.429479018478261,0.1304000000000001,0.9404,False
948,tail_tip,513.54,500.698,-0.3908438739130435,0.4348485795652173,0.0105999999999999,0.9106,True
948,withers,663.222,482.774,0.0661574586956521,0.34977245,0.249,0.9331,True
949,occipital_protuberance,665.6,437.66,0.07808,0.236863,0.073,0.9431,True
949,tail_base,575.537,527.278,-0.1673165192391303,0.4341773219565218,0.1145999999999999,0.9221,True
949,tail_tip,512.726,503.562,-0.392197597826087,0.4423894239130435,0.013,0.8576,True
949,withers,663.364,481.1060000000001,0.0664299469565218,0.3443359508695653,0.2571999999999998,0.8843,True
950,occipital_protuberance,667.9100000000001,436.318,0.0853803304347828,0.2334667165217392,0.0645999999999999,0.9886,True
950,tail_base,575.981,528.1700000000001,-0.1665120272826087,0.4374065141304349,0.1095999999999999,0.9083,True
950,tail_tip,512.598,505.978,-0.3922596795652174,0.4494535682608693,0.0124,0.9084,True
950,withers,663.592,479.728,0.0671602695652173,0.3408343826086955,0.267,0.879,True
951,occipital_protuberance,670.77,435.462,0.0945374804347825,0.2318487926086956,0.0594,0.9709,True
951,tail_base,576.476,529.158,-0.1651071617391304,0.4396637060869565,0.1113000000000001,0.9208,True
951,tail_tip,512.866,508.174,-0.391600357826087,0.4564081317391303,0.0081999999999998,0.9444,True
951,withers,664.0139999999999,478.28600000000006,0.0688784165217388,0.3392751052173915,0.2501999999999998,0.9105,True
952,occipital_protuberance,674.104,434.972,0.1052330817391305,0.2313375147826088,0.0591999999999998,0.9678,True
952,tail_base,577.088,530.108,-0.1632292869565218,0.4413562999999998,0.1155,0.9535,True
952,tail_tip,512.952,510.302,-0.3890430713043478,0.4602508634782609,0.0218000000000001,0.927,True
952,withers,664.6020000000001,476.982,0.0699659486956524,0.3326866356521738,0.2755999999999999,0.9272,True
953,occipital_protuberance,677.682,434.63,0.1167732413043478,0.2312718804347826,0.0535,1.0,True
953,tail_base,577.846,530.914,-0.1611410008695652,0.4431131226086955,0.1173000000000001,0.9854,True
953,tail_tip,513.186,512.222,-0.3863140395652172,0.4637145404347825,0.0334,0.8913,True
953,withers,665.7460000000001,475.528,0.0726261078260872,0.3258894191304346,0.2968000000000002,0.9797,True
954,occipital_protuberance,681.5060000000001,434.67,0.1287858995652176,0.2316880239130433,0.0564,0.9787,True
954,tail_base,578.996,531.618,-0.1575627226086957,0.4432594473913044,0.1263000000000002,1.0,True
954,tail_tip,513.7040000000001,513.066,-0.3819081217391302,0.4628582739130435,0.051,0.8894,True
954,withers,667.418,474.092,0.0774022060869565,0.322086676521739,0.2948000000000002,0.9915,True
955,occipital_protuberance,685.248,435.066,0.1403966747826088,0.2329167430434781,0.0564,0.9727,True
955,tail_base,580.36,532.0960000000001,-0.1540397478260869,0.4444940382608698,0.1263000000000002,1.0,True
955,tail_tip,515.3620000000001,512.732,-0.374374618695652,0.4587604443478261,0.0635999999999999,0.9384,True
955,withers,669.612,472.268,0.0829779739130433,0.3145944608695653,0.317,0.9642,True
956,occipital_protuberance,689.268,435.4219999999999,0.1525380121739131,0.2335130704347823,0.0760999999999999,0.969,True
956,tail_base,581.902,532.37,-0.1498423199999999,0.4445647130434783,0.1341999999999998,1.0,True
956,tail_tip,519.376,510.752,-0.3599839721739131,0.4498964034782607,0.0334,0.9506,True
956,withers,671.9780000000001,470.482,0.0889892126086958,0.3074521917391303,0.3348000000000002,0.9112,True
957,occipital_protuberance,693.016,435.716,0.1639231669565216,0.23411058,0.0894,1.0,True
957,tail_base,583.7800000000001,532.538,-0.1448887173913041,0.4446604326086956,0.1385,0.9754,True
957,tail_tip,524.35,506.62,-0.3463214673913042,0.439063152173913,0.0155,0.9275,True
957,withers,674.662,468.948,0.0970309943478261,0.3049833469565217,0.3225999999999999,1.0,True
958,occipital_protuberance,696.4879999999999,436.35,0.1744251199999998,0.2357555217391305,0.0961999999999998,0.9714,True
958,tail_base,585.722,532.648,-0.1405564208695653,0.447083255652174,0.1295999999999999,0.9678,True
958,tail_tip,529.808,501.53,-0.3265995060869566,0.4194826130434784,0.0611999999999998,0.9567,True
958,withers,677.092,467.98,0.1037608382608695,0.3020623130434783,0.3249000000000001,1.0,True
959,occipital_protuberance,699.8599999999999,436.658,0.1846811130434779,0.2365065947826087,0.1150999999999999,0.9867,True
959,tail_base,587.696,532.644,-0.1363201426086956,0.449962807826087,0.1166999999999998,0.9848,True
959,tail_tip,534.8679999999999,496.918,-0.3110993008695654,0.4051582208695652,0.0655999999999999,0.9092,True
959,withers,679.52,467.128,0.1104669913043477,0.2994460486956521,0.3299000000000001,0.9799,True
960,occipital_protuberance,703.124,436.69,0.1949159339130435,0.2368053826086955,0.1191999999999998,0.9549,True
960,tail_base,589.874,532.456,-0.1316025439130434,0.4527719808695652,0.1105999999999999,0.9637,True
960,tail_tip,538.8480000000001,493.52,-0.2984643686956519,0.3939710782608695,0.0214,0.9684,True
960,withers,681.804,466.624,0.1176237330434782,0.3000074852173912,0.3159,0.9681,True
961,occipital_protuberance,706.112,436.746,0.2050334330434781,0.2380127034782607,0.1098000000000001,0.9877,True
961,tail_base,592.1940000000001,532.088,-0.1265507960869563,0.455546864347826,0.0980999999999999,0.9379,True
961,tail_tip,540.6020000000001,491.98,-0.2918411713043475,0.3875047565217391,0.0123000000000001,0.9702,True
961,withers,684.352,466.41399999999993,0.1253908173913042,0.3008508847826084,0.31,0.9644,True
962,occipital_protuberance,709.05,436.956,0.2144302717391303,0.2389818391304348,0.106,1.0,True
962,tail_base,594.4399999999999,531.66,-0.1217640521739132,0.4587800086956521,0.1071999999999998,0.9956,True
962,tail_tip,542.03,494.144,-0.2815146652173914,0.3854598678260867,0.0474,0.9716,True
962,withers,686.9019999999999,465.994,0.1330793269565215,0.3007464539130434,0.3075999999999999,0.9413,True
963,occipital_protuberance,711.96,436.968,0.2242492608695653,0.2398557130434783,0.103,0.9443,True
963,tail_base,597.0840000000001,531.136,-0.1135128199999998,0.4526547199999999,0.1550999999999999,1.0,True
963,tail_tip,542.126,498.282,-0.278621745652174,0.3936527804347827,0.056,0.9282,True
963,withers,689.558,465.38,0.1413588082608695,0.3005849956521736,0.3003000000000002,0.9652,True
964,occipital_protuberance,714.9,437.29,0.2336065869565216,0.2410607891304347,0.1005999999999999,0.9684,True
964,tail_base,599.9300000000001,530.392,-0.1036767695652172,0.440870779130435,0.2255999999999999,0.9693,True
964,tail_tip,541.706,503.784,-0.2763343495652173,0.4042205843478261,0.0565999999999999,0.8967,True
964,withers,692.146,465.004,0.1474371469565216,0.2968873965217392,0.3393000000000001,0.956,True
965,occipital_protuberance,718.0640000000001,437.754,0.2432711826086958,0.2423051282608696,0.103,0.9441,True
965,tail_base,602.64,529.676,-0.0947928782608696,0.4305159639130436,0.3001999999999998,0.9836,True
965,tail_tip,541.668,510.974,-0.2726147817391304,0.4185590047826086,0.0379,0.9042,True
965,withers,694.846,464.544,0.1554407178260869,0.296291332173913,0.3360999999999999,0.9386,True
966,occipital_protuberance,721.106,438.194,0.2524159773913043,0.2433533269565216,0.1068000000000001,0.9132,True
966,tail_base,605.324,529.038,-0.0864977743478262,0.4216579415217392,0.3580999999999999,0.9531,True
966,tail_tip,541.86,519.136,-0.2675595086956521,0.433853168695652,0.0603000000000001,0.9543,True
966,withers,697.248,463.92,0.162049175652174,0.2941613739130433,0.3493000000000001,0.9118,True
967,occipital_protuberance,724.14,438.528,0.2618583130434782,0.2443927930434781,0.1038000000000001,0.9379,True
967,tail_base,608.048,528.7540000000001,-0.0781816817391304,0.4129153580434786,0.4189000000000001,0.9052,False
967,tail_tip,542.35,526.8620000000001,-0.2631667499999999,0.4496930900000002,0.0615999999999999,0.9363,True
967,withers,699.5040000000001,463.52,0.1669733982608699,0.2904861217391303,0.3749,0.9757,True
968,occipital_protuberance,727.422,438.75,0.2713502860869566,0.244433152173913,0.1144,0.9093,True
968,tail_base,610.583,528.542,-0.0719725275,0.4123599867391305,0.4460999999999999,0.9467,True
968,tail_tip,543.3380000000001,533.81,-0.2583397017391302,0.4645261173913042,0.0456999999999998,0.9056,True
968,withers,701.738,463.024,0.1726382378260871,0.2880864591304348,0.3904000000000001,0.975,True
969,occipital_protuberance,730.7560000000001,438.904,0.2820735939130437,0.2452370626086956,0.1175999999999999,0.9296,True
969,tail_base,613.027,528.626,-0.0666086507608694,0.4164145754347825,0.4360999999999999,0.9547,True
969,tail_tip,545.414,539.396,-0.2492957965217392,0.4728254573913042,0.0631999999999998,0.9322,True
969,withers,703.828,462.484,0.1800088356521738,0.2890271591304348,0.3654000000000001,0.9352,True
970,occipital_protuberance,733.88,439.016,0.2928035565217392,0.2464440330434781,0.1005999999999999,0.9335,True
970,tail_base,615.461,528.5060000000001,-0.0614488567391304,0.4219610030434785,0.4436999999999998,0.9245,False
970,tail_tip,548.784,543.472,-0.2379944417391304,0.4787023791304348,0.0550999999999999,0.9678,True
970,withers,705.7940000000001,462.168,0.1843233213043481,0.2862258730434782,0.3855999999999999,0.9386,True
971,occipital_protuberance,736.9979999999999,439.174,0.3021487699999998,0.2466270099999999,0.1011999999999998,0.9095,True
971,tail_base,617.893,528.496,-0.056464161521739,0.4303607617391304,0.4091999999999998,0.9295,True
971,tail_tip,553.3280000000001,546.292,-0.2242166956521736,0.4819293043478261,0.051,0.9648,True
971,withers,707.68,461.848,0.1895334260869564,0.2852186817391303,0.3865999999999999,0.9456,True
972,occipital_protuberance,740.016,439.47,0.3111367304347824,0.247220804347826,0.098,0.9171,True
972,tail_base,620.285,528.252,-0.0508475565217392,0.4339438539130434,0.4211999999999998,0.9537,True
972,tail_tip,558.5200000000001,548.2699999999999,-0.2116177304347823,0.4889699326086953,0.0125999999999999,0.9408,True
972,withers,709.376,461.468,0.1938305113043477,0.2834927686956522,0.3965999999999999,0.9358,True
973,occipital_protuberance,742.6940000000001,439.564,0.3193336904347829,0.2474094469565218,0.0991999999999998,0.8709,True
973,tail_base,622.442,527.97,-0.0460324956521738,0.4403735217391305,0.394,0.922,True
973,tail_tip,564.51,550.086,-0.1954042239130435,0.4920334786956523,0.0270999999999999,0.9773,True
973,withers,711.068,460.796,0.1995620339130434,0.2830395504347825,0.3765999999999999,0.9241,True
974,occipital_protuberance,745.024,439.346,0.3264191582608695,0.246610817826087,0.1075999999999999,0.8993,True
974,tail_base,624.374,527.58,-0.0416534808695651,0.4467099913043479,0.3685999999999999,0.9074,True
974,tail_tip,569.89,551.9300000000001,-0.1822555173913043,0.4989345521739132,-0.0005999999999999,0.9666,True
974,withers,712.8059999999999,460.08,0.2033186686956519,0.2794842782608697,0.3908000000000002,0.9542,True
975,occipital_protuberance,747.178,438.786,0.3323915973913043,0.2443393643478258,0.1168000000000001,0.9432,True
975,tail_base,626.228,527.434,-0.037121527826087,0.4513074273913042,0.3501999999999998,0.9442,True
975,tail_tip,573.662,553.2819999999999,-0.1725076426086955,0.5026172356521738,-0.0034,0.9417,True
975,withers,714.702,459.066,0.2092630373913043,0.277514016521739,0.3798000000000002,1.0,True
976,occipital_protuberance,749.116,437.938,0.3382358791304348,0.2415908569565217,0.1251999999999998,0.9654,True
976,tail_base,627.9680000000001,527.2479999999999,-0.0325177878260867,0.4520058991304346,0.3435999999999999,0.9676,True
976,tail_tip,575.858,553.36,-0.1669783586956523,0.5033665217391304,-0.006,0.932,True
976,withers,716.8419999999999,458.338,0.2153413526086952,0.2755815560869565,0.3818000000000002,1.0,True
977,occipital_protuberance,750.778,436.874,0.3423762665217392,0.2375907952173912,0.1335999999999999,0.9372,True
977,tail_base,629.722,526.746,-0.0282980152173913,0.4590952369565216,0.297,0.9471,True
977,tail_tip,576.476,552.0600000000001,-0.1645409695652173,0.4974771521739132,0.006,0.9193,True
977,withers,719.254,457.432,0.2220318039130435,0.2729578660869564,0.3855999999999999,0.9542,True
978,occipital_protuberance,752.09,435.848,0.3442625043478262,0.2329522921739129,0.1514000000000001,0.9119,True
978,tail_base,631.7394999999999,525.8705,-0.0227837160326089,0.4574960801630435,0.2925,0.918,True
978,tail_tip,576.704,549.774,-0.1643219200000001,0.4926698060869566,0.0025999999999999,0.9199,True
978,withers,721.328,456.812,0.2286731199999999,0.2722100886956522,0.3761999999999998,0.9334,True
979,occipital_protuberance,753.01,434.338,0.3459088695652174,0.2275389217391304,0.1545,0.9409,True
979,tail_base,634.0105,524.6915,-0.016372819076087,0.45019853625,0.3000999999999999,0.9902,True
979,tail_tip,576.804,546.736,-0.1644332443478261,0.4858789530434782,0.0081999999999998,0.9125,True
979,withers,723.202,456.3,0.2340327560869565,0.270875152173913,0.3751999999999998,0.9239,True
980,occipital_protuberance,753.4440000000001,432.358,0.3460288617391306,0.22070763,0.1473000000000001,0.9398,True
980,tail_base,636.473,523.153,-0.0094584939130435,0.4375337843478261,0.2978000000000002,1.0,False
980,tail_tip,577.524,542.8720000000001,-0.1634019034782608,0.4782897895652175,0.0113000000000001,0.9095,True
980,withers,725.3779999999999,455.342,0.2404318721739128,0.2684913626086956,0.3721999999999998,0.9341,True
981,occipital_protuberance,753.5360000000001,429.684,0.3452728486956524,0.2119151034782609,0.1361999999999998,0.959,True
981,tail_base,639.155,521.2250000000001,-0.0022034293478261,0.4204117119565221,0.306,0.9241,False
981,tail_tip,580.11,538.962,-0.1582918739130434,0.4730043469565217,0.0474,0.9442,True
981,withers,727.558,453.824,0.2461712204347825,0.2637882156521737,0.3734,0.9229,True
982,occipital_protuberance,753.6980000000001,426.386,0.3446038078260872,0.2012073069565216,0.1295999999999999,1.0,True
982,tail_base,641.8689999999999,519.325,0.0047446190217389,0.4044603668478262,0.3695,0.9425,False
982,tail_tip,581.5640000000001,533.172,-0.1567482182608693,0.4645150669565218,0.0346999999999998,0.9713,True
982,withers,729.7139999999999,452.398,0.2543781960869564,0.2619885030434783,0.3484000000000001,0.9745,True
983,occipital_protuberance,753.7620000000001,422.88,0.3439569339130436,0.1901163130434782,0.1364000000000001,0.9509,True
983,tail_base,644.5595,517.5825,0.0114978695652172,0.397381956521739,0.402,1.0,True
983,tail_tip,583.318,525.6260000000001,-0.1551854582608696,0.4534551834782611,-0.0043000000000001,0.9301,True
983,withers,731.996,450.694,0.258408764347826,0.2547515595652172,0.3658000000000002,0.9609,True
984,occipital_protuberance,753.426,418.97,0.3416341804347827,0.1776150760869564,0.14,0.9754,True
984,tail_base,647.4325000000001,516.0635,0.0188947076086959,0.3967405584782608,0.4231999999999998,0.9426,False
984,tail_tip,585.9780000000001,517.1740000000001,-0.1496174521739128,0.4353036434782611,0.0205,0.9129,True
984,withers,734.362,448.862,0.264049492173913,0.2486590573913042,0.3690999999999999,0.9332,True
985,occipital_protuberance,752.876,414.742,0.3378427756521738,0.1638451860869565,0.1544000000000001,0.9391,True
985,tail_base,650.1960000000001,514.668,0.0266259673913047,0.4039020326086956,0.4035,0.9535,True
985,tail_tip,589.03,508.07,-0.142660597826087,0.4144350543478261,0.0865,0.9587,True
985,withers,736.382,447.15600000000006,0.270037220869565,0.244188375652174,0.3659000000000001,0.905,True
986,occipital_protuberance,752.082,410.784,0.3343211134782608,0.1514798399999999,0.1668000000000001,0.9377,True
986,tail_base,652.9480000000001,513.464,0.0352171526086959,0.4174053991304349,0.3306999999999998,0.964,True
986,tail_tip,591.144,498.61,-0.1372110139130434,0.3892831717391303,0.0356999999999998,0.9312,True
986,withers,738.254,445.198,0.2733810752173913,0.237054174347826,0.3836999999999998,0.9365,True
987,occipital_protuberance,750.978,407.11,0.3310280734782607,0.1405209369565217,0.1803000000000001,0.9085,True
987,tail_base,655.882,512.368,0.0444385265217389,0.4263322886956522,0.2678000000000002,0.8973,True
987,tail_tip,595.17,491.24,-0.1264400913043479,0.3701538608695651,-0.0038000000000001,0.9567,True
987,withers,740.216,442.698,0.2765308017391304,0.228192546521739,0.4114000000000001,0.9531,True
988,occipital_protuberance,749.3800000000001,403.426,0.3274742086956524,0.1300136678260871,0.1955999999999999,0.9571,True
988,tail_base,658.842,511.316,0.0541502695652173,0.4348690260869564,0.207,0.9651,True
988,tail_tip,599.586,486.066,-0.1138444808695651,0.3551224408695652,0.0304,0.9524,True
988,withers,742.3439999999999,440.46,0.2822024556521738,0.2218597043478262,0.4196999999999998,0.9162,True
989,occipital_protuberance,748.1560000000001,400.458,0.3240918052173915,0.121233276521739,0.2031999999999998,0.9387,True
989,tail_base,661.674,510.226,0.0636226134782608,0.4409786256521739,0.1569000000000001,0.9542,True
989,tail_tip,604.026,482.224,-0.1031202530434784,0.3503577530434782,0.0003000000000001,0.9616,True
989,withers,744.26,437.904,0.2900921173913043,0.216759412173913,0.4036999999999998,0.9782,True
990,occipital_protuberance,747.054,398.04,0.3223954482608694,0.1145582869565218,0.1964000000000001,0.9905,True
990,tail_base,664.5579999999999,509.376,0.0731881786956518,0.4451729530434783,0.1251999999999998,0.955,True
990,tail_tip,608.338,479.83,-0.0912209752173914,0.3452406500000001,-9.999999999990904e-05,0.9222,True
990,withers,745.896,435.612,0.2919967095652173,0.2084918713043477,0.4261999999999998,1.0,True
991,occipital_protuberance,746.1700000000001,396.16,0.3209565260869567,0.1093132521739129,0.1958000000000001,0.9696,True
991,tail_base,667.3219999999999,508.734,0.0819600604347822,0.4461696665217393,0.1161999999999998,0.9992,True
991,tail_tip,613.054,478.454,-0.0784597226086957,0.3449071469565218,-0.0118000000000001,0.9651,True
991,withers,747.274,433.778,0.2949102182608695,0.2028253452173911,0.4338000000000002,0.9734,True
992,occipital_protuberance,744.798,394.162,0.3178796726086956,0.1036222578260868,0.1864000000000001,0.9115,True
992,tail_base,669.8129999999999,508.11,0.0903366305434778,0.4487893989130434,0.0983000000000001,1.0,True
992,tail_tip,618.1600000000001,477.034,-0.0643900173913041,0.3450467626086956,0.0095999999999999,0.9387,True
992,withers,748.6020000000001,431.954,0.2989152004347828,0.1980455639130434,0.4278000000000002,0.9385,True
993,occipital_protuberance,743.644,392.276,0.3141314452173914,0.0978243460869563,0.1885999999999999,0.8877,True
993,tail_base,672.187,507.568,0.0979499390217391,0.44907188,0.0953000000000001,0.962,True
993,tail_tip,623.202,475.764,-0.0500178708695652,0.3446998930434783,0.0365999999999999,0.9281,True
993,withers,749.59,429.878,0.3024445760869566,0.1928480891304347,0.411,0.97,True
994,occipital_protuberance,742.5899999999999,390.648,0.3111822326086954,0.0929633791304348,0.1899000000000001,0.936,True
994,tail_base,674.397,506.994,0.104376200978261,0.4460469019565216,0.1193000000000001,1.0,False
994,tail_tip,628.2560000000001,474.974,-0.0348949982608693,0.3416227460869565,0.0784000000000001,0.9711,True
994,withers,750.4959999999999,427.872,0.3033595617391301,0.1863381495652174,0.4081999999999998,0.9816,True
995,occipital_protuberance,741.452,389.176,0.3079950391304348,0.0885745304347827,0.191,0.9705,True
995,tail_base,676.741,506.2,0.110139134673913,0.4382662826086956,0.1530999999999999,1.0,True
995,tail_tip,632.904,474.932,-0.0212741165217391,0.3445711330434781,0.0688000000000001,0.963,True
995,withers,751.308,425.828,0.3071374878260869,0.1816423486956521,0.3859000000000001,0.9505,True
996,occipital_protuberance,740.354,387.626,0.3049234473913044,0.0839410004347827,0.1885999999999999,0.9879,True
996,tail_base,679.235,505.164,0.1168051538043478,0.4321626952173914,0.1790999999999999,0.9836,True
996,tail_tip,636.996,475.5100000000001,-0.0090929773913044,0.3496437478260871,0.0541999999999998,0.9631,True
996,withers,752.0440000000001,423.65,0.3112874608695655,0.176836304347826,0.362,0.938,True
997,occipital_protuberance,739.6899999999999,386.574,0.3035560499999998,0.0809178299999998,0.1825999999999999,0.9878,True
997,tail_base,681.7860000000001,504.078,0.1230870217391306,0.4244036739130434,0.214,0.9207,True
997,tail_tip,640.4559999999999,477.504,0.001387925217391,0.3576464139130435,0.0478000000000001,0.9208,True
997,withers,752.426,421.968,0.3128375652173914,0.1724326956521739,0.3545,0.9262,True
998,occipital_protuberance,739.074,385.428,0.3029510617391302,0.0777544017391304,0.1708000000000001,0.9635,True
998,tail_base,684.4906666666667,502.884,0.1287650164251208,0.4135352869565218,0.261333333333333,0.9378,True
998,tail_tip,642.462,480.324,0.0074625360869564,0.3647125069565216,0.0624,0.9439,True
998,withers,752.908,420.578,0.3150378652173913,0.1690257891304347,0.344,0.9457,True
999,occipital_protuberance,738.172,384.126,0.3014734069565218,0.0740877991304347,0.1588000000000002,0.9476,True
999,tail_base,687.344,501.712,0.1351259513043479,0.4044645321739131,0.3016999999999998,0.9282,True
999,tail_tip,642.566,483.766,0.0077710752173913,0.3748226404347825,0.0528000000000001,1.0,True
999,withers,753.4280000000001,419.366,0.3177216913043481,0.1662893282608695,0.334,0.9659,True
1000,occipital_protuberance,737.286,382.448,0.2993870904347824,0.0690812799999999,0.1593000000000002,0.9349,True
1000,tail_base,690.16,500.572,0.1415820521739129,0.3967797495652172,0.3401999999999998,1.0,False
1000,tail_tip,642.0,487.224,0.0060495652173913,0.3848249426086956,0.0291999999999998,0.9702,True
1000,withers,753.966,418.00999999999993,0.3211363678260869,0.1634620913043476,0.3125999999999999,0.9609,True
1001,occipital_protuberance,736.2819999999999,380.538,0.2965485599999997,0.06325704,0.1504000000000001,0.9386,True
1001,tail_base,693.042,499.58,0.1481716739130435,0.389913695652174,0.3735,0.9982,False
1001,tail_tip,640.8439999999999,491.276,0.0025474121739128,0.3962252139130435,0.0081999999999998,1.0,True
1001,withers,754.618,416.3560000000001,0.3243689400000001,0.1594874800000001,0.3009000000000001,0.9424,True
1002,occipital_protuberance,735.592,378.176,0.2942986747826087,0.0559583721739131,0.1515999999999999,0.9636,True
1002,tail_base,696.0049999999999,498.827,0.1552921249999996,0.3849431271739129,0.409,0.9391,True
1002,tail_tip,639.9399999999999,494.84,-0.000180391304348,0.4053993913043479,-0.004,0.9987,True
1002,withers,755.396,414.514,0.3288785999999998,0.1553649,0.2825,0.9328,True
1003,occipital_protuberance,735.4,375.662,0.2932098260869564,0.048136816521739,0.1424,0.9223,True
1003,tail_base,698.9523333333334,498.371,0.1632936914251209,0.3832776431159419,0.4216666666666669,0.9684,True
1003,tail_tip,641.184,498.198,0.0035671860869564,0.4163665395652175,-0.0013000000000001,0.996,True
1003,withers,756.2439999999999,412.294,0.3316744565217389,0.1492084239130436,0.2795,0.9837,True
1004,occipital_protuberance,736.024,372.826,0.2936455669565217,0.0392224656521739,0.1435999999999999,0.9325,True
1004,tail_base,701.884,498.212,0.1723334869565217,0.3848903739130434,0.435,0.9535,False
1004,tail_tip,645.582,501.506,0.0169401565217391,0.4294399478260868,0.011,0.9826,True
1004,withers,757.184,409.868,0.3346367443478259,0.1424056626086954,0.2838000000000001,0.951,True
1005,occipital_protuberance,737.1859999999999,370.054,0.296311663043478,0.0306537717391303,0.1485,0.9393,True
1005,tail_base,704.8,498.35,0.182566956521739,0.3897860869565218,0.4155,0.9426,False
1005,tail_tip,651.8599999999999,504.742,0.0362374565217388,0.4422497413043478,0.028,0.9324,True
1005,withers,758.172,407.496,0.3366617521739131,0.1353119739130434,0.29,0.9344,True
1006,occipital_protuberance,738.8340000000001,367.298,0.3003049604347828,0.0221748143478259,0.1545999999999999,0.9213,True
1006,tail_base,707.8199999999999,498.416,0.195410060869565,0.3988186226086956,0.3601999999999998,0.982,False
1006,tail_tip,660.092,507.75,0.0616256582608695,0.4531749456521739,0.0356999999999998,0.9814,True
1006,withers,759.196,405.136,0.3401231947826088,0.1287945947826087,0.2928000000000001,0.9561,True
1007,occipital_protuberance,740.504,364.32,0.3055103113043478,0.0131318608695651,0.1469,0.9683,True
1007,tail_base,710.699,498.477,0.2077935826086955,0.4070019652173913,0.307,0.9668,True
1007,tail_tip,667.748,511.366,0.0854336791304349,0.4660427517391303,0.0464,0.9663,True
1007,withers,760.018,402.596,0.342755753478261,0.1216486199999998,0.3065999999999999,0.9285,True
1008,occipital_protuberance,742.5640000000001,361.376,0.312441159130435,0.0041917147826087,0.1314000000000001,0.927,True
1008,tail_base,713.335,498.197,0.2216789510869566,0.4177454967391305,0.2265,0.9435,True
1008,tail_tip,673.528,516.28,0.101210827826087,0.4717617565217389,0.1118000000000001,0.9411,True
1008,withers,760.5600000000001,400.032,0.3456664869565219,0.1147787060869564,0.2991999999999998,0.8896,True
1009,occipital_protuberance,744.514,358.59399999999994,0.3198582808695652,-0.004302971304348,0.1089000000000001,0.9107,True
1009,tail_base,715.8960000000001,497.78600000000006,0.2345516382608697,0.4258186469565219,0.1573000000000002,0.9685,True
1009,tail_tip,677.588,521.388,0.1095935339130433,0.4705512730434783,0.1785999999999999,0.7891,True
1009,withers,760.954,397.624,0.3474798065217389,0.108087208695652,0.2975,0.9306,True
1010,occipital_protuberance,746.446,356.08000000000004,0.3263264113043479,-0.012017356521739,0.0940999999999999,0.9546,True
1010,tail_base,718.304,497.096,0.2480534539130434,0.4342962852173913,0.0825999999999999,0.9158,True
1010,tail_tip,680.482,526.5699999999999,0.1137896217391303,0.4682065434782607,0.089,0.8864,True
1010,withers,761.25,395.076,0.3484619565217391,0.1008053739130433,0.293,0.9372,True
1011,occipital_protuberance,748.182,353.72400000000005,0.3316483834782609,-0.0192400330434781,0.0840999999999999,0.9547,True
1011,tail_base,720.274,496.398,0.2565103317391304,0.4358509134782609,0.0441999999999998,0.8851,True
1011,tail_tip,682.134,531.212,0.114137342173913,0.46379842,-0.0016999999999998,0.9271,True
1011,withers,761.198,392.896,0.3484442499999999,0.094576,0.289,0.9331,True
1012,occipital_protuberance,749.828,351.724,0.3355484156521738,-0.0252849791304348,0.0811999999999998,0.9028,True
1012,tail_base,722.194,495.2600000000001,0.2649148356521738,0.4359488608695653,0.0188000000000001,0.9476,True
1012,tail_tip,683.914,534.9300000000001,0.1146537260869565,0.4567194130434784,0.002,0.9316,True
1012,withers,761.138,390.88,0.3482717500000001,0.0887799999999999,0.286,0.9629,True
1013,occipital_protuberance,750.814,349.78200000000004,0.3360314099999999,-0.0309849743478259,0.0991999999999998,0.9138,True
1013,tail_base,724.028,494.0220000000001,0.2704605582608696,0.4313760286956523,0.0088000000000001,0.9749,True
1013,tail_tip,686.2760000000001,536.8979999999999,0.1196536400000001,0.4573966982608693,0.0186999999999998,0.9464,True
1013,withers,761.0440000000001,388.972,0.3453174808695655,0.0826520773913044,0.2899000000000001,0.947,True
1014,occipital_protuberance,751.136,347.858,0.3344710399999999,-0.0365421408695652,0.1171999999999998,0.9177,True
1014,tail_base,725.57,492.436,0.2755354000000001,0.4264439199999999,0.0145999999999999,0.9999,True
1014,tail_tip,688.8100000000001,537.926,0.1267680586956523,0.4621047656521741,0.0035999999999999,0.9206,True
1014,withers,760.8,387.18,0.3436497391304347,0.0773211913043478,0.2938000000000001,0.9124,True
1015,occipital_protuberance,750.842,345.97,0.3317549252173912,-0.0419924,0.1324000000000001,0.9025,True
1015,tail_base,726.926,490.71,0.2788812843478262,0.4193517782608696,0.0254,0.9958,True
1015,tail_tip,691.068,538.244,0.1333096834782608,0.4652943373913044,-0.0125999999999999,0.9355,True
1015,withers,760.2900000000001,385.86800000000005,0.3421989000000002,0.0735888365217392,0.2938000000000001,0.8492,True
1016,occipital_protuberance,749.926,344.328,0.3276272739130436,-0.0467093739130435,0.144,0.9014,True
1016,tail_base,728.066,488.924,0.2830556108695653,0.4143785521739129,0.0265,0.925,True
1016,tail_tip,692.672,538.158,0.1372449113043478,0.46421778,-0.0101999999999998,0.9567,True
1016,withers,759.86,384.476,0.3404284565217391,0.0695171608695652,0.298,0.8305,True
1017,occipital_protuberance,748.6020000000001,343.13,0.3227368130434785,-0.0501332391304348,0.155,0.9343,True
1017,tail_base,728.978,487.222,0.2867606195652172,0.4100143804347826,0.012,0.9364,True
1017,tail_tip,694.2760000000001,538.016,0.1412237921739132,0.463189892173913,-0.0088000000000001,0.914,True
1017,withers,759.36,383.144,0.3387229217391305,0.0656786469565217,0.2936999999999998,0.8559,True
1018,occipital_protuberance,747.046,342.456,0.3177171821739131,-0.0520713547826086,0.1584000000000001,0.9341,True
1018,tail_base,729.826,485.86,0.2874822547826087,0.4028067217391304,0.0255999999999999,0.9633,True
1018,tail_tip,695.3340000000001,538.456,0.144926963478261,0.4673995408695652,-0.0250999999999999,0.9138,True
1018,withers,758.936,382.066,0.3394847130434783,0.0629840391304347,0.2785,0.8966,True
1019,occipital_protuberance,745.5780000000001,342.112,0.3137502739130438,-0.0531584695652174,0.158,0.9125,True
1019,tail_base,730.6679999999999,484.798,0.2898025226086952,0.3988923899999998,0.0294,0.97,True
1019,tail_tip,695.9559999999999,539.112,0.1456559008695649,0.4662363234782608,-0.0103000000000001,0.929,True
1019,withers,758.5,380.93,0.3394509782608696,0.05995535,0.2595999999999999,0.9082,True
1020,occipital_protuberance,744.336,342.058,0.3096737843478261,-0.0532526360869565,0.1644000000000001,0.904,True
1020,tail_base,731.466,484.034,0.2905835052173913,0.3940506252173912,0.0471999999999998,0.9734,True
1020,tail_tip,696.4860000000001,539.9459999999999,0.1463355786956524,0.4661774960869563,-0.0034,0.9367,True
1020,withers,758.1899999999999,379.756,0.3389483652173912,0.0566567721739131,0.2595999999999999,0.9237,True
1021,occipital_protuberance,743.358,342.022,0.3074226426086955,-0.0534728252173913,0.1615999999999999,0.9294,True
1021,tail_base,732.318,483.428,0.2927484056521739,0.3914009208695652,0.0525999999999999,0.9728,True
1021,tail_tip,696.78,540.914,0.1471589478260869,0.4688818930434783,-0.0144,0.9472,True
1021,withers,757.8779999999999,378.848,0.3384636139130432,0.0541183443478259,0.2564000000000001,0.9405,True
1022,occipital_protuberance,742.626,341.994,0.3054908299999999,-0.0535991647826086,0.1594000000000001,0.9453,True
1022,tail_base,733.162,483.072,0.2925286800000001,0.38644608,0.0811999999999998,0.9727,True
1022,tail_tip,696.826,541.71,0.1470187447826087,0.4701153717391305,-0.0101999999999998,0.9856,True
1022,withers,757.4499999999999,378.232,0.3369538369565216,0.0523060226086957,0.2555999999999999,0.9469,True
1023,occipital_protuberance,742.11,341.954,0.3061302195652174,-0.0541026926086956,0.1398000000000001,0.9634,True
1023,tail_base,734.078,482.824,0.2957935030434781,0.3861746765217389,0.0774000000000001,0.9648,True
1023,tail_tip,697.2,541.7540000000001,0.1488567826086957,0.472995029130435,-0.0241999999999998,0.9588,True
1023,withers,757.076,377.892,0.3364153408695652,0.051412273043478,0.2514,0.9405,True
1024,occipital_protuberance,741.82,341.96400000000006,0.3061461782608697,-0.0542295469565215,0.1318000000000002,0.9647,True
1024,tail_base,734.974,482.678,0.2986106439130436,0.3857156334782608,0.0774000000000001,0.9545,True
1024,tail_tip,697.3720000000001,541.608,0.1492545052173915,0.4724571599999999,-0.0234,0.9615,True
1024,withers,756.826,377.644,0.3354430017391305,0.0506612939130433,0.2599000000000001,0.9342,True
1025,occipital_protuberance,741.674,341.928,0.307232304347826,-0.0546088695652174,0.118,0.96,True
1025,tail_base,735.818,482.708,0.30409717,0.3894378460869565,0.0501999999999998,0.9512,True
1025,tail_tip,697.176,541.2880000000001,0.1486948886956522,0.4714670313043481,-0.0225999999999999,0.9843,True
1025,withers,756.562,377.318,0.3346849773913044,0.0497252486956521,0.2599000000000001,0.9457,True
1026,occipital_protuberance,741.804,341.86800000000005,0.3078685747826086,-0.0548335330434781,0.1158000000000001,0.9597,True
1026,tail_base,736.698,482.882,0.3077308743478261,0.3910586082608694,0.0421999999999998,0.9741,True
1026,tail_tip,697.182,540.9559999999999,0.1487602160869565,0.4707609678260868,-0.0234,0.9915,True
1026,withers,756.48,376.996,0.3345761391304348,0.0488191626086955,0.2554,0.9416,True
1027,occipital_protuberance,742.024,341.676,0.3099755269565217,-0.055673092173913,0.1028000000000001,0.9619,True
1027,tail_base,737.458,483.082,0.3129037395652173,0.3951734908695652,0.0161999999999998,0.9819,True
1027,tail_tip,697.4599999999999,540.7479999999999,0.150957413043478,0.4748564304347824,-0.041,0.9828,True
1027,withers,756.548,376.664,0.3351768460869566,0.0479234904347825,0.2521999999999998,0.9256,True
1028,occipital_protuberance,742.274,341.476,0.3108684930434783,-0.0563049060869565,0.1015999999999999,0.959,True
1028,tail_base,738.074,483.254,0.3172480695652173,0.3986998956521739,-0.006,0.9956,True
1028,tail_tip,697.618,540.98,0.149243145652174,0.4687775434782609,-0.013,0.9875,True
1028,withers,756.644,376.43,0.3355797165217392,0.0472683956521739,0.2511999999999998,0.917,True
1029,occipital_protuberance,742.448,341.27,0.312199144347826,-0.0570776391304348,0.0944000000000001,0.959,True
1029,tail_base,738.66,483.474,0.320559208695652,0.4011831313043478,-0.0191999999999998,0.9963,True
1029,tail_tip,697.932,541.3399999999999,0.1491371182608696,0.4668322347826085,0.0015999999999999,1.0,True
1029,withers,756.604,376.2480000000001,0.3355913817391305,0.0467624504347827,0.2501999999999998,0.922,True
1030,occipital_protuberance,742.5699999999999,341.102,0.3121695652173911,-0.0575156521739131,0.095,0.9596,True
1030,tail_base,739.1859999999999,483.554,0.3224191865217388,0.401631078695652,-0.0135999999999999,1.0,True
1030,tail_tip,698.62,541.832,0.1509082695652174,0.4680988139130435,-0.0004,0.9889,True
1030,withers,756.7120000000001,376.202,0.3364603982608698,0.0467075482608695,0.2458000000000001,0.9153,True
1031,occipital_protuberance,742.432,341.0559999999999,0.311883172173913,-0.0576803617391306,0.0938000000000001,0.9556,True
1031,tail_base,739.5579999999999,483.568,0.3231955682608691,0.401139335652174,-0.0095999999999999,1.0,True
1031,tail_tip,699.362,542.314,0.1530894360869564,0.4701719526086955,-0.0095999999999999,0.9831,True
1031,withers,756.67,376.102,0.3362125043478259,0.0464017634782609,0.2468000000000001,0.9057,True
1032,occipital_protuberance,741.9979999999999,341.106,0.3102956547826085,-0.0574788339130435,0.0961999999999998,0.9585,True
1032,tail_base,739.9459999999999,483.516,0.3233035826086953,0.3995474086956521,0.001,1.0,True
1032,tail_tip,699.78,542.6980000000001,0.1528418652173912,0.4671111256521741,0.0048000000000001,0.9826,True
1032,withers,756.52,375.86800000000005,0.3356535913043478,0.0457101886956523,0.2478000000000002,0.915,True
1033,occipital_protuberance,741.508,341.012,0.3084077843478262,-0.0576904973913043,0.1028000000000001,0.9676,True
1033,tail_base,740.228,483.398,0.3244990443478259,0.3995144378260868,-0.0015999999999999,1.0,True
1033,tail_tip,700.316,542.55,0.1554710460869566,0.4705424673913042,-0.0144,0.978,True
1033,withers,756.2860000000001,375.316,0.3340694543478262,0.044000204347826,0.252,0.9316,True
1034,occipital_protuberance,740.888,340.72,0.3063924695652175,-0.0585525217391305,0.104,0.99,True
1034,tail_base,740.358,483.2,0.3249199334782607,0.3988733913043477,-0.0015999999999999,1.0,True
1034,tail_tip,700.604,542.25,0.1576230991304349,0.4740084782608696,-0.0358000000000001,0.9782,True
1034,withers,756.0939999999999,374.842,0.3331140665217389,0.0425868604347825,0.2551999999999998,0.9533,True
1035,occipital_protuberance,740.306,340.192,0.3051482965217393,-0.0602593808695652,0.0991999999999998,0.9962,True
1035,tail_base,740.418,482.91,0.32408818,0.3966786652173913,0.0078000000000001,1.0,True
1035,tail_tip,700.316,541.7760000000001,0.1580934808695653,0.4764507026086958,-0.0484,0.9763,True
1035,withers,755.684,374.266,0.3315352547826086,0.0408844952173913,0.2584000000000001,0.9586,True
1036,occipital_protuberance,739.972,339.416,0.3047842017391303,-0.0627543513043478,0.0931999999999998,0.9971,True
1036,tail_base,740.492,482.552,0.3237371626086955,0.3948039321739131,0.0131999999999998,1.0,True
1036,tail_tip,699.966,540.878,0.1574628943478261,0.4749620352173915,-0.0528000000000001,0.9882,True
1036,withers,755.108,373.4,0.3302848895652172,0.0384492608695653,0.2581999999999998,0.9524,True
1037,occipital_protuberance,740.0540000000001,338.356,0.3051647000000003,-0.0660142,0.092,0.995,True
1037,tail_base,740.61,482.086,0.3260201434782608,0.3956117208695651,0.0028000000000001,0.9853,True
1037,tail_tip,699.786,539.81,0.1569902378260868,0.472157606521739,-0.0478000000000001,1.0,True
1037,withers,754.6020000000001,372.74,0.328185249130435,0.0364834826086955,0.2634000000000001,0.9515,True
1038,occipital_protuberance,740.3900000000001,337.086,0.3063204434782611,-0.069917587826087,0.0848000000000001,0.9892,True
1038,tail_base,740.8,481.496,0.3256059130434781,0.392458492173913,0.0121999999999998,0.9818,True
1038,tail_tip,699.566,538.946,0.1564643430434783,0.4700444604347826,-0.0405999999999999,1.0,True
1038,withers,754.0319999999999,371.996,0.3270487339130432,0.0344050495652173,0.2594000000000001,0.9471,True
1039,occipital_protuberance,741.078,335.63,0.307760536521739,-0.074201352173913,0.0848000000000001,0.9349,True
1039,tail_base,741.098,480.718,0.3246784247826085,0.3876884813043479,0.0324,0.9524,True
1039,tail_tip,699.834,538.108,0.1577406343478259,0.4695468947826086,-0.0534,0.9836,True
1039,withers,753.49,371.054,0.3256176130434782,0.0317153678260868,0.2714000000000001,0.9332,True
1040,occipital_protuberance,741.8439999999999,333.92999999999995,0.3088087199999998,-0.0790487739130436,0.0959000000000001,0.9491,True
1040,tail_base,741.524,479.674,0.3243250391304347,0.3823063978260869,0.048,0.9366,True
1040,tail_tip,700.92,537.192,0.1605374434782607,0.46693944,-0.0464,0.9856,True
1040,withers,752.966,369.752,0.324236977826087,0.02799036,0.2704000000000001,0.9215,True
1041,occipital_protuberance,742.7360000000001,331.684,0.3103297217391307,-0.0855327869565218,0.1035,0.9606,True
1041,tail_base,742.06,478.372,0.3248836043478259,0.376808955652174,0.0684,0.9609,True
1041,tail_tip,702.58,536.452,0.1652248043478262,0.4658716391304348,-0.053,0.9589,True
1041,withers,752.556,368.322,0.3225218773913044,0.0238461482608695,0.2653000000000002,0.9244,True
1042,occipital_protuberance,743.5440000000001,329.304,0.3110596817391307,-0.092214787826087,0.1186999999999998,0.9192,True
1042,tail_base,742.5719999999999,476.886,0.3238376426086953,0.3690294299999999,0.0924000000000001,0.9975,True
1042,tail_tip,704.244,535.8480000000001,0.1703443626086957,0.4662647947826089,-0.0569,0.8798,True
1042,withers,752.2439999999999,366.632,0.3212374478260867,0.0189804956521737,0.278,0.9434,True
1043,occipital_protuberance,744.258,326.93,0.3122753747826088,-0.0990518391304347,0.1269000000000001,0.915,True
1043,tail_base,743.098,475.246,0.3241983847826085,0.3623985630434782,0.091,0.9844,True
1043,tail_tip,706.036,534.964,0.1743924626086955,0.4620571026086957,-0.0470999999999999,0.9617,True
1043,withers,752.162,364.768,0.3206370217391305,0.0136302608695651,0.281,0.9863,True
1044,occipital_protuberance,744.884,324.886,0.3132383460869565,-0.104868724347826,0.1349000000000001,0.9496,True
1044,tail_base,743.566,473.64,0.3290021647826088,0.3610046347826087,0.0579,0.9505,True
1044,tail_tip,707.538,533.9379999999999,0.1787554673913043,0.4603685108695649,-0.044,0.9848,True
1044,withers,752.16,362.512,0.3202655652173912,0.007172852173913,0.281,0.9515,True
1045,occipital_protuberance,745.734,322.94,0.3147425352173914,-0.110317952173913,0.1439,0.9413,True
1045,tail_base,743.852,471.986,0.3300687478260868,0.3559207217391303,0.046,0.9082,True
1045,tail_tip,708.612,532.88,0.1804048130434782,0.454561652173913,-0.013,1.0,True
1045,withers,752.136,360.292,0.3196851095652173,0.0008324539130435,0.2751999999999998,0.9073,True
1046,occipital_protuberance,746.5040000000001,321.19,0.3157149008695655,-0.1150463391304347,0.1518000000000001,0.9831,True
1046,tail_base,743.978,470.214,0.3307630595652173,0.3506003178260867,0.0364,0.9193,True
1046,tail_tip,709.2180000000001,531.604,0.1819229608695654,0.4510200782608697,-0.0005,1.0,True
1046,withers,752.142,358.344,0.3189464752173914,-0.00470988,0.2814000000000001,0.9246,True
1047,occipital_protuberance,747.05,319.27200000000005,0.3165421956521738,-0.1204309252173911,0.1555999999999999,0.9799,True
1047,tail_base,744.1919999999999,468.44,0.3314438121739127,0.3449570695652172,0.0364,0.9611,True
1047,tail_tip,710.1700000000001,530.03,0.184699643478261,0.4475485304347825,0.0049,1.0,True
1047,withers,752.26,356.034,0.3175737782608695,-0.0112194691304348,0.2924000000000001,0.9519,True
1048,occipital_protuberance,747.854,316.994,0.3175831369565218,-0.1266339717391303,0.167,0.9997,True
1048,tail_base,744.408,466.49000000000007,0.3330161252173914,0.3396568000000002,0.0285999999999999,0.9422,True
1048,tail_tip,711.384,528.408,0.1886554973913043,0.445073055652174,0.0040999999999999,0.9449,True
1048,withers,752.278,353.476,0.3158917121739131,-0.018355132173913,0.3035999999999999,0.9557,True
1049,occipital_protuberance,748.614,314.088,0.3192779365217392,-0.1349613182608695,0.1655999999999999,0.9814,True
1049,tail_base,744.716,464.11,0.3335204599999999,0.33159035,0.0328000000000001,0.8908,True
1049,tail_tip,713.828,526.48,0.1944725817391303,0.4385300347826087,0.0235999999999999,0.9477,True
1049,withers,752.594,351.012,0.3155324465217393,-0.0251878930434782,0.3043000000000002,0.92,True
1050,occipital_protuberance,749.332,311.006,0.3213885443478261,-0.1440210582608696,0.1745999999999999,0.9266,True
1050,tail_base,745.0600000000001,461.294,0.3353469521739132,0.3233260439130434,0.0264,0.9622,True
1050,tail_tip,716.992,524.572,0.2033927791304347,0.4347562921739131,0.0185999999999999,1.0,True
1050,withers,753.508,348.098,0.3157249695652175,-0.0331056717391304,0.3235,0.9527,True
1051,occipital_protuberance,750.386,307.86800000000005,0.3244868460869564,-0.1532454139130433,0.1745999999999999,0.9517,True
1051,tail_base,745.5559999999999,458.112,0.3386052904347823,0.3147262330434781,0.0123000000000001,0.986,True
1051,tail_tip,720.6759999999999,522.682,0.2138440147826085,0.4312133969565218,0.0214,0.9518,True
1051,withers,754.72,344.748,0.3184726956521739,-0.0423408782608695,0.322,0.9359,True
1052,occipital_protuberance,751.856,304.554,0.329780667826087,-0.1634692721739131,0.1635999999999999,0.917,True
1052,tail_base,746.134,454.424,0.3435511434782609,0.3056463826086956,-0.0145,0.9552,True
1052,tail_tip,724.144,520.9839999999999,0.2233657356521738,0.4273425269565215,0.0318000000000001,0.9643,True
1052,withers,755.8879999999999,341.404,0.3222190260869563,-0.0517049652173913,0.309,0.9925,True
1053,occipital_protuberance,753.292,301.16,0.3337434547826087,-0.1733349652173912,0.1628000000000002,0.9687,True
1053,tail_base,747.0200000000001,450.378,0.3476521434782612,0.2935909682608696,-0.0255999999999999,0.9715,True
1053,tail_tip,727.434,518.3340000000001,0.2332587060869564,0.422407575652174,0.0335999999999999,0.9407,True
1053,withers,757.344,338.15200000000004,0.3252724660869566,-0.0605617060869564,0.3108000000000002,0.9696,True
1054,occipital_protuberance,755.05,297.746,0.3382219891304347,-0.1830132265217391,0.1564000000000001,0.9727,True
1054,tail_base,748.0899999999999,446.148,0.3480028043478258,0.277359104347826,0.005,0.9678,True
1054,tail_tip,730.418,514.1659999999999,0.2457010869565217,0.4189293478260868,0.0095,0.9704,True
1054,withers,758.836,334.67600000000004,0.3271606747826087,-0.0697180730434781,0.3281999999999998,0.9395,True
1055,occipital_protuberance,756.642,294.252,0.3430289078260871,-0.193356292173913,0.1484000000000001,0.9955,True
1055,tail_base,749.5179999999999,442.182,0.3515289717391301,0.2637863543478259,0.017,0.9782,True
1055,tail_tip,732.466,509.68,0.2551056534782608,0.4129541043478261,0.0028000000000001,0.934,True
1055,withers,760.0699999999999,331.318,0.3292006173913042,-0.0786385617391304,0.3385999999999999,0.9408,True
1056,occipital_protuberance,757.9739999999999,290.668,0.3461254573913041,-0.2034140591304347,0.1488000000000001,0.9691,True
1056,tail_base,751.176,438.462,0.3534188365217393,0.2494238752173912,0.0524,0.9447,True
1056,tail_tip,733.99,504.192,0.2656034804347826,0.4074677843478261,0.0371999999999998,0.8976,True
1056,withers,761.312,328.03000000000003,0.3327377182608696,-0.0876881499999999,0.3305999999999999,0.9286,True
1057,occipital_protuberance,759.292,287.188,0.3478399121739131,-0.2123102947826087,0.1594000000000001,0.908,True
1057,tail_base,752.9399999999999,435.012,0.3546561521739128,0.2355539869565217,0.0815,0.9462,True
1057,tail_tip,735.3399999999999,498.034,0.278164813043478,0.4027291986956521,0.0408000000000001,0.9102,True
1057,withers,762.5899999999999,324.836,0.3352036999999997,-0.0961506069565217,0.3294000000000001,1.0,True
1058,occipital_protuberance,760.268,284.064,0.3498491539130435,-0.2208912208695651,0.1628000000000002,0.9494,True
1058,tail_base,754.4759999999999,431.9,0.357040689565217,0.2242498478260869,0.0805999999999999,0.9429,True
1058,tail_tip,736.2900000000001,492.99799999999993,0.2890165282608697,0.3991963882608693,0.0685999999999999,0.9267,True
1058,withers,763.6899999999999,321.264,0.3382114826086955,-0.1059176973913043,0.3234000000000001,0.9862,True
1059,occipital_protuberance,760.618,281.27200000000005,0.3498708639130437,-0.2283625443478259,0.1704,0.9067,True
1059,tail_base,755.8340000000001,428.954,0.3603192839130436,0.21449191,0.0626999999999998,0.9986,True
1059,tail_tip,736.1139999999999,490.168,0.2933148547826084,0.3972387791304348,0.0684,0.8952,True
1059,withers,764.242,317.79200000000003,0.3409902717391303,-0.115842608695652,0.314,1.0,True
1060,occipital_protuberance,760.332,278.384,0.3480472304347826,-0.2360654086956521,0.175,0.9413,True
1060,tail_base,757.072,426.032,0.3638648660869565,0.2052303269565216,0.0550999999999999,1.0,True
1060,tail_tip,736.99,487.758,0.3028407326086956,0.3989104682608694,0.0809000000000001,0.8999,True
1060,withers,764.5260000000001,314.4,0.3437188308695654,-0.1258659130434783,0.2995999999999999,0.9892,True
1061,occipital_protuberance,759.4480000000001,275.628,0.3460356626086959,-0.2444220156521739,0.1708000000000001,0.9602,True
1061,tail_base,758.116,423.266,0.3666474704347826,0.1963859160869564,0.0551999999999998,0.9818,True
1061,tail_tip,739.33,486.4860000000001,0.3118530130434784,0.3971110460869567,0.0685999999999999,0.8835,True
1061,withers,764.692,311.102,0.343634887826087,-0.13475651,0.3065999999999999,1.0,True
1062,occipital_protuberance,758.0519999999999,273.28599999999994,0.3436853008695649,-0.2524508452173915,0.1575999999999999,0.9501,True
1062,tail_base,759.118,420.572,0.3692916952173914,0.1877863678260869,0.0523000000000001,0.9887,True
1062,tail_tip,743.222,485.86800000000005,0.3216487278260869,0.3922156330434784,0.0641999999999998,0.9506,True
1062,withers,764.558,308.044,0.3445924147826086,-0.1437374034782609,0.2998000000000002,1.0,True
1063,occipital_protuberance,755.956,270.988,0.3396754565217392,-0.2607471086956521,0.141,0.9397,True
1063,tail_base,760.284,417.934,0.370187084347826,0.1782981821739131,0.0795999999999999,0.9323,True
1063,tail_tip,748.64,484.5100000000001,0.3343041739130434,0.3831389239130436,0.061,0.9813,True
1063,withers,764.01,305.172,0.3446669239130434,-0.1523860826086957,0.288,0.98,True
1064,occipital_protuberance,753.6020000000001,268.5,0.335965566956522,-0.2706013043478261,0.1181999999999998,0.9863,True
1064,tail_base,761.5840000000001,415.342,0.3727606852173914,0.1696713534782608,0.0904,0.9289,True
1064,tail_tip,755.2280000000001,482.534,0.3502931200000002,0.37250336,0.0451999999999998,0.9565,True
1064,withers,763.404,302.148,0.3427143695652174,-0.1606650652173912,0.29,0.9639,True
1065,occipital_protuberance,751.03,266.414,0.3312073173913042,-0.2791711069565218,0.0975999999999999,0.9349,True
1065,tail_base,762.6479999999999,412.48,0.375356205217391,0.1606116173913044,0.0954000000000001,0.9761,True
1065,tail_tip,761.47,480.236,0.3642779673913044,0.3605773086956521,0.071,0.9113,True
1065,withers,762.22,299.2,0.3411797869565218,-0.1697245217391304,0.2738000000000001,0.9427,True
1066,occipital_protuberance,748.05,264.188,0.3248781630434781,-0.2880816895652174,0.0788000000000001,0.9076,True
1066,tail_base,763.8280000000001,409.434,0.3797750921739133,0.1516119286956522,0.0964000000000001,0.9874,True
1066,tail_tip,766.444,477.478,0.378012584347826,0.3512081426086955,0.0495999999999999,0.8827,True
1066,withers,760.45,296.38199999999995,0.3354532500000001,-0.1771761300000001,0.2828000000000001,0.9126,True
1067,occipital_protuberance,744.6279999999999,261.86800000000005,0.3154989104347824,-0.2959106460869564,0.0798000000000001,0.951,True
1067,tail_base,765.188,406.172,0.3837828643478261,0.1415472921739131,0.1105999999999999,0.9746,True
1067,tail_tip,769.6479999999999,474.568,0.3899304521739127,0.3445757130434784,0.063,0.9524,True
1067,withers,758.64,293.812,0.3309282260869564,-0.1846213539130434,0.2818000000000001,0.9677,True
1068,occipital_protuberance,740.708,259.946,0.3054736356521738,-0.3034898830434782,0.0634000000000001,1.0,True
1068,tail_base,766.3140000000001,402.624,0.3870700313043481,0.1306147617391303,0.1178000000000001,0.9958,True
1068,tail_tip,771.0840000000001,472.16,0.4008320747826088,0.3429657739130435,0.0288000000000001,0.942,True
1068,withers,756.574,291.462,0.3256722769565215,-0.1914743126086956,0.2838000000000001,0.9755,True
1069,occipital_protuberance,736.436,258.34599999999995,0.2932702617391305,-0.309138653478261,0.0661999999999998,0.9349,True
1069,tail_base,767.318,399.086,0.3888457786956521,0.1193737421739129,0.1241999999999998,0.931,True
1069,tail_tip,771.0840000000001,469.57,0.4098654721739132,0.3425968065217391,-0.0005999999999999,0.9777,True
1069,withers,754.492,289.454,0.3211002808695651,-0.1978508578260869,0.2738000000000001,0.9674,True
1070,occipital_protuberance,732.106,256.596,0.2811835995652174,-0.3156744286956521,0.0739,0.9797,True
1070,tail_base,768.474,395.814,0.390700605652174,0.1089134882608696,0.1331999999999998,0.9611,True
1070,tail_tip,770.478,467.09,0.412395574347826,0.3384742413043478,0.0261999999999998,0.9462,True
1070,withers,752.528,287.28200000000004,0.3159590539130434,-0.2041794973913042,0.2708000000000002,0.897,True
1071,occipital_protuberance,727.96,255.254,0.2691002347826088,-0.3204544473913043,0.0834,0.8806,True
1071,tail_base,769.4,392.65600000000006,0.3901972608695651,0.0984720382608697,0.1503000000000001,0.9433,True
1071,tail_tip,769.83,464.596,0.4150326413043479,0.3343661260869565,0.009,0.8901,True
1071,withers,750.618,284.928,0.3134096508695653,-0.21269856,0.2474000000000001,0.9586,True
1072,occipital_protuberance,723.538,254.192,0.256970152173913,-0.3254746086956522,0.0945,0.9169,True
1072,tail_base,769.9060000000001,389.77,0.3870351586956524,0.0886951847826086,0.17,0.9853,True
1072,tail_tip,769.6339999999999,461.122,0.4188023639130431,0.3266900091304348,0.0118000000000001,0.8834,True
1072,withers,748.688,282.258,0.3089101982608695,-0.2209562843478261,0.2391999999999998,0.9523,True
1073,occipital_protuberance,719.458,253.064,0.245369758695652,-0.3302230173913044,0.096,0.9218,True
1073,tail_base,770.368,387.04,0.3864844382608697,0.0801618434782609,0.1615999999999999,1.0,True
1073,tail_tip,769.7180000000001,456.754,0.4185379469565219,0.3121788843478261,0.0185999999999999,0.9583,True
1073,withers,746.992,279.496,0.3054156417391303,-0.2298039182608696,0.2278000000000001,0.9714,True
1074,occipital_protuberance,715.7459999999999,252.042,0.2344997360869561,-0.334223886521739,0.1148000000000001,0.9741,True
1074,tail_base,770.64,384.426,0.3894776,0.0728213399999999,0.1361999999999998,0.9491,True
1074,tail_tip,769.9619999999999,452.18,0.4153981056521735,0.2946353347826086,0.0364,0.9769,True
1074,withers,745.2,276.774,0.3020612173913045,-0.2389671756521739,0.2124000000000001,1.0,True
1075,occipital_protuberance,712.2059999999999,251.488,0.224121145217391,-0.336811812173913,0.1284000000000001,0.9006,True
1075,tail_base,770.652,382.044,0.3919275973913045,0.0661272078260869,0.1161999999999998,0.9719,True
1075,tail_tip,769.8520000000001,447.244,0.4150465121739133,0.278858376521739,0.0264,0.9642,True
1075,withers,743.572,274.496,0.2977469843478261,-0.2458054121739131,0.2091999999999998,0.9546,True
1076,occipital_protuberance,708.8299999999999,251.344,0.2143755239130432,-0.3384161982608696,0.1315999999999999,0.9384,True
1076,tail_base,770.444,379.556,0.3905096356521738,0.0585447121739129,0.1188000000000001,0.9926,True
1076,tail_tip,768.634,441.97800000000007,0.4046937495652175,0.2579099165217393,0.0655999999999999,0.9628,True
1076,withers,742.002,272.404,0.2932335756521738,-0.2518194573913043,0.2161999999999998,0.9394,True
1077,occipital_protuberance,705.784,251.49,0.2058753182608695,-0.3395891217391304,0.1318000000000002,0.9244,True
1077,tail_base,769.988,376.834,0.3934962826086958,0.0509594456521739,0.085,0.9645,True
1077,tail_tip,765.01,436.988,0.387585352173913,0.2386962730434783,0.1040999999999999,0.9473,True
1077,withers,740.402,270.478,0.2893323721739131,-0.2579790504347826,0.2098000000000001,0.9543,True
1078,occipital_protuberance,702.8480000000001,251.872,0.1981214886956523,-0.3408617669565217,0.1178000000000001,0.9941,True
1078,tail_base,769.284,374.068,0.39496262,0.0429777399999999,0.0534,0.9537,True
1078,tail_tip,758.784,432.3280000000001,0.3672749634782608,0.2236350313043481,0.0864,0.9262,True
1078,withers,738.394,268.53799999999995,0.28401642,-0.2640070513043479,0.2174000000000001,0.9634,True
1079,occipital_protuberance,699.83,252.738,0.1902984195652175,-0.3411631134782608,0.0988000000000001,1.0,True
1079,tail_base,768.5440000000001,371.478,0.3891250434782612,0.034745902173913,0.079,0.9355,True
1079,tail_tip,750.3919999999999,426.966,0.3416152434782606,0.2072306543478261,0.087,0.9324,True
1079,withers,736.2180000000001,266.692,0.2779654352173916,-0.2695586982608696,0.2211999999999998,0.9273,True
1080,occipital_protuberance,696.76,254.092,0.1827548608695651,-0.341000736521739,0.0698000000000001,0.9675,True
1080,tail_base,767.6540000000001,368.674,0.3799371552173916,0.0258164639130435,0.1228000000000001,0.9034,True
1080,tail_tip,739.982,420.006,0.3106831973913043,0.1864621226086955,0.0751999999999998,0.9556,True
1080,withers,733.796,264.92,0.2711927826086958,-0.2749052173913044,0.229,0.8934,True
1081,occipital_protuberance,693.452,255.91,0.1739630199999999,-0.3387676934782608,0.0413000000000001,0.8931,True
1081,tail_base,766.632,365.956,0.3731514695652172,0.0175507782608696,0.15,0.9576,True
1081,tail_tip,728.674,411.286,0.2807881486956521,0.1623982339130432,0.0568000000000001,0.9395,True
1081,withers,731.438,263.43600000000004,0.2643750869565217,-0.2791959130434782,0.229,0.9867,True
1082,occipital_protuberance,690.0840000000001,258.084,0.1643952860869567,-0.334528192173913,0.0191999999999998,0.9366,True
1082,tail_base,765.508,363.456,0.3616267460869566,0.009957787826087,0.2101999999999998,1.0,True
1082,tail_tip,718.708,400.508,0.2515747226086955,0.129475896521739,0.0434,0.9998,True
1082,withers,728.698,261.89399999999995,0.2564529130434782,-0.2836543043478262,0.238,1.0,True
1083,occipital_protuberance,686.996,260.55,0.1537790852173912,-0.3254176956521739,0.0320999999999999,0.9423,True
1083,tail_base,764.472,360.884,0.349874556521739,0.0024848086956522,0.275,0.982,False
1083,tail_tip,711.742,387.92,0.231492718695652,0.090090556521739,0.0354,0.9945,True
1083,withers,725.948,260.748,0.2485952478260868,-0.2870756217391304,0.2535,0.9735,True
1084,occipital_protuberance,683.934,262.98400000000004,0.1440844182608694,-0.3181702991304346,0.0288000000000001,0.9731,True
1084,tail_base,763.4879999999999,358.174,0.3421422956521737,-0.0050592108695652,0.312,0.9661,True
1084,tail_tip,707.966,374.812,0.2212884308695652,0.04822594,0.0120999999999999,0.9733,True
1084,withers,723.094,259.758,0.2405390660869566,-0.2901787982608696,0.2548000000000002,0.9837,True
1085,occipital_protuberance,680.888,265.326,0.133597095652174,-0.309337004347826,0.047,0.9506,True
1085,tail_base,763.18,355.192,0.3425742913043477,-0.0133714660869565,0.3024000000000001,0.9896,True
1085,tail_tip,707.3299999999999,363.702,0.2199056347826085,0.0120910539130434,0.0166999999999998,0.9182,True
1085,withers,720.278,258.958,0.2329458139130435,-0.2931975252173914,0.2614000000000001,0.9347,True
1086,occipital_protuberance,677.978,267.10200000000003,0.1236349021739128,-0.3024233804347825,0.0615,0.9631,True
1086,tail_base,764.0400000000001,351.95,0.3473120000000002,-0.02254,0.285,0.9441,True
1086,tail_tip,709.95,355.866,0.2274287391304349,-0.013440892173913,0.0338000000000001,1.0,True
1086,withers,717.312,258.194,0.2243392556521739,-0.2954144539130434,0.2804000000000001,0.9868,True
1087,occipital_protuberance,674.88,268.306,0.1135495652173913,-0.2985038369565218,0.065,0.9946,True
1087,tail_base,765.9159999999999,348.48400000000004,0.3574919478260868,-0.0326954260869564,0.2455,0.989,True
1087,tail_tip,714.7320000000001,352.15,0.2422454026086959,-0.0254459456521739,0.0323000000000001,0.9487,True
1087,withers,714.266,257.606,0.2157588747826085,-0.2974768295652174,0.2871999999999998,0.988,True
1088,occipital_protuberance,671.24,268.924,0.102582652173913,-0.2990658652173913,0.039,0.9449,True
1088,tail_base,768.206,344.774,0.3676446404347827,-0.0436622099999999,0.2193000000000002,0.9093,True
1088,tail_tip,721.8,353.736,0.2638227826086954,-0.0202027617391304,0.0333000000000001,0.9647,True
1088,withers,711.354,257.172,0.2073764404347827,-0.2988494634782608,0.3031999999999998,0.9183,True
1089,occipital_protuberance,667.408,269.052,0.0901663617391304,-0.299199148695652,0.0369,1.0,True
1089,tail_base,770.642,341.026,0.3786629969565218,-0.0549957265217391,0.1909000000000001,0.9726,True
1089,tail_tip,731.9,359.774,0.2943796739130434,-0.0007239369565217,0.0165,0.9924,True
1089,withers,708.308,256.534,0.19843474,-0.30056873,0.3179,0.9233,True
1090,occipital_protuberance,663.8340000000001,268.346,0.0787713700000002,-0.30291647,0.0264,0.9381,True
1090,tail_base,772.84,337.676,0.3826080782608697,-0.0642979730434783,0.2041999999999998,0.912,True
1090,tail_tip,744.3,367.224,0.3305629782608695,0.0228953686956521,0.0151999999999998,0.9663,True
1090,withers,705.232,256.104,0.1894280556521738,-0.3017049495652174,0.3394000000000001,0.9246,True
1091,occipital_protuberance,660.3399999999999,267.212,0.0674668956521736,-0.3077737617391305,0.0154,0.9959,True
1091,tail_base,774.37,334.438,0.3848824173913043,-0.0732184591304348,0.2188000000000002,0.9346,True
1091,tail_tip,756.9419999999999,374.836,0.368011389565217,0.0466882469565217,-0.0001999999999998,0.9726,True
1091,withers,702.154,255.86,0.1807870695652174,-0.3029115652173913,0.342,0.9544,True
1092,occipital_protuberance,656.9599999999999,265.828,0.0562813913043475,-0.3125077347826087,0.014,0.9444,True
1092,tail_base,775.458,331.62,0.3845829304347825,-0.0805745217391304,0.236,0.9382,True
1092,tail_tip,768.972,382.244,0.4053365660869564,0.0699090234782609,-0.0124,0.9485,True
1092,withers,699.29,255.64399999999995,0.1721730043478259,-0.3030407495652175,0.3569000000000001,0.9455,True
1093,occipital_protuberance,654.196,264.006,0.0470227069565218,-0.3179696908695653,0.0265999999999999,0.9324,True
1093,tail_base,776.2819999999999,329.29,0.3852336621739128,-0.0868091586956521,0.2414000000000001,0.9352,True
1093,tail_tip,778.4739999999999,387.188,0.4320990860869563,0.0848383808695651,0.0021999999999998,0.9631,True
1093,withers,696.598,255.526,0.1640234647826085,-0.3027701943478261,0.3658000000000002,0.9129,True
1094,occipital_protuberance,651.7059999999999,262.24,0.0387392256521735,-0.3235218434782608,0.0259,0.9844,True
1094,tail_base,777.046,327.096,0.3834308739130436,-0.0920596695652173,0.262,0.9494,True
1094,tail_tip,784.008,389.418,0.4481466347826088,0.0915475369565217,0.01,0.9658,True
1094,withers,694.238,255.664,0.1569364739130436,-0.301893947826087,0.3735,0.9405,True
1095,occipital_protuberance,649.232,261.192,0.0305238017391303,-0.32668932,0.0286999999999998,0.9756,True
1095,tail_base,777.5719999999999,324.892,0.3829585782608692,-0.0977299869565217,0.272,0.991,True
1095,tail_tip,786.914,389.91,0.4584036178260869,0.0933257021739131,0.0024,0.962,True
1095,withers,692.192,255.884,0.1515837217391304,-0.3023890782608695,0.3635,0.9366,True
1096,occipital_protuberance,646.638,260.54200000000003,0.0219775521739131,-0.3292924652173912,0.021,0.9561,True
1096,tail_base,777.808,322.94,0.3813986191304347,-0.1025675782608695,0.2838000000000001,0.9831,True
1096,tail_tip,789.134,389.064,0.4663679543478261,0.0908881826086955,-0.007,0.9738,True
1096,withers,690.286,256.084,0.1459933760869563,-0.301695256521739,0.368,0.9308,True
1097,occipital_protuberance,644.196,259.932,0.0138924086956522,-0.3313120956521738,0.021,0.9808,True
1097,tail_base,777.692,320.92600000000004,0.3782938034782608,-0.1073515678260868,0.2994000000000001,0.9423,True
1097,tail_tip,792.1780000000001,386.444,0.4762840578260873,0.0827639713043478,-0.0124,1.0,True
1097,withers,688.322,256.41,0.1403544004347826,-0.3008839108695651,0.3668000000000002,0.9311,True
1098,occipital_protuberance,641.49,259.612,0.0049286608695652,-0.3320660452173912,0.0238000000000001,0.9511,True
1098,tail_base,777.292,318.9,0.374687775652174,-0.1121672608695652,0.3161999999999998,0.9515,True
1098,tail_tip,796.716,382.344,0.4904870113043478,0.0699318626086954,-0.0154,0.9484,True
1098,withers,686.196,257.082,0.1342897634782609,-0.2991781513043478,0.3680999999999999,0.9619,True
1099,occipital_protuberance,638.6740000000001,259.58000000000004,-0.004386177391304,-0.3321718956521737,0.0238000000000001,0.9433,True
1099,tail_base,776.5160000000001,316.81,0.3714422295652175,-0.1175143565217391,0.3268000000000002,0.9791,True
1099,tail_tip,803.216,375.772,0.5092694017391305,0.0492120686956521,-0.0065999999999999,0.9756,True
1099,withers,683.826,258.054,0.1273431121739131,-0.2962196165217392,0.3728000000000002,0.9882,True
1100,occipital_protuberance,635.73,259.57000000000005,-0.0140789326086955,-0.3311351760869563,0.0300999999999999,0.982,True
1100,tail_base,775.442,314.678,0.3676955860869565,-0.1230393773913043,0.3324000000000001,0.9681,True
1100,tail_tip,809.5980000000001,367.1,0.5277816021739132,0.0220948913043478,0.001,0.9583,True
1100,withers,681.2540000000001,259.032,0.1193227108695656,-0.2920389652173913,0.392,1.0,True
1101,occipital_protuberance,632.744,259.67600000000004,-0.0238801269565216,-0.3301750078260868,0.0286999999999998,0.9651,True
1101,tail_base,773.926,312.652,0.363579975652174,-0.1285395269565217,0.3384000000000001,0.9695,True
1101,tail_tip,814.6659999999999,357.724,0.5414266291304347,-0.0070551052173913,0.0091999999999998,0.945,True
1101,withers,678.22,260.338,0.1109543217391305,-0.2893231191304348,0.3821999999999998,0.9955,True
1102,occipital_protuberance,629.594,260.064,-0.0341678747826085,-0.3281376834782609,0.0321999999999998,0.9955,True
1102,tail_base,771.9060000000001,310.708,0.3582394908695653,-0.1338706426086957,0.3374000000000001,0.9792,True
1102,tail_tip,818.294,348.4,0.5500757495652173,-0.0357885217391305,0.0155999999999999,0.9099,True
1102,withers,674.458,261.95200000000006,0.1000330721739129,-0.2846376069565216,0.3856999999999998,1.0,True
1103,occipital_protuberance,626.374,260.854,-0.044699204347826,-0.3252419869565218,0.0315,0.9676,True
1103,tail_base,769.536,308.964,0.3518028799999998,-0.1386071191304347,0.3434000000000001,0.975,True
1103,tail_tip,820.2760000000001,340.244,0.5554852226086958,-0.060874248695652,0.0191999999999998,0.9179,True
1103,withers,670.6,263.28200000000004,0.0897777391304348,-0.2837622017391303,0.3608000000000002,0.9017,True
1104,occipital_protuberance,623.074,261.73,-0.0554216113043479,-0.3217701608695651,0.0335999999999999,0.9481,True
1104,tail_base,766.8199999999999,307.492,0.3447022739130433,-0.1427190269565217,0.3414000000000001,0.9711,True
1104,tail_tip,820.1540000000001,335.03000000000003,0.5544043530434786,-0.0768424608695651,0.0168000000000001,0.9546,True
1104,withers,666.492,264.648,0.0780707721739129,-0.2809981982608695,0.3523000000000001,0.9834,True
1105,occipital_protuberance,619.598,262.646,-0.0667721978260871,-0.3186227108695652,0.028,0.9864,True
1105,tail_base,763.882,306.27200000000005,0.3378746895652172,-0.1465372799999998,0.3358000000000002,0.9873,True
1105,tail_tip,819.076,333.048,0.5503861930434782,-0.0828363860869565,0.0204,0.9689,True
1105,withers,662.1940000000001,265.982,0.0656990647826089,-0.2783137186956521,0.3435999999999999,0.9668,True
1106,occipital_protuberance,616.058,263.63,-0.077998872173913,-0.3139567,0.0418000000000001,0.9303,True
1106,tail_base,760.976,305.232,0.3304485739130434,-0.1495999826086956,0.341,0.9333,True
1106,tail_tip,817.422,333.75,0.5448398200000001,-0.0806103260869565,0.0168000000000001,0.9885,True
1106,withers,657.7760000000001,267.156,0.0527097043478262,-0.2753026434782609,0.339,0.963,True
1107,occipital_protuberance,612.4619999999999,265.086,-0.0894266617391308,-0.3082228982608695,0.0374,0.9707,True
1107,tail_base,757.786,304.51800000000003,0.3228360626086954,-0.1520689252173912,0.3359000000000001,0.9429,True
1107,tail_tip,814.744,336.634,0.5366160313043479,-0.0717539382608695,0.0168000000000001,0.9414,True
1107,withers,653.87,267.84800000000007,0.0412572195652174,-0.2741121339130432,0.3374000000000001,0.9997,True
1108,occipital_protuberance,608.892,266.8,-0.1002556739130433,-0.3003673913043478,0.0495,0.9448,True
1108,tail_base,754.424,304.174,0.3142182539130435,-0.1533030504347826,0.3375999999999999,0.9715,True
1108,tail_tip,810.414,341.02599999999995,0.5198367930434782,-0.0578789495652175,0.0325999999999999,0.9808,True
1108,withers,650.088,268.096,0.0297924956521738,-0.2714164869565217,0.357,1.0,True
1109,occipital_protuberance,605.2819999999999,268.774,-0.1111881686956524,-0.2921611808695652,0.0575999999999999,1.0,True
1109,tail_base,750.9680000000001,304.216,0.3056444695652175,-0.1536485391304347,0.342,0.9436,True
1109,tail_tip,804.934,347.216,0.5020447539130434,-0.038913384347826,0.0415999999999999,0.9328,True
1109,withers,646.2160000000001,268.07,0.0184101704347829,-0.2722726782608696,0.3491999999999998,1.0,True
1110,occipital_protuberance,601.7280000000001,270.756,-0.1214387199999997,-0.2831750921739131,0.0648000000000001,0.9838,True
1110,tail_base,747.346,304.66,0.2966016652173913,-0.1529068260869566,0.356,0.9439,True
1110,tail_tip,798.146,353.59400000000005,0.4813826721739129,-0.0194993069565215,0.0415999999999999,0.9287,True
1110,withers,642.242,267.754,0.0066485047826085,-0.2735494969565216,0.3388000000000001,0.9963,True
1111,occipital_protuberance,598.366,273.208,-0.1311833034782609,-0.2734702713043477,0.0416999999999998,0.9549,True
1111,tail_base,743.5640000000001,305.45,0.2883131704347828,-0.1518624565217391,0.3498000000000001,0.9309,True
1111,tail_tip,789.912,359.38800000000003,0.4542007704347827,-0.0018542269565216,0.0545999999999999,0.9434,True
1111,withers,638.4680000000001,267.27000000000004,-0.0045507060869563,-0.2754484173913042,0.3341999999999998,0.9843,True
1112,occipital_protuberance,595.4440000000001,275.18,-0.1394021634782606,-0.2653759652173912,0.0295999999999999,0.9794,True
1112,tail_base,739.846,306.196,0.2800463243478261,-0.1509085234782607,0.3505999999999999,0.995,True
1112,tail_tip,780.1,364.65400000000005,0.4211223260869566,0.0139893169565219,0.0855999999999999,1.0,True
1112,withers,635.088,266.928,-0.0146089286956522,-0.276808267826087,0.3308000000000002,1.0,True
1113,occipital_protuberance,592.5219999999999,277.222,-0.1482861795652176,-0.2585372882608696,0.0245999999999999,0.9246,True
1113,tail_base,736.1659999999999,306.626,0.2717316669565215,-0.1508163591304348,0.3474000000000001,0.9495,True
1113,tail_tip,769.8140000000001,369.27,0.3928566726086958,0.0280538413043477,0.0768000000000001,0.9591,True
1113,withers,631.614,266.882,-0.0250030413043477,-0.2776333413043478,0.3135,0.9835,True
1114,occipital_protuberance,589.744,279.056,-0.1562743095652173,-0.2517006469565218,0.0151999999999998,0.9299,True
1114,tail_base,732.626,306.65,0.263138384347826,-0.1515603913043479,0.3494000000000001,0.9847,True
1114,tail_tip,759.12,372.006,0.3640410782608695,0.03669138,0.0744,0.9471,True
1114,withers,627.892,266.994,-0.0361160582608694,-0.2774207230434781,0.3088000000000002,1.0,True
1115,occipital_protuberance,587.132,280.566,-0.1643160426086958,-0.246884325652174,0.0075999999999999,0.9416,True
1115,tail_base,729.038,306.322,0.2527517834782609,-0.1523755052173912,0.3654000000000001,0.9598,True
1115,tail_tip,749.216,374.626,0.3358629426086956,0.0449781295652174,0.1018000000000001,0.9077,True
1115,withers,624.074,267.166,-0.0474456313043479,-0.2765645947826087,0.3051999999999998,0.9604,True
1116,occipital_protuberance,584.446,281.494,-0.1723623234782607,-0.2435733982608696,0.0065999999999999,0.9265,True
1116,tail_base,725.326,305.502,0.2422145452173913,-0.1547032356521738,0.3724,0.9755,True
1116,tail_tip,741.286,376.448,0.3151095534782606,0.0511711582608694,0.0913000000000001,0.9596,True
1116,withers,620.378,267.22799999999995,-0.0581877613043477,-0.275109315652174,0.3108000000000002,1.0,True
1117,occipital_protuberance,581.254,282.454,-0.1820232039130434,-0.2402745952173913,0.0034,0.9846,True
1117,tail_base,721.6479999999999,304.57000000000005,0.2315075791304345,-0.1571681499999998,0.3884000000000001,0.9297,True
1117,tail_tip,735.49,377.336,0.3015615717391305,0.0547478417391303,0.0785999999999999,1.0,True
1117,withers,616.562,267.204,-0.0695038604347825,-0.2751804860869564,0.3108000000000002,0.9571,True
1118,occipital_protuberance,577.8040000000001,283.288,-0.1918881808695649,-0.2366731965217391,0.0035999999999999,1.0,True
1118,tail_base,717.62,303.88,0.2195633565217391,-0.1587464,0.4015999999999999,0.9729,True
1118,tail_tip,731.8520000000001,376.99799999999993,0.2924887165217394,0.0541275443478258,0.0609,0.9725,True
1118,withers,612.012,267.198,-0.0827532147826088,-0.2743913047826087,0.3013000000000002,0.975,True
1119,occipital_protuberance,574.134,283.744,-0.2025236313043478,-0.2344706226086955,0.0071999999999998,0.9984,True
1119,tail_base,713.38,303.61,0.2079844434782608,-0.1598288739130435,0.3999000000000001,0.9744,True
1119,tail_tip,730.494,375.894,0.2880463365217392,0.0505912930434782,0.0620999999999999,0.9634,True
1119,withers,608.104,267.07800000000003,-0.093732636521739,-0.2730694773913042,0.3109,0.9684,True
1120,occipital_protuberance,570.132,284.08000000000004,-0.2139175895652176,-0.2324472347826086,0.0131999999999998,0.9965,True
1120,tail_base,709.066,303.802,0.1969882434782609,-0.1602864695652173,0.387,0.9898,True
1120,tail_tip,731.008,373.864,0.290988187826087,0.0443286330434781,0.0354,0.9678,True
1120,withers,604.1980000000001,267.052,-0.1043239147826084,-0.2708423895652175,0.3196999999999998,1.0,True
1121,occipital_protuberance,565.746,284.33,-0.2252801791304348,-0.2295762,0.0208000000000001,0.9949,True
1121,tail_base,704.9060000000001,304.278,0.1854195100000001,-0.159183217826087,0.3898000000000002,0.8989,True
1121,tail_tip,733.0319999999999,371.426,0.2977226243478258,0.0365656839130436,0.0128000000000001,0.9841,True
1121,withers,600.5020000000001,267.06800000000004,-0.1139259704347824,-0.2680482121739129,0.3304000000000001,0.9447,True
1122,occipital_protuberance,561.344,284.572,-0.2369255513043476,-0.2272022539130434,0.0138000000000001,0.9853,True
1122,tail_base,700.9559999999999,304.888,0.1745461808695649,-0.1578120139130436,0.3975999999999999,0.9999,True
1122,tail_tip,736.108,368.908,0.3068979156521738,0.028445567826087,0.0156999999999998,0.9185,True
1122,withers,595.8979999999999,267.27200000000005,-0.1264768660869568,-0.2659277773913042,0.2985999999999999,0.9797,True
1123,occipital_protuberance,557.306,284.28000000000003,-0.2474168526086955,-0.2265509478260868,0.0064,1.0,True
1123,tail_base,697.7280000000001,305.19999999999993,0.166218991304348,-0.1577882608695654,0.39,0.9593,True
1123,tail_tip,738.8699999999999,366.774,0.3143206260869562,0.0215354295652173,0.0251999999999998,0.9858,True
1123,withers,592.324,267.51,-0.1355242121739131,-0.2629128782608695,0.2798000000000001,0.9553,True
1124,occipital_protuberance,553.144,283.93,-0.2581322556521739,-0.2260767326086956,0.0133000000000001,0.9579,True
1124,tail_base,695.0319999999999,305.08,0.158647685217391,-0.1583248086956521,0.3903000000000002,0.9624,True
1124,tail_tip,740.718,365.01200000000006,0.3203270304347825,0.0159403391304349,0.0175,1.0,True
1124,withers,589.188,267.784,-0.1431351947826087,-0.2597684626086957,0.2844000000000001,0.9911,True
1125,occipital_protuberance,549.1679999999999,283.2,-0.269948754782609,-0.2282462608695652,0.0048000000000001,0.9974,True
1125,tail_base,692.77,304.354,0.1521267326086955,-0.1604177404347826,0.3903000000000002,0.9498,True
1125,tail_tip,741.3799999999999,363.104,0.3216831478260865,0.0098491269565216,0.0243000000000001,1.0,True
1125,withers,586.5,268.092,-0.1502884782608695,-0.25818156,0.2825999999999999,0.9806,True
1126,occipital_protuberance,545.462,282.26200000000006,-0.2805106873913044,-0.2306621656521737,0.0061999999999998,0.977,True
1126,tail_base,690.54,303.192,0.1459397434782607,-0.1640392747826086,0.3894000000000001,0.961,True
1126,tail_tip,740.3720000000001,361.036,0.3176337400000002,0.0032784895652172,0.0385999999999999,1.0,True
1126,withers,583.714,268.54799999999994,-0.1575640917391303,-0.2560059573913045,0.2855999999999999,0.9757,True
1127,occipital_protuberance,542.11,281.13,-0.2899672043478259,-0.2336266565217391,0.0053000000000001,0.964,True
1127,tail_base,688.4559999999999,301.86400000000003,0.1402063826086953,-0.1682152521739129,0.3875,0.9508,True
1127,tail_tip,738.36,358.27599999999995,0.3122288521739131,-0.005472575652174,0.0265999999999999,0.985,True
1127,withers,582.0440000000001,268.958,-0.1615838478260866,-0.253829054347826,0.289,0.9996,True
1128,occipital_protuberance,538.748,280.304,-0.299309716521739,-0.2355883060869565,0.0024,0.9408,True
1128,tail_base,686.32,300.57800000000003,0.1340863304347827,-0.1720137721739129,0.3863000000000002,0.9927,True
1128,tail_tip,737.048,353.858,0.3094354382608695,-0.0195836334782608,0.0035999999999999,0.9527,True
1128,withers,580.356,269.56,-0.1652657443478261,-0.2505974434782608,0.2988000000000002,0.9846,True
1129,occipital_protuberance,535.664,279.898,-0.3075643826086957,-0.2361267652173912,0.0015,0.9283,True
1129,tail_base,683.8900000000001,299.324,0.1271569630434785,-0.1757889243478262,0.3875999999999999,0.9972,True
1129,tail_tip,737.066,348.114,0.3082689552173914,-0.0377483856521739,-0.0038000000000001,0.9664,True
1129,withers,578.16,270.40400000000005,-0.1713505739130435,-0.2482588295652172,0.2928000000000001,0.9613,True
1130,occipital_protuberance,532.61,280.492,-0.3140457130434781,-0.2325090469565217,0.0115999999999999,0.9746,True
1130,tail_base,681.182,298.02,0.1191234113043478,-0.1792838869565217,0.3918000000000002,0.9642,True
1130,tail_tip,738.0039999999999,340.28799999999995,0.3113970573913041,-0.0626327373913045,-0.0251999999999998,0.9452,True
1130,withers,575.1379999999999,271.572,-0.1794421330434784,-0.244637984347826,0.2938000000000001,0.9087,True
1131,occipital_protuberance,529.5899999999999,281.472,-0.3226132195652176,-0.2294554017391304,0.0088000000000001,0.9222,True
1131,tail_base,678.408,297.038,0.1108237791304348,-0.1816727447826086,0.4019000000000001,0.9514,True
1131,tail_tip,739.302,330.31000000000006,0.3159314717391305,-0.0944593804347824,-0.0445,0.9722,True
1131,withers,571.7299999999999,272.62600000000003,-0.1884548826086959,-0.2411902286956521,0.2934000000000001,0.9406,True
1132,occipital_protuberance,526.6119999999999,282.826,-0.3307725156521743,-0.2251299795652173,0.0101999999999998,1.0,True
1132,tail_base,675.2500000000001,296.114,0.1015429891304351,-0.1840333447826087,0.4063000000000001,0.9279,True
1132,tail_tip,740.46,318.37600000000003,0.3180869347826088,-0.1317942521739129,-0.018,0.9386,True
1132,withers,567.72,273.912,-0.1982043304347825,-0.236068267826087,0.3011999999999998,0.9693,True
1133,occipital_protuberance,523.582,284.072,-0.3403201839130435,-0.2219573513043478,0.0015999999999999,1.0,True
1133,tail_base,671.736,295.38,0.0914203773913043,-0.1861477434782608,0.4063000000000001,0.9054,True
1133,tail_tip,740.52,305.65,0.3140812956521738,-0.1698201195652174,0.0499,0.9631,True
1133,withers,563.394,275.194,-0.2099837073913043,-0.2324606204347825,0.2901999999999998,0.9511,True
1134,occipital_protuberance,520.6,285.086,-0.3504649565217391,-0.219888875652174,-0.0094,0.9774,True
1134,tail_base,668.04,294.65200000000004,0.0808405391304346,-0.1884011252173911,0.4075999999999999,0.943,True
1134,tail_tip,738.132,292.588,0.3023745582608694,-0.2077168886956521,0.0761999999999998,1.0,True
1134,withers,559.0820000000001,276.312,-0.2203784139130431,-0.2279224486956521,0.2884000000000001,0.9267,True
1135,occipital_protuberance,517.5519999999999,285.506,-0.3607424556521741,-0.2194658017391305,-0.0164,0.9743,True
1135,tail_base,664.252,294.342,0.0700302860869563,-0.1895946117391304,0.3999000000000001,0.9101,True
1135,tail_tip,733.982,280.252,0.2803932539130433,-0.237926424347826,0.1531999999999998,0.9124,True
1135,withers,555.2299999999999,277.146,-0.2294318478260872,-0.224246152173913,0.2805,0.9671,True
1136,occipital_protuberance,514.5360000000001,285.664,-0.369927876521739,-0.21917808,-0.0155999999999999,0.9934,True
1136,tail_base,660.422,294.154,0.0590906130434783,-0.1905239695652174,0.3945,0.9511,True
1136,tail_tip,728.7409999999999,270.015,0.2600786503260866,-0.2637245168478261,0.2346999999999998,0.9555,True
1136,withers,551.7,277.918,-0.2388898913043476,-0.2220674978260869,0.27,0.943,True
1137,occipital_protuberance,511.448,285.36800000000005,-0.378110556521739,-0.2195154260869563,-0.0065,0.9696,True
1137,tail_base,656.862,294.076,0.0487898304347825,-0.1907496608695653,0.391,0.9241,True
1137,tail_tip,722.6869999999999,261.965,0.2417785855434779,-0.2866564711956522,0.2344,0.9575,True
1137,withers,548.342,278.35,-0.2468589047826087,-0.2199047499999999,0.2641999999999998,0.9773,True
1138,occipital_protuberance,508.598,284.79200000000003,-0.3850935569565218,-0.220408488695652,0.0058000000000001,1.0,True
1138,tail_base,653.58,294.194,0.0389864086956522,-0.1889204426086957,0.4118000000000001,0.9541,True
1138,tail_tip,716.721,256.783,0.2254179729347826,-0.3032672529347825,0.2469000000000001,0.98,False
1138,withers,545.0319999999999,278.434,-0.2552987582608698,-0.2192706860869564,0.2628000000000002,0.9361,True
1139,occipital_protuberance,505.882,283.716,-0.391449623478261,-0.2226497791304347,0.0198000000000001,0.9984,True
1139,tail_base,650.784,294.464,0.0309078817391304,-0.1878318747826086,0.4161999999999998,0.9634,True
1139,tail_tip,711.6850000000001,253.569,0.2131459972826088,-0.3164586961956523,0.2485,0.9874,True
1139,withers,542.044,278.25,-0.2637358826086957,-0.2201029891304347,0.2535,0.9291,True
1140,occipital_protuberance,503.632,282.038,-0.3971866226086957,-0.2270727991304347,0.0254,0.9472,True
1140,tail_base,648.38,294.688,0.0239704434782608,-0.1868207165217391,0.4179000000000001,0.9019,True
1140,tail_tip,707.405,251.987,0.2063398929347825,-0.3306489259782609,0.1876999999999998,0.9901,True
1140,withers,539.6959999999999,277.778,-0.2700576173913045,-0.2213737978260869,0.248,0.9668,True
1141,occipital_protuberance,501.932,279.69,-0.4014777321739131,-0.2335275130434782,0.0268000000000001,0.929,True
1141,tail_base,646.3520000000001,295.02,0.0181252939130437,-0.1854190173913044,0.4208000000000002,0.9346,True
1141,tail_tip,704.07,250.972,0.1997869739130436,-0.3399777460869566,0.1491999999999998,0.9324,True
1141,withers,537.5719999999999,277.242,-0.2758875913043481,-0.2229068739130434,0.241,0.9687,True
1142,occipital_protuberance,500.79,276.56,-0.4043142608695654,-0.2423387826086956,0.019,0.9673,True
1142,tail_base,644.5,295.38,0.012840652173913,-0.1843917652173913,0.4208000000000002,0.945,True
1142,tail_tip,701.586,250.704,0.1927909565217391,-0.3421439999999999,0.145,0.9894,True
1142,withers,536.0319999999999,276.692,-0.2810978295652175,-0.2252394773913043,0.2205999999999999,0.9599,True
1143,occipital_protuberance,500.4200000000001,272.36,-0.4042358173913041,-0.2538130608695652,0.0185999999999999,0.9388,True
1143,tail_base,642.684,295.604,0.0077036634782607,-0.1848305191304348,0.4019000000000001,0.9161,True
1143,tail_tip,699.366,250.05,0.1855316556521738,-0.343617652173913,0.1533000000000001,0.973,True
1143,withers,534.9300000000001,276.072,-0.2850366369565216,-0.2276820678260869,0.2091999999999998,1.0,True
1144,occipital_protuberance,501.5280000000001,267.016,-0.3968426904347824,-0.2664800156521739,0.0384,0.9247,True
1144,tail_base,640.89,295.67999999999995,0.0025494630434782,-0.1842488347826088,0.4070999999999999,0.9011,True
1144,tail_tip,696.376,248.65733333333333,0.1759707391304347,-0.3475424178743962,0.163833333333333,0.9652,True
1144,withers,534.0640000000001,275.17,-0.2891592208695649,-0.2315490173913044,0.1938000000000002,1.0,True
1145,occipital_protuberance,503.716,260.498,-0.3860688704347825,-0.2818718613043479,0.0663000000000001,0.9026,True
1145,tail_base,639.26,295.66,-0.0021181695652174,-0.1841662565217392,0.4090999999999999,0.9,True
1145,tail_tip,692.5440000000001,246.752,0.1632290782608698,-0.3518073739130434,0.181,0.9327,True
1145,withers,533.342,273.872,-0.2947238778260869,-0.2379941321739131,0.1598000000000002,1.0,True
1146,occipital_protuberance,506.626,253.686,-0.3773614369565217,-0.3007992847826087,0.067,0.9675,True
1146,tail_base,637.566,295.63800000000003,-0.0069813469565216,-0.1846070060869564,0.4036999999999998,0.8973,True
1146,tail_tip,687.5039999999999,244.244,0.1468493217391301,-0.3578370260869565,0.202,0.9819,False
1146,withers,532.8100000000001,271.574,-0.2991999130434781,-0.2468238782608696,0.137,0.9636,True
1147,occipital_protuberance,510.708,246.392,-0.3664303921739131,-0.3219798904347826,0.0650999999999999,0.9433,True
1147,tail_base,635.7760000000001,295.942,-0.0121256347826085,-0.1838882369565217,0.4015,0.918,True
1147,tail_tip,680.9159999999999,241.31,0.1273554973913041,-0.3694355260869565,0.1894000000000001,0.9859,False
1147,withers,532.728,268.698,-0.3031833200000001,-0.2580472395652174,0.1078000000000001,0.9943,True
1148,occipital_protuberance,515.7940000000001,239.356,-0.3530420543478259,-0.3429174565217392,0.06,0.8977,True
1148,tail_base,633.918,296.338,-0.0174037752173912,-0.1821701969565216,0.4099000000000001,0.9045,True
1148,tail_tip,673.03,238.396,0.103290554347826,-0.380276856521739,0.19,0.9486,True
1148,withers,533.4300000000001,265.438,-0.3036549978260867,-0.2694400291304348,0.0975999999999999,0.8937,True
1149,occipital_protuberance,521.072,232.68400000000003,-0.3417628765217391,-0.3658674356521739,0.0361999999999998,0.9009,True
1149,tail_base,631.952,297.454,-0.0230557704347826,-0.1791806930434782,0.4069000000000001,0.9283,True
1149,tail_tip,665.05,237.04666666666668,0.0795428260869563,-0.390421381642512,0.1456666666666669,0.9434,True
1149,withers,534.5379999999999,261.60599999999994,-0.3016442465217394,-0.2814282300000002,0.1045999999999999,0.9438,True
1150,occipital_protuberance,526.988,226.682,-0.3272925791304346,-0.3861005208695653,0.0295999999999999,0.965,True
1150,tail_base,629.368,299.296,-0.0303867182608694,-0.1734946713043478,0.4095999999999999,1.0,True
1150,tail_tip,657.1719999999999,237.5,0.055312505217391,-0.394583152173913,0.1035999999999999,0.9147,True
1150,withers,536.114,257.232,-0.2950249480434781,-0.2918499495652174,0.1233000000000001,0.9293,True
1151,occipital_protuberance,533.7180000000001,220.978,-0.3081715904347823,-0.4031033556521739,0.0514,0.9713,True
1151,tail_base,626.458,301.45,-0.0385799804347826,-0.1668038586956522,0.404,1.0,True
1151,tail_tip,649.8480000000001,240.46000000000004,0.0320423947826089,-0.3889467782608695,0.0770999999999999,0.9078,True
1151,withers,538.274,252.812,-0.2860380319565217,-0.3013963447826087,0.1520999999999999,0.9394,True
1152,occipital_protuberance,540.994,215.986,-0.2864932317391303,-0.416732685652174,0.0908000000000001,0.9237,True
1152,tail_base,623.152,303.43600000000004,-0.0476029252173911,-0.1598178930434781,0.4150999999999999,0.9152,True
1152,tail_tip,644.384,245.58,0.0143433043478261,-0.3743523913043478,0.057,0.9729,True
1152,withers,540.71,248.136,-0.2762096706521738,-0.3111886252173912,0.1766999999999998,0.9005,False
1153,occipital_protuberance,548.408,211.46,-0.2642827426086956,-0.4286024826086957,0.1424,1.0,True
1153,tail_base,619.654,305.516,-0.0572209134782608,-0.1532303278260869,0.4200999999999999,0.9584,True
1153,tail_tip,641.868,252.2,0.0061847043478262,-0.3569117391304348,0.021,0.9634,True
1153,withers,543.022,243.224,-0.2692299019565216,-0.3241930234782609,0.2049,0.9134,True
1154,occipital_protuberance,555.76,207.724,-0.2432704695652174,-0.4397466052173912,0.1731999999999998,0.9638,True
1154,tail_base,616.164,307.172,-0.0666164382608695,-0.1476427756521739,0.4093000000000001,0.9475,True
1154,tail_tip,642.1700000000001,258.418,0.0072044000000002,-0.33725224,0.0125999999999999,0.9728,True
1154,withers,545.418,238.828,-0.2629071180434782,-0.3368186473913044,0.2186999999999998,0.9347,True
1155,occipital_protuberance,562.576,204.88,-0.2238563478260869,-0.4484991304347825,0.188,1.0,True
1155,tail_base,613.036,308.386,-0.0754464443478262,-0.1444182160869564,0.3793000000000002,0.9991,True
1155,tail_tip,645.4040000000001,264.724,0.0179412800000003,-0.3163163200000001,0.0160999999999999,0.9781,True
1155,withers,547.822,234.896,-0.2560544530434782,-0.3475171547826086,0.2444000000000001,0.958,True
1156,occipital_protuberance,568.5840000000001,202.542,-0.2065785426086955,-0.45546438,0.1998000000000001,0.922,True
1156,tail_base,610.18,309.162,-0.0834376565217392,-0.1422469343478261,0.3568000000000002,0.9635,True
1156,tail_tip,650.88,270.842,0.0361878260869565,-0.2965472608695653,0.014,0.9838,True
1156,withers,550.338,230.994,-0.2499035873913044,-0.3595621578260869,0.2538000000000002,0.9113,True
1157,occipital_protuberance,573.836,200.62,-0.1919187504347825,-0.4623059434782609,0.2044,0.9249,True
1157,tail_base,607.842,309.636,-0.0904758339130435,-0.1416980191304348,0.3295999999999999,0.8955,True
1157,tail_tip,657.27,277.098,0.0570285434782608,-0.2737568217391304,0.029,0.9733,True
1157,withers,552.882,227.272,-0.2439493386956523,-0.3716672539130434,0.2478000000000002,0.9366,True
1158,occipital_protuberance,578.4799999999999,199.24,-0.1791703130434785,-0.4681960260869565,0.2155999999999999,0.9592,True
1158,tail_base,605.874,309.774,-0.0963836939130434,-0.1418556939130434,0.2995999999999999,0.9181,True
1158,tail_tip,662.6419999999999,283.72,0.0732370256521737,-0.2467326347826088,0.0806999999999998,0.9402,True
1158,withers,555.472,223.806,-0.23541048,-0.37930029,0.2708000000000002,0.9127,True
1159,occipital_protuberance,582.8919999999999,198.074,-0.165985643478261,-0.4706414391304347,0.263,0.9977,True
1159,tail_base,604.104,309.592,-0.1018978191304346,-0.1430929704347826,0.2804000000000001,0.9514,True
1159,tail_tip,666.8199999999999,290.73799999999994,0.0841856478260867,-0.2174073952173915,0.1756999999999998,0.9753,True
1159,withers,557.992,220.438,-0.2285705582608696,-0.3889835656521738,0.2748000000000001,0.9294,True
1160,occipital_protuberance,587.202,196.82,-0.154686662173913,-0.4780819260869566,0.2885999999999999,0.9886,True
1160,tail_base,602.542,309.02200000000005,-0.1062097160869564,-0.1445447943478259,0.2804000000000001,0.9548,True
1160,tail_tip,669.092,296.66,0.089097412173913,-0.1939856347826086,0.2354,0.9708,True
1160,withers,560.4559999999999,217.202,-0.2225675704347828,-0.3995550126086956,0.2678000000000002,0.8946,True
1161,occipital_protuberance,591.46,195.538,-0.1429714043478259,-0.4844120952173912,0.3081999999999998,0.8956,True
1161,tail_base,601.008,308.11,-0.1104660313043477,-0.1470066260869564,0.2760999999999999,0.9544,True
1161,tail_tip,669.0,300.574,0.0867289130434782,-0.1777224960869566,0.3015999999999999,0.9284,True
1161,withers,562.9559999999999,214.838,-0.2173645721739133,-0.4095461817391304,0.2584000000000001,0.9803,True
1162,occipital_protuberance,595.778,194.562,-0.1318104004347825,-0.4931131343478261,0.2968000000000002,0.9658,True
1162,tail_base,599.316,306.98999999999995,-0.1155425599999999,-0.1505484000000001,0.2631999999999998,0.9423,True
1162,tail_tip,666.6600000000001,301.528,0.0782876695652176,-0.1717042991304349,0.3514000000000001,0.963,True
1162,withers,565.594,212.466,-0.2105851552173911,-0.4175532926086957,0.2631999999999998,0.997,True
1163,occipital_protuberance,600.21,193.342,-0.1195343499999999,-0.50066237,0.2891999999999998,0.9031,True
1163,tail_base,597.56,305.506,-0.120667991304348,-0.154940657826087,0.2511999999999998,0.954,True
1163,tail_tip,663.058,299.658,0.0676251039130434,-0.1769725917391303,0.3548000000000001,0.934,True
1163,withers,568.638,210.052,-0.2034592673913043,-0.4275147869565218,0.25,0.9085,True
1164,occipital_protuberance,605.1780000000001,192.328,-0.1060405599999996,-0.5105976904347826,0.2549,0.9434,True
1164,tail_base,595.55,303.898,-0.1267887934782609,-0.1600248569565216,0.2428000000000001,0.9495,True
1164,tail_tip,658.768,296.276,0.05576136,-0.1893295452173913,0.3195999999999999,0.9392,True
1164,withers,572.3,207.296,-0.1924151739130436,-0.4340113252173913,0.2641999999999998,0.9106,True
1165,occipital_protuberance,610.176,191.486,-0.0911317704347824,-0.5149201704347827,0.2558000000000002,0.9259,True
1165,tail_base,593.5020000000001,302.19000000000005,-0.1334189352173911,-0.1658769978260868,0.2211999999999998,0.9608,True
1165,tail_tip,654.6250000000001,292.773,0.0438877173913047,-0.2017394582608695,0.2921999999999998,1.0,True
1165,withers,576.1600000000001,204.36,-0.1820133913043476,-0.4437431739130435,0.269,0.9355,True
1166,occipital_protuberance,615.876,190.832,-0.0741445895652174,-0.5199341704347826,0.2464000000000001,0.913,True
1166,tail_base,591.53,300.382,-0.1398043391304348,-0.1719590486956521,0.2074,0.9634,True
1166,tail_tip,651.325,289.633,0.034344293478261,-0.2133955760869565,0.2665,0.9327,True
1166,withers,580.3199999999999,201.196,-0.1702826086956523,-0.4531092391304347,0.286,0.9657,True
1167,occipital_protuberance,621.588,190.04,-0.0565648660869566,-0.5221466782608696,0.2615999999999999,0.9853,True
1167,tail_base,589.716,298.49,-0.1450365460869565,-0.1774162347826086,0.2074,0.98,True
1167,tail_tip,649.121,288.44300000000004,0.0279023286956521,-0.218902196521739,0.2420999999999999,0.9301,False
1167,withers,584.696,198.398,-0.1574240382608695,-0.4600036060869565,0.3376999999999998,0.9417,True
1168,occipital_protuberance,627.092,189.186,-0.0397229669565217,-0.5256615182608696,0.2683000000000002,0.9784,True
1168,tail_base,587.9780000000001,296.744,-0.1508298726086955,-0.1834011460869564,0.1935999999999999,0.9349,True
1168,tail_tip,647.7430000000002,289.707,0.02377269326087,-0.2158147910869565,0.2319,0.9229,True
1168,withers,588.858,195.92,-0.1455212256521741,-0.4668789391304348,0.3791999999999998,0.9969,True
1169,occipital_protuberance,631.906,188.016,-0.024866175652174,-0.5283647582608695,0.2730999999999999,0.9549,True
1169,tail_base,586.4100000000001,294.86400000000003,-0.1558187499999997,-0.1893899999999999,0.186,0.9625,True
1169,tail_tip,646.591,293.011,0.0202787876086956,-0.2061076776086955,0.2224000000000001,0.9714,True
1169,withers,593.076,193.98,-0.1335191817391303,-0.4723990826086957,0.4106999999999998,0.9855,True
1170,occipital_protuberance,636.8340000000001,186.93400000000003,-0.009743020869565,-0.5325918034782607,0.2608000000000002,1.0,True
1170,tail_base,584.9680000000001,293.04200000000003,-0.160944673043478,-0.1958230378260868,0.1704,0.9795,True
1170,tail_tip,645.4440000000001,297.894,0.0169450417391306,-0.1933116756521739,0.1789000000000001,0.9686,True
1170,withers,597.1800000000001,192.528,-0.121888060869565,-0.4767126886956522,0.4271999999999998,0.924,True
1171,occipital_protuberance,640.77,185.594,0.0023705956521738,-0.5369429939130436,0.2485999999999999,0.9427,True
1171,tail_base,583.442,291.288,-0.1657395304347826,-0.2013560347826087,0.165,0.963,True
1171,tail_tip,644.1200000000001,303.912,0.0130406956521742,-0.1775307130434783,0.127,0.9471,True
1171,withers,600.912,191.358,-0.1112223547826086,-0.4798598126086957,0.4316999999999998,0.9168,True
1172,occipital_protuberance,644.128,184.138,0.0126927026086957,-0.5407374191304348,0.2486999999999998,0.9337,True
1172,tail_base,581.896,289.504,-0.1722025721739132,-0.2089286886956521,0.1274000000000001,0.9574,True
1172,tail_tip,642.494,309.76,0.0079845952173913,-0.160844452173913,0.1005999999999999,0.9812,True
1172,withers,604.5319999999999,190.272,-0.1013999278260871,-0.4852375930434783,0.4228000000000002,0.9609,True
1173,occipital_protuberance,647.336,182.908,0.0226044486956522,-0.5456743495652174,0.2391999999999998,0.9365,True
1173,tail_base,580.2379999999999,287.478,-0.1789741982608697,-0.217187624347826,0.0928000000000001,0.9395,True
1173,tail_tip,640.0260000000001,314.65600000000006,8.452826086978401e-05,-0.1474172869565215,0.055,0.9679,True
1173,withers,607.8660000000001,189.486,-0.0920499386956519,-0.4884484734782609,0.4245999999999999,0.9429,True
1174,occipital_protuberance,650.356,181.956,0.031869464347826,-0.5479110573913043,0.2358000000000001,0.9966,True
1174,tail_base,578.4939999999999,285.11600000000004,-0.1859887956521742,-0.2264427043478259,0.06,0.9716,True
1174,tail_tip,636.9179999999999,318.38800000000003,-0.0101156600000003,-0.1365778208695651,0.0194,0.9316,True
1174,withers,610.606,188.622,-0.08449497,-0.4926372378260869,0.4224000000000001,0.9628,True
1175,occipital_protuberance,653.054,180.796,0.040070104347826,-0.5500783652173913,0.243,1.0,True
1175,tail_base,576.4739999999999,282.038,-0.1923318700000002,-0.2360384291304347,0.0565999999999999,0.9368,True
1175,tail_tip,633.0040000000001,320.488,-0.0229620886956517,-0.1296852556521739,0.0019,0.9691,True
1175,withers,613.426,187.806,-0.0764811273913042,-0.4955818186956522,0.4191999999999998,0.9539,True
1176,occipital_protuberance,656.266,179.99,0.0500815995652172,-0.5542351369565217,0.2344,0.9037,True
1176,tail_base,574.514,278.77200000000005,-0.1998319526086956,-0.2478690078260867,0.0285999999999999,0.9079,True
1176,tail_tip,628.5699999999999,321.422,-0.0371847717391306,-0.1255042978260868,0.018,0.9975,True
1176,withers,616.492,187.224,-0.067795027826087,-0.49827096,0.4138000000000001,0.9144,True
1177,occipital_protuberance,660.0319999999999,179.67800000000005,0.0618640417391302,-0.556881376521739,0.2223000000000002,0.996,True
1177,tail_base,572.234,275.018,-0.2056698099999998,-0.25792037,0.0408000000000001,0.9527,True
1177,tail_tip,623.7719999999999,321.776,-0.0523141330434784,-0.1232225426086956,0.0311999999999998,0.9296,True
1177,withers,619.2860000000001,187.074,-0.0600345756521737,-0.5011846591304348,0.4075999999999999,0.9788,True
1178,occipital_protuberance,664.036,179.644,0.0743914199999998,-0.55820182,0.2125999999999999,0.8725,True
1178,tail_base,570.2860000000001,270.816,-0.211491058695652,-0.2705571130434783,0.042,0.9146,True
1178,tail_tip,618.974,321.88800000000003,-0.0671277904347824,-0.1216767026086955,0.0228000000000001,0.9562,True
1178,withers,622.8,187.076,-0.0498912173913044,-0.5015923765217392,0.4124000000000001,0.9124,True
1179,occipital_protuberance,668.298,180.126,0.0879206556521739,-0.5588606973913044,0.1980999999999999,0.9304,True
1179,tail_base,568.648,266.302,-0.2144748052173912,-0.281643966521739,0.0675999999999999,0.9734,True
1179,tail_tip,613.832,321.652,-0.0826624365217391,-0.1211379973913043,0.0183000000000001,0.9457,True
1179,withers,626.934,187.444,-0.037993655652174,-0.5017628382608694,0.4128000000000001,0.9005,True
1180,occipital_protuberance,672.656,181.398,0.1017660347826085,-0.5565781891304348,0.1895,0.9394,True
1180,tail_base,567.192,261.58000000000004,-0.2199751269565217,-0.2973567739130433,0.0564,0.9908,True
1180,tail_tip,608.0699999999999,321.174,-0.0996563065217393,-0.1211793221739131,0.0145999999999999,0.9486,True
1180,withers,631.1,188.092,-0.0258796521739129,-0.4998785669565216,0.4243000000000002,0.9062,True
1181,occipital_protuberance,677.498,182.942,0.1166024765217392,-0.5505733982608696,0.1921999999999998,0.8981,True
1181,tail_base,566.064,256.516,-0.2216151234782609,-0.3101820417391305,0.0784000000000001,0.926,True
1181,tail_tip,601.85,320.076,-0.1179664347826086,-0.1234519513043477,0.0191999999999998,0.9362,True
1181,withers,635.608,188.982,-0.0127157947826088,-0.4951342878260869,0.4359,0.9413,True
1182,occipital_protuberance,682.3340000000001,185.278,0.1311893847826089,-0.5414482847826086,0.195,0.7748,True
1182,tail_base,565.664,251.54399999999995,-0.22328272,-0.3257688156521741,0.0785999999999999,1.0,True
1182,tail_tip,595.248,318.17600000000004,-0.1381961217391303,-0.1291543304347825,0.013,0.974,True
1182,withers,640.708,189.814,0.0020405791304346,-0.4905056495652173,0.4364,0.8595,True
1183,occipital_protuberance,687.1220000000001,188.602,0.1449718573913045,-0.5273096730434783,0.2085999999999999,0.9228,True
1183,tail_base,565.394,246.848,-0.2231368147826087,-0.3384228730434782,0.0934000000000001,1.0,True
1183,tail_tip,588.858,315.646,-0.1571838252173914,-0.1363210547826086,0.0234,1.0,True
1183,withers,645.524,190.602,0.0159463469565217,-0.4890078352173913,0.4216999999999998,0.8684,True
1184,occipital_protuberance,691.6139999999999,192.464,0.1575797860869562,-0.5114946921739131,0.2301999999999998,0.8975,True
1184,tail_base,565.404,242.648,-0.2250853217391304,-0.354096904347826,0.072,0.982,True
1184,tail_tip,583.24,312.956,-0.1743765913043478,-0.1445273495652173,0.0155999999999999,0.969,True
1184,withers,650.14,191.414,0.0293552999999999,-0.4880564700000001,0.4105999999999999,0.9247,True
1185,occipital_protuberance,695.836,196.82800000000003,0.1692316330434783,-0.4945530486956521,0.2470999999999999,0.9603,True
1185,tail_base,566.0840000000001,239.458,-0.2219890304347824,-0.3620190717391304,0.085,0.9847,True
1185,tail_tip,579.286,310.37,-0.1858904295652175,-0.1519541130434782,0.0251999999999998,0.9558,True
1185,withers,654.8199999999999,192.212,0.0429908869565215,-0.4867311026086957,0.4051999999999998,0.8917,True
1186,occipital_protuberance,699.406,201.68400000000003,0.178979946521739,-0.4769785747826086,0.2636999999999998,0.9957,True
1186,tail_base,567.3,236.73,-0.2203600217391305,-0.3736420891304348,0.0594,1.0,True
1186,tail_tip,577.2879999999999,308.22799999999995,-0.191516994782609,-0.1581071860869566,0.0324,0.9308,True
1186,withers,659.142,193.218,0.0557906073913045,-0.4860970160869564,0.3925999999999999,0.9378,True
1187,occipital_protuberance,702.238,206.926,0.1871063700000002,-0.4601870317391304,0.2626999999999998,0.9374,True
1187,tail_base,568.8040000000001,234.43400000000003,-0.2162501113043475,-0.3813930765217391,0.0565999999999999,0.9794,True
1187,tail_tip,577.274,306.64,-0.1914779330434783,-0.1628872,0.0335999999999999,0.9114,True
1187,withers,663.288,194.444,0.0679553965217391,-0.4830996060869565,0.3894000000000001,0.9217,True
1188,occipital_protuberance,704.2560000000001,211.83,0.1939274017391306,-0.4471835021739129,0.2309,0.96,True
1188,tail_base,570.604,232.332,-0.2114013365217389,-0.3889155834782608,0.0514,0.9747,True
1188,tail_tip,578.6879999999999,305.278,-0.1877213495652178,-0.1675444886956522,0.0251999999999998,0.9574,True
1188,withers,667.2700000000001,196.002,0.0791067130434785,-0.4757368069565217,0.4051999999999998,1.0,True
1189,occipital_protuberance,706.206,216.242,0.2009208173913043,-0.4362742782608694,0.1985,0.9051,True
1189,tail_base,572.376,230.326,-0.2060032852173913,-0.3950264699999999,0.0549,0.9499,True
1189,tail_tip,581.0699999999999,303.62,-0.1805051521739132,-0.1726943913043478,0.03,0.9588,True
1189,withers,670.934,197.678,0.0895135813043477,-0.4697104656521739,0.4118000000000001,0.9001,True
1190,occipital_protuberance,707.9300000000001,220.236,0.2071126630434784,-0.4261282826086958,0.172,0.923,True
1190,tail_base,574.076,228.03,-0.2022863608695651,-0.4049470760869565,0.041,0.974,True
1190,tail_tip,583.808,301.616,-0.1730835756521739,-0.179835412173913,0.0201999999999998,0.9392,True
1190,withers,674.546,199.496,0.0997628400000001,-0.4635076382608695,0.4136999999999998,0.9115,True
1191,occipital_protuberance,709.2460000000001,224.076,0.2121938295652176,-0.4165184139130436,0.1438000000000001,0.9457,True
1191,tail_base,575.754,225.884,-0.1968860569565216,-0.4110072286956521,0.0595999999999999,0.931,True
1191,tail_tip,586.0740000000001,299.014,-0.1668892469565215,-0.188738412173913,0.0068000000000001,1.0,True
1191,withers,678.442,201.25,0.1109302408695652,-0.4580972826086957,0.4121999999999998,0.893,True
1192,occipital_protuberance,710.498,227.378,0.2169499321739131,-0.4081297895652174,0.1318000000000002,0.9566,True
1192,tail_base,577.758,223.73,-0.1914753352173911,-0.4192079934782607,0.0808000000000001,0.935,True
1192,tail_tip,587.8,295.916,-0.1621831304347827,-0.1991062017391304,0.0025999999999999,0.9823,True
1192,withers,681.7940000000001,202.76,0.1204030626086959,-0.4529879304347827,0.4130999999999999,0.9388,True
1193,occipital_protuberance,711.896,230.6,0.2214396799999999,-0.398552,0.1294000000000001,0.9018,True
1193,tail_base,580.024,221.786,-0.1853779930434782,-0.4272014460869566,0.0904,1.0,True
1193,tail_tip,589.528,292.786,-0.1572202799999999,-0.20937161,0.0071999999999998,0.9751,True
1193,withers,685.24,204.134,0.1314910434782608,-0.4530279173913042,0.379,0.9167,True
1194,occipital_protuberance,713.0200000000001,233.828,0.2254889347826089,-0.3896246217391306,0.122,0.9456,True
1194,tail_base,582.696,219.924,-0.1775053686956521,-0.4339006356521739,0.1101999999999998,1.0,True
1194,tail_tip,591.836,290.058,-0.1504915591304347,-0.2185383404347826,0.0044,0.9188,True
1194,withers,688.732,205.53000000000003,0.141524084347826,-0.4486010282608695,0.3776999999999998,0.8667,True
1195,occipital_protuberance,714.232,237.102,0.2298287269565216,-0.3805028947826087,0.1085999999999999,0.9484,True
1195,tail_base,585.876,217.626,-0.1674314173913044,-0.4404308739130436,0.131,0.9777,True
1195,tail_tip,594.504,287.714,-0.1427189739130434,-0.2267580391304348,0.009,0.937,True
1195,withers,691.976,207.29,0.1513744504347826,-0.4447512760869565,0.3665999999999999,0.899,True
1196,occipital_protuberance,716.062,240.518,0.2358914113043478,-0.3705500460869566,0.1038000000000001,0.9562,True
1196,tail_base,589.202,215.332,-0.1572750252173913,-0.4479047078260869,0.1420999999999999,0.9407,True
1196,tail_tip,597.576,285.762,-0.1341520660869564,-0.2347534669565217,0.0088000000000001,0.9885,True
1196,withers,694.6960000000001,209.008,0.1592248121739134,-0.4395508417391304,0.3643000000000002,0.8485,True
1197,occipital_protuberance,718.2879999999999,243.85,0.242897029565217,-0.360368,0.0955999999999999,1.0,True
1197,tail_base,592.432,213.132,-0.1461785321739129,-0.4513317495652174,0.1768000000000001,0.9424,True
1197,tail_tip,600.658,283.72,-0.1251930860869564,-0.2427362260869564,0.0224,1.0,True
1197,withers,697.4780000000001,211.05,0.1682231117391306,-0.4359377934782609,0.3464000000000001,0.8986,True
1198,occipital_protuberance,721.1659999999999,247.182,0.2520380747826085,-0.350324415652174,0.0801999999999998,0.9546,True
1198,tail_base,595.634,210.742,-0.1345447173913043,-0.4526411086956521,0.235,0.9809,True
1198,tail_tip,602.698,280.968,-0.1193258543478261,-0.2528164956521738,0.02,1.0,True
1198,withers,700.124,213.312,0.1751046147826088,-0.427212855652174,0.3525999999999999,0.96,True
1199,occipital_protuberance,724.678,250.54,0.2622624926086956,-0.3390166565217393,0.0750999999999999,0.9996,True
1199,tail_base,598.626,208.336,-0.1229977065217392,-0.4508706956521738,0.304,0.9176,True
1199,tail_tip,602.46,277.21000000000004,-0.1204544347826085,-0.2656479130434781,0.018,0.9796,True
1199,withers,702.948,215.844,0.1832607860869564,-0.4196819895652174,0.3325999999999999,0.9063,True
1200,occipital_protuberance,728.754,253.67,0.2719345382608696,-0.3257858739130435,0.0731999999999998,0.9089,True
1200,tail_base,601.5559999999999,206.458,-0.1114792426086958,-0.4452384213043479,0.3781999999999998,0.9379,True
1200,tail_tip,599.462,272.198,-0.1295100973913043,-0.2805083026086957,0.0208000000000001,0.9588,True
1200,withers,706.0020000000001,218.478,0.1919223373913045,-0.4115213634782609,0.3088000000000002,0.8947,True
1201,occipital_protuberance,732.6719999999999,255.96,0.2807760139130432,-0.3152185826086957,0.0950999999999999,0.9402,True
1201,tail_base,604.048,204.644,-0.1037449669565217,-0.4483033791304348,0.3981999999999998,0.9889,True
1201,tail_tip,593.378,265.59800000000007,-0.1477005230434781,-0.2990696404347824,0.0034,1.0,True
1201,withers,708.8500000000001,221.104,0.2001289891304351,-0.4037344382608696,0.2888000000000001,0.9299,True
1202,occipital_protuberance,736.8520000000001,257.296,0.2897980278260872,-0.3073082295652174,0.1111999999999998,0.97,True
1202,tail_base,606.072,202.958,-0.0989665008695652,-0.4580846860869565,0.3764,0.9376,True
1202,tail_tip,584.446,256.192,-0.1742825595652173,-0.3256637495652173,0.0023000000000001,0.9876,True
1202,withers,711.3280000000001,223.328,0.2062154504347828,-0.3951306365217392,0.2971999999999998,0.9079,True
1203,occipital_protuberance,740.712,258.13,0.2980199443478261,-0.3014466173913043,0.1315999999999999,0.9925,True
1203,tail_base,608.01,201.42,-0.0956014195652174,-0.4739128826086957,0.3175999999999999,0.8949,True
1203,tail_tip,574.0899999999999,244.426,-0.205051741304348,-0.3595607639130434,-0.0011999999999998,0.9249,True
1203,withers,713.6659999999999,225.414,0.2128947399999998,-0.3889535400000001,0.2846999999999998,0.9664,True
1204,occipital_protuberance,744.62,257.868,0.3065593434782609,-0.2992689626086957,0.1581999999999998,0.929,True
1204,tail_base,610.1539999999999,199.854,-0.0921787221739134,-0.4946074395652174,0.2255999999999999,0.9108,True
1204,tail_tip,566.842,228.302,-0.2240543269565218,-0.40333944,0.0364,0.7329,True
1204,withers,715.772,227.248,0.2186186921739132,-0.3830183791304348,0.2825999999999999,0.9689,True
1205,occipital_protuberance,748.162,256.708,0.3166795252173914,-0.3024210121739131,0.1544000000000001,0.9695,True
1205,tail_base,611.956,198.12600000000003,-0.0896127730434782,-0.5172578099999998,0.1341999999999998,0.9827,True
1205,tail_tip,561.376,209.842,-0.2362993043478261,-0.4512900760869565,0.089,0.8827,True
1205,withers,717.582,228.738,0.2233855630434782,-0.377948954347826,0.285,0.9579,True
1206,occipital_protuberance,751.4599999999999,255.07,0.3252693565217389,-0.3062131130434782,0.1571999999999998,0.8699,True
1206,tail_base,614.29,196.286,-0.0836413369565218,-0.53260435,0.081,0.9851,True
1206,tail_tip,559.56,191.816,-0.2357766347826088,-0.4929619286956522,0.0454,0.8425,True
1206,withers,719.574,229.936,0.2277719256521738,-0.3722940626086957,0.2845999999999999,0.9025,True
1207,occipital_protuberance,754.704,252.954,0.3336639617391302,-0.3113875056521739,0.1628000000000002,0.9792,True
1207,tail_base,617.386,194.342,-0.0742525773913044,-0.5439344417391305,0.0636999999999998,0.9335,True
1207,tail_tip,562.308,175.972,-0.2240907513043478,-0.5308007617391304,0.0214,0.8481,True
1207,withers,721.934,231.424,0.2327994304347825,-0.365323547826087,0.304,0.8924,True
1208,occipital_protuberance,758.082,250.66,0.3413083199999999,-0.3160401391304347,0.1708000000000001,0.9916,True
1208,tail_base,620.7520000000001,192.566,-0.0633175513043476,-0.5507850626086956,0.0615999999999999,0.9317,True
1208,tail_tip,568.6879999999999,162.312,-0.2003867200000003,-0.5555032799999999,0.0418000000000001,0.9265,True
1208,withers,724.3779999999999,233.022,0.2376891573913041,-0.3576915052173913,0.3194000000000001,0.8506,True
1209,occipital_protuberance,761.116,248.934,0.3476819086956521,-0.3188318543478262,0.186,0.9078,True
1209,tail_base,624.208,191.418,-0.052020907826087,-0.5553310969565216,0.0724,0.9014,True
1209,tail_tip,575.3140000000001,153.232,-0.1781536813043476,-0.5694660417391304,0.0521999999999998,0.9136,True
1209,withers,727.106,234.814,0.2447867960869565,-0.351799874347826,0.3125999999999999,0.8138,True
1210,occipital_protuberance,763.674,247.01,0.3515030165217391,-0.3211372304347827,0.2091999999999998,0.9515,True
1210,tail_base,628.386,191.252,-0.0383463982608696,-0.5571618747826087,0.0689,0.9811,True
1210,tail_tip,583.528,146.846,-0.1541562834782608,-0.581864082173913,-0.0159,0.9564,True
1210,withers,729.918,236.49,0.2507930304347826,-0.3444854999999999,0.326,0.8564,True
1211,occipital_protuberance,766.018,245.382,0.354822855652174,-0.3227244208695652,0.2335999999999999,0.9258,True
1211,tail_base,632.5319999999999,191.42,-0.0246232947826089,-0.5558375782608697,0.0695999999999999,0.9283,True
1211,tail_tip,592.268,141.32399999999998,-0.1284924686956521,-0.5886662843478261,-0.0435999999999999,0.9269,True
1211,withers,732.5139999999999,238.256,0.2563643386956519,-0.3373632104347826,0.3395999999999999,0.8581,True
1212,occipital_protuberance,768.0699999999999,244.618,0.3577886021739128,-0.3223421917391304,0.2538000000000002,0.9396,True
1212,tail_base,636.3979999999999,191.888,-0.0119962260869568,-0.559886052173913,0.032,0.9688,True
1212,tail_tip,600.734,136.296,-0.1036707760869564,-0.5906271913043478,-0.0045,0.9079,True
1212,withers,735.366,240.00600000000003,0.263355282173913,-0.3313660395652173,0.3354000000000001,0.8898,True
1213,occipital_protuberance,769.856,243.902,0.3599551860869564,-0.3218186082608695,0.2678000000000002,0.9459,True
1213,tail_base,640.1719999999999,192.752,0.0005736199999997,-0.55777208,0.0198000000000001,0.9141,True
1213,tail_tip,609.7160000000001,131.698,-0.0795086669565214,-0.5993920117391304,-0.0069,0.9346,True
1213,withers,738.106,241.51400000000004,0.2704099943478261,-0.3265834769565216,0.3251999999999998,0.9277,True
1214,occipital_protuberance,771.446,243.37,0.3633624643478261,-0.3224058869565218,0.2748000000000001,0.9538,True
1214,tail_base,643.714,193.564,0.0123748865217393,-0.5545575156521739,0.0190999999999999,0.9605,True
1214,tail_tip,617.052,128.45999999999998,-0.0601586808695651,-0.606987143478261,0.0171999999999998,0.9104,True
1214,withers,740.3960000000001,242.668,0.2750850400000002,-0.3214896800000001,0.3331999999999998,0.9178,True
1215,occipital_protuberance,773.338,243.742,0.3675780821739129,-0.3204929778260869,0.2788000000000001,0.8425,True
1215,tail_base,646.738,194.182,0.0223599065217393,-0.5502634282608696,0.028,0.9634,True
1215,tail_tip,622.3620000000001,126.064,-0.0462575721739128,-0.613522587826087,-0.0133000000000001,0.9696,True
1215,withers,742.672,243.868,0.2803392,-0.3170908521739131,0.342,0.8628,True
1216,occipital_protuberance,775.5719999999999,244.654,0.3753576069565214,-0.3193579686956521,0.2588000000000002,0.8734,True
1216,tail_base,649.618,194.8,0.0318042169565219,-0.5462733043478261,0.0353000000000001,1.0,True
1216,tail_tip,625.0020000000001,125.578,-0.0398392526086954,-0.6226961778260869,-0.0058000000000001,0.9389,True
1216,withers,744.778,244.664,0.2868411639130435,-0.3157448365217391,0.3294000000000001,0.8703,True
1217,occipital_protuberance,777.7280000000001,245.588,0.3801891617391306,-0.315826864347826,0.2604000000000001,0.9156,True
1217,tail_base,652.208,195.444,0.0400555095652172,-0.5399225452173912,0.0554,1.0,True
1217,tail_tip,625.426,126.838,-0.039042478695652,-0.6246207230434782,0.0099,0.957,True
1217,withers,745.856,244.978,0.2894701356521739,-0.3145351604347827,0.3291999999999998,0.9333,True
1218,occipital_protuberance,779.992,246.492,0.3861344556521737,-0.3130846747826086,0.2564000000000001,0.9049,True
1218,tail_base,654.462,196.00600000000003,0.0474510795652173,-0.5380785743478259,0.0554,1.0,True
1218,tail_tip,623.56,130.57,-0.0447811304347827,-0.6249473695652173,-0.0015,0.8824,True
1218,withers,746.902,245.158,0.2932368339130436,-0.3150165991304348,0.3184,0.9381,True
1219,occipital_protuberance,782.006,247.734,0.3897138573913043,-0.3080969530434783,0.2571999999999998,0.8912,True
1219,tail_base,656.4159999999999,196.41,0.053787380869565,-0.5360061913043479,0.0595999999999999,0.9799,True
1219,tail_tip,621.496,134.782,-0.0513566452173913,-0.6250778708695651,0.0500999999999999,0.9347,True
1219,withers,747.8439999999999,245.358,0.2957035591304346,-0.3143433795652173,0.3194000000000001,0.9041,True
1220,occipital_protuberance,783.806,249.016,0.3940597021739132,-0.3041202869565217,0.258,0.9005,True
1220,tail_base,657.85,196.606,0.0588079891304348,-0.5383121891304349,0.043,1.0,True
1220,tail_tip,620.268,140.07999999999998,-0.055700004347826,-0.6207959130434783,0.073,0.9186,True
1220,withers,748.816,245.194,0.2972569252173914,-0.3136200426086956,0.3288000000000002,0.8897,True
1221,occipital_protuberance,785.1719999999999,250.18,0.3954674634782605,-0.299164004347826,0.2698000000000002,0.9809,True
1221,tail_base,658.95,196.99,0.0628851630434784,-0.5409451413043478,0.021,1.0,True
1221,tail_tip,619.6519999999999,144.376,-0.058642051304348,-0.6214189930434783,0.0960999999999999,0.9202,True
1221,withers,750.024,245.17,0.3003176834782609,-0.3134359739130434,0.3278000000000002,0.874,True
1222,occipital_protuberance,786.48,250.998,0.4013552000000001,-0.2986654800000001,0.2496999999999998,0.9877,True
1222,tail_base,659.9780000000001,197.364,0.0662357560869567,-0.5392090513043478,0.0273000000000001,1.0,True
1222,tail_tip,618.906,147.836,-0.0619842604347827,-0.6234393017391305,0.0755999999999999,0.9589,True
1222,withers,751.892,245.432,0.3049543486956523,-0.3122476121739131,0.3285999999999999,0.8731,True
1223,occipital_protuberance,787.502,252.324,0.404476136521739,-0.2952663182608695,0.2476999999999998,0.9987,True
1223,tail_base,660.996,197.58,0.0696108686956521,-0.5384929173913043,0.0273000000000001,1.0,True
1223,tail_tip,618.214,149.56599999999997,-0.0649222799999998,-0.6270933200000001,0.0464,0.9499,True
1223,withers,753.6339999999999,245.946,0.3086151221739127,-0.3097557873913043,0.3374000000000001,0.9161,True
1224,occipital_protuberance,788.51,253.336,0.4074016717391304,-0.2926071773913043,0.2521999999999998,0.9585,True
1224,tail_base,662.104,197.726,0.0733180069565218,-0.5382558026086957,0.0259,0.9987,True
1224,tail_tip,618.0,150.18,-0.0660669565217391,-0.6300985826086957,0.0251999999999998,0.9196,True
1224,withers,755.342,246.448,0.311724292173913,-0.3068866226086956,0.3465999999999999,0.9298,True
1225,occipital_protuberance,789.356,254.048,0.4093977834782609,-0.2904236452173913,0.2486999999999998,0.8936,True
1225,tail_base,663.47,197.79,0.0777418239130435,-0.5373029934782609,0.0265999999999999,0.966,True
1225,tail_tip,618.838,149.63,-0.0639184408695653,-0.6354088652173914,0.0091999999999998,0.909,True
1225,withers,756.8639999999999,247.106,0.3166760347826084,-0.305918197826087,0.337,0.8791,True
1226,occipital_protuberance,789.966,254.262,0.4115262647826087,-0.2901588639130434,0.2459000000000001,0.8892,True
1226,tail_base,664.946,197.556,0.0821808008695653,-0.5351470382608696,0.0431999999999998,0.9672,True
1226,tail_tip,621.162,147.974,-0.0565099047826085,-0.6360319073913044,0.0161999999999998,0.9382,True
1226,withers,757.97,247.686,0.3185959369565218,-0.3033210482608695,0.3454000000000001,0.8681,True
1227,occipital_protuberance,790.26,254.436,0.409785152173913,-0.2878913869565217,0.2615,0.9029,True
1227,tail_base,666.382,197.248,0.0869114843478259,-0.5361616973913044,0.0431999999999998,0.9976,True
1227,tail_tip,624.8480000000001,146.50799999999998,-0.0452484834782606,-0.6375520878260871,0.0175999999999999,0.8994,True
1227,withers,758.892,248.366,0.3198970182608697,-0.3003682647826087,0.3545999999999999,0.842,True
1228,occipital_protuberance,790.398,253.892,0.4092133408695652,-0.2887060278260869,0.2618000000000002,0.9607,True
1228,tail_base,667.6800000000001,196.97,0.0912296695652176,-0.5373256152173913,0.0418000000000001,0.9956,True
1228,tail_tip,628.364,145.552,-0.0344982104347825,-0.6357917008695652,0.0344,0.8312,True
1228,withers,759.734,248.838,0.3217981395652174,-0.2987599578260869,0.3574000000000001,0.8236,True
1229,occipital_protuberance,790.2700000000001,252.922,0.4082443891304351,-0.2909029926086957,0.2655999999999999,0.9703,True
1229,tail_base,668.926,196.8,0.0951162339130436,-0.5366441739130434,0.0488000000000001,1.0,True
1229,tail_tip,629.966,145.226,-0.029724634347826,-0.63624463,0.0365999999999999,0.6106,True
1229,withers,760.328,249.256,0.3220866660869564,-0.2964327982608696,0.3644000000000001,0.8266,True
1230,occipital_protuberance,789.994,251.664,0.4072011026086957,-0.2941086886956522,0.2674000000000001,0.9278,True
1230,tail_base,669.95,196.694,0.0982555326086957,-0.5357501839130434,0.0523000000000001,0.9986,True
1230,tail_tip,629.592,145.882,-0.0309547495652174,-0.6368148604347825,0.0258000000000001,0.6308,True
1230,withers,761.2940000000001,249.92800000000005,0.3222728843478263,-0.2924565182608695,0.3855999999999999,0.8629,True
1231,occipital_protuberance,789.6780000000001,250.55,0.4052694543478264,-0.2963477717391304,0.274,0.9128,True
1231,tail_base,670.7819999999999,196.758,0.1015872917391301,-0.5387340873913045,0.0343000000000001,0.9868,True
1231,tail_tip,627.6479999999999,147.436,-0.0371499826086959,-0.6393093347826087,-0.002,0.9444,True
1231,withers,762.256,250.462,0.3243239060869564,-0.2905852639130434,0.3834000000000001,0.8219,True
1232,occipital_protuberance,789.25,249.43,0.4024883152173912,-0.2981784456521739,0.284,0.7761,True
1232,tail_base,671.512,196.774,0.1039964504347824,-0.5386812839130435,0.0343000000000001,0.9744,True
1232,tail_tip,624.904,148.504,-0.0458590226086956,-0.6424880660869566,-0.0243000000000001,0.9116,True
1232,withers,762.888,250.688,0.3261340660869566,-0.2901045426086956,0.3824000000000001,0.7337,True
1233,occipital_protuberance,788.518,248.15,0.3999331447826088,-0.301192597826087,0.2875999999999999,0.6963,True
1233,tail_base,672.174,196.722,0.1060343130434781,-0.538107495652174,0.0385,0.9586,True
1233,tail_tip,623.222,148.142,-0.051329737826087,-0.6481473117391305,-0.0440999999999999,0.9386,True
1233,withers,762.984,250.826,0.3267631408695653,-0.2900705713043479,0.3795999999999999,0.5869,True
1234,occipital_protuberance,787.864,247.38,0.3974327165217392,-0.3027029739130434,0.2921999999999998,0.7167,True
1234,tail_base,672.708,196.512,0.1079435104347825,-0.5395459408695652,0.0308000000000001,0.9687,True
1234,tail_tip,624.382,146.266,-0.0474753247826088,-0.6497048960869566,-0.0315999999999999,0.9595,True
1234,withers,763.3520000000001,250.482,0.3287062643478263,-0.2918416617391305,0.3724,0.6085,True
1235,occipital_protuberance,787.43,246.518,0.3939265499999998,-0.30321897,0.3068000000000002,0.7257,True
1235,tail_base,673.258,196.154,0.1098092400000001,-0.5409767495652174,0.0294,0.9949,True
1235,tail_tip,626.684,143.43800000000002,-0.0401564243478261,-0.6530756660869564,-0.0184,0.8582,True
1235,withers,763.078,249.57200000000003,0.3296617473913042,-0.2957789973913042,0.3598000000000002,0.6166,True
1236,occipital_protuberance,787.068,245.43400000000003,0.3927994452173912,-0.3059908426086956,0.3078000000000002,0.3649,True
1236,tail_base,673.8199999999999,195.752,0.1114589565217389,-0.5413042782608696,0.035,0.9931,True
1236,tail_tip,629.962,140.136,-0.0302449304347826,-0.6624597913043477,-0.03,0.7414,True
1236,withers,762.8219999999999,248.802,0.3270803260869562,-0.2961251086956522,0.374,0.6319,True
1237,occipital_protuberance,786.693,244.156,0.3929459013043478,-0.3103108191304347,0.3005999999999999,0.3977,True
1237,tail_base,674.316,195.43400000000003,0.11304138,-0.5421018691304347,0.0294,1.0,True
1237,tail_tip,634.512,136.996,-0.016586883478261,-0.6740053504347825,-0.0215999999999999,0.666,True
1237,withers,762.818,248.052,0.3276570643478261,-0.2986577947826087,0.3695999999999999,0.716,True
1238,occipital_protuberance,786.4950000000001,242.806,0.3920970521739134,-0.3136722886956523,0.3025999999999999,0.3091,True
1238,tail_base,674.636,195.32,0.1142009156521737,-0.5429786,0.0265999999999999,1.0,True
1238,tail_tip,652.829,146.86700000000002,0.0384507441304346,-0.6387966676086956,0.2815999999999999,0.7647,True
1238,withers,763.088,247.338,0.3281365530434781,-0.3003421969565216,0.3714,0.6857,True
1239,occipital_protuberance,786.2529999999999,240.61400000000003,0.3911313926086955,-0.3192796895652173,0.3155999999999999,0.2111,True
1239,tail_base,674.8,195.454,0.1145827826086955,-0.5417855904347826,0.0308000000000001,1.0,True
1239,tail_tip,684.251,170.007,0.1312426941304347,-0.5634944563043478,0.5314000000000001,0.7489,True
1239,withers,763.198,246.97000000000003,0.3294207391304347,-0.3022323913043477,0.364,0.6356,True
1240,occipital_protuberance,785.8370000000001,238.342,0.3929356039130438,-0.3277889678260869,0.2971999999999998,0.3267,True
1240,tail_base,674.732,195.726,0.1146760034782607,-0.5423898939130435,0.0224,1.0,True
1240,tail_tip,707.1125,188.0695,0.1973071025815216,-0.505466325951087,0.33425,0.3348,True
1240,withers,763.26,246.79,0.3297204999999999,-0.3028367499999999,0.363,0.7091,True
1241,occipital_protuberance,785.105,236.026,0.3911210641304348,-0.3341638317391304,0.3021999999999998,0.4427,True
1241,tail_base,674.448,196.074,0.1137383095652173,-0.5412408886956521,0.0294,1.0,True
1241,tail_tip,721.3534999999999,201.2765,0.2368492196467389,-0.4621010419293478,0.2525500000000001,0.4101,True
1241,withers,763.116,246.836,0.3336711243478261,-0.3066990408695652,0.3305999999999999,0.7731,True
1242,occipital_protuberance,784.486,233.832,0.3912429599999999,-0.3416410017391303,0.2938000000000001,0.45,True
1242,tail_base,674.058,196.456,0.1123988039130434,-0.5397307530434783,0.0308000000000001,1.0,True
1242,tail_tip,726.3820000000001,209.118,0.2492777954347828,-0.4354093715217391,0.2275999999999999,0.5256,True
1242,withers,762.9159999999999,246.898,0.3345185660869564,-0.3078095517391304,0.3201999999999998,0.7537,True
1243,occipital_protuberance,784.004,231.692,0.3918474060869565,-0.3491372252173913,0.2935999999999999,0.5363,True
1243,tail_base,673.644,196.796,0.1110837113043478,-0.5388570330434782,0.0294,0.9984,True
1243,tail_tip,708.575,199.455,0.1997992255434784,-0.4677618179347825,0.3235,0.5307,True
1243,withers,763.164,246.702,0.3344438095652173,-0.3076533299999999,0.3258000000000002,0.7345,True
1244,occipital_protuberance,783.6,229.954,0.3911851304347826,-0.3542622665217391,0.2908000000000001,0.5459,True
1244,tail_base,673.0699999999999,197.168,0.1092388369565215,-0.5378765739130434,0.028,0.9758,True
1244,tail_tip,675.2650000000001,177.905,0.1049938711956524,-0.5421482766304347,0.3174,0.8806,True
1244,withers,763.338,246.496,0.3344336682608694,-0.3077685634782608,0.3294000000000001,0.7281,True
1245,occipital_protuberance,783.3439999999999,228.84,0.3885868869565216,-0.3555576521739131,0.303,0.4163,True
1245,tail_base,672.5060000000001,197.582,0.1073263321739133,-0.5362618660869565,0.0329,0.9646,True
1245,tail_tip,649.6895000000001,161.87449999999998,0.0292954660054349,-0.5990173744836957,0.2959499999999998,0.9291,True
1245,withers,763.438,246.258,0.3356976913043478,-0.3093287869565218,0.322,0.7963,True
1246,occipital_protuberance,783.426,228.358,0.3880920482608697,-0.3562060813043479,0.3105999999999999,0.4678,True
1246,tail_base,671.9820000000001,197.988,0.106145476956522,-0.53770374,0.0170999999999999,0.9546,True
1246,tail_tip,632.1145,151.17749999999998,-0.0241180588858695,-0.638690425679348,0.00415,0.9096,True
1246,withers,763.906,246.16800000000003,0.3339266699999998,-0.3067772399999999,0.3445999999999999,0.8409,True
1247,occipital_protuberance,783.518,228.33,0.3877481965217392,-0.3557379913043477,0.3144,0.4993,True
1247,tail_base,671.5,198.44,0.1046895652173913,-0.5369411478260869,0.0129,0.9536,True
1247,tail_tip,622.496,146.06599999999997,-0.0537525008695652,-0.6569634095652174,-0.0631999999999998,0.9331,True
1247,withers,764.332,246.118,0.3345611947826086,-0.306441607826087,0.3484000000000001,0.8664,True
1248,occipital_protuberance,783.6,228.628,0.3863776521739131,-0.3534763573913043,0.3245999999999999,0.3931,True
1248,tail_base,671.018,198.856,0.1031348500000001,-0.5358038,0.015,0.9411,True
1248,tail_tip,620.908,146.728,-0.0586788469565216,-0.6554868556521738,-0.0600999999999999,0.9376,True
1248,withers,764.366,246.16400000000004,0.3340308543478261,-0.3057486478260868,0.353,0.8256,True
1249,occipital_protuberance,783.692,229.006,0.3869375660869565,-0.3527440604347826,0.3195999999999999,0.4233,True
1249,tail_base,670.704,199.132,0.1026047582608694,-0.5375788904347826,-0.0004,0.9417,True
1249,tail_tip,619.5899999999999,147.098,-0.0627829347826089,-0.6549050652173913,-0.0595,0.9302,True
1249,withers,764.376,246.28000000000003,0.3335439860869564,-0.3049673739130433,0.3568000000000002,0.8258,True
1250,occipital_protuberance,783.816,229.674,0.3885845791304349,-0.352135185652174,0.3111999999999998,0.4316,True
1250,tail_base,670.462,199.326,0.1019814782608695,-0.5379086086956522,-0.006,0.9541,True
1250,tail_tip,618.4019999999999,147.362,-0.0665218400000002,-0.6549250400000001,-0.0630999999999999,0.9682,True
1250,withers,764.544,246.374,0.3337508452173913,-0.3044929786956523,0.3585999999999999,0.8374,True
1251,occipital_protuberance,784.1299999999999,230.404,0.3888376739130432,-0.3496274695652174,0.315,0.426,True
1251,tail_base,670.216,199.414,0.1008229095652174,-0.5358335900000001,0.0041999999999998,0.9532,True
1251,tail_tip,617.37,147.75,-0.0696413652173912,-0.653176304347826,-0.0606999999999998,0.928,True
1251,withers,764.296,246.22200000000004,0.3329511547826088,-0.3047766339130434,0.3595999999999999,0.8146,True
1252,occipital_protuberance,784.682,231.618,0.3882824543478261,-0.3445382152173913,0.325,0.4049,True
1252,tail_base,669.97,199.35,0.1000932847826087,-0.5365360760869565,0.0014,0.96,True
1252,tail_tip,616.424,147.982,-0.0727063339130435,-0.6538450756521738,-0.0551999999999998,0.9311,True
1252,withers,764.038,246.12600000000003,0.3316398613043478,-0.3044644186956521,0.3641999999999998,0.8192,True
1253,occipital_protuberance,785.3019999999999,232.712,0.3906728556521736,-0.342238692173913,0.3144,0.4695,True
1253,tail_base,669.868,199.176,0.0997526269565219,-0.5371171982608697,0.0014,0.9547,True
1253,tail_tip,615.608,147.874,-0.0751909913043479,-0.653901452173913,-0.054,0.9255,True
1253,withers,763.78,245.836,0.3332103782608694,-0.3073245243478261,0.3474000000000001,0.7786,True
1254,occipital_protuberance,786.072,233.582,0.3925843773913043,-0.3397621160869564,0.3064000000000001,0.5588,True
1254,tail_base,669.8199999999999,198.848,0.0994108043478258,-0.5372317217391304,0.007,0.9626,True
1254,tail_tip,615.274,147.708,-0.0763549630434782,-0.6555669260869565,-0.0705,0.9337,True
1254,withers,763.62,245.528,0.3331559,-0.3085020400000001,0.3445999999999999,0.7026,True
1255,occipital_protuberance,786.83,234.258,0.3932809630434783,-0.3367972134782609,0.3148000000000002,0.5651,True
1255,tail_base,669.738,198.45,0.0990921878260871,-0.5383126956521739,0.0084,0.969,True
1255,tail_tip,615.3399999999999,147.608,-0.0762476478260872,-0.6567068295652173,-0.0740999999999999,0.9349,True
1255,withers,763.0600000000001,245.246,0.3310046478260871,-0.3086633134782608,0.3494000000000001,0.7639,True
1256,occipital_protuberance,787.546,234.624,0.3965459126086957,-0.336961627826087,0.3064000000000001,0.7642,True
1256,tail_base,669.7,198.018,0.0991528043478262,-0.5407733856521739,0.0025999999999999,0.9796,True
1256,tail_tip,615.512,147.512,-0.0758116539130436,-0.657835132173913,-0.0776999999999998,0.9279,True
1256,withers,762.8340000000001,244.87,0.3300496173913045,-0.3093493043478261,0.355,0.8716,True
1257,occipital_protuberance,788.098,234.39,0.3995104526086955,-0.3388466282608696,0.2971999999999998,0.8921,True
1257,tail_base,669.65,197.604,0.0989858804347825,-0.542155515652174,0.0025999999999999,0.9829,True
1257,tail_tip,616.062,147.376,-0.074077702173913,-0.6579788347826087,-0.0765,0.9163,True
1257,withers,762.694,244.348,0.3301535504347825,-0.3112044469565217,0.3514000000000001,0.8511,True
1258,occipital_protuberance,788.51,234.004,0.4009124304347826,-0.3401344191304348,0.2954000000000001,0.9065,True
1258,tail_base,669.6220000000001,197.196,0.0988924030434785,-0.5435176147826087,-0.0009,0.9876,True
1258,tail_tip,616.742,147.038,-0.071973397826087,-0.6590247978260869,-0.0765,0.9166,True
1258,withers,762.5020000000001,244.236,0.3286249304347827,-0.3105495130434782,0.359,0.8601,True
1259,occipital_protuberance,788.7860000000001,233.804,0.401948613478261,-0.3409212373913043,0.2905999999999999,0.8742,True
1259,tail_base,669.55,196.924,0.0986070652173911,-0.5441775217391305,0.0005,0.9924,True
1259,tail_tip,617.478,146.57600000000002,-0.0693677600000001,-0.6573459199999999,-0.0630999999999999,0.9452,True
1259,withers,762.1659999999999,244.05,0.3277235739130433,-0.3110484782608695,0.359,0.8865,True
1260,occipital_protuberance,789.052,233.54,0.4049354008695653,-0.3435588304347826,0.2765999999999999,0.8469,True
1260,tail_base,669.612,196.704,0.0986787713043477,-0.5441661704347827,0.0046999999999998,0.9966,True
1260,tail_tip,618.106,146.124,-0.0673192904347826,-0.6576222052173913,-0.0698000000000001,0.9307,True
1260,withers,762.2459999999999,243.904,0.3288151647826083,-0.3122730017391303,0.3524000000000001,0.8696,True
1261,occipital_protuberance,789.242,233.418,0.4056138008695651,-0.3440278617391305,0.2755999999999999,0.9153,True
1261,tail_base,669.596,196.478,0.0984839069565217,-0.5441372291304347,0.0090999999999999,1.0,True
1261,tail_tip,618.572,145.708,-0.0657466939130434,-0.6575037582608696,-0.0638000000000001,0.9118,True
1261,withers,762.428,243.75,0.3311145104347826,-0.3144057065217391,0.3418000000000001,0.9076,True
1262,occipital_protuberance,789.4860000000001,233.522,0.4064394352173917,-0.3438826839130435,0.2745999999999999,0.9199,True
1262,tail_base,669.6299999999999,196.248,0.0985519565217387,-0.5446533913043479,0.0105,1.0,True
1262,tail_tip,618.79,145.36399999999998,-0.0650778130434783,-0.6585592400000001,-0.0638000000000001,0.918,True
1262,withers,762.53,243.6,0.3311506434782608,-0.314583652173913,0.3435999999999999,0.9052,True
1263,occipital_protuberance,789.86,234.016,0.4064138043478261,-0.3416631304347826,0.281,0.8253,True
1263,tail_base,669.6,196.076,0.0984521739130435,-0.5452254782608696,0.0105,1.0,True
1263,tail_tip,618.836,145.254,-0.0649366730434782,-0.6588967486956522,-0.0638000000000001,0.9241,True
1263,withers,762.37,242.98200000000003,0.3304788065217391,-0.3160249160869564,0.3454000000000001,0.9016,True
1264,occipital_protuberance,790.236,234.958,0.4074335,-0.3391084673913044,0.2755,0.8264,True
1264,tail_base,669.618,195.986,0.0986923269565219,-0.5465231721739131,0.0049,1.0,True
1264,tail_tip,618.808,145.5,-0.0651331513043478,-0.6592610869565216,-0.0685999999999999,0.9272,True
1264,withers,762.36,242.3,0.3305848,-0.3179946956521738,0.3444000000000001,0.8765,True
1265,occipital_protuberance,790.374,236.154,0.40735009,-0.3354880447826087,0.2783000000000001,0.9063,True
1265,tail_base,669.558,195.962,0.0985823556521739,-0.5471023904347827,0.0020999999999999,1.0,True
1265,tail_tip,618.7239999999999,145.76999999999998,-0.065391323478261,-0.658431247826087,-0.0685999999999999,0.9321,True
1265,withers,762.346,241.76,0.3292969186956522,-0.3182455304347826,0.3538000000000001,0.8866,True
1266,occipital_protuberance,790.72,237.52,0.4081235478260869,-0.3316545391304348,0.2738000000000001,0.8592,True
1266,tail_base,669.536,196.074,0.0983741426086954,-0.5459804882608696,0.0063000000000001,0.9999,True
1266,tail_tip,618.574,146.306,-0.0659361860869566,-0.6576200573913042,-0.0606999999999998,0.9286,True
1266,withers,762.5600000000001,241.074,0.3275815652173914,-0.3178685152173913,0.371,0.8528,True
1267,occipital_protuberance,791.176,238.816,0.4094897739130436,-0.3282505739130435,0.273,0.7012,True
1267,tail_base,669.38,196.292,0.0979439782608695,-0.545752647826087,0.007,1.0,True
1267,tail_tip,617.9720000000001,146.78199999999998,-0.0678175078260866,-0.6564333295652175,-0.0619,0.9409,True
1267,withers,762.8,240.422,0.3271285217391303,-0.3185453939130435,0.3791999999999998,0.7549,True
1268,occipital_protuberance,791.784,240.17400000000004,0.4125225147826086,-0.3256662286956521,0.2615999999999999,0.7507,True
1268,tail_base,669.1759999999999,196.638,0.0972639043478258,-0.5445991891304348,0.007,0.9914,True
1268,tail_tip,617.114,147.4,-0.0704888799999999,-0.6548080000000001,-0.0630999999999999,0.9355,True
1268,withers,763.338,239.816,0.3284276439130434,-0.3200290904347827,0.3801999999999998,0.804,True
1269,occipital_protuberance,792.538,241.87,0.4159976543478261,-0.3221610543478261,0.253,0.8466,True
1269,tail_base,668.678,196.948,0.0955600834782608,-0.5433176208695651,0.0084,0.9894,True
1269,tail_tip,616.244,148.41,-0.0733234104347825,-0.6530771347826086,-0.0575999999999999,0.9145,True
1269,withers,763.85,239.21600000000004,0.3291717608695652,-0.3210228660869564,0.3848000000000002,0.8394,True
1270,occipital_protuberance,793.7,243.61,0.4198014782608697,-0.3178965130434784,0.2461999999999998,0.9129,True
1270,tail_base,668.012,197.238,0.0936027069565215,-0.5438727613043478,-0.0001999999999998,0.9932,True
1270,tail_tip,615.0600000000001,149.738,-0.0769778521739128,-0.6489782339130434,-0.0455999999999999,0.9394,True
1270,withers,764.472,238.676,0.330581396521739,-0.3222207191304347,0.3865999999999999,0.9295,True
1271,occipital_protuberance,795.176,245.268,0.4257894504347827,-0.3148146313043479,0.2375999999999999,0.9288,True
1271,tail_base,667.336,197.414,0.0913438382608696,-0.5432846534782608,-0.0001999999999998,0.9918,True
1271,tail_tip,613.646,151.1,-0.0813765686956523,-0.6450468695652174,-0.0408000000000001,0.9389,True
1271,withers,765.066,238.448,0.3331377604347827,-0.3237775339130435,0.3794,0.9569,True
1272,occipital_protuberance,796.51,246.794,0.430266404347826,-0.3112180599999999,0.2328000000000001,0.9337,True
1272,tail_base,666.7639999999999,197.564,0.0893103043478257,-0.5420418695652173,0.004,0.9941,True
1272,tail_tip,612.266,152.712,-0.0856377686956522,-0.6400692939130436,-0.0378000000000001,0.9646,True
1272,withers,765.62,238.084,0.3353507826086956,-0.3254627130434783,0.374,0.9317,True
1273,occipital_protuberance,797.838,248.154,0.4362848195652173,-0.3091569326086957,0.219,0.9282,True
1273,tail_base,666.196,197.604,0.0872953226086957,-0.5411670182608697,0.0081999999999998,0.9958,True
1273,tail_tip,611.006,154.302,-0.0895284295652174,-0.6351596504347826,-0.0318000000000001,0.9773,True
1273,withers,766.346,238.15,0.3365198243478261,-0.3245448260869565,0.3795999999999999,0.8895,True
1274,occipital_protuberance,799.394,248.888,0.4412788239130435,-0.3076111565217391,0.218,0.9361,True
1274,tail_base,665.9019999999999,197.502,0.0864394786956519,-0.5422840865217391,0.0038000000000001,0.9971,True
1274,tail_tip,609.786,155.418,-0.0932167582608697,-0.6311799443478261,-0.0234,0.9376,True
1274,withers,767.078,238.328,0.337336838695652,-0.3229862591304348,0.3878000000000002,0.9176,True
1275,occipital_protuberance,800.64,249.41400000000004,0.4447283478260869,-0.3061549369565216,0.218,0.9057,True
1275,tail_base,665.832,197.302,0.0859250939130434,-0.5411830647826087,0.0138000000000001,0.9949,True
1275,tail_tip,608.854,156.114,-0.0961734313043477,-0.6295645095652175,-0.0228000000000001,0.9271,True
1275,withers,767.77,238.32,0.3388127086956521,-0.3226636173913043,0.3904000000000001,0.8816,True
1276,occipital_protuberance,801.464,249.854,0.4466585652173914,-0.3046973586956522,0.22,0.9602,True
1276,tail_base,665.8480000000001,197.032,0.0861356504347828,-0.5430731460869566,0.0081999999999998,0.9902,True
1276,tail_tip,608.2259999999999,156.43400000000003,-0.0981125860869568,-0.6285764052173913,-0.0228000000000001,0.9273,True
1276,withers,768.138,238.214,0.3411813530434783,-0.3242684626086956,0.3804,0.8592,True
1277,occipital_protuberance,802.192,250.056,0.4484961391304348,-0.3040190608695653,0.221,0.9889,True
1277,tail_base,666.082,196.67,0.0869948099999999,-0.5447765630434782,0.0054,0.9948,True
1277,tail_tip,608.1800000000001,156.594,-0.0983376347826085,-0.6286129773913044,-0.0251999999999998,0.9373,True
1277,withers,768.5899999999999,238.41,0.3418816739130433,-0.3232708043478261,0.384,0.8553,True
1278,occipital_protuberance,802.732,250.298,0.4477252591304346,-0.3018235895652174,0.2338000000000001,1.0,True
1278,tail_base,666.534,196.26,0.088542804347826,-0.5463932608695652,0.004,0.9932,True
1278,tail_tip,608.4620000000001,156.658,-0.0973838591304344,-0.6278847321739132,-0.0228000000000001,0.9358,True
1278,withers,768.9039999999999,238.34,0.3432489339130432,-0.3239594217391304,0.3801999999999998,0.8696,True
1279,occipital_protuberance,803.02,250.63,0.4474544608695651,-0.3001968739130434,0.2398000000000001,0.9825,True
1279,tail_base,666.95,195.848,0.0897610760869566,-0.5467332156521739,0.0098000000000001,1.0,True
1279,tail_tip,608.6679999999999,156.448,-0.096747766956522,-0.628533175652174,-0.0228000000000001,0.9373,True
1279,withers,769.178,238.286,0.346168957826087,-0.3261670604347826,0.3585999999999999,0.8797,True
1280,occipital_protuberance,803.434,251.002,0.4484131552173912,-0.2990573386956521,0.2408000000000001,0.9887,True
1280,tail_base,667.3720000000001,195.514,0.0911249582608698,-0.5475953486956522,0.0076999999999998,1.0,True
1280,tail_tip,609.118,156.26,-0.0952776834782607,-0.6285821913043478,-0.0234,0.9553,True
1280,withers,769.3979999999999,238.428,0.3471241999999997,-0.3261301043478261,0.356,0.8827,True
1281,occipital_protuberance,803.7239999999999,251.646,0.4490308660869562,-0.2971726226086955,0.2418000000000001,1.0,True
1281,tail_base,667.656,195.21,0.0920704313043476,-0.5486074043478261,0.0076999999999998,0.999,True
1281,tail_tip,609.6899999999999,156.08599999999998,-0.0934338695652175,-0.6285870695652175,-0.021,0.9437,True
1281,withers,769.8979999999999,238.872,0.3460369765217389,-0.3226744591304348,0.3731999999999998,0.8698,True
1282,occipital_protuberance,803.9159999999999,253.036,0.4492367417391303,-0.2931511191304348,0.2435999999999999,1.0,True
1282,tail_base,667.858,195.07,0.0926157378260867,-0.5483205413043478,0.0119,0.9985,True
1282,tail_tip,609.9639999999999,156.0,-0.0923933478260871,-0.6275217391304349,-0.015,0.9677,True
1282,withers,770.542,239.384,0.3486606547826087,-0.3221496034782607,0.3668000000000002,0.8744,True
1283,occipital_protuberance,803.7920000000001,255.11400000000003,0.4508196765217395,-0.288687314347826,0.2383000000000001,0.9806,True
1283,tail_base,667.894,195.158,0.0928203169565217,-0.5485296726086957,0.0090999999999999,0.9956,True
1283,tail_tip,610.2379999999999,156.358,-0.0913952200000001,-0.6253580199999998,-0.0101999999999998,0.9728,True
1283,withers,771.1659999999999,240.144,0.3487589882608694,-0.3186866817391304,0.3748000000000002,0.9196,True
1284,occipital_protuberance,803.1980000000001,257.644,0.4513134256521742,-0.2830588426086956,0.2208000000000002,0.9723,True
1284,tail_base,668.008,195.578,0.0930718017391305,-0.5463814547826087,0.0133000000000001,0.9961,True
1284,tail_tip,610.446,157.702,-0.0906793817391303,-0.6207030373913043,-0.0108000000000001,0.964,True
1284,withers,771.9,241.762,0.3508253260869564,-0.3144873760869565,0.371,0.9284,True
1285,occipital_protuberance,802.668,260.284,0.4519695017391305,-0.2770587382608696,0.2088000000000001,0.9455,True
1285,tail_base,668.2099999999999,196.22,0.0937859847826084,-0.5444972913043479,0.0154,1.0,True
1285,tail_tip,610.314,159.62600000000003,-0.0910843921739131,-0.6147997034782607,-0.0108000000000001,0.9527,True
1285,withers,772.914,243.868,0.3548803799999999,-0.31007244,0.3555999999999999,0.9115,True
1286,occipital_protuberance,801.2760000000001,264.322,0.4520285800000001,-0.268168794347826,0.1864000000000001,0.8568,True
1286,tail_base,668.5440000000001,197.256,0.0946357704347829,-0.5395671182608696,0.0238000000000001,1.0,True
1286,tail_tip,609.638,161.794,-0.0930793313043477,-0.6076306547826087,-0.0084,0.9812,True
1286,withers,773.37,245.668,0.3585913391304347,-0.3074039513043478,0.3384000000000001,0.9176,True
1287,occipital_protuberance,799.9959999999999,268.70200000000006,0.4541103860869561,-0.259127540869565,0.1648000000000001,0.8156,True
1287,tail_base,669.0060000000001,198.506,0.0963440595652176,-0.5364058317391305,0.0181999999999998,0.9964,True
1287,tail_tip,609.0540000000001,164.142,-0.0948293078260866,-0.6001770365217391,-0.0071999999999998,0.9648,True
1287,withers,773.762,248.14,0.3601978030434781,-0.3012195260869565,0.3285999999999999,0.8729,True
1288,occipital_protuberance,798.6859999999999,273.42,0.4539799478260867,-0.2476940869565217,0.156,0.9158,True
1288,tail_base,669.688,199.97,0.0984286278260869,-0.5305690282608696,0.0238000000000001,0.9544,True
1288,tail_tip,608.342,166.108,-0.0971762956521739,-0.5951641391304346,-0.006,0.9439,True
1288,withers,774.376,250.83,0.3645387182608695,-0.2961592239130434,0.3101999999999998,0.9171,True
1289,occipital_protuberance,797.4100000000001,278.394,0.4533750195652177,-0.2350430204347826,0.1471999999999998,0.8691,True
1289,tail_base,670.596,201.552,0.1012528060869565,-0.5243595443478261,0.0294,0.928,True
1289,tail_tip,607.898,167.516,-0.0985810547826086,-0.5910932573913042,0.0018000000000001,0.9262,True
1289,withers,774.722,253.156,0.365360206521739,-0.2897562826086957,0.317,0.9117,True
1290,occipital_protuberance,795.518,284.47200000000004,0.4522192973913044,-0.219622288695652,0.1278000000000002,0.8516,True
1290,tail_base,671.716,203.31,0.1047662217391304,-0.5175879456521739,0.035,0.9454,True
1290,tail_tip,607.6560000000001,168.454,-0.099408580869565,-0.5887124669565217,-0.0005999999999999,0.9321,True
1290,withers,774.778,255.57,0.3675044465217392,-0.2847533673913043,0.3064000000000001,0.8621,True
1291,occipital_protuberance,794.2839999999999,289.746,0.4517837999999996,-0.2057220391304348,0.115,0.83,True
1291,tail_base,673.426,205.154,0.1104147978260871,-0.5114967326086957,0.035,0.9412,True
1291,tail_tip,608.2760000000001,169.362,-0.0977099199999998,-0.58716504,0.0024,0.9357,True
1291,withers,774.8620000000001,258.554,0.3695805156521741,-0.2780061469565218,0.2968000000000002,0.867,True
1292,occipital_protuberance,792.7139999999999,294.854,0.4480827952173911,-0.1911468613043478,0.1125999999999999,0.8487,True
1292,tail_base,675.3,206.986,0.1163902391304346,-0.5045137691304347,0.0405999999999999,0.9348,True
1292,tail_tip,609.348,170.44,-0.095027863478261,-0.5876772086956521,0.0053000000000001,0.9307,True
1292,withers,775.016,261.564,0.3697090295652172,-0.2695434469565216,0.3048000000000002,0.8823,True
1293,occipital_protuberance,791.0899999999999,300.374,0.4460768021739127,-0.1760392839130433,0.0988000000000001,0.937,True
1293,tail_base,677.5360000000001,208.758,0.1238198400000002,-0.498901327826087,0.0321999999999998,0.962,True
1293,tail_tip,610.638,171.788,-0.0919668904347825,-0.589512716521739,0.0104,0.911,True
1293,withers,774.78,265.218,0.3682423999999998,-0.258960907826087,0.3164,0.8317,True
1294,occipital_protuberance,789.436,305.97799999999995,0.4446370721739131,-0.1607389378260871,0.0895999999999999,0.8789,True
1294,tail_base,680.1400000000001,210.542,0.1325928913043481,-0.4936987630434783,0.028,0.9541,True
1294,tail_tip,612.576,173.628,-0.0871844730434782,-0.5925008973913044,0.0381999999999998,0.8902,True
1294,withers,774.9399999999999,269.4599999999999,0.3702049565217389,-0.2483945217391306,0.306,0.8686,True
1295,occipital_protuberance,787.954,311.21,0.4431865578260868,-0.1461472630434783,0.0741999999999998,0.9275,True
1295,tail_base,682.976,212.136,0.1420263373913043,-0.4886583756521738,0.0230999999999999,1.0,True
1295,tail_tip,614.9,176.084,-0.0809093043478261,-0.5928492278260868,0.0489,0.8387,True
1295,withers,775.126,273.684,0.3691289817391303,-0.2357927947826086,0.3138000000000002,0.8608,True
1296,occipital_protuberance,786.59,316.67,0.4398337347826088,-0.1300088391304349,0.0575999999999999,0.9963,True
1296,tail_base,685.7660000000001,213.642,0.151037749130435,-0.4830132169565218,0.0203000000000001,0.9808,True
1296,tail_tip,617.422,179.36,-0.0737515278260868,-0.5900644869565216,0.0478000000000001,0.9181,True
1296,withers,775.5020000000001,278.48,0.3688600095652176,-0.2219116173913043,0.3195999999999999,0.8015,True
1297,occipital_protuberance,785.146,322.454,0.4402972356521738,-0.1138949747826087,0.0271999999999998,0.9554,True
1297,tail_base,688.708,215.146,0.1605246260869564,-0.4773884,0.021,0.9357,True
1297,tail_tip,620.25,183.81600000000003,-0.0652136413043478,-0.5817519078260869,0.0291999999999998,0.8833,True
1297,withers,775.378,282.96399999999994,0.3690816300000001,-0.2100235817391305,0.3098000000000002,0.8757,True
1298,occipital_protuberance,783.862,327.652,0.4386227282608694,-0.0986262391304348,0.025,0.9068,True
1298,tail_base,692.076,216.79,0.1703224826086957,-0.468390097826087,0.0405,0.9732,True
1298,tail_tip,623.53,189.748,-0.0547305260869566,-0.5657547982608695,0.0308000000000001,0.9806,True
1298,withers,775.436,287.044,0.3703585747826088,-0.19950294,0.3021999999999998,0.8653,True
1299,occipital_protuberance,782.914,333.05600000000004,0.4374100447826087,-0.0824662121739129,0.0261999999999998,0.9534,True
1299,tail_base,695.55,218.374,0.1799819999999998,-0.4588682400000001,0.0581999999999998,0.9794,True
1299,tail_tip,626.6080000000001,196.516,-0.0445633356521737,-0.5440107799999999,0.0415999999999999,1.0,True
1299,withers,775.2760000000001,291.0559999999999,0.3709503182608697,-0.1890564382608698,0.2951999999999998,0.936,True
1300,occipital_protuberance,782.492,338.10600000000005,0.4368618860869563,-0.0671241482608694,0.0334,0.9439,True
1300,tail_base,698.992,219.884,0.1893386713043477,-0.4497114399999999,0.0756999999999998,0.9483,True
1300,tail_tip,629.656,204.13,-0.0344365252173914,-0.5189115608695651,0.0251999999999998,0.96,True
1300,withers,775.2760000000001,295.44800000000004,0.3743322182608697,-0.1786266104347825,0.2781999999999998,0.9155,True
1301,occipital_protuberance,782.216,342.534,0.4332332191304348,-0.0532067517391304,0.0514,0.8992,True
1301,tail_base,702.328,221.242,0.197999796521739,-0.4407979682608695,0.0884,0.9227,True
1301,tail_tip,632.152,211.91,-0.026150900869565,-0.4934616347826087,0.0224,0.9762,True
1301,withers,775.798,300.226,0.3807362621739131,-0.1675881039130435,0.2535999999999999,0.9426,True
1302,occipital_protuberance,782.2360000000001,346.33000000000004,0.4284395686956525,-0.0411764173913042,0.0768000000000001,0.9227,True
1302,tail_base,705.676,222.61,0.2062940269565219,-0.4315539369565218,0.0941999999999998,0.9414,True
1302,tail_tip,634.4280000000001,218.004,-0.0185159982608691,-0.4718588817391305,0.0238000000000001,0.9862,True
1302,withers,776.876,305.322,0.3887575956521739,-0.1552974065217391,0.223,0.8841,True
1303,occipital_protuberance,782.512,349.674,0.4244688939130433,-0.0307557665217391,0.1078000000000001,0.8977,True
1303,tail_base,708.75,223.722,0.2145298913043478,-0.4252466113043479,0.0921999999999998,0.9473,True
1303,tail_tip,636.586,222.154,-0.0113396752173912,-0.4578584856521739,0.0181999999999998,0.9943,True
1303,withers,778.302,310.66,0.3975581186956522,-0.141831047826087,0.1914000000000001,0.9402,True
1304,occipital_protuberance,782.426,352.64,0.421488073478261,-0.0217808,0.1254000000000001,0.8524,True
1304,tail_base,711.74,224.89,0.2228930608695652,-0.4197808956521739,0.0950999999999999,0.9275,True
1304,tail_tip,639.0699999999999,224.858,-0.0030904304347828,-0.4490827417391304,0.0168000000000001,0.9705,True
1304,withers,779.948,315.76,0.4054536947826086,-0.1281709739130435,0.1585999999999999,1.0,True
1305,occipital_protuberance,781.988,355.424,0.4188954669565218,-0.0135001947826087,0.1338000000000001,0.8621,True
1305,tail_base,714.6560000000001,226.286,0.2316445843478262,-0.4148912873913044,0.0954000000000001,0.9973,True
1305,tail_tip,641.508,226.104,0.0050180339130436,-0.4455534939130435,0.0125999999999999,0.9483,True
1305,withers,781.6479999999999,320.458,0.4126883686956519,-0.1152047573913044,0.1375999999999999,0.9338,True
1306,occipital_protuberance,782.066,358.278,0.4239125904347826,-0.0051382982608695,0.1028000000000001,0.8169,True
1306,tail_base,717.54,228.008,0.2403739999999998,-0.4091752,0.082,1.0,True
1306,tail_tip,644.568,226.304,0.0152074678260869,-0.4450914226086956,0.0076999999999998,0.9962,True
1306,withers,783.208,324.12,0.4170777339130434,-0.1044966,0.1445999999999999,0.9507,True
1307,occipital_protuberance,782.068,361.5220000000001,0.4280261765217391,0.0045855213043479,0.0761999999999998,0.8549,True
1307,tail_base,720.448,229.958,0.2510677147826086,-0.40584412,0.0468000000000001,0.9419,True
1307,tail_tip,647.684,226.798,0.0254891643478259,-0.4418541995652174,0.0186999999999998,0.9625,True
1307,withers,784.798,327.708,0.4225583373913044,-0.0942364800000001,0.1451999999999998,0.8734,True
1308,occipital_protuberance,782.438,365.338,0.4343120408695651,0.0162762582608694,0.0488000000000001,0.935,True
1308,tail_base,723.3040000000001,232.4,0.2604336573913046,-0.3989164347826087,0.0383000000000001,0.9284,True
1308,tail_tip,651.074,228.168,0.0367512356521737,-0.4375102852173914,0.0173000000000001,1.0,True
1308,withers,786.338,331.0,0.4270524591304347,-0.0846295652173913,0.1511999999999998,0.9593,True
1309,occipital_protuberance,783.4040000000001,369.118,0.4411543486956524,0.0280497430434782,0.0273000000000001,0.9,True
1309,tail_base,726.398,235.458,0.2702191360869566,-0.389518642173913,0.0335999999999999,0.9721,True
1309,tail_tip,654.214,230.504,0.0471503100000001,-0.4295607530434783,0.0186999999999998,0.9922,True
1309,withers,787.874,333.558,0.4310205634782609,-0.0770726817391304,0.1544000000000001,0.9923,True
1310,occipital_protuberance,784.9559999999999,373.062,0.4476304304347823,0.0403360239130435,0.023,0.9241,True
1310,tail_base,729.528,238.926,0.2794052104347826,-0.3778561617391305,0.0268000000000001,0.9165,True
1310,tail_tip,657.4780000000001,233.604,0.0580307595652176,-0.4196621973913044,0.0124,0.9594,True
1310,withers,789.34,335.722,0.4321769739130435,-0.0702584208695652,0.1795999999999999,0.9727,True
1311,occipital_protuberance,786.366,377.066,0.4527482204347826,0.0527895899999999,0.0211999999999998,0.9413,True
1311,tail_base,732.8040000000001,242.758,0.2891449843478264,-0.3652852921739131,0.0225999999999999,0.9891,True
1311,tail_tip,660.822,236.93400000000003,0.0691969378260869,-0.4089804221739129,0.0095999999999999,0.9701,True
1311,withers,790.7740000000001,338.45,0.4359662986956524,-0.0623122934782608,0.1818000000000001,0.9612,True
1312,occipital_protuberance,788.108,381.468,0.4585230495652172,0.066462127826087,0.0188000000000001,0.985,True
1312,tail_base,736.0240000000001,246.866,0.2967767843478264,-0.3496578430434783,0.0205999999999999,0.9217,True
1312,tail_tip,663.9680000000001,240.036,0.0801208556521741,-0.4010187886956523,-0.0084,0.9482,True
1312,withers,792.0020000000001,341.312,0.438790121304348,-0.0539473808695651,0.1861999999999998,0.9467,True
1313,occipital_protuberance,789.8799999999999,385.704,0.4650189913043475,0.0797494539130435,0.0125999999999999,0.9174,True
1313,tail_base,739.096,250.988,0.3054741913043478,-0.3360413391304347,0.0215,0.9713,True
1313,tail_tip,666.65,242.332,0.0886807717391303,-0.3915530599999999,0.0055999999999999,1.0,True
1313,withers,793.376,344.678,0.4425897878260869,-0.0442139626086956,0.1871999999999998,0.9198,True
1314,occipital_protuberance,792.0039999999999,389.778,0.4718071982608692,0.0924283226086955,0.0174,0.8784,True
1314,tail_base,741.8059999999999,254.64,0.3135624799999998,-0.3245088000000001,0.0204,0.9166,True
1314,tail_tip,669.294,243.57,0.097708226521739,-0.3883446717391304,-0.0015999999999999,0.9744,True
1314,withers,794.6780000000001,349.086,0.445977024782609,-0.0314679091304347,0.1894000000000001,1.0,True
1315,occipital_protuberance,794.08,393.74,0.4801266782608697,0.1051367739130435,0.0121999999999998,0.9663,True
1315,tail_base,744.588,257.87600000000003,0.3210396869565216,-0.3134762782608694,0.03,0.9703,True
1315,tail_tip,672.454,243.356,0.1080012678260868,-0.3881709460869565,0.0019,0.936,True
1315,withers,795.846,353.95,0.4507676152173913,-0.0174989673913043,0.181,0.9753,True
1316,occipital_protuberance,796.2819999999999,397.742,0.4865806095652172,0.1175088965217392,0.0305999999999999,0.9263,True
1316,tail_base,747.402,260.47799999999995,0.3284166373913044,-0.3043209678260871,0.0378000000000001,1.0,True
1316,tail_tip,675.882,242.158,0.1191360404347824,-0.3912610578260869,0.0089,0.9868,True
1316,withers,796.72,358.352,0.4529208000000001,-0.00476272,0.1831999999999998,0.9493,True
1317,occipital_protuberance,798.71,401.246,0.4945541608695653,0.1285261226086956,0.0511999999999998,0.8834,True
1317,tail_base,750.2760000000001,262.572,0.3352150669565219,-0.2961599399999999,0.0454,0.9696,True
1317,tail_tip,680.3700000000001,240.328,0.1337914456521743,-0.3966086173913044,0.004,0.9433,True
1317,withers,797.728,362.586,0.4551138573913041,0.0074617343478259,0.1934000000000001,1.0,True
1318,occipital_protuberance,800.912,404.592,0.5009960139130436,0.1388362226086956,0.0665999999999999,0.9499,True
1318,tail_base,753.2760000000001,264.174,0.3423151469565219,-0.2895820056521739,0.0618000000000001,0.9147,True
1318,tail_tip,685.636,237.84,0.1515908869565216,-0.4057836521739131,-0.0065,0.9809,True
1318,withers,798.4680000000001,366.202,0.4564911886956523,0.0178658047826086,0.2038000000000001,0.9829,True
1319,occipital_protuberance,802.76,407.614,0.5058651565217391,0.1479863821739131,0.0585999999999999,0.8868,True
1319,tail_base,756.556,265.598,0.3485784547826088,-0.2823235465217392,0.0845999999999999,0.9852,True
1319,tail_tip,691.696,234.848,0.1710013773913044,-0.4139810504347825,-0.0076999999999998,1.0,True
1319,withers,799.174,369.436,0.4585249291304347,0.0271818339130435,0.2108000000000001,0.9386,True
1320,occipital_protuberance,804.318,410.296,0.5096001278260869,0.1559832034782608,0.0648000000000001,0.9282,True
1320,tail_base,759.86,267.398,0.3553588434782608,-0.2745447991304346,0.1084000000000001,0.9379,True
1320,tail_tip,698.082,231.84,0.1909130086956521,-0.421256347826087,-0.0095,0.953,True
1320,withers,800.298,372.1940000000001,0.4621461034782608,0.0351558321739132,0.2115999999999999,0.9275,True
1321,occipital_protuberance,805.478,412.724,0.5149963147826085,0.1640862573913043,0.0548000000000001,0.9367,True
1321,tail_base,763.272,269.63,0.3631968295652175,-0.2662575239130434,0.1254000000000001,0.964,True
1321,tail_tip,704.7520000000001,229.066,0.2115841982608697,-0.4278410769565218,-0.0156999999999998,0.9721,True
1321,withers,801.65,374.842,0.4664305326086955,0.0428256230434782,0.2124000000000001,0.8929,True
1322,occipital_protuberance,806.4860000000001,415.002,0.5211373726086961,0.1721682169565216,0.0541999999999998,0.9207,True
1322,tail_base,766.618,272.14,0.3706053808695654,-0.2571624,0.1431999999999998,0.9438,True
1322,tail_tip,711.318,226.792,0.2308532652173912,-0.4311885043478261,-0.015,0.9704,True
1322,withers,802.606,377.354,0.4688001678260869,0.0500323365217392,0.2115999999999999,0.9482,True
1323,occipital_protuberance,807.406,417.698,0.527510863043478,0.1818114152173914,0.0545,0.8484,True
1323,tail_base,769.804,275.18600000000004,0.3759518895652173,-0.2456471569565216,0.1684,0.9923,True
1323,tail_tip,717.6700000000001,225.554,0.2489323500000002,-0.4308994299999999,-0.0240999999999999,0.9236,True
1323,withers,803.3679999999999,380.284,0.4717783721739129,0.058576664347826,0.2071999999999998,0.9967,True
1324,occipital_protuberance,807.914,420.822,0.5328349256521738,0.1930040726086956,0.0575999999999999,0.9204,True
1324,tail_base,772.7139999999999,278.6,0.3828221882608694,-0.2348036086956521,0.1761999999999998,0.9733,True
1324,tail_tip,723.682,225.61,0.2656357747826087,-0.4266006043478261,-0.0254,0.9728,True
1324,withers,804.144,383.306,0.4751611965217391,0.0674658034782608,0.2038000000000001,0.9514,True
1325,occipital_protuberance,808.062,424.29,0.5342179486956522,0.2043583434782607,0.0525999999999999,0.9004,True
1325,tail_base,775.6139999999999,282.258,0.3881213717391302,-0.2224942239130435,0.188,0.9331,True
1325,tail_tip,729.3120000000001,226.864,0.281643450434783,-0.4198414817391305,-0.0216999999999998,0.9857,True
1325,withers,804.442,386.578,0.475809352173913,0.0769028652173912,0.214,0.977,True
1326,occipital_protuberance,807.774,428.20200000000006,0.5330836486956522,0.2167044417391306,0.0608000000000001,0.927,True
1326,tail_base,778.324,285.99,0.3922688217391303,-0.2098827065217391,0.203,0.94,True
1326,tail_tip,734.55,229.47600000000003,0.2961881521739128,-0.4088806173913042,-0.015,0.936,True
1326,withers,804.368,390.6,0.4769530573913044,0.0887932173913044,0.2094,0.9564,True
1327,occipital_protuberance,806.418,432.236,0.5269300369565217,0.2287211608695651,0.071,0.8971,True
1327,tail_base,781.186,289.934,0.3953821852173914,-0.1962152634782608,0.2265999999999999,1.0,True
1327,tail_tip,738.818,233.108,0.3082262313043478,-0.3957926991304347,-0.0055999999999999,0.9374,True
1327,withers,804.644,394.812,0.4773602234782609,0.1009320965217391,0.2275999999999999,0.9672,True
1328,occipital_protuberance,804.298,436.046,0.5195031326086956,0.2404541456521738,0.085,0.9708,True
1328,tail_base,784.092,293.59000000000003,0.4016407878260869,-0.185110656521739,0.2415999999999999,0.9661,True
1328,tail_tip,742.17,237.34,0.3175710130434781,-0.3812592782608696,-0.0055999999999999,0.9592,True
1328,withers,804.75,398.756,0.4788136413043479,0.1126367313043477,0.2441999999999998,0.9524,True
1329,occipital_protuberance,801.548,439.668,0.5081035791304347,0.2505731791304348,0.0969000000000001,0.8998,True
1329,tail_base,786.838,297.24,0.4059113060869563,-0.1734904695652173,0.2688000000000002,0.9686,True
1329,tail_tip,744.3,242.192,0.3234887173913042,-0.3653840730434782,-0.0024,0.9825,True
1329,withers,804.63,402.636,0.4782859391304347,0.1238668486956521,0.2516999999999998,0.9638,True
1330,occipital_protuberance,797.706,443.596,0.4968767517391305,0.2633819191304348,0.0919,0.9823,True
1330,tail_base,789.336,300.66400000000004,0.4111934295652173,-0.1633803860869563,0.2848000000000001,0.9599,True
1330,tail_tip,745.0459999999999,247.828,0.3258024526086955,-0.3479038965217392,-0.0084,0.9157,True
1330,withers,804.382,406.492,0.4783516199999998,0.13529172,0.2408000000000001,0.9256,True
1331,occipital_protuberance,792.972,447.186,0.4830257173913042,0.2752992717391303,0.079,0.9516,True
1331,tail_base,791.62,303.79200000000003,0.4158343304347826,-0.1541565495652173,0.3008000000000002,0.8909,True
1331,tail_tip,744.838,253.458,0.3252940813043477,-0.3305812969565217,-0.0005999999999999,0.9796,True
1331,withers,803.9219999999999,409.744,0.4766210326086953,0.1446360869565216,0.243,0.9591,True
1332,occipital_protuberance,787.932,449.99799999999993,0.4681404617391305,0.2848045404347823,0.0685999999999999,0.9541,True
1332,tail_base,793.454,306.488,0.4223320956521738,-0.1472743304347826,0.292,1.0,True
1332,tail_tip,744.494,259.72200000000004,0.3247946113043479,-0.3116901834782607,-0.0055999999999999,0.9852,True
1332,withers,802.836,412.738,0.4746315408695652,0.1537198052173913,0.2364,0.9729,True
1333,occipital_protuberance,782.324,451.936,0.4522499799999999,0.2921366330434782,0.0565999999999999,0.898,True
1333,tail_base,794.888,309.236,0.4297131860869566,-0.1408369930434782,0.2775999999999999,1.0,True
1333,tail_tip,744.1139999999999,266.958,0.3234776713043475,-0.2890774486956523,-0.0044,0.9545,True
1333,withers,801.4259999999999,415.814,0.4695741969565215,0.1623580726086955,0.2383000000000001,0.9194,True
1334,occipital_protuberance,776.234,453.084,0.4361857286956522,0.2980306852173913,0.0449,0.8587,True
1334,tail_base,796.108,311.564,0.4365254791304346,-0.1354417973913044,0.2574000000000001,0.9835,True
1334,tail_tip,743.2639999999999,274.848,0.320544925217391,-0.2643229147826086,0.0051999999999998,0.9416,True
1334,withers,799.564,418.608,0.4636027956521738,0.1702817217391304,0.238,0.8789,True
1335,occipital_protuberance,770.5260000000001,452.584,0.4199815926086959,0.2978990834782609,0.0203000000000001,0.8665,True
1335,tail_base,797.0699999999999,313.778,0.4448495565217389,-0.1309087426086957,0.2244000000000001,0.9764,True
1335,tail_tip,742.644,283.512,0.3181964,-0.2371128,0.009,0.9542,True
1335,withers,797.222,421.168,0.4562514082608696,0.1775068765217392,0.2346999999999998,0.9262,True
1336,occipital_protuberance,765.07,451.278,0.4029429130434784,0.294073904347826,0.013,0.9321,True
1336,tail_base,797.92,316.07,0.4525437913043477,-0.1258881,0.1935999999999999,0.9529,True
1336,tail_tip,741.846,292.89399999999995,0.3155897573913043,-0.2079410704347827,0.0411999999999998,0.9861,True
1336,withers,794.504,423.436,0.4474570191304349,0.1837161721739131,0.2335999999999999,0.9429,True
1337,occipital_protuberance,759.558,449.422,0.3856785134782608,0.2884637082608696,0.0121999999999998,0.8602,True
1337,tail_base,799.0400000000001,318.424,0.4598676173913045,-0.120217907826087,0.1698000000000001,0.9234,True
1337,tail_tip,740.7280000000001,301.77,0.3128042347826089,-0.1808294673913044,0.0675,0.9567,True
1337,withers,791.3720000000001,425.208,0.4381890330434784,0.1887629843478259,0.2348000000000001,0.9375,True
1338,occipital_protuberance,754.316,447.234,0.3676004939130435,0.2805142017391305,0.0185999999999999,0.9014,True
1338,tail_base,800.4379999999999,320.622,0.4646423991304344,-0.1140421121739131,0.1655999999999999,0.9304,True
1338,tail_tip,739.3979999999999,309.198,0.3094735121739128,-0.1581709226086957,0.0600999999999999,0.9657,True
1338,withers,787.952,426.326,0.4274204626086957,0.1916100465217392,0.2466999999999998,1.0,True
1339,occipital_protuberance,749.508,444.852,0.3526157600000001,0.2732234400000001,0.0075999999999999,0.972,True
1339,tail_base,801.894,322.804,0.4701612926086957,-0.1080220356521739,0.1581999999999998,0.9628,True
1339,tail_tip,738.958,314.362,0.309480388695652,-0.1427278843478261,0.0338000000000001,0.9988,True
1339,withers,784.414,427.154,0.4180471356521739,0.1943962313043478,0.2478000000000002,0.9497,True
1340,occipital_protuberance,744.8340000000001,442.566,0.3375654800000002,0.2658625199999999,-0.0084,0.942,True
1340,tail_base,803.382,324.852,0.4739143534782608,-0.1019521226086957,0.1674000000000001,0.9877,True
1340,tail_tip,738.918,316.51,0.3112691413043478,-0.1368516847826087,0.0095,0.9355,True
1340,withers,780.658,427.866,0.4090090017391304,0.1973425252173912,0.2558000000000002,0.9995,True
1341,occipital_protuberance,739.814,439.75,0.3227030017391303,0.2578352173913044,-0.0144,0.9227,True
1341,tail_base,804.86,326.684,0.4766604347826088,-0.096326695652174,0.176,0.9672,True
1341,tail_tip,739.372,315.67400000000004,0.3142099434782607,-0.1401568847826085,0.002,0.9742,True
1341,withers,776.884,428.224,0.4010106052173913,0.1998666573913043,0.2418000000000001,1.0,True
1342,occipital_protuberance,735.2059999999999,436.626,0.3087778943478257,0.2485181073913044,-0.0168000000000001,0.9347,True
1342,tail_base,806.1039999999999,328.53200000000004,0.4787045060869563,-0.0906894078260868,0.1845999999999999,0.9557,True
1342,tail_tip,740.566,312.758,0.3185537360869566,-0.14964417,-0.0126999999999998,1.0,True
1342,withers,772.774,428.508,0.3930687678260869,0.2028134660869564,0.2199000000000001,1.0,True
1343,occipital_protuberance,730.624,433.422,0.2932868452173914,0.237615937826087,-0.0144,0.9471,True
1343,tail_base,807.26,330.36,0.4799271173913043,-0.0850474695652173,0.1961999999999998,0.9537,True
1343,tail_tip,742.884,308.466,0.3261870121739131,-0.1633851860869565,-0.0058000000000001,1.0,True
1343,withers,768.886,428.426,0.3866579999999999,0.2052780000000001,0.174,0.9655,True
1344,occipital_protuberance,726.002,430.6,0.2775621069565215,0.2278538260869566,-0.0061999999999998,0.9592,True
1344,tail_base,808.65,332.56000000000006,0.4810557934782607,-0.0782696173913041,0.2118000000000001,0.9202,True
1344,tail_tip,746.1659999999999,304.16400000000004,0.3356922760869563,-0.1765510043478259,0.002,0.9443,True
1344,withers,765.0840000000001,427.948,0.3788413669565219,0.205793812173913,0.1345999999999999,1.0,True
1345,occipital_protuberance,721.2839999999999,428.622,0.26221158173913,0.2213656213043477,-0.0048000000000001,0.9276,True
1345,tail_base,810.288,334.682,0.4807674469565217,-0.0714793186956521,0.2385999999999999,0.937,True
1345,tail_tip,750.828,300.078,0.3479999199999999,-0.18815508,-0.0063000000000001,0.9723,True
1345,withers,761.374,426.768,0.3688186460869566,0.2028876313043479,0.1189,0.9605,True
1346,occipital_protuberance,717.702,427.844,0.250436924347826,0.2186641617391302,-0.0021999999999998,0.9648,True
1346,tail_base,812.21,336.854,0.4824126217391305,-0.0648389904347826,0.2618000000000002,0.9757,True
1346,tail_tip,757.36,296.212,0.3660866608695653,-0.1989769591304348,-0.0158000000000001,0.9796,True
1346,withers,757.6659999999999,425.31,0.3566814573913042,0.1979744869565216,0.1256999999999998,0.9507,True
1347,occipital_protuberance,715.008,428.0220000000001,0.2419660243478262,0.2194300995652175,-0.0048000000000001,0.9372,True
1347,tail_base,814.436,339.3,0.4832256408695653,-0.0573434999999999,0.2934000000000001,0.9978,True
1347,tail_tip,764.918,292.256,0.3858065273913044,-0.2092258713043479,-0.0054,0.9875,True
1347,withers,754.4619999999999,423.82,0.3438338947826083,0.1917097304347825,0.1544000000000001,0.9504,True
1348,occipital_protuberance,713.164,428.814,0.2380533886956521,0.2238998126086955,-0.0304,0.8971,True
1348,tail_base,816.58,341.83000000000004,0.4860940304347827,-0.0500188499999998,0.3154,0.964,True
1348,tail_tip,773.41,288.64199999999994,0.4102357499999999,-0.2194258500000002,-0.005,0.9312,True
1348,withers,751.134,422.798,0.331300117826087,0.187206298695652,0.1754,0.9441,True
1349,occipital_protuberance,712.4739999999999,430.24,0.2361391982608693,0.2288602434782607,-0.0345999999999999,0.8613,True
1349,tail_base,818.3999999999999,343.826,0.4873034782608691,-0.0441796326086955,0.335,0.9645,True
1349,tail_tip,782.5240000000001,284.972,0.4363713078260873,-0.2297161634782609,-0.0108000000000001,0.9796,True
1349,withers,747.866,422.134,0.3182046999999999,0.1832953,0.204,0.9844,True
1350,occipital_protuberance,712.7320000000001,431.552,0.2372960556521741,0.2334461773913044,-0.0385999999999999,0.8398,True
1350,tail_base,819.948,345.46,0.4891064878260869,-0.0395203521739131,0.3534000000000001,1.0,True
1350,tail_tip,791.374,281.53200000000004,0.4616907,-0.2393273999999998,-0.006,0.9135,True
1350,withers,745.14,422.068,0.3091115999999999,0.1824799200000001,0.2191999999999998,0.9375,True
1351,occipital_protuberance,713.082,432.936,0.2381043334782608,0.2376286591304347,-0.0344,0.8555,True
1351,tail_base,821.132,346.982,0.4911827321739129,-0.0353014199999999,0.3591999999999998,1.0,True
1351,tail_tip,800.742,279.934,0.4894244460869563,-0.2437835643478259,-0.0011999999999998,0.8819,True
1351,withers,742.794,422.536,0.3010970339130435,0.183176100869565,0.2361999999999998,0.9436,True
1352,occipital_protuberance,713.142,434.532,0.2373457900000002,0.2418563399999999,-0.0224,0.7562,True
1352,tail_base,821.872,348.086,0.493347568695652,-0.0323180200000001,0.3654000000000001,0.9827,True
1352,tail_tip,809.9,282.54400000000004,0.5195246521739129,-0.2368469773913042,-0.0011999999999998,0.8389,True
1352,withers,740.598,423.424,0.2958893347826086,0.1865492869565216,0.228,0.942,True
1353,occipital_protuberance,713.018,436.27,0.2352132008695653,0.2456888826086956,0.0064,0.5486,True
1353,tail_base,822.652,348.79200000000003,0.4932398139130436,-0.0302664730434781,0.3765999999999999,0.9599,True
1353,tail_tip,817.604,286.194,0.5433138017391306,-0.2257821808695651,0.0095999999999999,0.7684,True
1353,withers,738.586,424.352,0.2905715191304348,0.1896705252173914,0.2289000000000001,0.8997,True
1354,occipital_protuberance,713.108,438.458,0.2362659843478259,0.253555788695652,-0.0031999999999998,0.5343,True
1354,tail_base,823.702,349.706,0.4949570843478261,-0.027735616521739,0.3821999999999998,0.9467,True
1354,tail_tip,823.7439999999999,289.966,0.5628158608695649,-0.2145171869565217,0.012,0.7251,True
1354,withers,737.3720000000001,424.91,0.2887714834782611,0.1925004826086957,0.2120999999999999,0.8325,True
1355,occipital_protuberance,714.258,441.086,0.2402084869565218,0.2622955826086955,-0.006,0.5149,True
1355,tail_base,824.854,350.716,0.4982619013043479,-0.0250244165217391,0.3841999999999998,0.9298,True
1355,tail_tip,828.608,293.79,0.5804206191304346,-0.2037540782608695,0.0048000000000001,0.8052,True
1355,withers,736.922,425.144,0.2870787500000001,0.1929536956521737,0.2185,0.8871,True
1356,occipital_protuberance,716.01,443.174,0.2457766826086956,0.2689413208695651,-0.0048000000000001,0.6894,True
1356,tail_base,826.1600000000001,351.558,0.5014179130434785,-0.0227383434782608,0.389,0.9303,True
1356,tail_tip,831.4159999999999,296.79200000000003,0.5900606260869563,-0.1948455304347825,0.003,0.8257,True
1356,withers,737.0640000000001,425.204,0.2876048521739132,0.1932022869565217,0.2175,0.8354,True
1357,occipital_protuberance,718.2280000000001,445.006,0.2539689026086958,0.2759738269565218,-0.0198000000000001,0.813,True
1357,tail_base,827.5219999999999,352.22200000000004,0.505290258695652,-0.0209583282608694,0.391,0.9592,True
1357,tail_tip,833.108,296.328,0.5950245199999998,-0.1961928104347826,0.0011999999999998,0.8186,True
1357,withers,737.922,424.664,0.2890827739130436,0.1908993739130436,0.2245,0.8838,True
1358,occipital_protuberance,720.9480000000001,446.414,0.263626519130435,0.2814278552173914,-0.0361999999999998,0.7977,True
1358,tail_base,828.7700000000001,352.97799999999995,0.5095969260869568,-0.0189563469565218,0.3864000000000001,0.9595,True
1358,tail_tip,834.854,294.928,0.5993878478260871,-0.2001671304347826,0.006,0.8982,True
1358,withers,739.404,423.834,0.2928528278260869,0.1880605147826087,0.2265999999999999,0.887,True
1359,occipital_protuberance,723.7280000000001,446.96,0.2718065704347828,0.2822986260869566,-0.0265999999999999,0.8329,True
1359,tail_base,829.6719999999999,353.492,0.5137637217391302,-0.0176281913043477,0.378,0.9734,True
1359,tail_tip,835.982,293.652,0.6018351591304346,-0.2037460539130435,0.0048000000000001,0.8857,True
1359,withers,740.6,423.508,0.2965075652173913,0.1871829269565216,0.2224000000000001,0.8508,True
1360,occipital_protuberance,726.006,447.1719999999999,0.2781920160869564,0.2819635191304345,-0.0188000000000001,0.9165,True
1360,tail_base,830.424,353.91,0.5163802121739131,-0.0165144913043479,0.3751999999999998,0.9648,True
1360,tail_tip,836.342,293.738,0.6026845739130434,-0.2033955304347826,0.006,0.8284,True
1360,withers,741.2760000000001,423.508,0.3006576208695654,0.1885359234782608,0.2028000000000001,0.8344,True
1361,occipital_protuberance,727.982,447.276,0.2854824634782608,0.2831916469565217,-0.0281999999999998,0.8187,True
1361,tail_base,831.04,354.15400000000005,0.5161402434782607,-0.0157943669565215,0.3814000000000001,0.9619,True
1361,tail_tip,834.798,293.356,0.5976910808695652,-0.2044811773913043,0.0101999999999998,0.8529,True
1361,withers,741.7639999999999,423.568,0.3055574713043475,0.1908698295652175,0.1715999999999999,0.672,True
1362,occipital_protuberance,730.107,447.476,0.2927889845652173,0.2842399504347826,-0.0359,0.8388,True
1362,tail_base,831.5219999999999,354.28000000000003,0.5156938026086955,-0.0154017217391303,0.3898000000000002,0.9619,True
1362,tail_tip,829.118,292.46,0.5792766565217393,-0.2068779565217391,0.018,0.8843,True
1362,withers,742.3,423.73,0.3103693043478259,0.1933512782608696,0.1398000000000001,0.5465,True
1363,occipital_protuberance,732.399,447.848,0.3012006532608696,0.2863653826086955,-0.049,0.7854,True
1363,tail_base,831.79,354.12600000000003,0.5166238891304347,-0.0158227682608694,0.3888000000000002,0.9367,True
1363,tail_tip,822.36,292.42999999999995,0.5588144695652174,-0.2070579826086958,0.0108000000000001,0.8333,True
1363,withers,742.936,423.89,0.3145142347826088,0.1952117282608695,0.12,0.4127,True
1364,occipital_protuberance,734.562,448.11800000000005,0.3083954617391304,0.2873796165217393,-0.0569,0.1485,True
1364,tail_base,831.934,353.814,0.515467964347826,-0.016613444347826,0.3961999999999998,0.9322,True
1364,tail_tip,815.6,292.634,0.5383285217391306,-0.2065207243478262,0.0035999999999999,0.8247,True
1364,withers,743.836,423.68,0.3184604973913044,0.1953037913043478,0.1059,0.0923,True
1365,occipital_protuberance,736.53,448.20200000000006,0.3146668152173912,0.2875193456521741,-0.0555,0.4772,True
1365,tail_base,832.0040000000001,353.33000000000004,0.5148629000000003,-0.0178857499999998,0.4,0.9138,True
1365,tail_tip,809.496,291.966,0.5189525356521739,-0.20830236,-0.0018000000000001,0.9695,True
1365,withers,744.9399999999999,423.27,0.3221201739130432,0.1942113913043477,0.1005,0.2719,True
1366,occipital_protuberance,738.766,448.516,0.3219556891304346,0.2885429173913043,-0.0555,0.1482,True
1366,tail_base,831.816,352.744,0.5154846504347826,-0.0194997113043477,0.3945999999999999,0.9102,True
1366,tail_tip,804.6540000000001,291.712,0.504127594782609,-0.2090800417391305,-0.0048000000000001,0.9881,True
1366,withers,745.954,422.914,0.3239889052173911,0.1923800704347827,0.1113000000000001,0.1472,True
1367,occipital_protuberance,740.6690000000001,448.598,0.3276994795652177,0.2884057504347825,-0.0513000000000001,0.5886,True
1367,tail_base,831.4680000000001,352.014,0.5159230130434784,-0.0215187978260869,0.388,0.8975,True
1367,tail_tip,803.48,292.12800000000004,0.5005331130434784,-0.2078063582608694,-0.0018000000000001,0.967,True
1367,withers,746.7719999999999,422.5799999999999,0.3260724034782606,0.1911138782608693,0.1144,0.4733,True
1368,occipital_protuberance,742.679,448.486,0.3325683523913042,0.2865984595652173,-0.0328000000000001,0.5521,True
1368,tail_base,830.97,351.328,0.5132111173913044,-0.0233050573913044,0.3945999999999999,0.8933,True
1368,tail_tip,802.7479999999999,292.02000000000004,0.4982919199999998,-0.2081370260869564,-0.0018000000000001,0.9812,True
1368,withers,747.45,422.558,0.3278626521739132,0.1908834973913043,0.1168000000000001,0.5513,True
1369,occipital_protuberance,744.64,448.686,0.3390563478260869,0.2873619195652173,-0.031,0.6007,True
1369,tail_base,830.308,350.658,0.5108528660869565,-0.0250771773913043,0.3974000000000001,0.9194,True
1369,tail_tip,802.2280000000001,292.0,0.4962766121739133,-0.2080208695652174,0.0005999999999999,0.9823,True
1369,withers,747.816,422.89,0.3292606886956523,0.1920605913043477,0.1144,0.539,True
1370,occipital_protuberance,746.7320000000001,448.93,0.3461365165217394,0.2884038565217391,-0.0235999999999999,0.5301,True
1370,tail_base,829.494,349.938,0.508297057826087,-0.0269902213043478,0.3991999999999998,0.9419,True
1370,tail_tip,801.508,291.81800000000004,0.4940740382608696,-0.2085776313043477,0.0005999999999999,0.9596,True
1370,withers,748.202,422.8059999999999,0.3297338339130434,0.1913944582608693,0.1144,0.3247,True
1371,occipital_protuberance,748.5,448.876,0.3505965217391305,0.2871854052173914,-0.0028000000000001,0.7083,True
1371,tail_base,828.6299999999999,349.22799999999995,0.5067585956521736,-0.0289392121739131,0.3954000000000001,0.9582,True
1371,tail_tip,800.57,291.63,0.4912045739130436,-0.2091527478260869,0.0005999999999999,0.9119,True
1371,withers,748.988,422.838,0.3314419852173915,0.1910958221739131,0.1201999999999998,0.4185,True
1372,occipital_protuberance,750.39,449.0220000000001,0.3570396565217391,0.2879281121739132,-0.0020999999999999,0.8538,True
1372,tail_base,827.4739999999999,348.456,0.5043865704347824,-0.0310583791304347,0.3918000000000002,0.9666,True
1372,tail_tip,799.896,291.356,0.4901855199999999,-0.210438627826087,-0.0054,0.9017,True
1372,withers,749.932,423.046,0.3331895530434783,0.1910842026086956,0.1295999999999999,0.5105,True
1373,occipital_protuberance,752.236,449.446,0.3650109913043478,0.290893947826087,-0.0185,0.8239,True
1373,tail_base,826.164,347.52,0.5008621008695652,-0.0335766260869565,0.3858000000000002,0.9739,True
1373,tail_tip,799.492,290.742,0.488946996521739,-0.2123209382608695,-0.0054,0.9177,True
1373,withers,751.1800000000001,423.11,0.3348693260869567,0.1900845760869565,0.147,0.4171,True
1374,occipital_protuberance,753.9459999999999,449.666,0.3702501873913041,0.291356022173913,-0.0124,0.854,True
1374,tail_base,824.774,346.28200000000004,0.4958771804347825,-0.0368149369565216,0.392,0.9647,True
1374,tail_tip,799.352,289.52000000000004,0.4887256556521738,-0.2161590956521738,-0.0095999999999999,0.9472,True
1374,withers,752.734,422.564,0.3361433791304348,0.1865495269565218,0.1748000000000001,0.4123,True
1375,occipital_protuberance,755.4,449.946,0.3772325652173912,0.2940256526086957,-0.0304,0.8965,True
1375,tail_base,823.3880000000001,344.942,0.4930745182608699,-0.0404863791304347,0.3839000000000001,0.9673,True
1375,tail_tip,799.644,288.22799999999995,0.4894129756521739,-0.2200279878260871,-0.0084,0.8862,True
1375,withers,753.708,422.916,0.3388992782608694,0.1875170347826087,0.176,0.3659,True
1376,occipital_protuberance,756.864,450.468,0.383212299130435,0.2966563721739131,-0.0368000000000001,0.9161,True
1376,tail_base,821.9619999999999,343.642,0.4875790460869562,-0.0438323278260869,0.3888000000000002,0.9902,True
1376,tail_tip,800.258,286.75800000000004,0.4900410930434783,-0.2239612982608694,-0.0011999999999998,0.9133,True
1376,withers,754.67,422.386,0.341766456521739,0.185937404347826,0.1725,0.4773,True
1377,occipital_protuberance,758.0840000000001,451.192,0.3870331452173915,0.2988916921739131,-0.0354,0.8287,True
1377,tail_base,820.7860000000001,342.296,0.4819125939130436,-0.0471927060869565,0.4015999999999999,1.0,True
1377,tail_tip,801.126,285.012,0.4912241356521738,-0.2286155895652174,0.0041999999999998,0.9461,True
1377,withers,755.3990000000001,421.8440000000001,0.3430737009782612,0.1838581786956523,0.1759,0.4903,True
1378,occipital_protuberance,758.922,451.7099999999999,0.3874788991304349,0.2988151043478258,-0.0175999999999999,0.8663,True
1378,tail_base,819.7879999999999,341.09000000000003,0.4787050921739127,-0.0503499304347825,0.4044000000000001,1.0,True
1378,tail_tip,802.056,283.296,0.4934252904347826,-0.2335470052173913,0.0048000000000001,0.9547,True
1378,withers,755.693,421.32,0.3435201827173912,0.1820737434782608,0.1793000000000001,0.6221,True
1379,occipital_protuberance,759.4480000000001,452.52,0.3886474382608699,0.3010319217391304,-0.0134,0.88,True
1379,tail_base,818.982,340.242,0.4765590295652172,-0.0526078226086956,0.4044000000000001,0.9993,True
1379,tail_tip,803.134,281.87,0.4956436486956522,-0.2373793217391304,0.0078000000000001,0.9674,True
1379,withers,756.0269999999999,421.232,0.3439822201086954,0.1815329130434781,0.1835,0.6398,False
1380,occipital_protuberance,759.4639999999999,453.396,0.3855311043478259,0.3014051347826087,0.011,0.8865,True
1380,tail_base,818.246,339.61400000000003,0.4724681473913043,-0.0540361952173912,0.4094000000000001,0.9797,True
1380,tail_tip,804.3860000000001,280.428,0.4983754686956523,-0.2412415460869565,0.0138000000000001,0.9013,True
1380,withers,756.925,420.74,0.3435180244565216,0.178450158695652,0.2050999999999999,0.6846,True
1381,occipital_protuberance,759.18,454.526,0.3835782391304346,0.3042298760869565,0.016,0.8608,True
1381,tail_base,817.6859999999999,339.13,0.4717177026086955,-0.0554053130434782,0.4055999999999999,0.9623,True
1381,tail_tip,806.5260000000001,279.54799999999994,0.5048633904347828,-0.2439094765217392,0.0138000000000001,0.9117,True
1381,withers,757.3810000000001,420.88,0.3427397611956524,0.1777629826086956,0.2216999999999998,0.7902,True
1382,occipital_protuberance,758.8779999999999,455.50200000000007,0.3815466939130433,0.3065198973913046,0.0171999999999998,0.8486,True
1382,tail_base,817.132,338.908,0.4729039330434781,-0.0563110547826086,0.3888000000000002,0.9492,True
1382,tail_tip,809.944,280.882,0.5165558713043478,-0.2404843208695652,0.0125999999999999,0.8823,True
1382,withers,757.774,421.292,0.3430295765217391,0.1785196121739131,0.2284000000000001,0.8246,True
1383,occipital_protuberance,758.204,456.712,0.3813106860869563,0.3119802973913043,-0.0008000000000001,0.9038,True
1383,tail_base,816.65,338.77000000000004,0.4725003478260869,-0.0567856347826086,0.3841999999999998,0.9409,True
1383,tail_tip,813.712,283.12,0.5293684382608695,-0.2342834434782608,0.0144,0.8358,True
1383,withers,758.04,421.87,0.3432397913043477,0.1799072,0.2328000000000001,0.885,True
1384,occipital_protuberance,757.408,457.628,0.3799680208695652,0.3159539208695652,-0.0139,0.9265,True
1384,tail_base,816.234,338.678,0.4738395895652174,-0.0573283686956521,0.3714,0.9462,True
1384,tail_tip,817.7760000000001,285.97799999999995,0.5436080904347828,-0.2263464026086957,0.0108000000000001,0.7864,True
1384,withers,757.854,422.528,0.342827037826087,0.1818885147826085,0.2348000000000001,0.9249,True
1385,occipital_protuberance,756.7560000000001,458.494,0.3770203530434786,0.3180499730434784,-0.0108000000000001,0.9399,True
1385,tail_base,815.866,338.63,0.4728501495652173,-0.0574574260869565,0.3714,0.9601,True
1385,tail_tip,821.9399999999999,289.848,0.5584766956521737,-0.2153361391304347,0.006,0.839,True
1385,withers,757.298,423.496,0.342178665652174,0.1852288747826086,0.2271999999999998,0.936,True
1386,occipital_protuberance,756.008,459.1060000000001,0.374604963478261,0.3200262008695654,-0.0108000000000001,0.9762,True
1386,tail_base,815.528,338.58399999999995,0.4722847947826087,-0.0576230069565218,0.3665999999999999,0.9657,True
1386,tail_tip,825.5379999999999,293.79200000000003,0.5716990460869562,-0.2040069982608694,0.0011999999999998,0.8316,True
1386,withers,756.8059999999999,424.586,0.3414290165217389,0.1887876860869564,0.2253000000000002,0.9396,True
1387,occipital_protuberance,755.062,459.638,0.3714001252173913,0.321614135652174,-0.0095999999999999,0.9717,True
1387,tail_base,815.346,338.57,0.4689743126086956,-0.0573159326086956,0.3814000000000001,0.968,True
1387,tail_tip,827.3340000000001,296.642,0.5777217660869567,-0.1953905626086956,0.0018000000000001,0.9124,True
1387,withers,756.4,425.33,0.3398120869565216,0.190720993478261,0.2321999999999998,0.9567,True
1388,occipital_protuberance,754.28,460.004,0.3676834782608695,0.3217520000000001,0.0,0.9677,True
1388,tail_base,815.25,338.678,0.4687175543478261,-0.0570270795652173,0.3814000000000001,0.9658,True
1388,tail_tip,828.644,298.996,0.5822538069565217,-0.1882901721739131,0.0024,0.9029,True
1388,withers,755.992,425.934,0.3398817756521738,0.1932009534782609,0.2221999999999998,0.966,True
1389,occipital_protuberance,753.7819999999999,460.3560000000001,0.3641023999999997,0.3211392000000002,0.016,0.9526,True
1389,tail_base,815.22,338.838,0.4666946608695653,-0.0563645269565216,0.3915999999999999,0.967,True
1389,tail_tip,829.5199999999999,300.85,0.5854519999999995,-0.1827220652173912,0.0,0.8715,True
1389,withers,755.618,426.54,0.3408971595652176,0.1961917434782607,0.2054,0.9667,True
1390,occipital_protuberance,753.2059999999999,460.50200000000007,0.3637111899999997,0.3228954473913045,0.0041999999999998,0.9516,True
1390,tail_base,815.226,339.08000000000004,0.4679296052173913,-0.0558654956521738,0.3851999999999998,0.9658,True
1390,tail_tip,830.0360000000001,301.712,0.5875417373913046,-0.1802112904347826,-0.0024,0.8592,True
1390,withers,755.168,426.888,0.3404215860869565,0.197712203478261,0.2015999999999999,0.9836,True
1391,occipital_protuberance,752.72,460.728,0.360409947826087,0.3220668313043476,0.0184,0.9515,True
1391,tail_base,815.202,339.39,0.4694651852173913,-0.0552258391304348,0.3768000000000002,0.9669,True
1391,tail_tip,830.516,302.102,0.5885287739130434,-0.1788544739130435,0.0,0.8297,True
1391,withers,754.716,427.172,0.3392102243478261,0.1986246834782609,0.2005999999999999,0.9824,True
1392,occipital_protuberance,752.566,461.004,0.358180117826087,0.3213903365217392,0.0325999999999999,0.9314,True
1392,tail_base,815.22,339.77,0.4710751608695653,-0.0543879152173913,0.3685999999999999,0.965,True
1392,tail_tip,831.3040000000001,301.778,0.5907134817391307,-0.1797794104347827,0.0011999999999998,0.8255,True
1392,withers,754.316,427.482,0.3391457504347827,0.2002014899999999,0.1915999999999999,0.9796,True
1393,occipital_protuberance,752.5559999999999,461.33600000000007,0.3565333643478258,0.3209927947826089,0.0458000000000001,0.9201,True
1393,tail_base,815.2259999999999,340.17600000000004,0.4716245882608693,-0.0533567269565216,0.3658000000000002,0.9671,True
1393,tail_tip,832.016,301.708,0.5926615582608694,-0.1799195252173914,0.0024,0.7084,True
1393,withers,754.0,427.832,0.3393482608695652,0.2019181686956521,0.1824000000000001,0.9849,True
1394,occipital_protuberance,752.3340000000001,461.58600000000007,0.3553417465217393,0.3213430186956523,0.0498000000000001,0.9208,True
1394,tail_base,815.22,340.602,0.471113252173913,-0.0521553182608696,0.3684000000000001,0.9623,True
1394,tail_tip,832.7860000000001,301.45199999999994,0.5945352600000002,-0.1805569408695654,0.0048000000000001,0.6345,True
1394,withers,753.828,428.0820000000001,0.3382671217391303,0.202321943478261,0.197,0.9852,True
1395,occipital_protuberance,752.242,461.922,0.3536111008695651,0.3210986139130435,0.0615999999999999,0.909,True
1395,tail_base,815.2679999999999,341.044,0.471051800869565,-0.0509463104347826,0.3694000000000001,0.9523,True
1395,tail_tip,833.2760000000001,302.07800000000003,0.5955421791304351,-0.1784753104347825,0.0071999999999998,0.4686,True
1395,withers,753.8340000000001,428.312,0.3382849521739132,0.2030054434782608,0.2,0.9715,True
1396,occipital_protuberance,752.178,462.21400000000006,0.3532387673913043,0.3218629978260871,0.063,0.8909,True
1396,tail_base,815.366,341.594,0.4700571260869565,-0.0493360826086956,0.376,0.9503,True
1396,tail_tip,833.2540000000001,303.06000000000006,0.5965246839130439,-0.1757589260869563,0.0021999999999998,0.5003,True
1396,withers,753.8340000000001,428.484,0.3391263339130437,0.2040227686956523,0.1931999999999998,0.9753,True
1397,occipital_protuberance,751.908,462.59,0.3541158365217392,0.324630443478261,0.0488000000000001,0.8863,True
1397,tail_base,815.348,342.106,0.4709237373913043,-0.04805706,0.3711999999999998,0.9374,True
1397,tail_tip,833.008,304.452,0.5965205947826088,-0.1716795469565217,-0.0014,0.51,True
1397,withers,753.7610000000001,428.667,0.3387604734782611,0.2044783839130435,0.1944000000000001,0.9724,True
1398,occipital_protuberance,751.5260000000001,462.866,0.3549921069565219,0.3274269504347825,0.0315999999999999,0.8759,True
1398,tail_base,815.344,342.56000000000006,0.4709129947826089,-0.0468377739130433,0.3711999999999998,0.9303,True
1398,tail_tip,832.566,306.108,0.5954056995652174,-0.1666317208695651,0.0004,0.4265,True
1398,withers,753.735,428.747,0.33670505,0.20352101,0.2104000000000001,0.9778,True
1399,occipital_protuberance,751.3100000000001,463.164,0.3544739543478263,0.3285324860869567,0.0301999999999998,0.8602,True
1399,tail_base,815.3480000000001,342.898,0.4709237373913046,-0.0459300234782608,0.3711999999999998,0.9332,True
1399,tail_tip,831.9959999999999,307.27000000000004,0.5941441434782605,-0.1631764239130433,0.001,0.6019,True
1399,withers,753.667,428.779,0.3346010536956522,0.2024644432608695,0.2258000000000002,0.9725,False
1400,occipital_protuberance,750.994,463.532,0.354408667826087,0.3305821773913043,0.0224,0.866,True
1400,tail_base,815.2940000000001,343.13199999999995,0.4722267930434786,-0.0454409252173914,0.3635999999999999,0.9345,True
1400,tail_tip,831.2940000000001,307.45,0.592221272608696,-0.1626879456521739,-0.0001999999999998,0.5992,True
1400,withers,753.597,428.819,0.3334318899999999,0.2019987256521738,0.2335999999999999,0.968,True
1401,occipital_protuberance,750.7,463.904,0.3542400000000001,0.3324928,0.016,0.8688,True
1401,tail_base,815.156,343.246,0.4696084669565216,-0.0449189308695652,0.3754,0.9325,True
1401,tail_tip,830.6619999999999,307.206,0.5894771660869563,-0.1632252756521738,0.0035999999999999,0.6347,True
1401,withers,753.5469999999999,428.881,0.3332851291304345,0.2021807091304347,0.2335999999999999,0.9651,True
1402,occipital_protuberance,750.308,464.076,0.35363306,0.3336540808695653,0.0105999999999999,0.9069,True
1402,tail_base,815.1360000000001,343.25200000000007,0.4691741147826089,-0.0448664356521737,0.3774,0.9336,True
1402,tail_tip,829.5219999999999,307.694,0.5852109756521738,-0.1615118313043478,0.0071999999999998,0.7349,True
1402,withers,753.5459999999999,428.872,0.3324676247826085,0.2016602104347826,0.2401999999999998,0.9617,True
1403,occipital_protuberance,749.89,464.256,0.3502385413043478,0.332282003478261,0.0308000000000001,0.9176,True
1403,tail_base,815.064,343.244,0.4688290034782608,-0.044873296521739,0.3781999999999998,0.9354,True
1403,tail_tip,828.454,307.67,0.5814215582608695,-0.1614494260869566,0.0095999999999999,0.7603,True
1403,withers,753.554,428.896,0.3324910491304347,0.2017304834782609,0.2401999999999998,0.9667,True
1404,occipital_protuberance,749.2959999999999,464.398,0.3478701599999998,0.3322806778260868,0.0348000000000001,0.9246,True
1404,tail_base,815.0260000000001,343.274,0.4707818908695653,-0.0449893039130434,0.3674000000000001,0.9369,True
1404,tail_tip,827.2299999999999,308.458,0.5776452521739128,-0.1590182747826088,0.0125999999999999,0.8072,True
1404,withers,753.6,428.9440000000001,0.3336876521739131,0.2025155060869567,0.2315999999999999,0.9803,True
1405,occipital_protuberance,748.3880000000001,464.678,0.3460875965217396,0.3342414052173912,0.0254,0.9092,True
1405,tail_base,814.966,343.288,0.4704303234782608,-0.0449334817391304,0.3684000000000001,0.9359,True
1405,tail_tip,826.348,309.398,0.5741949026086955,-0.1559201626086956,0.0131999999999998,0.8193,True
1405,withers,753.63,429.032,0.3341710086956521,0.2030141078260869,0.2284000000000001,0.9845,True
1406,occipital_protuberance,747.2819999999999,464.844,0.3440953539130432,0.3362757339130433,0.0121999999999998,0.9014,True
1406,tail_base,814.952,343.258,0.4730169617391305,-0.0452652726086957,0.3545999999999999,0.9335,True
1406,tail_tip,825.494,310.436,0.5713215200000001,-0.15265712,0.0144,0.7854,True
1406,withers,753.684,429.064,0.332945836521739,0.202267436521739,0.2395999999999999,0.991,True
1407,occipital_protuberance,745.9860000000001,465.07,0.3405606665217395,0.3376173195652174,0.0068000000000001,0.9061,True
1407,tail_base,814.8799999999999,343.26,0.4707313391304344,-0.0450597130434782,0.3655999999999999,0.9388,True
1407,tail_tip,825.226,310.394,0.5704960800000001,-0.1527864799999999,0.0144,0.7801,True
1407,withers,753.588,429.186,0.3326646817391303,0.2026247373913044,0.2395999999999999,0.9896,True
1408,occipital_protuberance,744.74,465.342,0.3374449565217391,0.3393844434782608,-0.001,0.8744,True
1408,tail_base,814.832,343.202,0.4700700382608695,-0.0451647095652174,0.3684000000000001,0.942,True
1408,tail_tip,825.142,310.516,0.570720339130435,-0.1525398086956521,0.012,0.7945,True
1408,withers,753.5260000000001,429.274,0.3322116273913045,0.2027168073913043,0.2418000000000001,0.9897,True
1409,occipital_protuberance,743.468,465.59,0.3337967652173912,0.3406425217391304,-0.005,0.8657,True
1409,tail_base,814.7620000000001,343.142,0.4678302756521741,-0.0451281330434782,0.3791999999999998,0.9409,True
1409,tail_tip,825.1539999999999,310.564,0.5712403408695649,-0.1525208069565216,0.0095999999999999,0.7947,True
1409,withers,753.3140000000001,429.398,0.3320100200000002,0.20333614,0.2384,0.9791,True
1410,occipital_protuberance,742.6099999999999,465.686,0.3319433499999997,0.3418942099999999,-0.0131999999999998,0.8595,True
1410,tail_base,814.722,343.158,0.467533282173913,-0.0450669952173912,0.3801999999999998,0.9447,True
1410,tail_tip,825.28,310.726,0.5723540869565217,-0.1522138130434782,0.006,0.7847,True
1410,withers,753.078,429.544,0.3307777321739129,0.2034313182608695,0.2428000000000001,0.9806,True
1411,occipital_protuberance,741.834,465.844,0.3284146499999998,0.3413468999999998,-0.004,0.8744,True
1411,tail_base,814.6800000000001,343.24,0.4651424608695654,-0.0446289652173912,0.3921999999999998,0.9427,True
1411,tail_tip,825.4159999999999,311.052,0.5727742086956521,-0.151206756521739,0.006,0.7735,True
1411,withers,752.758,429.822,0.330528015652174,0.204669532173913,0.2466999999999998,0.9662,True
1412,occipital_protuberance,741.106,466.00999999999993,0.3250118308695652,0.340776058695652,0.0055999999999999,0.9149,True
1412,tail_base,814.61,343.378,0.4679548,-0.04454696,0.3764,0.9352,True
1412,tail_tip,825.518,311.504,0.5728473200000002,-0.1497472139130434,0.0071999999999998,0.7769,True
1412,withers,752.4060000000001,430.122,0.3304492039130436,0.2061434360869565,0.2389,0.9512,True
1413,occipital_protuberance,740.198,466.138,0.3212435008695651,0.3402876573913044,0.0134,0.9218,True
1413,tail_base,814.5379999999999,343.568,0.4662061752173911,-0.0438913008695652,0.3845999999999999,0.933,True
1413,tail_tip,825.524,311.898,0.5733498226086956,-0.1486560939130434,0.0048000000000001,0.7873,True
1413,withers,751.8,430.352,0.3293482173913042,0.207247815652174,0.2333000000000001,0.9412,True
1414,occipital_protuberance,739.126,466.366,0.3198106447826086,0.3431690882608695,-0.0051999999999998,0.9317,True
1414,tail_base,814.4379999999999,343.77,0.4679868169565214,-0.0435422673913043,0.3738000000000002,0.9304,True
1414,tail_tip,825.4680000000001,312.186,0.5726929286956525,-0.1476413165217392,0.0071999999999998,0.8128,True
1414,withers,751.294,430.656,0.3275914695652173,0.2079743999999998,0.2355,0.9131,True
1415,occipital_protuberance,737.594,466.666,0.3132767400000001,0.34239786,0.0098000000000001,0.9108,True
1415,tail_base,814.312,343.92600000000004,0.4676487808695652,-0.043123746521739,0.3738000000000002,0.934,True
1415,tail_tip,825.3280000000001,312.194,0.5727440973913046,-0.1477413252173912,0.0048000000000001,0.8192,True
1415,withers,750.638,431.112,0.3270074452173914,0.2101823373913042,0.2308000000000001,0.9273,True
1416,occipital_protuberance,735.806,466.95200000000006,0.3080787721739131,0.343920431304348,0.0045999999999999,0.8805,True
1416,tail_base,814.18,344.084,0.4695665608695651,-0.0429074599999999,0.3618000000000002,0.9382,True
1416,tail_tip,825.1960000000001,312.258,0.5725777200000005,-0.1476058095652174,0.0035999999999999,0.7997,True
1416,withers,749.9399999999999,431.582,0.3246814999999998,0.2114003195652173,0.24,0.909,True
1417,occipital_protuberance,734.1299999999999,467.39,0.30203452173913,0.3445818260869565,0.005,0.9163,True
1417,tail_base,814.008,344.218,0.4661144730434783,-0.0422751747826086,0.3775999999999999,0.9361,True
1417,tail_tip,825.244,312.086,0.572726123478261,-0.1481375886956521,0.0035999999999999,0.7818,True
1417,withers,749.406,432.102,0.3222958056521737,0.2124030873913044,0.2498000000000002,0.9097,True
1418,occipital_protuberance,732.22,467.776,0.2964271565217392,0.3464295513043478,-0.0001999999999998,0.9404,True
1418,tail_base,813.7040000000001,344.40600000000006,0.4680567565217393,-0.0420190499999998,0.363,0.9496,True
1418,tail_tip,825.3220000000001,311.974,0.572725554782609,-0.1484212208695652,0.0048000000000001,0.8085,True
1418,withers,748.73,433.082,0.3196425630434783,0.2148451926086956,0.2654000000000001,0.9231,True
1419,occipital_protuberance,730.138,468.04,0.2897348843478262,0.3472781391304346,-0.0001999999999998,0.922,True
1419,tail_base,813.2280000000001,344.686,0.4664352191304349,-0.0412346095652174,0.3648000000000002,0.9496,True
1419,tail_tip,825.414,311.766,0.5730098747826087,-0.1490640313043479,0.0048000000000001,0.7724,True
1419,withers,747.7940000000001,434.222,0.3163753900000002,0.2178415700000001,0.2628000000000002,0.9323,True
1420,occipital_protuberance,728.254,468.266,0.2843313652173914,0.348804808695652,-0.0075,0.9024,True
1420,tail_base,812.582,345.106,0.4641705443478261,-0.0400583843478261,0.3675999999999999,0.9613,True
1420,tail_tip,825.7280000000001,310.828,0.5737380173913046,-0.1518987217391305,0.006,0.6034,True
1420,withers,746.884,435.238,0.3127983495652174,0.2201856426086956,0.2810999999999999,0.9445,True
1421,occipital_protuberance,725.918,468.668,0.2775524956521739,0.3510448869565217,-0.0155,0.9542,True
1421,tail_base,811.68,345.572,0.4618938434782606,-0.0388175930434782,0.3668000000000002,0.977,True
1421,tail_tip,826.042,309.52599999999995,0.5739800139130437,-0.1557232626086958,0.0095999999999999,0.6093,True
1421,withers,745.7560000000001,436.188,0.3096121852173916,0.2230486513043477,0.2735999999999999,0.9482,True
1422,occipital_protuberance,723.1980000000001,468.926,0.2704658460869568,0.3541042182608697,-0.0343000000000001,0.9625,True
1422,tail_base,810.448,346.03000000000003,0.4606171930434781,-0.037752406521739,0.3558000000000001,0.9685,True
1422,tail_tip,826.128,308.624,0.5740025669565217,-0.1584391165217392,0.0108000000000001,0.5765,True
1422,withers,744.49,437.028,0.3052925217391305,0.2250557217391303,0.275,0.941,True
1423,occipital_protuberance,720.318,469.24000000000007,0.2622731908695651,0.3567160956521741,-0.0441999999999998,0.8929,True
1423,tail_base,809.0459999999999,346.402,0.4566814439130433,-0.0367352926086958,0.3565999999999999,0.9764,True
1423,tail_tip,826.6200000000001,306.378,0.5709760608695655,-0.1640600060869565,0.0331999999999998,0.6149,True
1423,withers,743.34,437.512,0.3015730782608696,0.2262002365217391,0.2781999999999998,0.9633,True
1424,occipital_protuberance,717.586,469.39400000000006,0.2531158917391305,0.3568860343478263,-0.0314,0.9366,True
1424,tail_base,807.602,346.60600000000005,0.4532905395652173,-0.0362249465217389,0.3538000000000001,0.952,True
1424,tail_tip,826.052,302.992,0.5658812026086957,-0.1733910713043479,0.0438000000000001,0.5454,True
1424,withers,742.222,437.654,0.2975771308695651,0.2260575465217391,0.2848000000000001,0.9837,True
1425,occipital_protuberance,714.576,469.164,0.2425341217391305,0.3550203130434784,-0.0015,0.9236,True
1425,tail_base,806.0899999999999,347.014,0.4497067282608694,-0.0351610065217391,0.351,0.977,True
1425,tail_tip,823.1279999999999,301.86,0.5541214417391302,-0.1759240565217391,0.0581999999999998,0.5523,True
1425,withers,740.9979999999999,437.812,0.2934211460869563,0.2260607756521739,0.2871999999999998,0.9881,True
1426,occipital_protuberance,711.63,468.42,0.2323303478260869,0.3516579130434781,0.013,0.8992,True
1426,tail_base,804.652,347.322,0.4453120721739131,-0.0342884778260869,0.3538000000000001,0.99,True
1426,tail_tip,819.2719999999999,299.274,0.5422198556521737,-0.1836697473913043,0.0534,0.7541,True
1426,withers,739.472,438.246,0.2880579373913042,0.2265902099999999,0.2958000000000002,0.9913,True
1427,occipital_protuberance,708.612,467.372,0.2221238921739129,0.3476051791304346,0.0185999999999999,0.941,True
1427,tail_base,803.286,347.79200000000003,0.4416176360869563,-0.0330173321739129,0.3538000000000001,1.0,True
1427,tail_tip,814.6600000000001,296.016,0.5264480217391307,-0.1928561217391305,0.051,0.7055,True
1427,withers,737.5719999999999,438.91,0.282555785217391,0.2285130673913044,0.2988000000000002,0.9566,True
1428,occipital_protuberance,705.592,466.186,0.21284604,0.3445735700000001,-0.0049,0.9206,True
1428,tail_base,801.922,348.576,0.4377526069565217,-0.030884535652174,0.3548000000000001,0.9942,True
1428,tail_tip,808.3779999999999,294.102,0.508977410869565,-0.1991981934782609,0.034,0.9173,True
1428,withers,735.5899999999999,439.472,0.2763590021739128,0.2297604626086957,0.3071999999999998,0.8731,True
1429,occipital_protuberance,702.3779999999999,464.784,0.2022403243478258,0.3397279513043478,-0.0158000000000001,0.8714,True
1429,tail_base,800.534,349.85,0.4351518360869565,-0.0275131195652173,0.3481999999999998,0.954,True
1429,tail_tip,801.864,293.16,0.491362803478261,-0.2029029913043479,0.0221999999999998,0.9537,True
1429,withers,733.6619999999999,440.032,0.2711311286956519,0.2316752417391303,0.3068000000000002,0.9504,True
1430,occipital_protuberance,699.1139999999999,463.412,0.1921719034782606,0.3361789234782608,-0.0343000000000001,0.909,True
1430,tail_base,799.226,351.14399999999995,0.4322639756521739,-0.0240421147826088,0.3444000000000001,0.9459,True
1430,tail_tip,796.434,290.964,0.4748792121739129,-0.2095692834782609,0.0191999999999998,0.9485,True
1430,withers,731.7339999999999,440.542,0.2646924743478258,0.2323986882608696,0.3154,0.9277,True
1431,occipital_protuberance,696.25,462.124,0.1829347826086956,0.332125008695652,-0.048,0.9082,True
1431,tail_base,797.9839999999999,352.746,0.4290639373913041,-0.019700917826087,0.3434000000000001,0.9654,True
1431,tail_tip,791.114,290.994,0.4591237530434783,-0.2096582295652173,0.0108000000000001,0.9468,True
1431,withers,730.156,440.74799999999993,0.2598256721739129,0.2327122252173911,0.3255999999999999,0.9361,True
1432,occipital_protuberance,693.488,460.684,0.1738011165217393,0.3271573365217392,-0.0554,0.9836,True
1432,tail_base,797.0219999999999,354.592,0.4272705160869564,-0.0147156382608696,0.3385999999999999,1.0,True
1432,tail_tip,785.988,292.268,0.4454538191304349,-0.2066709460869566,-0.0011999999999998,0.9286,True
1432,withers,728.6659999999999,440.8200000000001,0.2555315569565216,0.2329197260869566,0.3190999999999999,0.9392,True
1433,occipital_protuberance,690.944,459.488,0.1639067826086955,0.3200918260869565,-0.0325,0.9804,True
1433,tail_base,796.318,356.408,0.4255247817391304,-0.0097780486956521,0.3375999999999999,1.0,True
1433,tail_tip,781.908,293.916,0.4344852765217392,-0.2023319686956521,-0.0078000000000001,0.9597,True
1433,withers,727.108,440.992,0.2512497704347824,0.2336090991304348,0.3164,0.9264,True
1434,occipital_protuberance,688.7,458.654,0.1566128478260871,0.3172583960869565,-0.0345999999999999,0.9068,True
1434,tail_base,795.7679999999999,357.97799999999995,0.4233841965217389,-0.0054958839130436,0.3414000000000001,0.9895,True
1434,tail_tip,779.8199999999999,296.656,0.4279099913043476,-0.1938601808695652,0.0024,0.9082,True
1434,withers,725.3000000000001,441.312,0.2453302173913045,0.2338603826086956,0.324,0.972,True
1435,occipital_protuberance,687.13,458.622,0.1518405652173912,0.317734356521739,-0.043,0.9564,True
1435,tail_base,795.512,359.266,0.4226883773913041,-0.0019950439130435,0.3414000000000001,0.9629,True
1435,tail_tip,780.478,299.856,0.4315728469565216,-0.1847728278260869,0.0035999999999999,0.9126,True
1435,withers,723.528,441.3,0.2405243234782609,0.234108652173913,0.3208000000000002,0.9698,True
1436,occipital_protuberance,686.4879999999999,459.322,0.1489940399999998,0.31832701,-0.0275999999999999,0.9682,True
1436,tail_base,795.4440000000001,360.308,0.420340851304348,0.000832872173913,0.3541999999999998,0.9854,True
1436,tail_tip,784.704,302.278,0.4428571547826085,-0.1766544165217392,0.0144,0.9214,True
1436,withers,721.572,441.404,0.2353706860869565,0.2348859330434782,0.3154,0.9182,True
1437,occipital_protuberance,687.046,460.536,0.1505676547826088,0.3217589113043476,-0.0234,0.9607,True
1437,tail_base,795.406,361.062,0.4197651195652172,0.0028685543478261,0.36,0.9909,True
1437,tail_tip,791.03,304.262,0.4612324869565217,-0.1702190052173913,0.0144,0.9712,True
1437,withers,719.698,441.43,0.2299633813043477,0.2349609543478261,0.3154,0.8916,True
1438,occipital_protuberance,688.488,461.656,0.1564370452173914,0.3279731947826085,-0.0441999999999998,0.8022,True
1438,tail_base,795.4159999999999,361.672,0.4197921304347824,0.0045162173913044,0.36,0.9811,True
1438,tail_tip,798.3666666666667,306.0826666666666,0.4826740579710145,-0.1643306550724639,0.02,0.9195,True
1438,withers,718.0160000000001,441.3860000000001,0.2254832000000002,0.2352232326086958,0.311,0.9582,True
1439,occipital_protuberance,690.368,462.758,0.1615717843478262,0.3296297930434781,-0.0266999999999998,0.7789,True
1439,tail_base,795.482,362.14,0.4202746060869564,0.0057845130434782,0.3581999999999998,0.9924,True
1439,tail_tip,805.8100000000001,307.476,0.5044228565217393,-0.1597871426086957,0.0311999999999998,0.772,True
1439,withers,716.316,441.396,0.2212832191304348,0.2360130104347826,0.3024000000000001,0.9509,True
1440,occipital_protuberance,692.464,463.04,0.1665846052173914,0.3271743999999998,0.0163000000000001,0.7634,True
1440,tail_base,795.454,362.494,0.4178671108695651,0.0067039804347825,0.372,0.9997,True
1440,tail_tip,812.2760000000001,308.72799999999995,0.5220711826086958,-0.1553764521739131,0.048,0.2886,True
1440,withers,714.478,442.048,0.2181072039130433,0.2402757843478259,0.2758000000000001,0.9631,True
1441,occipital_protuberance,691.664,463.284,0.1641118191304347,0.3280838713043478,0.0115999999999999,0.763,True
1441,tail_base,795.3580000000001,362.75,0.4196016939130437,0.0074273913043478,0.3601999999999998,0.9908,True
1441,tail_tip,815.508,310.81600000000003,0.5312169313043479,-0.1488671373913042,0.0574,0.1514,True
1441,withers,713.146,442.768,0.2161782326086955,0.2446154260869566,0.251,0.9109,True
1442,occipital_protuberance,692.488,463.672,0.1664326017391306,0.3287303895652174,0.0203000000000001,0.5025,True
1442,tail_base,795.0640000000001,362.672,0.4161782921739132,0.0071714156521739,0.3758000000000002,0.9939,True
1442,tail_tip,816.5360000000001,313.358,0.5322944173913046,-0.1406357695652174,0.068,0.4464,True
1442,withers,712.576,442.8,0.2162607026086957,0.246726,0.2285999999999999,0.9431,True
1443,occipital_protuberance,694.488,463.65199999999993,0.1722057704347828,0.3275853860869562,0.0359,0.675,True
1443,tail_base,794.76,362.14400000000006,0.4158333913043478,0.0057608347826088,0.373,0.9967,True
1443,tail_tip,817.4357333333334,314.5733333333334,0.5332638100405798,-0.1365249089855071,0.0770399999999999,0.5463,True
1443,withers,712.612,442.736,0.2184516234782608,0.2489094573913043,0.2021999999999998,0.8957,True
1444,occipital_protuberance,696.6931,463.6158,0.1800418798663042,0.3290556243326088,0.0318299999999999,0.8806,True
1444,tail_base,794.4660000000001,361.232,0.4145733121739133,0.0033065808695651,0.3728000000000002,0.9893,True
1444,tail_tip,818.2072000000001,314.462,0.5341334672347828,-0.1364892654782609,0.0845199999999999,0.5704,True
1444,withers,713.272,442.642,0.2241963913043479,0.252866554347826,0.155,0.8175,True
1445,occipital_protuberance,699.0153,463.7614,0.1887982838184783,0.3319473805369566,0.0132899999999999,0.6865,True
1445,tail_base,794.006,360.036,0.4136400282608695,9.669130434782976e-05,0.371,0.9422,True
1445,tail_tip,818.8504,313.024,0.5349104419826087,-0.1404970462608695,0.09044,0.2223,True
1445,withers,714.422695652174,442.1665217391304,0.229844436499548,0.2537601967083093,0.128704347826087,0.8169,True
1446,occipital_protuberance,704.0526,463.3768,0.2058748035347825,0.3322687664521739,0.00998,0.1043,True
1446,tail_base,793.396,358.49800000000005,0.4110679330434781,-0.0040250334782607,0.3765999999999999,0.9616,True
1446,tail_tip,820.624,310.04,0.5396338330434783,-0.1492609304347827,0.0934000000000001,0.2714,True
1446,withers,715.6400869565217,441.4715652173912,0.2354122547530204,0.2535613804503984,0.1067130434782607,0.3416,True
1447,occipital_protuberance,707.231,462.668,0.2164326659782608,0.3305128430434783,0.0013000000000001,0.0359,True
1447,tail_base,792.83,356.914,0.4098501913043478,-0.0082758469565217,0.3748000000000002,0.965,True
1447,tail_tip,823.7059999999999,305.33,0.5484023460869563,-0.1632018347826087,0.0985999999999999,0.2202,True
1447,withers,716.5281739130435,441.4191304347826,0.2402463864222898,0.2556006614613299,0.0818260869565215,0.0814,True
1448,occipital_protuberance,709.1165,462.257,0.2224537090489129,0.3291174889673912,0.0059499999999998,0.0913,True
1448,tail_base,792.148,355.408,0.4052759660869566,-0.0122316904347825,0.3914000000000001,0.9493,True
1448,tail_tip,826.4056,301.096,0.5531869840695655,-0.1748065836521739,0.1117599999999997,0.2516,True
1448,withers,717.1269565217392,441.4552173913044,0.2434492699926031,0.2571113149708228,0.0660434782608695,0.0582,True
1449,occipital_protuberance,710.05925,462.0515,0.2254632314741848,0.3284200297146738,0.006275,0.0351,True
1449,tail_base,791.318,354.064,0.4018808708695652,-0.0157652417391303,0.3985999999999999,0.9346,True
1449,tail_tip,828.4028000000001,297.714,0.5551984773217393,-0.1835487177391304,0.1308800000000001,0.4619,True
1449,withers,717.6904347826087,441.35782608695655,0.2449304775211638,0.2564924658913455,0.0695652173913044,0.0773,True
1450,occipital_protuberance,711.002,461.846,0.2284720878260867,0.3277227156521739,0.0065999999999999,0.0861,True
1450,tail_base,790.458,352.854,0.400512654347826,-0.0190223413043478,0.393,0.9144,True
1450,tail_tip,828.8176,295.822,0.5539415816347826,-0.1882815099130435,0.13696,0.6611,True
1450,withers,717.9721739130434,441.3091304347826,0.2456694635489437,0.2561833209603846,0.0713260869565219,0.0754,True
1451,occipital_protuberance,711.94475,461.6405,0.2314802781046195,0.3270255467798912,0.0029250000000001,0.0282,True
1451,tail_base,789.596,351.834,0.3994538408695652,-0.0218049952173912,0.3854000000000001,0.9418,True
1451,tail_tip,828.35,294.9,0.5508418586956522,-0.190389195652174,0.1454,0.7828,True
1451,withers,718.2539130434783,441.2604347826087,0.2464073710857237,0.2558743624352756,0.0730869565217394,0.0419,True
1452,occipital_protuberance,712.8875,461.435,0.2344878023097827,0.3263285230978261,0.00325,0.1228,True
1452,tail_base,788.842,350.87600000000003,0.3981523499999999,-0.0244066999999999,0.381,0.9524,True
1452,tail_tip,827.1,295.142,0.5451117826086957,-0.1889623730434782,0.1555999999999999,0.8337,True
1452,withers,718.5356521739129,441.2117391304348,0.2471442001315028,0.2555655903160188,0.0748478260869565,0.1467,True
1453,occipital_protuberance,,,,,,0.0372,True
1453,tail_base,788.048,349.916,0.3967364556521739,-0.0270229278260869,0.3765999999999999,0.963,True
1453,tail_tip,825.5619999999999,296.096,0.5444631117391302,-0.1875026713043478,0.1365999999999999,0.8147,True
1453,withers,718.8173913043478,441.1630434782609,0.2478799506862824,0.2552570046026136,0.0766086956521739,0.1049,True
1454,occipital_protuberance,,,,,,0.0261,True
1454,tail_base,787.308,348.964,0.3943050878260869,-0.0295404930434782,0.3794,0.962,True
1454,tail_tip,824.3040000000001,297.108,0.5429756104347828,-0.1852853008695652,0.1255999999999999,0.8303,True
1454,withers,,,,,,0.0571,True
1455,occipital_protuberance,,,,,,0.0126,True
1455,tail_base,786.6600000000001,348.072,0.3898286565217393,-0.0317051426086956,0.3965999999999999,0.9633,True
1455,tail_tip,824.3299999999999,297.53000000000003,0.5426114195652171,-0.1838926673913042,0.1278000000000002,0.85,True
1455,withers,,,,,,0.0238,True
1456,occipital_protuberance,,,,,,0.012,True
1456,tail_base,785.9939999999999,347.27599999999995,0.3861541299999998,-0.0336549800000001,0.4085999999999999,0.9452,True
1456,tail_tip,825.1300000000001,297.328,0.5445236739130438,-0.1843374260869566,0.13,0.855,True
1456,withers,,,,,,0.0396,True
1457,occipital_protuberance,,,,,,0.0223,True
1457,tail_base,785.3779999999999,346.58000000000004,0.3851252843478259,-0.0355513304347824,0.4078000000000001,0.9339,True
1457,tail_tip,826.354,296.742,0.547678201304348,-0.1859097613043478,0.1321999999999998,0.8374,True
1457,withers,,,,,,0.0147,True
1458,occipital_protuberance,,,,,,0.0186,True
1458,tail_base,784.7766666666666,346.1673333333334,0.3834168722222221,-0.0366335122222221,0.4085333333333333,0.9027,True
1458,tail_tip,826.948,296.492,0.5484891756521738,-0.1863269495652173,0.1398000000000001,0.8263,True
1458,withers,,,,,,0.0135,True
1459,occipital_protuberance,,,,,,0.017,True
1459,tail_base,784.1299999999999,345.96400000000006,0.381286515217391,-0.0371313226086955,0.4141999999999998,0.9034,True
1459,tail_tip,827.244,296.46200000000005,0.5521255686956522,-0.1873542243478259,0.1261999999999998,0.8078,True
1459,withers,,,,,,0.0175,True
1460,occipital_protuberance,,,,,,0.0347,True
1460,tail_base,783.4,345.918,0.3797606086956521,-0.0372928095652173,0.4115999999999999,0.9296,True
1460,tail_tip,827.684,296.422,0.5597471295652173,-0.189614474347826,0.0951999999999998,0.749,True
1460,withers,,,,,,0.0289,True
1461,occipital_protuberance,,,,,,0.064,True
1461,tail_base,782.608,346.004,0.378345224347826,-0.037131996521739,0.4071999999999998,0.9387,True
1461,tail_tip,828.432,296.642,0.5681634434782609,-0.1910381434782609,0.068,0.7417,True
1461,withers,,,,,,0.0215,True
1462,occipital_protuberance,,,,,,0.1321,True
1462,tail_base,781.528,345.97400000000005,0.3754799373913045,-0.0372115878260868,0.4071999999999998,0.956,True
1462,tail_tip,829.382,298.262,0.5772033999999998,-0.1881666869565217,0.038,0.6635,True
1462,withers,,,,,,0.1105,True
1463,occipital_protuberance,741.17,455.27,0.3244038043478259,0.3054853260869565,0.0105,0.2909,True
1463,tail_base,780.2613333333334,345.8306666666666,0.3722312181642512,-0.0376031517874397,0.4064666666666667,0.9602,True
1463,tail_tip,831.1539999999999,301.672,0.5850143504347822,-0.1785090399999999,0.0264,0.6284,True
1463,withers,,,,,,0.1956,True
1464,occipital_protuberance,741.775,455.56,0.3245737499999999,0.3047533043478261,0.0265,0.2628,True
1464,tail_base,778.522,345.67999999999995,0.3678662504347827,-0.0380289391304349,0.4078000000000001,0.9407,True
1464,tail_tip,833.0,306.244,0.5870976086956522,-0.1635234147826088,0.0464,0.7674,True
1464,withers,,,,,,0.2597,True
1465,occipital_protuberance,743.0,455.2766666666666,0.3262039855072464,0.3017439649758453,0.0493333333333334,0.6596,True
1465,tail_base,776.534,345.534,0.3660001639130434,-0.0387783143478261,0.3878000000000002,0.9408,True
1465,tail_tip,834.4100000000001,311.38800000000003,0.5839062086956525,-0.1460050852173912,0.0788000000000001,0.9319,True
1465,withers,,,,,,0.2108,True
1466,occipital_protuberance,744.155,454.98,0.3283712798913042,0.299445097826087,0.0625,0.7018,True
1466,tail_base,774.388,345.17600000000004,0.3594586852173914,-0.0396509773913042,0.3931999999999998,0.9523,True
1466,tail_tip,834.9739999999999,316.994,0.5769111117391302,-0.127251014347826,0.1198000000000001,0.9445,True
1466,withers,,,,,,0.2022,False
1467,occipital_protuberance,745.018,454.916,0.3304642500000001,0.2986758913043478,0.0685,0.7349,True
1467,tail_base,772.056,344.954,0.3523024417391305,-0.0401401113043478,0.3995999999999999,0.9604,True
1467,tail_tip,835.142,321.1139999999999,0.569687373478261,-0.1135217595652176,0.1561999999999998,0.9704,True
1467,withers,728.96,439.41,0.273648695652174,0.2442720652173914,0.1405,0.2248,True
1468,occipital_protuberance,747.132,454.584,0.334740920869565,0.2955338765217392,0.0889,0.7443,True
1468,tail_base,769.7139999999999,344.814,0.3469849499999998,-0.04062255,0.3935,0.9269,True
1468,tail_tip,834.742,322.37,0.5565387678260868,-0.1075399956521739,0.2128000000000001,0.96,True
1468,withers,728.855,439.77,0.2727462173913044,0.2448592173913042,0.1465,0.2735,True
1469,occipital_protuberance,749.606,454.076,0.3403742847826086,0.2921468826086957,0.11,0.6905,True
1469,tail_base,767.578,344.682,0.3430738826086956,-0.0411921000000001,0.3835,0.925,True
1469,tail_tip,833.1880000000001,321.932,0.5443701860869568,-0.1072690034782609,0.2555999999999999,0.9659,True
1469,withers,728.7433333333333,439.4933333333333,0.2731751304347826,0.2447012173913043,0.1385,0.3277,True
1470,occipital_protuberance,752.1800000000001,453.69,0.3457338826086958,0.2887485065217389,0.1345999999999999,0.6034,True
1470,tail_base,765.376,344.634,0.3368798608695651,-0.0412877739130434,0.3855,0.9421,True
1470,tail_tip,830.534,319.852,0.5294774178260869,-0.1115678008695652,0.2914000000000001,0.8708,True
1470,withers,728.835,439.1575,0.2712847092391305,0.2417315176630435,0.161,0.4287,True
1471,occipital_protuberance,754.716,453.186,0.34931022,0.2837513699999999,0.1685999999999999,0.7383,True
1471,tail_base,763.046,344.862,0.3318497121739132,-0.040826527826087,0.3798000000000002,0.9434,True
1471,tail_tip,826.7379999999999,316.754,0.5130829526086955,-0.1188230856521738,0.3201999999999998,0.9601,True
1471,withers,729.346,439.364,0.270873764347826,0.2406109443478261,0.1813000000000001,0.5752,True
1472,occipital_protuberance,757.562,452.442,0.3544749869565218,0.2787327260869565,0.203,0.8146,True
1472,tail_base,760.604,345.186,0.3268368400000001,-0.04014594,0.3678000000000002,0.9346,True
1472,tail_tip,821.72,312.89,0.4954635304347827,-0.1284464391304348,0.3335999999999999,0.916,True
1472,withers,730.288,440.244,0.2739651965217391,0.2434882069565216,0.1854000000000001,0.7227,True
1473,occipital_protuberance,760.36,451.742,0.3582541565217392,0.2730720573913044,0.2385999999999999,0.8204,True
1473,tail_base,757.974,345.448,0.3204276426086958,-0.0395244973913044,0.3681999999999998,0.9649,True
1473,tail_tip,816.1339999999999,309.152,0.4848279799999997,-0.1399646469565217,0.3095999999999999,0.9089,True
1473,withers,731.45,440.788,0.2761988804347827,0.2439973226086956,0.1914000000000001,0.837,True
1474,occipital_protuberance,762.8340000000001,451.318,0.3622000817391306,0.2692689895652175,0.2641999999999998,0.7874,True
1474,tail_base,755.054,345.892,0.3129718917391303,-0.0383768269565217,0.3734,0.9585,True
1474,tail_tip,810.626,306.058,0.4750821321739129,-0.1501932904347826,0.2684000000000001,0.9089,True
1474,withers,733.036,441.726,0.2795327295652172,0.2455510969565217,0.2058000000000001,0.8464,True
1475,occipital_protuberance,764.9399999999999,451.088,0.365965556521739,0.2668086330434783,0.2821999999999998,0.7273,True
1475,tail_base,751.956,346.51200000000006,0.3048853939130435,-0.0367313426086955,0.3770999999999999,0.8936,True
1475,tail_tip,805.7940000000001,304.73400000000004,0.4662055195652177,-0.1554055891304346,0.237,0.9458,True
1475,withers,734.6859999999999,443.102,0.2848401886956519,0.2499924947826086,0.1894000000000001,0.8575,True
1476,occipital_protuberance,766.746,451.14,0.3706769430434782,0.2665448739130434,0.2864000000000001,0.7905,True
1476,tail_base,748.564,347.088,0.2971113469565217,-0.0353367756521738,0.3711999999999998,0.9649,True
1476,tail_tip,801.482,304.74,0.4547473539130434,-0.1556169652173913,0.2331999999999998,0.8828,True
1476,withers,735.924,444.354,0.2912336052173911,0.2561060791304347,0.1568000000000002,0.8577,True
1477,occipital_protuberance,768.092,451.356,0.3726084895652173,0.2657466599999998,0.3008000000000002,0.8555,True
1477,tail_base,744.846,347.658,0.2893977526086956,-0.0340666030434782,0.3620999999999999,0.9548,True
1477,tail_tip,797.242,306.00600000000003,0.442123484347826,-0.1518170426086955,0.2371999999999998,0.9809,True
1477,withers,736.817,444.78,0.2930713731521739,0.2566345891304348,0.1585999999999999,0.882,True
1478,occipital_protuberance,768.964,452.186,0.3781168408695654,0.2702853439130434,0.2795999999999999,0.8633,True
1478,tail_base,740.4799999999999,348.50600000000003,0.2797494260869562,-0.0320007952173912,0.3495999999999999,0.9763,True
1478,tail_tip,792.528,307.976,0.4236299408695652,-0.1444910052173912,0.2718000000000002,0.9923,True
1478,withers,737.643,445.296,0.2958264498913044,0.2584190660869565,0.1561999999999998,0.8786,True
1479,occipital_protuberance,769.646,453.168,0.3805955617391303,0.2735088417391305,0.2796999999999998,0.85,True
1479,tail_base,735.9159999999999,349.474,0.2687941643478259,-0.0294979708695652,0.3463000000000001,0.9337,True
1479,tail_tip,787.634,309.916,0.4055120847826087,-0.1375676826086956,0.303,0.9843,True
1479,withers,738.197,445.434,0.296288100326087,0.2577785223913044,0.1675999999999999,0.8815,False
1480,occipital_protuberance,769.898,454.434,0.3848651830434783,0.2797915186956523,0.2581999999999998,0.8614,True
1480,tail_base,730.92,350.178,0.2570861826086955,-0.0277727726086956,0.3325999999999999,0.9461,True
1480,tail_tip,782.1139999999999,311.198,0.3889598391304345,-0.1335689521739131,0.315,0.9228,True
1480,withers,738.549,445.226,0.2966217781521738,0.2565209963043478,0.1744,0.9043,True
1481,occipital_protuberance,770.156,456.088,0.3887986078260868,0.2870315669565217,0.2388000000000001,0.8607,True
1481,tail_base,725.8599999999999,351.018,0.244290365217391,-0.0255557426086957,0.3454000000000001,0.9253,True
1481,tail_tip,775.5640000000001,312.444,0.3745692260869567,-0.131399295652174,0.291,0.9445,True
1481,withers,738.9350000000001,444.71400000000006,0.2961275103260871,0.2535618932608697,0.1933000000000002,0.9541,True
1482,occipital_protuberance,770.22,458.062,0.3940287347826088,0.2967228213043478,0.2031999999999998,0.8975,True
1482,tail_base,720.988,351.98999999999995,0.2298122530434784,-0.022729245652174,0.3869000000000001,0.8839,True
1482,tail_tip,768.74,313.50999999999993,0.3591286260869565,-0.1296868869565219,0.2695999999999999,0.937,True
1482,withers,739.15,444.266,0.2967602608695651,0.2522118017391303,0.1934000000000001,0.9616,True
1483,occipital_protuberance,770.202,459.778,0.3958423847826087,0.3033468108695651,0.187,0.9406,True
1483,tail_base,716.8219999999999,352.75200000000007,0.2179072730434779,-0.0205591095652172,0.3979000000000001,0.9538,True
1483,tail_tip,761.894,313.454,0.3420716621739131,-0.130622242173913,0.2601999999999998,0.9831,True
1483,withers,739.326,443.782,0.2979132221739132,0.2512913595652173,0.1875999999999999,0.9812,True
1484,occipital_protuberance,770.066,461.492,0.398737115652174,0.3111391704347827,0.1530999999999999,0.9251,True
1484,tail_base,713.0840000000001,353.358,0.2075585600000002,-0.0188632799999999,0.4086999999999998,0.9367,True
1484,tail_tip,755.9540000000001,312.08,0.3268894504347828,-0.1350927304347826,0.2604000000000001,0.9986,True
1484,withers,739.3820000000001,443.454,0.2990750056521741,0.2511421134782609,0.1784000000000001,0.9808,True
1485,occipital_protuberance,769.904,463.004,0.3992571199999999,0.3165805547826087,0.1394,0.8926,True
1485,tail_base,709.9440000000001,354.04800000000006,0.198732191304348,-0.0169114434782607,0.411,0.9432,True
1485,tail_tip,751.01,310.13800000000003,0.3135549847826087,-0.1408384708695651,0.2654000000000001,0.9517,True
1485,withers,739.7,443.432,0.3000319782608696,0.2510759078260868,0.1784000000000001,0.9779,True
1486,occipital_protuberance,769.48,464.424,0.3989672869565218,0.3217621252173912,0.1151999999999998,0.9048,True
1486,tail_base,707.068,354.756,0.1907792999999999,-0.0149169,0.415,0.9676,True
1486,tail_tip,748.0699999999999,308.272,0.3015387934782607,-0.1443323652173913,0.3155,0.9675,True
1486,withers,739.96,443.28600000000006,0.2986413652173914,0.2488259778260871,0.1984000000000001,0.9727,True
1487,occipital_protuberance,769.254,465.726,0.397765135652174,0.3253602730434782,0.1188000000000001,0.9204,True
1487,tail_base,704.324,355.55600000000004,0.1843581773913042,-0.0127368904347824,0.3951999999999998,0.9357,True
1487,tail_tip,746.522,306.56600000000003,0.2924492039130436,-0.1466995621739129,0.3661999999999998,0.9396,True
1487,withers,740.456,443.58,0.2992278504347826,0.2489593826086958,0.2065999999999999,0.9732,True
1488,occipital_protuberance,769.046,466.784,0.3947965995652175,0.3266893982608695,0.1224,0.8911,True
1488,tail_base,701.422,356.718,0.1774027591304348,-0.0094792721739131,0.3748000000000002,0.9866,True
1488,tail_tip,745.778,305.72799999999995,0.2871642747826087,-0.1473366817391305,0.4039000000000001,0.9894,True
1488,withers,741.2819999999999,444.706,0.3014240391304346,0.2520924217391305,0.209,0.9665,True
1489,occipital_protuberance,769.0640000000001,467.15,0.3901941408695655,0.323942402173913,0.1525999999999999,0.8672,True
1489,tail_base,698.5840000000001,358.01200000000006,0.170797831304348,-0.0057958843478259,0.3498000000000001,0.9863,True
1489,tail_tip,744.296,305.982,0.2812591043478262,-0.1456724543478261,0.43,1.0,True
1489,withers,742.37,446.698,0.3061085543478261,0.2592458673913043,0.196,0.9525,True
1490,occipital_protuberance,769.356,466.796,0.3865494730434782,0.3191343078260868,0.1848000000000002,0.8267,True
1490,tail_base,695.87,359.602,0.1636748086956521,-0.0011659669565218,0.3333000000000002,0.9149,True
1490,tail_tip,741.412,306.872,0.2723794043478262,-0.1426948782608696,0.447,0.9626,True
1490,withers,743.1479999999999,448.578,0.3109239495652171,0.2670049017391303,0.1738000000000001,0.8426,True
1491,occipital_protuberance,770.038,465.182,0.3845449813043479,0.311041466521739,0.2294000000000001,0.7499,True
1491,tail_base,693.288,361.65600000000006,0.15693316,0.0048769200000001,0.3155999999999999,0.9761,True
1491,tail_tip,736.829,307.355,0.2644799935869564,-0.143795239673913,0.4340999999999999,0.99,True
1491,withers,743.582,450.304,0.3141011560869565,0.273837064347826,0.1636999999999998,0.874,True
1492,occipital_protuberance,770.4300000000001,463.16,0.3814793956521741,0.3017205739130434,0.2761999999999998,0.6798,True
1492,tail_base,690.684,364.11,0.1499915852173912,0.0121629195652174,0.2989000000000001,0.9896,True
1492,tail_tip,730.837,307.683,0.2557950172826086,-0.147323534673913,0.3793000000000002,1.0,True
1492,withers,743.408,452.042,0.31463008,0.2800477895652175,0.1573000000000002,0.8312,True
1493,occipital_protuberance,770.9200000000001,460.734,0.3812902695652176,0.293376825652174,0.3045999999999999,0.7412,True
1493,tail_base,688.138,366.97,0.1434303104347827,0.0207675695652174,0.2768000000000001,0.9028,True
1493,tail_tip,724.739,308.911,0.2467102298913044,-0.1487411809782609,0.3055,1.0,False
1493,withers,743.042,453.922,0.3151293165217392,0.2872379773913044,0.1464,0.8359,True
1494,occipital_protuberance,770.708,458.376,0.3803602799999999,0.2862741600000001,0.3098000000000002,0.6027,True
1494,tail_base,685.6400000000001,370.504,0.1363842260869568,0.031388692173913,0.2618000000000002,0.9758,True
1494,tail_tip,719.769,311.23900000000003,0.2373387866304348,-0.1450798753260868,0.2596999999999998,0.9985,True
1494,withers,742.624,456.052,0.3131816765217391,0.2931256469565217,0.1554000000000001,0.8786,True
1495,occipital_protuberance,770.178,456.124,0.37881798,0.2797208399999999,0.3098000000000002,0.6887,True
1495,tail_base,683.056,374.068,0.1298606400000001,0.0424303113043477,0.2361999999999998,0.9915,True
1495,tail_tip,716.493,314.665,0.2292711385869566,-0.1358818070652173,0.2395,0.9449,True
1495,withers,741.7860000000001,458.358,0.3098277330434785,0.2993931991304348,0.1625999999999999,0.8735,True
1496,occipital_protuberance,768.726,454.636,0.3779227456521739,0.2778389521739129,0.283,0.5172,True
1496,tail_base,680.866,377.35,0.1243925504347825,0.0528118913043479,0.2140999999999999,0.9442,True
1496,tail_tip,714.428,318.632,0.2206952,-0.1226651130434782,0.269,0.9565,True
1496,withers,741.02,461.442,0.309428652173913,0.3107212565217391,0.145,0.8201,True
1497,occipital_protuberance,767.308,452.922,0.3751434652173913,0.2738168934782609,0.2695,0.5932,True
1497,tail_base,679.134,380.742,0.1196649660869565,0.0634254286956522,0.2048000000000001,0.9761,True
1497,tail_tip,713.206,322.78599999999994,0.2138251773913043,-0.1086972400000001,0.3033000000000002,1.0,True
1497,withers,740.704,464.494,0.3069282782608694,0.3184795391304346,0.159,0.8984,True
1498,occipital_protuberance,765.38,452.2600000000001,0.3711793130434782,0.2731297130434784,0.2569000000000001,0.6857,True
1498,tail_base,677.74,383.90199999999993,0.1151562260869565,0.0729322765217389,0.2108000000000001,0.9547,True
1498,tail_tip,712.1139999999999,325.86,0.2083467521739128,-0.0986349130434782,0.3225,0.9344,True
1498,withers,740.1119999999999,467.03,0.3023164765217387,0.3232073326086957,0.1848000000000002,0.9077,True
1499,occipital_protuberance,763.434,451.888,0.3661428108695651,0.2725677739130436,0.248,0.6397,True
1499,tail_base,676.396,386.64,0.1114350573913042,0.0815647304347825,0.2011999999999998,0.9745,True
1499,tail_tip,710.3799999999999,327.998,0.2044385999999996,-0.0929588530434783,0.3045999999999999,0.9254,True
1499,withers,739.51,468.926,0.2977944913043477,0.3259728947826088,0.2098000000000001,0.8894,True
1500,occipital_protuberance,761.5946666666666,452.0903333333334,0.3612727337198067,0.2736117247946861,0.2435666666666666,0.5458,True
1500,tail_base,674.958,389.748,0.107032276521739,0.0910806156521738,0.2011999999999998,0.9777,True
1500,tail_tip,707.8120000000001,329.87,0.2005318773913047,-0.08909965,0.2599000000000001,0.9559,True
1500,withers,739.068,470.916,0.2960841008695651,0.3314941669565217,0.2134000000000001,0.8898,True
1501,occipital_protuberance,760.4,452.583,0.355481,0.2733513075,0.2641999999999998,0.3416,True
1501,tail_base,673.1879999999999,392.8,0.1016562869565213,0.1004678260869565,0.186,0.9573,True
1501,tail_tip,705.0440000000001,332.196,0.1955844800000002,-0.0836054191304347,0.2305999999999999,0.9227,True
1501,withers,738.9680000000001,472.744,0.2942576817391307,0.335217323478261,0.2275999999999999,0.8735,True
1502,occipital_protuberance,759.39,453.6,0.3523562260869565,0.2762420869565218,0.2648000000000002,0.279,True
1502,tail_base,671.0,395.806,0.0953182608695652,0.1100956660869564,0.1516999999999998,0.9658,True
1502,tail_tip,702.2439999999999,335.02599999999995,0.1895194486956519,-0.0760404008695653,0.2133000000000001,0.9713,True
1502,withers,738.2,473.928,0.2934685652173914,0.3404713513043478,0.2105999999999999,0.8527,True
1503,occipital_protuberance,758.6766666666666,454.15333333333336,0.3493651871980675,0.2771724033816425,0.2686666666666669,0.2746,True
1503,tail_base,668.396,399.134,0.0879103121739129,0.1211537595652174,0.1118000000000001,0.9503,True
1503,tail_tip,699.01,338.73400000000004,0.1801216108695651,-0.0649121534782607,0.2238000000000002,1.0,True
1503,withers,737.4620000000001,474.91399999999993,0.2902036986956525,0.3421689256521737,0.2235999999999999,0.8366,True
1504,occipital_protuberance,758.4399999999999,454.805,0.3501060652173911,0.2802415190217391,0.2505,0.1663,True
1504,tail_base,665.7120000000001,402.658,0.0794668486956524,0.1318410404347826,0.1065999999999999,0.9917,True
1504,tail_tip,695.3080000000001,343.016,0.1667295730434786,-0.051199375652174,0.2550999999999999,0.9275,True
1504,withers,736.662,475.454,0.2874853960869566,0.3433752552173913,0.2173000000000002,0.8027,True
1505,occipital_protuberance,758.2033333333333,455.45666666666665,0.3508411980676327,0.2833264541062802,0.236333333333333,0.2229,True
1505,tail_base,663.0240000000001,406.166,0.071189206956522,0.1427432647826086,0.0734,0.9706,True
1505,tail_tip,690.734,346.804,0.1509336500000001,-0.0392581,0.288,0.9855,False
1505,withers,736.43,475.972,0.2852441326086955,0.3430502182608697,0.2320999999999999,0.8201,True
1506,occipital_protuberance,758.0220000000002,455.7,0.3532706343478266,0.2864550652173913,0.2131999999999998,0.2965,True
1506,tail_base,660.2860000000001,410.008,0.0626969700000001,0.1545573339130434,0.0360999999999999,1.0,True
1506,tail_tip,684.8340000000001,349.517,0.1333957697826089,-0.0311903433695652,0.2806999999999998,0.9427,True
1506,withers,736.3340000000001,476.212,0.2828659430434784,0.3412338008695652,0.2520999999999999,0.8203,True
1507,occipital_protuberance,758.0719999999999,455.51900000000006,0.3553325504347822,0.2874602775000002,0.1983000000000001,0.416,True
1507,tail_base,657.862,413.61800000000005,0.0551120360869564,0.1654348421739132,0.0314,0.9771,True
1507,tail_tip,677.808,351.459,0.1127870173913043,-0.0254791027173912,0.2595,0.9794,True
1507,withers,737.012,476.626,0.281292620869565,0.3381646930434783,0.2924000000000001,0.8382,True
1508,occipital_protuberance,758.2553333333334,455.0656666666667,0.3584379137922707,0.2881488578381643,0.1814333333333334,0.4193,True
1508,tail_base,655.682,416.91,0.0482801052173913,0.1752085695652174,0.0285999999999999,0.9577,True
1508,tail_tip,670.49,352.56699999999995,0.0917384445652174,-0.0223644427173914,0.2289000000000001,0.9604,False
1508,withers,737.766,476.79800000000006,0.2857530152173912,0.341380241304348,0.281,0.8773,True
1509,occipital_protuberance,758.1940000000001,454.104,0.3606715604347828,0.2871604017391304,0.1625999999999999,0.5331,True
1509,tail_base,653.5620000000001,419.962,0.0418240286956525,0.1849175939130434,0.0203000000000001,1.0,True
1509,tail_tip,663.312,353.211,0.0711852191304348,-0.0207308018478262,0.1746999999999998,0.9647,True
1509,withers,738.0539999999999,477.154,0.2865947891304343,0.3424207673913043,0.281,0.892,True
1510,occipital_protuberance,758.212,452.93,0.3633220121739129,0.2856183347826087,0.1494000000000001,0.615,True
1510,tail_base,651.778,422.758,0.03627624,0.1932946399999999,0.0239,0.9817,True
1510,tail_tip,657.082,353.835,0.0529077815217391,-0.0190947472826087,0.124,0.9143,True
1510,withers,738.199,477.166,0.2855776353260868,0.3407365576086956,0.2945,0.8958,True
1511,occipital_protuberance,758.3019999999999,452.444,0.3645501847826083,0.2848681956521737,0.142,0.777,True
1511,tail_base,650.096,425.268,0.0311088486956521,0.2011105721739131,0.0261999999999998,0.9713,True
1511,tail_tip,652.3100000000001,355.056,0.0384633978260871,-0.0154478504347826,0.0884,0.9763,True
1511,withers,738.2149999999999,477.17,0.284834175543478,0.3398057358695651,0.3019000000000001,0.894,True
1512,occipital_protuberance,758.308,452.338,0.3666004852173913,0.2861273591304348,0.1261999999999998,0.8061,True
1512,tail_base,648.594,427.85,0.0264807295652175,0.2090665,0.0261999999999998,0.9709,True
1512,tail_tip,648.7719999999999,356.794,0.0275536147826084,-0.0100703247826087,0.0666999999999998,0.9767,True
1512,withers,738.279,477.14400000000006,0.2851479725,0.3398831295652176,0.3006999999999998,0.9241,False
1513,occipital_protuberance,758.564,452.898,0.3685020669565216,0.2887310230434781,0.1205999999999999,0.7647,True
1513,tail_base,647.31,430.346,0.0224957304347824,0.2164821686956521,0.0298000000000001,0.9693,True
1513,tail_tip,646.1780000000001,358.774,0.0195251660869568,-0.0038746930434782,0.0424,0.9848,True
1513,withers,738.2549999999999,477.2,0.2809986201086953,0.3351792608695652,0.3389000000000001,0.9229,True
1514,occipital_protuberance,759.1980000000001,453.83,0.3715868086956524,0.2925048260869566,0.109,0.6534,True
1514,tail_base,646.18,432.758,0.0189537913043476,0.2231456226086956,0.0394,0.9506,True
1514,tail_tip,644.174,360.96,0.0132742273913042,0.0030530086956522,0.0176999999999998,0.9737,True
1514,withers,738.601,477.11800000000005,0.2830384575,0.3361923110869567,0.3290999999999999,0.9293,True
1515,occipital_protuberance,759.978,455.194,0.3750094965217389,0.2975433330434781,0.1014,0.5535,True
1515,tail_base,645.1020000000001,435.034,0.0156209930434785,0.2297345339130434,0.0406999999999998,0.9805,True
1515,tail_tip,642.322,362.956,0.0073718452173913,0.0093846573913044,0.0161999999999998,0.9527,True
1515,withers,738.8639999999999,476.974,0.2819773217391302,0.3336301913043478,0.346,0.9179,True
1516,occipital_protuberance,760.748,456.078,0.3770750043478262,0.3000348847826086,0.104,0.6792,True
1516,tail_base,644.236,437.32,0.0129253252173912,0.235926852173913,0.0468000000000001,0.9758,True
1516,tail_tip,640.958,365.038,0.0030374847826086,0.0159737456521739,0.017,0.9332,True
1516,withers,739.236,476.762,0.2823695660869565,0.3322386560869566,0.3591999999999998,0.92,True
1517,occipital_protuberance,761.5559999999999,457.514,0.377193553043478,0.3025901817391305,0.1221999999999998,0.6239,True
1517,tail_base,643.466,439.34,0.0105577373913043,0.2416765391304347,0.0515999999999999,0.9415,True
1517,tail_tip,640.8520000000001,367.50000000000006,0.0026976913043481,0.0237472826086958,0.021,0.9533,True
1517,withers,739.22,476.712,0.2851927913043479,0.3354708834782608,0.3325999999999999,0.9113,True
1518,occipital_protuberance,762.0060000000001,457.24,0.3742136204347829,0.2982519913043476,0.1551999999999998,0.661,True
1518,tail_base,642.8340000000001,441.03,0.0086252173913045,0.2466130434782609,0.054,1.0,True
1518,tail_tip,642.162,370.71,0.0068488400000001,0.0339274173913044,0.0195999999999999,0.9193,True
1518,withers,739.284,476.54800000000006,0.2867149252173913,0.3365703547826088,0.3201999999999998,0.9216,True
1519,occipital_protuberance,761.814,455.834,0.3706058543478259,0.2915645282608696,0.1815,0.544,True
1519,tail_base,642.178,442.682,0.0065936582608695,0.2503107678260868,0.0688000000000001,1.0,True
1519,tail_tip,644.518,374.086,0.0142159852173913,0.0443219052173913,0.0486999999999998,0.9875,True
1519,withers,739.464,475.99,0.2856995286956523,0.3331686673913042,0.3244000000000001,0.865,True
1520,occipital_protuberance,761.226,453.132,0.36670865,0.2817242999999998,0.1975,0.6578,True
1520,tail_base,641.6580000000001,444.08,0.0049801273913047,0.2525507304347827,0.0905999999999999,1.0,True
1520,tail_tip,647.846,378.118,0.0246773756521739,0.0569850486956521,0.0599,0.9573,True
1520,withers,739.764,474.7900000000001,0.2873203200000001,0.3305952000000002,0.3174,0.8764,True
1521,occipital_protuberance,760.3399999999999,449.544,0.362615813043478,0.2698194313043479,0.2048000000000001,0.6911,True
1521,tail_base,641.3120000000001,445.204,0.0039545391304351,0.2568159695652174,0.081,0.9637,True
1521,tail_tip,651.798,382.114,0.0369508230434782,0.069260086521739,0.0750999999999999,0.9957,True
1521,withers,739.9399999999999,472.912,0.2896521913043476,0.3272484313043478,0.2965999999999999,0.9189,True
1522,occipital_protuberance,758.5199999999999,444.216,0.356693669565217,0.2534535443478261,0.2011999999999998,0.7561,True
1522,tail_base,640.8860000000001,446.298,0.002664741304348,0.2595506152173911,0.087,0.9338,True
1522,tail_tip,655.332,385.352,0.0477925104347825,0.0790265930434781,0.0856999999999998,0.9482,True
1522,withers,740.1740000000001,470.562,0.2852127995652176,0.3147892421739131,0.3435999999999999,0.9408,True
1523,occipital_protuberance,755.992,439.436,0.3509514469565216,0.2403457060869564,0.1864000000000001,0.9137,True
1523,tail_base,640.596,447.808,0.0017797078260869,0.2622023234782608,0.1068000000000001,0.9134,True
1523,tail_tip,657.544,387.604,0.0541575652173912,0.0852123478260869,0.117,1.0,True
1523,withers,740.1460000000001,468.024,0.2855031834782611,0.3079623339130435,0.3401999999999998,0.9889,True
1524,occipital_protuberance,752.65,434.82400000000007,0.3406927826086956,0.2262938017391306,0.1880999999999999,0.918,True
1524,tail_base,640.412,449.29800000000006,0.0012379704347827,0.2683210773913045,0.0895999999999999,0.8954,True
1524,tail_tip,658.43,389.18,0.0564799369565215,0.0894240130434782,0.1340999999999999,1.0,True
1524,withers,739.958,465.41,0.2847499199999999,0.300281008695652,0.3421999999999998,0.9335,True
1525,occipital_protuberance,749.0319999999999,430.2360000000001,0.3276885652173911,0.2110897173913045,0.185,0.9443,True
1525,tail_base,640.01,451.112,3.0310869565189825e-05,0.2761683947826086,0.0654000000000001,0.953,True
1525,tail_tip,657.702,390.026,0.0539910999999999,0.0915793,0.1375,1.0,True
1525,withers,739.596,462.3440000000001,0.2846063956521739,0.2924591043478262,0.334,0.9415,True
1526,occipital_protuberance,744.138,425.54800000000006,0.3125724708695653,0.1967437469565219,0.1695999999999999,0.8575,True
1526,tail_base,639.52,453.52,-0.0014536695652174,0.2832232869565216,0.0648000000000001,0.9837,True
1526,tail_tip,655.006,390.488,0.0457291539130433,0.0929088660869565,0.1209,0.9729,True
1526,withers,738.966,459.158,0.2807837534782608,0.2813284908695652,0.3528000000000001,0.9423,True
1527,occipital_protuberance,739.386,421.244,0.2986765356521738,0.1840515339130434,0.1721999999999998,0.9488,True
1527,tail_base,639.012,456.298,-0.0029811826086958,0.2905687478260867,0.069,0.9381,True
1527,tail_tip,650.676,391.286,0.0325339495652175,0.095340684347826,0.0854,1.0,True
1527,withers,737.72,456.084,0.2788631391304348,0.2741944930434782,0.3345999999999999,0.9028,True
1528,occipital_protuberance,734.4559999999999,416.54,0.2841072208695649,0.1700624869565216,0.1763000000000001,0.9003,True
1528,tail_base,638.534,459.382,-0.004414572173913,0.299269448695652,0.0715999999999999,0.9939,True
1528,tail_tip,645.64,393.004,0.0171357913043477,0.1002747617391305,0.0748000000000001,0.9556,True
1528,withers,735.922,452.182,0.2712507339130435,0.2606746643478259,0.3454000000000001,0.9224,True
1529,occipital_protuberance,729.816,411.8860000000001,0.2714200469565218,0.1567972360869567,0.1798000000000001,0.9308,True
1529,tail_base,638.4100000000001,462.954,-0.0047817521739127,0.3096229643478261,0.0721999999999998,0.9538,True
1529,tail_tip,640.1360000000001,395.382,0.0004125234782611,0.1073228360869563,0.0704,0.9093,True
1529,withers,734.1020000000001,447.468,0.2649585008695655,0.2462794643478261,0.3565999999999999,0.9088,True
1530,occipital_protuberance,724.9200000000001,407.486,0.2591352260869567,0.1449045613043478,0.1830999999999999,0.8987,True
1530,tail_base,638.8620000000001,466.934,-0.0034283486956519,0.3221502982608696,0.0644000000000001,0.9823,True
1530,tail_tip,633.866,399.01,-0.018514012173913,0.1177423565217391,0.0771999999999998,0.9656,True
1530,withers,731.964,443.34800000000007,0.257919035652174,0.2337549017391306,0.3798000000000002,0.9167,True
1531,occipital_protuberance,720.9440000000001,403.534,0.2481637460869567,0.1334695656521738,0.1634000000000001,0.9212,True
1531,tail_base,639.972,471.008,-8.435304347832115e-05,0.3344236660869564,0.0674,0.9427,True
1531,tail_tip,626.932,404.11800000000005,-0.039087524347826,0.1319607743478262,0.1021999999999998,0.9972,True
1531,withers,729.412,439.43,0.2494206052173914,0.2215751652173913,0.4040999999999999,0.9837,True
1532,occipital_protuberance,716.688,399.766,0.2364324382608695,0.1226003069565216,0.1475999999999999,0.9683,True
1532,tail_base,641.9300000000001,475.348,0.0058357326086958,0.3487772460869563,0.0691999999999998,0.9705,True
1532,tail_tip,619.7460000000001,410.326,-0.0598769882608692,0.1487789726086957,0.1191999999999998,0.9324,True
1532,withers,727.114,435.322,0.2435972569565218,0.2106232360869563,0.3904000000000001,0.9492,True
1533,occipital_protuberance,712.492,396.304,0.2244415356521738,0.1124003408695653,0.1420999999999999,0.9566,True
1533,tail_base,644.3860000000001,479.5100000000001,0.013371579130435,0.3643496173913045,0.0461999999999998,0.9609,True
1533,tail_tip,612.478,417.5220000000001,-0.0806274939130436,0.1685144504347827,0.0838000000000001,0.98,True
1533,withers,725.214,431.68,0.2402849552173914,0.2021220173913043,0.3688000000000002,0.8968,True
1534,occipital_protuberance,708.786,393.172,0.2132365999999998,0.1028332,0.145,0.9396,True
1534,tail_base,647.046,483.556,0.0215270617391305,0.3774904400000001,0.0371999999999998,0.9473,True
1534,tail_tip,605.798,425.776,-0.0995798665217391,0.1915082539130435,0.0689,0.9478,True
1534,withers,722.95,428.672,0.2345321086956523,0.1941626156521739,0.3618000000000002,0.9388,True
1535,occipital_protuberance,705.11,390.632,0.2014871413043479,0.0947927217391304,0.147,0.9215,True
1535,tail_base,649.934,487.256,0.0303375721739129,0.3886287582608695,0.0294,0.9316,True
1535,tail_tip,600.65,434.33,-0.1136445108695652,0.2146682717391305,0.04,1.0,True
1535,withers,720.77,425.818,0.2296326217391303,0.187123435652174,0.3579000000000001,0.9201,True
1536,occipital_protuberance,701.5360000000001,388.288,0.1903469008695654,0.0875021634782609,0.1481999999999998,0.9615,True
1536,tail_base,652.684,490.717,0.0386062356521738,0.3978627645652173,0.0388000000000001,1.0,True
1536,tail_tip,597.2239999999999,442.456,-0.1231855808695654,0.2374553547826085,0.0365999999999999,0.99,True
1536,withers,718.828,423.374,0.2264419982608695,0.1820487034782607,0.3411999999999998,0.9946,True
1537,occipital_protuberance,698.318,386.318,0.1801519086956521,0.0812997347826088,0.1485,0.9739,True
1537,tail_base,655.11,493.865,0.04585885,0.4062802749999998,0.0528000000000001,0.9553,True
1537,tail_tip,595.4159999999999,450.134,-0.1278785426086958,0.2585278252173913,0.0361999999999998,1.0,True
1537,withers,717.296,421.278,0.2219571443478262,0.1759611091304347,0.3486999999999998,1.0,True
1538,occipital_protuberance,695.726,384.872,0.171926824347826,0.0767355269565216,0.1585999999999999,0.9058,True
1538,tail_base,657.2769999999999,496.697,0.0522591691304345,0.4134787082608696,0.0681999999999998,0.9427,False
1538,tail_tip,594.85,457.246,-0.1292958586956521,0.2784829473913042,0.0354,0.9768,True
1538,withers,715.924,419.744,0.2177533330434782,0.1713483895652174,0.3519000000000001,1.0,True
1539,occipital_protuberance,693.656,383.822,0.1655404243478259,0.0734960486956521,0.1655999999999999,0.9338,True
1539,tail_base,659.3349999999999,499.139,0.0583832934782606,0.4201392847826087,0.0795,1.0,True
1539,tail_tip,594.96,464.138,-0.1283052521739129,0.296657467826087,0.0381999999999998,0.9501,True
1539,withers,714.8,418.674,0.2155703478260868,0.1690959169565217,0.3455999999999999,0.9841,True
1540,occipital_protuberance,692.024,382.68,0.1605732069565217,0.0700023130434782,0.1714,0.9302,True
1540,tail_base,661.3530000000001,501.305,0.0639893706521741,0.423454222826087,0.104,1.0,False
1540,tail_tip,595.178,470.812,-0.1278303952173913,0.3160310060869565,0.0031999999999998,0.9865,True
1540,withers,713.788,417.72,0.2124933991304348,0.1662210521739129,0.3510999999999999,0.9578,True
1541,occipital_protuberance,690.5719999999999,381.914,0.1564983521739127,0.067814302173913,0.164,0.9347,True
1541,tail_base,663.3430000000001,503.136,0.0696281093478263,0.4269497947826086,0.1228000000000001,0.9484,True
1541,tail_tip,595.454,476.89,-0.1268979965217392,0.3329840347826088,-0.0093000000000001,0.9836,True
1541,withers,712.9,416.878,0.2101897173913043,0.1639941117391304,0.3479000000000001,0.9281,True
1542,occipital_protuberance,689.016,381.186,0.1522799252173911,0.0658193752173912,0.1528000000000001,0.9248,True
1542,tail_base,665.235,504.422,0.0752112717391304,0.4304403521739131,0.134,0.9386,True
1542,tail_tip,596.032,481.704,-0.124668396521739,0.3450837547826087,0.0029,1.0,True
1542,withers,711.818,415.814,0.2074915695652173,0.1612539260869564,0.346,0.8964,True
1543,occipital_protuberance,687.1859999999999,380.562,0.1473639295652171,0.06421602,0.1378000000000001,0.9302,True
1543,tail_base,667.202,505.178,0.0809377769565217,0.4319676708695652,0.1415999999999999,0.9932,True
1543,tail_tip,597.128,484.786,-0.1217098799999998,0.3542566030434781,0.0076999999999998,0.9731,True
1543,withers,710.784,414.4,0.20491968,0.1574879999999999,0.3405999999999999,0.9322,True
1544,occipital_protuberance,684.784,380.238,0.1402907478260869,0.0633977347826087,0.129,1.0,True
1544,tail_base,669.1880000000001,505.41,0.0871134895652177,0.4339856282608696,0.1366999999999998,1.0,True
1544,tail_tip,598.916,485.75999999999993,-0.1170536747826085,0.3583066434782607,0.0008000000000001,0.9811,True
1544,withers,709.588,413.076,0.2021985234782607,0.1542203947826087,0.3343000000000002,1.0,True
1545,occipital_protuberance,682.076,380.34,0.1322101095652174,0.0639118173913044,0.1236999999999998,0.9824,True
1545,tail_base,670.992,505.228,0.0932454956521737,0.4369468521739129,0.124,0.9539,True
1545,tail_tip,601.686,484.502,-0.1092948495652172,0.3551554878260868,0.0105999999999999,0.9592,True
1545,withers,708.3259999999999,411.946,0.1989326343478258,0.1512419082608696,0.3289000000000001,0.9956,True
1546,occipital_protuberance,678.7320000000001,380.668,0.1223510200000002,0.0652884147826087,0.1118000000000001,0.9385,True
1546,tail_base,672.8240000000001,504.778,0.0996779252173915,0.4396530178260868,0.1041999999999998,0.9389,True
1546,tail_tip,605.5780000000001,481.188,-0.0984244708695649,0.346518644347826,0.0119,1.0,True
1546,withers,706.984,410.784,0.1952583600000001,0.1480353599999999,0.3256999999999998,0.9941,True
1547,occipital_protuberance,675.144,381.382,0.11101684,0.0675438786956521,0.1118000000000001,0.9517,True
1547,tail_base,674.932,504.002,0.1070134226086957,0.441146996521739,0.0925999999999999,0.9577,True
1547,tail_tip,610.6859999999999,477.384,-0.0845772626086958,0.3386783582608696,0.0095999999999999,0.9517,True
1547,withers,705.588,410.174,0.1912603113043477,0.1463117469565217,0.3281999999999998,0.9584,True
1548,occipital_protuberance,671.1940000000001,382.522,0.0983221317391306,0.0709883647826086,0.1181999999999998,0.9137,True
1548,tail_base,677.109,503.13,0.1142271490217392,0.4405759206521739,0.0860999999999999,0.9913,True
1548,tail_tip,617.77,473.27,-0.0649599260869565,0.3309946391304347,0.0305999999999999,0.9021,True
1548,withers,703.5799999999999,409.326,0.1857779956521736,0.1441284273913043,0.3228000000000002,0.9105,True
1549,occipital_protuberance,666.892,384.062,0.0850254886956523,0.0760777669565217,0.1056999999999998,0.9473,True
1549,tail_base,679.411,502.156,0.1207561607608694,0.4355690743478259,0.1020999999999999,0.9533,True
1549,tail_tip,625.784,468.97,-0.0420484556521739,0.322314308695652,0.0728000000000001,0.9458,True
1549,withers,701.384,407.966,0.1794414452173913,0.1402171308695652,0.3215999999999999,0.9387,True
1550,occipital_protuberance,662.65,385.718,0.0716429347826086,0.0813471521739129,0.0805,0.9272,True
1550,tail_base,681.739,501.304,0.1276714346739131,0.4322212895652172,0.1099000000000001,0.9581,False
1550,tail_tip,633.3259999999999,464.986,-0.0200220000000002,0.3149579999999999,0.07,0.9375,True
1550,withers,698.742,406.568,0.1720629799999999,0.1364037460869565,0.3126999999999998,0.9784,True
1551,occipital_protuberance,658.694,387.638,0.0588698443478259,0.0870356669565218,0.0598000000000001,0.924,True
1551,tail_base,683.999,500.376,0.1337904375,0.426849847826087,0.1265,0.9726,True
1551,tail_tip,639.5260000000001,462.228,-0.0014427117391302,0.3111509191304346,0.0418000000000001,0.9813,True
1551,withers,695.812,405.2,0.1635534260869565,0.132455652173913,0.308,0.9419,True
1552,occipital_protuberance,654.646,389.902,0.046103060869565,0.0941262956521738,0.0285,0.9345,True
1552,tail_base,686.089,499.758,0.1397849311956523,0.4238768993478261,0.1341999999999998,0.946,True
1552,tail_tip,643.504,460.378,0.0107877495652174,0.309033312173913,0.0155999999999999,0.9434,True
1552,withers,692.354,403.556,0.1533630760869566,0.1275906739130434,0.3055,0.9852,True
1553,occipital_protuberance,650.642,392.47,0.0334575226086958,0.102082856521739,-0.0034,0.9069,True
1553,tail_base,688.024,499.494,0.1451264399999999,0.4215448030434781,0.1508000000000001,0.9221,True
1553,tail_tip,644.35,459.912,0.0133526086956522,0.3066863999999999,0.03,0.9675,True
1553,withers,689.044,402.74,0.1434856852173912,0.1250423739130433,0.3089,0.9739,True
1554,occipital_protuberance,646.796,394.608,0.0212256808695653,0.108089812173913,0.0025999999999999,0.9185,True
1554,tail_base,689.756,499.654,0.1506092486956521,0.4227265860869565,0.1491999999999998,0.9575,True
1554,tail_tip,643.1719999999999,461.358,0.0097283860869562,0.3108605791304348,0.0234,0.9632,True
1554,withers,685.8,402.688,0.1332282173913042,0.1241756799999999,0.3208000000000002,0.9625,True
1555,occipital_protuberance,642.854,396.714,0.0088827647826088,0.114268334347826,0.0035999999999999,0.9423,True
1555,tail_base,691.894,499.9440000000001,0.1573516330434783,0.4243345460869567,0.1474000000000001,0.9931,True
1555,tail_tip,641.4100000000001,465.064,0.0042885456521741,0.31955444,0.0438000000000001,0.9279,True
1555,withers,682.6600000000001,403.114,0.1236861782608698,0.125002482173913,0.3230999999999999,0.9662,True
1556,occipital_protuberance,638.75,398.544,-0.0038785326086956,0.1195953286956521,0.0064,0.9565,True
1556,tail_base,694.264,500.3740000000001,0.1648799843478261,0.4265233473913045,0.1645999999999999,1.0,True
1556,tail_tip,639.9200000000001,470.918,-0.0002427999999997,0.33663613,0.0468000000000001,0.9524,True
1556,withers,678.742,404.114,0.1122338895652172,0.1277963399999999,0.3188000000000002,0.9317,True
1557,occipital_protuberance,634.8480000000001,399.86800000000005,-0.0159095999999997,0.1231141173913045,0.02,0.9598,True
1557,tail_base,696.982,500.896,0.1733615413043477,0.4286607652173913,0.178,0.9527,True
1557,tail_tip,639.4860000000001,478.38,-0.0015539560869562,0.3578936217391304,0.0665999999999999,0.9841,True
1557,withers,675.1220000000001,405.704,0.1017469069565219,0.1324025008695652,0.3048000000000002,0.9192,True
1558,occipital_protuberance,631.1899999999999,400.894,-0.0271233086956523,0.12590018,0.0215999999999999,0.9129,True
1558,tail_base,700.234,501.072,0.1853243047826088,0.4340417426086957,0.1599000000000001,0.9617,True
1558,tail_tip,640.374,487.23,0.001135577826087,0.3863090021739131,0.0125999999999999,0.9368,True
1558,withers,671.586,407.25,0.0914346034782608,0.1367784782608695,0.2938000000000001,0.9041,True
1559,occipital_protuberance,627.4219999999999,401.86,-0.0387238339130437,0.1288742,0.0215999999999999,0.9475,True
1559,tail_base,703.9459999999999,500.71400000000006,0.1992612965217388,0.4384770600000001,0.1371999999999998,0.9373,True
1559,tail_tip,642.1580000000001,496.67,0.0065223204347829,0.4130702195652172,-0.0100999999999999,0.9684,True
1559,withers,667.546,409.032,0.0799971769565218,0.1423953234782608,0.2621999999999998,0.9793,True
1560,occipital_protuberance,623.452,402.754,-0.0509246713043478,0.131570787826087,0.0198000000000001,0.9247,True
1560,tail_base,707.4860000000001,500.03600000000006,0.2120674195652177,0.4400479086956523,0.12,1.0,True
1560,tail_tip,645.0840000000001,506.122,0.0154553600000001,0.4442108799999999,-0.0088000000000001,1.0,True
1560,withers,663.45,410.79,0.0682955760869566,0.147920354347826,0.2250999999999999,0.9554,True
1561,occipital_protuberance,619.466,403.716,-0.0631643695652173,0.1344742173913043,0.015,1.0,True
1561,tail_base,710.816,499.208,0.224440535652174,0.441198572173913,0.0951999999999998,0.958,True
1561,tail_tip,649.734,515.658,0.0295532704347827,0.4725912234782608,-0.0141999999999998,0.9776,True
1561,withers,659.808,412.324,0.057757544347826,0.1525699591304346,0.1904000000000001,1.0,True
1562,occipital_protuberance,615.7,404.784,-0.0745270434782607,0.1373505808695652,0.0144,0.9501,True
1562,tail_base,713.496,498.088,0.2362736626086956,0.4439229008695652,0.0499,0.9553,True
1562,tail_tip,656.002,525.312,0.0477450978260868,0.4932406956521739,0.061,1.0,True
1562,withers,656.354,413.65,0.0477607904347827,0.1566813260869564,0.1801999999999998,0.9416,True
1563,occipital_protuberance,612.05,405.394,-0.0856849782608697,0.1391622147826087,0.0065999999999999,0.9483,True
1563,tail_base,715.5559999999999,497.152,0.2439801791304345,0.4428816973913045,0.0401999999999998,0.9568,True
1563,tail_tip,662.24,533.4,0.0651728695652174,0.5081373913043478,0.101,0.9696,True
1563,withers,652.936,415.11,0.0377478104347827,0.1608133760869565,0.1764,0.9785,True
1564,occipital_protuberance,608.8420000000001,405.89,-0.0952351043478257,0.1402637826086956,-0.006,0.8946,True
1564,tail_base,717.092,496.32,0.2503311313043477,0.4426547478260869,0.0165999999999999,0.939,True
1564,tail_tip,668.246,540.272,0.0822634047826086,0.5250226052173914,-0.0884,0.8523,True
1564,withers,650.06,416.458,0.0293205260869563,0.1645505230434781,0.1725999999999999,0.9655,True
1565,occipital_protuberance,606.3,406.032,-0.1023967173913044,0.1398672313043479,0.0015999999999999,0.9335,True
1565,tail_base,718.3879999999999,495.518,0.2564139643478259,0.4432911621739132,-0.0019,0.9442,True
1565,tail_tip,674.6360000000001,545.5600000000001,0.0986222452173915,0.5283619304347827,-0.0635999999999999,1.0,True
1565,withers,647.482,417.61,0.0217807526086955,0.1677077195652174,0.1758000000000001,1.0,True
1566,occipital_protuberance,604.3340000000001,406.144,-0.1079051569565215,0.1396056626086954,-0.0184,0.9183,True
1566,tail_base,719.5519999999999,494.508,0.2620719582608692,0.4431161373913043,-0.0338000000000001,0.9405,True
1566,tail_tip,680.4359999999999,548.3199999999999,0.1113923895652171,0.5187806608695651,-0.0009,0.9939,True
1566,withers,645.5339999999999,418.72,0.0160846913043474,0.170670956521739,0.18,1.0,True
1567,occipital_protuberance,602.8100000000001,405.892,-0.1128069717391302,0.1392024078260869,-0.0315999999999999,0.922,True
1567,tail_base,720.8219999999999,493.31000000000006,0.2655178399999996,0.4379523304347828,-0.0254,0.9595,True
1567,tail_tip,685.436,549.092,0.1234970234782609,0.5139602773913042,-0.0075999999999999,0.9657,True
1567,withers,643.376,419.574,0.0098124173913042,0.1731531260869563,0.174,1.0,True
1568,occipital_protuberance,601.7700000000001,405.396,-0.1157122369565214,0.1374018495652174,-0.0195999999999999,0.9242,True
1568,tail_base,722.0780000000001,491.5220000000001,0.2705005391304351,0.4334507652173914,-0.028,0.9968,True
1568,tail_tip,691.542,549.13,0.1373594300000001,0.50403145,-0.0588000000000001,0.9989,True
1568,withers,641.2900000000001,420.03,0.0037631543478263,0.1751179500000001,0.1641999999999998,1.0,True
1569,occipital_protuberance,601.346,404.448,-0.1165586160869565,0.1340300452173912,-0.0151999999999998,0.9268,True
1569,tail_base,723.304,489.716,0.2732914486956521,0.4255530773913043,-0.0176999999999998,0.9984,True
1569,tail_tip,698.42,548.412,0.1517395999999999,0.4893796904347826,-0.0405999999999999,0.9662,True
1569,withers,639.14,420.072,-0.0025078347826087,0.1751751756521739,0.1621999999999998,0.9828,True
1570,occipital_protuberance,601.028,403.44,-0.117517524347826,0.1309904869565215,-0.0036999999999998,0.9433,True
1570,tail_base,724.434,487.708,0.2746124073913042,0.4153563886956521,-0.0016999999999998,0.9735,True
1570,tail_tip,703.732,547.178,0.1630292269565216,0.478809462173913,-0.0194,0.9412,True
1570,withers,637.0179999999999,420.012,-0.0087100330434785,0.175287224347826,0.1578000000000002,1.0,True
1571,occipital_protuberance,601.356,401.412,-0.116436052173913,0.124776156521739,0.016,0.9214,True
1571,tail_base,725.4159999999999,485.596,0.2756894243478259,0.4053747417391305,0.0145999999999999,0.9897,True
1571,tail_tip,708.174,546.046,0.1737103160869564,0.4740532969565218,-0.0301999999999998,0.9431,True
1571,withers,634.96,419.63,-0.0148121217391303,0.1752473847826087,0.1381999999999998,1.0,True
1572,occipital_protuberance,602.558,398.526,-0.1118701843478261,0.115108987826087,0.0601999999999998,0.9031,True
1572,tail_base,726.2900000000001,483.416,0.276428139130435,0.3953604730434781,0.0263000000000001,0.9565,True
1572,tail_tip,712.886,544.472,0.1836093408695651,0.4647090295652173,-0.0225999999999999,0.9263,True
1572,withers,633.4780000000001,419.112,-0.019264003043478,0.1745988573913042,0.1245999999999999,1.0,True
1573,occipital_protuberance,604.1039999999999,395.622,-0.1067593860869567,0.1059444743478261,0.0908000000000001,0.9398,True
1573,tail_base,726.924,481.494,0.274547564347826,0.3837361578260869,0.0641999999999998,0.9223,True
1573,tail_tip,717.546,542.766,0.1951293369565218,0.4598948804347825,-0.031,0.9387,True
1573,withers,632.384,418.752,-0.0226575999999999,0.1747871999999998,0.105,0.96,True
1574,occipital_protuberance,606.12,392.652,-0.1007193478260869,0.0970687173913043,0.098,0.9235,True
1574,tail_base,727.402,479.458,0.2734922582608697,0.3737996634782607,0.0811999999999998,0.9058,True
1574,tail_tip,722.598,540.7,0.2076262334782607,0.4542248043478261,-0.0265999999999999,0.905,True
1574,withers,632.124,418.442,-0.0235252695652173,0.1745637130434782,0.094,0.9633,True
1575,occipital_protuberance,608.856,389.292,-0.0927414156521739,0.0872264817391305,0.0964000000000001,0.9748,True
1575,tail_base,727.774,477.548,0.2732061156521739,0.3658809269565216,0.0734,0.9489,True
1575,tail_tip,728.634,538.988,0.2207564647826087,0.4457968513043479,-0.0234,0.9717,True
1575,withers,632.018,417.64400000000006,-0.0238505630434781,0.1722427782608697,0.093,0.9838,True
1576,occipital_protuberance,612.384,386.482,-0.0824457669565217,0.0790602839130435,0.0924000000000001,0.9892,True
1576,tail_base,727.864,475.78,0.2720536852173913,0.3584901173913044,0.0884,0.9694,True
1576,tail_tip,734.814,537.232,0.2349119908695651,0.4391115443478259,-0.0269,0.897,True
1576,withers,632.7239999999999,417.13,-0.0216429365217393,0.1699369108695652,0.1054,0.9382,True
1577,occipital_protuberance,615.932,384.302,-0.0724917695652173,0.0731965673913044,0.071,0.903,True
1577,tail_base,727.644,474.22,0.2692766634782609,0.3509285347826086,0.1104000000000001,0.9579,True
1577,tail_tip,739.902,535.672,0.2502110743478262,0.4399819808695652,-0.0516999999999998,0.9329,True
1577,withers,633.8340000000001,416.66399999999993,-0.0182580621739128,0.1677870313043476,0.1208000000000001,0.867,True
1578,occipital_protuberance,619.922,382.216,-0.0609323652173912,0.0674207304347826,0.053,0.9551,True
1578,tail_base,727.392,473.054,0.2687304000000002,0.3476410499999999,0.108,0.9523,True
1578,tail_tip,744.18,534.064,0.2614465043478259,0.4368249599999999,-0.0528000000000001,0.9364,True
1578,withers,635.144,415.86800000000005,-0.0142354695652173,0.1637782565217392,0.151,0.8912,True
1579,occipital_protuberance,624.008,380.358,-0.0487547408695651,0.0620653460869565,0.0461999999999998,0.9564,True
1579,tail_base,727.0379999999999,472.33,0.2677553778260866,0.3455612673913044,0.1068000000000001,0.9604,True
1579,tail_tip,747.8839999999999,532.612,0.2712344478260867,0.4339690826086956,-0.02,0.9921,True
1579,withers,636.368,414.7600000000001,-0.0106117565217389,0.1599944347826088,0.16,0.9143,True
1580,occipital_protuberance,628.182,378.652,-0.0360012247826086,0.0568196686956521,0.0549,0.9933,True
1580,tail_base,726.4639999999999,472.076,0.2661023582608693,0.3449260721739131,0.1055999999999999,0.9681,True
1580,tail_tip,751.9759999999999,530.534,0.2857335408695649,0.4351582808695652,-0.0175999999999999,0.9345,False
1580,withers,637.994,413.87,-0.005861008695652,0.1573940869565217,0.166,0.9367,True
1581,occipital_protuberance,631.52,376.712,-0.0258216,0.0508880399999999,0.0625999999999999,0.8608,True
1581,tail_base,726.102,472.326,0.2653251847826086,0.3461350108695653,0.102,0.9663,True
1581,tail_tip,756.336,528.626,0.3012343686956522,0.4366313665217389,-0.0191999999999998,0.9321,True
1581,withers,639.3,412.42,-0.0020444565217392,0.1531005869565216,0.167,0.9099,True
1582,occipital_protuberance,634.5640000000001,374.764,-0.0165029869565215,0.0448215782608696,0.086,0.9131,True
1582,tail_base,725.826,473.002,0.2687286691304348,0.3538190882608694,0.0564,0.9819,True
1582,tail_tip,760.566,527.0620000000001,0.3154635600000001,0.437121354782609,-0.0351999999999998,0.9898,True
1582,withers,640.576,410.968,0.0016809182608696,0.14873792,0.1761999999999998,0.9008,True
1583,occipital_protuberance,637.222,372.964,-0.0084227752173913,0.039306284347826,0.1085999999999999,0.9577,True
1583,tail_base,725.384,473.904,0.2688482295652175,0.3586490295652174,0.0401999999999998,0.999,True
1583,tail_tip,764.296,526.092,0.3255204156521741,0.4349805052173913,-0.0414,0.9563,True
1583,withers,641.8639999999999,409.6139999999999,0.005452605217391,0.1451317356521737,0.1698000000000001,0.9074,True
1584,occipital_protuberance,639.4780000000001,371.502,-0.0015860856521737,0.0349485769565217,0.1290999999999999,0.925,True
1584,tail_base,724.946,474.86800000000005,0.2679307639130435,0.3623086547826089,0.0416999999999998,1.0,True
1584,tail_tip,767.556,525.6,0.3346403930434783,0.434448,-0.0455999999999999,0.9423,True
1584,withers,642.94,408.518,0.0086142000000001,0.1421577400000001,0.1684,0.9161,True
1585,occipital_protuberance,641.656,370.234,0.0050443199999998,0.0311736539130435,0.1315999999999999,0.9772,True
1585,tail_base,724.4820000000001,475.724,0.269754699130435,0.3695117634782608,0.0059,1.0,True
1585,tail_tip,769.9159999999999,525.36,0.3398715530434781,0.4325961391304349,-0.0438000000000001,0.9266,True
1585,withers,644.0,407.452,0.0117252173913043,0.1390962539130434,0.1671999999999998,0.9212,True
1586,occipital_protuberance,644.062,369.108,0.0123272869565217,0.0276408,0.158,0.987,True
1586,tail_base,723.938,476.412,0.2682548995652173,0.3720375678260869,0.0068000000000001,1.0,True
1586,tail_tip,771.83,524.826,0.3437037369565218,0.4297300473913044,-0.0415999999999999,0.9321,True
1586,withers,645.292,406.556,0.015499807826087,0.1363584756521738,0.1724,0.9371,True
1587,occipital_protuberance,646.3,367.968,0.0190876304347824,0.0241413078260868,0.1625999999999999,0.9107,True
1587,tail_base,723.476,476.93,0.2641833930434782,0.3700580304347826,0.0384,1.0,True
1587,tail_tip,773.636,523.8340000000001,0.3469597278260868,0.4253629265217393,-0.0315999999999999,0.939,True
1587,withers,646.428,405.606,0.0188046947826086,0.1334173786956521,0.1785999999999999,0.9844,True
1588,occipital_protuberance,648.458,366.696,0.0256148691304346,0.0202786904347826,0.1708000000000001,0.9411,True
1588,tail_base,723.138,477.25,0.262318463478261,0.3699492391304347,0.0471999999999998,1.0,True
1588,tail_tip,775.228,522.26,0.3537976043478259,0.4245215434782609,-0.044,0.9273,True
1588,withers,647.5740000000001,404.616,0.0220864426086958,0.1301041356521738,0.1871999999999998,0.9609,True
1589,occipital_protuberance,650.664,365.274,0.032226144347826,0.0159377986956521,0.1798000000000001,0.9818,True
1589,tail_base,722.837,477.501,0.2623141653260869,0.3720822427173914,0.0366999999999998,1.0,True
1589,tail_tip,776.292,520.548,0.3591886773913044,0.4231137834782609,-0.0525999999999999,0.9216,True
1589,withers,648.852,403.636,0.025761244347826,0.1269902460869564,0.1955999999999999,0.9749,True
1590,occipital_protuberance,652.506,363.86,0.0378578369565216,0.0116848913043478,0.175,0.9843,True
1590,tail_base,722.5930000000001,477.687,0.2604282975000002,0.3710850198913044,0.0490999999999999,1.0,True
1590,tail_tip,777.1220000000001,519.222,0.3649531839130436,0.423772814347826,-0.0685999999999999,0.9649,True
1590,withers,650.136,402.692,0.0293899930434781,0.1237882382608695,0.2119000000000001,0.9676,True
1591,occipital_protuberance,654.356,362.674,0.0436203939130434,0.0081248908695651,0.1645999999999999,0.9507,True
1591,tail_base,722.321,477.813,0.2592306185869566,0.3709956981521739,0.0529,1.0,False
1591,tail_tip,777.914,518.442,0.3688300060869565,0.4237290182608695,-0.0804000000000001,0.9769,True
1591,withers,651.1569999999999,401.757,0.0323116421739128,0.1209319030434782,0.2150999999999999,0.9604,True
1592,occipital_protuberance,656.214,361.672,0.0493469565217392,0.0050886956521739,0.16,0.9059,True
1592,tail_base,721.9370000000001,477.899,0.2586804527173917,0.3722148320652174,0.0525,1.0,True
1592,tail_tip,778.738,517.9200000000001,0.3728432947826088,0.4243928347826089,-0.0794000000000001,0.9792,True
1592,withers,652.219,400.721,0.0353580671739131,0.1178341806521739,0.2233000000000002,0.948,True
1593,occipital_protuberance,658.162,360.702,0.0550900839130435,0.0021293491304347,0.1724,0.9415,True
1593,tail_base,721.529,478.007,0.2591913252173913,0.3751596452173911,0.0321999999999998,0.9971,True
1593,tail_tip,779.524,517.614,0.3758048608695652,0.4245298826086958,-0.085,0.9875,True
1593,withers,653.2549999999999,399.775,0.0382637271739127,0.1148200489130434,0.2331999999999998,0.9268,False
1594,occipital_protuberance,660.258,359.762,0.0611175052173914,-0.0007180356521739,0.1874000000000001,0.9174,True
1594,tail_base,721.042,478.122,0.2596427119565218,0.3784397771739131,0.0095,0.9801,True
1594,tail_tip,780.454,516.8340000000001,0.382004346521739,0.426554385652174,-0.1151999999999998,0.9942,True
1594,withers,654.2149999999999,398.629,0.0409670119565215,0.1113270984782609,0.2405999999999999,0.9524,True
1595,occipital_protuberance,662.442,358.99,0.0673064852173913,-0.0030291217391304,0.2108000000000001,0.9403,True
1595,tail_base,720.486,478.234,0.2577389180434782,0.3786186819565218,0.0169,0.958,False
1595,tail_tip,781.522,515.838,0.3857705126086957,0.4247940613043477,-0.1058000000000001,0.984,True
1595,withers,655.141,397.279,0.0436521613043477,0.1074769778260869,0.2520999999999999,0.9706,True
1596,occipital_protuberance,664.308,358.402,0.0725382426086956,-0.0047686404347826,0.2245999999999999,0.9193,True
1596,tail_base,719.9,478.426,0.2582246413043477,0.3827348106521741,-0.0103000000000001,0.9593,True
1596,tail_tip,782.486,514.694,0.3926108804347826,0.4262492282608695,-0.102,0.9383,True
1596,withers,655.796,396.238,0.0454856121739131,0.104349684347826,0.2553000000000002,0.9509,True
1597,occipital_protuberance,666.028,358.09399999999994,0.0772182860869565,-0.0056546047826088,0.2475999999999999,0.9373,True
1597,tail_base,719.326,478.666,0.2581975076086957,0.3862449315217391,-0.0315,0.9587,True
1597,tail_tip,783.1800000000001,513.686,0.3951145478260871,0.4241065400000001,-0.0878000000000001,0.9041,True
1597,withers,656.4219999999999,395.184,0.0469740599999997,0.1006415373913044,0.2864000000000001,0.9301,True
1598,occipital_protuberance,667.4060000000001,358.112,0.081139633478261,-0.0055897113043479,0.2531999999999998,0.9366,True
1598,tail_base,718.849,478.89,0.2568506175000001,0.3872841750000001,-0.0339,0.9567,True
1598,tail_tip,783.566,512.954,0.39708483,0.4230508134782607,-0.0935999999999999,0.9023,True
1598,withers,657.0199999999999,394.15,0.0484033999999996,0.0971196304347827,0.3015999999999999,0.9298,True
1599,occipital_protuberance,668.3399999999999,358.208,0.0840096173913041,-0.0053121113043479,0.2568000000000002,0.9418,True
1599,tail_base,718.4689999999999,479.098,0.2542139722826085,0.385838683695652,-0.0175,0.9619,True
1599,tail_tip,783.8399999999999,512.94,0.3975299826086954,0.4226796130434783,-0.0915999999999999,0.9156,True
1599,withers,657.5200000000001,393.472,0.0496273043478263,0.0948130782608695,0.325,0.9319,True
1600,occipital_protuberance,669.026,358.38,0.0858980299999998,-0.0047941434782608,0.2614000000000001,0.9306,True
1600,tail_base,718.1070000000001,479.338,0.2528034933695655,0.386253002826087,-0.0076999999999998,0.9617,False
1600,tail_tip,783.862,512.8320000000001,0.399592342173913,0.4245074921739133,-0.1044,0.9107,True
1600,withers,657.876,393.106,0.0504919278260868,0.0935100560869565,0.3324000000000001,0.9323,True
1601,occipital_protuberance,669.414,358.408,0.0868672152173912,-0.0047015913043477,0.267,0.9352,True
1601,tail_base,717.8410000000001,479.538,0.2510456859782612,0.3855230432608695,0.0029,0.9593,True
1601,tail_tip,783.898,512.692,0.3931856439130435,0.4172142930434783,-0.0628000000000001,0.9215,True
1601,withers,658.366,392.626,0.0517082752173912,0.0918563752173914,0.3408000000000001,0.9367,True
1602,occipital_protuberance,669.804,358.26200000000006,0.087947716521739,-0.0051286113043476,0.2691999999999998,0.9242,True
1602,tail_base,717.659,479.654,0.2504587161956521,0.3858971558695652,0.0064,0.9544,True
1602,tail_tip,783.83,512.328,0.3920930869565218,0.4152593739130434,-0.057,0.9124,True
1602,withers,658.576,392.49,0.0526104626086957,0.0920173304347826,0.3254000000000001,0.9396,True
1603,occipital_protuberance,670.3459999999999,358.22200000000004,0.0892898065217388,-0.0052315717391303,0.277,0.931,True
1603,tail_base,717.516,479.718,0.2496015199999998,0.38549196,0.0110999999999999,0.9545,True
1603,tail_tip,783.934,512.074,0.39516141,0.4175092491304347,-0.0518000000000001,0.9253,True
1603,withers,658.72,392.556,0.0533072347826087,0.0927067486956521,0.3111999999999998,0.9536,True
1604,occipital_protuberance,670.818,358.168,0.0904508299999999,-0.0053769199999999,0.2838000000000001,0.9186,True
1604,tail_base,717.426,479.77,0.249193897826087,0.3854771413043477,0.0125,0.9624,True
1604,tail_tip,783.9159999999999,511.754,0.3929532521739128,0.4143544,-0.038,0.9488,True
1604,withers,658.91,392.582,0.053934608695652,0.0929295304347826,0.3165,0.9542,True
1605,occipital_protuberance,671.176,358.148,0.0914270086956523,-0.0054311913043477,0.2925,0.8836,True
1605,tail_base,717.421,479.783,0.248361518804348,0.3842560520652174,0.0221999999999998,0.9644,True
1605,tail_tip,783.896,511.718,0.3901771321739128,0.4113866552173912,-0.0205999999999999,0.9274,True
1605,withers,659.058,392.63,0.0541868656521739,0.092775602173913,0.3246999999999998,0.9553,True
1606,occipital_protuberance,671.644,358.146,0.0929920852173913,-0.0054483417391303,0.2869000000000001,0.8972,True
1606,tail_base,717.423,479.783,0.2474927181521739,0.3829019833695652,0.0325999999999999,0.9607,True
1606,tail_tip,783.95,511.944,0.396363195652174,0.4183745008695651,-0.0591999999999998,0.9157,True
1606,withers,659.126,392.742,0.0544675217391303,0.0932435217391304,0.3205,0.9602,True
1607,occipital_protuberance,672.0939999999999,358.266,0.0943144982608693,-0.0050956982608696,0.2869000000000001,0.8975,True
1607,tail_base,717.477,479.829,0.2467558235869564,0.3816423401086957,0.0434,0.9576,False
1607,tail_tip,784.0699999999999,512.202,0.3972886847826085,0.4197135586956521,-0.063,0.9246,True
1607,withers,659.362,392.666,0.0550301713043477,0.0928424530434782,0.3256999999999998,0.9597,True
1608,occipital_protuberance,672.376,358.17,0.0952206313043477,-0.0053821891304349,0.2846999999999998,0.9219,True
1608,tail_base,717.455,479.851,0.2463489951086957,0.3811913164130434,0.0474,0.9518,True
1608,tail_tip,784.134,512.126,0.3937678213043479,0.4156016178260869,-0.0394,0.9431,True
1608,withers,659.6360000000001,392.46,0.0559668686956524,0.092518056521739,0.3183000000000002,0.9586,True
1609,occipital_protuberance,672.6859999999999,358.046,0.0960542060869562,-0.0057422113043478,0.2904000000000001,0.933,True
1609,tail_base,717.399,479.81500000000005,0.2469617005434782,0.3823010135869567,0.038,0.9528,True
1609,tail_tip,784.5380000000001,511.7380000000001,0.3964111756521742,0.4161579582608698,-0.0581999999999998,0.9137,True
1609,withers,659.908,391.994,0.0568546513043478,0.0913706908695653,0.3160999999999999,0.9584,True
1610,occipital_protuberance,672.812,357.808,0.0962247565217391,-0.0064282782608695,0.296,0.9559,True
1610,tail_base,717.25,479.688,0.2467633695652173,0.3823251026086957,0.0346999999999998,0.9609,True
1610,tail_tip,785.0020000000001,510.8440000000001,0.4007413969565219,0.4168869069565218,-0.0775999999999999,0.9376,True
1610,withers,660.222,391.392,0.0580459321739129,0.0901086886956521,0.3026999999999998,0.9602,True
1611,occipital_protuberance,672.81,357.47799999999995,0.0960976369565215,-0.0073867186956523,0.2994000000000001,0.9737,True
1611,tail_base,717.116,479.57,0.248900272173913,0.3859251717391304,0.0040999999999999,0.9695,True
1611,tail_tip,785.462,509.63200000000006,0.4039732717391304,0.4155540869565219,-0.0735,0.9854,True
1611,withers,660.5200000000001,390.648,0.0590396086956524,0.0881796260869565,0.31,0.9961,True
1612,occipital_protuberance,672.664,357.082,0.0961954799999999,-0.00859351,0.2845999999999999,0.9478,True
1612,tail_base,716.932,479.454,0.250029,0.3882255,-0.0165,0.9774,True
1612,tail_tip,785.998,508.424,0.4070170330434784,0.4137802991304347,-0.0788000000000001,0.9971,True
1612,withers,660.7819999999999,389.96,0.0596985539130432,0.086063356521739,0.3141999999999998,1.0,True
1613,occipital_protuberance,672.452,356.67,0.0957686739130434,-0.0098271195652173,0.2755,0.9408,True
1613,tail_base,716.786,479.378,0.2512571460869564,0.3906255773913043,-0.0369,0.9728,True
1613,tail_tip,786.438,507.38,0.4136873499999999,0.4163485,-0.106,1.0,True
1613,withers,660.934,389.458,0.060062376521739,0.084518844347826,0.3174,1.0,True
1614,occipital_protuberance,672.368,356.378,0.0957952069565219,-0.0107195452173913,0.2676999999999998,0.9349,True
1614,tail_base,716.67,479.316,0.2508775739130433,0.3904227026086956,-0.0369,0.9729,True
1614,tail_tip,786.6,506.58,0.4125833913043478,0.4125271043478262,-0.0961999999999998,1.0,True
1614,withers,661.036,388.916,0.0603550278260867,0.0829637756521738,0.3204000000000001,1.0,True
1615,occipital_protuberance,672.53,355.968,0.096550454347826,-0.0119671513043479,0.2664000000000001,0.9301,True
1615,tail_base,716.5899999999999,479.242,0.2499664499999997,0.3891695969565217,-0.0325999999999999,0.9744,True
1615,tail_tip,786.762,506.276,0.415527888695652,0.4141518747826087,-0.1118000000000001,1.0,True
1615,withers,661.068,388.438,0.0604972199999999,0.0816603352173912,0.3181999999999998,1.0,True
1616,occipital_protuberance,672.642,355.534,0.0968402986956523,-0.0132494569565217,0.2675999999999999,0.9568,True
1616,tail_base,716.498,479.104,0.2492005500000001,0.3879942260869564,-0.027,0.9755,True
1616,tail_tip,786.7,506.178,0.4146826304347827,0.4132070726086956,-0.1005999999999999,1.0,True
1616,withers,661.132,388.078,0.060708560869565,0.0806632108695651,0.317,1.0,True
1617,occipital_protuberance,672.784,355.046,0.0969337356521738,-0.0146476856521739,0.2768000000000001,0.9801,True
1617,tail_base,716.4100000000001,478.958,0.2482162239130437,0.3864324769565216,-0.0185999999999999,0.9838,True
1617,tail_tip,786.51,506.332,0.4146233,0.4141195599999999,-0.1105999999999999,1.0,True
1617,withers,661.11,387.644,0.060861047826087,0.0796988539130434,0.3210999999999999,1.0,True
1618,occipital_protuberance,673.048,354.516,0.0978364486956521,-0.0162350243478261,0.2734000000000001,0.9619,True
1618,tail_base,716.33,478.768,0.2474917282608697,0.3850923304347827,-0.013,0.9854,True
1618,tail_tip,786.338,506.602,0.4128004104347825,0.41354512,-0.1021999999999998,1.0,True
1618,withers,661.132,387.326,0.0609474443478259,0.0788117482608694,0.3200999999999999,1.0,True
1619,occipital_protuberance,673.246,353.93600000000004,0.0987117104347825,-0.0180048069565216,0.2654000000000001,0.954,True
1619,tail_base,716.2180000000001,478.592,0.2461344326086959,0.3829748173913043,0.0025,0.9906,True
1619,tail_tip,786.1279999999999,506.9860000000001,0.4137646086956519,0.4161940543478262,-0.112,1.0,True
1619,withers,661.1200000000001,387.40600000000006,0.0608393739130438,0.078947153478261,0.3233000000000002,1.0,True
1620,occipital_protuberance,673.5219999999999,353.53200000000004,0.0996988004347824,-0.0192366756521737,0.2608000000000002,0.9667,True
1620,tail_base,716.146,478.456,0.2474248395652172,0.3849047460869564,-0.0159,0.9885,True
1620,tail_tip,785.8979999999999,507.364,0.411273775217391,0.4154063017391305,-0.1004,1.0,True
1620,withers,661.1460000000001,387.45,0.0608407195652175,0.0789784239130434,0.3265,1.0,True
1621,occipital_protuberance,673.874,353.154,0.1007088747826087,-0.0203534556521739,0.2618000000000002,0.9632,True
1621,tail_base,716.068,478.314,0.2462784182608695,0.3830544352173913,-0.0050999999999999,0.9879,True
1621,tail_tip,785.6800000000001,507.756,0.4064155304347827,0.4122071191304347,-0.0805999999999999,0.9994,True
1621,withers,661.1899999999999,387.41600000000005,0.0609166434782607,0.0788150400000001,0.3286999999999998,1.0,True
1622,occipital_protuberance,674.3299999999999,352.88,0.102109360869565,-0.0211773565217391,0.2605999999999999,0.9873,True
1622,tail_base,715.938,478.15,0.2448505252173912,0.3809566956521739,0.0070999999999999,0.9928,True
1622,tail_tip,785.4860000000001,508.008,0.4031227295652176,0.4101108626086956,-0.0586999999999998,0.9942,True
1622,withers,661.2760000000001,387.52,0.0612147521739132,0.0791798260869564,0.3265,1.0,True
1623,occipital_protuberance,674.644,352.718,0.1028700860869565,-0.0216227908695653,0.2651999999999998,0.9667,True
1623,tail_base,715.792,478.046,0.2434900382608696,0.3792356060869565,0.0179,0.9911,True
1623,tail_tip,785.346,508.0940000000001,0.4038722982608695,0.4115081539130436,-0.0659000000000001,0.996,True
1623,withers,661.3520000000001,387.354,0.0613823582608698,0.0786368034782608,0.3286999999999998,1.0,True
1624,occipital_protuberance,675.104,352.644,0.1041520417391305,-0.021824932173913,0.2674000000000001,0.9733,True
1624,tail_base,715.613,477.96400000000006,0.2429232001086958,0.3789849943478262,0.0178000000000001,0.9898,True
1624,tail_tip,785.22,508.044,0.4035221826086957,0.4113692191304349,-0.0659000000000001,0.9902,True
1624,withers,661.4380000000001,386.958,0.0617041565217394,0.077592156521739,0.3255,1.0,True
1625,occipital_protuberance,675.534,352.58,0.1056904756521738,-0.0220696608695652,0.2640999999999999,0.974,True
1625,tail_base,715.419,477.926,0.2412178342391303,0.3771709293478262,0.031,0.9884,True
1625,tail_tip,784.8900000000001,507.92,0.4034241565217394,0.4118607304347825,-0.0710999999999999,0.9981,True
1625,withers,661.4540000000001,386.756,0.0616989056521741,0.0769467660869566,0.3276999999999998,1.0,True
1626,occipital_protuberance,676.0060000000001,352.682,0.1073996360869567,-0.0218283213043477,0.2563000000000002,1.0,True
1626,tail_base,715.153,477.916,0.2405794568478261,0.3774721865217391,0.0284,0.9813,False
1626,tail_tip,784.472,507.788,0.4061547617391304,0.4154770469565218,-0.0959000000000001,0.9917,True
1626,withers,661.4300000000001,386.556,0.0617323760869567,0.0764985991304347,0.3233000000000002,1.0,True
1627,occipital_protuberance,676.4200000000001,352.81800000000004,0.1088562130434784,-0.0214663734782607,0.2506999999999998,0.9963,True
1627,tail_base,714.933,477.97800000000007,0.2403150179347826,0.3783631402173915,0.023,0.9772,True
1627,tail_tip,784.0899999999999,507.638,0.4067096869565215,0.4167243026086957,-0.0968000000000001,0.9797,True
1627,withers,661.358,386.444,0.0614738956521737,0.0761127304347826,0.3255,1.0,True
1628,occipital_protuberance,676.8340000000001,352.934,0.1104619630434784,-0.0211903195652173,0.2415,0.9961,True
1628,tail_base,714.699,478.04,0.2411235003260868,0.3810254217391303,0.0073000000000001,0.9724,True
1628,tail_tip,783.728,507.52,0.402969568695652,0.4136011826086956,-0.0794000000000001,0.9913,True
1628,withers,661.246,386.398,0.0612254295652173,0.0760721495652174,0.3223000000000002,1.0,True
1629,occipital_protuberance,677.068,353.022,0.1107043878260869,-0.0208399486956522,0.2529,0.9994,True
1629,tail_base,714.4739999999999,478.06000000000006,0.2420404999999998,0.3836950000000002,-0.013,0.9635,True
1629,tail_tip,783.4300000000001,507.306,0.4050026673913046,0.4159473117391306,-0.0978000000000001,1.0,True
1629,withers,661.1560000000001,386.424,0.0610396591304349,0.076238984347826,0.3190999999999999,1.0,True
1630,occipital_protuberance,677.1540000000001,353.082,0.1106866121739133,-0.0206096243478261,0.2596999999999998,0.9988,True
1630,tail_base,714.206,478.1,0.2436860513043479,0.3878301304347826,-0.0441999999999998,0.9567,True
1630,tail_tip,783.2239999999999,507.126,0.4037671373913041,0.4147673843478261,-0.0935999999999999,0.9813,True
1630,withers,661.136,386.42,0.0610324973913042,0.0762906217391303,0.3169,1.0,True
1631,occipital_protuberance,677.096,353.078,0.1103767286956521,-0.0205959595652174,0.2630999999999999,0.998,True
1631,tail_base,714.0120000000001,478.158,0.2443844060869567,0.3901525786956522,-0.0608000000000001,0.9558,True
1631,tail_tip,783.042,506.914,0.3996780056521739,0.4104968786956522,-0.0705999999999999,0.9887,True
1631,withers,661.144,386.508,0.060931492173913,0.0763891408695651,0.3223000000000002,1.0,True
1632,occipital_protuberance,676.892,353.016,0.1095451800000001,-0.0207379252173914,0.2686999999999998,0.9912,True
1632,tail_base,713.774,478.166,0.2422353252173913,0.3879954921739131,-0.0438000000000001,0.9468,True
1632,tail_tip,782.8979999999999,506.764,0.4022578699999998,0.4131406599999999,-0.0898000000000001,1.0,True
1632,withers,661.1659999999999,386.676,0.0609948904347824,0.0768732730434783,0.3223000000000002,1.0,True
1633,occipital_protuberance,676.776,352.976,0.1086570904347824,-0.0207528660869565,0.2823000000000001,0.9772,True
1633,tail_base,713.61,478.20200000000006,0.2414728043478261,0.3877539521739132,-0.041,0.9498,True
1633,tail_tip,782.652,506.626,0.4041083069565219,0.415365957826087,-0.1061999999999998,1.0,True
1633,withers,661.202,386.812,0.0611769882608695,0.0773642773913043,0.3189000000000001,1.0,True
1634,occipital_protuberance,676.57,352.89,0.1079610000000001,-0.0209899565217391,0.2845,0.9734,True
1634,tail_base,713.4559999999999,478.2720000000001,0.2408558365217388,0.387803603478261,-0.0395999999999999,0.9446,True
1634,tail_tip,782.344,506.66,0.4025859652173914,0.4147927391304348,-0.0995,1.0,True
1634,withers,661.2320000000001,386.9440000000001,0.0609958434782611,0.0774054260869567,0.3305,1.0,True
1635,occipital_protuberance,676.378,352.832,0.1071253017391305,-0.0211082017391304,0.2913000000000001,0.9678,True
1635,tail_base,713.3439999999999,478.286,0.2399305460869563,0.3869495060869563,-0.0325999999999999,0.9404,True
1635,tail_tip,782.148,506.744,0.4009500652173914,0.4139137826086956,-0.0925,1.0,True
1635,withers,661.186,387.026,0.0607900030434783,0.0775469943478261,0.3336999999999998,1.0,True
1636,occipital_protuberance,676.2719999999999,352.838,0.1069472034782606,-0.0211170013043477,0.2879000000000001,0.9608,True
1636,tail_base,713.0459999999999,478.224,0.2378600073913041,0.3849733252173913,-0.0188000000000001,0.9372,True
1636,tail_tip,782.0319999999999,506.824,0.4059645078260868,0.4196612939130433,-0.1270999999999999,1.0,True
1636,withers,661.174,386.946,0.0607049373913042,0.0772530104347826,0.3359000000000001,1.0,True
1637,occipital_protuberance,676.204,352.91,0.1066994843478259,-0.0208954630434783,0.2890999999999999,0.9611,True
1637,tail_base,712.792,478.176,0.238377975652174,0.3870007095652176,-0.0358000000000001,0.9379,True
1637,tail_tip,781.87,506.906,0.4063341847826087,0.4207579456521737,-0.1325,1.0,True
1637,withers,661.1560000000001,386.63,0.0607039226086958,0.0764107326086956,0.3336999999999998,1.0,True
1638,occipital_protuberance,676.226,353.018,0.1068509495652173,-0.0205938643478261,0.2869000000000001,0.9626,True
1638,tail_base,712.546,478.082,0.2358691252173914,0.3839205199999999,-0.0141999999999998,0.9399,True
1638,tail_tip,781.6800000000001,507.0220000000001,0.4048352000000002,0.4200993843478262,-0.1263000000000002,1.0,True
1638,withers,661.176,386.32,0.0604666869565218,0.0751550434782608,0.3465,1.0,True
1639,occipital_protuberance,676.366,353.18999999999994,0.1078884352173912,-0.020203493478261,0.2710999999999999,0.9801,True
1639,tail_base,712.47,478.012,0.236063147826087,0.3844112626086957,-0.0198000000000001,0.946,True
1639,tail_tip,781.3299999999999,507.124,0.4051255173913041,0.4217341443478259,-0.1346999999999998,1.0,True
1639,withers,661.118,386.026,0.0604204343478262,0.0744626491304348,0.3548000000000001,1.0,True
1640,occipital_protuberance,676.542,353.314,0.1084979643478261,-0.0198516060869566,0.2654000000000001,1.0,True
1640,tail_base,712.274,477.896,0.23272228,0.37962512,0.0145999999999999,0.9408,True
1640,tail_tip,780.966,507.212,0.4039288795652173,0.4218263852173912,-0.1291999999999998,1.0,True
1640,withers,661.0799999999999,385.778,0.0604079478260867,0.0738707817391303,0.3505999999999999,1.0,True
1641,occipital_protuberance,676.7719999999999,353.444,0.1089570347826085,-0.0194257130434782,0.271,1.0,True
1641,tail_base,712.4079999999999,477.89,0.2340195078260866,0.3810153543478261,0.0035999999999999,0.9413,True
1641,tail_tip,780.566,507.374,0.402110433478261,0.4215857534782608,-0.1248000000000001,1.0,True
1641,withers,660.9680000000001,385.682,0.0600186208695654,0.0735119334782609,0.3535999999999999,1.0,True
1642,occipital_protuberance,677.154,353.636,0.109911224347826,-0.0188263721739131,0.2754000000000001,1.0,True
1642,tail_base,712.348,477.818,0.234360336521739,0.3816534821739131,-0.0031999999999998,0.948,True
1642,tail_tip,780.082,507.55,0.3986551004347826,0.4199080543478261,-0.1111999999999998,1.0,True
1642,withers,660.904,385.528,0.0596900086956521,0.0728935391304346,0.36,1.0,True
1643,occipital_protuberance,677.344,353.738,0.1103839930434784,-0.0185096552173913,0.2775999999999999,1.0,True
1643,tail_base,712.2479999999999,477.736,0.2359525443478258,0.3845104191304347,-0.0275999999999999,0.9418,True
1643,tail_tip,779.63,507.7219999999999,0.3941815608695652,0.4170256286956519,-0.0901999999999998,1.0,True
1643,withers,660.85,385.498,0.059631,0.0729242799999999,0.3558000000000001,1.0,True
1644,occipital_protuberance,677.4159999999999,353.76800000000003,0.1099542365217389,-0.0183139513043477,0.2934000000000001,1.0,True
1644,tail_base,712.0559999999999,477.686,0.232787873043478,0.3802025317391304,0.0048000000000001,0.9565,True
1644,tail_tip,779.3900000000001,507.884,0.3888981000000003,0.41259636,-0.0668000000000001,1.0,True
1644,withers,660.8380000000001,385.566,0.0595740300000002,0.0730909708695651,0.3568000000000002,1.0,True
1645,occipital_protuberance,677.3299999999999,353.794,0.1097015086956519,-0.0182375452173913,0.2934000000000001,1.0,True
1645,tail_base,712.0020000000001,477.706,0.2330986486956524,0.3810603808695653,-0.0014,0.9597,True
1645,tail_tip,779.2940000000001,508.028,0.3887816665217394,0.4131590199999999,-0.0678000000000001,1.0,True
1645,withers,660.852,385.6,0.0594961956521738,0.0730434782608696,0.362,1.0,True
1646,occipital_protuberance,677.196,353.788,0.1090408826086957,-0.0182106130434782,0.3,1.0,True
1646,tail_base,711.772,477.686,0.2324632669565219,0.3811747204347825,-0.0028000000000001,0.9486,True
1646,tail_tip,779.152,508.1,0.3868123095652175,0.4116858043478261,-0.0574,1.0,True
1646,withers,660.8340000000001,385.708,0.0595852400000001,0.0735248799999999,0.3558000000000001,1.0,True
1647,occipital_protuberance,676.9559999999999,353.68600000000004,0.1085140634782605,-0.0185398256521738,0.2955999999999999,0.9991,True
1647,tail_base,711.784,477.744,0.2319715565217391,0.3804922956521739,0.004,0.9541,True
1647,tail_tip,779.076,508.162,0.3879918060869565,0.4133397708695651,-0.0665999999999999,1.0,True
1647,withers,660.808,386.03,0.0594158869565217,0.0743269673913044,0.36,1.0,True
1648,occipital_protuberance,676.7620000000001,353.65,0.107856511304348,-0.018630347826087,0.2978000000000002,0.9975,True
1648,tail_base,711.8219999999999,477.818,0.2305954604347822,0.3782726178260871,0.0231999999999998,0.9568,True
1648,tail_tip,779.052,508.246,0.3918848104347827,0.4177959008695652,-0.0928000000000001,1.0,True
1648,withers,660.738,386.358,0.0592881386956523,0.07535523,0.3433000000000001,1.0,True
1649,occipital_protuberance,676.6,353.646,0.107421,-0.0186489900000001,0.2968000000000002,0.9873,True
1649,tail_base,711.788,477.844,0.2324682713043478,0.3816096139130432,-0.0021999999999998,0.9528,True
1649,tail_tip,779.082,508.324,0.3936020599999999,0.4197569199999998,-0.1035999999999999,1.0,True
1649,withers,660.684,386.62,0.0591562399999999,0.0761332,0.3423000000000001,1.0,True
1650,occipital_protuberance,676.58,353.684,0.1072271130434783,-0.0185141182608694,0.3001999999999998,0.9867,True
1650,tail_base,711.804,477.902,0.2337532391304347,0.3838222717391306,-0.018,0.9474,True
1650,tail_tip,778.9559999999999,508.446,0.396538133043478,0.4236197047826088,-0.1254000000000001,1.0,True
1650,withers,660.642,386.846,0.0591303552173914,0.0769021178260869,0.3380999999999999,1.0,True
1651,occipital_protuberance,676.558,353.694,0.1073374669565217,-0.018514964347826,0.2958000000000002,0.9965,True
1651,tail_base,711.8720000000001,477.974,0.2339746086956524,0.3840566630434782,-0.018,0.9495,True
1651,tail_tip,778.8100000000001,508.534,0.3976906500000002,0.42554991,-0.1358000000000001,1.0,True
1651,withers,660.632,386.974,0.0590792834782607,0.0772394626086956,0.3390999999999999,1.0,True
1652,occipital_protuberance,676.5780000000001,353.73999999999995,0.1076665478260872,-0.0184261739130436,0.289,0.9904,True
1652,tail_base,711.906,478.06000000000006,0.2343979282608694,0.3848499347826088,-0.022,0.9441,True
1652,tail_tip,778.7320000000001,508.602,0.3992767278260872,0.4276830169565216,-0.1478000000000001,1.0,True
1652,withers,660.656,386.96,0.0592198539130433,0.0772931478260869,0.3359000000000001,1.0,True
1653,occipital_protuberance,676.636,353.804,0.1078770913043477,-0.0182445260869566,0.288,0.9974,True
1653,tail_base,711.9440000000001,478.154,0.2349440800000002,0.3858498669565217,-0.0274,0.9401,True
1653,tail_tip,778.674,508.6700000000001,0.3969392517391303,0.4255517152173915,-0.1334000000000001,1.0,True
1653,withers,660.71,386.81000000000006,0.0593026347826088,0.0767698521739132,0.3390999999999999,1.0,True
1654,occipital_protuberance,676.63,353.938,0.1078196086956521,-0.0178433652173913,0.289,1.0,True
1654,tail_base,711.972,478.2480000000001,0.2336586626086955,0.3838947026086958,-0.0098000000000001,0.9369,True
1654,tail_tip,778.6400000000001,508.728,0.3999764000000003,0.4290802799999998,-0.1541999999999998,1.0,True
1654,withers,660.782,386.662,0.0595088052173914,0.0763460573913042,0.3390999999999999,1.0,True
1655,occipital_protuberance,676.592,354.054,0.1076679826086956,-0.0174954586956522,0.29,1.0,True
1655,tail_base,712.006,478.358,0.233769044347826,0.38425182,-0.0098000000000001,0.9342,True
1655,tail_tip,778.6940000000001,508.726,0.3977502713043481,0.4265203026086957,-0.1384,1.0,True
1655,withers,660.83,386.602,0.0595285173913044,0.0760238895652173,0.3443000000000001,1.0,True
1656,occipital_protuberance,676.57,354.232,0.1075555500000001,-0.0169641895652173,0.2911999999999998,1.0,True
1656,tail_base,712.218,478.494,0.2339078221739129,0.3837917621739131,-0.0028000000000001,0.9362,True
1656,tail_tip,778.754,508.7480000000001,0.4000941426086957,0.4289116243478262,-0.1528000000000001,1.0,True
1656,withers,660.9179999999999,386.588,0.0597800060869562,0.07598388,0.3443000000000001,1.0,True
1657,occipital_protuberance,676.54,354.37600000000003,0.1071098608695651,-0.0164856556521738,0.3001999999999998,1.0,True
1657,tail_base,712.47,478.612,0.2339835739130435,0.3829620486956521,0.0065999999999999,0.9283,True
1657,tail_tip,778.784,508.786,0.3980687165217391,0.4267570617391303,-0.1388000000000001,1.0,True
1657,withers,660.972,386.718,0.0600528660869564,0.0765064121739129,0.3390999999999999,1.0,True
1658,occipital_protuberance,676.398,354.45000000000005,0.1066936156521739,-0.0162687391304346,0.3001999999999998,1.0,True
1658,tail_base,712.732,478.732,0.2350350391304347,0.3836850391304347,0.004,0.9281,True
1658,tail_tip,778.808,508.802,0.4016077547826087,0.4305230039130436,-0.1618000000000002,1.0,True
1658,withers,661.008,386.898,0.0602518573913044,0.0771446334782609,0.3349000000000001,1.0,True
1659,occipital_protuberance,676.3140000000001,354.458,0.1063131821739132,-0.0162248073913044,0.3035999999999999,1.0,True
1659,tail_base,713.056,478.872,0.2362885147826088,0.3844733947826088,0.0014,0.9289,True
1659,tail_tip,778.798,508.83,0.3984407804347826,0.4272391630434783,-0.141,1.0,True
1659,withers,661.042,387.064,0.0604728782608696,0.0777795826086955,0.3295,1.0,True
1660,occipital_protuberance,676.1759999999999,354.48,0.1062630678260867,-0.0162144000000001,0.2945999999999999,1.0,True
1660,tail_base,713.42,478.982,0.2364123999999998,0.3831220399999999,0.0145999999999999,0.9266,True
1660,tail_tip,778.762,508.862,0.3996043943478259,0.4286901986956521,-0.1494000000000001,1.0,True
1660,withers,661.08,387.33,0.0603942000000001,0.0783004500000001,0.3376999999999998,1.0,True
1661,occipital_protuberance,676.058,354.462,0.1061359391304347,-0.0163009826086956,0.289,0.998,True
1661,tail_base,713.616,479.042,0.2366114260869564,0.3826165152173914,0.02,0.9249,True
1661,tail_tip,778.7819999999999,508.852,0.3970070299999998,0.4258137973913044,-0.1318000000000002,1.0,True
1661,withers,661.154,387.468,0.0605786178260869,0.078659992173913,0.3389000000000001,1.0,True
1662,occipital_protuberance,675.988,354.532,0.1057968965217393,-0.0160747313043478,0.2924000000000001,0.9947,True
1662,tail_base,713.8219999999999,479.112,0.2374821643478257,0.3831781252173912,0.0174,0.9289,True
1662,tail_tip,778.85,508.782,0.3959639782608696,0.4242874513043479,-0.1235999999999999,1.0,True
1662,withers,661.208,387.612,0.0605396191304346,0.0788202547826087,0.3473000000000001,1.0,True
1663,occipital_protuberance,675.9379999999999,354.616,0.1057358460869561,-0.0158406643478261,0.2901999999999998,0.9859,True
1663,tail_base,714.02,479.208,0.2386823173913043,0.3843939704347826,0.0104,0.9329,True
1663,tail_tip,778.9480000000001,508.704,0.3955789147826089,0.4233538226086956,-0.1191999999999998,1.0,True
1663,withers,661.278,387.716,0.0605960434782609,0.0789303478260869,0.3535,1.0,True
1664,occipital_protuberance,675.9559999999999,354.724,0.1058357043478258,-0.0155297913043478,0.289,0.9847,True
1664,tail_base,714.212,479.27,0.2410760686956521,0.3874460021739129,-0.0115999999999999,0.9326,True
1664,tail_tip,779.052,508.596,0.3969330026086957,0.4241769730434782,-0.1261999999999998,1.0,True
1664,withers,661.3619999999999,387.778,0.0606402165217387,0.078853287826087,0.3484000000000001,1.0,True
1665,occipital_protuberance,676.0020000000001,354.796,0.1056189108695654,-0.015266952173913,0.298,0.9719,True
1665,tail_base,714.3199999999999,479.322,0.2420570086956519,0.3886265660869565,-0.0194,0.9336,True
1665,tail_tip,779.108,508.466,0.3973952669565215,0.4241286317391304,-0.1281999999999998,1.0,True
1665,withers,661.444,387.734,0.0611107382608694,0.0790358708695653,0.3516999999999998,1.0,True
1666,occipital_protuberance,676.044,354.824,0.1056089199999999,-0.0151656800000001,0.3014000000000001,0.9852,True
1666,tail_base,714.422,479.458,0.2435055482608696,0.3908613821739129,-0.0331999999999998,0.9349,True
1666,tail_tip,779.202,508.396,0.3994794786956521,0.42586426,-0.1401999999999998,1.0,True
1666,withers,661.5,387.834,0.0612002173913043,0.0792300860869565,0.3411999999999998,1.0,True
1667,occipital_protuberance,676.068,354.778,0.1056792399999999,-0.0153004599999999,0.3014000000000001,0.9972,True
1667,tail_base,714.506,479.562,0.2441205286956521,0.3917474921739131,-0.0374,0.936,True
1667,tail_tip,779.278,508.382,0.4033914769565218,0.4297594317391303,-0.1645999999999999,1.0,True
1667,withers,661.5360000000001,387.808,0.0611856486956523,0.0790049460869565,0.3461999999999998,1.0,True
1668,occipital_protuberance,676.174,354.724,0.1059898199999999,-0.01545868,0.3014000000000001,1.0,True
1668,tail_base,714.574,479.636,0.2431274517391303,0.3900393678260868,-0.0224,0.9232,True
1668,tail_tip,779.2,508.346,0.4033471304347828,0.4298486595652174,-0.1658000000000001,1.0,True
1668,withers,661.5840000000001,387.84,0.0613454817391306,0.0791261217391305,0.3451999999999998,1.0,True
1669,occipital_protuberance,676.244,354.72,0.1061082495652174,-0.0154577739130433,0.3035999999999999,1.0,True
1669,tail_base,714.654,479.756,0.2417166686956521,0.3877491008695653,-0.0018000000000001,0.9277,True
1669,tail_tip,779.0740000000001,508.332,0.4052193091304349,0.4321943034782609,-0.1805999999999999,1.0,True
1669,withers,661.6020000000001,388.002,0.0613215034782611,0.0794891556521739,0.3484000000000001,1.0,True
1670,occipital_protuberance,676.332,354.698,0.1064053704347825,-0.0155279443478261,0.3025999999999999,1.0,True
1670,tail_base,714.716,479.84,0.2429082130434783,0.3896102608695651,-0.014,0.9258,True
1670,tail_tip,779.04,508.358,0.4061177043478259,0.4333343669565217,-0.1871999999999998,1.0,True
1670,withers,661.61,388.136,0.061367702173913,0.0799001234782607,0.3474000000000001,1.0,True
1671,occipital_protuberance,676.462,354.784,0.1067464682608695,-0.0152704069565217,0.3035999999999999,1.0,True
1671,tail_base,714.778,479.836,0.2410290013043479,0.3862626895652173,0.0115999999999999,0.9236,True
1671,tail_tip,778.952,508.39400000000006,0.406192944347826,0.433794373478261,-0.1894000000000001,1.0,True
1671,withers,661.596,388.13,0.0612293547826087,0.0797546652173912,0.3515999999999999,1.0,True
1672,occipital_protuberance,676.4959999999999,354.804,0.1068936104347822,-0.0152186321739131,0.3024000000000001,1.0,True
1672,tail_base,714.84,479.878,0.2411149565217392,0.3862156434782608,0.013,0.9236,True
1672,tail_tip,778.876,508.458,0.4044914452173912,0.4324000617391302,-0.1795999999999999,1.0,True
1672,withers,661.6299999999999,388.142,0.0615420521739127,0.0800701078260869,0.3424000000000001,1.0,True
1673,occipital_protuberance,676.4219999999999,354.84000000000003,0.1065501856521736,-0.0150952434782607,0.3055999999999999,1.0,True
1673,tail_base,714.908,479.9,0.2420993991304348,0.3875115869565217,0.0035999999999999,0.924,True
1673,tail_tip,778.896,508.524,0.4024662573913043,0.4303644339130436,-0.1658000000000001,1.0,True
1673,withers,661.6279999999999,388.164,0.0616068878260867,0.0802245417391303,0.3394000000000001,1.0,True
1674,occipital_protuberance,676.3619999999999,354.888,0.1066355173913039,-0.0149914956521739,0.299,1.0,True
1674,tail_base,714.982,479.91,0.2429905813043477,0.3885866021739131,-0.0044,0.9214,True
1674,tail_tip,778.8599999999999,508.59,0.4047165260869562,0.4330752456521738,-0.1814000000000001,1.0,True
1674,withers,661.612,388.118,0.0616599756521738,0.0802218765217391,0.3351999999999998,1.0,True
1675,occipital_protuberance,676.326,354.98999999999995,0.1065299434782609,-0.0146923695652175,0.299,1.0,True
1675,tail_base,715.128,479.942,0.243349391304348,0.3885077826086957,-0.003,0.9205,True
1675,tail_tip,778.842,508.702,0.4066863278260869,0.4355675539130433,-0.1948000000000002,1.0,True
1675,withers,661.604,388.066,0.0614680765217392,0.0798538713043477,0.3424000000000001,1.0,True
1676,occipital_protuberance,676.004,354.956,0.10567174,-0.0148041399999999,0.2968000000000002,1.0,True
1676,tail_base,715.312,480.014,0.2459264243478261,0.3918978899999998,-0.0271999999999998,0.9216,True
1676,tail_tip,778.8520000000001,508.812,0.4057195069565219,0.4348221939130435,-0.1881999999999998,1.0,True
1676,withers,661.566,388.166,0.061528735652174,0.0803588226086956,0.3351999999999998,1.0,True
1677,occipital_protuberance,675.3480000000001,354.916,0.1039154356521741,-0.0149458547826087,0.2924000000000001,1.0,True
1677,tail_base,715.558,480.086,0.2452349869565217,0.3897573869565216,-0.009,0.9281,True
1677,tail_tip,778.708,508.84,0.4057812078260869,0.4354217130434782,-0.1914000000000001,1.0,True
1677,withers,661.4440000000001,388.34,0.0612552521739132,0.0809538260869564,0.332,1.0,True
1678,occipital_protuberance,674.452,354.732,0.1013188382608695,-0.0154925008695651,0.2914000000000001,1.0,True
1678,tail_base,715.768,480.206,0.2460318730434783,0.3903297873913044,-0.0104,0.9301,True
1678,tail_tip,778.758,508.89400000000006,0.4084914860869567,0.4383309886956523,-0.2084,1.0,True
1678,withers,661.322,388.816,0.0608835804347826,0.082282208695652,0.333,1.0,True
1679,occipital_protuberance,673.144,354.25600000000003,0.0977964156521739,-0.0169485460869564,0.2824000000000001,0.9666,True
1679,tail_base,715.9300000000001,480.378,0.2470200978260871,0.3916210369565219,-0.016,0.9387,True
1679,tail_tip,778.864,508.96,0.4053017530434783,0.4347689043478262,-0.1851999999999998,1.0,True
1679,withers,661.176,389.39,0.0604666869565218,0.0839212282608695,0.33,1.0,True
1680,occipital_protuberance,671.05,353.61800000000005,0.0922792499999998,-0.0189670265217389,0.2628000000000002,0.9175,True
1680,tail_base,716.03,480.632,0.2479239130434781,0.3933652173913042,-0.023,0.9467,True
1680,tail_tip,778.992,508.918,0.4072767756521738,0.4363621134782609,-0.1958000000000001,1.0,True
1680,withers,661.17,389.664,0.0606152326086955,0.0849357704347825,0.3228000000000002,0.9936,True
1681,occipital_protuberance,668.448,352.71400000000006,0.0851893913043477,-0.0218184021739128,0.242,0.9095,True
1681,tail_base,716.014,480.91,0.2471776982608696,0.3931677782608696,-0.0145999999999999,0.9552,True
1681,tail_tip,779.2860000000001,508.784,0.4096522378260871,0.4375866817391304,-0.2058000000000001,1.0,True
1681,withers,661.2,389.69,0.0606550434782609,0.0849456717391302,0.3248000000000002,0.9716,True
1682,occipital_protuberance,665.156,351.644,0.0760039321739129,-0.0252460191304347,0.2174000000000001,0.8846,True
1682,tail_base,716.0020000000001,481.258,0.2493196043478263,0.3977789608695651,-0.041,0.9614,True
1682,tail_tip,779.8459999999999,508.62,0.4136705482608692,0.4396244217391304,-0.2234000000000001,1.0,True
1682,withers,661.098,389.61,0.060312760869565,0.0846459782608696,0.327,1.0,True
1683,occipital_protuberance,661.146,350.68999999999994,0.0645550604347824,-0.0284218108695653,0.1754,0.9055,True
1683,tail_base,715.934,481.572,0.2496742934782607,0.3997340217391304,-0.048,0.9712,True
1683,tail_tip,780.47,508.39,0.4150277760869565,0.4384279326086956,-0.2201999999999998,1.0,True
1683,withers,660.786,389.53,0.0594434413043476,0.0844493804347826,0.326,0.9933,True
1684,occipital_protuberance,656.1659999999999,349.97799999999995,0.0497069356521737,-0.0308154713043479,0.1551999999999998,0.9207,True
1684,tail_base,715.908,481.904,0.2491267556521739,0.400083627826087,-0.0424,0.9735,True
1684,tail_tip,781.04,508.15199999999993,0.4175397217391303,0.4385943339130432,-0.2255999999999999,1.0,True
1684,withers,660.3059999999999,388.812,0.0583532639130432,0.0827969191304348,0.3131999999999998,0.974,True
1685,occipital_protuberance,650.76,349.692,0.0331127304347825,-0.0317217495652173,0.1493000000000001,0.9841,True
1685,tail_base,715.874,482.226,0.2484378669565218,0.4002104373913043,-0.0354,0.974,True
1685,tail_tip,781.586,507.968,0.4128463082608696,0.431455387826087,-0.1870999999999999,1.0,True
1685,withers,659.432,388.442,0.0559810573913044,0.081937692173913,0.3065999999999999,0.9501,True
1686,occipital_protuberance,645.152,350.346,0.0158020800000001,-0.0296104969565217,0.1451999999999998,0.9506,True
1686,tail_base,715.85,482.544,0.2481449239130435,0.4009053600000001,-0.0293000000000001,0.9798,True
1686,tail_tip,781.87,507.866,0.4106519673913043,0.4280077804347825,-0.1675,1.0,True
1686,withers,658.1780000000001,388.326,0.0524949026086959,0.0818005617391305,0.2966999999999998,0.9705,True
1687,occipital_protuberance,638.9639999999999,351.41200000000003,-0.0031602504347827,-0.0261971339130433,0.1500999999999999,0.9108,True
1687,tail_base,715.7560000000001,482.81,0.2471621843478263,0.4006809739130432,-0.0210999999999999,0.9825,True
1687,tail_tip,781.9680000000001,507.94,0.4068926330434785,0.4240089043478259,-0.1413000000000001,1.0,True
1687,withers,656.78,388.008,0.0485343260869564,0.081010095652174,0.2825,0.9709,True
1688,occipital_protuberance,632.9639999999999,353.25800000000004,-0.0212839000000001,-0.0203945499999998,0.1415,0.9239,True
1688,tail_base,715.582,482.962,0.2457893778260869,0.3998670778260869,-0.0113000000000001,0.9837,True
1688,tail_tip,781.641,508.49,0.4036922457608694,0.4232126402173912,-0.1265999999999999,1.0,True
1688,withers,654.976,387.162,0.0433685426086956,0.0786576091304347,0.2793000000000001,0.9788,True
1689,occipital_protuberance,626.9480000000001,355.516,-0.0390056182608692,-0.013400336521739,0.1425999999999999,0.9365,True
1689,tail_base,715.24,482.794,0.2446772086956522,0.3993207491304349,-0.0113000000000001,0.9875,True
1689,tail_tip,781.1870000000001,509.444,0.3995438635869568,0.4229102760869563,-0.113,1.0,True
1689,withers,652.844,386.932,0.0371024069565218,0.0777983513043478,0.2764000000000001,1.0,True
1690,occipital_protuberance,620.844,358.232,-0.0566101443478259,-0.005224824347826,0.1511999999999998,0.9564,True
1690,tail_base,714.908,482.326,0.2431578817391305,0.3970808330434783,-0.0059,0.9798,True
1690,tail_tip,780.6450000000001,510.636,0.3969399375000002,0.4251373630434781,-0.1035,1.0,False
1690,withers,650.302,386.794,0.0296988743478261,0.0772424421739129,0.2588000000000002,0.9608,True
1691,occipital_protuberance,614.6980000000001,360.964,-0.0741293595652171,0.0028243104347826,0.1655999999999999,0.8931,True
1691,tail_base,714.53,481.49,0.2430488108695651,0.3961894543478259,-0.0231999999999998,0.9569,True
1691,tail_tip,779.961,511.744,0.3942184122826088,0.4274067686956523,-0.1098000000000001,0.9654,True
1691,withers,647.6080000000001,386.972,0.0218366139130436,0.0774155034782608,0.2484000000000001,0.9445,True
1692,occipital_protuberance,609.106,364.094,-0.0897269217391304,0.0118903999999998,0.182,0.9449,True
1692,tail_base,714.018,480.23,0.2420388600000001,0.3931521,-0.0314,0.9331,True
1692,tail_tip,779.101,512.77,0.3907074935869565,0.4291010402173912,-0.1100999999999999,1.0,True
1692,withers,644.438,387.532,0.0127283769565217,0.0789629730434782,0.2404,0.9956,True
1693,occipital_protuberance,603.3520000000001,367.266,-0.105872885217391,0.0209908421739129,0.1871999999999998,0.9553,True
1693,tail_base,713.48,478.786,0.2392253217391304,0.3867258991304346,-0.0181999999999998,0.9205,True
1693,tail_tip,778.116,513.624,0.3858240434782608,0.4291453043478261,-0.096,0.9871,True
1693,withers,641.0360000000001,388.304,0.0029701669565219,0.0811463373913042,0.2294000000000001,0.975,True
1694,occipital_protuberance,597.938,371.034,-0.1212117113043478,0.0317971095652173,0.1788000000000001,0.9486,True
1694,tail_base,712.7040000000001,477.152,0.2353396869565219,0.3792159304347827,-0.001,0.948,True
1694,tail_tip,776.626,514.46,0.3801766956521739,0.4298017391304349,-0.1,0.9608,True
1694,withers,637.368,389.01,-0.0075074939130433,0.0827478717391304,0.2368000000000001,0.9951,True
1695,occipital_protuberance,592.836,374.834,-0.1358015608695651,0.0427122456521739,0.154,0.9054,True
1695,tail_base,711.6659999999999,475.392,0.2319797260869563,0.3735188869565217,0.0025,0.9556,True
1695,tail_tip,774.174,515.5440000000001,0.3737912630434782,0.4333252956521742,-0.112,0.9484,True
1695,withers,634.066,389.934,-0.0167816099999999,0.0846546534782609,0.2556999999999998,0.9992,True
1696,occipital_protuberance,587.908,379.09,-0.1496965539130434,0.0548588500000001,0.1151999999999998,1.0,True
1696,tail_base,710.488,473.69,0.227109271304348,0.3663042369565215,0.0198000000000001,0.9846,True
1696,tail_tip,770.892,517.3699999999999,0.3640789434782611,0.4377280760869562,-0.1165,1.0,True
1696,withers,630.3259999999999,390.624,-0.027190249130435,0.0860734121739131,0.2681999999999998,0.9808,True
1697,occipital_protuberance,583.3,383.696,-0.1622359565217392,0.067801467826087,0.1010999999999999,0.901,True
1697,tail_base,709.052,472.016,0.2203959704347826,0.3575258504347824,0.0575999999999999,0.9734,True
1697,tail_tip,766.5559999999999,519.606,0.3490744626086954,0.440234984347826,-0.0865999999999999,0.9477,True
1697,withers,626.344,391.292,-0.0380794591304346,0.0872570617391305,0.2855999999999999,0.9228,True
1698,occipital_protuberance,578.7700000000001,388.26200000000006,-0.1752642195652171,0.0808969030434784,0.0915999999999999,0.9542,True
1698,tail_base,707.478,470.308,0.2148000769565215,0.35113914,0.0684,0.9919,True
1698,tail_tip,761.258,521.7819999999999,0.3337231043478262,0.4452521999999998,-0.085,0.9853,True
1698,withers,622.5619999999999,391.864,-0.0481819521739133,0.0880416173913044,0.306,0.9011,True
1699,occipital_protuberance,574.2760000000001,392.792,-0.1881278060869563,0.093863535652174,0.0885999999999999,0.9653,True
1699,tail_base,705.78,468.49799999999993,0.2097666999999999,0.3459906873913042,0.0566999999999998,0.9753,True
1699,tail_tip,755.434,524.242,0.3148085934782608,0.4479164978260868,-0.058,0.9745,True
1699,withers,618.874,392.496,-0.058055166521739,0.0893004208695651,0.3138000000000002,0.961,True
1700,occipital_protuberance,570.4820000000001,397.426,-0.1989877186956519,0.1071278569565217,0.0745999999999999,0.99,True
1700,tail_base,704.074,466.63,0.204702500869565,0.3406596695652174,0.0378000000000001,0.949,True
1700,tail_tip,749.566,526.6780000000001,0.2936130613043479,0.4466608056521742,-0.0634000000000001,1.0,True
1700,withers,614.514,393.004,-0.0699036656521738,0.090524232173913,0.3155999999999999,0.9053,True
1701,occipital_protuberance,566.874,401.954,-0.2099034139130434,0.1204262208695652,0.0641999999999998,0.9588,True
1701,tail_base,702.15,464.626,0.1971370978260868,0.3318691230434783,0.0488000000000001,0.959,True
1701,tail_tip,743.126,528.482,0.2714679856521739,0.4435105517391303,-0.0418000000000001,0.9129,True
1701,withers,610.23,393.486,-0.0814403652173912,0.0916060486956521,0.3191999999999998,0.9326,True
1702,occipital_protuberance,563.78,406.616,-0.2195467391304348,0.1342743478260869,0.052,0.9556,True
1702,tail_base,700.128,462.444,0.1909717565217392,0.3253710521739129,0.0345,0.9941,True
1702,tail_tip,736.1600000000001,529.512,0.2522736695652176,0.4447110469565215,-0.0505999999999999,0.995,True
1702,withers,606.2479999999999,394.0100000000001,-0.091739403478261,0.0924406586956523,0.3324000000000001,0.9385,True
1703,occipital_protuberance,561.0040000000001,411.494,-0.2266498278260865,0.1477430026086955,0.0514,0.9549,True
1703,tail_base,697.72,459.926,0.1833237391304348,0.3173736652173914,0.025,1.0,True
1703,tail_tip,728.8199999999999,530.408,0.2328242521739128,0.4466912313043478,-0.0460999999999999,0.934,True
1703,withers,602.1960000000001,394.908,-0.1019475260869561,0.0941377695652174,0.343,0.9695,True
1704,occipital_protuberance,558.752,416.332,-0.2321926539130436,0.1609870591304347,0.0508000000000001,0.9008,True
1704,tail_base,695.22,457.154,0.1744711913043479,0.3069643991304348,0.0271999999999998,0.9856,True
1704,tail_tip,720.758,529.1380000000001,0.2133766808695653,0.4468920113043482,-0.0223000000000001,0.9106,True
1704,withers,598.322,396.13,-0.1116336169565217,0.0967734195652173,0.3358000000000002,0.9667,True
1705,occipital_protuberance,556.228,421.098,-0.239496863478261,0.1746738691304346,0.0448000000000001,0.967,True
1705,tail_base,692.512,454.266,0.1644196382608694,0.2951550430434781,0.0499,0.9812,True
1705,tail_tip,711.601,526.529,0.1942799742391304,0.451854720326087,-0.0583000000000001,0.8809,True
1705,withers,594.976,397.36800000000005,-0.1197442643478261,0.0993826330434784,0.3351999999999998,0.9425,True
1706,occipital_protuberance,553.4200000000001,426.296,-0.2477317304347824,0.1896930330434782,0.0425999999999999,0.9422,True
1706,tail_base,689.198,450.328,0.1540432160869564,0.2828248226086955,0.0439,0.9578,True
1706,tail_tip,701.903,523.005,0.1749096179347826,0.460577714673913,-0.1295,0.9458,True
1706,withers,590.9680000000001,399.128,-0.1298175495652171,0.1035956330434783,0.3291999999999998,0.8881,True
1707,occipital_protuberance,549.106,432.2720000000001,-0.260608905652174,0.2072163930434784,0.0321999999999998,0.9114,True
1707,tail_base,685.028,444.412,0.1388037043478261,0.2602091652173912,0.075,0.9296,True
1707,tail_tip,693.857,511.765,0.158567886847826,0.4468324516304347,0.2023000000000001,0.8679,False
1707,withers,585.344,401.602,-0.144707700869565,0.1101458169565216,0.2916999999999998,0.9076,True
1708,occipital_protuberance,544.226,438.146,-0.2767035782608695,0.2257739869565218,0.017,1.0,True
1708,tail_base,680.7700000000001,437.35,0.1232406195652176,0.233815597826087,0.1205,0.9576,True
1708,tail_tip,692.019,493.167,0.1589123907608696,0.406810710326087,0.114,0.9276,True
1708,withers,578.8459999999999,405.112,-0.1625234021739133,0.1198900434782607,0.263,0.9718,True
1709,occipital_protuberance,539.466,443.682,-0.2946738960869565,0.245279218695652,0.0054,0.9565,True
1709,tail_base,676.658,430.408,0.1084997108695652,0.2083923739130435,0.1915,1.0,True
1709,tail_tip,694.757,472.715,0.1718477022826085,0.3537413255434784,0.0496999999999998,0.9266,True
1709,withers,572.216,408.964,-0.1809538086956521,0.1307125913043478,0.249,0.8803,True
1710,occipital_protuberance,534.9300000000001,449.056,-0.3087230695652171,0.2616697600000001,0.0158000000000001,1.0,True
1710,tail_base,672.5820000000001,423.39,0.0942611426086959,0.1833900260869564,0.2694000000000001,0.9532,True
1710,tail_tip,702.7099999999999,451.686,0.2004402456521736,0.2930563604347826,0.0064,0.9581,True
1710,withers,565.4100000000001,412.854,-0.2003065804347824,0.1419359699999999,0.2204000000000001,0.907,True
1711,occipital_protuberance,530.9280000000001,453.318,-0.3239912626086954,0.2771950330434783,0.0061999999999998,0.9818,True
1711,tail_base,669.0360000000001,417.114,0.0822791869565219,0.1618436934782609,0.311,0.9473,True
1711,tail_tip,712.7239999999999,430.31000000000006,0.2323531799999997,0.2246404500000001,0.0235999999999999,0.9849,True
1711,withers,559.7059999999999,416.59,-0.216671613478261,0.1527068847826087,0.1974000000000001,0.8913,True
1712,occipital_protuberance,528.4440000000001,456.116,-0.3356865547826085,0.2892255808695652,-0.0034,0.924,True
1712,tail_base,666.124,412.6940000000001,0.0735220226086957,0.1482992443478263,0.3218000000000002,0.9953,True
1712,tail_tip,722.7,415.172,0.2632736521739132,0.1756388626086957,0.0616999999999998,1.0,True
1712,withers,555.93,420.05,-0.2266234782608697,0.1618739130434783,0.2,0.9298,True
1713,occipital_protuberance,526.766,458.0200000000001,-0.3427051626086957,0.2966596608695655,-0.0079,0.991,True
1713,tail_base,663.356,409.74799999999993,0.0655998956521739,0.1397269913043476,0.314,0.9361,True
1713,tail_tip,727.646,405.764,0.2762944882608694,0.1442660356521739,0.0838000000000001,0.9575,True
1713,withers,553.4280000000001,422.466,-0.2335373799999997,0.1685088247826087,0.1956999999999998,0.927,True
1714,occipital_protuberance,525.0899999999999,459.398,-0.3470531804347828,0.3002035682608694,0.0274,0.9857,True
1714,tail_base,660.3399999999999,407.074,0.0569077826086954,0.1317048652173913,0.318,0.9548,True
1714,tail_tip,729.0540000000001,398.35,0.2807330552173915,0.1208942065217392,0.0768000000000001,1.0,True
1714,withers,551.21,424.87,-0.2391732369565216,0.1747400369565217,0.1993000000000001,0.9358,True
1715,occipital_protuberance,523.8439999999999,460.756,-0.3553868573913045,0.3082695530434783,0.0121999999999998,0.9794,True
1715,tail_base,656.93,404.846,0.0472199782608694,0.1250813434782609,0.3195,0.94,True
1715,tail_tip,726.614,391.51,0.2704239713043479,0.0983796999999999,0.1010999999999999,0.9285,True
1715,withers,549.23,427.614,-0.2446054173913043,0.1822050313043479,0.1958000000000001,0.9519,True
1716,occipital_protuberance,522.96,462.226,-0.358702156521739,0.3133004669565217,0.0224,0.9297,True
1716,tail_base,653.278,402.934,0.0367627408695652,0.1188711791304348,0.3353000000000002,0.9856,True
1716,tail_tip,723.108,385.62,0.2602906426086955,0.0802407260869565,0.1260999999999999,0.9907,True
1716,withers,547.4280000000001,430.38,-0.2489985556521735,0.1893068999999999,0.1954000000000001,0.9272,True
1717,occipital_protuberance,522.26,463.84,-0.361154652173913,0.3185179130434782,0.032,0.9025,True
1717,tail_base,649.492,401.138,0.0261071269565216,0.1131473860869566,0.3485999999999999,0.9623,True
1717,tail_tip,719.062,381.414,0.2462953173913044,0.0667092652173914,0.145,0.9619,True
1717,withers,545.818,433.25,-0.2527762982608696,0.1965966304347826,0.2033000000000001,0.9019,True
1718,occipital_protuberance,521.8779999999999,465.967,-0.3639441534782611,0.3264935415217391,0.0324,0.9457,True
1718,tail_base,645.484,399.284,0.0149498608695653,0.1070915999999999,0.365,0.9457,True
1718,tail_tip,714.278,378.406,0.2301326208695652,0.0570265895652174,0.1570999999999999,0.9767,True
1718,withers,544.3199999999999,436.558,-0.2563184000000001,0.2050922247826086,0.2104000000000001,0.913,True
1719,occipital_protuberance,521.8439999999999,468.503,-0.3658726226086958,0.3359818982608695,0.0271999999999998,0.9868,True
1719,tail_base,641.0640000000001,397.388,0.0028973182608697,0.1018091495652174,0.3588000000000002,0.9773,True
1719,tail_tip,709.834,376.336,0.2173355530434781,0.0508404730434783,0.1443000000000001,0.9515,True
1719,withers,543.06,439.72,-0.2586401347826088,0.2126964260869564,0.2229000000000001,0.8516,True
1720,occipital_protuberance,521.9200000000001,470.7950000000001,-0.3653035826086954,0.3427660097826088,0.0363000000000001,0.9265,False
1720,tail_base,636.784,395.262,-0.0087181565217391,0.0955906826086956,0.367,1.0,True
1720,tail_tip,705.386,374.988,0.204189106521739,0.0468049173913043,0.138,0.9195,True
1720,withers,542.202,442.5220000000001,-0.2599300756521739,0.2193291243478262,0.2408000000000001,0.9277,True
1721,occipital_protuberance,522.076,473.145,-0.3657694852173912,0.3509462739130434,0.0324,0.9303,True
1721,tail_base,632.626,393.284,-0.0199739217391305,0.0901562260869565,0.362,0.9536,True
1721,tail_tip,701.786,373.558,0.1920873013043476,0.0421506430434782,0.1543000000000002,0.9845,True
1721,withers,541.3480000000001,445.34800000000007,-0.262585888695652,0.227174111304348,0.2371999999999998,0.9467,True
1722,occipital_protuberance,522.3480000000001,475.281,-0.3652583069565214,0.3578973828260868,0.0228000000000001,0.9675,True
1722,tail_base,628.83,391.662,-0.0302464173913042,0.0857351895652173,0.3628000000000002,0.9632,True
1722,tail_tip,698.484,371.734,0.181669103478261,0.0364493752173912,0.1601999999999998,0.9886,True
1722,withers,540.582,447.404,-0.2666131408695652,0.2343947269565217,0.2243000000000002,0.9197,True
1723,occipital_protuberance,522.732,477.61800000000005,-0.3646270008695653,0.3657152726086958,0.0184,0.9606,True
1723,tail_base,625.634,390.28,-0.0389599673913043,0.0821180434782608,0.356,0.9539,True
1723,tail_tip,695.934,369.984,0.1722524008695651,0.0307463791304348,0.1848000000000002,0.9492,True
1723,withers,539.8879999999999,449.158,-0.2686701391304349,0.2392729369565217,0.2225,0.9194,True
1724,occipital_protuberance,523.332,480.124,-0.3648411260869565,0.3756486391304346,-0.016,0.9383,True
1724,tail_base,623.324,389.292,-0.0451230808695653,0.0792603313043479,0.3615999999999999,0.9765,True
1724,tail_tip,693.5713333333333,369.5,0.1625462948792269,0.0288249275362318,0.2265333333333333,0.9659,True
1724,withers,539.0799999999999,450.646,-0.2729666608695654,0.2451777243478261,0.2110999999999999,0.9185,True
1725,occipital_protuberance,523.856,482.682,-0.3632024869565217,0.3836479499999998,-0.023,0.9864,True
1725,tail_base,621.318,388.79,-0.0507013234782609,0.0781335565217392,0.3451999999999998,1.0,True
1725,tail_tip,691.636,370.038,0.1562550260869564,0.0303758608695652,0.234,1.0,True
1725,withers,538.2099999999999,451.906,-0.2775326478260871,0.2505837069565216,0.1910999999999999,0.9079,True
1726,occipital_protuberance,524.568,485.052,-0.3595957739130435,0.3895641652173914,-0.018,1.0,True
1726,tail_base,619.624,388.524,-0.0552189599999999,0.07730004,0.3488000000000001,1.0,True
1726,tail_tip,689.6479999999999,371.796,0.1509299199999997,0.0358598399999999,0.2176999999999998,0.91,False
1726,withers,537.602,452.65199999999993,-0.2797246234782609,0.2531010939130432,0.1918000000000002,0.9076,True
1727,occipital_protuberance,525.228,487.43,-0.3573900278260871,0.3968059391304348,-0.0108000000000001,0.9515,True
1727,tail_base,618.216,388.252,-0.0590109617391304,0.0765322113043478,0.3498000000000001,0.9844,True
1727,tail_tip,687.95,374.718,0.1469667500000001,0.04511067,0.1946999999999998,0.9625,False
1727,withers,536.9639999999999,453.624,-0.2845137547826089,0.2585243582608694,0.1645999999999999,0.9095,True
1728,occipital_protuberance,525.6279999999999,489.338,-0.3556720565217394,0.4022130630434783,-0.007,0.9413,True
1728,tail_base,616.816,387.95,-0.0626371199999999,0.0755136086956521,0.3564000000000001,0.9648,True
1728,tail_tip,686.596,378.186,0.1463013104347826,0.0571000865217392,0.1224,1.0,True
1728,withers,536.302,454.278,-0.2895653934782608,0.2632610673913042,0.15,0.9144,True
1729,occipital_protuberance,525.896,490.78,-0.3537224000000001,0.405418,0.002,0.9502,True
1729,tail_base,615.234,387.562,-0.0669866460869564,0.0745492182608695,0.3535999999999999,0.9531,True
1729,tail_tip,685.6526666666666,380.62,0.1460157537198066,0.0659511275362319,0.0684666666666667,1.0,True
1729,withers,535.7280000000001,454.698,-0.2941377113043476,0.2671307060869566,0.1238000000000001,0.9028,True
1730,occipital_protuberance,525.934,491.952,-0.3536046000000001,0.4090511999999998,0.002,0.98,True
1730,tail_base,613.704,386.99,-0.0708848695652175,0.0727556521739129,0.362,0.9647,True
1730,tail_tip,684.85,382.116,0.14528475,0.071641416521739,0.0308000000000001,0.9808,True
1730,withers,535.108,455.192,-0.2966847417391305,0.2692485026086956,0.1168000000000001,0.9101,True
1731,occipital_protuberance,525.856,492.996,-0.3536975165217391,0.4121141269565216,0.0031999999999998,0.9718,True
1731,tail_base,612.008,386.41,-0.0752558834782607,0.0710027108695651,0.3625999999999999,0.9674,True
1731,tail_tip,684.222,382.886,0.1444136704347825,0.0747377156521738,0.0100999999999999,1.0,True
1731,withers,534.2760000000001,455.614,-0.3026694252173911,0.273726253478261,0.0936999999999998,0.9161,True
1732,occipital_protuberance,525.922,493.884,-0.3530218108695651,0.4143127695652174,0.007,0.9731,True
1732,tail_base,610.248,385.996,-0.0792890799999998,0.0692793399999999,0.3841999999999998,0.9503,True
1732,tail_tip,683.444,383.698,0.142515208695652,0.0777397434782609,-0.0035,1.0,True
1732,withers,533.3240000000001,455.756,-0.3046759321739128,0.2734874626086955,0.1084000000000001,0.9278,True
1733,occipital_protuberance,526.336,494.768,-0.3509993739130435,0.4161694434782609,0.001,0.9598,True
1733,tail_base,608.482,385.794,-0.0840913943478261,0.0688195134782608,0.3814000000000001,0.9379,True
1733,tail_tip,682.4440000000001,385.086,0.1393639513043481,0.0823693356521739,-0.0063000000000001,0.9967,True
1733,withers,532.298,455.824,-0.3084491626086957,0.2744316034782608,0.1011999999999998,0.928,True
1734,occipital_protuberance,526.75,495.594,-0.3483668478260869,0.4170989347826085,0.012,0.9244,True
1734,tail_base,606.8019999999999,385.704,-0.0877293234782611,0.0679256139130435,0.4048000000000001,0.9668,True
1734,tail_tip,680.9780000000001,387.414,0.1340069682608697,0.0896497395652175,0.0094,0.9845,True
1734,withers,531.182,456.1,-0.3117635699999999,0.2753265000000001,0.1061999999999998,0.9172,True
1735,occipital_protuberance,527.3259999999999,496.298,-0.3457132252173915,0.4181978199999998,0.0191999999999998,0.9067,True
1735,tail_base,604.862,385.566,-0.0922754434782609,0.0671385391304348,0.414,0.9922,True
1735,tail_tip,679.118,390.384,0.127575703478261,0.0990914713043478,0.0140999999999999,0.9522,True
1735,withers,529.8280000000001,456.22,-0.3172474591304345,0.2770717652173912,0.1013000000000001,0.8859,True
1736,occipital_protuberance,527.976,496.96,-0.3443033286956521,0.4209435826086957,0.0084,0.929,True
1736,tail_base,603.074,385.33,-0.0963046134782609,0.0660617413043479,0.4275999999999999,0.9907,True
1736,tail_tip,676.41,393.8,0.1176280456521738,0.1091960434782609,0.0283000000000001,1.0,True
1736,withers,528.448,456.5165,-0.3209120660869566,0.2776580377445652,0.1183499999999999,0.871,True
1737,occipital_protuberance,528.582,497.576,-0.3421501452173913,0.4224779513043478,0.0048000000000001,0.954,True
1737,tail_base,601.086,385.0,-0.1013794295652173,0.0651304347826087,0.4151999999999998,0.9517,True
1737,tail_tip,673.04,397.066,0.1062523304347825,0.1191994213043477,0.0184,1.0,True
1737,withers,527.1659999999999,457.0335,-0.325691661630435,0.2800840336141305,0.1209499999999998,0.9055,True
1738,occipital_protuberance,529.182,497.906,-0.3390308073913043,0.4219024213043477,0.0064,0.9785,True
1738,tail_base,598.8700000000001,384.498,-0.1062316369565214,0.0632740734782608,0.4298000000000002,0.9214,True
1738,tail_tip,669.45,399.858,0.0945345000000001,0.12794418,0.0138000000000001,0.9286,True
1738,withers,525.9060000000001,457.6809999999999,-0.3296448493478259,0.2822237674999998,0.1359000000000001,0.9677,False
1739,occipital_protuberance,529.758,498.226,-0.3368372413043477,0.4223405282608696,0.01,0.9988,True
1739,tail_base,596.548,383.904,-0.1122667434782608,0.0617606608695652,0.417,0.9386,True
1739,tail_tip,665.848,401.882,0.0824719773913042,0.1336308943478259,0.0145999999999999,0.9567,True
1739,withers,524.6800000000001,458.185,-0.3336132391304346,0.2840428016304346,0.1325,0.9884,False
1740,occipital_protuberance,530.4440000000001,498.662,-0.3341696165217389,0.4229492439130434,0.0148000000000001,1.0,True
1740,tail_base,594.318,383.406,-0.1178992834782609,0.0604078330434782,0.4135999999999999,0.9457,True
1740,tail_tip,662.564,403.122,0.071513164347826,0.1366686169565218,0.0151999999999998,1.0,True
1740,withers,523.652,458.983,-0.3379782934782607,0.2875348559782608,0.1455,0.997,False
1741,occipital_protuberance,531.1,499.242,-0.328735956521739,0.42032922,0.0198000000000001,1.0,True
1741,tail_base,591.9060000000001,382.884,-0.1243439004347824,0.0591650895652174,0.4034000000000001,0.932,True
1741,tail_tip,660.038,403.354,0.0634246260869565,0.1372248347826086,-0.004,1.0,True
1741,withers,522.602,459.8845,-0.3427574977173914,0.2916247404619564,0.1529499999999998,0.9888,True
1742,occipital_protuberance,531.7479999999999,499.858,-0.3247089339130436,0.419513192173913,0.0374,1.0,True
1742,tail_base,589.538,382.416,-0.1302358399999999,0.057852772173913,0.3990999999999999,0.982,True
1742,tail_tip,658.046,402.444,0.0569390530434784,0.1339200469565216,0.0016999999999998,0.9873,True
1742,withers,521.524,460.8795,-0.3475403315217391,0.2959223376358695,0.14025,0.9737,True
1743,occipital_protuberance,532.716,500.616,-0.3208724504347826,0.4205641147826086,0.0014,0.9959,True
1743,tail_base,587.194,382.01,-0.1361361639130436,0.0567427369565217,0.3841999999999998,1.0,True
1743,tail_tip,656.396,400.56,0.0513836382608694,0.1271115130434782,0.0213000000000001,0.9264,True
1743,withers,520.652,461.626,-0.3506236678260869,0.2985595139130436,0.1546999999999998,0.9268,True
1744,occipital_protuberance,534.298,500.972,-0.3132685578260869,0.4177981034782609,0.0039,0.9625,True
1744,tail_base,585.222,381.584,-0.1411247995652174,0.0556069530434781,0.3828000000000002,0.9692,True
1744,tail_tip,654.914,397.586,0.0467164839130434,0.1177340595652174,0.0226999999999998,0.9521,True
1744,withers,519.826,462.452,-0.3552709186956521,0.3028792930434781,0.1471999999999998,0.882,True
1745,occipital_protuberance,535.8199999999999,501.03,-0.3061759608695654,0.4144749065217392,0.0011999999999998,0.9441,True
1745,tail_base,583.612,381.162,-0.1451132921739131,0.0544599469565216,0.3744,0.9897,True
1745,tail_tip,653.612,393.686,0.0426765791304346,0.1056129330434783,0.0200999999999999,0.9963,True
1745,withers,518.954,463.232,-0.3609012804347827,0.307788452173913,0.136,0.8901,True
1746,occipital_protuberance,537.424,500.996,-0.300859867826087,0.4135473982608695,-0.0044,0.9911,True
1746,tail_base,582.46,380.796,-0.148027904347826,0.0534999704347824,0.3691999999999998,1.0,True
1746,tail_tip,652.4159999999999,389.466,0.0388944695652172,0.0923054478260869,0.016,0.9723,True
1746,withers,518.424,464.292,-0.3657455382608696,0.3137488786956522,0.1433000000000001,0.8963,False
1747,occipital_protuberance,538.97,500.898,-0.2950954521739129,0.4115446799999999,-0.0121999999999998,1.0,True
1747,tail_base,581.558,380.4,-0.1522160004347826,0.0531331304347825,0.3343000000000002,1.0,True
1747,tail_tip,651.414,385.328,0.0356464182608695,0.0791004452173912,0.0608000000000001,0.9435,True
1747,withers,518.242,465.642,-0.3702104928260871,0.3212090941304348,0.1136999999999998,0.9206,True
1748,occipital_protuberance,540.204,500.68,-0.2906450026086958,0.4097152086956522,-0.0094,0.9922,True
1748,tail_base,580.894,380.034,-0.1542795091304347,0.0522930952173912,0.3290999999999999,1.0,True
1748,tail_tip,650.6899999999999,381.48,0.0335038543478259,0.0673211217391304,0.0730999999999999,1.0,True
1748,withers,518.2459999999999,467.132,-0.3743273793478265,0.3293726760869563,0.0895,0.9688,False
1749,occipital_protuberance,541.284,500.936,-0.2868129,0.4094803565217391,-0.014,0.9929,True
1749,tail_base,579.9599999999999,379.708,-0.1568871304347828,0.0514978608695651,0.321,1.0,True
1749,tail_tip,649.952,378.874,0.031314184347826,0.0593874513043477,0.0651999999999998,0.981,True
1749,withers,518.812,468.54800000000006,-0.3748792708695652,0.3357790795652175,0.0585999999999999,0.9362,True
1750,occipital_protuberance,542.7059999999999,501.646,-0.2810104530434785,0.4091105991304348,-0.0091999999999998,0.9884,True
1750,tail_base,578.816,379.392,-0.1601690713043477,0.0507648834782608,0.3165999999999999,1.0,True
1750,tail_tip,649.112,377.694,0.0286829913043477,0.0556976347826085,0.061,0.944,True
1750,withers,519.874,470.1160000000001,-0.3715941123913042,0.3406294830434785,0.0685999999999999,0.9101,True
1751,occipital_protuberance,544.624,502.656,-0.2740401286956521,0.4098879026086955,-0.0189,0.9286,True
1751,tail_base,577.4739999999999,379.096,-0.1637365643478262,0.050006612173913,0.3158000000000002,0.9954,True
1751,tail_tip,648.184,377.49,0.0258525443478259,0.0552493891304346,0.0473000000000001,0.9437,True
1751,withers,521.414,471.996,-0.3666627560869565,0.3462867626086955,0.0534,0.9088,True
1752,occipital_protuberance,547.0840000000001,503.852,-0.265254980869565,0.410666187826087,-0.0304,0.9529,True
1752,tail_base,575.896,378.896,-0.1665867860869566,0.0491049530434783,0.3311999999999998,0.9753,True
1752,tail_tip,646.986,378.172,0.022059054347826,0.0573800652173913,0.0485,0.9716,True
1752,withers,523.3720000000001,473.45,-0.3595184869565215,0.3497219565217391,0.037,0.9551,True
1753,occipital_protuberance,549.85,505.442,-0.2538506413043477,0.4095457013043478,-0.0370999999999999,0.9813,True
1753,tail_base,574.264,378.854,-0.1708850191304347,0.0490122026086957,0.3219000000000001,0.9938,True
1753,tail_tip,645.106,379.482,0.0160039799999999,0.0610633643478261,0.0274,1.0,True
1753,withers,525.556,474.516,-0.3524875199999999,0.3527092799999999,0.0274,0.9831,True
1754,occipital_protuberance,552.728,506.91,-0.2432612139130436,0.4094956565217392,-0.0359,0.9809,True
1754,tail_base,572.714,378.87,-0.1749728547826085,0.0490702043478261,0.3155999999999999,1.0,True
1754,tail_tip,642.7700000000001,380.7600000000001,0.0086442065217394,0.0647847391304349,0.021,1.0,True
1754,withers,527.608,475.566,-0.3454343686956523,0.3551895886956521,0.0204,0.9387,True
1755,occipital_protuberance,555.906,508.282,-0.232428503478261,0.4098385539130434,-0.0218000000000001,1.0,True
1755,tail_base,571.25,378.898,-0.1783315217391304,0.0490197686956522,0.3215999999999999,0.9998,True
1755,tail_tip,640.104,381.678,0.0003235530434783,0.0674421430434782,0.0173000000000001,0.9383,True
1755,withers,529.972,476.83,-0.336470407826087,0.3572712195652175,0.0225999999999999,0.9587,True
1756,occipital_protuberance,558.662,509.40199999999993,-0.222901484347826,0.4094264373913041,-0.0066999999999998,0.9846,True
1756,tail_base,569.5360000000001,379.068,-0.1828387617391302,0.0494773147826088,0.3208000000000002,0.9895,True
1756,tail_tip,637.2959999999999,382.42,-0.0083859269565219,0.0695312434782609,0.0138000000000001,0.9598,True
1756,withers,532.258,477.166,-0.3260835052173912,0.3546054460869565,0.0425999999999999,0.9569,True
1757,occipital_protuberance,561.9080000000001,510.738,-0.2121725686956518,0.409548592173913,0.0124,0.9826,True
1757,tail_base,567.7239999999999,379.27,-0.1876819173913045,0.0500391630434783,0.319,0.9602,True
1757,tail_tip,634.622,382.668,-0.0166788147826088,0.0703003669565217,0.0078000000000001,0.9778,True
1757,withers,535.01,477.968,-0.3138516282608696,0.3526473843478261,0.0588000000000001,0.9202,True
1758,occipital_protuberance,565.4300000000001,511.78,-0.2022305978260868,0.4116207608695653,0.017,0.9608,True
1758,tail_base,565.704,379.582,-0.1932826591304349,0.0509429986956521,0.3145999999999999,0.9671,True
1758,tail_tip,632.21,382.352,-0.024211658695652,0.069470987826087,0.0015999999999999,0.9471,True
1758,withers,538.0840000000001,479.59,-0.3012282469565215,0.3534664434782609,0.0598000000000001,0.9263,True
1759,occipital_protuberance,568.79,512.72,-0.1929636195652175,0.413838,0.0235,0.9597,True
1759,tail_base,563.548,379.85,-0.19867548,0.0515841086956522,0.3111999999999998,0.9753,True
1759,tail_tip,630.1959999999999,381.534,-0.0304989652173915,0.0669894652173912,-0.0045,0.9883,True
1759,withers,541.278,481.258,-0.2886116208695651,0.3544951269565217,0.0324,0.911,True
1760,occipital_protuberance,571.954,513.76,-0.1844638304347827,0.4168233043478261,0.023,0.9821,True
1760,tail_base,561.0899999999999,380.376,-0.2068642804347828,0.0534161269565218,0.2901999999999998,0.9355,True
1760,tail_tip,628.204,380.512,-0.0366958173913045,0.0638101565217391,-0.008,1.0,True
1760,withers,544.4159999999999,482.45,-0.2775884034782611,0.3556107717391304,0.0141999999999998,0.9234,True
1761,occipital_protuberance,575.778,515.1020000000001,-0.1742929234782608,0.4209333408695655,0.0266999999999998,0.937,True
1761,tail_base,558.5,380.982,-0.2144513043478261,0.055210027826087,0.2786999999999998,0.9805,True
1761,tail_tip,625.93,379.344,-0.0436934673913045,0.0600715304347825,-0.003,1.0,True
1761,withers,547.6299999999999,484.078,-0.267270586956522,0.3590169956521739,0.0105,0.9712,True
1762,occipital_protuberance,579.278,516.156,-0.1648602299999999,0.4239635399999999,0.0406999999999998,1.0,True
1762,tail_base,555.788,381.762,-0.2228505817391304,0.0575888752173913,0.2674000000000001,0.9885,True
1762,tail_tip,623.19,378.162,-0.0521109999999998,0.0563021999999999,0.002,0.9454,True
1762,withers,550.226,485.346,-0.2595444404347826,0.3623861856521739,0.0041999999999998,0.9479,True
1763,occipital_protuberance,582.516,517.4359999999999,-0.1562939973913044,0.4280547939130433,0.0395999999999999,0.9529,True
1763,tail_base,552.896,382.512,-0.2318859965217392,0.0599308591304347,0.2528000000000002,0.9308,True
1763,tail_tip,619.918,377.232,-0.0621712526086956,0.0533480243478259,0.0058000000000001,0.9982,True
1763,withers,552.49,486.678,-0.2513058913043478,0.3637861695652173,0.022,0.9147,True
1764,occipital_protuberance,585.7120000000001,518.9100000000001,-0.148241645217391,0.4339279369565219,0.0438000000000001,0.9434,True
1764,tail_base,549.904,383.452,-0.2418685878260869,0.0629584234782607,0.2321999999999998,0.9174,True
1764,tail_tip,616.1940000000001,376.458,-0.0735087878260867,0.0508194417391303,0.0101999999999998,0.9202,True
1764,withers,554.6,487.9980000000001,-0.2440769130434782,0.3658238491304349,0.0320999999999999,0.9381,True
1765,occipital_protuberance,588.874,520.378,-0.1397629239130434,0.438424641304348,0.0535,0.9578,True
1765,tail_base,547.1400000000001,384.676,-0.2503384478260866,0.0665232773913044,0.2218000000000002,0.9085,True
1765,tail_tip,612.35,375.418,-0.0851619999999999,0.04748744,0.0144,0.9835,True
1765,withers,556.5600000000001,489.334,-0.2364254260869563,0.3664650773913044,0.0521999999999998,0.9924,True
1766,occipital_protuberance,591.758,521.7560000000001,-0.1317845591304347,0.4418751947826089,0.0678000000000001,0.9562,True
1766,tail_base,544.8059999999999,386.058,-0.256258109130435,0.0701470030434782,0.2254000000000001,0.904,True
1766,tail_tip,608.6,373.958,-0.0965891304347825,0.0429360217391303,0.015,0.9208,True
1766,withers,558.184,490.53,-0.2299207460869566,0.3668176760869566,0.0735999999999999,0.9814,True
1767,occipital_protuberance,594.28,523.094,-0.1248454173913044,0.445352985652174,0.0863000000000001,0.9866,True
1767,tail_base,542.73,387.72,-0.2620369217391304,0.0746752695652173,0.2235999999999999,0.9875,True
1767,tail_tip,605.126,372.152,-0.1073209443478261,0.0373964591304347,0.0108000000000001,0.979,True
1767,withers,559.64,491.886,-0.2236977826086957,0.3671304847826086,0.098,0.9355,True
1768,occipital_protuberance,596.942,524.4060000000001,-0.1174079334782608,0.448292273478261,0.0974000000000001,0.9756,True
1768,tail_base,541.12,389.556,-0.2663741217391304,0.0796212939130434,0.2235999999999999,0.9853,True
1768,tail_tip,601.828,369.764,-0.1170718643478261,0.0299457634782609,0.0204,0.9598,True
1768,withers,561.02,493.166,-0.2189978043478261,0.3692461586956522,0.102,0.9493,True
1769,occipital_protuberance,599.6959999999999,525.716,-0.1093026956521741,0.4494145869565217,0.142,0.9306,True
1769,tail_base,539.7120000000001,391.67,-0.2703633669565214,0.0853781891304346,0.2218000000000002,0.9596,True
1769,tail_tip,599.126,366.58,-0.1242303030434783,0.0199989086956523,0.0398000000000001,0.9606,True
1769,withers,562.568,494.814,-0.2132914939130435,0.3713539552173913,0.1188000000000001,0.9452,True
1770,occipital_protuberance,602.17,527.0600000000001,-0.1024370608695653,0.4523694260869566,0.1568000000000002,0.9428,True
1770,tail_base,538.5020000000001,393.746,-0.273007555217391,0.0907694039130434,0.2249000000000001,0.9838,True
1770,tail_tip,596.642,363.568,-0.1288957934782607,0.0106070434782608,0.095,1.0,True
1770,withers,564.0840000000001,496.878,-0.208868020869565,0.376593036521739,0.1168000000000001,0.9253,True
1771,occipital_protuberance,604.5440000000001,528.3059999999999,-0.0960086817391301,0.4557433773913041,0.1678000000000001,0.9323,True
1771,tail_base,537.3439999999999,396.188,-0.2778630121739132,0.0979514756521738,0.2093000000000001,0.9816,True
1771,tail_tip,594.552,361.488,-0.1322536799999999,0.0043300799999999,0.1528000000000001,0.9468,True
1771,withers,565.866,499.526,-0.2032722047826087,0.3825742256521739,0.0994,0.9687,True
1772,occipital_protuberance,607.23,529.798,-0.0887710804347825,0.4599680169565217,0.1668000000000001,0.9362,True
1772,tail_base,536.5219999999999,398.826,-0.2813926743478263,0.1055813986956522,0.1951999999999998,0.9432,True
1772,tail_tip,592.612,360.786,-0.1345922217391305,0.0022324108695652,0.217,0.932,True
1772,withers,567.876,502.15,-0.1973845730434783,0.3890274673913043,0.0656999999999998,0.9408,True
1773,occipital_protuberance,609.802,531.366,-0.0819219221739129,0.4648861552173913,0.1791999999999998,0.9701,True
1773,tail_base,535.952,401.824,-0.2835986573913044,0.113997676521739,0.1894000000000001,0.9329,True
1773,tail_tip,591.176,361.358,-0.1372378956521737,0.0038171608695652,0.238,0.8729,True
1773,withers,570.088,504.676,-0.1905405965217392,0.3943050026086958,0.0785999999999999,0.9599,True
1774,occipital_protuberance,612.6380000000001,532.972,-0.0742878299999996,0.4696189799999999,0.1931999999999998,0.9999,True
1774,tail_base,535.75,404.9,-0.2855770108695652,0.1229967173913042,0.1738000000000001,0.9589,True
1774,tail_tip,589.526,363.61800000000005,-0.1408773230434784,0.0100981526086957,0.2471999999999998,0.974,True
1774,withers,572.3979999999999,507.194,-0.1836129104347828,0.3997917034782607,0.0671999999999998,0.9959,True
1775,occipital_protuberance,616.0899999999999,534.802,-0.0648688695652176,0.4742454260869566,0.206,0.9635,True
1775,tail_base,535.656,408.064,-0.2871274678260871,0.1322595895652173,0.1569000000000001,0.952,True
1775,tail_tip,587.99,366.282,-0.1453227239130434,0.0175527273913044,0.2264000000000001,0.9501,True
1775,withers,574.97,509.902,-0.1758213282608695,0.4052893856521741,0.0660999999999999,0.9599,True
1776,occipital_protuberance,619.3860000000001,536.4680000000001,-0.0559446034782606,0.478918806956522,0.2166999999999998,0.9822,True
1776,tail_base,535.658,411.37,-0.2880973352173912,0.1418370369565217,0.1453000000000001,0.963,True
1776,tail_tip,585.87,368.516,-0.1506226086956521,0.0236966956521738,0.205,0.9853,True
1776,withers,577.528,512.326,-0.1688373704347825,0.4116775721739131,0.0645999999999999,0.917,True
1777,occipital_protuberance,622.738,537.896,-0.0468475669565215,0.4827942747826086,0.2451999999999998,0.9678,True
1777,tail_base,535.568,414.74,-0.2894809634782608,0.1517368999999998,0.1303000000000002,0.9393,True
1777,tail_tip,584.1,370.478,-0.1550981956521738,0.0290718943478259,0.2064,0.9535,True
1777,withers,580.024,514.752,-0.1611398660869565,0.4157782539130433,0.0791999999999998,0.9702,True
1778,occipital_protuberance,626.574,539.2940000000001,-0.0363698665217392,0.4856918552173915,0.2668000000000002,0.9745,True
1778,tail_base,535.382,418.082,-0.2927257126086957,0.1625159613043477,0.1063000000000001,0.9608,True
1778,tail_tip,582.644,372.434,-0.1555594469565216,0.0337231704347825,0.2523000000000002,1.0,True
1778,withers,582.45,517.178,-0.1544967282608694,0.4219545917391304,0.0711999999999998,0.9478,True
1779,occipital_protuberance,630.328,540.49,-0.0261312208695652,0.4876368956521739,0.3444000000000001,0.9794,True
1779,tail_base,535.0240000000001,421.284,-0.2959410365217388,0.1727675895652173,0.0864,0.9632,True
1779,tail_tip,581.016,374.258,-0.1567563913043479,0.0378921847826086,0.291,0.9951,True
1779,withers,585.0139999999999,519.544,-0.1474461543478263,0.427820704347826,0.089,0.9005,True
1780,occipital_protuberance,633.9100000000001,541.232,-0.0164099021739128,0.4883414434782608,0.357,0.9953,True
1780,tail_base,534.658,424.364,-0.2993086826086956,0.1828777130434783,0.066,0.9781,True
1780,tail_tip,578.9300000000001,376.45,-0.1607070326086954,0.0432885326086956,0.3095,0.9482,True
1780,withers,587.358,521.488,-0.1411606673913044,0.4330335826086958,0.074,0.9721,True
1781,occipital_protuberance,637.4300000000001,541.86,-0.0068892760869563,0.4875034043478261,0.3913000000000002,1.0,True
1781,tail_base,534.158,427.278,-0.3036975126086956,0.1930439830434781,0.0431999999999998,0.9825,True
1781,tail_tip,576.02,379.44,-0.1669878,0.0507383999999999,0.3208000000000002,0.9617,True
1781,withers,589.354,522.9159999999999,-0.1359074399999999,0.4371815443478259,0.0721999999999998,0.9769,True
1782,occipital_protuberance,640.58,542.212,0.0015565434782609,0.489001552173913,0.4135,0.9448,True
1782,tail_base,533.4540000000001,429.634,-0.3084506699999998,0.20159043,0.0220999999999999,0.9824,True
1782,tail_tip,571.196,382.476,-0.1778433826086956,0.0580955739130434,0.33,0.9433,True
1782,withers,591.426,524.2299999999999,-0.1311709191304346,0.4434924043478258,0.0840999999999999,0.9247,True
1783,occipital_protuberance,643.33,542.1419999999999,0.0089743500000001,0.4908726899999999,0.4350999999999999,0.958,True
1783,tail_base,532.732,431.73,-0.3113103913043479,0.2081729347826087,0.0295,0.9467,True
1783,tail_tip,563.926,385.246,-0.1959401634782607,0.0650249147826086,0.3354000000000001,0.986,True
1783,withers,593.6,525.21,-0.1255422608695651,0.447000795652174,0.0868000000000001,0.9465,True
1784,occipital_protuberance,645.6780000000001,541.758,0.0154145356521742,0.4934334573913044,0.4169000000000001,0.9575,True
1784,tail_base,532.096,434.12,-0.3145636173913043,0.2160759130434782,0.0205,0.9586,True
1784,tail_tip,554.9379999999999,387.72,-0.2180176043478264,0.0710475652173912,0.344,0.9691,True
1784,withers,595.6580000000001,525.7940000000001,-0.1203403321739127,0.4499504991304351,0.0991999999999998,0.935,True
1785,occipital_protuberance,647.94,541.312,0.0218954130434784,0.4999875478260869,0.361,0.9378,True
1785,tail_base,531.274,436.366,-0.3174562839130434,0.2229721186956521,0.0218000000000001,0.9883,True
1785,tail_tip,544.3340000000001,389.496,-0.244572208695652,0.0754071652173912,0.35,0.9281,True
1785,withers,597.778,526.106,-0.1148897334782608,0.45198887,0.1135999999999999,0.9358,True
1786,occipital_protuberance,650.354,540.546,0.0290249630434783,0.506117536956522,0.307,0.982,True
1786,tail_base,530.668,438.374,-0.31870278,0.2284602099999998,0.0286999999999998,0.9414,True
1786,tail_tip,532.8520000000001,391.388,-0.277000873043478,0.0811448034782608,0.3125999999999999,0.9678,True
1786,withers,600.404,526.298,-0.1084241773913043,0.4553673060869564,0.1208000000000001,0.9069,True
1787,occipital_protuberance,653.158,539.48,0.0372600234782609,0.5082405391304349,0.2488000000000002,1.0,True
1787,tail_base,530.55,440.802,-0.3158822173913044,0.2332015982608695,0.0583000000000001,0.9177,True
1787,tail_tip,521.68,393.798,-0.315785791304348,0.0902039230434781,0.2305999999999999,0.9691,True
1787,withers,603.236,526.1139999999999,-0.1014206869565217,0.4582579695652171,0.115,0.947,True
1788,occipital_protuberance,656.206,538.2059999999999,0.0463033604347826,0.5091655343478259,0.2014,0.9403,True
1788,tail_base,530.53,443.45200000000006,-0.3146786543478261,0.2398882165217393,0.0719,0.9725,True
1788,tail_tip,511.774,396.7,-0.3546563908695652,0.1015074130434782,0.2114000000000001,0.9796,True
1788,withers,606.572,525.896,-0.0935838660869565,0.4644366713043477,0.0944000000000001,0.9516,True
1789,occipital_protuberance,659.55,536.738,0.0564782499999998,0.5105807134782611,0.1451999999999998,0.9396,True
1789,tail_base,530.8779999999999,446.134,-0.3122549752173915,0.2464743134782609,0.0864,0.9785,True
1789,tail_tip,503.642,400.648,-0.3922367513043479,0.1169248556521738,0.1625999999999999,0.9854,True
1789,withers,610.496,525.4100000000001,-0.0837657043478261,0.4696205652173916,0.079,0.9368,True
1790,occipital_protuberance,663.188,534.746,0.0670133199999999,0.50501594,0.1381999999999998,0.9169,True
1790,tail_base,531.736,449.04,-0.3084347217391304,0.2536672173913042,0.1125,0.9309,True
1790,tail_tip,497.826,406.34,-0.4229985573913042,0.1378715739130435,0.0838000000000001,0.9662,True
1790,withers,614.821,524.5980000000001,-0.0723184669565216,0.4727540817391307,0.0880999999999999,0.9545,True
1791,occipital_protuberance,667.528,532.836,0.0794003269565218,0.4985191408695652,0.0909,0.9877,True
1791,tail_base,533.004,452.064,-0.3051944599999999,0.2626025530434781,0.1093000000000001,0.9752,True
1791,tail_tip,494.47,412.538,-0.4445308760869566,0.1604807473913043,0.0228000000000001,1.0,True
1791,withers,619.3969999999999,523.63,-0.059475486304348,0.4723571239130434,0.0971999999999998,0.9854,True
1792,occipital_protuberance,672.142,530.9219999999999,0.0928973673913045,0.4940017369565214,0.027,0.9036,True
1792,tail_base,534.704,455.266,-0.3016501495652175,0.2729163799999998,0.0919,0.9513,True
1792,tail_tip,493.184,419.084,-0.4511081182608695,0.181542012173913,0.0121999999999998,0.9931,True
1792,withers,623.883,522.4159999999999,-0.0468619293478259,0.4722421739130432,0.09,0.9304,False
1793,occipital_protuberance,676.5640000000001,528.96,0.1055109860869567,0.487559791304348,-0.0043000000000001,0.939,True
1793,tail_base,536.796,458.446,-0.2950736973913042,0.2814699547826088,0.0690999999999999,0.954,True
1793,tail_tip,492.6,425.4,-0.4550173913043477,0.201886956521739,0.014,0.9874,True
1793,withers,628.247,521.076,-0.0342140050000001,0.4689062426086957,0.0608000000000001,0.9483,True
1794,occipital_protuberance,681.108,527.062,0.1176314356521737,0.4780515447826087,0.0424,0.9277,True
1794,tail_base,538.75,461.538,-0.2877921195652174,0.2886107282608696,0.068,0.9587,True
1794,tail_tip,492.0220000000001,430.658,-0.4601794108695651,0.2197310195652174,0.0,0.9466,True
1794,withers,632.3009999999999,519.926,-0.0224132953260871,0.4655758758695654,0.0466999999999998,0.9042,True
1795,occipital_protuberance,685.158,525.308,0.128965357826087,0.4720980860869565,0.0425999999999999,0.991,True
1795,tail_base,540.97,464.562,-0.2814820108695652,0.2972061195652174,0.0575,0.9547,True
1795,tail_tip,491.662,434.632,-0.4641367030434783,0.2335170382608694,0.0004,0.9584,True
1795,withers,636.242,519.054,-0.0109361884782609,0.4628644284782608,0.0196999999999998,0.9489,True
1796,occipital_protuberance,688.644,523.49,0.13936506,0.46839885,0.0501999999999998,0.9227,True
1796,tail_base,543.1039999999999,467.446,-0.2731413982608697,0.3028809308695653,0.0625999999999999,0.995,True
1796,tail_tip,491.644,437.266,-0.4633867408695653,0.2413386713043477,0.0154,0.9372,True
1796,withers,640.034,518.772,9.91063043478022e-05,0.4628031221739131,0.0203000000000001,0.9215,False
1797,occipital_protuberance,691.21,521.9580000000001,0.1460041630434783,0.4617563413043481,0.063,0.942,True
1797,tail_base,545.092,469.874,-0.2654329173913043,0.3072889152173912,0.0805,0.9502,True
1797,tail_tip,491.486,438.39400000000006,-0.464461392173913,0.2451687139130436,0.0118000000000001,0.9493,True
1797,withers,643.938,519.046,0.0114600080434782,0.4628411476086958,0.0446999999999998,0.9884,True
1798,occipital_protuberance,693.4259999999999,520.4620000000001,0.1511491226086954,0.4539679278260872,0.1161999999999998,0.9061,True
1798,tail_base,547.134,472.196,-0.2597219760869564,0.3137829434782609,0.0805,0.9484,True
1798,tail_tip,492.106,439.9,-0.4635190865217393,0.2504170217391304,0.0115999999999999,0.9452,True
1798,withers,647.492,519.414,0.0216054621739129,0.4597187863043477,0.0999,0.8865,True
1799,occipital_protuberance,695.39,519.232,0.1558626434782608,0.4480650017391303,0.1131999999999998,0.8998,True
1799,tail_base,549.558,474.33,-0.2517826634782609,0.3182847782608696,0.0763000000000001,1.0,True
1799,tail_tip,493.514,442.254,-0.4599341952173912,0.2582596786956522,0.0159,0.9425,True
1799,withers,650.6800000000001,519.894,0.0307119652173914,0.4597995286956521,0.1304000000000001,0.9344,True
1800,occipital_protuberance,697.256,518.28,0.1597940278260868,0.4417388347826086,0.1024,0.9552,True
1800,tail_base,552.054,476.53,-0.2447384230434783,0.3242827239130436,0.0643000000000001,0.9379,True
1800,tail_tip,496.178,445.562,-0.4536333473913044,0.2698737082608696,0.0026999999999998,0.925,True
1800,withers,653.6,520.516,0.0391236521739131,0.4617626582608694,0.1534000000000001,0.9175,True
1801,occipital_protuberance,698.98,517.35,0.1627206913043478,0.4341149673913044,0.1418000000000001,0.9926,True
1801,tail_base,555.144,478.846,-0.2364161947826086,0.3311152904347825,0.0403000000000001,0.9531,True
1801,tail_tip,500.318,449.008,-0.4405752473913042,0.2807428417391304,0.0161999999999998,0.9526,True
1801,withers,656.262,520.832,0.0465552778260868,0.4604340452173913,0.1871999999999998,0.8871,True
1802,occipital_protuberance,700.978,516.116,0.1669206469565216,0.4273505808695652,0.1835999999999999,0.993,True
1802,tail_base,558.534,481.15,-0.22803396,0.3391146521739129,0.0418000000000001,0.9696,True
1802,tail_tip,505.178,451.516,-0.4243668995652174,0.2880565573913042,0.0151999999999998,0.9448,True
1802,withers,659.2239999999999,520.726,0.0545167565217389,0.4557979717391304,0.224,0.9603,True
1803,occipital_protuberance,703.0,515.15,0.1720036956521739,0.4235932282608695,0.1681999999999998,0.937,True
1803,tail_base,562.1859999999999,483.25,-0.2178115356521741,0.3449928260869565,0.0418000000000001,1.0,True
1803,tail_tip,510.536,451.61,-0.4025486069565219,0.2848473543478261,0.0064,0.887,True
1803,withers,662.402,520.308,0.0638310900000001,0.4567732513043477,0.2205999999999999,0.9587,True
1804,occipital_protuberance,705.1800000000001,514.536,0.1776296695652175,0.4211441947826085,0.1353000000000001,0.9364,True
1804,tail_base,565.824,485.36,-0.2085796869565218,0.3525068695652173,0.045,0.9715,True
1804,tail_tip,516.136,449.984,-0.3798855026086957,0.275977015652174,0.0084,1.0,True
1804,withers,666.208,519.4,0.0748865113043477,0.4554681739130434,0.2251999999999998,0.9035,True
1805,occipital_protuberance,707.5539999999999,513.988,0.1837615656521735,0.418880835652174,0.0484,0.9569,True
1805,tail_base,569.332,487.144,-0.1997753634782609,0.3594305599999998,0.0361999999999998,0.954,True
1805,tail_tip,521.08,447.288,-0.3574321565217389,0.2623573669565217,0.0258000000000001,0.9787,True
1805,withers,670.22,518.4159999999999,0.0861072913043479,0.4513822852173911,0.2485999999999999,0.9167,True
1806,occipital_protuberance,709.786,513.596,0.1897572365217389,0.4176475582608696,0.0669,0.96,True
1806,tail_base,572.6800000000001,488.78,-0.1915107652173911,0.3663511043478262,0.0148000000000001,0.9497,True
1806,tail_tip,524.6859999999999,444.876,-0.3438864026086959,0.2531149930434783,0.0039,0.9718,True
1806,withers,674.1659999999999,517.138,0.0972394069565215,0.4472284121739132,0.2675999999999999,0.9969,True
1807,occipital_protuberance,711.896,513.7239999999999,0.1953539356521738,0.4176948426086955,0.0121999999999998,0.9325,True
1807,tail_base,575.826,490.38,-0.183286524347826,0.3723766173913043,0.0019,0.9284,True
1807,tail_tip,527.197,443.934,-0.3337620068478261,0.2483442841304348,0.0139,0.9238,True
1807,withers,677.582,516.092,0.1067982399999999,0.4435727443478261,0.2775999999999999,0.9722,True
1808,occipital_protuberance,713.758,513.754,0.2004934852173914,0.4179434817391305,-0.0128000000000001,0.956,True
1808,tail_base,578.922,492.124,-0.175267304347826,0.3791384347826086,-0.0285,0.9993,True
1808,tail_tip,528.675,444.908,-0.3289774755434783,0.2509123691304348,0.0118000000000001,0.9861,True
1808,withers,680.698,515.3240000000001,0.1157946573913042,0.4419305460869567,0.2714000000000001,0.9402,True
1809,occipital_protuberance,715.4440000000001,513.316,0.2046172486956523,0.4158196556521739,0.0003000000000001,0.9715,True
1809,tail_base,581.958,493.894,-0.1677287621739131,0.3869245526086954,-0.0550999999999999,0.9687,True
1809,tail_tip,529.697,447.642,-0.3244706618478261,0.2578103745652174,0.0241999999999998,0.9415,False
1809,withers,682.996,514.63,0.1214543530434782,0.4367961347826087,0.3056999999999998,0.9698,True
1810,occipital_protuberance,717.022,512.742,0.2090477543478262,0.4145617108695651,-0.0065,0.9328,True
1810,tail_base,585.0020000000001,496.062,-0.1587290104347824,0.3926867634782608,-0.0306999999999998,0.9222,True
1810,tail_tip,530.0809999999999,451.542,-0.3248464881521742,0.270536460652174,0.0230999999999999,0.9709,True
1810,withers,685.4979999999999,513.782,0.1287791217391302,0.4352699217391305,0.3005,0.9343,True
1811,occipital_protuberance,718.408,512.086,0.21209364,0.41139263,0.0159,0.9232,True
1811,tail_base,587.808,498.288,-0.15057392,0.39896088,-0.0171999999999998,0.9978,True
1811,tail_tip,530.955,455.84800000000007,-0.3218605407608694,0.2829078739130437,0.0265,0.9422,True
1811,withers,688.35,513.1600000000001,0.1355271521739131,0.4293141391304351,0.3356999999999998,0.9054,True
1812,occipital_protuberance,719.816,511.062,0.2158155234782609,0.4084585121739131,0.0169,0.881,True
1812,tail_base,590.264,500.788,-0.1436721669565217,0.4066936834782608,-0.0045999999999999,1.0,True
1812,tail_tip,533.872,461.284,-0.3133083130434784,0.2990079826086956,0.0005,1.0,True
1812,withers,691.1800000000001,512.3720000000001,0.1450062913043479,0.4317096252173914,0.2979000000000001,0.8822,True
1813,occipital_protuberance,721.3679999999999,510.0940000000001,0.2198351095652172,0.4055148330434783,0.0314,0.9201,True
1813,tail_base,592.5,503.3440000000001,-0.136366304347826,0.4115219269565218,0.0288000000000001,0.9354,True
1813,tail_tip,538.922,468.126,-0.2981800999999999,0.3189717000000001,-0.023,0.9674,True
1813,withers,693.5799999999999,511.564,0.1518643565217389,0.4295850939130433,0.3069000000000001,0.8696,True
1814,occipital_protuberance,722.5840000000001,509.502,0.2236949217391305,0.4049554173913042,0.025,0.9691,True
1814,tail_base,594.2719999999999,505.84,-0.1298178156521741,0.4140270782608695,0.0581999999999998,0.9786,True
1814,tail_tip,545.984,476.386,-0.2760595895652173,0.3417447178260869,-0.0264,0.9246,True
1814,withers,695.8799999999999,510.95,0.1583833565217387,0.427844804347826,0.2969000000000001,0.9012,True
1815,occipital_protuberance,723.3860000000001,509.134,0.2257766586956524,0.4037965152173913,0.07,0.9939,True
1815,tail_base,596.126,507.9,-0.1209014834782609,0.407560956521739,0.1373000000000001,1.0,True
1815,tail_tip,553.008,485.768,-0.2502911130434781,0.3618564086956522,0.017,0.9649,True
1815,withers,697.542,510.516,0.1628313508695653,0.4259275591304347,0.3210999999999999,0.9009,True
1816,occipital_protuberance,724.006,509.196,0.228131076521739,0.4051644417391305,0.0625999999999999,1.0,True
1816,tail_base,597.8459999999999,509.731,-0.1129727200000002,0.4012790799999998,0.2094,0.9526,True
1816,tail_tip,557.8779999999999,497.466,-0.230155831304348,0.3852634069565218,0.0225999999999999,0.8716,True
1816,withers,698.814,510.166,0.1673386156521737,0.4272549147826087,0.2934000000000001,0.8983,True
1817,occipital_protuberance,724.722,509.64,0.2303333330434782,0.4068256173913043,0.0158000000000001,1.0,True
1817,tail_base,599.746,511.189,-0.1049054243478261,0.394011680869565,0.2774000000000001,0.9198,True
1817,tail_tip,561.302,509.5280000000001,-0.2144691582608694,0.4074963060869567,0.0048000000000001,0.8909,True
1817,withers,699.8019999999999,509.908,0.1695256695652171,0.4249565913043479,0.2935,0.9331,True
1818,occipital_protuberance,726.0020000000001,509.898,0.2340002243478262,0.4078529060869563,0.0178000000000001,1.0,True
1818,tail_base,601.469,512.262,-0.0984215760869564,0.388930108695652,0.325,0.9032,False
1818,tail_tip,562.624,520.9599999999999,-0.2069639791304347,0.430533008695652,0.0416999999999998,0.9245,True
1818,withers,700.944,509.634,0.1715308626086955,0.4211546517391304,0.3120999999999999,0.9282,True
1819,occipital_protuberance,727.674,509.654,0.2387401139130434,0.4075143486956521,0.0208000000000001,0.9855,True
1819,tail_base,603.383,513.088,-0.0920917549999999,0.3850163199999999,0.3611999999999998,0.9486,True
1819,tail_tip,562.888,531.196,-0.2020837304347825,0.4486451695652174,0.082,0.9399,True
1819,withers,702.388,509.326,0.176286787826087,0.4219433365217391,0.2829000000000001,0.9311,True
1820,occipital_protuberance,729.592,508.718,0.2439629113043477,0.40496558,0.0633000000000001,1.0,True
1820,tail_base,605.0260000000001,513.881,-0.0884842199999998,0.3893189299999999,0.3524000000000001,0.9619,False
1820,tail_tip,563.086,540.354,-0.1987056469565217,0.4659406382608697,0.0886999999999998,0.9562,True
1820,withers,703.9680000000001,508.43,0.1806122573913045,0.4190888782608696,0.3069000000000001,0.9167,True
1821,occipital_protuberance,732.034,506.9,0.2508926869565217,0.4004621739130434,0.098,1.0,True
1821,tail_base,606.57,514.6,-0.0848831304347824,0.3925495652173913,0.344,0.9532,False
1821,tail_tip,564.402,546.4100000000001,-0.1944676378260868,0.4795194630434785,0.0714,0.9721,True
1821,withers,705.418,507.00200000000007,0.1860004395652174,0.4179650343478263,0.3211999999999998,0.9271,True
1822,occipital_protuberance,734.454,504.316,0.2570996813043477,0.3928218773913042,0.1228000000000001,0.9286,True
1822,tail_base,608.16,515.1129999999999,-0.0810103043478261,0.3946529942934781,0.34225,0.9349,False
1822,tail_tip,565.2239999999999,550.106,-0.191816695652174,0.4876632173913043,0.0485,0.9336,True
1822,withers,707.27,505.092,0.1895112891304347,0.4087493973913043,0.3451999999999998,0.9057,True
1823,occipital_protuberance,736.4,501.56000000000006,0.2623966086956521,0.3853201652173915,0.1463000000000001,0.9466,True
1823,tail_base,609.895,515.4939999999999,-0.0768086535326087,0.3967209690217388,0.33875,0.9766,True
1823,tail_tip,566.4559999999999,551.842,-0.1886563478260872,0.4921164347826086,0.0355,0.9604,True
1823,withers,709.1959999999999,502.65,0.1949371660869563,0.4018698586956521,0.3986999999999998,0.9601,True
1824,occipital_protuberance,738.4100000000001,498.212,0.2677607739130436,0.376056824347826,0.1668000000000001,0.9826,True
1824,tail_base,611.775,515.743,-0.0722652038043478,0.3987528657608697,0.3305,1.0,False
1824,tail_tip,567.21,552.042,-0.1879722630434782,0.4959275908695653,0.0196999999999998,0.9642,True
1824,withers,710.8439999999999,500.082,0.198024380869565,0.3915596426086956,0.4394,0.9486,True
1825,occipital_protuberance,740.5600000000001,494.704,0.2737199478260871,0.3666584313043478,0.1708000000000001,0.9428,True
1825,tail_base,613.8,515.86,-0.0673653260869566,0.4007465543478261,0.3255,1.0,False
1825,tail_tip,568.17,550.864,-0.1869453826086957,0.4967443060869566,0.0115999999999999,0.9424,True
1825,withers,712.522,497.612,0.2009805339130436,0.3813647339130434,0.4614000000000001,0.9038,True
1826,occipital_protuberance,742.538,491.198,0.2783683791304348,0.3561740486956522,0.3024000000000001,0.9526,True
1826,tail_base,615.95,515.948,-0.0621718641304346,0.4031425308695652,0.3126999999999998,0.957,False
1826,tail_tip,570.228,549.798,-0.182499283478261,0.4964455513043478,-0.0089,0.9828,True
1826,withers,714.246,495.152,0.2039021126086956,0.3711685252173914,0.4879000000000001,0.9233,True
1827,occipital_protuberance,744.38,487.75,0.2838001434782609,0.3473411413043478,0.3595999999999999,0.9011,True
1827,tail_base,617.9482,516.0627999999999,-0.0571052933413042,0.4041398876130432,0.3085700000000002,0.9389,True
1827,tail_tip,572.656,549.234,-0.1768219200000001,0.4968626634782609,-0.0135999999999999,0.9965,True
1827,withers,715.562,492.662,0.2084032813043478,0.3658875639130434,0.4770999999999999,0.984,True
1828,occipital_protuberance,746.178,484.338,0.2895658717391304,0.33909135,0.428,0.9844,True
1828,tail_base,619.7946,516.2044000000001,-0.0522241506586957,0.4037357399086959,0.3081099999999996,0.9642,True
1828,tail_tip,575.332,549.568,-0.1688678295652174,0.4950197426086956,-0.0089,0.9229,True
1828,withers,716.9999999999999,490.524,0.2118671739130431,0.3591396234782609,0.4795999999999999,0.9762,True
1829,occipital_protuberance,747.5740000000001,481.574,0.2932560782608697,0.3314212956521738,0.4825,0.953,True
1829,tail_base,621.4892000000001,516.3728,-0.0475783897217388,0.4019256877217391,0.3183200000000001,0.9233,False
1829,tail_tip,577.598,550.4280000000001,-0.1617025739130435,0.4934569043478263,0.007,0.9232,True
1829,withers,718.518,488.352,0.2154636334782609,0.3522146295652173,0.4829000000000001,0.936,True
1830,occipital_protuberance,748.874,479.05,0.2966816500000001,0.32441125,0.487,1.0,True
1830,tail_base,623.032,516.568,-0.0432093808695651,0.3987038156521739,0.3376999999999998,0.9633,False
1830,tail_tip,579.4399999999999,551.592,-0.1564159478260871,0.4948488156521738,0.0128000000000001,0.9183,True
1830,withers,719.804,486.5,0.2197559278260868,0.3483425,0.4670999999999999,0.9044,True
1831,occipital_protuberance,749.9300000000001,476.68,0.3003478782608697,0.318790052173913,0.4769000000000001,0.9973,True
1831,tail_base,624.443,516.6870000000001,-0.0390818895652174,0.3936249939130438,0.3668000000000002,0.9895,False
1831,tail_tip,580.226,552.3340000000001,-0.1547886713043478,0.4980614365217393,0.0065999999999999,0.9422,True
1831,withers,721.112,484.928,0.2247507721739129,0.3461591930434782,0.4413000000000002,0.921,True
1832,occipital_protuberance,750.788,474.96,0.3026920834782609,0.3140907130434783,0.4704000000000001,0.9664,True
1832,tail_base,625.1485,516.7465000000001,-0.0370544924999999,0.3910825175000001,0.3825999999999999,0.9942,False
1832,tail_tip,580.4780000000001,552.382,-0.1539678865217389,0.4976420473913043,0.0091999999999998,0.9654,True
1832,withers,722.672,483.84,0.2305290747826087,0.3453251478260868,0.4250999999999999,0.9321,True
1833,occipital_protuberance,751.2560000000001,473.7,0.3032693443478263,0.3099313695652173,0.4691999999999998,0.8971,True
1833,tail_base,625.8540000000002,516.806,-0.0350513278260865,0.3885379973913044,0.4119000000000001,0.9925,False
1833,tail_tip,579.4660000000001,551.922,-0.156862017391304,0.4973283130434783,0.005,0.9557,True
1833,withers,724.1200000000001,482.91,0.2354811391304351,0.3440678413043479,0.4045999999999999,0.9555,True
1834,occipital_protuberance,751.642,472.6360000000001,0.3043215300000001,0.3070310443478263,0.4691999999999998,0.8815,True
1834,tail_base,626.5595000000001,516.8655000000001,-0.033072395543478,0.3859914335869568,0.4276999999999998,0.9873,False
1834,tail_tip,577.9060000000001,550.874,-0.1608504573913041,0.4944466486956522,0.0078000000000001,0.9612,True
1834,withers,725.432,482.13,0.24006392,0.3431852999999999,0.3848000000000002,0.9428,True
1835,occipital_protuberance,751.746,471.9219999999999,0.3048479465217391,0.3053280821739128,0.4671999999999998,0.9027,True
1835,tail_base,627.2650000000001,516.925,-0.0311176956521736,0.3834428260869564,0.443,0.9673,False
1835,tail_tip,576.454,549.228,-0.1645012539130435,0.489853700869565,0.0114,0.9397,True
1835,withers,726.696,481.426,0.2425226365217392,0.3396760365217392,0.3964000000000001,0.9057,True
1836,occipital_protuberance,751.912,471.5,0.3050818434782609,0.3039586956521739,0.462,0.8806,True
1836,tail_base,634.32,517.52,-0.0129034782608694,0.3578443478260869,0.5985,0.9401,False
1836,tail_tip,574.9759999999999,546.766,-0.1673378504347829,0.4806382408695651,0.0299,0.965,True
1836,withers,727.728,480.806,0.2434451999999998,0.3352366500000001,0.417,0.8664,True
1837,occipital_protuberance,752.264,470.978,0.3063830991304348,0.3028734373913042,0.4591999999999998,0.8909,True
1837,tail_base,634.788,517.4459999999999,-0.0120193252173912,0.3630841669565215,0.5669000000000001,0.9435,False
1837,tail_tip,573.098,544.074,-0.1729271260869566,0.4757912739130434,0.042,0.9774,True
1837,withers,728.392,480.27,0.2459219165217392,0.3346120565217391,0.4004000000000001,0.8833,True
1838,occipital_protuberance,752.758,470.518,0.3078538526086957,0.301738165652174,0.4511999999999998,0.9214,True
1838,tail_base,635.256,517.372,-0.0111030226086957,0.3683189026086956,0.5352999999999998,0.9487,True
1838,tail_tip,571.732,541.0260000000001,-0.1773187095652174,0.4701953582608697,0.0504,1.0,True
1838,withers,728.732,479.812,0.2460962730434781,0.3322959773913043,0.4084000000000001,0.9003,True
1839,occipital_protuberance,753.124,470.348,0.3093203634782609,0.3017298139130434,0.4474000000000001,0.9506,True
1839,tail_base,635.724,517.298,-0.0101545704347825,0.3735485547826087,0.5036999999999998,0.9594,False
1839,tail_tip,570.452,537.642,-0.1829263591304348,0.4672370778260872,0.0591999999999998,0.9366,True
1839,withers,729.0640000000001,479.53,0.2465330243478262,0.3308642369565218,0.4134000000000001,0.9072,True
1840,occipital_protuberance,753.4739999999999,470.59,0.310622740869565,0.302728104347826,0.4445999999999999,0.9508,True
1840,tail_base,636.192,517.2239999999999,-0.0091739686956521,0.3787731234782607,0.4720999999999999,0.9605,False
1840,tail_tip,569.546,534.144,-0.1873616917391303,0.463109467826087,0.0439,0.9499,True
1840,withers,729.366,479.286,0.2486900360869565,0.3319521926086954,0.3998000000000001,0.9128,True
1841,occipital_protuberance,753.478,471.206,0.3105103447826086,0.3042934613043477,0.4455999999999999,0.9393,True
1841,tail_base,637.1279999999999,517.076,-0.0071163165217393,0.3892070104347826,0.4114000000000001,0.9541,False
1841,tail_tip,569.222,531.236,-0.1903005008695652,0.4604014886956521,0.0239,0.9897,True
1841,withers,729.5559999999999,479.194,0.2493161165217389,0.3318257313043477,0.3888000000000002,0.9182,True
1842,occipital_protuberance,753.074,471.898,0.3095277843478259,0.306308612173913,0.4515999999999999,0.9222,True
1842,tail_base,638.0101333333334,516.9122666666666,-0.0050497048270528,0.3981978509835746,0.3593066666666668,0.9515,False
1842,tail_tip,569.226,528.28,-0.1912744278260869,0.4547949913043478,0.0135999999999999,0.9148,True
1842,withers,729.6899999999999,479.11,0.2473689195652172,0.3285105586956521,0.4125999999999999,0.9278,True
1843,occipital_protuberance,752.546,472.638,0.3083026404347827,0.3085546604347827,0.4498000000000002,0.9212,True
1843,tail_base,638.8384,516.7328,-0.0030071298782609,0.4057471468521739,0.3093200000000001,0.9395,True
1843,tail_tip,573.024,526.6020000000001,-0.18224752,0.453338529130435,-0.0009,0.952,True
1843,withers,729.8459999999999,479.2,0.2477991743478257,0.3287587826086955,0.4125999999999999,0.9255,True
1844,occipital_protuberance,751.962,473.314,0.3070679547826086,0.3107759617391304,0.4538000000000002,0.9154,True
1844,tail_base,639.6128,516.5376,-0.0010187400347826,0.4118572315826087,0.27344,0.9353,False
1844,tail_tip,576.976,525.016,-0.1718911095652174,0.4500632034782607,-0.0021999999999998,0.9416,True
1844,withers,729.81,479.334,0.2499841826086954,0.3321635947826087,0.3991999999999998,0.916,True
1845,occipital_protuberance,751.348,473.734,0.3057470843478259,0.3122987291304349,0.4508000000000002,0.9453,True
1845,tail_base,640.104,516.374,0.0002769113043479,0.416362772173913,0.2444000000000001,0.9612,False
1845,tail_tip,578.3720000000001,522.6179999999999,-0.1689411043478258,0.4457854304347824,-0.01,0.8991,True
1845,withers,729.462,479.386,0.2496962213043478,0.3332167073913043,0.3921999999999998,0.8961,True
1846,occipital_protuberance,750.9739999999999,473.924,0.3059022434782607,0.3140339826086956,0.441,0.965,True
1846,tail_base,640.424,516.144,0.0011527269565216,0.4245080139130435,0.1928000000000002,0.9611,True
1846,tail_tip,577.824,518.732,-0.1718355408695653,0.4386869382608694,-0.0255999999999999,0.6593,True
1846,withers,729.244,479.46,0.2503100191304349,0.3350593304347827,0.3795999999999999,0.8763,True
1847,occipital_protuberance,750.692,474.046,0.3062077608695652,0.3154859456521738,0.4355,0.963,True
1847,tail_base,640.5166666666667,515.9133333333334,0.0014263743961352,0.4304337806763287,0.1541333333333332,0.9508,True
1847,tail_tip,577.4300000000001,514.822,-0.1750055695652172,0.4330304026086956,-0.0346999999999998,0.4483,True
1847,withers,729.046,479.514,0.248902927826087,0.3340676113043478,0.3884000000000001,0.8712,True
1848,occipital_protuberance,750.52,473.872,0.3062124782608695,0.3154997043478261,0.4315,0.953,True
1848,tail_base,640.496,515.6220000000001,0.0013833008695651,0.4340162256521742,0.1281999999999998,0.9474,True
1848,tail_tip,573.414,509.756,-0.1879317473913044,0.4226700321739131,-0.0555999999999999,0.929,True
1848,withers,728.928,479.438,0.2492497182608695,0.334763942173913,0.3814000000000001,0.8924,True
1849,occipital_protuberance,750.6299999999999,473.654,0.3056995499999996,0.3140556508695651,0.4383000000000002,0.9544,True
1849,tail_base,640.44,515.258,0.0012432869565218,0.4387051052173913,0.0944000000000001,0.9384,True
1849,tail_tip,569.8979999999999,504.874,-0.1998059395652176,0.4129223943478259,-0.0561999999999998,0.9116,True
1849,withers,728.926,479.268,0.2465183373913045,0.3306316382608696,0.4095999999999999,0.9049,True
1850,occipital_protuberance,750.8059999999999,473.304,0.3065472078260867,0.3134579791304347,0.4353000000000002,0.954,True
1850,tail_base,640.4240000000001,514.876,0.0012128243478263,0.4430126973913043,0.0599,0.9352,True
1850,tail_tip,568.952,500.966,-0.2039386504347826,0.4046337095652174,-0.0188000000000001,0.9526,True
1850,withers,729.2139999999999,479.14,0.2469288365217389,0.3297587999999999,0.4035999999999999,0.9174,True
1851,occipital_protuberance,750.9440000000001,472.938,0.3065672139130436,0.3120771560869564,0.4348000000000002,0.9339,True
1851,tail_base,640.3800000000001,514.554,0.0010874608695655,0.4422932295652172,0.0586999999999998,0.9405,True
1851,tail_tip,569.528,498.534,-0.2036640799999999,0.40036326,-0.0108000000000001,0.9584,True
1851,withers,729.36,479.038,0.2472358086956522,0.3293470926086956,0.4045999999999999,0.9286,True
1852,occipital_protuberance,751.254,472.582,0.3059968713043479,0.3096494486956522,0.4465999999999999,0.9288,True
1852,tail_base,640.3280000000001,514.266,0.0009393634782611,0.4418044095652173,0.0566999999999998,0.9298,True
1852,tail_tip,570.4019999999999,496.7480000000001,-0.2017131600000001,0.3963313773913045,-0.0134,0.9351,True
1852,withers,729.47,478.942,0.2461981000000001,0.3272973556521739,0.4184000000000001,0.9405,True
1853,occipital_protuberance,751.5939999999999,472.232,0.3062284917391303,0.3079792469565217,0.4524000000000001,0.9011,True
1853,tail_base,640.108,514.1020000000001,0.0003101478260868,0.4425407434782611,0.0495,0.9266,True
1853,tail_tip,571.39,495.184,-0.1989391695652174,0.3919748243478261,-0.0145999999999999,0.9114,True
1853,withers,729.484,478.718,0.2446025686956523,0.3245130721739131,0.4351999999999998,0.9319,True
1854,occipital_protuberance,751.858,471.792,0.3070745269565216,0.3068933426086957,0.4514000000000001,0.8923,True
1854,tail_base,639.78,513.998,-0.0006322608695652,0.4425768608695654,0.0475,0.9319,True
1854,tail_tip,572.24,493.7360000000001,-0.196312504347826,0.3874564504347827,-0.0124,0.9368,True
1854,withers,729.508,478.428,0.2454270443478261,0.3247244269565216,0.4274000000000001,0.9274,True
1855,occipital_protuberance,752.0959999999999,471.428,0.3064119791304345,0.3045860156521739,0.4551999999999998,0.8967,True
1855,tail_base,639.53,513.928,-0.00135125,0.442543,0.0465,0.9567,True
1855,tail_tip,572.918,492.496,-0.1943482204347826,0.3838639547826086,-0.0174,0.9683,True
1855,withers,729.2540000000001,478.004,0.2431977469565221,0.3215352469565218,0.4431999999999998,0.9303,True
1856,occipital_protuberance,752.232,471.06000000000006,0.3058321999999999,0.3026385000000001,0.463,0.9152,True
1856,tail_base,639.248,513.894,-0.0021449982608694,0.4389659073913043,0.0673000000000001,0.9534,True
1856,tail_tip,573.5640000000001,491.542,-0.1918556139130432,0.3798704191304349,-0.0088000000000001,0.9813,True
1856,withers,728.92,477.44,0.2426742782608694,0.3205090782608694,0.4296999999999998,0.9295,True
1857,occipital_protuberance,752.174,470.804,0.3056741499999999,0.3019408999999999,0.463,0.902,True
1857,tail_base,639.008,513.9440000000001,-0.0028330226086955,0.4396439843478263,0.0610999999999999,0.9533,True
1857,tail_tip,574.018,490.632,-0.190300694347826,0.3767597269565216,-0.0164,0.9554,True
1857,withers,728.548,476.878,0.2456052026086956,0.3241840004347825,0.3886999999999998,0.9134,True
1858,occipital_protuberance,752.018,470.8,0.3045672013043479,0.3012555652173914,0.4685999999999999,0.8894,True
1858,tail_base,638.8979999999999,514.04,-0.0031572300000002,0.4413245999999999,0.0526999999999998,0.9558,True
1858,tail_tip,574.358,490.008,-0.1882070300000001,0.3727555460869565,-0.0083000000000001,0.9474,True
1858,withers,728.0260000000001,476.204,0.2453820430434784,0.3239312808695652,0.3724,0.9056,True
1859,occipital_protuberance,751.5040000000001,471.1,0.3032908800000004,0.302192,0.4675999999999999,0.8562,True
1859,tail_base,638.746,514.242,-0.0035842591304348,0.4408638730434781,0.0589,0.9687,True
1859,tail_tip,574.6220000000001,489.582,-0.1867821034782606,0.37021014,-0.0089,0.9474,True
1859,withers,727.428,475.61,0.2428977913043478,0.3211947391304348,0.381,0.9138,True
1860,occipital_protuberance,750.9300000000001,471.554,0.3012955260869567,0.302990364347826,0.4711999999999998,0.8336,True
1860,tail_base,638.486,514.466,-0.004333002173913,0.4420749760869565,0.0555,0.9704,True
1860,tail_tip,574.7760000000001,489.458,-0.1862570573913041,0.3696870191304346,-0.0076999999999998,0.945,True
1860,withers,726.92,475.0220000000001,0.2421288869565216,0.3204112843478263,0.3741999999999998,0.9157,True
1861,occipital_protuberance,750.394,472.2,0.3000796904347826,0.3049888695652174,0.4761999999999998,0.8739,True
1861,tail_base,638.2620000000001,514.7379999999999,-0.0050009060869563,0.4452417756521737,0.0413000000000001,0.9715,True
1861,tail_tip,574.992,489.7720000000001,-0.1852728000000001,0.3698502000000001,0.0075,0.9144,True
1861,withers,726.4019999999999,474.558,0.2403102582608693,0.3186206634782608,0.3781999999999998,0.9198,True
1862,occipital_protuberance,749.914,472.7720000000001,0.2986554534782608,0.3064211365217392,0.4771999999999998,0.9099,True
1862,tail_base,638.038,514.9799999999999,-0.0056253952173912,0.444354613043478,0.0506999999999998,0.9735,True
1862,tail_tip,574.976,490.706,-0.1854032139130434,0.3726825860869565,0.0063000000000001,0.9282,True
1862,withers,725.858,474.174,0.2378266599999998,0.3162619799999999,0.3885999999999999,0.9016,True
1863,occipital_protuberance,749.558,473.302,0.2982359295652174,0.3084277486956522,0.4760999999999999,0.9373,True
1863,tail_base,637.844,515.154,-0.0061689721739128,0.4439428147826087,0.0560999999999999,0.9672,True
1863,tail_tip,574.864,491.878,-0.1868270399999999,0.3782605069565217,0.0011999999999998,0.9468,True
1863,withers,725.518,474.0220000000001,0.2375355404347827,0.3167084986956523,0.3815999999999999,0.9118,True
1864,occipital_protuberance,749.366,473.63,0.2972615430434782,0.3088512804347826,0.4834000000000001,0.9492,True
1864,tail_base,637.586,515.322,-0.0068442147826086,0.4403716356521739,0.0800999999999999,0.9752,True
1864,tail_tip,574.7239999999999,493.596,-0.1880516417391306,0.3848726504347827,-0.0024,0.9568,True
1864,withers,725.174,473.78600000000006,0.236931848695652,0.3165229686956523,0.3843000000000002,0.9159,True
1865,occipital_protuberance,749.3,473.834,0.2972959999999999,0.30962848,0.4815999999999999,0.9545,True
1865,tail_base,637.3199999999999,515.465,-0.0074565173913045,0.4325475657608696,0.1288000000000002,0.9726,True
1865,tail_tip,574.432,495.872,-0.1890496486956521,0.3917544208695652,0.0004,0.9112,True
1865,withers,724.9959999999999,473.726,0.2362519252173909,0.3161088339130435,0.3863000000000002,0.8997,True
1866,occipital_protuberance,749.336,473.976,0.2968234713043478,0.3094200626086956,0.4864000000000001,0.9588,True
1866,tail_base,636.9680000000001,515.5749999999999,-0.0082473695652171,0.4231809103260868,0.186,0.9791,True
1866,tail_tip,574.1220000000001,498.5940000000001,-0.1896427121739128,0.3989699452173914,0.0020999999999999,0.9459,True
1866,withers,725.0139999999999,473.672,0.235673593043478,0.3151185530434784,0.3930999999999999,0.8858,True
1867,occipital_protuberance,749.464,474.0220000000001,0.2967188295652176,0.3090739821739132,0.4866999999999998,0.9599,True
1867,tail_base,636.707,515.662,-0.0086698963043478,0.4098309743478261,0.2663000000000002,0.9813,False
1867,tail_tip,574.066,502.2480000000001,-0.1880409013043477,0.405685111304348,0.0106999999999998,0.9587,True
1867,withers,725.244,473.63,0.2364965060869566,0.3152491434782608,0.3910999999999999,0.8819,True
1868,occipital_protuberance,749.45,473.97,0.2963477717391305,0.3085861630434782,0.4895,0.9544,True
1868,tail_base,636.4649999999999,515.772,-0.0088582489130436,0.3903443139130436,0.3830999999999999,0.9774,True
1868,tail_tip,578.004,508.8,-0.1748287199999999,0.419616,-0.0059,0.9106,True
1868,withers,725.404,473.526,0.2377201773913043,0.3159971530434782,0.3761999999999998,0.8844,True
1869,occipital_protuberance,749.592,473.89,0.2965178330434782,0.3081467260869565,0.4913000000000002,0.9413,True
1869,tail_base,636.335,515.858,-0.0088661130434781,0.3770408313043477,0.4629000000000001,0.9746,False
1869,tail_tip,580.048,514.722,-0.1669663199999999,0.4309007699999999,-0.0111999999999998,0.8224,True
1869,withers,725.552,473.442,0.238392507826087,0.3161085991304348,0.3734,0.8859,True
1870,occipital_protuberance,749.624,473.814,0.2966044139130435,0.3079410965217392,0.4913000000000002,0.9353,True
1870,tail_base,636.313,515.937,-0.008772254673913,0.3710114122826088,0.4995999999999999,0.9633,True
1870,tail_tip,579.588,520.07,-0.1657521417391305,0.4391833630434784,-0.0071999999999998,0.8818,True
1870,withers,725.59,473.256,0.2381448717391305,0.3151225095652173,0.3771999999999998,0.8828,True
1871,occipital_protuberance,749.536,473.75,0.2968187478260868,0.3082377717391305,0.4875,0.9362,True
1871,tail_base,636.385,516.0400000000001,-0.0085439739130435,0.3687971478260871,0.5140999999999999,0.9752,True
1871,tail_tip,578.698,525.43,-0.166941337826087,0.4505090456521738,0.0015999999999999,0.8805,True
1871,withers,725.5260000000001,473.036,0.2391567256521741,0.3160830582608694,0.3644000000000001,0.8692,True
1872,occipital_protuberance,749.404,473.894,0.2972459113043478,0.3094450460869564,0.4844000000000001,0.9446,True
1872,tail_base,636.426,516.1630000000001,-0.0085360328260868,0.3729749564130438,0.4911999999999998,0.9713,True
1872,tail_tip,577.25,529.886,-0.1688247826086956,0.4570672034782607,0.0273000000000001,0.8992,True
1872,withers,725.348,472.826,0.2386589834782607,0.3154958343478262,0.3644000000000001,0.8542,True
1873,occipital_protuberance,749.3639999999999,474.066,0.2970183591304345,0.3097883778260868,0.4854000000000001,0.9568,True
1873,tail_base,636.4,516.277,-0.0088516956521739,0.3842545670652174,0.4264000000000001,0.9695,False
1873,tail_tip,572.29,531.798,-0.1806090652173914,0.4582524913043478,0.0435,0.9886,True
1873,withers,725.204,472.72,0.236644848695652,0.3130675478260868,0.3883000000000002,0.8528,True
1874,occipital_protuberance,749.382,474.34,0.2972812530434781,0.3107562347826086,0.4835999999999999,0.9781,True
1874,tail_base,636.4,516.345,-0.009081,0.3943802625,0.3678000000000002,0.9708,True
1874,tail_tip,569.338,534.454,-0.1867473769565218,0.4610515821739129,0.0590999999999999,0.9626,True
1874,withers,725.16,472.812,0.2360783304347825,0.3127344834782609,0.3930999999999999,0.8553,True
1875,occipital_protuberance,749.558,474.678,0.2974261530434782,0.3113258399999999,0.4829000000000001,0.9749,True
1875,tail_base,636.408,516.3770000000001,-0.0091990339130434,0.4004780975000002,0.3324000000000001,0.9673,True
1875,tail_tip,569.486,538.074,-0.186294922173913,0.4704637656521738,0.0344,0.9234,True
1875,withers,725.1679999999999,472.994,0.2361005078260866,0.3132390191304349,0.3930999999999999,0.8614,True
1876,occipital_protuberance,750.0260000000001,475.05,0.2982422160869567,0.3118605326086957,0.4901999999999998,0.978,True
1876,tail_base,636.406,516.376,-0.0092936152173914,0.4043679391304347,0.3095,0.9701,False
1876,tail_tip,570.83,541.7320000000001,-0.1803382195652172,0.4738069295652176,0.0439,0.9755,True
1876,withers,725.3100000000001,473.356,0.2360305152173914,0.313626480869565,0.3915999999999999,0.8738,True
1877,occipital_protuberance,750.4959999999999,475.302,0.2988436382608692,0.3118417786956522,0.4958000000000002,0.9749,True
1877,tail_base,636.424,516.3249999999999,-0.0093170347826087,0.4072945923913041,0.2915,0.9743,True
1877,tail_tip,573.1659999999999,545.02,-0.1751486673913045,0.4848730652173912,0.009,0.9951,True
1877,withers,725.484,473.782,0.2359544234782609,0.3140630552173912,0.3975999999999999,0.8765,True
1878,occipital_protuberance,751.072,475.622,0.3001841530434783,0.3124810226086957,0.4905999999999999,0.9607,True
1878,tail_base,636.498,516.2529999999999,-0.009156968695652,0.4085676269565215,0.2829000000000001,0.9709,True
1878,tail_tip,574.9480000000001,547.6719999999999,-0.1706766495652171,0.4923942104347824,-0.0163000000000001,0.9345,True
1878,withers,725.7719999999999,474.332,0.2361899834782606,0.3148355313043477,0.4035999999999999,0.8885,True
1879,occipital_protuberance,751.6179999999999,475.94,0.3019994843478259,0.3136933130434781,0.4878000000000002,0.972,True
1879,tail_base,636.504,516.2090000000001,-0.0091595199999999,0.4092675800000002,0.2780999999999999,0.9643,False
1879,tail_tip,576.626,549.712,-0.1671282595652174,0.5003035373913043,-0.0331999999999998,0.9666,True
1879,withers,726.1719999999999,475.052,0.2378347199999997,0.3175435199999998,0.3978000000000002,0.8794,True
1880,occipital_protuberance,752.1940000000001,476.332,0.3043628100000002,0.315588484347826,0.4846999999999998,0.9611,True
1880,tail_base,636.468,516.1329999999999,-0.0092607504347827,0.4093739376086954,0.2763000000000001,0.9647,True
1880,tail_tip,577.84,550.6619999999999,-0.1632510782608694,0.5007364395652172,-0.0251999999999998,0.9574,True
1880,withers,726.566,475.766,0.2393738086956522,0.320118156521739,0.393,0.8969,True
1881,occipital_protuberance,752.662,476.6820000000001,0.3059752969565218,0.3168930926086958,0.4714000000000001,0.9468,True
1881,tail_base,636.4219999999999,515.9909999999999,-0.0094163626086958,0.4105276186956518,0.2673000000000002,0.9678,True
1881,tail_tip,578.246,550.848,-0.1623995952173913,0.5018887513043477,-0.0284,0.9559,True
1881,withers,726.8700000000001,476.268,0.2398367391304351,0.3210007826086957,0.397,0.9021,True
1882,occipital_protuberance,753.134,477.18,0.3078474517391305,0.3188569695652175,0.4665999999999999,0.9549,True
1882,tail_base,636.3399999999999,515.8149999999999,-0.0096592173913045,0.411216108695652,0.2605,0.967,False
1882,tail_tip,578.408,550.918,-0.162468984347826,0.5036084808695652,-0.0358000000000001,0.9481,True
1882,withers,727.212,476.676,0.2406861608695652,0.322000395652174,0.398,0.9061,True
1883,occipital_protuberance,753.41,477.65,0.3094120652173912,0.3209798913043477,0.46,0.9683,True
1883,tail_base,636.222,515.6049999999999,-0.0099895247826087,0.4114399163043475,0.2504,0.9624,True
1883,tail_tip,578.74,550.8979999999999,-0.1615932260869565,0.5035557243478258,-0.0358000000000001,0.9526,True
1883,withers,727.42,477.05,0.2420203695652173,0.3240503804347827,0.39,0.9077,True
1884,occipital_protuberance,753.932,478.116,0.3106133069565218,0.322020164347826,0.4518000000000002,0.9546,True
1884,tail_base,636.134,515.3499999999999,-0.0102373360869564,0.4113735543478258,0.2468000000000001,0.9611,False
1884,tail_tip,578.962,550.7819999999999,-0.1601849426086956,0.5006783269565216,-0.0234,0.9654,True
1884,withers,727.668,477.234,0.2422495539130434,0.3239481247826088,0.3948000000000002,0.912,True
1885,occipital_protuberance,754.5039999999999,478.466,0.3121727530434779,0.3229743708695652,0.4288000000000002,0.9544,True
1885,tail_base,636.05,515.1099999999999,-0.0104675000000001,0.4110414999999998,0.242,0.9587,False
1885,tail_tip,579.036,550.508,-0.1592353173913045,0.4975986130434783,-0.012,0.9707,True
1885,withers,728.134,477.556,0.2442078182608696,0.3257323426086957,0.3878000000000002,0.9195,True
1886,occipital_protuberance,755.104,478.66,0.3135833321739132,0.3232711130434783,0.4305999999999999,0.9477,True
1886,tail_base,635.9639999999999,514.884,-0.0106752200000001,0.4096681800000001,0.2465999999999999,0.9589,False
1886,tail_tip,578.99,550.132,-0.1594217826086956,0.4968231826086955,-0.013,0.975,True
1886,withers,728.6519999999999,477.92,0.2454504069565215,0.3264845913043476,0.4028000000000001,0.9195,True
1887,occipital_protuberance,755.798,478.576,0.3153481621739131,0.3229133808695653,0.4090999999999999,0.9504,True
1887,tail_base,635.862,514.7059999999999,-0.0109202719565218,0.4082724971739128,0.2520999999999999,0.9608,True
1887,tail_tip,578.6479999999999,549.716,-0.1589950417391306,0.4916531382608696,0.0068000000000001,0.976,True
1887,withers,729.208,478.284,0.245845612173913,0.3259752756521739,0.4145999999999999,0.9365,True
1888,occipital_protuberance,756.6659999999999,478.304,0.318067023043478,0.3225327095652173,0.4063000000000001,0.9694,True
1888,tail_base,635.744,514.576,-0.0112020695652173,0.4068541130434783,0.2585,0.9608,True
1888,tail_tip,578.3779999999999,549.396,-0.1595072073913045,0.4902474286956521,0.0095999999999999,0.9724,True
1888,withers,729.9,478.526,0.2494529565217391,0.3288838834782609,0.3971999999999998,0.949,True
1889,occipital_protuberance,757.212,477.93,0.3199123173913043,0.3218719891304348,0.375,0.9733,True
1889,tail_base,635.639625,514.503875,-0.0114313510512907,0.4050541602292799,0.2680875000000001,0.963,False
1889,tail_tip,577.96,549.0600000000001,-0.1608724173913042,0.4902408000000001,0.0054,0.9626,True
1889,withers,730.442,478.718,0.2513304534782609,0.3299069986956522,0.3934000000000001,0.9582,True
1890,occipital_protuberance,757.484,477.472,0.3200417400000001,0.3200090504347826,0.4083000000000001,0.9863,True
1890,tail_base,635.5488750000001,514.4896249999999,-0.0116074575050949,0.4028715790200405,0.2808625000000002,0.9638,True
1890,tail_tip,577.568,548.6859999999999,-0.1625946434782609,0.4914039739130432,-0.005,0.9776,True
1890,withers,730.848,478.852,0.2513922156521738,0.3288841539130436,0.4041999999999998,0.9585,True
1891,occipital_protuberance,757.6279999999999,477.076,0.3210477260869563,0.3195411260869566,0.4035,0.9712,True
1891,tail_base,635.47775,514.5342499999999,-0.0117370820584238,0.4010793682540759,0.2922249999999999,0.9637,False
1891,tail_tip,577.2,548.26,-0.163320956521739,0.4895987782608695,0.0004,0.9574,True
1891,withers,731.246,478.97,0.2549135534782608,0.3323659717391303,0.3798000000000002,0.9501,True
1892,occipital_protuberance,757.6659999999999,476.708,0.3216374530434781,0.3190187808695651,0.3996999999999998,0.9758,True
1892,tail_base,635.43625,514.5887500000001,-0.0117770793138587,0.3989271914062502,0.305875,0.9701,False
1892,tail_tip,577.09,547.7360000000001,-0.1635386478260868,0.4880319756521742,0.0039,0.935,True
1892,withers,731.618,479.0940000000001,0.2575262478260871,0.3347577000000001,0.3675,0.9355,True
1893,occipital_protuberance,757.42,476.55,0.3209650173913042,0.3185868913043479,0.3996999999999998,0.9764,True
1893,tail_base,635.4243749999999,514.653125,-0.0117284583474865,0.396414202403193,0.3218125,0.9698,False
1893,tail_tip,576.938,547.042,-0.1637007265217391,0.4855366352173914,0.0073000000000001,0.9229,True
1893,withers,731.8700000000001,479.206,0.2564970456521742,0.3328179691304346,0.3849000000000001,0.937,True
1894,occipital_protuberance,757.0780000000001,476.418,0.319902909130435,0.3180995308695653,0.4006999999999998,0.9832,True
1894,tail_base,635.4184375,514.6853125,-0.0117039935780401,0.3951568715077275,0.32978125,0.9697,False
1894,tail_tip,576.976,546.15,-0.1628485356521739,0.4809954130434781,0.0248000000000001,0.9553,True
1894,withers,732.146,479.334,0.2567868639130434,0.3325527273913043,0.3991999999999998,0.9302,True
1895,occipital_protuberance,756.7760000000001,476.334,0.3193315878260871,0.31812291,0.4211999999999998,1.0,True
1895,tail_base,635.4125,514.7175,-0.0116794259510868,0.3938989830163042,0.33775,0.9672,False
1895,tail_tip,577.518,545.49,-0.1609726482608694,0.4778786934782608,0.0273000000000001,0.9457,True
1895,withers,732.21,479.496,0.2585488217391306,0.3350563930434782,0.3834000000000001,0.9331,True
1896,occipital_protuberance,756.398,476.178,0.3180448830434783,0.3174437569565217,0.4361999999999998,1.0,True
1896,tail_base,635.4065625,514.7496874999999,-0.0116547554666271,0.3926405369289231,0.34571875,0.9766,False
1896,tail_tip,578.374,544.948,-0.1587137439130434,0.476321512173913,0.0345999999999999,0.9224,True
1896,withers,732.2139999999999,479.632,0.2559339430434781,0.3320308139130433,0.4095999999999999,0.9247,True
1897,occipital_protuberance,755.858,476.14400000000006,0.3165693917391303,0.3173508556521741,0.4361999999999998,1.0,True
1897,tail_base,635.400625,514.781875,-0.0116299821246603,0.3913815332455842,0.3536875,0.9725,False
1897,tail_tip,579.234,544.4820000000001,-0.1563403499999999,0.4746401021739133,0.037,0.9595,True
1897,withers,732.0899999999999,479.8440000000001,0.2548891043478259,0.3317073495652176,0.4165999999999999,0.9005,True
1898,occipital_protuberance,755.366,475.91399999999993,0.3149993391304347,0.3164956173913041,0.451,1.0,True
1898,tail_base,,,,,,0.9666,False
1898,tail_tip,580.372,544.304,-0.1536328382608696,0.4748632626086956,0.0335999999999999,0.97,True
1898,withers,731.9280000000001,480.02,0.2554599182608699,0.3335251434782608,0.4064000000000001,0.9037,True
1899,occipital_protuberance,754.8460000000001,475.584,0.3137043456521742,0.3157202086956521,0.45,1.0,True
1899,tail_base,,,,,,0.9657,False
1899,tail_tip,581.678,544.404,-0.1504834386956522,0.4758024078260869,0.0301999999999998,0.9611,True
1899,withers,731.7,480.14400000000006,0.2550256739130436,0.334130911304348,0.4044000000000001,0.8832,True
1900,occipital_protuberance,754.2299999999999,475.186,0.3122452217391301,0.3148584269565218,0.4481999999999998,0.9855,True
1900,tail_base,,,,,,0.9653,False
1900,tail_tip,582.646,544.4680000000001,-0.148147875652174,0.4764888643478263,0.0345999999999999,0.9467,True
1900,withers,731.496,480.03600000000006,0.2539610713043477,0.3331781843478262,0.4094000000000001,0.8994,True
1901,occipital_protuberance,753.4979999999999,474.87000000000006,0.3110832139130433,0.3148436869565219,0.4554000000000001,0.9728,True
1901,tail_base,,,,,,0.9669,False
1901,tail_tip,583.2940000000001,544.4179999999999,-0.1467329386956519,0.4772016204347823,0.0304,0.93,True
1901,withers,731.2099999999999,479.956,0.2533456891304346,0.3331908286956522,0.4045999999999999,0.8984,True
1902,occipital_protuberance,752.882,474.404,0.3096402339130433,0.3138151460869565,0.4499000000000001,0.9533,True
1902,tail_base,,,,,,0.9702,False
1902,tail_tip,583.374,544.312,-0.1471044999999999,0.4788105217391304,0.021,0.9292,True
1902,withers,730.9739999999999,479.7720000000001,0.2529868278260868,0.3330703095652175,0.4015999999999999,0.9148,True
1903,occipital_protuberance,752.242,473.97,0.3090803073913042,0.3138386934782607,0.4435999999999999,0.9363,True
1903,tail_base,,,,,,0.9721,False
1903,tail_tip,583.152,544.092,-0.1478542330434781,0.47879928,0.0181999999999998,0.9171,True
1903,withers,730.712,479.6139999999999,0.2523568399999999,0.3327609473913042,0.4005999999999999,0.914,True
1904,occipital_protuberance,751.6999999999999,473.614,0.3086562391304345,0.3139451204347827,0.4348000000000002,0.9385,True
1904,tail_base,635.27,515.49,-0.0110589456521739,0.3635423804347826,0.532,0.9767,False
1904,tail_tip,582.844,543.684,-0.1494132391304346,0.4801739347826085,0.026,0.9356,True
1904,withers,730.38,479.52,0.2530836478260869,0.3346819826086955,0.3838000000000002,0.9067,True
1905,occipital_protuberance,751.1759999999999,473.318,0.3073291339130433,0.3132503669565218,0.4338000000000002,0.951,True
1905,tail_base,635.19,515.64,-0.0113034999999998,0.3657539999999999,0.521,0.9743,False
1905,tail_tip,582.572,543.1,-0.1507984373913043,0.4807967173913045,0.0151999999999998,0.9397,True
1905,withers,730.104,479.566,0.2517231530434783,0.3340310143478259,0.3898000000000002,0.8976,True
1906,occipital_protuberance,750.7239999999999,473.0220000000001,0.3055019582608694,0.3118424400000001,0.4385999999999999,0.9483,True
1906,tail_base,635.18,515.62,-0.0113147753623189,0.3653123115942028,0.5233333333333335,0.9731,True
1906,tail_tip,582.528,541.812,-0.1525881599999999,0.4827108600000001,0.0134,0.9478,True
1906,withers,729.796,479.628,0.2503941939130436,0.3335800773913044,0.3945999999999999,0.8879,True
1907,occipital_protuberance,750.158,472.85,0.3038205534782609,0.3112452065217391,0.4395999999999999,0.9488,True
1907,tail_base,635.275,515.5875,-0.0110806385869565,0.3648695991847825,0.5255,0.9706,True
1907,tail_tip,583.578,540.146,-0.15092885,0.4818905499999998,0.0225,0.9519,True
1907,withers,729.414,479.72,0.2486486713043478,0.332925704347826,0.4015999999999999,0.8845,True
1908,occipital_protuberance,749.6600000000001,472.742,0.3013742869565219,0.3098444269565218,0.4485999999999999,0.9464,True
1908,tail_base,635.2719999999999,515.538,-0.0111221060869566,0.3658862386956521,0.5188000000000001,0.9772,True
1908,tail_tip,584.9359999999999,538.3,-0.1483974800000002,0.4805184999999999,0.0185999999999999,0.9307,True
1908,withers,729.012,479.81000000000006,0.2454022139130433,0.3303109608695654,0.4235999999999999,0.8543,True
1909,occipital_protuberance,749.2460000000001,472.602,0.2990727995652176,0.3082602143478261,0.4619000000000001,0.9471,True
1909,tail_base,635.238,515.462,-0.0112020873913042,0.3657074569565217,0.5188000000000001,0.9803,True
1909,tail_tip,586.3720000000001,536.6099999999999,-0.1454368043478259,0.4789586413043475,0.0075,0.9354,True
1909,withers,728.6719999999999,479.832,0.2432118747826084,0.3286783356521739,0.4365999999999999,0.8415,True
1910,occipital_protuberance,748.82,472.494,0.2985926173913045,0.3086737539130436,0.4560999999999999,0.9297,True
1910,tail_base,635.2239999999999,515.344,-0.0112350208695653,0.3654298747826088,0.5188000000000001,0.9836,True
1910,tail_tip,587.8399999999999,535.118,-0.1422947478260872,0.4777295178260871,-0.0003000000000001,0.9542,True
1910,withers,728.1899999999999,479.808,0.2437303195652172,0.3311128486956521,0.4174000000000001,0.8568,True
1911,occipital_protuberance,748.4960000000001,472.46,0.2979158643478263,0.3088004913043479,0.4543000000000002,0.932,True
1911,tail_base,635.1899999999999,515.228,-0.011400745652174,0.3679241052173912,0.4994,0.9813,True
1911,tail_tip,589.482,534.386,-0.1378702113043479,0.4759221399999999,0.0106999999999998,0.9508,True
1911,withers,727.8639999999999,479.83,0.2441473147826084,0.3329711000000001,0.4035999999999999,0.8642,True
1912,occipital_protuberance,748.236,472.49799999999993,0.2967548765217391,0.308440168695652,0.4580999999999999,0.911,True
1912,tail_base,635.066,515.09,-0.0118555439130434,0.372654297826087,0.4694000000000001,0.985,True
1912,tail_tip,590.844,533.894,-0.1349973365217389,0.4775658482608695,-0.0050999999999999,0.9443,True
1912,withers,727.5039999999999,479.808,0.2430518713043475,0.3327797426086957,0.4045999999999999,0.8713,True
1913,occipital_protuberance,748.076,472.562,0.297138515652174,0.30947209,0.4510999999999999,0.9185,True
1913,tail_base,634.9939999999999,514.975,-0.012124858478261,0.3753595570652175,0.4516999999999998,0.976,False
1913,tail_tip,592.088,533.4199999999998,-0.1318309095652174,0.4771688999999996,-0.0004,0.9283,True
1913,withers,727.222,479.86,0.2452644717391304,0.3370411086956522,0.373,0.8695,True
1914,occipital_protuberance,747.868,472.63,0.2972466886956523,0.310369104347826,0.4453000000000002,0.9204,True
1914,tail_base,634.946,514.899,-0.0123586780434781,0.3787785655434782,0.4303000000000002,0.9788,True
1914,tail_tip,593.58,532.722,-0.1280182869565216,0.4763372373913042,0.0088000000000001,0.9931,True
1914,withers,726.96,479.916,0.2457565217391305,0.3388930434782609,0.36,0.8727,True
1915,occipital_protuberance,747.7059999999999,472.7200000000001,0.2970344165217388,0.3108621565217394,0.4433000000000002,0.9187,True
1915,tail_base,634.924,514.779,-0.012541582173913,0.3824218966304347,0.4069000000000001,0.9711,False
1915,tail_tip,594.984,531.7320000000001,-0.1246356034782607,0.4754736417391306,0.0188000000000001,1.0,True
1915,withers,726.788,479.92,0.2446855591304348,0.3380961913043477,0.3691999999999998,0.8687,True
1916,occipital_protuberance,747.49,472.776,0.2970229108695652,0.311629507826087,0.4383000000000002,0.9157,True
1916,tail_base,634.926,514.673,-0.0126303993478259,0.3850180840217391,0.3899000000000001,0.9676,True
1916,tail_tip,596.094,530.196,-0.1220300456521737,0.4730338826086957,0.0265,1.0,True
1916,withers,726.5740000000001,479.844,0.2447409339130436,0.3387937773913042,0.3621999999999998,0.8692,True
1917,occipital_protuberance,747.394,472.66,0.2984852804347826,0.3131213260869566,0.4235,0.9233,True
1917,tail_base,634.9436666666668,514.6096666666666,-0.012614818864734,0.3857287111352656,0.3847333333333331,0.9698,False
1917,tail_tip,596.7740000000001,528.552,-0.1206193339130431,0.4703333634782609,0.0213000000000001,0.9924,True
1917,withers,726.488,479.812,0.2468856365217392,0.342011167826087,0.3368000000000001,0.8652,True
1918,occipital_protuberance,747.358,472.564,0.2983852239130433,0.312854508695652,0.4235,0.9154,True
1918,tail_base,634.975,514.556,-0.0125936331521738,0.3873475752173914,0.3743000000000002,0.9745,True
1918,tail_tip,597.36,526.682,-0.1200223304347825,0.4691735947826087,0.0274,0.9535,True
1918,withers,726.384,479.72800000000007,0.244729627826087,0.3391946295652176,0.3565999999999999,0.8744,True
1919,occipital_protuberance,747.292,472.492,0.2990181391304349,0.3135103130434783,0.4165,0.9063,True
1919,tail_base,635.02,514.512,-0.0125658391304348,0.3898740834782607,0.3585999999999999,0.9742,False
1919,tail_tip,597.6899999999999,524.84,-0.1201695978260871,0.4681814347826087,0.014,0.9742,True
1919,withers,726.37,479.612,0.2435634,0.3373058399999999,0.3685999999999999,0.8748,True
1920,occipital_protuberance,747.242,472.32,0.2979695656521738,0.3120786782608695,0.4243000000000002,0.9089,True
1920,tail_base,635.0566666666667,514.4966666666667,-0.0125284842995167,0.3915594867149759,0.348333333333333,0.9796,False
1920,tail_tip,597.95,523.0,-0.1200344673913042,0.4652941304347825,0.0033000000000001,0.9708,True
1920,withers,726.268,479.518,0.2413441069565218,0.3343645960869566,0.3891999999999998,0.8791,True
1921,occipital_protuberance,747.214,472.146,0.2970993169565218,0.310766317826087,0.4310999999999999,0.9072,True
1921,tail_base,635.085,514.51,-0.0124824972826086,0.3924050163043478,0.3435,0.9815,False
1921,tail_tip,598.2280000000001,521.75,-0.1202761173913041,0.4657345108695652,-0.012,0.9564,True
1921,withers,726.154,479.4740000000001,0.2392646413043478,0.3318000760869566,0.408,0.8791,True
1922,occipital_protuberance,747.138,472.03,0.2956077165217392,0.3091053826086957,0.4420999999999999,0.8975,True
1922,tail_base,635.1133333333333,514.5233333333333,-0.0124362125603864,0.393250685990338,0.3386666666666669,0.9815,False
1922,tail_tip,598.67,520.9080000000001,-0.1192460347826088,0.4642545600000003,-0.0014,0.9382,True
1922,withers,726.004,479.384,0.2357631391304348,0.3272678782608695,0.441,0.89,True
1923,occipital_protuberance,746.984,471.922,0.2951828104347827,0.3088073965217393,0.4420999999999999,0.9001,True
1923,tail_base,635.133,514.536,-0.0124917903260868,0.3966368008695651,0.3186999999999998,0.9773,False
1923,tail_tip,599.304,520.466,-0.1175583582608696,0.4635374365217391,-0.0045999999999999,0.9259,True
1923,withers,725.7740000000001,479.316,0.2350394065217394,0.3269517782608695,0.442,0.8835,True
1924,occipital_protuberance,746.9100000000001,471.846,0.2938165695652176,0.3073819852173913,0.4520999999999999,0.8963,True
1924,tail_base,635.144,514.548,-0.012648824347826,0.4025639426086957,0.2835999999999999,0.9722,True
1924,tail_tip,599.5600000000001,519.816,-0.1169683043478259,0.4622504086956523,-0.008,0.9217,True
1924,withers,725.53,479.296,0.2360627999999999,0.3292569599999999,0.4238000000000002,0.8879,True
1925,occipital_protuberance,746.99,471.8560000000001,0.2947109326086956,0.3081146469565218,0.4463000000000002,0.8989,True
1925,tail_base,635.1279999999999,514.535,-0.0128961486956523,0.4090530251811592,0.2447666666666668,0.968,False
1925,tail_tip,600.066,519.306,-0.1156957430434781,0.4615371873913044,-0.0014,0.9131,True
1925,withers,725.472,479.34,0.2366087930434782,0.3303642521739129,0.4161999999999998,0.8992,True
1926,occipital_protuberance,747.03,471.806,0.2948211152173912,0.3079769186956522,0.4463000000000002,0.8997,True
1926,tail_base,635.0849999999999,514.4970000000001,-0.0132373771739132,0.4161007245652176,0.2021999999999998,0.9764,True
1926,tail_tip,600.6119999999999,518.612,-0.1141138860869569,0.459526548695652,-0.0014,0.9174,True
1926,withers,725.412,479.348,0.2368883252173914,0.3310090834782608,0.4114000000000001,0.8917,True
1927,occipital_protuberance,747.162,471.774,0.2950682373913044,0.3077672791304348,0.4473000000000002,0.9091,True
1927,tail_base,635.015,514.434,-0.0136767809782609,0.4237031080434781,0.1559000000000001,0.967,False
1927,tail_tip,601.1560000000001,517.788,-0.112672933043478,0.4576881052173913,0.0014,0.9295,True
1927,withers,725.236,479.348,0.2385866817391303,0.3340706191304346,0.3878000000000002,0.8817,True
1928,occipital_protuberance,747.374,471.722,0.2955352639130436,0.3075026613043479,0.4378000000000002,0.895,True
1928,tail_base,634.9266666666666,514.3466666666667,-0.0141115869565218,0.4293186086956523,0.121,0.9665,False
1928,tail_tip,601.662,516.6679999999999,-0.1112968808695651,0.4548140156521736,0.0041999999999998,0.9489,True
1928,withers,725.08,479.346,0.2396666608695653,0.3361924930434783,0.3714,0.8808,True
1929,occipital_protuberance,747.602,471.632,0.2966306439130434,0.3077403026086955,0.4338000000000002,0.8995,True
1929,tail_base,634.8199999999999,514.235,-0.0145405978260871,0.4329477038043478,0.0975,0.9604,False
1929,tail_tip,602.446,515.626,-0.1094699099999999,0.4536497899999999,-0.0068000000000001,0.9696,True
1929,withers,724.858,479.274,0.2375470578260868,0.3338894126086956,0.3875999999999999,0.896,True
1930,occipital_protuberance,747.856,471.5820000000001,0.2969791513043478,0.307238611304348,0.4368000000000002,0.9029,True
1930,tail_base,634.7133333333334,514.1233333333333,-0.0149750579710143,0.4365710942028985,0.0715,0.9565,False
1930,tail_tip,603.126,514.484,-0.1082412221739131,0.4534777069565218,-0.0230999999999999,0.9581,True
1930,withers,724.696,479.176,0.238382415652174,0.3354286243478261,0.3605999999999999,0.9102,True
1931,occipital_protuberance,748.1560000000001,471.478,0.2978051947826088,0.3069522495652172,0.4403000000000002,0.9065,True
1931,tail_base,634.624,514.018,-0.0153823721739129,0.4406923730434783,0.0450999999999999,0.9494,False
1931,tail_tip,603.826,513.258,-0.1063987434782608,0.4507784217391305,-0.031,0.9172,True
1931,withers,724.552,479.046,0.2391718747826088,0.3367449026086956,0.3475999999999999,0.9194,True
1932,occipital_protuberance,748.4399999999999,471.412,0.2987050521739128,0.3068916199999998,0.4393000000000002,0.9199,True
1932,tail_base,634.61,513.983,-0.0155249576086956,0.443521251847826,0.0275999999999999,0.9457,True
1932,tail_tip,604.444,511.75999999999993,-0.1044573443478262,0.4458444869565215,-0.0278000000000001,0.8826,True
1932,withers,724.714,478.97,0.2400168613043479,0.3370730456521738,0.3434000000000001,0.9142,True
1933,occipital_protuberance,748.65,471.448,0.2985749239130434,0.3062639495652173,0.4453000000000002,0.9029,True
1933,tail_base,634.6653333333334,513.9563333333333,-0.0154769117391303,0.4466574448913042,0.0084,0.9422,True
1933,tail_tip,604.912,510.516,-0.1031663478260868,0.4425497608695651,-0.03,0.9184,True
1933,withers,724.912,478.904,0.2394333808695653,0.3352834313043478,0.3558000000000001,0.9175,True
1934,occipital_protuberance,748.798,471.524,0.2996911865217391,0.3072001313043477,0.4393000000000002,0.9058,True
1934,tail_base,634.782,513.9480000000001,-0.0151775739130433,0.4477878782608698,0.004,0.9475,True
1934,tail_tip,605.336,509.434,-0.1015052347826086,0.4375817347826087,-0.019,0.9604,True
1934,withers,725.146,478.866,0.2413148699999998,0.3368817482608696,0.3425999999999999,0.8996,True
1935,occipital_protuberance,748.85,471.47800000000007,0.2996214565217392,0.3068553121739132,0.4410999999999999,0.9236,True
1935,tail_base,634.9379999999999,513.958,-0.0147238173913047,0.4478169652173912,0.004,0.9412,True
1935,tail_tip,605.7940000000001,508.402,-0.0994650991304345,0.4315272069565218,-0.0051999999999998,0.9552,True
1935,withers,725.3059999999999,478.856,0.2413974352173911,0.3363366417391303,0.3465999999999999,0.9048,True
1936,occipital_protuberance,748.892,471.484,0.3005419200000001,0.30769584,0.4343000000000002,0.9276,True
1936,tail_base,635.0800000000002,513.9739999999999,-0.0142819043478256,0.4469597439130433,0.0094,0.9414,True
1936,tail_tip,606.308,507.4980000000001,-0.0978459626086956,0.4283534308695653,-0.0133000000000001,0.9617,True
1936,withers,725.446,478.874,0.2425737639130435,0.3374729491304347,0.3381999999999998,0.9049,True
1937,occipital_protuberance,748.9,471.472,0.3003272608695652,0.3074203895652174,0.4363000000000002,0.9082,True
1937,tail_base,635.184,513.934,-0.0139622121739131,0.446274744347826,0.0128000000000001,0.9367,True
1937,tail_tip,606.856,506.904,-0.0961392156521739,0.4261174069565218,-0.0100999999999999,0.9629,True
1937,withers,725.384,478.834,0.2412654852173913,0.3357835504347826,0.3504000000000001,0.9028,True
1938,occipital_protuberance,748.926,471.392,0.30063576,0.30744192,0.4343000000000002,0.9017,True
1938,tail_base,635.196,513.896,-0.0138762495652173,0.4445252504347824,0.0225999999999999,0.9338,True
1938,tail_tip,607.432,506.274,-0.0943905599999999,0.4239402104347826,-0.0079,0.9398,True
1938,withers,725.402,478.826,0.2410378621739131,0.3353734691304348,0.3534000000000001,0.9071,True
1939,occipital_protuberance,748.972,471.306,0.3004073765217391,0.306841605652174,0.4373000000000002,0.8978,True
1939,tail_base,635.194,513.816,-0.0138485934782609,0.443224147826087,0.029,0.9345,True
1939,tail_tip,608.184,505.758,-0.0919136573913044,0.4210821873913044,-0.0073000000000001,0.9177,True
1939,withers,725.456,478.848,0.2392396452173913,0.3327227269565216,0.3744,0.9165,True
1940,occipital_protuberance,748.9979999999999,471.31000000000006,0.3002420995652172,0.3066106543478262,0.4393000000000002,0.8986,True
1940,tail_base,635.198,513.744,-0.0138151452173913,0.4423148034782609,0.0306999999999998,0.925,True
1940,tail_tip,609.006,505.39,-0.0895726600000001,0.4201770999999999,-0.0083000000000001,0.9188,True
1940,withers,725.4080000000001,478.82,0.2385482573913047,0.3318694260869565,0.3804,0.9114,True
1941,occipital_protuberance,749.0519999999999,471.342,0.2995848095652171,0.3058758378260869,0.4460999999999999,0.903,True
1941,tail_base,635.22,513.706,-0.0137185999999999,0.44113622,0.0370999999999999,0.9214,True
1941,tail_tip,609.64,505.158,-0.0876018,0.4188439421739131,-0.0040999999999999,0.9328,True
1941,withers,725.378,478.744,0.2357732030434783,0.3279141373913044,0.4094000000000001,0.9059,True
1942,occipital_protuberance,749.142,471.412,0.3005438508695653,0.3067947399999999,0.4400999999999999,0.9063,True
1942,tail_base,635.17,513.7,-0.0138621000000001,0.4411190000000001,0.0370999999999999,0.921,True
1942,tail_tip,610.2320000000001,505.048,-0.0859259791304345,0.4186842052173911,-0.0050999999999999,0.926,True
1942,withers,725.4440000000001,478.782,0.237181399130435,0.3297233386956522,0.3961999999999998,0.9166,True
1943,occipital_protuberance,749.254,471.50200000000007,0.3004009982608696,0.3065820208695654,0.4439000000000001,0.9024,True
1943,tail_base,635.256,513.722,-0.0136544695652174,0.4424520173913043,0.0295,0.9249,True
1943,tail_tip,610.672,505.164,-0.0847260417391303,0.4193661730434784,-0.0098000000000001,0.925,True
1943,withers,725.5840000000001,478.762,0.2378490991304349,0.3300550886956521,0.3931999999999998,0.9207,True
1944,occipital_protuberance,749.412,471.614,0.3008354295652174,0.3068899721739131,0.4439000000000001,0.9091,True
1944,tail_base,635.262,513.77,-0.0136928200000001,0.4443953,0.0211999999999998,0.9245,True
1944,tail_tip,610.898,505.462,-0.0842755960869564,0.4212389786956521,-0.0161999999999998,0.9399,True
1944,withers,725.62,478.74,0.2399035173913044,0.3327043173913042,0.3721999999999998,0.9157,True
1945,occipital_protuberance,749.632,471.626,0.3015594991304346,0.3070442995652174,0.4394,0.9079,True
1945,tail_base,635.2139999999999,513.804,-0.0138533891304349,0.445195708695652,0.017,0.928,True
1945,tail_tip,610.926,505.738,-0.084295638695652,0.4225451534782609,-0.0194,0.9649,True
1945,withers,725.7760000000001,478.708,0.2392590991304349,0.3311179017391303,0.3838000000000002,0.9134,True
1946,occipital_protuberance,749.928,471.664,0.3029472295652174,0.3077314191304349,0.4345999999999999,0.9046,True
1946,tail_base,635.164,513.838,-0.0140149382608696,0.4458292126086955,0.0138000000000001,0.9231,True
1946,tail_tip,610.99,506.102,-0.084179452173913,0.4239498904347825,-0.0215999999999999,0.9709,True
1946,withers,725.9739999999999,478.68,0.2417364599999998,0.3336972,0.3631999999999998,0.9216,True
1947,occipital_protuberance,750.24,471.658,0.3028724173913044,0.3067682182608696,0.4424,0.8906,True
1947,tail_base,635.152,513.8299999999999,-0.0140560382608694,0.4460066760869563,0.0125999999999999,0.9183,True
1947,tail_tip,611.006,506.422,-0.0841708426086957,0.4250694321739132,-0.0203000000000001,0.9734,True
1947,withers,726.1999999999999,478.606,0.2402918695652172,0.3306271169565216,0.3854000000000001,0.9166,True
1948,occipital_protuberance,750.6800000000001,471.628,0.3040812695652176,0.3066857965217391,0.4424,0.8765,True
1948,tail_base,635.0200000000001,513.854,-0.0144041086956518,0.4450059717391305,0.019,0.9168,True
1948,tail_tip,611.22,506.604,-0.0834119478260868,0.4248966365217391,-0.0159,0.9777,True
1948,withers,726.4159999999999,478.5100000000001,0.2392408173913041,0.3280923586956523,0.403,0.9181,True
1949,occipital_protuberance,751.208,471.468,0.3037912452173912,0.3045014973913044,0.4568000000000002,0.8642,True
1949,tail_base,634.914,513.862,-0.0146631591304348,0.4435908356521738,0.0275999999999999,0.9112,True
1949,tail_tip,611.624,506.668,-0.0822410504347825,0.4250821252173911,-0.0159,0.973,True
1949,withers,726.624,478.344,0.2377452173913044,0.3248028260869563,0.425,0.913,True
1950,occipital_protuberance,751.966,471.472,0.3059836056521739,0.3046335895652174,0.4558000000000002,0.8432,True
1950,tail_base,634.882,513.8799999999999,-0.0147554165217392,0.4436427304347822,0.0275999999999999,0.9139,True
1950,tail_tip,611.9300000000001,506.792,-0.0813236717391302,0.4252819530434784,-0.0149,0.9519,True
1950,withers,726.942,478.284,0.2410561452173913,0.3279552469565218,0.3991999999999998,0.9006,True
1951,occipital_protuberance,753.138,471.4860000000001,0.3084732165217392,0.3039690026086958,0.4545999999999999,0.8661,True
1951,tail_base,634.808,513.89,-0.0149935930434782,0.4444075565217391,0.0231999999999998,0.9081,True
1951,tail_tip,612.2520000000001,506.824,-0.0803907817391302,0.4253746626086955,-0.0149,0.9372,True
1951,withers,727.3900000000001,478.206,0.2411584043478263,0.3261971660869564,0.4111999999999998,0.9101,True
1952,occipital_protuberance,754.8140000000001,471.556,0.312793271304348,0.3039173460869566,0.4565999999999999,0.8877,True
1952,tail_base,634.6959999999999,513.92,-0.0153227947826089,0.4446614956521738,0.0196999999999998,0.9088,True
1952,tail_tip,612.604,506.734,-0.079370976521739,0.4251139169565218,-0.0149,0.945,True
1952,withers,727.874,478.068,0.2427805795652174,0.3262013504347827,0.4081999999999998,0.9139,True
1953,occipital_protuberance,756.696,471.774,0.3175653321739131,0.304171072173913,0.4564000000000001,0.8959,True
1953,tail_base,634.556,513.866,-0.0157461782608694,0.4450406804347825,0.0165,0.9099,True
1953,tail_tip,612.808,506.686,-0.0787799530434782,0.4249748526086956,-0.0149,0.9313,True
1953,withers,728.354,477.982,0.2454128386956523,0.3277078291304347,0.3945999999999999,0.9267,True
1954,occipital_protuberance,758.994,472.09,0.3239223626086957,0.3051284739130434,0.4390999999999999,0.8721,True
1954,tail_base,634.4159999999999,513.854,-0.0161838886956523,0.445909027826087,0.0110999999999999,0.9134,True
1954,tail_tip,612.8520000000001,506.716,-0.0787173965217388,0.4254126104347826,-0.0170999999999999,0.9157,True
1954,withers,729.018,477.906,0.2497728969565218,0.3308288569565216,0.3685999999999999,0.9482,True
1955,occipital_protuberance,761.5,472.39400000000006,0.3298725,0.3051497100000002,0.4331999999999998,0.9128,True
1955,tail_base,634.226,513.8700000000001,-0.0167558969565217,0.4465240500000004,0.0076999999999998,0.9049,True
1955,tail_tip,612.908,506.698,-0.0785255730434782,0.4252009639130433,-0.0160999999999999,0.9156,True
1955,withers,729.62,477.77,0.2489487739130435,0.3271445782608695,0.3944000000000001,0.967,True
1956,occipital_protuberance,763.842,472.746,0.3355848978260869,0.3055171499999999,0.405,0.9384,True
1956,tail_base,634.0559999999999,513.886,-0.0172492295652176,0.4465704813043478,0.0076999999999998,0.8987,True
1956,tail_tip,612.7839999999999,506.554,-0.0788849843478264,0.4247835830434781,-0.0160999999999999,0.9049,True
1956,withers,730.108,477.66399999999993,0.2507940704347824,0.3274896069565215,0.3829000000000001,1.0,True
1957,occipital_protuberance,765.826,473.206,0.3403319765217391,0.30619762,0.3975999999999999,0.9365,True
1957,tail_base,633.932,513.9879999999999,-0.0175945617391303,0.4464982486956519,0.0099,0.9051,True
1957,tail_tip,612.6020000000001,506.2360000000001,-0.0793767708695649,0.4236711243478262,-0.0174,0.9128,True
1957,withers,730.602,477.534,0.2517947756521738,0.3266423165217391,0.3866999999999998,1.0,True
1958,occipital_protuberance,767.5,473.584,0.3447211956521739,0.3070965669565217,0.3665999999999999,0.9053,True
1958,tail_base,633.824,514.2,-0.0179077147826088,0.4471129565217392,0.0099,0.914,True
1958,tail_tip,612.486,505.582,-0.0797128430434783,0.4217763726086956,-0.0174,0.9234,True
1958,withers,731.1479999999999,477.36800000000005,0.2522421826086954,0.3248031826086957,0.3975,0.999,True
1959,occipital_protuberance,768.634,474.098,0.3475355113043478,0.3082630313043477,0.3564000000000001,0.8992,True
1959,tail_base,633.7819999999999,514.48,-0.0180065169565219,0.4473539304347826,0.0133000000000001,0.9256,True
1959,tail_tip,612.382,504.438,-0.0800141491304349,0.4184620056521738,-0.0174,0.9074,True
1959,withers,731.594,477.212,0.2532773217391306,0.3241166608695652,0.406,1.0,True
1960,occipital_protuberance,769.406,474.66,0.3497337808695651,0.3098811130434784,0.3435999999999999,0.9148,True
1960,tail_base,633.6659999999999,514.7640000000001,-0.0183341760869566,0.4479744913043481,0.0145,0.932,True
1960,tail_tip,612.4959999999999,503.414,-0.0796838713043482,0.4154952995652175,-0.0174,0.9109,True
1960,withers,731.892,477.064,0.2548604643478262,0.3246744591304348,0.3984000000000001,1.0,True
1961,occipital_protuberance,769.848,475.284,0.3514646626086954,0.3120437139130434,0.3068000000000002,0.9401,True
1961,tail_base,633.6120000000001,515.072,-0.0184668747826084,0.4482929252173913,0.0179,0.941,True
1961,tail_tip,612.712,502.798,-0.0789572347826087,0.413182908695652,-0.014,0.9718,True
1961,withers,732.2520000000001,476.96,0.2551569991304349,0.3234961043478261,0.4054000000000001,0.9978,True
1962,occipital_protuberance,770.2,475.872,0.3522759130434784,0.313509328695652,0.3078000000000002,0.9529,True
1962,tail_base,633.572,515.256,-0.0186356104347826,0.4501073947826086,0.0128000000000001,0.9297,True
1962,tail_tip,613.0840000000001,503.02,-0.0779452252173911,0.4141672652173911,-0.0161999999999998,0.9401,True
1962,withers,732.6220000000001,476.846,0.2562609117391306,0.3232824004347826,0.4045999999999999,0.995,True
1963,occipital_protuberance,770.76,476.528,0.3536489478260869,0.3151575756521738,0.2198000000000002,0.9613,True
1963,tail_base,633.5640000000001,515.2940000000001,-0.0186588034782606,0.4502175617391307,0.0128000000000001,0.9355,True
1963,tail_tip,613.482,503.804,-0.076827257826087,0.4166251973913042,-0.0174,0.9091,True
1963,withers,732.826,476.7720000000001,0.2577132273913044,0.3241946113043479,0.3958000000000002,0.995,True
1964,occipital_protuberance,771.4100000000001,477.222,0.3559496956521741,0.3175187217391305,0.216,0.9653,True
1964,tail_base,633.596,515.1360000000001,-0.0185660313043478,0.449759499130435,0.0103000000000001,0.9314,True
1964,tail_tip,614.036,505.266,-0.075222223478261,0.4208608656521738,-0.0174,0.8877,True
1964,withers,733.212,476.668,0.2585822460869565,0.3236522495652174,0.3978000000000002,0.9933,True
1965,occipital_protuberance,771.964,477.946,0.357737191304348,0.3197362217391305,0.181,0.9665,True
1965,tail_base,633.674,514.968,-0.0183178956521739,0.4487334260869564,0.0135,0.9275,True
1965,tail_tip,614.5600000000001,506.6940000000001,-0.0735824347826085,0.4242964500000002,-0.0105,0.8774,True
1965,withers,733.7819999999999,476.454,0.2621206899999998,0.32548893,0.3785999999999999,0.994,True
1966,occipital_protuberance,772.5240000000001,478.764,0.3588519443478263,0.3215922573913041,0.1788000000000001,0.9506,True
1966,tail_base,633.774,514.8340000000001,-0.0180581069565217,0.449085919130435,0.0090999999999999,0.9185,True
1966,tail_tip,615.176,508.158,-0.0719788069565216,0.4295937834782608,-0.0140999999999999,0.8456,True
1966,withers,734.182,476.266,0.2647742660869566,0.3268591113043478,0.3635999999999999,0.9775,True
1967,occipital_protuberance,772.982,479.662,0.3604968565217391,0.3243880739130435,0.159,0.933,True
1967,tail_base,633.8439999999999,514.808,-0.0178336643478262,0.4484720452173913,0.0123000000000001,0.9151,True
1967,tail_tip,615.58,508.766,-0.0708392347826085,0.4315507617391303,-0.0153000000000001,0.8326,True
1967,withers,734.54,476.07,0.266191756521739,0.326812747826087,0.3595999999999999,0.9548,True
1968,occipital_protuberance,773.1,480.672,0.3611060869565218,0.3273883826086957,0.157,0.9542,True
1968,tail_base,633.9419999999999,515.0219999999999,-0.017514204782609,0.4481820821739128,0.0176999999999998,0.925,True
1968,tail_tip,615.728,508.846,-0.0702938226086958,0.4310709591304348,-0.0109,0.7909,True
1968,withers,734.9219999999999,475.862,0.2675768639130432,0.3266049030434781,0.3565999999999999,0.9716,True
1969,occipital_protuberance,773.146,481.61,0.3613466660869564,0.3300389652173914,0.1461999999999998,0.9682,True
1969,tail_base,634.048,515.3700000000001,-0.0172426852173913,0.450100134782609,0.0148000000000001,0.9229,True
1969,tail_tip,615.476,508.126,-0.070964992173913,0.4286315621739131,-0.0086999999999998,0.8349,True
1969,withers,735.066,475.67,0.2659161352173914,0.323549106521739,0.3765999999999999,0.9615,True
1970,occipital_protuberance,773.168,482.402,0.3618116660869565,0.3325609121739132,0.1324000000000001,0.9943,True
1970,tail_base,634.1959999999999,515.76,-0.0168416939130437,0.4519748869565217,0.0104,0.935,True
1970,tail_tip,615.3199999999999,506.834,-0.0715612695652175,0.4257547591304347,-0.0145999999999999,0.8692,True
1970,withers,735.098,475.574,0.264020990869565,0.320868598695652,0.3958000000000002,0.96,True
1971,occipital_protuberance,773.146,483.108,0.3621571199999999,0.33485376,0.1295999999999999,0.9909,True
1971,tail_base,634.466,516.126,-0.0160449908695651,0.4526635786956521,0.0125999999999999,0.9462,True
1971,tail_tip,615.092,505.008,-0.0720761713043478,0.4196090191304347,-0.0141999999999998,0.8852,True
1971,withers,735.222,475.394,0.263019724347826,0.3187382965217389,0.4088000000000001,0.9551,True
1972,occipital_protuberance,773.156,483.684,0.3627343121739129,0.3369313486956522,0.1258000000000002,0.99,True
1972,tail_base,634.768,516.412,-0.0151818991304346,0.4538668208695653,0.0134,0.9507,True
1972,tail_tip,614.8720000000001,503.606,-0.0728875878260867,0.4165510560869563,-0.0205999999999999,0.889,True
1972,withers,735.3340000000001,475.3,0.263950831304348,0.3192306086956522,0.4028000000000001,0.9503,True
1973,occipital_protuberance,773.3059999999999,484.082,0.3631429317391302,0.3380155526086956,0.1258000000000002,0.9944,True
1973,tail_base,635.076,516.5060000000001,-0.0143117130434781,0.4548880913043481,0.009,0.9581,True
1973,tail_tip,614.8219999999999,502.892,-0.073153036956522,0.4151633869565217,-0.025,0.9484,True
1973,withers,735.6020000000001,475.258,0.2651085026086959,0.3196154452173912,0.3988000000000001,0.9403,True
1974,occipital_protuberance,773.458,484.382,0.3637020626086955,0.3389679895652172,0.1248000000000001,0.9927,True
1974,tail_base,635.266,516.544,-0.0137769691304348,0.4555770713043477,0.0055999999999999,0.9583,True
1974,tail_tip,615.142,503.17,-0.0723097604347824,0.4164690804347825,-0.0281999999999998,0.9452,True
1974,withers,735.866,475.346,0.266236554347826,0.3203359021739131,0.3985,0.9263,True
1975,occipital_protuberance,773.6679999999999,484.758,0.3638675426086953,0.3396129730434782,0.1275999999999999,0.9902,True
1975,tail_base,635.426,516.43,-0.0132944304347824,0.4546671956521738,0.009,0.9528,True
1975,tail_tip,615.336,504.202,-0.0714612591304347,0.417809620869565,-0.0175999999999999,0.9053,True
1975,withers,736.162,475.5,0.2692954095652175,0.3234502173913043,0.3770999999999999,0.9233,True
1976,occipital_protuberance,773.93,485.012,0.3644351760869564,0.3401685226086957,0.1285999999999999,0.9855,True
1976,tail_base,635.344,516.236,-0.0135165704347824,0.4535599008695652,0.0121999999999998,0.9435,True
1976,tail_tip,615.804,505.784,-0.07010528,0.4223932939130435,-0.0150999999999999,0.9092,True
1976,withers,736.414,475.726,0.2706299060869565,0.3248378504347826,0.3710999999999999,0.9217,True
1977,occipital_protuberance,774.2639999999999,485.194,0.3653440191304345,0.3406637604347825,0.1285999999999999,0.9818,True
1977,tail_base,635.2299999999999,516.01,-0.0138081130434785,0.4516150347826086,0.0198000000000001,0.9442,True
1977,tail_tip,616.402,507.418,-0.0682341299999998,0.4262623517391304,-0.0071999999999998,0.9003,True
1977,withers,736.684,475.962,0.2718081495652173,0.3260044747826087,0.3670999999999999,0.9303,True
1978,occipital_protuberance,774.404,485.274,0.3658418443478261,0.3409903813043478,0.1278000000000002,0.9734,True
1978,tail_base,635.096,515.774,-0.0141608330434782,0.4498143569565218,0.0264,0.9444,True
1978,tail_tip,617.01,508.686,-0.0665260630434782,0.4302520317391305,-0.0061999999999998,0.8461,True
1978,withers,736.816,476.284,0.2706217669565218,0.3250390591304347,0.3884000000000001,0.9295,True
1979,occipital_protuberance,774.5840000000001,485.354,0.3663317965217393,0.3412081378260869,0.1278000000000002,0.9664,True
1979,tail_base,635.0199999999999,515.548,-0.0143510608695655,0.4482487582608696,0.0318000000000001,0.9456,True
1979,tail_tip,617.432,509.542,-0.0653834208695651,0.4332491813043479,-0.0064,0.8257,True
1979,withers,736.946,476.528,0.2713012734782609,0.3261010747826086,0.3854000000000001,0.9396,True
1980,occipital_protuberance,774.484,485.352,0.3659134226086957,0.3410664417391303,0.1288000000000002,0.9826,True
1980,tail_base,634.988,515.4820000000001,-0.0144498139130433,0.4482613660869568,0.0305999999999999,0.9485,True
1980,tail_tip,617.76,510.02199999999993,-0.0646893913043478,0.4363683391304346,-0.017,0.8073,True
1980,withers,736.982,476.662,0.2698840395652173,0.3246500569565217,0.3998000000000001,0.938,True
1981,occipital_protuberance,774.412,485.36,0.3657175200000001,0.3410882086956521,0.1288000000000002,0.9767,True
1981,tail_base,634.9300000000001,515.46,-0.014658913043478,0.4494821739130435,0.023,0.9484,True
1981,tail_tip,617.846,510.178,-0.0645403813043478,0.4375076908695651,-0.0211999999999998,0.7975,True
1981,withers,737.0319999999999,476.816,0.2702341199999998,0.3253325599999999,0.3978000000000002,0.9405,True
1982,occipital_protuberance,774.1659999999999,485.386,0.3642315234782606,0.3403957321739129,0.1344000000000001,0.9904,True
1982,tail_base,635.0,515.496,-0.0144804347826086,0.4503299373913043,0.0185999999999999,0.9514,True
1982,tail_tip,617.8919999999999,509.984,-0.0648100826086958,0.4396813565217392,-0.038,0.8237,True
1982,withers,736.984,476.924,0.2703112747826088,0.3258875226086956,0.3958000000000002,0.9319,True
1983,occipital_protuberance,774.094,485.38,0.3637737013043479,0.3401341347826087,0.1361999999999998,0.9835,True
1983,tail_base,634.97,515.53,-0.0146088695652173,0.4517132173913043,0.011,0.946,True
1983,tail_tip,617.74,509.334,-0.0652072826086956,0.4374512282608696,-0.036,0.7995,True
1983,withers,736.918,476.876,0.2705276347826087,0.3262364869565218,0.392,0.9347,True
1984,occipital_protuberance,773.858,485.33,0.3627260804347825,0.3396170543478262,0.139,0.9841,True
1984,tail_base,634.892,515.502,-0.0148287460869563,0.4514290669565217,0.0121999999999998,0.9517,True
1984,tail_tip,617.5360000000001,508.192,-0.0657511513043476,0.4337515408695652,-0.0368000000000001,0.7924,True
1984,withers,736.85,476.832,0.2703378260869566,0.3261136695652173,0.392,0.9281,True
1985,occipital_protuberance,773.928,485.25200000000007,0.3630613391304348,0.3395418347826089,0.138,0.9828,True
1985,tail_base,634.8340000000001,515.4259999999999,-0.0149724156521737,0.4504650939130433,0.0165999999999999,0.9371,True
1985,tail_tip,617.228,507.078,-0.0666279017391305,0.4303310439130434,-0.0388000000000001,0.8271,True
1985,withers,736.858,476.8860000000001,0.2700443152173911,0.3258832500000002,0.395,0.9336,True
1986,occipital_protuberance,773.9559999999999,485.1,0.3628751556521736,0.3388850217391305,0.1398000000000001,0.9886,True
1986,tail_base,634.832,515.34,-0.0150343860869565,0.4519043217391306,0.0065999999999999,0.9296,True
1986,tail_tip,616.8199999999999,506.0220000000001,-0.0677712652173914,0.4269238865217392,-0.0368000000000001,0.817,True
1986,withers,736.8520000000001,476.83,0.2707855591304349,0.3266414413043479,0.3878000000000002,0.9318,True
1987,occipital_protuberance,774.086,484.946,0.363635402173913,0.3388481195652175,0.137,0.9823,True
1987,tail_base,634.7360000000001,515.24,-0.0152942086956518,0.4510396956521739,0.007,0.935,True
1987,tail_tip,616.364,504.942,-0.0685341234782607,0.4202687817391304,-0.0170999999999999,0.8405,True
1987,withers,736.828,476.8,0.269455484347826,0.3250340869565217,0.3998000000000001,0.9343,True
1988,occipital_protuberance,774.216,484.91,0.3642505530434783,0.3389948782608697,0.1351999999999998,0.9787,True
1988,tail_base,634.742,515.168,-0.0152824913043479,0.4509991652173913,0.006,0.9379,True
1988,tail_tip,616.114,504.37,-0.0692018960869564,0.418264997826087,-0.0174,0.8364,True
1988,withers,736.81,476.818,0.2700367630434781,0.3258460343478261,0.3938000000000002,0.9353,True
1989,occipital_protuberance,774.3639999999999,484.88,0.3649150982608693,0.3391577913043477,0.1334000000000001,0.9785,True
1989,tail_base,634.7719999999999,515.208,-0.0152134800000001,0.4516552799999999,0.0028000000000001,0.9379,True
1989,tail_tip,615.9860000000001,504.428,-0.0697189065217388,0.4193121608695652,-0.023,0.8512,True
1989,withers,736.78,476.834,0.269427104347826,0.3252556965217391,0.3988000000000001,0.9318,True
1990,occipital_protuberance,774.3140000000001,484.878,0.3647793047826089,0.3391523595652175,0.1334000000000001,0.976,True
1990,tail_base,634.77,515.298,-0.0152750108695652,0.4535714413043478,-0.004,0.9335,True
1990,tail_tip,616.212,504.9320000000001,-0.0693161634782609,0.4223192452173915,-0.0303000000000001,0.8616,True
1990,withers,736.5160000000001,476.726,0.2685872426086959,0.3248281578260869,0.3998000000000001,0.9322,True
1991,occipital_protuberance,774.1940000000001,484.916,0.364599263478261,0.3393913408695652,0.1324000000000001,0.9785,True
1991,tail_base,634.822,515.382,-0.0150488439130434,0.451587382173913,0.0091999999999998,0.9344,True
1991,tail_tip,616.624,505.6060000000001,-0.0680038330434781,0.4235868460869567,-0.0234,0.8651,True
1991,withers,736.442,476.692,0.2684861417391304,0.3248603808695652,0.3988000000000001,0.9329,True
1992,occipital_protuberance,774.0539999999999,484.968,0.3640731786956517,0.3393967878260869,0.1334000000000001,0.9885,True
1992,tail_base,634.8299999999999,515.442,-0.0150323369565219,0.4519645108695652,0.008,0.9423,True
1992,tail_tip,617.104,506.514,-0.066687088695652,0.4267379504347826,-0.0265999999999999,0.8447,True
1992,withers,736.268,476.706,0.2693620495652174,0.3265484621739128,0.3858000000000002,0.9321,True
1993,occipital_protuberance,773.918,484.936,0.3637038204347826,0.3393098799999999,0.1334000000000001,0.9929,True
1993,tail_base,634.85,515.4959999999999,-0.0149383586956521,0.4510398104347822,0.0144,0.95,True
1993,tail_tip,617.5260000000001,507.274,-0.0654579678260867,0.4289515330434782,-0.0265999999999999,0.8028,True
1993,withers,736.0620000000001,476.726,0.2687856526086959,0.3266044230434782,0.3858000000000002,0.9275,True
1994,occipital_protuberance,773.8120000000001,484.924,0.3630086843478264,0.3388970860869564,0.1361999999999998,0.9911,True
1994,tail_base,634.782,515.518,-0.0151242595652172,0.4507655421739131,0.0164,0.9425,True
1994,tail_tip,617.9599999999999,507.934,-0.0640357826086958,0.4298125891304348,-0.017,0.8198,True
1994,withers,735.872,476.74799999999993,0.2684624417391303,0.3269197799999997,0.3838000000000002,0.9212,True
1995,occipital_protuberance,773.788,484.934,0.3626527330434783,0.3386526186956523,0.1381999999999998,0.9859,True
1995,tail_base,634.764,515.48,-0.0151274869565217,0.449202,0.025,0.9443,True
1995,tail_tip,618.2360000000001,508.3059999999999,-0.0629216165217388,0.4287655421739128,-0.0008000000000001,0.8102,True
1995,withers,736.03,476.828,0.2700530608695651,0.3285406539130434,0.3728000000000002,0.9286,True
1996,occipital_protuberance,773.784,484.956,0.362758224347826,0.3388209104347824,0.1374,0.9871,True
1996,tail_base,634.688,515.4159999999999,-0.0153528347826087,0.4491860260869563,0.021,0.9379,True
1996,tail_tip,618.4300000000001,508.5299999999999,-0.0624357717391302,0.4299297717391301,-0.004,0.8054,True
1996,withers,735.902,476.862,0.2692552891304349,0.3281027673913042,0.377,0.9285,True
1997,occipital_protuberance,773.7940000000001,484.95,0.3629307678260872,0.3389404565217391,0.1364000000000001,0.9882,True
1997,tail_base,634.694,515.39,-0.0153481817391305,0.4494824652173912,0.0188000000000001,0.9424,True
1997,tail_tip,618.518,508.558,-0.0622324199999999,0.4303660669565217,-0.0061999999999998,0.7788,True
1997,withers,736.0240000000001,476.89,0.2701405617391307,0.3288420630434782,0.3718000000000002,0.9197,True
1998,occipital_protuberance,773.7639999999999,484.948,0.362733073043478,0.3388263808695653,0.1371999999999998,0.9885,True
1998,tail_base,634.684,515.3900000000001,-0.015377107826087,0.4494824652173916,0.0188000000000001,0.9367,True
1998,tail_tip,618.682,508.5220000000001,-0.0618082969565216,0.4306169378260871,-0.0084,0.7835,True
1998,withers,736.2239999999999,476.88,0.271435353043478,0.3297032347826086,0.3648000000000002,0.9203,True
1999,occipital_protuberance,773.75,484.974,0.3628404891304347,0.3390327273913043,0.1361999999999998,0.9896,True
1999,tail_base,634.7180000000001,515.396,-0.0153028726086954,0.4502092373913042,0.0175999999999999,0.9433,True
1999,tail_tip,618.764,508.03,-0.0617228956521738,0.4302524130434783,-0.015,0.7954,True
1999,withers,736.4060000000001,476.9,0.2715505526086958,0.329276804347826,0.3685999999999999,0.9228,True
2000,occipital_protuberance,773.712,484.966,0.36302808,0.33928269,0.1341999999999998,0.9854,True
2000,tail_base,634.7139999999999,515.382,-0.015351233478261,0.4512495952173912,0.0081999999999998,0.9417,True
2000,tail_tip,618.7800000000001,507.512,-0.0617778782608693,0.4294523269565217,-0.0224,0.7986,True
2000,withers,736.434,476.896,0.2696588134782607,0.3268767930434783,0.3874000000000001,0.928,True
2001,occipital_protuberance,773.7239999999999,484.95,0.3629443782608693,0.3391305978260869,0.135,0.9904,True
2001,tail_base,634.746,515.402,-0.0152525904347826,0.4511387626086958,0.0121999999999998,0.9366,True
2001,tail_tip,618.746,506.832,-0.0620293369565218,0.428526,-0.029,0.8177,True
2001,withers,736.432,476.916,0.26808096,0.3250264799999999,0.4024000000000001,0.9257,True
2002,occipital_protuberance,773.7299999999999,484.90199999999993,0.3629606630434779,0.3390003195652172,0.135,0.994,True
2002,tail_base,634.754,515.358,-0.0152293660869564,0.451011028695652,0.0121999999999998,0.9425,True
2002,tail_tip,618.7339999999999,506.23,-0.0620874739130437,0.4269280217391304,-0.033,0.8129,True
2002,withers,736.5260000000001,476.92,0.2661179852173915,0.322343356521739,0.4235999999999999,0.9251,True
2003,occipital_protuberance,773.7139999999999,484.922,0.3629172369565216,0.3390546021739131,0.135,0.9912,True
2003,tail_base,634.76,515.348,-0.0152244782608695,0.4513534826086955,0.01,0.941,True
2003,tail_tip,618.612,505.624,-0.0624436608695653,0.4251587652173912,-0.033,0.8294,True
2003,withers,736.554,476.924,0.26462093,0.3204480147826087,0.4385999999999999,0.92,True
2004,occipital_protuberance,773.6959999999999,484.92,0.3631299617391302,0.3392935826086956,0.1331999999999998,0.9828,True
2004,tail_base,634.8460000000001,515.328,-0.0149443591304344,0.4503836660869564,0.0154,0.9313,True
2004,tail_tip,618.53,505.412,-0.0625290413043479,0.423496644347826,-0.0264,0.8161,True
2004,withers,736.58,476.874,0.2655110173913044,0.3213018704347825,0.4308000000000002,0.9374,True
2005,occipital_protuberance,773.7959999999999,484.942,0.3636633452173911,0.3395977882608696,0.1314000000000001,0.985,True
2005,tail_base,634.9119999999999,515.308,-0.0147109565217393,0.4490426956521739,0.023,0.9376,True
2005,tail_tip,618.556,505.208,-0.0624533191304346,0.422902516521739,-0.0264,0.8392,True
2005,withers,736.6479999999999,476.8639999999999,0.2676729391304345,0.3236624695652171,0.412,0.9335,True
2006,occipital_protuberance,773.868,484.932,0.3641209600000001,0.3398150399999999,0.1295999999999999,0.9857,True
2006,tail_base,634.902,515.236,-0.0147032969565216,0.447720872173913,0.0265999999999999,0.9362,True
2006,tail_tip,618.622,505.2600000000001,-0.0621588586956523,0.4223592391304349,-0.022,0.8207,True
2006,withers,736.866,476.84,0.2681714152173913,0.3234689999999999,0.413,0.9285,True
2007,occipital_protuberance,773.944,484.984,0.364589744347826,0.3402010139130436,0.1278000000000002,0.9882,True
2007,tail_base,634.9860000000001,515.258,-0.0144490399999997,0.4474130539130435,0.0318000000000001,0.9352,True
2007,tail_tip,618.744,505.4860000000001,-0.0617070921739129,0.4223521834782611,-0.0178000000000001,0.8205,True
2007,withers,736.882,476.736,0.2687422434782607,0.3238155130434782,0.408,0.9313,True
2008,occipital_protuberance,774.0780000000001,485.006,0.3653625500000003,0.3406413499999999,0.125,0.9866,True
2008,tail_base,635.04,515.24,-0.0142815652173914,0.4469899565217392,0.031,0.9328,True
2008,tail_tip,618.908,505.79800000000006,-0.0611805556521738,0.422909285652174,-0.0155999999999999,0.8066,True
2008,withers,736.9159999999999,476.64,0.2709644947826085,0.3261102260869564,0.3878000000000002,0.9367,True
2009,occipital_protuberance,774.188,485.038,0.3656623,0.34072855,0.125,0.9894,True
2009,tail_base,635.1119999999999,515.28,-0.0140806278260873,0.4473076695652173,0.0328000000000001,0.9416,True
2009,tail_tip,619.0840000000001,506.13,-0.0606200243478259,0.4235228608695652,-0.0134,0.7967,True
2009,withers,736.952,476.57,0.2720135895652174,0.3270548739130434,0.3788000000000002,0.9369,True
2010,occipital_protuberance,774.32,485.06000000000006,0.3657592000000001,0.3405438173913045,0.1268000000000002,0.9863,True
2010,tail_base,635.126,515.298,-0.0140805621739131,0.448642417826087,0.0251999999999998,0.9441,True
2010,tail_tip,619.174,506.304,-0.0605085847826087,0.4250767304347825,-0.017,0.8009,True
2010,withers,737.064,476.526,0.2723278226086955,0.3269314252173913,0.3788000000000002,0.9384,True
2011,occipital_protuberance,774.4680000000001,485.06000000000006,0.3661622104347827,0.3405438173913045,0.1268000000000002,0.9844,True
2011,tail_base,635.276,515.3639999999999,-0.0136636565217392,0.4493734826086954,0.022,0.946,True
2011,tail_tip,619.284,506.458,-0.0602385252173913,0.4258743930434782,-0.0191999999999998,0.8053,True
2011,withers,737.106,476.466,0.27225567,0.3265352178260869,0.3805999999999999,0.9369,True
2012,occipital_protuberance,774.572,485.074,0.3664454069565217,0.3405819399999998,0.1268000000000002,0.9805,True
2012,tail_base,635.314,515.302,-0.013553745652174,0.4491941543478261,0.022,0.9406,True
2012,tail_tip,619.3259999999999,506.4440000000001,-0.0600669586956524,0.425483491304348,-0.017,0.8089,True
2012,withers,737.088,476.418,0.2716775513043478,0.3257679339130435,0.3855999999999999,0.9433,True
2013,occipital_protuberance,774.616,485.072,0.3667115426086956,0.3407124417391304,0.1258000000000002,0.9743,True
2013,tail_base,635.422,515.22,-0.0132154917391303,0.448079647826087,0.0241999999999998,0.9412,True
2013,tail_tip,619.356,506.494,-0.0599797956521739,0.4256287630434783,-0.017,0.8177,True
2013,withers,737.076,476.358,0.2691115547826088,0.3225646121739131,0.4095999999999999,0.9421,True
2014,occipital_protuberance,774.7040000000001,484.954,0.3672441008695654,0.3406626334782608,0.1238000000000001,0.9781,True
2014,tail_base,635.508,515.1800000000001,-0.0129877391304346,0.4486726086956524,0.02,0.9337,True
2014,tail_tip,619.4579999999999,506.54,-0.0597325634782612,0.4261128347826085,-0.0191999999999998,0.8203,True
2014,withers,737.106,476.29800000000006,0.2682447699999999,0.3212605839130436,0.4185999999999999,0.9393,True
2015,occipital_protuberance,774.6479999999999,484.792,0.3673548695652171,0.3404651304347826,0.122,0.9782,True
2015,tail_base,635.57,515.152,-0.0127930695652172,0.4480519930434784,0.0231999999999998,0.9376,True
2015,tail_tip,619.548,506.49,-0.059226324347826,0.4242159326086955,-0.0081999999999998,0.8337,True
2015,withers,736.982,476.184,0.2658150121739129,0.3184451895652174,0.4319000000000001,0.9414,True
2016,occipital_protuberance,774.678,484.724,0.3674367173913043,0.3402796086956521,0.122,0.9748,True
2016,tail_base,635.6320000000001,515.088,-0.0125940834782606,0.4471591617391303,0.0274,0.9422,True
2016,tail_tip,619.566,506.314,-0.0590542599999999,0.4228474599999999,-0.0028000000000001,0.8057,True
2016,withers,736.9459999999999,476.124,0.2660113939130432,0.3186341582608694,0.4290999999999999,0.9411,True
2017,occipital_protuberance,774.6800000000001,484.616,0.3672957826086958,0.339849504347826,0.123,0.9796,True
2017,tail_base,635.608,515.074,-0.0127100660869566,0.4487706713043476,0.0175999999999999,0.9434,True
2017,tail_tip,619.594,506.076,-0.059212888695652,0.4238744452173913,-0.0165999999999999,0.8004,True
2017,withers,736.912,476.078,0.2672875095652174,0.3201481708695651,0.4160999999999999,0.9323,True
2018,occipital_protuberance,774.616,484.424,0.3671212434782608,0.3393258869565217,0.123,0.9759,True
2018,tail_base,635.6200000000001,515.1200000000001,-0.0126848608695648,0.4492410086956525,0.0155999999999999,0.9393,True
2018,tail_tip,619.722,505.888,-0.0589119982608696,0.4238363547826088,-0.0168000000000001,0.8099,True
2018,withers,736.8779999999999,476.026,0.2684363017391302,0.321492912173913,0.4043000000000001,0.939,True
2019,occipital_protuberance,774.5640000000001,484.338,0.3668331652173915,0.3389562,0.124,0.9821,True
2019,tail_base,635.608,515.044,-0.012699563478261,0.448313096521739,0.0198000000000001,0.936,True
2019,tail_tip,619.784,505.65,-0.0587802173913043,0.423493206521739,-0.019,0.829,True
2019,withers,736.924,476.004,0.2695119313043477,0.3225667747826087,0.3953000000000002,0.934,True
2020,occipital_protuberance,774.558,484.3059999999999,0.3668168086956521,0.338868965217391,0.124,0.9837,True
2020,tail_base,635.62,514.972,-0.0126696260869565,0.4482733547826086,0.0188000000000001,0.9415,True
2020,tail_tip,619.782,505.71,-0.0589047034782607,0.4245229173913045,-0.0244,0.8291,True
2020,withers,737.042,475.9820000000001,0.2716121195652174,0.3246235326086959,0.3785,0.9311,True
2021,occipital_protuberance,774.4860000000001,484.228,0.3664743500000003,0.3385212999999998,0.125,0.9796,True
2021,tail_base,635.582,514.914,-0.01279011,0.4484760299999999,0.0165999999999999,0.9374,True
2021,tail_tip,619.82,505.744,-0.0588861173913042,0.4252873286956521,-0.0285999999999999,0.8238,True
2021,withers,737.1560000000001,475.93,0.271635503478261,0.3241251586956521,0.3813000000000002,0.9386,True
2022,occipital_protuberance,774.492,484.192,0.3667830739130434,0.3386931826086957,0.123,0.9811,True
2022,tail_base,635.7059999999999,514.876,-0.0123601856521741,0.4458071991304346,0.0318000000000001,0.936,True
2022,tail_tip,619.868,505.798,-0.0585316017391302,0.4238918373913042,-0.0188000000000001,0.8058,True
2022,withers,737.268,475.948,0.2705742017391305,0.322537088695652,0.3943000000000002,0.9376,True
2023,occipital_protuberance,774.5640000000001,484.216,0.3668331652173915,0.3386236173913043,0.124,0.9757,True
2023,tail_base,635.6980000000001,514.778,-0.0123981769565214,0.4460634665217392,0.0285999999999999,0.9363,True
2023,tail_tip,619.874,505.902,-0.058396026521739,0.4233378247826088,-0.0134,0.8092,True
2023,withers,737.376,476.004,0.2711921599999999,0.32307114,0.4008000000000001,0.9457,True
2024,occipital_protuberance,774.586,484.258,0.3668931391304348,0.3387381130434782,0.124,0.9774,True
2024,tail_base,635.6560000000001,514.72,-0.0124984434782606,0.445156347826087,0.033,0.9354,True
2024,tail_tip,619.808,505.872,-0.0585392417391304,0.4229019547826087,-0.0111999999999998,0.829,True
2024,withers,737.364,476.00200000000007,0.2705237573913044,0.3223090352173914,0.4068000000000001,0.939,True
2025,occipital_protuberance,774.49,484.2480000000001,0.3667776195652173,0.3388459043478262,0.123,0.9781,True
2025,tail_base,635.654,514.668,-0.0125145904347826,0.4453765930434782,0.0308000000000001,0.9335,True
2025,tail_tip,619.858,505.734,-0.0584205573913045,0.4226919626086958,-0.0124,0.8237,True
2025,withers,737.226,475.946,0.2694005643478261,0.3212712426086957,0.4043000000000001,0.9384,True
2026,occipital_protuberance,774.584,484.356,0.3670339739130433,0.3391404391304346,0.123,0.9781,True
2026,tail_base,635.7520000000001,514.704,-0.0122573269565215,0.4463883026086955,0.0254,0.9284,True
2026,tail_tip,619.9580000000001,505.79,-0.0580128760869562,0.4219986630434781,-0.007,0.8237,True
2026,withers,737.184,475.8879999999999,0.2709532173913042,0.3231007826086954,0.3885,0.9358,True
2027,occipital_protuberance,774.6719999999999,484.42,0.3671275826086954,0.3391797391304347,0.124,0.98,True
2027,tail_base,635.7280000000001,514.706,-0.012331220869565,0.446562232173913,0.0244,0.9313,True
2027,tail_tip,620.016,505.786,-0.0578232695652174,0.4218286217391302,-0.006,0.8311,True
2027,withers,737.1220000000001,475.782,0.2716248978260872,0.3238120499999999,0.3805,0.9262,True
2028,occipital_protuberance,774.762,484.482,0.3673729304347825,0.339348756521739,0.124,0.9771,True
2028,tail_base,635.7860000000001,514.6479999999999,-0.0121399843478259,0.4455207165217389,0.0295999999999999,0.9411,True
2028,tail_tip,620.046,505.778,-0.0578535865217389,0.4226611273913042,-0.0114,0.8255,True
2028,withers,737.1,475.65600000000006,0.2725343695652174,0.3246162208695653,0.3713000000000002,0.9426,True
2029,occipital_protuberance,774.9300000000001,484.5,0.3679775760869567,0.339533152173913,0.123,0.9733,True
2029,tail_base,635.824,514.622,-0.0120450365217392,0.4459836295652172,0.0264,0.933,True
2029,tail_tip,620.1940000000001,505.988,-0.0575407356521737,0.4241268765217391,-0.0168000000000001,0.8268,True
2029,withers,737.124,475.552,0.2722850226086957,0.3239475199999999,0.3743000000000002,0.9387,True
2030,occipital_protuberance,775.182,484.534,0.3683709500000001,0.33935515,0.125,0.973,True
2030,tail_base,635.898,514.606,-0.0118217856521738,0.44556777,0.0285999999999999,0.9282,True
2030,tail_tip,620.268,506.11,-0.0572313791304347,0.4237825260869566,-0.0124,0.823,True
2030,withers,737.274,475.52,0.2720711486956522,0.3231044173913042,0.3803000000000002,0.9434,True
2031,occipital_protuberance,775.142,484.404,0.3682619500000001,0.3390009,0.125,0.9684,True
2031,tail_base,635.932,514.4979999999999,-0.0117087652173912,0.4446855478260867,0.032,0.926,True
2031,tail_tip,620.268,505.8860000000001,-0.0573257495652173,0.4238305443478263,-0.0168000000000001,0.7976,True
2031,withers,737.248,475.538,0.271892723478261,0.3230291778260869,0.3813000000000002,0.9459,True
2032,occipital_protuberance,775.024,484.286,0.3679404,0.3386793499999998,0.125,0.9705,True
2032,tail_base,636.0179999999999,514.412,-0.0114707569565219,0.4448072634782609,0.0298000000000001,0.929,True
2032,tail_tip,620.304,505.83,-0.0574052765217392,0.425031045652174,-0.0254,0.8143,True
2032,withers,737.258,475.53,0.2726606886956522,0.3238858434782609,0.3743000000000002,0.9482,True
2033,occipital_protuberance,774.908,484.206,0.3674776608695652,0.3383263434782607,0.126,0.975,True
2033,tail_base,636.098,514.424,-0.0112759317391305,0.4462517895652173,0.0214,0.9279,True
2033,tail_tip,620.34,505.744,-0.0573003521739129,0.4247803930434783,-0.0254,0.8118,True
2033,withers,737.1940000000001,475.508,0.2717206173913045,0.3229201913043478,0.3815,0.9423,True
2034,occipital_protuberance,774.73,484.178,0.3668463586956522,0.3381150978260869,0.127,0.9733,True
2034,tail_base,636.29,514.412,-0.0106831869565218,0.4446394243478261,0.0363000000000001,0.9261,True
2034,tail_tip,620.318,505.624,-0.0572703413043478,0.4237341826086955,-0.021,0.8138,True
2034,withers,737.1560000000001,475.456,0.2715087782608698,0.3226493217391305,0.3825,0.9398,True
2035,occipital_protuberance,774.614,484.164,0.3668231500000001,0.3383469000000002,0.125,0.9765,True
2035,tail_base,636.3639999999999,514.414,-0.0104614043478263,0.4442759326086956,0.0385,0.9241,True
2035,tail_tip,620.316,505.658,-0.0573446269565216,0.4243397517391304,-0.0241999999999998,0.8223,True
2035,withers,737.034,475.37,0.272433502173913,0.3239138152173913,0.3705,0.9372,True
2036,occipital_protuberance,774.5640000000001,484.212,0.3666869000000002,0.3384777,0.125,0.981,True
2036,tail_base,636.384,514.4399999999999,-0.0104384486956521,0.4458279913043477,0.0296999999999998,0.925,True
2036,tail_tip,620.344,505.768,-0.0571946869565215,0.4241531913043479,-0.021,0.8311,True
2036,withers,736.982,475.314,0.2726037521739129,0.3241326130434781,0.3675,0.9426,True
2037,occipital_protuberance,774.6320000000001,484.266,0.3668722000000002,0.3386248499999999,0.125,0.9755,True
2037,tail_base,636.378,514.46,-0.0104597060869564,0.4460536173913044,0.0286999999999998,0.9324,True
2037,tail_tip,620.376,505.804,-0.0570802434782609,0.4240994608695652,-0.02,0.8423,True
2037,withers,736.9399999999999,475.286,0.2721695869565216,0.3236779760869563,0.3705,0.9334,True
2038,occipital_protuberance,774.668,484.352,0.3671166782608696,0.3389943652173914,0.124,0.9742,True
2038,tail_base,636.4200000000001,514.432,-0.010325965217391,0.4454356034782609,0.0319,0.9308,True
2038,tail_tip,620.39,505.706,-0.0569457347826087,0.4231175539130433,-0.0155999999999999,0.835,True
2038,withers,737.0360000000001,475.316,0.2715953260869567,0.322759456521739,0.3785,0.9375,True
2039,occipital_protuberance,774.668,484.378,0.3672630565217391,0.3392004369565218,0.123,0.9716,True
2039,tail_base,636.314,514.4280000000001,-0.0106958104347827,0.4481097704347829,0.0159,0.9298,True
2039,tail_tip,620.3219999999999,505.488,-0.0571432008695655,0.4224845008695652,-0.0155999999999999,0.8314,True
2039,withers,737.038,475.42,0.2732041604347826,0.3249574826086955,0.3633000000000002,0.9355,True
2040,occipital_protuberance,774.708,484.436,0.3672257217391304,0.3392233565217392,0.124,0.9758,True
2040,tail_base,636.298,514.352,-0.0107559195652173,0.4484596695652173,0.0125,0.9266,True
2040,tail_tip,620.256,505.326,-0.0573133982608696,0.4218561039130435,-0.0145999999999999,0.8234,True
2040,withers,737.0440000000001,475.566,0.2724826747826089,0.3244892295652173,0.3703000000000002,0.939,True
2041,occipital_protuberance,774.774,484.4860000000001,0.3674056434782609,0.3393596608695653,0.124,0.979,True
2041,tail_base,636.196,514.3199999999999,-0.011002656521739,0.4463538260869564,0.019,0.9341,True
2041,tail_tip,620.198,505.18,-0.0574128856521739,0.4209273173913044,-0.0114,0.8162,True
2041,withers,737.0260000000001,475.654,0.2714829665217393,0.3236049204347826,0.3793000000000002,0.9379,True
2042,occipital_protuberance,774.664,484.468,0.3671057739130434,0.3393105913043478,0.124,0.9756,True
2042,tail_base,636.132,514.284,-0.011174315652174,0.44571306,0.0221999999999998,0.9235,True
2042,tail_tip,620.158,505.058,-0.0574598439130434,0.4200690473913042,-0.0081999999999998,0.8073,True
2042,withers,737.04,475.726,0.2715221391304346,0.3238063795652173,0.3793000000000002,0.9353,True
2043,occipital_protuberance,774.6759999999999,484.382,0.3671384869565215,0.3390761478260868,0.124,0.9736,True
2043,tail_base,636.0379999999999,514.296,-0.0114596543478263,0.4462844086956523,0.019,0.9245,True
2043,tail_tip,620.1519999999999,505.102,-0.0575721443478262,0.4208904317391304,-0.0125999999999999,0.816,True
2043,withers,737.04,475.736,0.2716276173913042,0.3239601599999999,0.3783000000000002,0.9339,True
2044,occipital_protuberance,774.704,484.334,0.3672148173913042,0.3389452956521739,0.124,0.9766,True
2044,tail_base,636.0060000000001,514.248,-0.0115096660869562,0.4445024973913044,0.0288000000000001,0.9184,True
2044,tail_tip,620.226,505.082,-0.0574778595652173,0.4217155265217391,-0.0181999999999998,0.8077,True
2044,withers,737.0319999999999,475.726,0.2707403739130433,0.322900697826087,0.3865,0.9343,True
2045,occipital_protuberance,774.66,484.284,0.3670948695652172,0.3388089913043478,0.124,0.9745,True
2045,tail_base,636.0319999999999,514.274,-0.0114433669565219,0.4449128008695652,0.0268000000000001,0.9209,True
2045,tail_tip,620.2579999999999,505.02,-0.0574063026086958,0.4216929391304347,-0.0191999999999998,0.8057,True
2045,withers,737.0640000000001,475.73,0.270302139130435,0.3222828913043478,0.3915,0.9445,True
2046,occipital_protuberance,774.568,484.22,0.367136608695652,0.3389045652173912,0.122,0.9743,True
2046,tail_base,636.092,514.2660000000001,-0.011298367826087,0.4459964204347829,0.0201999999999998,0.9173,True
2046,tail_tip,620.266,505.21,-0.0574259400000001,0.4225611000000001,-0.0211999999999998,0.7955,True
2046,withers,737.098,475.718,0.2725709726086955,0.3248405508695652,0.3709000000000001,0.9376,True
2047,occipital_protuberance,774.5899999999999,484.23,0.3676062521739129,0.3393099391304349,0.1191999999999998,0.9726,True
2047,tail_base,636.1659999999999,514.298,-0.0111160995652175,0.4473635708695652,0.0125999999999999,0.9221,True
2047,tail_tip,620.3259999999999,505.43799999999993,-0.0572727247826089,0.4233826647826084,-0.0221999999999998,0.8283,True
2047,withers,737.1379999999999,475.722,0.2716274117391302,0.3235939317391305,0.3809,0.9401,True
2048,occipital_protuberance,774.568,484.276,0.3673998939130434,0.3393004965217392,0.1201999999999998,0.9719,True
2048,tail_base,636.228,514.292,-0.0109273200000001,0.446977215652174,0.0203000000000001,0.9246,True
2048,tail_tip,620.352,505.352,-0.0572183930434783,0.4232903026086955,-0.0231999999999998,0.8313,True
2048,withers,737.074,475.744,0.2710263873913042,0.323152215652174,0.3849000000000001,0.9385,True
2049,occipital_protuberance,774.51,484.322,0.3670953347826087,0.3392909539130433,0.1211999999999998,0.9756,True
2049,tail_base,636.342,514.382,-0.0106272852173913,0.4485132713043477,0.0126999999999998,0.9208,True
2049,tail_tip,620.3520000000001,505.486,-0.057192765217391,0.4234907695652173,-0.022,0.8272,True
2049,withers,737.044,475.724,0.2698878026086956,0.3218385069565216,0.3949000000000001,0.9385,True
2050,occipital_protuberance,774.49,484.3325,0.3671796277173913,0.3394479966032608,0.12025,0.9744,True
2050,tail_base,636.3575000000001,514.4075,-0.010575127717391,0.4482852527173914,0.0145,0.9151,True
2050,tail_tip,620.3950000000001,505.61,-0.0570569429347823,0.423772581521739,-0.0215,0.8126,True
2050,withers,737.05,475.7025,0.2707642255434781,0.3228036868206521,0.38675,0.9424,True
2051,occipital_protuberance,774.5099999999999,484.3699999999999,0.3672220471014489,0.3395391123188402,0.1203333333333334,0.9776,True
2051,tail_base,636.44,514.4333333333333,-0.0103368985507244,0.4484162077294684,0.0141666666666665,0.9252,True
2051,tail_tip,620.4566666666668,505.5366666666666,-0.0570509553140092,0.4248510591787439,-0.0296666666666665,0.8282,True
2051,withers,737.0533333333333,475.7033333333334,0.2675296231884057,0.3189387536231885,0.4175,0.938,True
